B;G006326;1;kelly;fisher;severson;36;f;w;raleigh;blaydon;2714;27606;nc
A;G006326;2;kelly;louise;fisher;36;f;w;raleigh;chester;1341;27608;nc
B;G004517;3;donna;bindas;randall;63;f;w;denver;seipel;802;28037;ct
A;G004517;4;donna;bindas;randall;63;f;w;cornelius;sterling bay;21021;28031;ct
B;G004422;5;faolan;ember;brooks;19;f;w;sanford;clearwater;1531;27330;nc
A;G004422;6;faolan;ember;brooks;19;f;w;apex;rushing breeze;111;27502;nc
B;G003053;7;katy;osborne;mcgovern;34;f;w;hillsborough;chatfield;4;27278;la
A;G003053;8;katy;elizabeth;osborne;34;f;w;charlotte;sidney crest;11717;28213;
B;G001766;9;thomas;a;kovacik;70;m;w;cary;garendon;500;27519;pa
A;G001766;10;thomas;a;kovacik;70;m;w;cary;palace;118;27518;pa
B;G003000;11;robert;l;bishop;44;m;w;morrisville;molesworth;406;27560;tn
A;G003000;12;robert;lynn;bishop;44;m;w;cary;cambrian;109;27511;tn
A;G001614;13;julia;elisabeth anne;morency;27;f;w;hickory;20th;950;28601;fl
B;G001614;14;julia;elisabeth anne;morency;27;f;w;taylorsville;devil track;277;28681;fl
B;G000641;15;jeanne;michele;burnette;74;f;w;asheville;idlewood;108;28806;ar
A;G000641;16;jeanne;michele;burnette;74;f;w;mills river;sweetwater;238;28759;ar
A;G002826;17;edward;charles;mikolaitis;84;m;w;wallace;maple creek;148;28466;pa
B;G002826;18;edward;c;mikolaitis;84;m;w;morrisville;cary;1995;27560;pa
A;G002109;19;pattie;batchelor;dudley;69;f;w;vanceboro;lewis;325;28586;nc
B;G002109;20;pattie;b;king;69;f;w;grifton;grainger station;3575;28530;nc
B;G001273;21;courtney;nicole;agee;26;f;w;concord;montford;2924;28027;nc
A;G001273;22;courtney;nicole;agee;26;f;w;charlotte;barossa valley;15508;28277;nc
A;G005854;23;sarah;crile;bienkowski;33;f;w;greenville;mulberry;2607;27858;ca
B;G005854;24;sarah;crile;bienkowski;33;f;w;raleigh;saubranch hill;4209;27616;ca
B;G001965;25;jacob;anderson;edmund;25;m;w;cerro gordo;braswell;5890;28430;nc
A;G001965;26;jacob;anderson;edmund;25;m;w;greenville;brook hollow;1629;27834;nc
B;G001985;27;richard;gene;reynolds;52;m;w;delco;carroll;224;28436;nc
A;G001985;28;richard;gene;reynolds;52;m;w;wilmington;rossmore;1528;28405;nc
B;G005093;29;holly;marie;curtis;45;f;w;charlotte;hunters landing;11233;28273;ny
A;G005093;30;holly;m;curtis;45;f;w;raleigh;memory;3713;27604;ny
B;G005441;31;benjamin;beck;allen;45;m;w;wilmington;39th;1311;28403;nc
A;G005441;32;benjamin;beck;allen;45;m;w;burgaw;horseshoe;30;28425;nc
A;G004507;33;janel;pokorny;trzaskos;43;f;w;stanley;waterford;8071;28164;ct
B;G004507;34;janel;p;trzaskos;43;f;w;huntersville;willow breeze;13610;28078;ct
B;G003585;35;kathleen;june;kirk;44;f;w;winston salem;gloucestershire;310;27104;oh
A;G003585;36;kathleen;june;kirk;44;f;w;monroe;maurice;203;28112;
B;G002458;37;krinton;lamont;riggins;38;m;b;fayetteville;chason ridge;5801;28314;nc
A;G002458;38;krinton;lamont;riggins;38;m;b;rowland;union school;714;28383;nc
A;G000625;39;amanda;nicole;conard;34;f;w;asheville;sunny ridge;9;28804;nc
B;G000625;40;amanda;nicole;waldrop;34;f;w;durham;willowhaven;5146;27712;
A;G002509;41;billy;kevin;rhodes;53;m;w;kill devil hills;sportsman;209;27948;nc
B;G002509;42;billy;kevin;rhodes;53;m;w;spindale;yelton;205;28160;nc
B;G005436;43;cameron;russell;benton;26;m;w;wilmington;laurel;107;28401;nc
A;G005436;44;cameron;russell;benton;26;m;w;hampstead;lands end;104;28443;nc
A;G002507;45;crystal;dae;swain;45;f;w;southern shores;trinitie;73;27949;nc
B;G002507;46;crystal;dae;swain;45;f;w;durham;glen eden;220;27713;nc
B;G005624;47;queenie;elizabeth;johns;72;f;b;jacksonville;western;5071;28546;mt
A;G005624;48;queenie;e;johns;72;f;b;greenville;saint andrews;107;27834;nc
A;G001950;49;karen;;falls;49;f;w;kings mountain;first;914;28086;in
B;G001950;50;karen;elaine;falls;49;f;w;linden;hawkins;8731;28356;in
B;G004817;51;linda;crockett;holland;60;f;b;charlotte;old meadow;5512;28227;nc
A;G004817;52;linda;c;holland;60;f;b;charlotte;olde savannah;6606;28227;
B;G002341;53;thomas;lee;thigpen;38;m;w;stedman;bainbridge;1057;28391;nc
A;G002341;54;thomas;lee;thigpen;38;m;w;lagrange;new hope;1243;28551;nc
A;G005597;55;shirley;ann;neal;69;f;w;jacksonville;dennis;203;28546;il
B;G005597;56;shirley;ann;neal;69;f;u;madison;tern;709;27025;il
B;G000329;57;jeremy;lee;walters;47;m;w;boiling spring lakes;lumberton;2509;28461;pa
A;G000329;58;jeremy;;walters;47;m;w;burgaw;us hwy 117;634;28425;
A;G004119;59;ralph;dalton;cline;85;m;w;west jefferson;riverside;464;28694;nc
B;G004119;60;ralph;daulton;cline;85;m;w;lincolnton;labans;210;28092;
B;G002762;61;wilma;jean;baer;89;f;w;mocksville;new hampshire;149;27028;in
A;G002762;62;wilma;jean;baer;89;f;w;west jefferson;walter;265;28694;in
B;G004351;63;danny;michael;pravlik;65;m;w;willow springs;james helen;112;27592;
A;G004351;64;daniel;michael;pravlik;65;m;w;garner;indian creek;1004;27529;oh
A;G004463;65;steven;lane;hooks;59;m;b;kinston;chestnut;609;28501;
B;G004463;66;steven;lane;hooks;59;m;b;kinston;king;907;28501;nc
A;G004082;67;brinsley;morgan;stewart;24;f;w;statesville;meadowview;150;28625;nc
B;G004082;68;brinsley;morgan;stewart;24;f;w;boonville;trail;1217;27011;nc
B;G000374;69;malinda;;miller;30;f;w;shallotte;willard;503;28470;mi
A;G000374;70;malinda;sue;miller;30;u;w;calabash;wilson;1045;28467;
B;G002517;71;amy;williams;halker;32;f;w;kill devil hills;colington pointe;109;27948;sc
A;G002517;72;amy;williams;halker;32;f;w;columbia;country estate;155;27925;sc
B;G001174;73;ibn zawdie;abdul malik;stevenson;46;m;b;concord;kison;1381;28027;pa
A;G001174;74;ibn;zawdie abdul malik;stevenson;46;m;o;kannapolis;poppy;1907;28083;pa
B;G001125;75;judy;darlene;smith;70;f;w;concord;wedgewood;2405;28025;nc
A;G001125;76;darlene;k;smith;70;f;w;salisbury;wedgewood;2405;28146;nc
B;G004395;77;jeleisha;;wooten;25;u;u;dover;wyse fork;4487;28526;
A;G004395;78;jeleisha;danielle;wooten;25;f;b;kinston;waters;805;28501;nc
A;G003999;79;david;curtis;bowers;41;m;w;statesville;west iredell;199;28625;nc
B;G003999;80;david;curtis;bowers;41;m;w;mooresville;whitman;122;28115;nc
A;G003808;81;robert;glenn;henderson;73;m;w;fuquay varina;grayson senters;311;27526;nc
B;G003808;82;robert;glenn;henderson;73;m;w;apex;henderson;8420;27539;nc
A;G000394;83;curtis;mark;garst;43;m;w;leland;lanvale;630;28451;nc
B;G000394;84;curtis;mark;garst;43;m;u;carolina beach;tennessee;206;28428;
B;G005280;85;harriett;yvette;thompson;45;f;b;southern pines;loden;154;28387;nc
A;G005280;86;harriett;yvette;johnson;45;f;b;raleigh;lenoxplace;225;27603;nc
A;G002996;87;kenndra;kamelah;quiles;44;f;b;durham;rosedale;1301;27707;nj
B;G002996;88;kenndra;kamelah;johnson;44;f;b;durham;shannon;3300;27707;nj
B;G001621;89;steven;eugene;anderson;50;m;b;hickory;8th av;122;28602;nc
A;G001621;90;steven;eugene;anderson;50;m;b;fayetteville;quailmeadow;1082;28314;nc
B;G005837;91;blair;secrest;price;72;m;w;hertford;waterview;106;27944;nc
A;G005837;92;blair;s;price;72;m;w;raleigh;old horseman;6021;27613;nc
B;G002188;93;nicolas;michael;lazatin;20;m;u;fayetteville;bent grass;4447;28312;
A;G002188;94;nicolas;michael;lazatin;20;m;a;boone;stadium justice dorm;189;28608;
B;G002346;95;nathan;joseph;tyron;24;m;w;fayetteville;rustic haven;4559;28311;nc
A;G002346;96;nathan;joseph;tyron;24;u;u;wilmington;racine;418;28403;
B;G002665;97;robert;leon;loflin;75;m;w;winston salem;brookdale;328;27107;nc
A;G002665;98;robert;leon;loflin;75;m;w;sparta;hickory mountain;347;28675;nc
A;G003036;99;travis;ezekiel joel;johnson;26;m;b;durham;guy walker;405;27703;mi
B;G003036;100;travis;ezekiel joel;johnson;26;m;b;durham;huntsman;1015;27713;mi
A;G001235;101;vanaye;janece;hamilton;32;f;b;concord;deep cove;3037;28027;ca
B;G001235;102;vanaye;janece;hamilton;32;f;b;charlotte;reafield;6616;28226;
A;G003555;103;joseph;donald;vegerano;28;m;w;winston salem;woodspring;5580;27106;ct
B;G003555;104;joseph;donald;vegerano;28;m;u;maggie valley;fie top;3062;28751;ct
A;G002369;105;joni;elizabeth;wiles;48;f;w;fayetteville;cool spring;120;28301;va
B;G002369;106;joni;elizabeth;wiles;48;f;w;fuquay varina;sunset;301;27526;va
A;G004174;107;jan;marie;kelley;61;f;w;kenly;gardner;300;27542;pa
B;G004174;108;jan;m rassmussen;kelley;61;f;w;middlesex;driver;9307;27557;pa
A;G002790;109;phyllis;ann;smith;55;f;b;mocksville;dianna;119;27028;nc
B;G002790;110;phyllis;ann;smith;55;f;b;statesville;cherry;803;28677;nc
A;G005159;111;phillip;weaver;henderson;39;m;w;charlotte;ridgeway;315;28204;oh
B;G005159;112;phillip;weaver;henderson;39;m;w;cary;audubon parc;1817;27518;oh
A;G001728;113;valentina;moreno;tengono;21;f;w;pittsboro;chatham mill;170;27312;oc
B;G001728;114;valentina;moreno;tengono;21;f;m;charlotte;vinca;9629;28213;oc
B;G004575;115;derkayla;j;bell;25;f;b;williamston;willow acres;106;27892;
A;G004575;116;derkayla;jeriesha;bell;25;f;b;jacksonville;marlene;174;28546;nc
B;G004720;117;steven;joseph;gerardi;30;m;w;charlotte;selwyn farms;3718;28209;va
A;G004720;118;steven;joseph;gerardi;30;m;w;raleigh;melrose ridge;3410;27603;va
A;G005784;119;khoa;michael;tran;48;m;a;washington;ore;101;27889;
B;G005784;120;khoa;michael;tran;48;m;a;greenville;megan;816;27834;
B;G004847;121;gary;j;kroeger;62;m;w;charlotte;harrisonwoods;7415;28270;
A;G004847;122;gary;j;kroeger;62;m;w;indian trail;courtfield;5347;28079;nj
A;G002952;123;ashley;renee;brown;32;f;b;durham;hidden meadow;18;27704;nc
B;G002952;124;ashley;renee;brown;32;f;b;elizabethtown;us 701;9473;28337;nc
A;G000662;125;ceyanne;elizabeth;brooks;44;f;w;asheville;forest run;14;28803;ms
B;G000662;126;ceyanne;elizabeth;brooks;44;f;w;asheville;kensington;500;28803;ms
B;G001656;127;timothy;alan;phelps;40;m;w;conover;emmanuel church;2839;28613;nc
A;G001656;128;timothy;alan;phelps;40;m;w;mount ulla;childers;285;28125;
A;G005879;129;vrushhik;;borad;22;m;a;greenville;white hall;918;27858;
B;G005879;130;vrushhik;;borad;22;m;a;wilkesboro;oak hill;1300;28697;
A;G002196;131;stacie;marie;green;37;f;i;fayetteville;captains;504;28311;nc
B;G002196;132;stacie;marie;carter;37;f;i;rowland;donald terry;195;28383;
B;G003266;133;malinda;teeters;pennington;49;f;w;durham;north exeter;12324;27703;nc
A;G003266;134;malinda;teeter;pennington;49;f;w;wilson;westbrook;1904;27896;nc
A;G003936;135;victoria;nashe;mcrae;28;f;b;raeford;main;1393;28376;nc
B;G003936;136;victoria;nashe;may;28;f;b;clayton;avondale;1028;27520;nc
B;G006480;137;beverly;ann;yearwood;55;f;b;fuquay varina;highrock lake;509;27526;
A;G006480;138;beverly;ann;yearwood;55;f;b;apex;churchwood;1102;27502;oc
A;G003055;139;traci;jean;tiemann;32;f;w;durham;millspring;1122;27705;tx
B;G003055;140;traci;jean;tiemann;32;f;u;cary;renaissance park;3417;27513;
A;G000354;141;carol;johanna;bowman;71;f;w;sunset beach;twisted oak;524;28468;pa
B;G000354;142;carol;j;bowman;71;f;w;durham;synnotts;3016;27705;pa
B;G002029;143;steven;lee;doin;61;m;w;vanceboro;winn;200;28586;ny
A;G002029;144;steven;lee;doin;61;m;w;hampstead;sand dollar;303;28443;ny
B;G001836;145;robert;charles;nelson;48;m;w;siler city;tanglewood;919;27344;
A;G001836;146;robert;charles;nelson;48;m;w;asheboro;dusty path;990;27205;nc
A;G004022;147;james;lewis;marshall;71;m;u;mooresville;branchview;213;28115;ny
B;G004022;148;james;lewis;marshall;71;m;w;davidson;river ford;18516;28036;ny
A;G004001;149;ricky;lynn;summers;58;m;b;statesville;crosby;141;28625;nc
B;G004001;150;ricky;lynn;summers;58;m;b;statesville;crosby;141;28625;nc
B;G001628;151;eugene;raymond;fernandez;39;m;o;sherrills ford;ridgeview;7918;28673;ny
A;G001628;152;eugene;raymond;fernandez;39;m;o;huntersville;mccoy;11824;28078;ny
A;G001260;153;kevin;scott;lott;31;m;w;kannapolis;rainbow;4410;28081;
B;G001260;154;kevin;scott;lott;31;m;w;china grove;nc hwy 153;1725;28023;nc
B;G003562;155;douglas;walter;briggs;60;m;w;pfafftown;millwheel;2920;27040;ny
A;G003562;156;douglas;walter;briggs;60;m;w;yadkinville;boulder;1116;27055;ny
B;G001387;157;melanie;brite;murphy;43;f;w;south mills;keeter barn;138;27976;va
A;G001387;158;melanie;brite;riggs;43;f;w;moyock;robert walker;245;27958;va
B;G005496;159;andrew;daniel;rabon;33;m;w;wilmington;sands hill;104;28409;tx
A;G005496;160;andrew;daniel;rabon;33;m;w;raleigh;busted rock;5133;27610;tx
B;G003407;161;david;braxton;jones;57;m;w;tarboro;walnut creek;191;27886;nc
A;G003407;162;david;braxton;jones;57;m;w;nashville;abernathy;1685;27856;nc
A;G005887;163;shannon;renee;wahlen;35;f;w;greenville;barnes;71;27858;nc
B;G005887;164;shannon;wahlen;flannery;35;f;w;greenville;lance;2537;27858;nc
B;G002370;165;jeffery;leon;scott;36;m;b;fayetteville;cliffdale;8581;28314;pa
A;G002370;166;jeffery;leon;scott;36;m;b;raeford;feathers;247;28376;pa
B;G003160;167;andrew;ali;aghapour;33;m;m;durham;willoughby;6;27713;sc
A;G003160;168;andrew;ali;aghapour;33;m;w;carrboro;sue ann;107;27510;oc
B;G006605;169;teresa;fowler;harris;57;f;w;macon;us highway 158;1544;27551;va
A;G006605;170;teresa;fowler;harris;57;f;w;macon;us highway 158;1544;27551;va
B;G005739;171;evelyn;brooks;terry;65;f;w;timberlake;al gray;467;27583;mi
A;G005739;172;evelyn;brooks;terry;65;f;w;timberlake;paradise cove;326;27583;mi
B;G000462;173;travis;caleb;wright;37;m;w;burnsville;three quarter creek;886;28714;ok
A;G000462;174;travis;caleb;wright;37;m;w;weaverville;northview;4;28787;ok
A;G001817;175;joshua;grant;hawk;37;m;w;chapel hill;dalton;591;27517;in
B;G001817;176;joshua;grant;hawk;37;m;w;holly springs;gremar;156;27540;in
B;G003573;177;christine;marie;tozier;48;f;w;pfafftown;mount salem;2495;27040;ca
A;G003573;178;christine;marie;tozier;48;f;w;walkertown;darrow;2540;27051;ca
A;G001954;179;henry;brian;leonard;43;m;w;clarendon;butler town;1040;28432;sc
B;G001954;180;henry;brian;leonard;43;m;w;clarendon;butler town;1040;28432;sc
B;G005066;181;mabelene;d;young;70;f;b;charlotte;julep;2718;28273;
A;G005066;182;mabelene;d;young;70;u;b;raleigh;primanti;8352;27612;
A;G006494;183;alexandra;cain;olney;34;f;w;raleigh;bledsoe;314;27601;ca
B;G006494;184;alexandra;cain;olney;34;f;w;raleigh;bledsoe;314;27601;ca
A;G006188;185;james;ronnie;joyce;69;m;w;madison;k fork;1761;27025;nc
B;G006188;186;james;r;joyce;69;m;w;madison;k fork;1761;27025;nc
A;G000523;187;jon;reed;gallimore;63;m;w;swannanoa;old us 70;610;28778;nc
B;G000523;188;jon;reed;gallimore;63;m;w;stokesdale;albert;413;27357;nc
B;G000227;189;mark;elliott;young;45;m;b;burlington;mebane;1524;27215;nc
A;G000227;190;mark;elliott;young;45;m;b;wake forest;alstonburg;2408;27587;nc
B;G000208;191;anna;w;friddle;39;f;w;burlington;st mark s church;1720;27215;
A;G000208;192;anna;friddle;evans;39;f;w;reidsville;oregon hill;1290;27320;nc
A;G000992;193;gwendolynn;amber;markolf;27;f;w;concord;cloister;751;28027;sc
B;G000992;194;gwendolynn;amber;holt;27;f;w;charlotte;strangford;4014;28215;sc
A;G000473;195;thomas;wayne;defrange;66;m;w;asheville;governors view;214;28805;
B;G000473;196;thomas;wayne;defrange;66;m;w;mills river;butler bridge;3178;28759;ok
B;G004026;197;carol;irvin;mitchell;75;f;w;mooresville;cypress cove;113;28117;in
A;G004026;198;carol;irvin;mitchell;75;f;w;huntersville;pennington;17213;28078;in
A;G003278;199;terrance;lee;williams;47;m;b;durham;wiltshire;4;27713;nc
B;G003278;200;terrance;lee;williams;47;m;b;clinton;boney;207;28328;nc
A;G002132;201;gary;joseph;groder;48;m;w;fayetteville;torbay;3516;28311;nc
B;G002132;202;gary;joseph;groder;48;m;w;wilmington;spartan;330;28405;nc
A;G004427;203;douglas;cain;garner;23;m;w;sanford;thomas kelly;1485;27330;nc
B;G004427;204;douglas;cain;garner;23;f;u;cameron;mclauchlin;344;28326;
B;G003780;205;revera;;arkell;69;f;o;cameron;forest;29;28326;ny
A;G003780;206;revera;;arkell;69;f;o;sanford;mt pisgah church;2805;27332;ny
B;G005192;207;debra;lisa;bloom;58;f;w;charlotte;leaves;7034;28213;ny
A;G005192;208;debra;l;bloom;58;f;w;monroe;commerce;2159;28110;ny
A;G004304;209;curtis;allen;clark;33;m;u;clayton;sugarpine;101;27520;nc
B;G004304;210;curtis;allen;clark;33;m;b;raleigh;trailwood;1820;27606;nc
A;G002795;211;david;robert;halliday;84;m;w;bermuda run;oleander;217;27006;il
B;G002795;212;david;robert;halliday;84;m;w;tryon;club;649;28782;il
B;G001334;213;elizabeth;;baker;47;f;w;granite falls;sue s mobile home;4700;28630;nc
A;G001334;214;elizabeth;marie;baker;47;f;w;hickory;18th av;48;28601;nc
A;G000898;215;vang;;vang;54;m;a;valdese;temple;1175;28690;oc
B;G000898;216;vang;;vang;54;m;a;claremont;bunker hill school;3458;28610;oc
B;G003933;217;tora;shaqurise;watkins;38;f;b;raeford;oakdale gin;437;28376;nc
A;G003933;218;tora;sharquise;edwards;38;f;b;monroe;lind point;219;28110;nc
B;G000408;219;norman;marshall;gore;56;m;w;leland;malmo loop;2462;28451;nc
A;G000408;220;norman;marshall;gore;56;m;w;riegelwood;justice flynn;692;28456;nc
A;G000891;221;david;saint john;hennessee;75;m;u;morganton;concord;331;28655;dc
B;G000891;222;david;saint john;hennessee;75;m;b;morganton;concord;331;28655;dc
A;G003611;223;megan;kimberly;riddle;32;f;w;clemmons;drumheller;657;27012;nc
B;G003611;224;megan;kimberly;riddle;32;f;w;raleigh;wirewood;1071;27605;nc
A;G001684;225;thomas;patrick;thornton;44;m;w;newton;nc 16;2455;28658;fl
B;G001684;226;thomas;patrick;thornton;44;m;w;statesville;coolwood;125;28625;fl
B;G002764;227;sarah;gillespie;bodin;49;f;w;advance;speaks;348;27006;tn
A;G002764;228;sarah;gillespie;bodin;49;f;w;winston salem;autumn park;1478;27106;tn
A;G001810;229;carol;elizabeth;eberle;73;f;w;pittsboro;log barn;134;27312;fl
B;G001810;230;carol;elizabeth;eberle;73;f;w;apex;hughes;704;27502;fl
B;G004044;231;victoria;;turner;59;f;b;statesville;rimrock;482;28625;nc
A;G004044;232;victoria;turner;brown;59;f;b;salisbury;pinehurst;626;28144;nc
B;G002136;233;juan;;santiago;55;m;w;fayetteville;wimbledon;6849;28314;il
A;G002136;234;juan;;santiago;55;m;w;cary;millhous;1108;27513;il
A;G003622;235;dahiana;mercedes;valerio;40;f;o;winston salem;orchard creek;2869;27127;
B;G003622;236;dahiana;mercedes;valerio;40;f;o;charlotte;paces oaks;8305;28213;oc
B;G000810;237;janae;elisabeth;foster;29;f;w;asheville;cumberland;343;28801;ga
A;G000810;238;janae;elisabeth;foster;29;f;w;fletcher;brickton village;176;28732;ga
A;G003790;239;laura;hundley;brown;52;u;u;bunnlevel;winged foot;206;28323;
B;G003790;240;laura;h;brown;52;f;w;rolesville;staples;316;27571;nc
A;G001011;241;akhil;;gundabathula;20;m;a;harrisburg;carnation;2501;28075;tx
B;G001011;242;akhil;;gundabathula;20;m;a;charlotte;summit commons;13725;28277;tx
B;G003599;243;robin;elizabeth;donahue;20;f;w;clemmons;maidwood;7535;27012;
A;G003599;244;robin;elizabeth;donahue;20;f;w;cullowhee;west university;159;28723;
B;G003147;245;mary;elizabeth;inglut;30;f;w;durham;lantern view;12;27703;ny
A;G003147;246;mary;elizabeth;georger;30;f;w;raleigh;brokers tip;10211;27617;ny
B;G005045;247;justin;marshall;mauney;24;m;w;charlotte;providence country club;5804;28277;va
A;G005045;248;justin;marshall;mauney;24;m;w;raleigh;twisted oaks;4611;27612;
A;G001473;249;david;windsor;barringer;52;m;w;morehead city;bay view;118;28557;nc
B;G001473;250;david;windsor;barringer;52;m;w;kinston;cambridge;1713;28504;nc
B;G000924;251;anthony;miguel;carbonetti;35;m;w;morganton;benjamin;2362;28655;fl
A;G000924;252;anthony;miguel;carbonetti;35;m;w;bostic;pleasant view;164;28018;fl
A;G005839;253;lisa;efigenia;romero;39;f;o;roxboro;person court;113;27573;fl
B;G005839;254;lisa;efigenia;romero;39;f;o;pembroke;jones;502;28372;fl
B;G004205;255;pamela;davis;gunter;64;f;w;clayton;barbour;616;27520;nc
A;G004205;256;pamela;d;gunter;64;f;w;raleigh;branchview;1009;27610;nc
B;G002350;257;altavier;jovante;young;22;m;b;fayetteville;alleghany;517;28304;md
A;G002350;258;altavier;jovante;young;22;m;b;greenville;10th;1108;27858;md
B;G004489;259;carol;ann;girardi;66;f;w;denver;bay pointe;7965;28037;ny
A;G004489;260;carol;ann;girardi;66;f;w;huntersville;new oak;8525;28078;ny
A;G003288;261;aurora;dawn;pryor;49;f;w;durham;dover;3411;27707;mi
B;G003288;262;aurora;d;pryor;49;f;o;durham;taproot;4809;27705;mi
A;G006260;263;lisa;dawn;hatley;56;f;w;monroe;hopewood;2517;28110;
B;G006260;264;lisa;d;hatley;56;f;w;monroe;goldmine;3009;28110;
A;G000764;265;kimberly;dawn;edgins;39;f;w;alexander;martin candler;481;28701;nc
B;G000764;266;kimberly;d berry;woodard;39;f;w;valdese;katherine;1220;28690;nc
B;G003929;267;carl;cleveland;manning;71;m;w;raeford;fairfield;645;28376;nc
A;G003929;268;carl;cleveland;manning;71;m;w;roseboro;elizabethtown;3315;28382;
B;G003648;269;matthew;james;rave;50;m;w;winston salem;hawthorne;1239;27103;va
A;G003648;270;matthew;james;rave;50;m;w;sylva;hillcrest;548;28779;va
A;G004830;271;chevone;d;falls;32;u;b;charlotte;idlewild;5524;28227;
B;G004830;272;chevone;denise;falls;32;f;b;matthews;union;1100;28104;nc
A;G004965;273;brenda;kay;wade;36;f;b;charlotte;cheviott hill;11921;28213;nc
B;G004965;274;brenda;kay;richardson;36;f;b;salisbury;standish;1614;28144;nc
A;G000030;275;billie;emma;dodson;42;f;w;mebane;pine valley;2652;27302;ct
B;G000030;276;billie;emma;dodson;42;f;w;mebane;holly hill;4104;27302;ct
A;G003284;277;karen;lorraine;wielunski;36;f;w;durham;stillhouse;4;27704;oh
B;G003284;278;karen;lorraine;wielunski;36;f;w;charlotte;kimrod;218;28270;oh
B;G001439;279;amanda;nicole;pauli;31;f;w;newport;nine foot;446;28570;nc
A;G001439;280;amanda;nicole;pauli;31;f;w;havelock;cedar ridge;217;28532;
B;G001217;281;robin;marie;morris;34;f;w;concord;miller;98;28025;nc
A;G001217;282;robin;marie;morris;34;f;w;new london;kendalls church;32070;28127;nc
B;G003348;283;valerie;jean;everhart hernandez;36;f;w;durham;epping;9;27703;ny
A;G003348;284;valerie;jean;everhart;36;f;w;chapel hill;nc hwy 54;1100;27516;ny
B;G006446;285;laura;ann;frey;44;f;w;wake forest;old dairy;513;27587;nh
A;G006446;286;laura;ann;frey;44;f;w;goldsboro;mill;503;27534;nh
B;G000628;287;beth;ann;phipps;41;f;w;asheville;hillside;205;28801;nc
A;G000628;288;beth;ann;cobb;41;f;w;asheville;dawnwood;5;28803;nc
B;G001014;289;patsy;daniel;rice;73;f;w;harrisburg;rocky river;3902;28075;
A;G001014;290;patsy;daniel;waldrop;73;f;w;denver;three wood;3080;28037;al
B;G004671;291;howard;;johnson;75;u;u;charlotte;echo cove;709;28273;
A;G004671;292;howard;;johnson;75;m;b;white oak;ireland;57;28399;nc
A;G005679;293;jody;;lennon;52;f;w;chapel hill;cool spring;3021;27514;ny
B;G005679;294;jody;;lennon;52;f;w;wake forest;old keith;1321;27587;ny
A;G003118;295;willa;marie;wilkinson;78;f;w;durham;fortunes ridge;5500;27713;ca
B;G003118;296;willa;marie;wilkinson;78;f;w;cary;grande valley;3114;27513;ca
B;G003238;297;cynthia;mccain;hamrick;53;u;u;bahama;johnson mill;9109;27503;nc
A;G003238;298;cynthia;m;hamrick;53;f;w;charlotte;par cove;10713;28277;nc
B;G001389;299;eric;glenn;warren;37;m;w;camden;japonica;302;27921;nc
A;G001389;300;eric;glenn;warren;37;m;w;hampstead;mooney;108;28443;nc
B;G002182;301;trisha;;slehria;22;u;u;fayetteville;birnam;322;28305;
A;G002182;302;trisha;;slehria;22;u;a;raleigh;park;109;27605;
A;G003911;303;shavon;diana;moody;36;f;b;ahoskie;liverman mill;917;27910;va
B;G003911;304;shavon;diana;moody;36;f;b;greenville;washington;1104;27834;va
A;G000254;305;vickie;surrell;robbins;47;f;w;leland;judy;3805;28451;nc
B;G000254;306;vickie;surrell;robbins;47;f;b;riegelwood;old lake;11343;28456;
B;G005186;307;william;clifford;coley;42;m;w;charlotte;water oak;4333;28211;nc
A;G005186;308;william;clifford;coley;42;m;w;raleigh;grand manor;4108;27612;nc
B;G001309;309;lisa;hollaway;stancil;54;f;w;midland;mineral;8989;28107;nc
A;G001309;310;lisa;hollaway;stancil;54;f;w;locust;creekview;17047;28097;
B;G003334;311;meredyth;stewart;albright;21;f;w;durham;duke university west campus;1;27708;nc
A;G003334;312;meredyth;stewart;albright;21;f;w;wake forest;taylors ridge;3133;27587;nc
B;G003455;313;keyona;;briscoe;26;f;b;rocky mount;windsor;1728;27801;md
A;G003455;314;keyona;;briscoe;26;f;b;rocky mount;winston;1212;27803;md
B;G002345;315;hanha;lee;hobson;24;f;o;fayetteville;kennybunk;7813;28304;nc
A;G002345;316;hanha;l;hobson;24;f;m;chapel hill;heritage;243;27516;
A;G002056;317;carol;yevette;price;36;f;w;new bern;bernhurst;305;28560;nc
B;G002056;318;carol;yevette;long;36;f;w;maysville;nc hwy 58;6637;28555;nc
A;G001630;319;charles;franklin;williams;67;m;w;denver;red hill;4500;28037;nc
B;G001630;320;charles;franklin;williams;67;m;w;mocksville;magnolia;249;27028;
A;G004921;321;sydney;marie;respass;26;f;b;charlotte;hendricks chapel;3023;28216;pa
B;G004921;322;sydney;marie;respass;26;f;b;raleigh;crescent creek;2310;27606;pa
B;G002839;323;brittany;sharay;elliote;30;f;w;wallace;nc 41;5368;28466;ga
A;G002839;324;brittany;sharay;curtis;30;f;w;jacksonville;jupiter;136;28546;ga
B;G003051;325;jason;patrick;page;44;m;w;durham;north;1201;27701;
A;G003051;326;jason;patrick;page;44;m;w;carrboro;hanna;107;27510;pa
A;G002294;327;darnell;devon;oatman;48;m;b;fayetteville;ivyridge;5482;28314;dc
B;G002294;328;darnell;devon;oatman;48;m;b;elizabeth city;shillingtown;899;27909;dc
B;G005563;329;chelsea;lynn;donovan;36;f;w;wilmington;2nd;509;28401;il
A;G005563;330;chelsea;lynn;donovan;36;f;w;jacksonville;court;514;28540;
A;G002087;331;paula;gaskins;adams;42;f;w;new bern;myrtle grove;101;28562;nc
B;G002087;332;paula;gaskins;adams;42;f;w;jacksonville;myrtlewood;203;28546;nc
A;G006628;333;rebecca;elizabeth;perry;27;f;w;boone;crest;162;28607;nc
B;G006628;334;rebecca;elizabeth;rubio serrano;27;f;w;millers creek;piney top;118;28651;nc
A;G000917;335;moua;;lor;36;m;o;glen alpine;scott;106;28628;ca
B;G000917;336;moua;;lor;36;m;o;vale;legend;2213;28168;ca
B;G002908;337;benjamin;joseph;berenfield;24;m;w;durham;solterra;142;27705;oh
A;G002908;338;benjamin;joseph;berenfield;24;m;w;chapel hill;longwood;207;27514;oh
A;G005962;339;donald;kevin;kearns;41;m;w;asheboro;crestview church;646;27205;nc
B;G005962;340;donald;kevin;kearns;41;m;w;asheboro;country;2034;27205;nc
A;G006349;341;samantha;faye;wathen;24;f;w;garner;poplar;1102;27529;nc
B;G006349;342;samantha;faye;wathen;24;u;w;raleigh;oak meadow;5720;27612;
A;G003653;343;lee;ann;athey;37;f;w;winston salem;northampton;4348;27105;nc
B;G003653;344;lee;ann;athey;37;f;w;trinity;nc hwy 62;7293;27370;nc
A;G002053;345;calton;grover;cannon;37;m;w;new bern;hopewell;102;28562;nc
B;G002053;346;calton;grover;cannon;37;m;w;durham;james;1820;27707;
B;G003850;347;randolph;meade;williams;74;m;w;maggie valley;alexander;264;28751;md
A;G003850;348;randolph;meade;williams;74;m;w;chocowinity;white oak;103;27817;md
B;G002326;349;robert;lee;carr;52;m;b;fayetteville;cumberland;3030;28306;nc
A;G002326;350;robert;lee;carr;52;u;b;wilmington;princess place;4006;28405;
B;G005774;351;luis;antonio;torres;29;m;b;chocowinity;sams;155;27817;ct
A;G005774;352;luis;anthony;torres;29;m;o;raleigh;armstrong;1205;27610;ct
B;G003657;353;lisa;renea;shelley;46;f;w;winston salem;timlic;22;27107;ga
A;G003657;354;lisa;renea;guthrie;46;f;w;asheboro;atlantic;110;27205;ga
A;G001664;355;crystal;carswell;feimster;34;f;w;conover;lyle haven;1003;28613;nc
B;G001664;356;crystal;carswell;feimster;34;f;w;stony point;rosemont;89;28678;nc
B;G003016;357;persal;;bethune;65;m;b;durham;cascade falls;500;27713;nc
A;G003016;358;persal;;bethune;65;m;b;durham;cascade falls;500;27713;nc
B;G006389;359;christopher;levon;mcnair;40;m;b;raleigh;pecan;209;27603;nc
A;G006389;360;christopher;levon;mcnair;40;m;b;raleigh;method;718;27607;nc
B;G004244;361;john;darnell;green;44;m;b;smithfield;booker dairy;406;27577;dc
A;G004244;362;john;darnell;green;44;m;b;middlesex;smith;10279;27557;dc
B;G003625;363;mark;ellis;podlaski;31;m;w;winston salem;hedgecock;272;27104;nc
A;G003625;364;mark;ellis;podlaski;31;m;w;cornelius;rio oro;20525;28031;nc
B;G005803;365;tobechi;anuli;nwamara;25;f;b;elizabeth city;road;607;27909;nc
A;G005803;366;tobechi;anuli;nwamara;25;f;b;raleigh;st regis;6221;27606;nc
A;G003367;367;veronica;l;rorie;39;f;b;durham;woodcroft;801;27713;nc
B;G003367;368;veronica;latirsh;griffin;39;f;o;wake forest;green drake;4012;27587;nc
B;G003753;369;veronica;louise;meert;30;f;w;sanford;marzy;65;27332;
A;G003753;370;veronica;louise;meert;30;f;w;wilmington;alpine;525;28403;al
B;G004785;371;erin;jerolimic;moore;39;f;w;matthews;windsor hill;1922;28105;ny
A;G004785;372;erin;jerolimic;moore;39;f;w;indian trail;equipoise;1025;28079;ny
A;G000618;373;anna;elise;godden;29;f;w;asheville;pinners cove;657;28803;nc
B;G000618;374;anna;elise;thompson;29;f;w;black mountain;pond;6;28711;nc
B;G001850;375;kathryn;elizabeth;hartley;26;f;w;hickory;mountain oak;298;28601;nc
A;G001850;376;kathryn;elizabeth;hartley;26;f;w;blowing rock;hartley hl;382;28605;nc
A;G005128;377;laurie;janine;halley;52;f;o;charlotte;blackmuir wood;4531;28270;ca
B;G005128;378;laurie;;halley;52;f;w;monroe;pumpernickel;6125;28110;ca
B;G006178;379;kenneth;stephen;hopkins;29;m;w;king;natalie;224;27021;nc
A;G006178;380;kenneth;stephen;hopkins;29;m;w;king;natalie;212;27021;nc
A;G000276;381;sylvia;dove;liner;65;f;w;carolina shores;sunfield;14;28467;nc
B;G000276;382;sylvia;d;liner;65;f;w;charlotte;kilborne;2735;28205;
B;G001475;383;alan;spencer;hill;28;m;w;newport;roberts;688;28570;nc
A;G001475;384;alan;spencer;hill;28;m;w;raleigh;valley run;7616;27615;nc
B;G000846;385;billy;r;carter;78;m;w;asheville;white ash;118;28803;nc
A;G000846;386;billy;ray;carter;78;m;w;flat rock;eagle crest;38;28731;nc
B;G004937;387;jonathan;scott;whitaker;34;m;w;charlotte;angwin;8435;28262;nc
A;G004937;388;jonathan;scott;whitaker;34;m;w;asheboro;filler rd;1346;27205;nc
B;G005746;389;robin;martin;pate;62;u;u;grantsboro;kennels beach;1960;28529;
A;G005746;390;robin;martin;pate;62;f;w;zebulon;car kare;9505;27597;ca
A;G005634;391;nicole;darlene;bono;36;f;w;jacksonville;south;1812;28540;ny
B;G005634;392;nicole;darlene;bono;36;f;w;maple hill;nc hwy 50;7075;28454;ny
B;G004192;393;barbara;perry;guiterrez;79;f;w;garner;telluride;129;27529;nc
A;G004192;394;barbara;perry;gutierrez;79;f;w;wake forest;registry;705;27587;nc
A;G003592;395;howard;monroe;bost;53;m;w;winston salem;murray;5710;27106;nc
B;G003592;396;howard;m;bost;53;m;w;east bend;millcreek;1125;27018;
B;G004047;397;karen;ann;nattinger;52;f;w;mooresville;castles gate;272;28117;tx
A;G004047;398;karen;ann;nattinger;52;f;w;davidson;pine;258;28036;tx
A;G000483;399;douglas;scott;west;61;m;w;arden;sunwest;120;28704;az
B;G000483;400;douglas;scott;west;61;m;w;fletcher;sterling run;31;28732;
A;G004051;401;kyle;lang;houston;28;m;w;statesville;davie;406;28677;nc
B;G004051;402;kyle;lang;houston;28;m;w;matthews;woodbend;12308;28105;nc
A;G005740;403;michael;foley;askew;25;m;w;chapel hill;williamson;510;27514;nc
B;G005740;404;michael;foley;askew;25;m;w;oriental;skipper;106;28571;nc
A;G002752;405;marcella;elisa;caudill;26;f;m;roaring gap;pine tree;100;28668;va
B;G002752;406;marcella;elisa;caudill;26;f;m;wilmington;market;420;28401;va
B;G004389;407;fleming;cecil;jones;46;m;w;trenton;chinquapin chapel;1523;28585;nc
A;G004389;408;fleming;cecil;jones;46;m;w;jacksonville;walnut;507;28540;nc
B;G000772;409;laura;venning;wilson;38;f;w;asheville;alexander;10;28801;nc
A;G000772;410;laura;boudreau;venning;38;f;w;raleigh;leadenhall;2212;27603;
B;G000274;411;eleanor;marie;sullivan;68;f;w;caswell beach;fairway;19;28465;ny
A;G000274;412;eleanor;marie;sullivan;68;f;w;southport;club villas;3350;28461;ny
B;G005610;413;mary;kate;haren;23;f;w;swansboro;camp queen;154;28584;ny
A;G005610;414;mary;kate;haren;23;f;w;swansboro;camp queen;154;28584;ny
A;G001594;415;mary;bryant;harwell;35;f;w;claremont;hall dairy;4440;28610;nc
B;G001594;416;mary;louise;bryant;35;f;w;ferguson;kendell town;1150;28624;nc
B;G004412;417;adrienne;leigh;hildreth;45;f;w;sanford;seth;3233;27330;nc
A;G004412;418;adrienne;leigh;walters;45;f;w;fuquay varina;barn view;429;27526;nc
B;G002079;419;william;h;berkey;35;u;u;vanceboro;nc 118;2860;28586;mi
A;G002079;420;william;h;berkey;35;m;w;chocowinity;taylor;316;27817;mi
A;G000895;421;glenn;scott;colwell;47;m;w;morganton;race track;2398;28655;pa
B;G000895;422;glenn;scott;colwell;47;m;w;conover;31st st;1223;28613;pa
B;G003534;423;cristina;nicole;dalton;37;u;b;winston salem;carlyle place;2335;27103;
A;G003534;424;cristina;nicole;dalton;37;f;b;raleigh;calvary;3123;27604;nc
A;G001308;425;andre;len;cottrell;52;m;b;kannapolis;roanoke;6584;28081;
B;G001308;426;andre;len;cottrell;52;u;u;kannapolis;29th;109;28083;
B;G004683;427;walid;;yussuf;36;m;b;charlotte;eastfield village;13305;28269;
A;G004683;428;walid;omer;yussuf;36;m;b;charlotte;double creek crossing;4115;28269;va
B;G002198;429;patrick;joseph;martin;22;u;w;hope mills;trevino;5759;28348;
A;G002198;430;patrick;joseph;martin;22;m;w;cameron;atlantic coast;19;28326;pa
A;G000753;431;christopher;douglas;webster;44;m;w;weaverville;sherwood;115;28787;nc
B;G000753;432;christopher;douglas;webster;44;m;w;marshall;eddie cody;53;28753;nc
B;G004556;433;laura;jean;schrader;36;f;w;denver;stonesthrow;4600;28037;il
A;G004556;434;laura;jean;schrader;36;f;w;charlotte;steel yard;3451;28205;il
B;G000883;435;joshua;william;kincaid;40;m;w;morganton;rhyne;110;28655;nc
A;G000883;436;joshua;william;kincaid;40;m;w;greenville;mulberry;2715;27858;nc
A;G006191;437;mary;elizabeth;brewster;40;f;w;pilot mtn;lonesome;1040;27041;nc
B;G006191;438;mary;elizabeth;whittington;40;f;w;pilot mountain;arthur needham;295;27041;nc
A;G004486;439;breiyanna;joan;stevermer;23;f;w;stanley;ivey meadow;7779;28164;ia
B;G004486;440;breiyanna;joan;stevermer;23;f;w;charlotte;passour ridge;3436;28269;ia
A;G001047;441;judith;ann;small;48;u;u;concord;bartram;776;28025;
B;G001047;442;judith;ann;small;48;f;b;indian trail;sparkleberry;7534;28079;ny
A;G002305;443;adrienne;graye;ezzell;31;f;w;fayetteville;ramsey;5400;28311;nc
B;G002305;444;adrienne;graye;ezzell;31;f;w;woodlake;river birch;759;28394;nc
A;G004023;445;amy;leigh;galliher;48;f;w;statesville;creekside;151;28625;nc
B;G004023;446;amy;leigh;galliher;48;f;w;wilmington;blue tick;1607;28411;nc
A;G003403;447;eddie;a;roach;57;m;b;rocky mount;cox;1450;27801;
B;G003403;448;eddie;a;roach;57;m;b;greenville;clairmont;320;27834;nc
A;G004041;449;stephen;thomas;cline;42;m;w;mooresville;fieldstone;338;28115;nc
B;G004041;450;stephen;thomas;cline;42;m;w;kannapolis;jaybird;1216;28081;nc
B;G005549;451;andrew;james;cooke;23;m;w;wilmington;tollington;4317;28412;
A;G005549;452;andrew;james;cooke;23;m;w;raleigh;fig vine;411;27609;oc
B;G001324;453;hollie;roper;pennell;41;f;w;lenoir;champion;3222;28645;nc
A;G001324;454;hollie;roper;smith;41;f;w;mooresville;lamplighter;111;28115;nc
B;G005621;455;kassondra;nickole;scheidt;28;f;w;richlands;classy;211;28574;
A;G005621;456;kassondra;nickole;scheidt;28;f;w;greenville;josh;1101;27834;nm
B;G002775;457;samuel;louis;petro;64;m;w;advance;riverbend;451;27006;oc
A;G002775;458;samuel;louis;petro;64;m;w;winston salem;fishel;124;27107;oc
B;G002901;459;brandon;mon a;james;33;m;b;durham;carroll;720;27701;nc
A;G002901;460;brandon;montae;james;33;m;b;raleigh;star sapphire;2100;27610;nc
B;G005372;461;lori;beth;davis;35;f;w;rocky mount;dortches;5998;27804;nc
A;G005372;462;lori;beth;kropp;35;f;w;wilmington;brandy;804;28405;nc
A;G005932;463;harry;neil;thompson;77;m;w;greenville;dovedale;2108;27834;nc
B;G005932;464;harry;neil;thompson;77;m;w;sims;crushed stone;7067;27880;nc
B;G004171;465;brittney;rye;walker;31;f;w;benson;south walden pond;115;27504;
A;G004171;466;brittney;rye;walker;31;f;w;raleigh;river landings;6017;27604;wv
B;G004491;467;maribeth;dobbins;hughes;46;f;w;denver;buena vista;8132;28037;ct
A;G004491;468;maribeth;dobbins;hughes;46;f;w;cornelius;chandlers landing;19225;28031;ct
A;G000611;469;fiora;lynne;lizak;62;f;w;swannanoa;rainbow ridge;55;28778;nc
B;G000611;470;fiora;beveridge;lizak;62;f;w;raleigh;bremerton;11108;27613;nc
B;G002035;471;jason;alexander;hancock;32;m;o;new bern;arbor green;4012;28562;va
A;G002035;472;jason;alexander;hancock;32;m;w;charlotte;tifton;8019;28226;va
B;G005858;473;felicia;denise;cherry dixon;46;f;b;farmville;clubview;3323;27828;nc
A;G005858;474;felicia;denise;cherry dixon;46;f;b;farmville;ghost hollow;3686;27828;nc
A;G000133;475;ashley;marie;bishop;31;f;w;burlington;roslyn;1400;27215;nc
B;G000133;476;ashley;marie;bishop;31;f;w;graham;kernodle;423;27253;nc
A;G002290;477;april;mcgirt;henderson;39;f;b;fayetteville;toledo;1792;28306;nc
B;G002290;478;april;mcgirt;henderson;39;f;b;st pauls;danbury;168;28384;nc
A;G005562;479;timothy;keith;raab;35;m;w;wilmington;penny;5221;28405;az
B;G005562;480;timothy;keith;raab;35;m;w;apex;chatham;315;27502;az
A;G001358;481;jarrett;william;bradley;78;m;i;hudson;mac;3005;28638;nc
B;G001358;482;jarrett;william;bradley;78;m;i;cherokee;acquoni;1108;28719;nc
B;G001803;483;dana;petty;smith;34;f;w;pittsboro;may farm;347;27312;nc
A;G001803;484;dana;petty;sheffield;34;f;w;asheboro;friendly acres;640;27205;nc
B;G005358;485;rodell;austin;spake;53;m;w;rocky mount;tyson;106;27804;ak
A;G005358;486;rodell;austin;spake;53;m;w;jacksonville;greenway;909;28546;or
A;G000037;487;darryl;raynard;moye;53;m;b;mebane;dogwood;1007;27302;nc
B;G000037;488;darryl;raynard;moye;53;m;b;durham;roxboro;2519;27707;ne
A;G000316;489;sarah;beth;wise;34;f;w;boiling spring lakes;redwood;208;28461;ms
B;G000316;490;sarah;beth;tomlinson;34;f;w;kings mountain;oriental;104;28086;ms
A;G002076;491;leander;;forbes;71;m;b;new bern;timothy;201;28560;nc
B;G002076;492;leander;;forbes;71;m;b;swansboro;whistling heron;415;28584;nc
B;G006359;493;jaeyeon;;kim;35;f;o;cary;vallonia;4260;27519;
A;G006359;494;jaeyeon;;kim;35;f;o;raleigh;calliope;2820;27616;oc
A;G005387;495;ashley;ann;atkinson;33;f;w;rocky mount;avent;527;27804;ny
B;G005387;496;ashley;ann;atkinson;33;f;w;littleton;eaton ferry;1831;27850;ny
A;G005301;497;beverly;zhalontay;butler;40;f;b;carthage;fire tower;1820;28327;nc
B;G005301;498;beverly;zhalontay;butler;40;f;b;rockwell;west park;640;28138;nc
A;G006269;499;marie;diane;hilliard;61;f;w;henderson;vance academy;441;27537;nc
B;G006269;500;marie;diane;hilliard;61;f;w;henderson;cooper;613;27536;
B;G000866;501;gregory;price;benton;57;m;w;asheville;windswept;405;28801;ga
A;G000866;502;gregory;price;benton;57;m;w;sherrills ford;norman;7409;28673;ga
B;G001120;503;donophan;;clyburn;67;m;b;concord;helmsley;3100;28027;
A;G001120;504;donophan;;clyburn;67;m;b;charlotte;toxaway;7223;28269;sc
A;G002048;505;courtney;l;cooper;22;u;b;new bern;morton;5309;28562;
B;G002048;506;courtney;latrice;cooper;22;f;b;new bern;morton;5309;28562;nc
A;G005804;507;danielle;nicole;green;32;f;b;elizabeth city;roanoke;800;27909;nc
B;G005804;508;danielle;nicole;green;32;f;b;raleigh;rockglen;6721;27615;nc
B;G005040;509;adam;christopher;allen;32;m;w;charlotte;karen;3030;28205;tx
A;G005040;510;adam;c;allen;32;m;w;mooresboro;kanipe ranch;262;28114;tx
B;G004373;511;christian;emanuel;banks;52;m;b;four oaks;neighbor;97;27524;oh
A;G004373;512;christian;e;banks;52;m;b;turkey;beulah church;2386;28393;
A;G006572;513;paul;eugene;artis;36;m;b;raleigh;lee;222;27601;nc
B;G006572;514;paul;eugene;artis;36;u;u;goldsboro;hart;1515;27530;
B;G005651;515;kristopher;brian;smith;43;m;w;mebane;high ridge;1323;27302;nc
A;G005651;516;kristopher;brian;smith;43;m;w;apex;providence green;1412;27502;nc
A;G001585;517;norma;scalf;wright;66;f;w;claremont;harwell;2736;28610;
B;G001585;518;norma;lee;wright;66;f;w;elk park;jones;140;28622;nc
B;G004298;519;esthephanie;;chavira;22;f;o;four oaks;webb mill;866;27524;nc
A;G004298;520;esthephanie;;chavira;22;f;o;clinton;beulah;4044;28328;nc
B;G005807;521;kirk;j;cepavicius;46;m;o;elizabeth city;timothy;504;27909;ca
A;G005807;522;kirk;james;cepavicius;46;m;w;hertford;nates;113;27944;ca
A;G000935;523;brittany;marie;hamilton;28;f;w;morganton;sequoyah;200;28655;fl
B;G000935;524;brittany;marie;rydzfski;28;f;w;high point;sink lake;629;27265;fl
B;G003019;525;angelica;jeannette;curry;27;f;b;durham;park ridge;900;27713;ne
A;G003019;526;angelica;jeannette;glover;27;f;b;raleigh;atlantic;3424;27604;nc
A;G004080;527;jacob;chase;chandler;26;m;w;statesville;myrtle;122;28625;nc
B;G004080;528;jacob;chase;chandler;26;m;w;lowgap;ivy green;248;27024;nc
B;G003904;529;dorothy;may;carmean;77;f;w;fletcher;terrys gap;331;28732;nc
A;G003904;530;dorothy;cagle;carmean;77;f;w;rocky mount;brandywine;1113;27804;
A;G004600;531;danny;billy poe;jones;62;m;w;nebo;harmony grove;6988;28761;sc
B;G004600;532;danny;billy poe;jones;62;m;w;forest city;us hwy 221a;1942;28043;sc
A;G006556;533;manaka;angela;green;23;u;u;raleigh;ncsu alexander;0;27607;oc
B;G006556;534;manaka;angela;green;23;u;u;raleigh;ncsu alexander;0;27607;
A;G006236;535;laura;marie;sager;32;f;w;waxhaw;briarstone;8806;28173;oh
B;G006236;536;laura;marie;turner;32;f;w;waxhaw;rockwood;4520;28173;oh
A;G005552;537;jeffrey;scott;lyle;58;u;u;wilmington;davie;404;28412;
B;G005552;538;jeffrey;scott;lyle;58;m;w;garner;broughton;117;27529;al
A;G001248;539;daniel;robert;fellenzer;21;m;w;concord;dunberry;4606;28027;oc
B;G001248;540;daniel;robert;fellenzer;21;m;w;charlotte;mallard creek church;1530;28262;oc
B;G004635;541;bruce;scott;perkins;53;m;w;matthews;matthews mint hill;4049;28105;in
A;G004635;542;bruce;scott;perkins;53;m;w;charlotte;ginovanni;13023;28227;in
A;G002594;543;charles;hubert allen;lance;50;m;w;thomasville;paul kennedy;146;27360;
B;G002594;544;charles;hobart allan;lance;50;m;w;trinity;wood village;3696;27370;nc
B;G005061;545;michael;richard;krasuski;19;m;w;davidson;ridge;209;28035;nc
A;G005061;546;michael;richard;krasuski;19;m;w;chapel hill;hansen creek;105;27516;nc
A;G005814;547;michael;john;terry;34;m;w;hampstead;poplar branch;132;28443;
B;G005814;548;michael;john;terry;34;m;w;randleman;branson davis;6339;27317;
A;G002550;549;kirby;wayne;garner;52;m;w;thomasville;lacy hepler;1320;27360;nc
B;G002550;550;kirby;wayne;garner;52;m;w;thomasville;lacy hepler;1320;27360;
B;G006220;551;garry;steven;cardwell;71;m;w;elkin;harris;154;28621;nc
A;G006220;552;garry;steven;cardwell;71;m;w;plymouth;hazel;112;27962;nc
A;G003658;553;donald;carl;stogner;56;m;w;kernersville;round hill;1637;27284;al
B;G003658;554;donald;carl;stogner;56;m;w;cary;giverny;302;27513;al
A;G000727;555;michael;james;brasunas;37;u;u;asheville;first;49;28803;
B;G000727;556;michael;james;brasunas;37;m;w;black mountain;another;42;28711;wv
B;G003715;557;melvin;james;austin;70;m;w;rural hall;stanleyville;6044;27045;nc
A;G003715;558;melvyn;james;austin;70;u;u;statesville;catspaw;520;28677;
A;G003099;559;sabonia;nicole;stewart;44;f;b;durham;maymount;501;27703;nj
B;G003099;560;sabonia;nicole;stewart;44;f;b;rocky mount;leggett;1301;27801;nc
B;G005729;561;michael;stevenson;mcglinchey;41;m;w;mebane;pink dogwood;313;27302;md
A;G005729;562;michael;stevenson;mcglinchey;41;m;w;raleigh;westgrove;4700;27606;md
A;G000646;563;david;patrick;conley;39;m;w;asheville;river ridge;2204;28803;ny
B;G000646;564;david;patrick;conley;39;m;w;fletcher;roanoke;32;28732;ny
B;G000655;565;lyudmila;anatolyevna;tirgoala;28;f;o;asheville;moss pink;2;28806;oc
A;G000655;566;lyudmila;anatolyevna;tirgoala;28;f;w;weaverville;holcombe branch;1659;28787;
A;G003033;567;john;serge;taylor;73;m;w;chapel hill;lancaster;300;27517;ny
B;G003033;568;john;serge;taylor;73;m;w;chapel hill;old mill;758;27514;ny
B;G003068;569;jerome;mcarther;scott;22;m;b;durham;fayetteville;1801;27707;ny
A;G003068;570;jerome;mcarther;scott;22;m;b;raleigh;cardinal grove;5220;27616;ny
A;G002925;571;julie;marie;lowe;37;f;w;morrisville;wind river;1200;27560;la
B;G002925;572;julie;marie;lowe;37;f;w;apex;oak stream;2213;27523;la
B;G000744;573;jacob;james;mcmahan;20;m;w;weaverville;northview park;135;28787;nc
A;G000744;574;jacob;james;mcmahan;20;m;w;mars hill;honey;92;28754;nc
B;G004749;575;goldee;marquie;payton;40;f;w;matthews;treeside;9919;28105;co
A;G004749;576;goldee;marquie;payton;40;f;w;matthews;delamere;3103;28104;co
B;G001640;577;david;michael;boldon;41;m;w;maiden;brentwood;109;28650;nc
A;G001640;578;david;michael;boldon;41;m;w;marion;clear creek;1179;28752;nc
A;G001970;579;shannon;rose;king fowler;44;f;w;delco;applewhite;26;28436;nc
B;G001970;580;shannon;rose;king fowler;44;f;w;lincolnton;jacks;1493;28092;nc
B;G004731;581;leslie;brafford;threatt;57;f;w;charlotte;peverell;2618;28270;
A;G004731;582;leslie;martha;brafford;57;f;w;matthews;kensrowe;1032;28104;nc
B;G004555;583;nicholas;david;reid;31;m;w;denver;nautical view;7693;28037;
A;G004555;584;nicholas;david;reid;31;m;w;chapel hill;maxwell;113;27517;nc
B;G005792;585;cecil;verlin;cherry;76;m;w;washington;voice of america;5108;27889;nc
A;G005792;586;cecil;verlin;cherry;76;m;w;greenville;deerwood;202;27858;nc
B;G004161;587;felicia;michele;boyette;42;f;w;clayton;gracie;131;27520;nc
A;G004161;588;felicia;michele;adams;42;u;w;clayton;marino;109;27527;fl
B;G004321;589;teona;michelle;bannerman;20;f;b;clayton;old yogi;139;27520;nc
A;G004321;590;teona;michelle;bannerman;20;u;u;raleigh;lake ridge;4270;27604;
A;G002014;591;william;andrew;gower;68;m;w;new bern;judge manly;2938;28562;nc
B;G002014;592;william;andrew;gower;68;m;w;new bern;rivertide;128;28562;nc
B;G001989;593;yolanda;patrece;stephens;28;f;u;whiteville;martin luther king;108;28472;
A;G001989;594;yolanda;patrece;stephens;28;f;b;lumberton;old whiteville;800;28358;nc
A;G001296;595;joclynne;elaina;byers;40;f;b;kannapolis;flowe;209;28083;tn
B;G001296;596;joclynne;elaina;byers;40;f;b;mooresville;logan;742;28115;tn
A;G001108;597;jimmie;lee;cranfield;50;m;w;kannapolis;sapp;5300;28083;nc
B;G001108;598;jimmie;lee;cranfield;50;m;w;salisbury;peach orchard;1800;28146;nc
B;G001773;599;sarah;rachel;howard;44;f;u;siler city;wellaway;493;27344;ct
A;G001773;600;sarah;rachel;howard;44;f;w;carrboro;chaucer;101;27510;ct
A;G004366;601;melissa;cashwell;spain;51;f;w;angier;paula;170;27501;nc
B;G004366;602;melissa;cashwell;spain;51;f;w;raleigh;competition;533;27603;nc
A;G006017;603;deanna;marie;sturdivant;45;f;b;hamlet;buttercup;406;28345;nc
B;G006017;604;deanna;marie;sturdivant;45;f;b;laurinburg;wilmington;502;28352;nc
B;G005250;605;henry;nicholas;mcgovern;64;m;w;new london;lake shore;1252;28127;de
A;G005250;606;henry;nicholas;mcgovern;64;m;w;asheboro;kingsway;16;27203;de
A;G003318;607;william;douglas;wallace;31;m;w;durham;main;605;27701;oh
B;G003318;608;william;douglas;wallace;31;m;w;raleigh;collection river;7711;27617;oh
A;G006557;609;donald;george;dehart;35;u;u;raleigh;pickwick;4016;27613;
B;G006557;610;donald;george;dehars;35;m;w;raleigh;pickwick;4016;27613;
A;G003253;611;paula;;siwek;59;f;w;durham;dryden;109;27713;ny
B;G003253;612;paula;;siwek;59;f;w;carrboro;old fayetteville;222;27510;ny
B;G000353;613;charles;j;novotney;66;u;u;carolina shores;wedge;903;28467;
A;G000353;614;charles;joseph;novotney;66;m;w;lake waccamaw;central;203;28450;dc
A;G005866;615;ted;lee;murchison;86;m;w;winterville;south square;598;28590;mi
B;G005866;616;ted;lee;murchison;86;m;w;elm city;rosebud church;4832;27822;
A;G001734;617;katherine;lynn;goldston;62;f;w;goldston;goldston glendon;1291;27252;
B;G001734;618;katherine;;goldston;62;f;u;cary;applecross;302;27511;
B;G002376;619;karolyn;sue;martin;33;f;w;hope mills;timber grove;4429;28348;ks
A;G002376;620;karolyn;sue;grafel;33;f;w;lumberton;pine run;1103;28358;ks
B;G001816;621;james;bernard;delpapa;56;u;w;durham;hickory trace;275;27713;nc
A;G001816;622;james;bernard;delpapa;56;m;w;raleigh;st marys;2514;27609;nc
B;G005338;623;amber;kay;perry;34;f;w;spring hope;green;1658;27882;nc
A;G005338;624;amber;kay;williams;34;f;w;raleigh;anthony;3215;27603;nc
B;G001175;625;dianna;drayson;singler;52;f;w;concord;grovecreek pond;3632;28027;md
A;G001175;626;dianna;drayson;singler;52;f;w;charlotte;trotter;8018;28216;md
A;G002520;627;nancy;elian;vaughn;55;f;w;kill devil hills;ketch;1602;27948;oc
B;G002520;628;nancy;;vaughn;55;u;w;holly springs;vine;1816;27540;
B;G004636;629;rachelle;a;gualtieri;48;f;w;charlotte;royal scot;8800;28227;ct
A;G004636;630;rachelle;adrienne;gualtieri;48;f;w;matthews;moss creek;706;28105;ct
B;G001579;631;carole;morgan;knowles;81;f;w;hickory;26th;479;28601;nc
A;G001579;632;carole;m;knowles;81;f;w;sanford;lord ashley;2204;27330;nc
B;G001359;633;larry;joseph;phillips;53;m;w;lenoir;old north;1013;28645;nc
A;G001359;634;larry;joseph;phillips;53;m;w;lenoir;capital;3279;28645;nc
B;G002810;635;gregory;angelo;yacullo;75;m;w;teachey;bernice blanton;188;28464;nj
A;G002810;636;gregory;angelo;yacullo;75;m;w;holly ridge;lloyd;213;28445;nj
B;G000113;637;leta;naomi;falls;64;f;w;mebane;mebane airport;1015;27302;nc
A;G000113;638;leta;naomi;falls;64;f;w;newton grove;homewood;43;28366;nc
A;G006067;639;claudia;renee;hannig;54;f;w;reidsville;northend;116;27320;nc
B;G006067;640;claudia;r;stevens;54;f;w;salisbury;partridge;120;28147;nc
A;G002216;641;shaneka;n;allen;38;f;b;fayetteville;king george;1937;28303;il
B;G002216;642;shaneka;nicole;allen;38;f;b;fayetteville;sleepy hollow;1161;28311;il
A;G000958;643;jonathan;james;allen;40;m;w;connelly springs;bailey;8161;28612;nc
B;G000958;644;jonathan;james;allen;40;m;w;lexington;cow palace;580;27295;nc
B;G001393;645;ellis;wade;dunn;66;m;w;morehead city;arendell;4004;28557;nc
A;G001393;646;wade;;dunn;66;m;w;new bern;half moon;815;28560;nc
B;G001906;647;anita;mae;dexter;78;f;w;shelby;warren;934;28150;ma
A;G001906;648;anita;dexter;durant;78;f;w;hendersonville;greenville;1503;28792;ma
A;G000928;649;joseph;daniel;tallent;33;m;w;morganton;dale;103;28655;nc
B;G000928;650;joseph;daniel;tallent;33;m;w;boone;king;229;28607;
B;G004473;651;kevin;dewayne;newborn;46;m;b;kinston;fox run;2169;28504;nc
A;G004473;652;kevin;dewayne;newborn;46;u;u;kinston;fox run;2169;28504;
B;G005404;653;kelli;elizabeth;kiger;35;f;w;wilmington;wrightsville;6239;28403;nc
A;G005404;654;kelli;elizabeth;kiger;35;f;w;wilmington;amberleigh;240;28411;nc
A;G003578;655;livingston;jack;loizeaux;25;m;w;pfafftown;waterway;3509;27040;de
B;G003578;656;livingseon;jack;loizeaux;25;m;w;charlotte;rocky falls;7053;28211;de
A;G006474;657;timothy;todd;oboyle;36;m;w;cary;woodfield lake;4110;27518;sc
B;G006474;658;timothy;todd;o boyle;36;m;w;elm city;branch;206;27822;sc
A;G000665;659;charles;taylor;jensen;28;u;u;asheville;pace;300;28806;
B;G000665;660;charles;taylor;jensen;28;m;w;boone;university hall;361;28607;nc
A;G002824;661;victoria;ann louise;nason;23;f;w;beulaville;old nc 24;358;28518;nc
B;G002824;662;victoria;ann louise;bletner;23;f;w;richlands;ervintown;131;28574;nc
A;G000345;663;vernon;pierre;smith;56;m;b;leland;draymore;516;28451;nc
B;G000345;664;vernon;pierre;smith;56;m;b;wilmington;orange;1717;28403;nc
B;G002303;665;derrick;vaughn;mcneill;48;u;u;fayetteville;oakland;308;28301;
A;G002303;666;derrick;vaughn;mcneill;48;m;b;fayetteville;downing;2155;28312;nc
A;G000215;667;wendy;evans;franks;45;f;w;burlington;deepwood;2933;27215;nc
B;G000215;668;wendy;evans;howerton;45;f;w;reidsville;roberts farm;551;27320;nc
A;G001521;669;angela;marie;gates;46;f;w;beaufort;hwy 70 beaufort;2516;28516;mi
B;G001521;670;angela;marie;gates;46;f;w;havelock;mccotter;326;28532;mi
A;G000309;671;george;walton;wells;74;m;w;leland;natural springs;1025;28451;tx
B;G000309;672;george;w;wells;74;m;w;cary;scots cove;105;27518;tx
A;G001041;673;timothy;jackson;snodgrass;62;m;w;mount pleasant;empire;7250;28124;va
B;G001041;674;timothy;jackson;snodgrass;62;m;w;charlotte;armitage;3915;28269;va
B;G006029;675;margaret;short;gaddy;71;f;b;hoffman;us 1;3770;28347;nc
A;G006029;676;margaret;short;gaddy;71;f;b;monroe;bragg;610;28112;nc
A;G001993;677;dina;;terry;46;f;b;clarkton;janiya;20;28433;nc
B;G001993;678;dina;elaine;terry;46;f;b;council;boggy branch;2073;28434;nc
A;G005731;679;lorcan;gearoid;farrell;20;m;w;chapel hill;stadium;101;27514;nc
B;G005731;680;lorcan;gearoid;farrell;20;m;w;cary;belle isle;108;27513;nc
A;G004438;681;suzanne;nassif;felton;72;f;w;sanford;cranberry;1523;27330;ma
B;G004438;682;suzanne;nassif;felton;72;f;w;matthews;millbank;1140;28104;ma
B;G006041;683;cryshona;brown;tyson;36;f;u;maxton;patterson;317;28364;nj
A;G006041;684;cryshona;peacola;mcmillan;36;f;b;laurinburg;terrace;1425;28352;nj
B;G004445;685;david;ray;carter;33;m;w;kinston;carey;3219;28504;nc
A;G004445;686;david;r;carter;33;m;w;kinston;nc hwy 55;1511;28501;nc
B;G006429;687;josephine;;byers;75;f;w;apex;beckwith;2501;27523;
A;G006429;688;josephine;;byers;75;f;w;apex;mill hopper;501;27502;oc
B;G004663;689;phillip;michael;james;29;m;b;charlotte;augusta;2228;28216;nc
A;G004663;690;phillip;michael;james;29;m;b;charlotte;fairwood;414;28203;nc
B;G003004;691;lashawn;miata;mcfarland;46;f;b;durham;ashe;2824;27703;
A;G003004;692;lashawn;miata;mcfarland;46;f;b;raleigh;lake ridge;4201;27604;ny
B;G000919;693;anthony;david;mesa;25;m;w;morganton;bristol creek;1945;28655;or
A;G000919;694;anthony;david;mesa;25;m;w;boone;locust summit dorm;240;28608;or
B;G006027;695;michael;darrell;hinson;22;m;b;ellerbe;nc 73;727;28338;nc
A;G006027;696;michael;darrell;hinson;22;m;b;ellerbe;nc 73;727;28338;nc
A;G000392;697;thaddeus;mark;zych;71;m;w;southport;summerswell;4942;28461;oc
B;G000392;698;thaddeus;;zych;71;m;w;ayden;pinewood;4293;28513;pa
B;G006235;699;chelsea;dawn;bates;31;f;w;indian trail;indian trail fairview;127;28079;nc
A;G006235;700;chelsea;dawn;bates;31;f;w;raleigh;resolution;3202;27603;nc
A;G000119;701;robert;stanley;allen;68;m;w;burlington;judy;2619;27217;nc
B;G000119;702;robert;stanley;allen;68;m;w;yanceyville;badgett sisters;6944;27379;nc
A;G003406;703;tyler;;davis;35;m;b;rocky mount;discovery;306;27801;nc
B;G003406;704;tyler;;davis;35;m;b;raleigh;sugarwood;3500;27616;nc
B;G001008;705;logan;morgan;shuman;30;f;w;kannapolis;eastwood;1628;28083;nc
A;G001008;706;logan;t;morgan;30;f;w;kannapolis;bertha;2117;28083;nc
B;G003233;707;sharon;gaynell;crawford;49;f;b;durham;wiggins;3615;27704;nc
A;G003233;708;sharon;gaynell;crawford;49;f;b;chapel hill;formosa;400;27517;nc
A;G001042;709;murray;clay;taylor;45;m;b;concord;easy;623;28027;il
B;G001042;710;murray;clay;taylor;45;m;b;pineville;pinewell;12910;28134;il
A;G001518;711;amber;taylor;raynor;36;f;w;newport;pearson;469;28570;
B;G001518;712;amber;taylor;raynor;36;f;w;richlands;angels haven;163;28574;
B;G005844;713;carole;monk;thomas;62;f;w;roxboro;scotland;139;27573;nc
A;G005844;714;carole;monk;thomas;62;f;w;raleigh;banbury;1925;27608;nc
A;G004158;715;samuel;christian;tingler;50;m;w;garner;lema;101;27529;nc
B;G004158;716;samuel;christian;tingler;50;m;w;spring hope;branch;221;27882;nc
B;G001208;717;kristen;margaret;cozart;26;f;w;concord;spring;331;28025;
A;G001208;718;kristen;margaret;cozart;26;f;w;boone;thunder;208;28607;nc
A;G003323;719;katia;marie;mottert;26;u;u;morrisville;neighborly;1205;27560;
B;G003323;720;katia;marie;mottert;26;f;w;raleigh;lake lynn;4105;27613;mo
B;G005292;721;sydney;sharon;brown;84;f;w;southern pines;garden villa;46;28387;il
A;G005292;722;sydney;sharon;brown;84;f;w;southern pines;garden villa;46;28387;il
A;G006143;723;johnnie;harold;mcphail;69;m;b;newton grove;alex benton;82;28366;nc
B;G006143;724;johnnie;harold;mcphail;69;m;b;goldsboro;spence;700;27534;nc
A;G005880;725;mary;grace;bodmer;21;f;w;greenville;gateway west hall;304;27858;va
B;G005880;726;mary;grace;bodmer;21;f;u;apex;chilcott;103;27502;vi
B;G002304;727;jerahmie;lincoln;arrington;31;m;m;fayetteville;morrozoff;5228;28306;dc
A;G002304;728;jerahmie;;arrington;31;m;m;raleigh;ncsu metcalf;0;27607;dc
B;G005453;729;cynthia;sandlin;stout;51;f;w;wilmington;beach mountain;4487;28405;fl
A;G005453;730;cynthia;sandlin;stout;51;f;w;hampstead;windward landing;406;28443;fl
B;G005954;731;vergil;nelson;slee;101;m;w;columbus;laurel lake;621;28722;mi
A;G005954;732;vergil;n;slee;101;m;w;brevard;udoque;287;28712;
B;G000739;733;christopher;steven;mills;55;m;w;arden;holly ridge;8;28704;fl
A;G000739;734;christopher;steven;mills;55;m;w;hendersonville;dream;135;28792;fl
B;G002159;735;jason;ernest;person;49;m;w;fayetteville;larwood;2438;28306;oc
A;G002159;736;jason;ernest;person;49;m;w;raeford;hoke;105;28376;oc
B;G000362;737;brooke;wilson;mccarthy;38;f;w;leland;willow pond;1101;28451;nc
A;G000362;738;elizabeth;brooke;wilson;38;f;w;wake forest;mitchell mill;4201;27587;nc
A;G004433;739;benita;ruth;jones;64;f;b;sanford;pinehurst;1411;27330;nj
B;G004433;740;benita;r;jones;64;f;b;charlotte;margate;1957;28205;
B;G005944;741;hannah;kathileen;jones;28;f;w;greenville;tyler hall;818;27858;nc
A;G005944;742;hannah;kathleen;jackson;28;f;w;wake forest;harris;205;27587;nc
B;G000823;743;katie;lynn;burleson;29;f;w;asheville;bulldog;1500;28801;nc
A;G000823;744;katie;lynn;burleson;29;f;w;lexington;becky hill;1569;27295;nc
A;G000363;745;sarah;suzann;laprade;38;f;w;oak island;29th;110;28465;ia
B;G000363;746;sarah;suzann;laprade;38;f;w;wilmington;white ibis;4610;28412;ia
B;G002158;747;patricia;leighann;fisher;30;f;w;hope mills;permastone lake;5854;28348;nc
A;G002158;748;patricia;leighann;barr;30;f;w;raeford;magnolia;907;28376;nc
B;G005038;749;martin;vitaya;mitravijarn;37;m;m;charlotte;lorden;11911;28213;nc
A;G005038;750;martin;vitaya;mitravijarn;37;m;w;stanfield;sedgefield;10142;28163;nc
B;G003190;751;carolean;;craig;67;f;b;durham;north exeter;12311;27703;nc
A;G003190;752;carolean;conelia;craig;67;f;b;chapel hill;dobbins;1749;27514;nc
A;G003601;753;kayla;danielle;dineen;29;f;w;winston salem;yadkinville;4269;27106;va
B;G003601;754;kayla;danielle;dineen;29;f;w;raleigh;lake wheeler;1331;27603;va
B;G005402;755;jonathan;reece;counts;35;m;w;wilmington;yorkshire;213;28409;oh
A;G005402;756;jonathan;r;counts;35;m;w;wilmington;sun coast;5200;28411;oh
B;G002404;757;andera;michele;grove;56;f;b;fayetteville;marykirk;6316;28304;ga
A;G002404;758;andera;michele;grove;56;f;b;raeford;harvest;111;28376;ga
A;G000516;759;alisa;dawn;brown;50;f;w;candler;hurst;42;28715;oh
B;G000516;760;alisa;dawn;howe;50;f;w;waynesville;davis cove;131;28786;oh
B;G006604;761;jennifer;blake;parker;45;f;w;raleigh;bedell;5121;27616;nc
A;G006604;762;jennifer;blake;parker;45;f;w;goldsboro;north pointe;110;27530;nc
B;G000873;763;john;wilbur;sidel;36;m;w;morganton;shady rest;500;28655;mi
A;G000873;764;john;wilber;sidel;36;m;w;hickory;forest ridge;4970;28602;mi
A;G000487;765;richard;daniel;baldasaro;48;m;w;leicester;dix creek no 1;372;28748;nc
B;G000487;766;richard;daniel;baldasaro;48;m;w;leicester;georgetown;17;28748;nc
A;G003209;767;catherine;d;holland;93;f;w;chapel hill;cedar club;543;27517;nc
B;G003209;768;catherine;d;holland;93;f;w;chapel hill;woodbine;910;27517;nc
A;G001077;769;kenneth;edward;sparr;41;m;w;concord;dartmoor;1541;28027;ny
B;G001077;770;kenneth;edward;sparr;41;m;w;charlotte;robin s nest;12129;28269;ny
A;G003787;771;amanda;lynn;musolino;37;f;w;dunn;bud hawkins;997;28334;oh
B;G003787;772;amanda;lynn;musolino;37;f;w;fuquay varina;quest ridge;500;27526;oh
A;G005699;773;david;hamilton;page;23;m;w;chapel hill;homestead;2701;27516;tx
B;G005699;774;david;hamilton;page;23;m;w;waxhaw;cecily;2702;28173;tx
A;G005791;775;tina;morris;woolard;38;f;w;plymouth;nc hwy 32;19820;27962;nc
B;G005791;776;tina;elizabeth;morris;38;f;w;greenville;wards bridge;3887;27834;nc
A;G005479;777;madison;rae;padgett;26;f;w;wilmington;cadfel;1505;28412;nc
B;G005479;778;madison;rae;padgett;26;f;w;greenville;silver maple;2140;27858;
A;G005115;779;charles;christopher;pflum;34;m;w;charlotte;creek bend;6100;28277;nc
B;G005115;780;charles;christopher;pflum;34;m;w;waxhaw;crane;2607;28173;nc
A;G000059;781;ronnie;jonathan;jeffries;42;m;b;graham;olde carolina;1617;27253;nc
B;G000059;782;ronnie;jonathan;jeffries;42;m;m;burlington;glenkirk;1977;27215;nc
B;G003219;783;brenn;andrew;hill;36;m;w;durham;mineral springs;927;27703;ca
A;G003219;784;brenn;andrew;hill;36;m;w;carrboro;rock haven;100;27510;
B;G001607;785;judith;mcree;harman;79;f;w;maiden;thunder;3573;28650;
A;G001607;786;judith;mcree;harman;79;f;w;boone;proffit;885;28607;nc
A;G004257;787;heidi;florentina;williams;28;f;w;willow springs;chandler;116;27592;oc
B;G004257;788;heidi;florentina;williams;28;f;w;raleigh;ransdell;9133;27603;oc
A;G000348;789;larry;dwayne;lemon;63;m;w;calabash;jarvis;2013;28467;ia
B;G000348;790;larry;d;lemon;63;m;w;charlotte;camp stewart;4604;28215;ia
A;G000168;791;kameka;lashelle;springfield;40;f;b;burlington;jeffries;437;27217;nc
B;G000168;792;kameka;lashelle;springfield;40;f;b;graham;hanover;505;27253;nc
A;G004360;793;paul;edward;hensley;89;m;w;clayton;cameo;82;27527;wv
B;G004360;794;paul;edward;hensley;89;m;w;cary;wittenberg;6012;27519;wv
B;G003448;795;quinton;laray;jenkins;35;m;b;rocky mount;gay;1032;27801;nc
A;G003448;796;quinton;laray;jenkins;35;m;b;rocky mount;gay;1032;27801;nc
A;G004994;797;kyerra;myree;gibson;24;f;b;charlotte;meadow knoll;3012;28269;pa
B;G004994;798;kyerra;myree;gibson;24;f;b;salisbury;strawberry;278;28147;pa
A;G001520;799;tarla;ezzell;howard;52;f;w;emerald isle;sunrise;404;28594;nc
B;G001520;800;tarla;ezzell;howard;52;f;w;wilson;garrett;2000;27896;nc
B;G001670;801;angel;william;laboy;21;m;w;maiden;union;219;28650;nc
A;G001670;802;angel;william;laboy;21;m;m;cullowhee;central;490;28723;nc
B;G000252;803;kimberly;dawn;glenn;48;f;w;leland;huckabee;9498;28451;mo
A;G000252;804;kimberly;d;glenn;48;f;w;leland;huckabee;9498;28451;
B;G002737;805;adam;neal;koontz;37;m;w;lexington;devonshire;194;27295;
A;G002737;806;adam;neal;koontz;37;m;w;clemmons;bickerstaff;156;27012;
B;G001503;807;roberta;;gelin desrivieres;43;f;b;morehead city;bridges;612;28557;oc
A;G001503;808;roberta;;gelin desrivieres;43;f;b;hubert;middle ridge;219;28539;
B;G005302;809;tara;shenell;thompson;33;f;b;robbins;frieson;195;27325;
A;G005302;810;tara;shenell;thompson;33;f;b;goldsboro;spence;702;27534;nc
B;G005832;811;sidney;harris;bearden;40;m;w;burgaw;far side;551;28425;nc
A;G005832;812;sidney;harris;bearden;40;m;w;albemarle;old aquadale;24192;28001;
B;G001559;813;jerisha;vonketria;farrer;28;f;b;hickory;9th av;625;28602;nc
A;G001559;814;jerisha;vonketria;farrer;28;f;b;hickory;9th av;625;28602;nc
A;G006198;815;misty;nixon;lynch;39;f;w;elkin;victoria;198;28621;nc
B;G006198;816;misty;dawn;goodwill;39;f;w;state road;forest;1316;28676;nc
A;G004885;817;kyle;matthew;anderson;42;m;w;charlotte;conestoga;724;28270;la
B;G004885;818;kyle;matthew;anderson;42;m;w;waxhaw;abbotsbury;111;28173;la
A;G000143;819;lillie;m;poteat;59;f;b;burlington;pace landing;4943;27217;nc
B;G000143;820;lillie;mae;moore;59;f;b;charlotte;eastwycke place;4707;28215;nc
A;G003076;821;karlton;webster;creech;46;m;w;durham;somerdale;8003;27713;nc
B;G003076;822;karlton;webster;creech;46;m;w;chapel hill;environ;4505;27517;nc
B;G002067;823;ginny;ragan;brosnan;44;f;w;new bern;white oak;5001;28562;nc
A;G002067;824;ginny;ragan;ellis;44;f;w;timberlake;ned moore;905;27583;
A;G004117;825;jamie;dale;bare;38;m;w;jefferson;friendship;2103;28640;nc
B;G004117;826;jamie;dale;bare;38;m;w;boone;milton gragg;250;28607;nc
B;G005535;827;charlene;reynolds;pate;50;u;u;wilmington;sky crest;7400;28411;
A;G005535;828;charlene;reynolds;pate;50;f;w;columbia;light;405;27925;nc
B;G005078;829;shane;adrian;lunsford;45;m;w;charlotte;crosshaven;16821;28278;nc
A;G005078;830;shane;adrian;lunsford;45;m;w;waxhaw;belvedere;104;28173;nc
A;G004362;831;john;thomas;mitchell;65;m;u;clayton;timothy ridge;109;27520;nc
B;G004362;832;john;thomas;mitchell;65;m;w;raleigh;handsworth;840;27607;nc
A;G000549;833;daniel;leslie;dockery;49;m;w;candler;j r estates;20;28715;nc
B;G000549;834;daniel;leslie;dockery;49;m;w;morganton;river ridge;105;28655;nc
A;G001237;835;betsy;anne;kaiser;33;f;w;concord;montgrove;505;28027;nc
B;G001237;836;betsy;anne;smith;33;f;w;waynesville;joy;115;28786;nc
A;G005674;837;jeffrey;lynn;tilley;65;m;w;durham;jomali;5912;27705;nc
B;G005674;838;jeffrey;lynn;tilley;65;m;w;cary;revere crossing;500;27519;nc
B;G005056;839;arthur;emil;townend;20;m;w;charlotte;university city;9201;28223;
A;G005056;840;arthur;emil;townend;20;m;w;wilmington;appleton;4021;28412;il
A;G003230;841;mindy;sue;morgan;43;f;w;durham;grosmont;4;27704;ia
B;G003230;842;mindy;sue;morgan;43;f;w;raleigh;wycliff;2427;27607;ia
B;G000413;843;vernon;carver;rudolph;71;m;w;southport;indigo village;778;28461;dc
A;G000413;844;vernon;c;rudolph;71;m;w;winston salem;westview;222;27104;dc
B;G004818;845;johnny;lee;jones;26;m;u;charlotte;high glen;3108;28269;
A;G004818;846;johnny;lee;jones;26;m;b;battleboro;jamie;6284;27809;nc
A;G002937;847;alexander;heracles;kolyer;41;m;w;durham;greystone;10;27713;ny
B;G002937;848;alexander;heracles;kolyer;41;u;u;carrboro;jones ferry;605;27510;ny
B;G000622;849;jennifer;monroe;johnson;32;f;w;asheville;fairway;70;28805;nc
A;G000622;850;jennifer;monroe;johnson;32;f;w;charlotte;werburgh;5463;28209;nc
A;G002465;851;tiffany;suzanne;zellner;28;f;w;currituck;bell s island;180;27929;wv
B;G002465;852;tiffany;suzanne;harris;28;f;w;elizabeth city;travis;103;27909;wv
B;G002999;853;naomi;denise;dolby;48;f;b;durham;buffalo;2026;27704;nc
A;G002999;854;naomi;denise;dolby hamer;48;f;b;smithfield;rustic;133;27577;nc
B;G002194;855;keith;adrian;davis;25;m;b;fayetteville;country club;932;28301;nj
A;G002194;856;keith;adrian;davis;25;m;b;kinston;michelle;2110;28504;nj
A;G003526;857;paul;eugene;douthit;43;u;u;winston salem;claremont;2626;27105;nc
B;G003526;858;paul;eugene;douthit;43;m;b;winston salem;twenty second;1639;27105;nc
B;G002746;859;david;s;hedrick;76;m;w;sparta;westwood;266;28675;va
A;G002746;860;david;stafford;hedrick;76;m;w;sparta;westwood;266;28675;va
B;G005985;861;chrystal;elisabeth;dowd;42;f;b;asheboro;fayetteville;1819;27203;nc
A;G005985;862;chrystal;dowd;singletary;42;f;b;lumberton;howell;7097;28358;nc
B;G005152;863;john;david;wallace;49;m;w;matthews;freemont;446;28105;pa
A;G005152;864;john;david;wallace;49;m;w;waxhaw;pinetuck;7807;28173;pa
B;G002443;865;damien;jevon;haywood;29;m;b;fayetteville;coley;1310;28301;
A;G002443;866;damien;jevon;haywood;29;m;b;durham;birds nest;4;27703;nc
B;G002120;867;theresa;ann;britt;55;f;w;fayetteville;graysville;3183;28306;
A;G002120;868;teresa;gray;britt;55;f;u;waynesville;oak;61;28786;nc
B;G006319;869;jaikira;alicze;rasberry;20;u;b;raleigh;south;118;27601;
A;G006319;870;jaikira;alicze;rasberry;20;u;b;elm city;gray;602;27822;
A;G004378;871;edward;turner;dalton;44;m;w;smithfield;stoneview;104;27577;fl
B;G004378;872;edward;turner;dalton;44;m;w;wilmington;johnston;310;28412;fl
B;G001904;873;carrie;elizabeth;johnson;35;f;w;boiling springs;main;110;28017;sc
A;G001904;874;carrie;elizabeth;johnson;35;f;w;charlotte;bordeaux;12013;28277;sc
A;G006149;875;malinda;;newman;40;f;u;dunn;mingo church;2063;28334;
B;G006149;876;malinda;anne;newman;40;f;w;dunn;aman dairy;586;28334;fl
A;G002704;877;jason;;shaver;34;m;w;lexington;j m penninger;529;27292;
B;G002704;878;jason;alvin;shaver;34;m;w;winston salem;waterford;3051;27106;nc
B;G003280;879;april;renee;packer;43;f;w;durham;audubon lake;600;27713;nc
A;G003280;880;april;renee;packer;43;f;w;wilmington;richardson;4917;28405;nc
A;G000697;881;jessica;saams;metcalf;27;f;w;asheville;bear creek;109;28806;nc
B;G000697;882;jessica;layne;saams;27;f;w;canton;suncrest bottoms;110;28716;nc
A;G003979;883;alison;ann;goodson;36;f;w;mooresville;brawley school;506;28117;oc
B;G003979;884;alison;goodson;carr;36;f;w;clinton;moltonville;393;28328;oc
A;G006080;885;benjamin;porter;fraser;28;m;u;reidsville;pennington;411;27320;pa
B;G006080;886;benjamin;porter;fraser;28;m;w;reidsville;pennington;411;27320;pa
A;G004488;887;michelle;nichole;mannchen;28;f;w;denver;hagers hollow;7243;28037;wi
B;G004488;888;michelle;nichole;mannchen;28;f;w;cornelius;sandy cove;21529;28031;wi
B;G004007;889;michael;irving;dietrich;73;m;w;mooresville;savannah crossing;161;28115;ca
A;G004007;890;michael;irving;dietrich;73;m;w;mooresville;nc hwy 152;9385;28115;ca
A;G005345;891;susan;hope;porch;60;f;w;battleboro;red oak battleboro;5369;27809;
B;G005345;892;susan;johnson;porch;60;f;w;gaston;craige;320;27832;pa
B;G000491;893;laurinda;kirsten;anderson;49;f;u;arden;glen cove;28;28704;ct
A;G000491;894;laurinda;kirsten;anderson;49;f;w;lenoir;kentwood;525;28645;ct
B;G002168;895;haley;danielle;mcpherson;27;f;w;stedman;oak grove church;6912;28391;nc
A;G002168;896;haley;mcpherson;edwards;27;f;w;dunn;courtney;189;28334;nc
A;G000956;897;angel;dion;johnson;41;f;w;valdese;ribet;135;28690;
B;G000956;898;angel;johnson;mcclellan;41;f;w;granite falls;bowman;3205;28630;nc
B;G001966;899;jaimie;dare;harwood;29;f;w;whiteville;mrs tates;563;28472;nc
A;G001966;900;jaimie;dare;harwood;29;f;u;wilmington;13th;205;28401;nc
B;G002117;901;lyn;n;bluford;33;f;b;fayetteville;mars;3105;28301;nj
A;G002117;902;lyn;nicole;mclean;33;f;b;fayetteville;andover;310;28311;nj
A;G000241;903;charles;braddy;corbett;39;m;w;bolivia;goose marsh;2588;28422;nc
B;G000241;904;charles;braddy;corbett;39;m;w;clayton;riverstone;350;27527;
B;G001424;905;alan;marshall;horton;56;m;w;newport;avis;180;28570;or
A;G001424;906;alan;marshall;horton;56;m;w;new bern;village;1309;28562;or
A;G001669;907;nicki;rae;elks;28;f;w;vale;willis;9161;28168;nc
B;G001669;908;nicki;rae;walker;28;f;w;vale;highway 10;9419;28168;nc
A;G002521;909;judith;hancock;rosenberger;65;f;w;manteo;burnside;1219;27954;tn
B;G002521;910;judith;hancock;rosenberger;65;f;w;hillsborough;blue heron;131;27278;tn
B;G000862;911;chelsey;ann;wilson;33;f;w;candler;monte vista;760;28715;nc
A;G000862;912;chelsey;ann;wilson;33;f;w;charlotte;providence;4028;28211;
A;G002448;913;phylisicia;nicole;carter;39;f;b;fayetteville;old vander;1335;28312;nc
B;G002448;914;phylisicia;nicole;carter;30;f;b;chapel hill;paul hardin;550;27514;nc
A;G000502;915;hilliary;shea;begley;32;f;w;asheville;king arthur;5;28806;nc
B;G000502;916;hilliary;shea;begley;32;f;w;brevard;country club;728;28712;nc
A;G001851;917;ronald;kevin;ross;61;m;w;murphy;tims;408;28906;ok
B;G001851;918;ronald;kevin;ross;61;m;w;charlotte;old providence;6101;28226;ok
A;G004394;919;leslie;smith;jones;62;f;w;trenton;stroud;440;28585;nc
B;G004394;920;leslie;smith;jones;62;f;w;kinston;british;746;28501;nc
A;G002377;921;kimberly;renee;jackson;50;f;b;fayetteville;yellowbrick;2068;28314;ny
B;G002377;922;kimberly;renee;jackson;50;f;b;knightdale;carrington;401;27545;ny
B;G000705;923;sean;allen;safrit;31;m;w;asheville;nicholas;204;28806;fl
A;G000705;924;sean;allen;safrit;31;m;w;rockwell;ashley;316;28138;fl
B;G002084;925;william;earl;long;59;m;w;new bern;james;115;28560;nc
A;G002084;926;william;earl;long;59;m;w;new bern;glenburnie;211;28560;nc
A;G004991;927;eman;mahmud;mahmud;30;f;o;matthews;brenham;914;28105;ny
B;G004991;928;eman;mahmud;mahmud;30;f;u;boone;birch;130;28607;ny
B;G005257;929;faye;a;dye;53;f;b;mt gilead;white tail;127;27306;nc
A;G005257;930;faye;ann;dye;53;f;b;raleigh;hollowell;4712;27604;
B;G004218;931;judith;williams;kuykendall;70;f;w;clayton;congress;36;27527;nc
A;G004218;932;judith;williams;kuykendall;70;f;w;greenville;golf view;333;27834;nc
A;G002624;933;mark;alan;bowling;57;m;w;clemmons;keswick;1006;27012;ky
B;G002624;934;mark;alan;bowling;57;m;w;clemmons;salem village;1038;27012;ky
B;G002111;935;john;lee;gardner;44;m;w;vanceboro;bailey;255;28586;nc
A;G002111;936;john;lee;gardner;44;m;w;greenville;heath;800;27858;nc
B;G001402;937;gregory;paul;novicki;61;m;w;emerald isle;emerald;7309;28594;nc
A;G001402;938;gregory;paul;novicki;61;m;w;pink hill;central;304;28572;nc
B;G003473;939;madison;quinn;nommsen;18;f;w;winston salem;fox lake;200;27106;ca
A;G003473;940;madison;quinn;nommsen;18;f;w;raleigh;ncsu bragaw;0;27607;
B;G001703;941;marielle;elizabeth;yohe;41;f;w;chapel hill;durant;300;27517;ct
A;G001703;942;marielle;elizabeth;yohe;41;f;w;chapel hill;canterbury;1066;27517;ct
A;G003202;943;justine;brand;collins;34;f;w;rougemont;roxboro;13017;27572;fl
B;G003202;944;justine;laurel;shook;34;f;w;clayton;naples;280;27527;fl
B;G002574;945;timothy;lee;brinkley;39;m;w;lexington;craver;1335;27295;nc
A;G002574;946;timothy;lee;brinkley;39;m;w;advance;old homeplace;205;27006;nc
B;G005588;947;ashley;elizabeth;phillips;30;f;w;camp lejeune;delaware;5861;28547;fl
A;G005588;948;ashley;;khan;30;f;w;camp lejeune;eden;2914;28547;
A;G001066;949;robert;burns;roberts;59;m;w;concord;bondale;8850;28025;nc
B;G001066;950;robert;burns;roberts;59;m;w;charlotte;seton house;6918;28277;nc
A;G003709;951;brittany;nichole;good;20;f;w;lewisville;sequoia;1168;27023;nc
B;G003709;952;brittany;n;good;20;f;w;greenville;5th;505;27858;
A;G004878;953;amanda;jean;wilson;32;f;w;charlotte;eagle chase;4302;28216;va
B;G004878;954;amanda;jean;cude;32;f;w;charlotte;chapman;8019;28216;va
A;G002666;955;brenda;osborne;wade;66;f;w;lexington;cameron;399;27295;
B;G002666;956;brenda;kay;wade;66;f;w;westfield;king;2086;27053;nc
B;G006452;957;sharon;denise;thompson;49;f;b;raleigh;hargett;128;27601;nc
A;G006452;958;sharon;denise;thompson;49;f;b;raleigh;crest;1407;27606;nc
A;G001568;959;wayne;gilbert;lentz;80;m;w;catawba;carlos;5086;28609;nc
B;G001568;960;wayne;g;lentz;80;m;w;huntersville;swansboro;11718;28078;
B;G005701;961;kendra;shantel;fleming;28;f;b;chapel hill;hinton james;515;27514;nc
A;G005701;962;kendra;shantel;fleming;28;f;b;reidsville;candy creek;449;27320;nc
B;G002215;963;deborah;ann;baysore;54;f;w;fayetteville;park;216;28305;mi
A;G002215;964;deborah;ann;baysore;54;f;w;fayetteville;park;216;28305;mi
B;G004949;965;amy;slice;shea;27;u;u;huntersville;pinnacle cross;8714;28078;
A;G004949;966;amy;slice;shea;27;f;w;raleigh;aristides;10151;27617;va
B;G000652;967;matthew;ross;gregg;36;m;w;asheville;peach knob;22;28804;
A;G000652;968;matthew;ross;gregg;36;m;w;fletcher;nathan;111;28732;nc
B;G000954;969;donald;neal;tucker;61;m;b;hickory;37th;216;28602;nc
A;G000954;970;donald;neal;tucker;61;m;b;hickory;19th;504;28602;nc
B;G003539;971;kevin;brett;karpinski;43;m;w;pfafftown;stimpson ridge;4667;27040;nc
A;G003539;972;kevin;brett;karpinski;43;m;w;chapel hill;christopher;102;27514;nc
B;G005842;973;candace;tandeleyo;bumpass;33;f;b;roxboro;brookstone;122;27573;nc
A;G005842;974;candace;bumpass;stephens;33;f;b;cary;harlon;401;27511;nc
A;G001365;975;pamela;rae;irland;64;f;w;hickory;longview;6416;28601;ca
B;G001365;976;pamela;rae;dehlin;64;f;w;statesville;east elementary;605;28625;ca
B;G003880;977;mason;erick;kropp;23;m;w;hendersonville;cosmos;134;28791;nc
A;G003880;978;mason;erick;kropp;23;m;w;marion;thole;92;28752;nc
A;G004215;979;belinda;jones;kiziah;55;f;w;benson;phyllis;116;27504;nc
B;G004215;980;belinda;jones;kiziah;55;f;w;clinton;hobbton;5710;28328;nc
B;G003062;981;ariel;catherine;reynolds;36;f;w;durham;colgate;607;27704;
A;G003062;982;ariel;catherine;reynolds;36;f;w;chapel hill;wesley;304;27516;tx
B;G006213;983;jonathon;kendall;cawley;27;m;w;mount airy;country club;508;27030;nc
A;G006213;984;jonathon;kendall;cawley;27;m;w;boone;king;300;28607;
A;G000657;985;andrew;robert;lawson;29;m;w;asheville;juno;58;28806;nc
B;G000657;986;andrew;robert;lawson;29;m;w;sylva;mountain forest;475;28779;nc
B;G001485;987;ana;marie;parker;36;f;w;peletier;rolling hill;128;28584;nc
A;G001485;988;ana;marie;johnson;36;f;w;rocky point;nc hwy 210;19210;28457;nc
B;G003723;989;ryan;lee;bonifay;28;m;w;pfafftown;timberfield;4464;27040;pa
A;G003723;990;ryan;lee;bonifay;28;m;w;raleigh;markridge;5451;27607;pa
A;G002987;991;alya;;anderson;27;f;w;durham;wellwater;321;27703;
B;G002987;992;alya;suad;anderson;27;f;w;raleigh;reedy ridge;8473;27613;md
A;G000998;993;ryan;patrick;ivers;38;m;w;harrisburg;dorchester;5606;28075;ct
B;G000998;994;ryan;patrick;ivers;38;m;w;charlotte;hinsdale;2800;28210;ct
A;G001659;995;leah;michelle;boggs;48;f;w;newton;nance;1904;28658;nc
B;G001659;996;leah;boggs;williams;48;f;u;maiden;lilly;170;28650;
B;G004327;997;michael;kevin;mcphatter;52;m;b;clayton;boulder;228;27520;nc
A;G004327;998;michael;kevin;mcphatter;52;m;b;raleigh;bergstrom;7821;27616;nc
A;G005859;999;justin;robert;best;30;m;w;ayden;gum swamp;4818;28513;nc
B;G005859;1000;justin;robert;best;30;m;w;cary;revere crossing;700;27519;nc
A;G005401;1001;rebekah;avery;hickmon;30;f;w;wilmington;riverwoods;6260;28412;ar
B;G005401;1002;rebekah;avery;scales;30;f;w;cary;balwins gate;10133;27511;ar
B;G003818;1003;robert;dennis;curtin;61;m;w;clyde;ingram;107;28721;va
A;G003818;1004;robert;dennis;curtin;61;m;w;mars hill;honey;40;28754;va
B;G002754;1005;rochelle;elizabeth;gamble;32;f;w;sparta;reid;64;28675;
A;G002754;1006;rochelle;elizabeth;gamble;32;f;w;apex;creek glen;11205;27502;oc
B;G005348;1007;lauren;dianne;knight;27;f;w;rocky mount;woodlawn;3209;27804;nc
A;G005348;1008;lauren;knight;pike;27;f;w;nashville;sherrod;2935;27856;nc
B;G000833;1009;carey;leigh;west;45;f;w;asheville;beverly;224;28805;nc
A;G000833;1010;carey;leigh;west;45;f;w;charlotte;mountain point;5701;28216;nc
B;G000438;1011;david;bradley;purvis;34;m;w;supply;sand hill;729;28462;ga
A;G000438;1012;david;bradley;purvis;34;m;w;wilmington;seminole;238;28409;ga
B;G000909;1013;lois;janet;baker;71;f;w;drexel;poteat;303;28619;nc
A;G000909;1014;lois;janet;baker;71;f;w;drexel;poteat;303;28619;nc
B;G000797;1015;douglas;james;metcalf;47;m;w;arden;yorktown;63;28704;nc
A;G000797;1016;douglas;james;metcalf;47;m;w;roxboro;dolly;1212;27573;nc
B;G001643;1017;stephanie;gregory;tyson;35;f;w;denver;pebble bay;6939;28037;nc
A;G001643;1018;stephanie;gregory;tyson;35;f;w;iron station;arden gate;4988;28080;nc
A;G000222;1019;roger;brice;vandling;51;m;w;elon;shepherd;3437;27244;mi
B;G000222;1020;roger;brice;vandling;51;m;w;elon;cherry grove;3495;27244;mi
B;G001920;1021;jeremy;curtis;johnson;41;m;w;kings mountain;harbor springs;213;28086;nc
A;G001920;1022;jeremy;curtis;johnson;41;m;w;marshville;hwy 218;5709;28103;nc
B;G002388;1023;jamaal;ishmiel;griffin;29;u;u;fayetteville;chason ridge;5908;28314;oc
A;G002388;1024;jamaal;ishmiel;griffin;29;m;b;spring lake;stone cross;508;28390;
B;G000809;1025;erin;denise;varvel;40;f;w;swannanoa;bridgestone;3;28778;ny
A;G000809;1026;erin;denise;dublino;40;f;w;franklin;underburg;335;28734;ny
B;G003451;1027;ladonna;emerson;french;50;f;w;rocky mount;batchelor;408;27801;nc
A;G003451;1028;ladonna;emerson;french;50;f;w;nashville;sandy cross;2376;27856;nc
B;G004615;1029;victoria;jean;vinke;31;f;w;banner elk;horney hollow;100;28604;il
A;G004615;1030;victoria;jean;hayes;31;f;w;boone;jack hayes;472;28607;il
A;G006364;1031;delwynne;t;lennon;58;m;b;raleigh;cahaba;5412;27616;nc
B;G006364;1032;delwynne;;lennon;58;m;b;raleigh;cahaba;5412;27616;nc
A;G002478;1033;sara;justine;fassett;26;f;w;powells point;wild geese;132;27966;nc
B;G002478;1034;sara;justine;fassett;26;f;w;indian trail;third;6705;28079;nc
A;G000213;1035;beverly;moody;bridges;63;f;w;graham;whispering oaks;4072;27253;nc
B;G000213;1036;beverly;moody;kelso;63;f;w;statesville;taylorsville;4274;28625;nc
B;G005273;1037;christopher;wayne;jackson;46;m;w;carthage;vass carthage;2085;28327;nc
A;G005273;1038;christopher;wayne;jackson;46;m;w;farmville;horne;4017;27828;nc
B;G000136;1039;brittany;jo;gerringer;26;f;u;burlington;boone station;770;27215;nc
A;G000136;1040;brittany;jo;gerringer;26;f;w;wilmington;hunters;5010;28405;
B;G004020;1041;amy;;stclair;44;f;u;statesville;broad;503;28677;
A;G004020;1042;amy;lynn;st clair;44;f;w;waxhaw;wall;1378;28173;va
B;G001021;1043;kirsen;seritta;hammond;34;f;b;concord;woodbrook;605;28025;mi
A;G001021;1044;kirsen;seritta;mckeithan;34;f;b;durham;hwy 55;5523;27713;mi
B;G003894;1045;marie;;archer;88;u;w;hendersonville;freedom;131;28792;
A;G003894;1046;marie;;archer;88;f;w;bryson city;deep creek;510;28713;nj
A;G000728;1047;donna;evans;may;60;f;w;leicester;may haven;13;28748;fl
B;G000728;1048;donna;evans;may;60;f;w;huntersville;maxwelton;8007;28078;fl
B;G001372;1049;robert;bradley;miller;39;m;w;lenoir;jason;526;28645;nc
A;G001372;1050;robert;bradley;miller;39;m;w;boone;clint norris;583;28607;nc
B;G003846;1051;michelle;l;jacobs;49;f;w;canton;bearwallow;47;28716;
A;G003846;1052;michelle;leigh;jacobs;49;f;w;fletcher;planters creek;66;28732;in
B;G000559;1053;eric;dwayne;winebarger;45;u;w;asheville;reddick;5;28805;
A;G000559;1054;eric;dwyane;winebarger;45;m;w;rutherfordton;poors ford;3151;28139;nc
A;G006254;1055;charles;jerome;myers;43;m;u;indian trail;matilda;1001;28079;
B;G006254;1056;charles;jerome;myers;43;m;b;raleigh;sunny madison;2707;27604;va
A;G001498;1057;barbara;kay;brun;36;f;w;newport;walking leaf;107;28570;nc
B;G001498;1058;barbara;kay;brun;36;f;w;havelock;kim;109;28532;nc
B;G000640;1059;alfred;frank;vetere;67;m;w;arden;pine needle;20;28704;ny
A;G000640;1060;alfred;frank;vetere;67;m;w;fletcher;wiltshire;392;28732;ny
A;G003905;1061;nancy;jo;smith;69;f;w;flat rock;pinnacle peak;377;28731;in
B;G003905;1062;nancy;jo;smith;69;f;w;lake lure;mcowenben;434;28746;in
A;G000595;1063;jennifer;marie;puglisi;37;u;w;weaverville;arrowood;135;28787;
B;G000595;1064;jennifer;marie;puglisi;37;f;w;marshall;upper brush creek;2725;28753;la
B;G002220;1065;paul;andrew;schulken;27;m;w;fayetteville;countryside;6549;28311;nc
A;G002220;1066;paul;andrew;schulken;27;m;w;raleigh;greenleaf;3811;27606;nc
A;G000720;1067;marian;camille;cruz bergollo;33;f;w;asheville;atkinson;31;28801;pr
B;G000720;1068;marian;camille;cruz bergollo;33;f;u;hendersonville;ethan;162;28792;pr
A;G003810;1069;riley;lenward;allen;70;m;b;angier;oxford;55;27501;nc
B;G003810;1070;riley;lenward;allen;70;m;b;raleigh;plentywood;800;27615;nc
B;G003901;1071;caitlin;elizabeth;klassovity;32;f;w;mills river;bane;167;28759;
A;G003901;1072;caitlin;elizabeth;klassovity;32;f;w;lake toxaway;lakeside;454;28747;ny
A;G001432;1073;kristen;morton;turney;33;f;w;peletier;silver creek landing;311;28584;nc
B;G001432;1074;kristen;morton;turney;33;f;w;smithfield;brazil nut;122;27577;nc
A;G001800;1075;katie;marie;garland;31;f;w;apex;patriot;85;27523;ny
B;G001800;1076;katie;;garland;31;f;w;apex;grassy point;100;27502;ny
A;G002411;1077;tahirah;mcneil;ravenell;41;u;b;hope mills;meteor;3841;28348;
B;G002411;1078;tahirah;mcneil;ravenell;41;f;b;raeford;wedgefield;519;28376;sc
B;G000282;1079;mildred;edwards;goodwin;63;f;w;ocean isle beach;salt marsh;1774;28469;sc
A;G000282;1080;mildred;edwards;goodwin;63;f;w;laurel hill;omah hill;21621;28351;sc
B;G004542;1081;michael;edward;brenneman;40;m;w;stanley;haley;8021;28164;co
A;G004542;1082;michael;edward;brenneman;40;m;w;charlotte;shady reach;2905;28214;co
A;G005845;1083;raynard;keith;blackwell;58;m;b;roxboro;flat river church;1984;27574;nc
B;G005845;1084;raynard;keith;blackwell;58;u;b;roxboro;flat river church;1984;27574;
A;G004874;1085;omari;lamonte;stewart;38;m;b;charlotte;troon;9115;28214;nc
B;G004874;1086;omari;lamonte;stewart;38;m;b;elizabeth city;ecsu;0;27909;nc
B;G004702;1087;gustavo;e;serrano ferreras;34;u;u;charlotte;kings creek;8241;28273;
A;G004702;1088;gustavo;enrique;serrano ferreras;34;m;o;monroe;devon;2411;28110;
B;G004210;1089;martin;lee;shank;48;m;w;clayton;dawson;101;27527;oh
A;G004210;1090;martin;lee;shank;48;m;w;raleigh;wood valley;4400;27613;oh
A;G001973;1091;ashley;nicole;rouse;30;f;w;chadbourn;emily;555;28431;va
B;G001973;1092;ashley;nicole;rouse;30;f;w;knightdale;aragon;1301;27545;va
B;G001080;1093;kara;ann;williams;24;f;w;mount pleasant;brackenberry;112;28124;nc
A;G001080;1094;kara;ann;williams;24;f;w;oakboro;hilltop;830;28129;nc
A;G003363;1095;michelle;;kelly;31;f;u;durham;chapel hill;2920;27707;
B;G003363;1096;michelle;r;kelly;31;f;b;chapel hill;nc hwy 54;1105;27516;md
A;G001596;1097;carla;lois;van zandt;64;f;w;hickory;2nd;2220;28601;tx
B;G001596;1098;carla;lois;van zandt;64;f;w;clayton;boling;500;27520;tx
B;G003575;1099;leah;darlene;epling;41;f;w;winston salem;turtle rock;1023;27104;ca
A;G003575;1100;leah;darlene;epling;41;f;w;walnut cove;main;803;27052;ca
B;G003192;1101;grant;thomas;cruise;38;m;w;durham;otters;15;27712;nc
A;G003192;1102;grant;thomas;cruise;38;m;w;charlotte;tennyson;1109;28208;nc
B;G006473;1103;tracey;clayton;barker;53;m;w;holly springs;brightling;424;27540;nc
A;G006473;1104;tracey;clayton;barker;53;m;w;goldsboro;us 13;3658;27530;nc
B;G001698;1105;anna;scarlett;meade;22;f;w;hickory;5th av;1072;28601;nc
A;G001698;1106;anna;scarlett;meade;22;f;w;wilmington;cedar branch;233;28403;nc
A;G004950;1107;jessica;elizabeth;hartman;33;f;w;charlotte;martin luther king jr;355;28202;pa
B;G004950;1108;jessica;elizabeth;hartman;33;f;u;waxhaw;appomatox;501;28173;pa
A;G004750;1109;daniel;david;jones;48;m;m;matthews;kilmarnock;2727;28105;tx
B;G004750;1110;daniel;david;jones;48;m;w;monroe;silver run;2401;28110;tx
A;G006008;1111;blake;garon;salmons;36;m;w;randleman;windsor place;320;27317;nc
B;G006008;1112;blake;garon;salmons;36;m;w;eden;shannon;316;27288;nc
A;G003549;1113;jarrod;tanner;may;40;m;w;winston salem;bethany trace;2049;27127;va
B;G003549;1114;jarrod;t;may;40;m;w;charlotte;mosscroft;3813;28215;va
B;G000062;1115;jennifer;clayton;noah;45;f;w;haw river;gifford;2155;27258;nc
A;G000062;1116;jennifer;clayton;virginia;45;f;w;hurdle mills;hawkins;2206;27541;nc
A;G002964;1117;mericul;leshell;moore;31;f;b;durham;peppertree;2211;27705;in
B;G002964;1118;mericul;leshall;moore;31;f;b;raleigh;magellan;5704;27612;in
A;G003096;1119;jonathan;;granger;24;m;b;durham;fayetteville;2112;27707;nc
B;G003096;1120;jonathan;clay;granger;24;m;b;charlotte;dervish;12611;28269;
A;G003902;1121;diana;candell;kostigen;48;f;w;hendersonville;evergreen;2215;28792;ca
B;G003902;1122;diana;candell;kostigen;48;f;w;morrisville;grace park;2301;27560;ca
B;G003691;1123;denise;arnette;mathews;55;f;b;winston salem;janita;1522;27127;ok
A;G003691;1124;denise;arnette;mathews;55;f;b;knightdale;laurens;413;27545;ok
B;G004250;1125;mary;alice;cruz;56;f;w;clayton;averasboro;306;27520;nj
A;G004250;1126;mary;alice;cruz;56;f;w;cary;carywood;1418;27513;nj
A;G005243;1127;ana;;townsend;34;f;w;charlotte;long hill;9746;28214;nc
B;G005243;1128;ana;lynne;townsend;34;f;w;raleigh;townesbury;4606;27612;nc
B;G004263;1129;liliana;zuniga;contreras;24;f;o;kenly;glendale;5311;27542;nc
A;G004263;1130;liliana;zuniga;contreras;24;f;u;kenly;glendale;5311;27542;nc
A;G005526;1131;julian;elijah;morris;23;u;u;wilmington;moss vine;5604;28403;
B;G005526;1132;julian;elijah;morris;23;m;b;apex;chimney hill;1217;27502;ca
A;G001546;1133;michelle;clark;helton;27;f;w;pelham;lake;318;27311;nc
B;G001546;1134;michelle;clark;helton;27;f;w;carrboro;rock haven;100;27510;nc
B;G006121;1135;robyn;brown;medina;55;f;w;salisbury;settlers grove;162;28146;nc
A;G006121;1136;robyn;brown;medina;55;f;w;pisgah forest;hawkins farm;163;28768;
A;G001708;1137;michael;eugene;beck;48;m;w;pittsboro;grove park;120;27312;mi
B;G001708;1138;michael;eugene;beck;48;m;w;charlotte;scott gate;10318;28277;mi
B;G005812;1139;kyree;;jackson;27;m;b;rocky point;fennell town;1762;28457;nc
A;G005812;1140;kyree;markez;jackson;27;m;b;forest city;spruce;124;28043;nc
A;G000712;1141;ellen;beth;richard;58;f;w;asheville;springwood;55;28805;ca
B;G000712;1142;ellen;b;richard;58;f;w;asheville;zephyr;27;28806;
B;G001198;1143;amanda;nicole;baldwin;27;f;w;kannapolis;hilton lake;4885;28083;oc
A;G001198;1144;amanda;nicole;baldwin;27;f;w;rockwell;cardinal;117;28138;oc
A;G005523;1145;megan;paige;turner;26;f;w;wilmington;jefferson;2016;28401;nc
B;G005523;1146;megan;paige;turner;26;f;w;greenville;6th;1805;27858;nc
B;G000226;1147;doris;curl;tillman;88;f;w;graham;lindley mill;7622;27253;nc
A;G000226;1148;doris;curl;tillman;88;f;w;pittsboro;east;1825;27312;
B;G003361;1149;irene;m;watkins;64;f;u;durham;cottondale;4601;27703;
A;G003361;1150;irene;mack;watkins;64;f;b;garner;ainsworth;1511;27529;nc
A;G003064;1151;si yang;;miao;29;m;a;chapel hill;spring meadow;3201;27517;oc
B;G003064;1152;si yang;;miao;29;m;a;charlotte;5th;824;28202;
B;G003232;1153;laura;marie;sheridan;22;u;u;;confidential;0;;nc
A;G003232;1154;laura;marie;sheridan;22;f;w;raleigh;palace garden;1353;27603;nc
B;G003243;1155;monique;;hall;53;f;b;durham;alexan;600;27707;nj
A;G003243;1156;monique;;hall;53;f;b;chapel hill;pinegate;212;27514;nj
A;G003994;1157;conrad;darnell;wilson;68;m;b;troutman;weathers creek;396;28166;nc
B;G003994;1158;conrad;darnell;wilson;68;m;b;salisbury;independence;245;28147;nc
B;G002426;1159;maya;janese;atkins;24;f;b;fayetteville;deep creek;805;28312;nc
A;G002426;1160;maya;ja nese;atkins;24;f;b;charlotte;back bay;1746;28212;nc
A;G001529;1161;heather;renae;janney;34;f;w;prospect hill;nc highway 86 s;12397;27314;mo
B;G001529;1162;heather;renae;janney;34;f;w;cedar grove;hurdle mills;2418;27231;mo
B;G005326;1163;dorcas;w;foy;69;f;b;spring hope;poplar;205;27882;nc
A;G005326;1164;dorcas;;foy;69;m;o;zebulon;staghound;10764;27597;oc
A;G004798;1165;kieran;joseph;kessler;50;m;w;charlotte;wilklee;10804;28277;ny
B;G004798;1166;kieran;joseph;kessler;50;m;w;waxhaw;groves edge;2013;28173;ny
A;G006063;1167;judy;marie;poole;54;f;b;reidsville;tipton;530;27320;nc
B;G006063;1168;judy;marie;poole;54;f;b;reidsville;craddock;719;27320;nc
A;G004338;1169;megan;haseley;guild;36;f;w;clayton;spalding;113;27527;ny
B;G004338;1170;megan;haseley;guild;36;f;w;raleigh;dutchman;3445;27610;ny
B;G003639;1171;lorraine;kathryn;mabe;64;f;w;winston salem;olivet church;2208;27106;pa
A;G003639;1172;lorraine;k;mabe;64;f;w;sandy ridge;ralph joyce;2549;27046;pa
A;G002673;1173;tommie;nelson;brittle;32;m;w;winston salem;country;1431;27107;nc
B;G002673;1174;tommie;nelson;brittle;32;m;w;chapel hill;creel;109;27516;nc
B;G006013;1175;travis;edward;suits;27;m;w;trinity;cedarberry;6527;27370;nc
A;G006013;1176;travis;edward;suits;27;m;w;deep gap;high knolls;172;28618;nc
A;G000264;1177;gregory;trelle;stackhouse;48;m;b;leland;old fayetteville;150;28451;nc
B;G000264;1178;gregory;trelle;stackhouse;48;m;b;whiteville;thompson town;688;28472;nc
B;G005003;1179;timothy;allen;faugl;30;m;w;charlotte;10th;610;28202;sc
A;G005003;1180;timothy;allen;faugl;30;m;w;raleigh;avent;1041;27606;sc
B;G000742;1181;vivian;anne;lutz;83;f;w;asheville;distant view;102;28803;mi
A;G000742;1182;vivian;anne;lutz;83;f;w;hendersonville;perseverance pathway;45;28739;mi
A;G005915;1183;caitlin;;humes;33;f;w;greenville;summit;112;27858;
B;G005915;1184;caitlin;mcdonald;humes;33;f;w;raleigh;lupine;1111;27606;nc
B;G000427;1185;sandra;june;becker;70;f;w;leland;guyton;3433;28451;wi
A;G000427;1186;sandra;june;becker;70;f;w;wilmington;tarpon;913;28409;wi
A;G004622;1187;czarina;geneva;moore;31;f;b;charlotte;beatties ford;100;28216;nc
A;G000885;1188;cindy;;yang;28;f;a;connelly springs;knobs;7224;28612;ca
B;G004548;1189;jeremy;issac;pendleton;40;m;w;crouse;highway 150;2765;28033;nc
A;G002384;1190;aracelis;;pabon ramos;44;f;o;fort bragg;martin;131;28307;pr
A;G000184;1191;jeremy;leighton;wells;41;m;w;burlington;maple ridge;1204;27217;nc
A;G005584;1192;kathryn;demick;smith;45;f;w;gaston;bay;227;27832;ny
A;G006151;1193;george;nathan;lee;56;m;w;dunn;stone place;60;28334;nc
A;G003466;1194;lois;hudson;moore;66;f;w;tarboro;howard;300;27886;nc
B;G003632;1195;ashley;v;clark;39;f;w;winston salem;dewsbury;3707;27104;nc
A;G003631;1196;shakela;taquana;simmons;27;f;b;winston salem;glendare;320;27104;nc
A;G006183;1197;kelly;erin;graham;32;f;u;king;maple;138;27021;
B;G006524;1198;carl;stanley;depo;45;m;w;raleigh;dumfries;5805;27609;ia
A;G004452;1199;shaquana;teresa;delesbore;25;f;m;kinston;howard;1311;28501;
B;G005856;1200;melissa;sheridan;horsman;51;f;w;greenville;turtle creek;1110;27858;ma
A;G005988;1201;crystal;brummett;talent;40;f;w;archdale;aldridge;307;27263;nc
B;G000237;1202;laura;lynn;cramer;63;f;w;mebane;carden place;141;27302;mi
B;G006265;1203;daniel;;elliott;45;m;b;henderson;lynn haven;147;27536;nc
A;G006169;1204;curt;taylor;suneson;27;m;w;richfield;high rock;48400;28137;mn
B;G004735;1205;george;a;tolley;53;m;w;charlotte;canterwood;2107;28213;va
B;G003705;1206;shirley;cleveland;johnson;74;f;w;walkertown;york place;5215;27051;ny
B;G005750;1207;richard;;cushing;71;m;w;oriental;whittaker point;415;28571;mi
B;G002767;1208;huldah;norma jo;johnson;44;f;w;mocksville;stone wood;148;27028;nc
A;G006316;1209;kathryn;michelle;sayre;35;f;w;raleigh;caspan;1125;27610;ga
B;G000004;1210;alyssa;danielle;marion;30;f;w;burlington;spring;852;27215;ny
B;G002295;1211;jason;paul;dellarusso;39;m;w;hope mills;maidstone;5915;28348;nc
A;G006637;1212;jenna;catherine;wells;23;f;w;boone;crossing way;219;28607;ga
A;G004856;1213;george;a;medina;60;m;w;charlotte;long creek;341;28214;oh
A;G006566;1214;angela;dawn;cottrell;39;f;w;raleigh;cameo glass;5909;27612;nc
A;G003027;1215;wanda;marie;cothern;62;f;w;durham;ross;2551;27703;nc
A;G004124;1216;david;isaac;st clair;38;m;w;sylva;cope creek;960;28779;oh
B;G002794;1217;william;hampton;andrews;33;m;w;advance;kingsmill;415;27006;al
A;G006062;1218;deborah;adams;blackwell;61;f;b;reidsville;stewart store;293;27320;va
B;G006483;1219;travis;madison;jones;28;m;w;wake forest;camp kanata;14200;27587;nc
A;G005062;1220;anika;ifetayo;bailey;25;f;b;charlotte;modern;7037;28217;ny
B;G005958;1221;ariel;ann;gordon;27;f;w;randleman;applewood;3736;27317;nc
A;G001903;1222;danny;allen;eaker;49;m;w;cherryville;north shore;170;28021;nc
B;G006616;1223;linda;watson;miller;66;f;w;macon;davis dead end;236;27551;id
A;G006246;1224;erin;padgett;martin;30;f;w;monroe;hickory;3501;28112;nc
A;G002656;1225;sherry;roark;jones;47;f;w;thomasville;bonnie regan;646;27360;nc
A;G004859;1226;brian;w;koonce;42;m;w;charlotte;edindale;15011;28277;fl
A;G006087;1227;george;wilson;white;73;m;b;reidsville;wentworth;709;27320;nc
B;G005775;1228;paul;wendell;mickler;76;m;w;belhaven;water;100;27810;ga
A;G004356;1229;sergio;;chavez;26;m;o;angier;happy trails;149;27501;ca
A;G003477;1230;kendra;alexa;mark;20;f;b;winston salem;wssu;0;27110;nc
B;G005895;1231;christopher;lance;froneberger;33;m;b;greenville;meade;108;27858;nc
B;G006410;1232;dene;rogier;perry;49;f;w;wendell;commander;105;27591;sc
B;G002583;1233;david;brian;seus;40;m;w;high point;long leaf;6320;27265;ny
A;G006587;1234;kimberly;a;kramer;43;f;w;raleigh;davidson;900;27609;nc
B;G005116;1235;jamie;lee;mccoy;37;m;w;charlotte;hawk roost;11408;28214;ky
B;G004784;1236;john;harold;wilkes;45;m;w;charlotte;whitlock crossing;11171;28273;sc
B;G002670;1237;terry;demetrius;russell;39;m;b;lexington;wintergreen;130;27295;ga
B;G006152;1238;john;marks;cooper;79;m;w;newton grove;roanoke;6551;28366;nc
A;G005714;1239;derek;john;holmgren;33;m;w;carrboro;eugene;108;27510;co
B;G002210;1240;venus;contesia;hamilton;45;f;b;fayetteville;flintcastle;4712;28314;
A;G006681;1241;jared;blake;williamson;33;m;w;walstonburg;nc hwy 91;7319;27888;nc
A;G005964;1242;stefanie;jenkins;thomas;36;f;w;pleasant garden;fred east;6019;27313;nc
B;G002366;1243;monica;maria;taveras;40;f;o;fayetteville;rim;808;28314;oc
A;G000367;1244;amy;lynn;boltz;34;f;w;bolivia;breezewood;797;28422;nc
B;G003408;1245;arnetrius;;applewhite;41;f;b;rocky mount;farmington;1705;27801;nc
B;G006582;1246;charles;joseph;smith;36;m;w;raleigh;kaplan;5521;27606;nc
A;G003967;1247;debra;fields;wood;65;f;w;mooresville;wallaces grant;124;28115;nc
A;G000177;1248;kelly;michelle;bower;33;f;w;burlington;old st mark s church;1720;27215;oh
B;G004983;1249;tameisha;yvette;bell;44;f;b;charlotte;hackberry grove;4650;28269;co
A;G003874;1250;david;alan;keck;43;m;w;hendersonville;live oak;208;28791;mi
B;G005360;1251;jangi;jasmine;hamby;26;f;b;rocky mount;deerchase;1129;27804;nc
A;G006625;1252;robert;curtis;rein;28;m;w;boone;mary jean;127;28607;nc
B;G004780;1253;marty;b;scott;62;m;w;charlotte;summerpond;5425;28226;ky
A;G000819;1254;natalie;dawn;wise;32;f;w;asheville;stratford;412;28804;nc
B;G004097;1255;brenda;carolynn;carroll;73;f;w;stony point;june bug;183;28678;nc
B;G003674;1256;james;raeford;parrish;79;m;w;winston salem;brockton;1535;27106;nc
B;G002822;1257;nathaniel;xavier;mcclamb;20;m;b;warsaw;gum;729;28398;nc
B;G002135;1258;rodric;earl;drake;49;m;w;spring lake;pine knoll;1151;28390;wi
A;G003576;1259;situ;;shrestha;34;f;o;winston salem;first;614;27101;oc
A;G002693;1260;rebekah;lynn;newsome;48;f;w;clemmons;frye bridge;708;27012;nc
B;G003110;1261;michael;;hayes;27;u;u;durham;roxboro;2601;27704;nc
A;G001638;1262;lois;anne;mcfall;70;f;w;catawba;hudson chapel;6201;28609;
B;G006528;1263;faisal;ahmad;daud;37;m;o;cary;belrose;203;27513;ky
A;G002634;1264;rebecca;jean;jackson;33;f;w;high point;election oak;5913;27265;ny
A;G002712;1265;terry;stephen;hughes;67;m;w;thomasville;rebecca;186;27360;
A;G002374;1266;clinetta;antoinette;silver;28;f;b;fayetteville;crescent commons;921;28314;nc
A;G003568;1267;jaimee;lynn;thomas;38;f;w;winston salem;birch creek;4245;27106;ny
A;G003373;1268;brenda;tracey anne;patterson;52;f;b;durham;fenimore;3023;27703;ny
A;G005952;1269;ashley;deshaun;jackson;28;m;u;columbus;jackson hollow;158;28722;
A;G005075;1270;kimberly;felts;castro;37;f;w;charlotte;alvarado;10345;28277;nc
B;G004641;1271;william;ryan;clark;40;m;w;huntersville;bluff meadow;12405;28078;va
B;G005994;1272;margaret;dehart;mick;73;f;w;trinity;jordan valley;5118;27370;nc
A;G006245;1273;patricia;elizabeth;mickel;68;f;w;monroe;wood duck point;516;28112;nc
A;G006680;1274;kay;lynne;taylor;50;f;w;wilson;saddle run;4420;27896;ia
B;G006425;1275;melody;katrice;merritt;28;f;b;knightdale;rutledge landing;1221;27545;nc
A;G000064;1276;daniel;paul;kriss;50;m;w;burlington;lake;2223;27215;
B;G006225;1277;cheryl;jean;winn;58;u;w;brevard;johnson;44;28712;in
A;G006451;1278;kendall;dickens;walls;31;f;u;raleigh;crescentview;5405;27606;nc
B;G001887;1279;chassity;marie;thornton;40;f;w;kings mountain;stowe acres;107;28086;in
B;G004183;1280;beatrice;;naquin;89;f;w;benson;nc 242;2315;27504;nc
B;G006415;1281;carol;ann;withrow;79;f;w;wendell;marshburn;717;27591;ny
B;G005920;1282;abigail;russell;parker;33;f;w;greenville;old creek;2201;27834;nc
A;G002763;1283;john;andreas;kazakos;36;m;w;bermuda run;sycamore ridge;211;27006;nc
B;G006070;1284;lawrence;louis;shornack;82;m;w;madison;hawks nest;141;27025;nj
B;G006261;1285;stephanie;lett;phifer;39;f;w;marshville;lawyers;6707;28103;oc
B;G003849;1286;charles;thomas;grice;35;m;w;maggie valley;dogwood;926;28751;nc
B;G004242;1287;eric;dale;charlton;54;m;w;clayton;farmington;116;27520;ky
A;G004791;1288;stephen;c;ryan;45;m;w;charlotte;canterbury hill;1317;28211;al
A;G006291;1289;emily;evans;barneycastle;29;f;w;henderson;carolina;935;27536;nc
A;G006160;1290;fredrick;lamont;ivey;45;m;b;laurinburg;vance;615;28352;nc
A;G005452;1291;annette;teresa;adams;64;f;w;wilmington;shipwatch;8811;28412;nc
B;G004428;1292;kirk;karl;kindl;28;m;w;sanford;creekview;1148;27330;
A;G004709;1293;mary;cale;heisey;25;f;m;charlotte;7th;2108;28204;pa
A;G004903;1294;trey;brandon;armstrong;25;m;b;charlotte;frank vance;4395;28216;fl
B;G003669;1295;david;terry;mcclure;45;m;w;winston salem;cool water;140;27107;nj
A;G006644;1296;kaleb;seth;chaparro;18;m;m;boone;locust east dorm;175;28608;
A;G005965;1297;lashea;ann;brown;28;f;w;asheboro;nc hwy 134;4220;27205;nc
B;G003616;1298;kevin;john;driscoll;52;m;w;belews creek;rangecrest;6778;27009;ri
B;G005702;1299;david;paul;krivonak;66;f;w;chapel hill;dogwood;522;27516;ri
B;G003447;1300;makeisha;sherrell;pittman;30;f;b;rocky mount;otis;114;27801;nc
B;G003028;1301;anna;michelle;crane;31;f;w;durham;clarion;803;27705;va
B;G003496;1302;brian;ace;honey;41;m;w;kernersville;glen ridge;1798;27284;pa
B;G003459;1303;kevin;omega;speight;24;m;b;whitakers;speight chapel;3334;27891;nc
A;G005978;1304;barbara;;brailsford green;62;f;b;archdale;ashbrook;6136;27263;sc
A;G000140;1305;joseph;williamson;stewart;47;m;w;burlington;huntington;710;27215;nc
B;G006234;1306;casey;shane;shipman;46;m;w;bladenboro;hemlock;714;28320;nc
B;G002528;1307;patsy;gale;jones;70;f;w;lexington;jolly;1092;27292;nc
A;G005196;1308;carol;godfrey;blake;82;f;w;charlotte;prosperity church;5101;28269;sc
A;G006405;1309;arthur;william;murphy;42;m;w;raleigh;boxwood;4204;27612;oc
B;G004691;1310;valerie;pearl;owens;40;f;o;charlotte;illoria;10126;28273;nj
B;G006297;1311;ryan;david;moody;35;m;w;cary;blackshoals;600;27511;nc
A;G005688;1312;ryan;s;schneider;31;m;w;chapel hill;ellen;4;27514;de
A;G002650;1313;larry;macks;owen;60;m;w;lexington;travis;138;27295;nc
B;G005454;1314;laurie;frances;white;53;f;w;wilmington;crestwood;302;28405;sc
A;G004726;1315;mildred;;olivera;57;f;o;charlotte;amber glen;11206;28269;pr
B;G006288;1316;durwyn;perry;clifton;51;m;b;henderson;jefferson;695;27536;nc
B;G001142;1317;jacqueline;;campbell;57;f;b;kannapolis;wood;404;28083;ga
B;G006629;1318;tyson;robert;langdon;47;m;w;sugar grove;waterdog;225;28679;oh
A;G002657;1319;casey;lee;kram;26;m;w;lexington;stephanie;458;27295;fl
B;G002662;1320;mary;allison;quinn;62;f;w;winston salem;meadowlands;1089;27107;pa
A;G001082;1321;pamela;renee;taylor;48;f;w;kannapolis;desoto;1004;28083;
A;G006252;1322;michael;james;humphrey;42;m;w;monroe;beaver dam;3117;28110;nc
B;G004938;1323;tiffany;crystal;meyers;35;u;u;charlotte;tryon;3815;28206;
A;G001622;1324;philip;albert taylor;dellinger;45;m;w;hickory;9th st;1913;28602;nc
A;G004500;1325;la paris;deshawn;crawford;31;f;b;stanley;sifford;7511;28164;nc
B;G005997;1326;bethany;mitchell;solberg;45;f;w;randleman;teal;4872;27317;nc
B;G006166;1327;kymberlee;charmayne;bradley;26;f;b;norwood;clearview;100;28128;nc
B;G006594;1328;lucia;fernanda;doss;49;f;w;wake forest;pearce;430;27587;nc
B;G003580;1329;joseph;randolph;rumley;37;m;w;kernersville;fall;408;27284;nc
B;G005905;1330;alexcia;grant;gill;21;f;b;greenville;gateway west hall;569;27858;nc
B;G000780;1331;james;ranelins;mayberry;55;m;w;candler;glider;316;28715;nc
A;G006412;1332;christin;kiel;johnson;33;f;w;raleigh;makena;5104;27615;wv
A;G001002;1333;jennifer;elaine;bullock;38;f;w;concord;dunberry;4613;28027;ny
B;G001002;1334;jennifer;elaine;bullock;38;f;w;charlotte;wingmont;7704;28269;ny
A;G001002;1335;jennifer;elaine;bullock;38;f;w;charlotte;valcourt;5130;28216;ny
A;G006413;1336;kathryn;marie;meyer;43;f;w;raleigh;astro;3412;27604;nj
A;G006413;1337;kathryn;marie;meyer;43;f;w;raleigh;astro;3412;27604;nj
B;G006413;1338;kathryn;m;conlin;43;f;w;raleigh;plainview;210;27604;nj
B;G004864;1339;daniel;sebastian;huffenus;54;m;w;charlotte;clavemorr glenn;8717;28226;nj
A;G004864;1340;daniel;sebastian;huffenus;54;m;u;charlotte;clavemorr glenn;8717;28226;nj
A;G004864;1341;daniel;sebastian;huffenus;54;m;w;waxhaw;iverson;1921;28173;nj
A;G003763;1342;emily;anne;woodrum;33;f;w;angier;james norris;1143;27501;nc
B;G003763;1343;emily;anne;woodrum;33;f;w;greenville;brownlea;117;27858;
A;G003763;1344;emily;woodrum;dejesus;33;f;w;fuquay varina;wilkes lake;2957;27526;nc
A;G004972;1345;sherri;belles;yager;49;f;w;charlotte;mahonia;10317;28277;pa
B;G004972;1346;sherri;belles;yager;49;f;w;matthews;waybridge;1200;28104;pa
A;G004972;1347;sherri;belles;yager;49;f;w;waxhaw;summit view;1905;28173;pa
A;G004823;1348;melissa;leigh;brown;39;f;w;matthews;longspur;3034;28105;nc
A;G004823;1349;melissa;leigh;brown;39;f;w;matthews;cedar chase;2813;28105;
B;G004823;1350;melissa;leigh;brown;39;f;w;matthews;matthews commons;915;28105;nc
A;G004642;1351;olga;julia;goodman;33;f;w;charlotte;vinca;9630;28213;ny
B;G004642;1352;olga;julia;cortez;33;f;u;charlotte;silverberry;1621;28214;ny
A;G004642;1353;olga;julia;goodman;33;f;u;charlotte;knights bridge;8346;28210;ny
A;G000519;1354;gay;ray;huff;80;f;w;leicester;green valley;367;28748;nc
A;G000519;1355;elsie;ray;huff;80;f;w;leicester;green valley;367;28748;
B;G000519;1356;gay;ray;huff;80;f;w;leicester;green valley;367;28748;nc
A;G000673;1357;jamie;leanne;gosey;24;f;w;fairview;cane creek;47;28730;nc
B;G000673;1358;jamie;leanne;gosey;24;f;w;mooresboro;lake;223;28114;nc
A;G000673;1359;jamie;leanne;gosey;24;f;w;boone;ambling way;289;28607;nc
A;G000709;1360;joseph;;scheliga;66;m;w;weaverville;white cedar;5;28787;ny
B;G000709;1361;joseph;;scheliga;66;m;w;garner;pisgah;104;27529;ny
A;G000709;1362;joseph;;scheliga;66;m;w;hampstead;topsail greens;127;28443;ny
A;G001449;1363;charlza;lynn;babcock;71;f;w;newport;chatham;154;28570;la
A;G001449;1364;charlza;lynn;babcock;71;f;w;new bern;wildlife;680;28560;la
B;G001449;1365;charlza;lynn;babcock;71;f;w;waynesville;crawford;410;28785;la
A;G003838;1366;weaver;ballou;haney;53;m;w;canton;cruso;14374;28716;nc
B;G003838;1367;weaver;ballou;haney;53;m;w;canton;cruso;14374;28716;nc
A;G003838;1368;weaver;ballou;haney;53;m;w;raleigh;ligon;2921;27607;nc
B;G002403;1369;johnathan;blair;ledford;31;u;u;fayetteville;pepperwood;947;28311;
A;G002403;1370;johnathan;blair;ledford;31;m;w;lincolnton;lancrest;130;28092;nc
A;G002403;1371;johnathan;blair;ledford;31;m;w;boone;glendamere;118;28607;nc
B;G006447;1372;kevin;m;joesph;41;m;b;raleigh;elizabeth bennet;8823;27616;oc
A;G006447;1373;kevin;marcus;joseph;41;m;b;raleigh;adian;401;27606;la
A;G006447;1374;kevin;m;joseph;41;m;b;raleigh;elizabeth bennet;8823;27616;la
B;G002599;1375;victoria;;chappell;26;f;w;lexington;forest hill;24;27295;
A;G002599;1376;victoria;lynn;chappell;26;f;w;archdale;brookwood;1507;27263;
A;G002599;1377;victoria;chappell;shelton;26;f;w;liberty;nc hwy 49;2931;27298;nc
A;G004613;1378;candace;ann;solomon;50;f;w;banner elk;sugar top;303;28604;nc
A;G004613;1379;candace;ann;pittman;50;f;w;china grove;daugherty;2220;28023;nc
B;G004613;1380;candace;ann;solomon;50;f;w;banner elk;shawnee;2711;28604;nc
A;G005855;1381;brigid;matheson;o boyle;29;f;w;greenville;bostic;3960;27834;nc
B;G005855;1382;brigid;matheson;oboyle;29;f;w;raleigh;garden crest;1338;27609;nc
A;G005855;1383;brigid;matheson;oboyle;29;f;w;raleigh;morgans;8508;27613;nc
A;G005178;1384;ginny;johnson;lewis;27;f;w;charlotte;saxonbury;4326;28269;nc
A;G005178;1385;ginny;johnson;lewis;27;f;w;asheboro;westmont;749;27205;nc
B;G005178;1386;ginny;paige;johnson;27;f;w;asheboro;westmont;749;27205;nc
A;G003521;1387;robert;kevin;owens;26;m;w;clemmons;harper;3210;27012;nc
A;G003521;1388;robert;kevin;owens;26;m;w;wilmington;greens ferry;4211;28409;nc
B;G003521;1389;robert;kevin;owens;26;m;w;greenville;cedar creek;2913;27834;nc
A;G003882;1390;michelle;ann;terenzi;27;f;w;fletcher;stoney brook;51;28732;fl
A;G003882;1391;michelle;ann;terenzi;27;f;w;fletcher;stoney brook;51;28732;
B;G003882;1392;michelle;ann;terenzi;27;f;w;boone;king;229;28607;fl
A;G001105;1393;joshua;darren;sanders;30;m;w;kannapolis;longview;922;28081;nc
A;G001105;1394;joshua;darren;sanders;30;m;w;landis;zion;511;28088;nc
B;G001105;1395;joshua;darren;sanders;30;m;w;kannapolis;westen acres;260;28081;nc
A;G003773;1396;andrew;james;rubley;30;m;w;angier;nicholas;87;27501;in
A;G003773;1397;andrew;james;rubley;30;m;w;cary;forest wind;527;27513;in
B;G003773;1398;andrew;james;rubley;30;m;w;fuquay varina;larktree;331;27526;in
A;G001045;1399;rasheika;sade;oneal;28;f;b;kannapolis;rogers lake;804;28081;nc
B;G001045;1400;rasheika;sade;oneal;28;f;b;huntersville;dry stone;10813;28078;nc
A;G001045;1401;rasheika;sade;o neal;28;f;b;concord;carrie;218;28027;nc
A;G004118;1402;jeffrey;vincent;cox;37;m;w;fleetwood;sunnyview;441;28626;fl
B;G004118;1403;jeffrey;vincent;cox;37;m;w;denver;smith cove;2351;28037;fl
A;G004118;1404;jeffery;v;cox;37;m;w;boone;green field;185;28607;fl
B;G004681;1405;arsena;stephanie;schroeder;27;f;b;charlotte;craighead;433;28206;pa
A;G004681;1406;arsena;stephanie;schroeder;27;f;b;charlotte;craighead;433;28206;
A;G004681;1407;arsena;stephanie;schroeder;27;f;b;charlotte;craighead;433;28206;pa
B;G004482;1408;joseph;cameron;justice;31;m;w;kinston;king william;2831;28504;va
A;G004482;1409;joseph;cameron;justice;31;m;w;wake forest;durham;801;27587;va
A;G004482;1410;joseph;cameron;justice;31;m;w;raleigh;springfield creek;4205;27616;va
B;G004787;1411;heather;gragnani;wheatley;40;f;w;charlotte;ross moore;236;28205;va
A;G004787;1412;heather;gragnani;wheatley;40;f;w;wilmington;bayshore;237;28411;va
A;G004787;1413;heather;marie;hipple;40;f;w;waxhaw;glynwater;1107;28173;
B;G003719;1414;william;ryan;boone;39;m;w;winston salem;katies;4608;27101;nc
A;G003719;1415;william;ryan;boone;39;m;w;smithfield;tralee;642;27577;nc
A;G003719;1416;william;ryan;boone;39;m;w;garner;benson;4401;27529;nc
B;G005760;1417;melvin;randy;sawyer;28;m;w;washington;deer tract;1197;27889;nc
A;G005760;1418;melvin;randy;sawyer;28;m;w;washington;blake;473;27889;nc
A;G005760;1419;melvin;randy;sawyer;28;m;w;washington;rivercreek;5505;27889;nc
B;G003944;1420;justin;kyle;gibbs;28;m;w;fairfield;north lake;7334;27826;nc
A;G003944;1421;justin;kyle;gibbs;28;m;w;fairfield;north lake;7334;27826;nc
A;G003944;1422;justin;kyle;gibbs;28;m;w;greenville;5th;2901;27858;nc
A;G001411;1423;cameron;shanne;thompson;31;m;w;newport;venice;170;28570;nc
A;G001411;1424;cameron;shanne;thompson;31;m;w;cedar point;vfw;194;28584;nc
B;G001411;1425;cameron;s;thompson;31;m;w;hubert;abbitts branch;150;28539;
B;G003090;1426;tremaine;jerome;baker;34;m;b;morrisville;keystone park;705;27560;nc
A;G003090;1427;tremaine;jerome;monk;34;m;b;raleigh;western;2717;27606;nc
A;G003090;1428;tremaine;jerome;baker;34;m;b;wake forest;bramden;9320;27587;nc
A;G005006;1429;rene;;couret;39;f;m;charlotte;southwest;3112;28216;ca
B;G005006;1430;rene;elaine;couret;39;f;w;lumberton;15th;406;28358;ca
A;G005006;1431;rene;elaine;couret;39;f;o;raleigh;hills;6204;27609;ca
A;G001777;1432;john;reeves;carpenter;38;m;w;apex;chapel view;230;27523;nc
B;G001777;1433;john;reeves;carpenter;38;m;w;lincolnton;springs;999;28092;nc
A;G001777;1434;john;reeves;carpenter;38;m;w;cary;hindsight;15211;27519;nc
A;G002830;1435;patricia;packer;frazier;72;f;w;wallace;rockfish court;114;28466;nc
B;G002830;1436;patricia;parker;frazier;72;f;w;rocky point;arlington;196;28457;nc
A;G002830;1437;patricia;aacker;conway;72;f;w;rocky point;arlington;196;28457;nc
A;G006040;1438;anniatha;shepard;frazier;67;f;b;lumberton;parrot;91;28360;nc
B;G006040;1439;anniatha;s;frazier mcmillan;67;f;b;lumberton;parrot;91;28360;nc
A;G006040;1440;anniatha;s;frazier mcmillan;67;f;b;lumberton;parrot;91;28360;nc
A;G000317;1441;jahson;hashim ojore ro;jno baptiste;25;m;b;leland;gum branch;3970;28451;ma
A;G000317;1442;jahson;;jno baptiste;25;m;b;leland;gum branch;3970;28451;
B;G000317;1443;jahson;;jno baptiste;25;m;b;leland;gum branch;3970;28451;ma
A;G001890;1444;morgan;clay;morrison;30;f;w;fallston;ross;131;28042;nc
A;G001890;1445;morgan;clay;morrison;30;f;w;fallston;ross;131;28042;nc
B;G001890;1446;morgan;clay;morrison;30;f;w;brevard;shepard;30;28712;nc
A;G006506;1447;elena;;kyriakoulis;25;f;w;raleigh;laurnet;10833;27614;vt
A;G006506;1448;elena;;kyriakoulis;25;f;w;raleigh;laurnet;10833;27614;vt
B;G006506;1449;elena;;kyriakoulis;25;f;u;boone;brown white dorm;140;28608;
A;G005540;1450;diretta;williams;robinson;62;f;b;wilmington;13th;1652;28401;nc
A;G005540;1451;diretta;williams;robinson;62;f;b;hampstead;leeward;127;28443;nc
B;G005540;1452;diretta;williams;robinson;62;f;b;rocky point;harrison creek;1146;28457;
B;G005443;1453;patrick;carter;ledbetter;28;m;w;wilmington;ingleside;6246;28409;nc
A;G005443;1454;patrick;carter;ledbetter;28;m;w;wilmington;ingleside;6246;28409;nc
A;G005443;1455;patrick;carter;ledbetter;28;m;w;greenville;fleming hall;151;27858;nc
B;G001963;1456;santeidra;eunae;bland;34;f;b;bolton;sam potts;15133;28423;nc
A;G001963;1457;santeidra;eunae;bland cherry;34;f;b;riegelwood;canal;100;28456;nc
A;G001963;1458;santeidra;eunae;bland;34;u;b;durham;logan;1405;27704;
B;G002714;1459;steven;gale;godwin;34;m;w;clemmons;meadowfield;204;27012;nc
A;G002714;1460;steven;gale;godwin;34;m;w;pfafftown;bramblewood;1913;27040;nc
A;G002714;1461;steven;gale;godwin;34;m;w;dunn;prospect church;1866;28334;nc
B;G000963;1462;timothy;webb;davis;58;m;w;morganton;anderson;204;28655;nc
A;G000963;1463;timothy;webb;davis;58;m;w;ellenboro;hollis;1323;28040;nc
A;G000963;1464;timothy;webb;davis;58;m;w;ellenboro;hollis;1323;28040;nc
B;G002881;1465;garriel;kenneth;griffin;37;m;w;durham;ninth;1013;27705;wa
A;G002881;1466;gabriel;k;griffin;37;m;w;durham;hillsborough;2211;27705;wa
A;G002881;1467;gabriel;k;griffin;37;m;w;durham;rosemary;1301;27705;wa
B;G003478;1468;shanesha;denise;walker;25;f;m;kernersville;oakhurst;227;27284;
A;G003478;1469;shanesha;denise;walker;25;f;m;winston salem;granite;1622;27107;nc
A;G003478;1470;shanesha;denise;walker;25;f;b;walnut cove;aspen hill;1025;27052;nc
B;G001202;1471;julie;shawn;milligan;44;f;w;davidson;traders;10846;28036;ma
A;G001202;1472;julie;shawn;milligan;44;f;w;rockwell;cannon;509;28138;ma
A;G001202;1473;julie;shawn;milligan;44;f;w;hamptonville;overland;1014;27020;ma
A;G003331;1474;lisa;ann;pressley;51;f;w;morrisville;princess;206;27560;md
A;G003331;1475;lisa;ann;pressley;51;f;w;willow springs;silver stirrup;59;27592;md
B;G003331;1476;lisa;ann;pressley;51;f;w;holly springs;braedenfield;2120;27540;md
A;G005050;1477;allison;jennifer;young;37;f;w;charlotte;aldershot;4100;28211;nc
B;G005050;1478;allison;jennifer;young;37;f;w;chapel hill;estes;250;27514;nc
A;G005050;1479;allison;jennifer;young;37;f;w;chapel hill;melanie;469;27514;nc
A;G002333;1480;philip;christopher;hall;47;m;w;fayetteville;mccloskey;736;28311;wv
B;G002333;1481;philip;christopher;hall;47;m;w;dunn;newton grove;7541;28334;wv
A;G002333;1482;philip;christopher;hall;47;m;w;goldsboro;nc 111;3445;27534;wv
A;G003694;1483;benjamin;alexander;melton;30;m;w;tobaccoville;rolling view;6900;27050;nc
A;G003694;1484;benjamin;alexander;melton;30;m;w;sylva;treehaven;63;28779;nc
B;G003694;1485;benjamin;alexander;melton;30;m;w;king;conrad;213;27021;nc
B;G005131;1486;shamarion;drummer;attaway;29;f;b;charlotte;killarney;2106;28262;nc
A;G005131;1487;shamarion;drummer;attaway;29;f;b;charlotte;killarney;2106;28262;nc
A;G005131;1488;shamarion;drummer;attaway;29;f;b;salisbury;henderlite;219;28144;nc
A;G003499;1489;stacy;michelle;mccuen;39;f;w;winston salem;country club;4755;27104;nc
A;G003499;1490;stacy;michelle;mccuen;39;f;w;charlotte;meadow lakes;8337;28210;nc
B;G003499;1491;stacy;michelle;mccuen;39;f;w;waxhaw;rehobeth;205;28173;
A;G005753;1492;donald;earl;smith;59;m;w;belhaven;smith shore;493;27810;nc
A;G005753;1493;donald;earl;smith;59;m;w;hampstead;bishop;625;28443;nc
B;G005753;1494;donald;e;smith;59;m;w;raleigh;rock quarry;5120;27610;nc
A;G000546;1495;jonathan;marshall;jones;35;m;w;asheville;kensington;2000;28803;nc
A;G000546;1496;jonathan;marshall;jones;35;m;w;valdese;gardiol;805;28690;nc
B;G000546;1497;jonathan;marshall;jones;35;m;w;hendersonville;rugby hollow;161;28791;nc
A;G000424;1498;katherine;dare;harrison;55;f;w;oak island;trott;313;28465;nc
A;G000424;1499;katherine;dare;harrison;55;f;w;new bern;lynn;902;28560;nc
B;G000424;1500;katherine;dare;harrison;55;f;w;wilmington;croquet;2555;28412;nc
A;G004219;1501;michelle;williams;wallace;48;f;u;princeton;first;205;27569;
A;G004219;1502;michelle;williams;wallace;48;f;b;selma;brentwood;51;27576;nj
B;G004219;1503;michelle;williams;wallace;48;f;b;garner;abberly crest;335;27529;nj
B;G002828;1504;daniel;alan;tyndall;40;m;w;mt olive;north duplin school;233;28365;nc
A;G002828;1505;daniel;alan;tyndall;40;m;w;wilmington;willoughby park;1410;28412;nc
A;G002828;1506;daniel;alan;tyndall;40;m;w;hampstead;kingsport;108;28443;nc
A;G002276;1507;thomas;warren;baker;68;m;w;eastover;middle;2110;28312;nc
B;G002276;1508;thomas;warren;baker;68;m;w;fayetteville;dunn;2224;28312;nc
A;G002276;1509;thomas;warren;baker;68;m;w;white lake;pine cove;89;28337;nc
B;G002958;1510;jessica;thompson;wells;39;f;w;durham;holt school;4301;27704;nc
A;G002958;1511;jessica;thompson;orr;39;f;w;seven lakes;seminole;122;27376;nc
A;G002958;1512;jessica;ruth;thompson;39;f;w;raleigh;sunny corners;2710;27614;nc
A;G002904;1513;naisha;dimples;mcmillan;23;f;b;durham;pritchard;1801;27707;nc
B;G002904;1514;naisha;d;mcmillan;23;f;b;durham;broad;2112;27705;nc
A;G002904;1515;natsha;dimples;mcmillan;23;f;b;durham;formosa;408;27707;nc
A;G001089;1516;christopher;s;crutchfield;40;m;w;concord;thompson;1815;28025;
B;G001089;1517;christopher;stephen;crutchfield;40;m;w;sherrills ford;roundstone;1405;28673;ny
A;G001089;1518;christopher;stephen;crutchfield;40;m;w;charlotte;old concord;9405;28213;ny
A;G005314;1519;deirdre;anne;donoghue;55;f;w;whispering pines;lakeshore;90;28327;ny
B;G005314;1520;deirdre;a;donoghue;55;f;w;raleigh;cart track;7712;27615;ny
A;G005314;1521;deirdre;a;donoghue;55;f;w;raleigh;cart track;7712;27615;ny
A;G003517;1522;trevia;michelle;brim;42;f;b;winston salem;vista;350;27106;nc
B;G003517;1523;trevia;michelle;brim;42;f;b;eden;chestnut;115;27288;nc
A;G003517;1524;trevia;michelle;brim;42;f;b;eden;irving;1254;27288;nc
B;G003031;1525;danny;christopher;hill;59;m;w;durham;front;1829;27705;nc
A;G003031;1526;danny;christopher;hill;59;m;w;timberlake;derwin;173;27583;nc
A;G003031;1527;danny;christopher;hill;59;m;w;raleigh;tetbury;4504;27613;nc
A;G003391;1528;donnell;ward;sedgwick;62;m;b;rocky mount;charity;106;27801;va
B;G003391;1529;donnell;ward;sedgwick;62;m;b;rocky mount;woods walk;3036;27804;va
A;G003391;1530;donnell;ward;sedgwick;62;m;b;rocky mount;tillery;309;27804;
A;G000388;1531;jimmy;lewis;tatum;46;m;w;ocean isle beach;ocean haven;1860;28469;nc
A;G000388;1532;jimmy;lewis;tatum;46;m;w;fayetteville;camden;3858;28306;nc
B;G000388;1533;jimmy;lewis;tatum;46;m;w;albemarle;thompson;24912;28001;nc
A;G004576;1534;ebonie;markeeta;brown;31;f;b;williamston;carolina pines;103;27892;nc
A;G004576;1535;ebonie;;murphy;31;f;b;greenville;brook creek;4120;27858;
B;G004576;1536;ebonie;brown;murphy;31;f;b;windsor;dunlow;115;27983;nc
A;G001238;1537;megan;rhoda;hughes allison;46;f;b;concord;mill wright;2601;28027;ks
A;G001238;1538;megan;rhoda;hughes;46;f;b;charlotte;m;423;28204;ks
B;G001238;1539;megan;rhoda;allison;46;f;b;davidson;stuttgart;17508;28036;ks
A;G001755;1540;debra;ann;sawyer;50;f;w;moncure;mill stone rd;261;27559;ny
A;G001755;1541;debra;ann;lefton;50;f;w;clayton;wyndfall;234;27527;ny
B;G001755;1542;debra;ann;lefton;50;f;w;raleigh;ladys slipper;1100;27606;ny
A;G001479;1543;jeremiah;daniel;bunting;31;m;w;peletier;peletier loop;550;28584;va
A;G001479;1544;jeremiah;daniel;bunting;31;m;w;havelock;china;109;28532;va
B;G001479;1545;jeremiah;daniel;bunting;31;m;w;holly springs;jasper point;140;27540;va
B;G002347;1546;mathew;loyal;fitch;49;m;w;hope mills;rossendale;404;28348;ca
A;G002347;1547;mathew;loyal;fitch;49;m;w;fayetteville;meadowmont;2816;28306;ca
A;G002347;1548;mathew;loyal;fitch;49;m;w;charlotte;tunston;6429;28269;ca
B;G001979;1549;eric;hubert;jenkins;44;m;w;whiteville;hallsboro;8363;28472;nc
A;G001979;1550;eric;hubert;jenkins;44;m;w;whiteville;washington;715;28472;nc
A;G001979;1551;eric;hubert;jenkins;44;m;w;chadbourn;rough and ready;6729;28431;nc
B;G002072;1552;lloyd;sterling;bennett;59;m;w;new bern;us 17;2958;28560;nc
A;G002072;1553;lloyd;sterling;bennett;59;m;w;trenton;oak grove;1344;28585;nc
A;G002072;1554;lloyd;sterling;bennett;59;m;w;burgaw;malpass corner;256;28425;nc
B;G005474;1555;rhonda;yvonne;vega;57;f;w;wilmington;hooker;206;28403;oc
A;G005474;1556;rhonda;yvonne;vega;57;f;o;wilmington;hooker;206;28403;
A;G005474;1557;rhonda;yvonne;vega;57;f;w;holly springs;goosehaven;4505;27540;oc
B;G000423;1558;nancy;r;padgett;76;f;w;carolina shores;sunfield;14;28467;nc
A;G000423;1559;nancy;r;padgett;76;f;w;carolina beach;rocky mount;805;28428;nc
A;G000423;1560;nancy;russell;padgett;76;f;w;wilmington;alder ridge;4520;28412;nc
B;G001150;1561;otis;john;huntley;26;m;b;concord;amber;309;28025;ny
A;G001150;1562;otis;john;huntley;26;m;b;fayetteville;blount;125;28301;ny
A;G001150;1563;otis;john;huntley;26;m;b;carthage;needmore;395;28327;ny
A;G002967;1564;kylie;edwards;harris;44;f;w;chapel hill;beecham;1480;27517;nc
B;G002967;1565;kylie;edwards;harris;44;f;w;chapel hill;north hill;7201;27514;nc
A;G002967;1566;kylie;edwards;harris;44;f;w;chapel hill;kenmore;729;27514;nc
A;G000239;1567;nancy;anne;depalma;57;f;w;mebane;fifth;505;27302;ny
A;G000239;1568;nancy;anne;depalma;57;f;w;pittsboro;sunny ridge;94;27312;ny
B;G000239;1569;nancy;anne;depalma;57;f;w;reidsville;madison;448;27320;ny
B;G005539;1570;john;albert;temple;44;m;w;wilmington;wagon;1430;28412;nj
A;G005539;1571;john;albert;temple;44;m;w;hampstead;highlands;346;28443;nj
A;G005539;1572;john;albert;temple;44;m;w;rocky point;mississippi;215;28457;nj
A;G002986;1573;juan;carlos;verdin;39;m;u;durham;shiley;1319;27704;
B;G002986;1574;juan;carlos;verdin;39;m;w;durham;bainbridge;2900;27713;in
A;G002986;1575;juan;carlos;verdin;39;m;u;cary;dominion oak;727;27519;in
A;G001879;1576;e;steve;smith;72;m;w;mooresboro;mckinney;3520;28114;nc
B;G001879;1577;ernest;steve;smith;72;m;w;mooresboro;mckinney;3520;28114;nc
A;G001879;1578;ernest;steve;smith;72;m;w;mooresboro;mckinney;3520;28114;nc
B;G004497;1579;wayne;edward;young;60;m;w;iron station;orchard;4255;28080;nc
A;G004497;1580;wayne;edward;young;60;m;w;vale;bill ledford;6320;28168;nc
A;G004497;1581;wayne;edward;young;60;m;w;cornelius;grenache;17100;28031;nc
B;G002043;1582;melvin;thomas;hardy;35;m;w;new bern;shadetree;108;28560;nc
A;G002043;1583;melvin;thomas;hardy;35;m;w;fort bragg;arnhem;37;28307;nc
A;G002043;1584;melvin;thomas;hardy;35;m;w;oriental;nc hwy 55;22728;28571;nc
A;G001284;1585;lydia;madaris;efird;34;f;w;harrisburg;camelot;8406;28075;nc
A;G001284;1586;lydia;madaris;efird;34;f;w;harrisburg;camelot;8406;28075;nc
B;G001284;1587;lydia;madaris;efird;34;f;w;charlotte;chatham;1709;28205;nc
B;G002233;1588;ivey;;cherry;46;m;b;fayetteville;mcarthur landing;2630;28311;nj
A;G002233;1589;ivey;;cherry;46;m;b;fayetteville;carver oaks;6320;28311;nj
A;G002233;1590;ivey;;cherry;46;m;u;elizabethtown;wilton;141;28337;
A;G004855;1591;darryl;;rone;53;m;b;huntersville;sweetfield;6816;28078;tn
B;G004855;1592;darryl;;rone;53;u;u;matthews;parrish;10809;28105;
A;G004855;1593;darryl;;rone;53;m;b;matthews;flag stick;2224;28104;tn
B;G006329;1594;trenae;;cash;23;f;b;apex;cortland;2909;27539;sc
A;G006329;1595;trenae;deatrice;cash;23;f;b;apex;cortland;2909;27539;sc
A;G006329;1596;trenae;deatrice;cash;23;f;b;boone;bodenheimer;536;28607;
A;G004580;1597;rayford;dale;williams;56;m;b;williamston;sandy hill;1245;27892;nc
A;G004580;1598;rayford;dale;williams;56;m;b;blounts creek;williams;106;27814;nc
B;G004580;1599;rayford;dale;williams;56;m;b;blounts creek;williams;106;27814;nc
A;G006369;1600;kurt;robert;blomquist;34;m;w;raleigh;shire;3228;27606;md
B;G006369;1601;kurt;robert;blomquist;34;m;w;cary;old bridge;108;27518;md
A;G006369;1602;kurt;robert;blomywist;34;m;w;raleigh;claiborne;1629;27606;md
B;G001562;1603;wesley;scott;dial;53;m;w;hickory;section house;3987;28601;nc
A;G001562;1604;wesley;scott;dial;53;m;w;hickory;section house;3987;28601;nc
A;G001562;1605;wesley;scott;dial;53;m;w;hickory;section house;3987;28601;
A;G005182;1606;christopher;scott;broach;46;m;w;matthews;cross point;2538;28105;tx
A;G005182;1607;christopher;scott;broach;46;m;w;monroe;jones;619;28110;tx
B;G005182;1608;christopher;scott;broach;46;m;w;waxhaw;rehobeth;5618;28173;tx
A;G006205;1609;doris;ann;mckay;46;f;w;state road;logun;289;28676;sc
B;G006205;1610;doris;ann;mckay;46;f;w;elkin;mining ridge ch;4616;28621;sc
A;G006205;1611;doris;ann;mckay;46;f;w;state road;mining ridge church;4616;28676;sc
A;G006414;1612;carter;;dulcie;52;f;i;cary;alexan;1112;27519;
B;G006414;1613;dulcie;lee;carter;52;f;i;cary;alexan;1112;27519;
A;G006414;1614;dulcie;lee;carter;52;f;i;apex;sunny creek;4304;27502;nc
A;G006047;1615;juan;javier;larregur;27;m;b;red springs;lewis mcneill;1370;28377;nc
B;G006047;1616;juan;javier;larregur;27;m;b;fuquay varina;kempsey;1524;27526;nc
A;G006047;1617;juan;javier;lerregon;27;m;b;raleigh;south;118;27601;nc
A;G003827;1618;william;ricky;hemphill;61;m;w;maggie valley;mountain;64;28751;fl
B;G003827;1619;william;ricky;hemphill;61;m;w;maggie valley;aquina mountain;64;28751;fl
A;G003827;1620;william;ricky;hemphill;61;m;w;maggie valley;aquina mountain;64;28751;
A;G004566;1621;george;myers;stephens;59;m;w;marshall;pine valley;65;28753;nc
A;G004566;1622;george;m;stephens;59;m;w;spruce pine;grassy creek falls;812;28777;nc
B;G004566;1623;george;myers;stephens;59;m;w;raleigh;wycliff;2923;27607;nc
A;G002502;1624;robert;raymond;schlegel;41;m;w;frisco;lassiter;51164;27936;nj
B;G002502;1625;robert;raymond;schlegel;41;m;w;rocky mount;pebble brook;7008;27804;nj
A;G002502;1626;robert;raymond;schlegel;41;m;w;greenville;circle;1725;27858;nj
B;G003487;1627;shakira;minaya;howard;28;f;b;winston salem;kellys;4645;27101;nc
A;G003487;1628;shakira;minaya;howard;28;f;b;charlotte;walland;11227;28273;nc
A;G003487;1629;shakira;minaya;howard;28;f;b;cary;umstead hollow;1224;27513;
A;G006523;1630;yara;oraina;nevarez darr;47;f;u;wendell;todd hill;406;27591;oc
B;G006523;1631;yara;oraina;nevarez darr;47;f;u;wendell;todd hill;406;27591;oc
A;G006523;1632;yara;oraina;nevarez darr;47;f;w;wendell;todd hill;406;27591;oc
B;G003976;1633;stacey;ann;elliott;45;f;w;mooresville;oates;189;28117;ny
A;G003976;1634;stacey;ann;smith;45;f;w;troutman;trae;111;28166;ny
A;G003976;1635;stacey;a;gay;45;f;w;cornelius;torrence chapel estates;18445;28031;ny
A;G003513;1636;vernon;lee;burrow;74;m;w;rural hall;tuttle;295;27045;nc
B;G003513;1637;vernon;lee;burrow;74;m;w;rural hall;norman;5969;27045;nc
A;G003513;1638;vernon;lee;burrow;74;m;w;walnut cove;sheppard;1180;27052;
A;G003710;1639;karen;marie;anderson;55;f;w;winston salem;brownsboro;4260;27106;va
B;G003710;1640;karen;marie;anderson;55;f;w;king;carson;106;27021;va
A;G003710;1641;karen;marie;anderson;55;f;w;east bend;main;461;27018;va
B;G000159;1642;treyvon;ishmeal;alston;25;m;b;burlington;anthony;531;27215;
A;G000159;1643;treyvon;ishmeal;alston;25;m;b;burlington;anthony;531;27215;nc
A;G000159;1644;treyvon;ishmael;alston;25;m;b;fayetteville;kittrell;1319;28311;nc
A;G001115;1645;brian;glynn;adlerstein;29;m;w;charlotte;taranasay;1128;28269;ny
B;G001115;1646;brian;glynn;adlerstein;29;m;w;charlotte;taranasay;1128;28269;ny
A;G001115;1647;brian;glynn;adlerstein;29;m;w;raleigh;ncsu sullivan;0;27607;ny
B;G004799;1648;scott;b;hoopingarner;43;m;w;charlotte;valley stream;5140;28209;fl
A;G004799;1649;scott;brian;hoopingarner;43;m;w;charlotte;hinsdale;2912;28210;fl
A;G004799;1650;scott;brian;hoopingarner;43;m;w;east bend;forbush;5015;27018;fl
A;G005903;1651;shelby;nicole;beltran;27;f;w;greenville;10th;3329;27858;
B;G005903;1652;shelby;nicole;beltran;27;f;w;marshville;elm;516;28103;nc
A;G005903;1653;shelby;nicole;hutson;27;f;w;monroe;kingstree;2308;28112;nc
B;G004221;1654;danielle;francoise;barbour;32;f;w;kenly;jerusalem church;963;27542;nc
A;G004221;1655;danielle;francoise;smith;32;f;w;bailey;windy;7161;27807;nc
A;G004221;1656;danielle;francoise;smith;32;f;w;kenly;whitley;5010;27542;nc
A;G000044;1657;andrew;lee;mcclanahan;36;m;w;graham;monroe holt;826;27253;nc
A;G000044;1658;andrew;lee;mcclanahan;36;m;w;durham;courtney creek;200;27713;nc
B;G000044;1659;andrew;lee;mcclanahan;36;m;w;wilmington;mcquillan;318;28412;nc
A;G000980;1660;michael;travis;blanton;32;m;w;concord;kendra;273;28025;nc
A;G000980;1661;michael;travis;blanton;32;m;w;midland;valley acres;3011;28107;nc
B;G000980;1662;michael;travis;blanton;32;m;w;marion;rocky spur;48;28752;nc
A;G005960;1663;stacy;donise goins;moore;39;f;w;archdale;knollwood;4502;27263;nc
B;G005960;1664;stacy;goins;moore;39;f;w;archdale;huff;4121;27263;nc
A;G005960;1665;stacey;goins;moore;39;f;w;trinity;hoover hill;4762;27370;nc
B;G002920;1666;micholas;anshon;credle;37;m;b;durham;citrine;112;27703;nc
A;G002920;1667;micholas;anshon;credle;37;m;b;raleigh;loft;202;27609;nc
A;G002920;1668;micholas;a;credle;37;m;b;apex;colony woods;2607;27523;nc
A;G000283;1669;kristie;michelle;watson;36;f;w;shallotte;invishield;711;28470;ky
A;G000283;1670;kristie;michelle;watson;36;f;w;taylorsville;paul payne store;720;28681;ky
B;G000283;1671;kristie;michelle;watson;36;f;w;clayton;annie v;20;27520;ky
A;G006304;1672;shamar;anthony;herndon;34;m;b;raleigh;labrador;4429;27616;va
A;G006304;1673;shamar;anthony;herndon;34;m;b;wendell;raven perch;1133;27591;va
B;G006304;1674;shamar;anthony;herndon;34;m;b;wendell;raven perch;1133;27591;va
B;G006647;1675;jessica;lynn;harrell;37;f;w;mt olive;corbett hill;593;28365;nc
A;G006647;1676;jessica;lynn;harrell;37;f;w;mt olive;corbett hill;593;28365;nc
A;G006647;1677;jessica;lynn;anderson;37;f;w;goldsboro;ebenezer church;671;27530;nc
B;G006492;1678;angela;marie;coticchio;38;f;w;raleigh;moorsfield;2720;27604;ny
A;G006492;1679;angela;marie;coticchio;38;f;w;raleigh;asterwood;4603;27606;ny
A;G006492;1680;angela;marie;cotiechio;38;f;w;raleigh;barrington manor;2103;27612;oc
A;G000678;1681;carolyn;sprinkle;bagby;53;f;w;candler;hookers gap;332;28715;nc
A;G000678;1682;carolyn;s;sluder;53;f;w;candler;hookers gap;344;28715;
B;G000678;1683;carolyn;sprinkle;bagby;53;f;w;mills river;wedgewood;10;28759;nc
B;G002145;1684;sandra;;gomez;51;f;o;fayetteville;rim;915;28314;mi
A;G002145;1685;sandra;;jones;51;f;o;fayetteville;rim;915;28314;
A;G002145;1686;sandra;gomez;jones;51;f;o;fayetteville;cora lee;915;28303;
B;G000378;1687;margaret;proctor;swann;70;f;w;leland;lillibridge;1166;28451;nc
A;G000378;1688;margaret;proctor;swann;70;f;w;statesville;miller farm;396;28625;nc
A;G000378;1689;margaret;proctor;swann;70;f;w;wilmington;plantation landing;8613;28411;nc
B;G005590;1690;heather;nicole;kawalski;42;f;w;jacksonville;winn;151;28540;nc
A;G005590;1691;heather;nicole;sasser;42;f;w;fremont;wayne;200;27830;nc
A;G005590;1692;heather;nicole;parks;42;f;w;fremont;carolina;201;27830;nc
A;G006046;1693;vernon;david;mcallister;55;m;b;lumberton;7th;509;28358;nc
B;G006046;1694;vernon;david;mcallister;55;m;b;white oak;b melvin;133;28399;nc
A;G006046;1695;vernon;david;mcallister;55;m;u;raleigh;pineland;109;27606;nc
B;G002582;1696;timothy;edward;cox;53;m;w;lexington;welcome bethesda;2107;27295;nc
A;G002582;1697;timothy;edward;cox;53;m;w;lexington;welcome bethesda;2107;27295;nc
A;G002582;1698;timothy;edward;cox;53;m;w;mount airy;crosswinds;102;27030;nc
A;G006380;1699;eric;allen;mann;47;m;w;morrisville;claret;2114;27560;oc
B;G006380;1700;eric;allen;mann;47;m;w;wilson;summit;4913;27896;oc
A;G006380;1701;eric;allen;mann;47;m;w;wilson;winding ridge;2703;27893;ri
A;G006052;1702;chad;john;wells;39;m;w;reidsville;flat rock;1617;27320;nc
B;G006052;1703;chad;john;wells;39;m;w;reidsville;holiday;2497;27320;nc
A;G006052;1704;chad;john;wells;39;m;w;reidsville;holiday loop;2497;27320;nc
A;G002956;1705;zachary;mark;bennett;31;m;w;durham;cove hollow;511;27703;
A;G002956;1706;zachary;mark;bennett;31;m;w;wilmington;peachtree;5037;28403;nc
B;G002956;1707;zachary;mark;bennett;31;m;w;raleigh;james;4111;27604;nc
B;G002049;1708;julieanna;elizabeth;harris;22;f;w;new bern;madam moores;903;28562;nc
A;G002049;1709;julieanna;elizabeth;heririven;22;f;w;new bern;fort;308;28560;nc
A;G002049;1710;julieanna;elizabeth;herriven;22;f;w;salisbury;innes;2300;28144;
A;G001910;1711;kristian;leigh;deaton;24;f;w;shelby;biggers lake;2070;28152;nc
B;G001910;1712;kristian;leigh;deaton;24;f;w;lincolnton;baxter deaton;3111;28092;nc
A;G001910;1713;kristian;leigh;deaton;24;f;w;lincolnton;baxter deaton;3111;28092;nc
A;G004652;1714;margaret;m;anderson;66;f;b;charlotte;bridle ridge;4722;28269;ar
B;G004652;1715;margaret;miller;anderson;66;f;b;rockwell;broad;330;28138;ak
A;G004652;1716;margaret;miller;anderson;66;f;b;albemarle;badin;2109;28001;ak
B;G004349;1717;charles;edward;ward;54;m;w;clayton;new castle;18;27520;nc
A;G004349;1718;charles;edward;ward;54;m;w;wilmington;fazio;8420;28411;nc
A;G004349;1719;charles;edward;ward;54;m;w;cary;hilltop view;426;27513;nc
A;G005325;1720;essence;tikeria;henderson;24;f;b;rocky mount;haggerty;704;27803;
B;G005325;1721;essence;t;henderson;24;f;b;rocky mount;tower;225;27804;
A;G005325;1722;essence;tikeria;henderson;24;f;b;chapel hill;baity hill;1800;27514;nc
A;G005930;1723;nicholus;lamar;cureton;29;m;b;greenville;aycock hall;180;27858;nc
B;G005930;1724;nicholus;lamar;cureton;29;m;b;monroe;confederate;2010;28110;nc
A;G005930;1725;nicholus;lamar;cureton;29;m;b;raleigh;ray;6926;27613;nc
B;G002971;1726;brittany;michelle;edney;32;f;w;durham;albritton;3723;27705;nc
A;G002971;1727;brittany;;edney;32;f;w;wilmington;pierpoint;400;28405;nc
A;G002971;1728;brittany;michelle;edney;32;f;w;carrboro;davie;300;27510;nc
A;G005037;1729;max;a;diggs;57;m;w;matthews;hunters bluff;2307;28105;nc
A;G005037;1730;max;allen;diggs;57;m;w;norwood;doody;428;28128;nc
B;G005037;1731;max;allen;diggs;57;m;w;boone;longview;252;28607;nc
A;G003397;1732;ensurado;tomey;williams;37;m;b;tarboro;mooring;776;27886;nc
A;G003397;1733;ensurado;tomey;williams;37;m;b;rocky mount;peachtree;823;27804;nc
B;G003397;1734;ensurado;tomey;williams;37;m;b;greenville;horseshoe;308;27834;nc
B;G002622;1735;megan;nicole;scouten;28;f;w;lexington;oakwood;844;27295;ny
A;G002622;1736;megan;nicole;hammonds;28;f;w;lexington;oakwood;844;27295;ny
A;G002622;1737;megan;nicole;hammond;28;f;w;charlotte;stone bluff;5530;28214;ny
A;G005426;1738;debra;gardner;statum;45;f;b;wilmington;10th;607;28401;ga
B;G005426;1739;debra;ann;statum;45;f;b;wilmington;10th;607;28401;
A;G005426;1740;debra;ann gardner;statum;45;f;b;wilmington;emory;711;28405;ga
A;G004698;1741;nishant;;sachdev;26;m;o;charlotte;martin luther king jr;255;28202;nj
A;G004698;1742;nishant;;sachdeu;26;m;o;charlotte;martin luther king jr;255;28202;nc
B;G004698;1743;nishant;;sachdev;26;m;o;charlotte;martin luther king jr;255;28202;nc
A;G004128;1744;robert;bright;elliott;25;m;w;cullowhee;speedwell;237;28723;nc
B;G004128;1745;robert;bright;elliott;25;m;w;wilmington;macmillan;726;28403;
A;G004128;1746;robert;bright;elliott;25;u;u;forest city;tanners grove;695;28043;
A;G003535;1747;lashawnda;r;hylton;51;f;u;winston salem;graham;218;27101;
A;G003535;1748;lashawnda;rene;hylton;51;f;b;winston salem;waughtown;2629;27107;nc
B;G003535;1749;lashawnda;rene;hylton;51;f;b;raleigh;pettigrew;203;27610;nc
B;G002975;1750;courtney;;brewington;26;f;m;durham;aaron circle;429;27713;
A;G002975;1751;courtney;olivia;brewington;26;f;m;raleigh;lenoxplace;1024;27603;va
A;G002975;1752;courtney;olivia;brewington;26;f;m;raleigh;barnhill;2200;27603;va
B;G006358;1753;janice;ruth;lassiter;65;f;b;raleigh;swain;420;27601;
A;G006358;1754;janice;ruth;lassiter;55;u;u;raleigh;swain;420;27601;
A;G006358;1755;janice;s;lassiter;65;f;b;raleigh;swain;420;27601;nc
B;G000667;1756;ashley;davell;edwards;32;f;w;asheville;lee s creek;88;28806;va
A;G000667;1757;ashley;dowell;edwards;32;f;w;piney creek;nc highway 113;10629;28663;va
A;G000667;1758;ashley;dowell;edwards;32;f;w;lansing;fees branch;544;28643;va
A;G005195;1759;eric;michael;metcalf;34;m;w;huntersville;carlos;105;28078;nc
A;G005195;1760;eric;michael;metcalf;34;m;w;rockingham;everett;206;28379;nc
B;G005195;1761;eric;michael;metcalf;34;m;w;boone;campus ridge;155;28607;nc
A;G003839;1762;lynda;clark;johnson;51;f;w;waynesville;happy hollow access;102;28786;md
A;G003839;1763;lynda;clark;johnson;51;f;w;waynesville;peters cove;313;28786;md
B;G003839;1764;lynda;clark;johnson;51;f;w;bryson city;cap johnson;335;28713;md
B;G001922;1765;tara;ellen;mauney;38;f;w;lawndale;charlie elliott;3450;28090;nc
A;G001922;1766;tara;ellen;mauney;38;f;w;ellenboro;old us 74;1169;28040;nc
A;G001922;1767;tara;ellen;mauney;38;f;w;ellenboro;pain;183;28040;nc
B;G001161;1768;logan;james;maletta;18;u;u;concord;piper;1471;28025;
A;G001161;1769;logan;james;maletta;18;m;w;concord;piper;1471;28025;nc
A;G001161;1770;logan;james;maletta;18;m;w;concord;piper;1471;28025;nc
A;G005419;1771;brent;wayne;mcghee;37;m;w;wilmington;ilex;5118;28412;nc
A;G005419;1772;brent;wayne;mcghee;37;m;w;wilmington;carolina beach;6748;28412;
B;G005419;1773;brent;wayne;mcghee;37;m;w;wilmington;tahoe;417;28412;nc
A;G000872;1774;elizabeth;lawson;dann;90;f;w;morganton;emerald;2862;28655;
B;G000872;1775;elizabeth;lawson;dann;90;f;w;charlotte;cotton stand;9711;28277;oh
A;G000872;1776;elizabeth;lawson;dann;90;f;w;charlotte;walnut springs;10710;28277;oh
B;G001328;1777;andrea;nicole;pennell;34;f;w;lenoir;grandin;4390;28645;nc
A;G001328;1778;andrea;nicole;oliver;34;f;w;lenoir;merrywood;203;28645;nc
A;G001328;1779;andrea;nicole;pennell;34;f;w;crumpler;old hwy 16;8271;28617;nc
A;G002491;1780;johnny;cameron;bryant;56;m;w;kill devil hills;truxton;407;27948;nc
B;G002491;1781;johnny;cameron;bryant;56;m;w;robersonville;prison camp;7984;27871;nc
A;G002491;1782;johnny;cameron;bryant;56;m;w;pilot mountain;black mountain;1221;27041;nc
A;G000719;1783;lashawn;michele;horton;49;f;b;arden;sweeten creek;3970;28704;nc
B;G000719;1784;lashawn;michele;horton;49;f;b;fletcher;concord;562;28732;
A;G000719;1785;lashawn;michele;horton;49;f;b;asheboro;park;360;27203;nc
A;G001932;1786;tina;brooks;culver;44;f;w;mooresboro;sawmill;147;28114;nc
B;G001932;1787;tina;brooks;culver;44;f;w;lincolnton;highway 150;5423;28092;nc
A;G001932;1788;tina;brooks;bryant;44;f;w;vale;howard lingerfelt;444;28168;nc
A;G002844;1789;sheila;gail;buckhorn;40;f;w;durham;spinnaker;1;27703;ok
A;G002844;1790;sheila;;jarvis;40;f;a;durham;spinnaker;1;27703;ok
B;G002844;1791;sheila;gail;jarvis;40;f;w;holly springs;steeple;317;27540;ok
B;G004954;1792;sherrell;nicole;brown;32;f;b;charlotte;armour ridge;13613;28273;nc
A;G004954;1793;sherial;nicole;brown;32;f;b;charlotte;kingspark;2513;28208;nc
A;G004954;1794;sherial;nicole;brown;32;f;b;charlotte;armour ridge;13613;28273;nc
B;G002872;1795;lauren;remsen;habel;33;f;w;durham;seeman;120;27701;va
A;G002872;1796;lauren;remsen;habel;33;f;w;raleigh;tallowtree;5200;27613;va
A;G002872;1797;lauren;remsen;habel;33;f;w;boone;psi;186;28607;va
A;G004814;1798;tina;elaine;detorio easter;48;f;w;huntersville;lyman oak;8516;28078;ny
A;G004814;1799;tina;elaine;detorio easter;48;f;w;trinity;irwin;4555;27370;ny
B;G004814;1800;tina;elaine;detorio easter;48;f;w;kannapolis;fairway;1061;28081;ny
B;G004974;1801;jessica;lanee bennett;stafford;33;f;w;charlotte;taos;12209;28277;tn
A;G004974;1802;jessica;lanee;bennett;33;f;w;green mountain;griffith branch;558;28740;tn
A;G004974;1803;jessica;lanee bennett;stafford;33;f;w;green mountain;griffith branch;558;28740;tn
A;G006367;1804;juliette;;evans;71;f;b;raleigh;tee dee;1913;27610;nc
A;G006367;1805;juliette;e;steward;43;f;b;raleigh;tee dee;1913;27610;oc
B;G006367;1806;juliette;e;steward;71;f;b;raleigh;tee dee;1913;27610;oc
A;G003035;1807;ronnie;lee;daniels;60;m;b;durham;elizabeth;208;27701;nc
B;G003035;1808;ronnie;lee;daniels;60;m;b;st pauls;nc hwy 20;3169;28384;nc
A;G003035;1809;ronnie;l;daniels;60;m;b;goldsboro;ash;1300;27530;nc
A;G001269;1810;jessica;martinson;carter;36;m;w;charlotte;carlota;1934;28269;nc
A;G001269;1811;jessica;martinson;carter;36;u;w;carrboro;old fayetteville;222;27510;
B;G001269;1812;jessica;martinson;carter;36;f;w;winterville;saddleback;2312;28590;nc
B;G000965;1813;vivian;wingate;croft;79;f;w;glen alpine;park;101;28628;ga
A;G000965;1814;vivian;wingate;woodbury;79;f;w;morganton;elm;123;28655;ga
A;G000965;1815;vivian;wingate;brown;79;f;w;asheboro;kenmore;904;27203;ga
A;G004733;1816;marcellie;;young;60;f;b;charlotte;fannie;426;28205;
A;G004733;1817;marcellie;;johnson;60;f;u;charlotte;royal celadon;6304;28269;nc
B;G004733;1818;marcellie;;johnson;60;f;u;charlotte;royal celadon;6304;28269;nc
A;G001844;1819;glenn;franklin;linney;61;m;b;hiddenite;hill river;2054;28636;nc
B;G001844;1820;glenn;franklin;linney;61;m;b;fayetteville;gooden;9455;28314;nc
A;G001844;1821;glenn;franklin;linney;61;m;b;raeford;sprucepine;212;28376;nc
A;G004278;1822;tonja;felicia;bowser;45;f;b;angier;mac;45;27501;nc
A;G004278;1823;tonja;felicia;bowser;45;f;b;angier;bounty;65;27501;nc
B;G004278;1824;tonja;felicia;bowser;45;f;b;garner;coalyard;150;27529;nc
B;G000620;1825;emily;louise;thome;44;f;w;asheville;jeffress;87;28803;md
A;G000620;1826;emily;louise;weber;44;f;w;asheville;merchant;54;28803;md
A;G000620;1827;emily;louise weber;thome;44;f;w;asheville;merchant;54;28803;md
B;G003289;1828;matthew;robert;strickland;33;m;w;durham;moorefield;9;27705;mi
A;G003289;1829;matthew;robert;strickland;33;m;w;durham;vanguard;1413;27713;mo
A;G003289;1830;matthew;robert;strickland;33;m;w;winston salem;turkey hill;3190;27106;mi
B;G003289;1831;matthew;robert;strickland;33;m;w;fuquay varina;devonridge;1911;27526;mo
B;G005892;1832;irene;gillian;bauer;21;f;w;greenville;jones hall;460;27858;
B;G005892;1833;irene;gillian;bauer;21;f;w;knightdale;wellington;109;27545;
A;G005892;1834;irene;gillian;bauer;21;u;u;knightdale;wellington;109;27545;
A;G005892;1835;irene;gillian;baver;21;u;u;knightdale;wellington;109;27545;
A;G002105;1836;james;christopher;wright;34;m;w;new bern;bayberry park;5308;28562;il
A;G002105;1837;james;christopher;wright;34;m;w;richlands;gum branch;6766;28574;il
B;G002105;1838;james;christopher;wright;34;m;w;raleigh;auston grove;1120;27610;il
B;G002105;1839;james;christopher;wright;34;m;w;wake forest;forbes;250;27587;il
B;G005380;1840;eric;johnson;batchelor;51;m;w;rocky mount;waterloo;1248;27804;nc
B;G005380;1841;eric;johnson;batchelor;51;m;w;rocky mount;waterloo;1248;27804;nc
A;G005380;1842;eric;johnson;batchelor;51;m;w;greenville;fire tower;1211;27858;nc
A;G005380;1843;eric;johnson;batchelor;51;m;w;zebulon;church;811;27597;nc
B;G005252;1844;marvin;lee;bennett;64;m;a;mt gilead;larboard;126;27306;nc
B;G005252;1845;marvin;lee;bennett;64;m;a;rockingham;garrett;144;28379;nc
A;G005252;1846;marvin;lee;bennett;64;m;a;rockingham;shannon;171;28379;nc
A;G005252;1847;marvin;lee;bennett;64;m;i;raleigh;new bern;1901;27610;
B;G004185;1848;richard;allen;hodges;39;m;u;smithfield;breadnut;127;27577;nc
A;G004185;1849;richard;allen;hodges;39;m;b;kinston;fox run;3118;28504;nc
B;G004185;1850;richard;allen;hodges;39;m;b;winterville;vicksburg;1029;28590;
A;G004185;1851;richard;allen;hodges;39;m;b;grifton;dogwood;6563;28530;nc
A;G001291;1852;angela;plyler;talley;48;f;w;midland;clydesdale;12856;28107;nc
A;G001291;1853;angela;plyler;talley;48;f;w;oakboro;st martin;12792;28129;nc
B;G001291;1854;angela;plyler;talley;48;f;w;stanfield;math;8592;28163;
B;G001291;1855;angela;plyler;talley;48;f;w;stanfield;math;8592;28163;
A;G000927;1856;merrick;duane;smith;48;m;b;morganton;valdese;607;28655;nc
A;G000927;1857;merrick;duane;smith;48;m;b;winston salem;brownsboro;4217;27106;nc
B;G000927;1858;merrick;duane;smith;48;m;b;winston salem;goldfloss;825;27107;nc
B;G000927;1859;merrick;duane;smith;48;m;b;wilson;wembly;3407;27896;nc
B;G000385;1860;jarrod;;richardson;30;m;w;caswell beach;caswell beach;1000;28465;
A;G000385;1861;jarrod;hoke;richardson;30;m;w;troutman;wagner;360;28166;nc
A;G000385;1862;jarrod;hoke;richardson;30;m;w;troutman;wagner;360;28166;nc
B;G000385;1863;jarrod;hoke;richardson;30;m;w;charlotte;mary alexander;9824;28262;nc
A;G005218;1864;elisabeth;f;ward;29;f;w;charlotte;university city;9201;28223;nc
B;G005218;1865;elisabeth;forrest;ward;29;f;w;wilmington;reed;4317;28405;
A;G005218;1866;elisabeth;forrest;ward;29;f;w;wilmington;reed;4317;28405;nc
B;G005218;1867;elisabeth;forrest;ward;29;f;w;raleigh;princeton mill;3310;27612;nc
A;G000837;1868;britney;acosta;clubb;28;u;u;asheville;sydney;16;28806;
A;G000837;1869;britney;acosta;clubb;28;f;w;waynesville;wilkinson pass;86;28786;fl
B;G000837;1870;britney;lynn;acosta;28;f;w;sapphire;carefree;59;28774;fl
B;G000837;1871;britney;lynn;acosta;28;f;w;sapphire;carefree;59;28774;
A;G001342;1872;lawrence;eugene;laws;40;f;w;hickory;gold creek bay;5669;28601;nc
B;G001342;1873;lawrence;eugene;laws;40;m;w;granite falls;connelly springs;2490;28630;nc
B;G001342;1874;lawrence;eugene;laws;40;m;w;hickory;7th;412;28601;nc
A;G001342;1875;lawrence;eugene;laws;40;u;u;hickory;7th;412;28601;
A;G000616;1876;lance;alan;armstrong;44;m;w;asheville;shadowlawn;143;28806;fl
B;G000616;1877;lance;armstrong;wisely;44;m;w;sylva;us hwy 441;6858;28779;fl
B;G000616;1878;lance;armstrong;wisely;44;m;w;marshall;foster creek;411;28753;fl
A;G000616;1879;lance;armstrong;wisely;44;m;w;garner;rose common;108;27529;fl
A;G002320;1880;cindy;kay;hickox;41;f;w;fort bragg;cargomaster;59;28307;nc
B;G002320;1881;cindy;kay;hickox;41;f;w;thomasville;bell;220;27360;nc
A;G002320;1882;cindy;kay;hickox;41;f;w;randleman;caudle;613;27317;nc
B;G002320;1883;cindy;kay;hickox;41;f;w;randleman;caudle;613;27317;nc
B;G003247;1884;william;rudolph;garfield;61;m;w;durham;sherbon;3204;27707;oh
A;G003247;1885;william;rudolph;garfield;61;m;w;wilmington;channel haven;115;28409;oh
B;G003247;1886;william;hills;garfield;61;m;w;burgaw;old river;9054;28425;oh
A;G003247;1887;william;rudolph;garfield;61;m;w;garner;garner;1412;27529;oh
A;G003454;1888;johnnie;earl;lucas;54;m;b;rocky mount;eastern;927;27801;nc
A;G003454;1889;johnnie;earl;lucas;118;m;b;spring hope;bergeron;2875;27882;
B;G003454;1890;johnnie;earl;lucas;54;m;b;spring hope;bergeron;2875;27882;nc
B;G003454;1891;johnnie;earl;lucas;54;m;b;spring hope;bergeron;2875;27882;nc
B;G001070;1892;martha;jean;strahan;51;f;w;davidson;traders;10834;28036;nc
B;G001070;1893;martha;bates;lang;51;f;w;vale;howards creek mill;1185;28168;nc
A;G001070;1894;martha;bates;strahan;51;f;w;charlotte;alydar;6837;28216;nc
A;G001070;1895;martha;bates;lang;51;f;w;charlotte;shady oak;7988;28210;nc
B;G005659;1896;samuel;wentworth;ward;29;m;w;chapel hill;bolton;112;27516;nc
B;G005659;1897;samuel;wentworth;ward;29;m;w;carrboro;fidelity;119;27510;nc
A;G005659;1898;samuel;wentworth;ward;29;u;w;chapel hill;bolton;112;27516;
A;G005659;1899;samuel;wentworth;ward;29;m;w;boone;canterbury;281;28607;nc
B;G000783;1900;timothy;lee;shivers;60;m;b;asheville;flint;191;28801;
B;G000783;1901;timothy;lee;shivers;60;m;b;asheville;caribou;542;28803;nc
A;G000783;1902;timothy;lee;shivers;60;m;b;asheville;klondyke;86;28801;nc
A;G000783;1903;timothy;l;shivers;60;m;b;asheville;taft;76;28803;
B;G006157;1904;anthony;;johnson;37;f;b;laurinburg;vance;113;28352;nc
A;G006157;1905;anthony;rasheim;johnson;37;m;b;raleigh;offshore;4225;27610;nc
A;G006157;1906;anthony;rasheim;johnson;37;m;b;raleigh;offshore;4229;27610;nc
B;G006157;1907;anthony;;johnston;37;m;b;raleigh;melrose ridge;3411;27603;nc
B;G000830;1908;donya;sarell;surrett;42;f;b;arden;rosetta;21;28704;nc
A;G000830;1909;donya;sarell coleman;surrett;42;f;b;fletcher;roberts;2;28732;nc
A;G000830;1910;donya;sarell;surrett;42;f;w;old fort;salisbury;19;28762;nc
B;G000830;1911;donya;sarell;surrett;42;f;b;pisgah forest;hudlin gap;238;28768;nc
B;G003712;1912;jennifer;adele;masterson;32;f;w;winston salem;white rock;4446;27105;nc
A;G003712;1913;jennifer;adele;wood;32;f;w;raeford;lindsay;3219;28376;nc
B;G003712;1914;jennifer;adele;masterson;32;f;w;charlotte;windy creek;11712;28262;ca
A;G003712;1915;jennifer;adele;masterson;32;f;w;faison;dave bright;6045;28341;nc
A;G000330;1916;paul;alcinor;louis;38;u;u;leland;elsie;1909;28451;
A;G000330;1917;paul;alcinor;louis;38;m;b;durham;beaver dam run;411;27703;ny
B;G000330;1918;paul;alcinor;louis;38;m;b;wilmington;spring valley;1101;28405;ny
B;G000330;1919;paul;alcinor;louis;38;m;o;wilmington;spring valley;1101;28405;ny
A;G002671;1920;tracy;lea;tracy;45;f;w;thomasville;meadow wood;124;27360;fl
B;G002671;1921;tracy;lea;tracy;45;f;w;statesville;starbuck;121;28625;fl
A;G002671;1922;tracy;lea;tracy;45;f;w;trinity;huckleberry;5754;27370;fl
B;G002671;1923;tracy;lea;tracy;45;f;w;thomasville;jades;1719;27360;fl
B;G000922;1924;jessica;griggs;carpenter;29;f;w;morganton;st marys church;1035;28655;nc
A;G000922;1925;jessica;whitney;griggs;29;f;w;salisbury;dunns mountain;3020;28146;nc
B;G000922;1926;jessica;griggs;carpenter;29;f;w;salisbury;dunns mountain;3290;28146;nc
A;G000922;1927;jessica;whitney;griggs;29;f;w;albemarle;tom;30431;28001;nc
B;G000578;1928;robert;frank;fullbright;49;m;w;asheville;laurel;66;28806;nc
B;G000578;1929;robert;frank;fullbright;49;m;w;leicester;quinn;43;28748;nc
A;G000578;1930;robert;frank;fullbright;49;m;w;clyde;cedar bend;38;28721;nc
A;G000578;1931;robert;frank;fullbright;49;m;w;waynesville;jims cove;134;28786;nc
B;G006139;1932;latoya;shemia;petty;30;f;b;forest city;buck collins;603;28043;sc
B;G006139;1933;latoya;shemia;petty;30;f;b;raleigh;crossroads vista;1731;27606;sc
A;G006139;1934;latoya;shemia;petty;30;f;b;knightdale;plexor;1605;27545;sc
A;G006139;1935;la toya;shemia;petty;30;u;u;raleigh;crossroads vista;1731;27606;
B;G006393;1936;faye;nante;knight;41;u;u;raleigh;chenault;3104;27604;
A;G006393;1937;faye;n;knight;41;f;b;raleigh;falls of neuse;5608;27609;nc
A;G006393;1938;faye;nant e;knight;41;f;b;plymouth;clark;112;27962;nc
B;G006393;1939;faye;n;knight;41;f;b;goldsboro;autumn winds;116;27530;nc
B;G004200;1940;michelle;smith;hinnant;45;f;w;smithfield;braswell;130;27577;nc
A;G004200;1941;michelle;smith;partridge;45;f;w;clayton;kintyre;669;27520;nc
B;G004200;1942;michelle;smith;hinnant;45;f;w;winterville;pocosin;1475;28590;nc
A;G004200;1943;michelle;smith;hinnant;45;f;w;cary;havers;40103;27518;nc
B;G000152;1944;randall;keith;summers;62;m;w;burlington;roger;2133;27217;mi
A;G000152;1945;randall;keith;summers;62;m;w;kernersville;abbotts lake;4124;27284;mi
A;G000152;1946;randall;keith;summers;62;m;w;mooresboro;hines;1030;28114;mi
B;G000152;1947;randall;keith;summers;62;m;w;mooresboro;hines;1030;28114;mi
B;G003102;1948;david;michael;fleming;53;m;w;durham;epping;17;27703;ny
A;G003102;1949;david;michael;fleming;53;m;w;clayton;swann;417;27527;ny
B;G003102;1950;david;michael;fleming;53;u;u;wilmington;old garden;5617;28403;
A;G003102;1951;david;michael;fleming;53;m;w;cary;millhous;1123;27513;ny
A;G005331;1952;margaret;brittany;stone pruitt;32;f;w;wilson;nc 97;1132;27896;
B;G005331;1953;margaret;brittany;stone;32;f;w;middlesex;denton;4800;27557;nc
A;G005331;1954;margaret;brittany;stone pruitt;32;f;w;greenville;ellsworth;3357;27834;nc
A;G005331;1955;margaret;brittany;stone pruitt;32;f;w;greenville;ellsworth;3357;27834;nc
B;G005331;1956;margaret;brittany;stone pruitt;32;f;w;greenville;ellsworth;3357;27834;nc
A;G002668;1957;lisa;barefoot;gobble;56;f;w;lexington;radds;6302;27295;nc
A;G002668;1958;lisa;barefoot;gobble;56;f;w;high point;glyn water;1047;27265;
B;G002668;1959;lisa;barefoot;gobble;56;f;w;winston salem;west;941;27101;nc
B;G002668;1960;lisa;barefoot;gobble;56;f;w;kernersville;timber ridge;472;27284;nc
A;G002668;1961;lisa;barefoot;gobble;56;f;w;kernersville;timber ridge;472;27284;nc
B;G000464;1962;hannah;elizabeth;levin;40;f;w;burnsville;ams;60;28714;nc
B;G000464;1963;hannah;elizabeth;levin;40;f;w;brasstown;weber;90;28902;nc
A;G000464;1964;hannah;elizabeth;levin;40;f;w;sylva;perley hyatt;324;28779;nc
A;G000464;1965;hannah;elizabeth;levin;40;f;w;whittier;groundhog mountain;90;28789;nc
A;G000464;1966;hannah;elizabeth;levin;40;f;w;pisgah forest;hart;43;28768;nc
A;G000096;1967;whitney;ellen;baker;29;f;w;graham;gilbreath;321;27253;in
B;G000096;1968;whitney;ellen;baker;29;f;w;durham;trinity;214;27701;in
B;G000096;1969;whitney;ellen;baker;29;f;w;durham;green;709;27701;in
A;G000096;1970;whitney;ellen;baker;29;f;w;carrboro;poplar;400;27510;in
A;G000096;1971;whitney;ellen;baker;29;f;w;carrboro;greensboro;506;27510;in
A;G002329;1972;roxanne;marie;lyons;33;f;w;fayetteville;odom;1021;28304;nc
B;G002329;1973;roxanne;marie;lyons;33;f;w;hope mills;round grove;3151;28348;nc
A;G002329;1974;roxanne;marie;lyons;33;f;w;lakeview;camp easter;285;28350;nc
A;G002329;1975;roxanne;marie;lyons;33;f;w;greenville;flows;2805;27834;nc
B;G002329;1976;roxanne;marie;lyons;33;f;u;lumberton;meadowview;3750;28358;
A;G001079;1977;lanaire;cerita;lindo;30;f;b;concord;ravenscroft;9771;28027;ny
B;G001079;1978;lanaire;cerita;lindo;30;f;b;charlotte;pike;8110;28262;ny
A;G001079;1979;lonaire;cerita;lindo;30;f;b;charlotte;berkeley hill;520;28262;ny
B;G001079;1980;lanaire;cerita;lindo;30;f;b;greenville;10th;3325;27858;ny
A;G001079;1981;lanaire;;lindo;30;f;b;matthews;scenic view;238;28104;ny
A;G002934;1982;sylvia;gabriela;sonnenberg;84;f;w;chapel hill;thorncroft;5;27517;oc
B;G002934;1983;sylvia;gabriela;sonnenberg;84;f;w;chapel hill;thorncroft;5;27517;oc
A;G002934;1984;sylvia;gabriela;sonnenberg;84;f;w;chapel hill;thorncroft;5;27517;oc
B;G002934;1985;sylvia;gabriela;sonnenberg;84;f;w;chapel hill;thorncroft;5;27517;oc
A;G002934;1986;sylvia;gabriela;sonnenberg;84;f;w;chapel hill;thorncroft;5;27517;oc
B;G000555;1987;jeffrey;;lynch;52;m;w;asheville;windswept;405;28801;nc
A;G000555;1988;jeffrey;harold;lynch;52;m;w;asheville;broad;49;28801;
A;G000555;1989;jeffrey;harold;lynch;52;m;w;asheville;forest hill;222;28803;
B;G000555;1990;jeffrey;harold;lynch;52;m;w;vale;plateau;2983;28168;nc
A;G000555;1991;jeffrey;harold;lynch;52;m;w;charlotte;8th;208;28202;nc
B;G004441;1992;cynthia;gayle;eads;61;f;w;sanford;franklin;302;27330;fl
B;G004441;1993;cynthia;gayle;eads;61;f;u;hillsborough;orange heights;425;27278;
A;G004441;1994;cynthia;gayle;eads;61;f;w;cary;gregory;105;27513;
B;G004441;1995;cynthia;gayle;eads;61;f;w;raleigh;holly springs;6125;27606;fl
A;G004441;1996;cynthia;gayle;eads;61;f;w;raleigh;fieldspring;190;27606;fl
A;G004441;1997;cynthia;gayle;eads;61;f;w;raleigh;new hope;4723;27604;fl
A;G000949;1998;kimberly;hayes;bennett;47;u;w;morganton;hopewell;994;28655;nc
A;G000949;1999;kimberly;dawn;hayes;47;f;w;morganton;wesley;1713;28655;nc
A;G000949;2000;kimberly;hayes;bennett;47;f;w;hudson;delmar;312;28638;nc
B;G000949;2001;kimberly;hayes;bennett;47;f;w;nebo;cedar brook;55;28761;nc
B;G000949;2002;kimberly;dawn;hayes;47;f;w;nebo;cedar brook;55;28761;
B;G000949;2003;kimberly;dawn hayes;bennett;47;f;w;nebo;cedar brook;55;28761;
B;G003265;2004;christopher;sherwin;graham;36;m;m;durham;morreene;700;27705;nc
A;G003265;2005;christopher;sherwin;graham;36;m;b;clemmons;willow trace;117;27012;nc
A;G003265;2006;christopher;sherwin;graham;36;m;u;mooresville;bogey;106;28117;
B;G003265;2007;christopher;sherwin;graham;36;m;m;huntersville;merry chase;13410;28078;nc
B;G003265;2008;christopher;sherwin;graham;36;u;u;charlotte;ivy meadow;1425;28213;
A;G003265;2009;christopher;sherwin;graham;36;m;m;pinehurst;holly pines;22;28374;nc
A;G003788;2010;roychelle;felicia;williams;45;f;b;spring lake;jeff;55;28390;nc
B;G003788;2011;roychelle;felicia;williams;45;f;b;selma;sharon;107;27576;nc
A;G003788;2012;raychelle;whack;williams;45;f;b;kenly;maple;316;27542;nc
B;G003788;2013;roychelle;whack;williams;45;f;b;goldsboro;maple;1721;27530;nc
A;G003788;2014;roychelle;felicia;williams;45;f;b;lucama;oscar;7415;27851;nc
A;G003788;2015;roychelle;felicia;williams;45;f;b;lucama;st marys church;7244;27851;nc
B;G003788;2016;roychelle;felicia;williams;45;f;b;lucama;monique;7507;27851;nc
A;G005767;2017;lauya;monique;boston;41;f;b;washington;yonkers;193;27889;
A;G005767;2018;lauya;monique;boston;41;f;b;washington;baker;205;27889;nc
A;G005767;2019;lauya;monique;boston;41;f;b;washington;minuteman;200;27889;nc
B;G005767;2020;lauya;monique;boston;41;f;b;washington;baker;137;27889;nc
B;G005767;2021;lauya;monique;boston;41;f;b;garner;seventh;917;27529;nc
B;G005767;2022;lauya;monique;boston;41;f;b;raleigh;tischer;1909;27603;nc
B;G005767;2023;lanya;monique;boston;41;f;b;raleigh;woodpecker;3119;27610;nc
A;G005767;2024;lauya;monique;boston;41;f;b;garner;seventh;917;27529;nc
