B;G006326;1;kelly;fisher;severson;36;f;w;raleigh;blaydon;2714;27606;nc
A;G006326;2;kelly;louise;fisher;36;f;w;raleigh;chester;1341;27608;nc
A;G004517;3;donna;bindas;randall;63;f;w;denver;seipel;802;28037;ct
B;G004517;4;donna;bindas;randall;63;f;w;cornelius;sterling bay;21021;28031;ct
A;G004422;5;faolan;ember;brooks;19;f;w;sanford;clearwater;1531;27330;nc
B;G004422;6;faolan;ember;brooks;19;f;w;apex;rushing breeze;111;27502;nc
B;G003053;7;katy;osborne;mcgovern;34;f;w;hillsborough;chatfield;4;27278;la
A;G003053;8;katy;elizabeth;osborne;34;f;w;charlotte;sidney crest;11717;28213;
B;G001766;9;thomas;a;kovacik;70;m;w;cary;garendon;500;27519;pa
A;G001766;10;thomas;a;kovacik;70;m;w;cary;palace;118;27518;pa
A;G003000;11;robert;l;bishop;44;m;w;morrisville;molesworth;406;27560;tn
B;G003000;12;robert;lynn;bishop;44;m;w;cary;cambrian;109;27511;tn
B;G001614;13;julia;elisabeth anne;morency;27;f;w;hickory;20th;950;28601;fl
A;G001614;14;julia;elisabeth anne;morency;27;f;w;taylorsville;devil track;277;28681;fl
B;G000641;15;jeanne;michele;burnette;74;f;w;asheville;idlewood;108;28806;ar
A;G000641;16;jeanne;michele;burnette;74;f;w;mills river;sweetwater;238;28759;ar
B;G002826;17;edward;charles;mikolaitis;84;m;w;wallace;maple creek;148;28466;pa
A;G002826;18;edward;c;mikolaitis;84;m;w;morrisville;cary;1995;27560;pa
B;G002109;19;pattie;batchelor;dudley;69;f;w;vanceboro;lewis;325;28586;nc
A;G002109;20;pattie;b;king;69;f;w;grifton;grainger station;3575;28530;nc
B;G001273;21;courtney;nicole;agee;26;f;w;concord;montford;2924;28027;nc
A;G001273;22;courtney;nicole;agee;26;f;w;charlotte;barossa valley;15508;28277;nc
A;G005854;23;sarah;crile;bienkowski;33;f;w;greenville;mulberry;2607;27858;ca
B;G005854;24;sarah;crile;bienkowski;33;f;w;raleigh;saubranch hill;4209;27616;ca
A;G001965;25;jacob;anderson;edmund;25;m;w;cerro gordo;braswell;5890;28430;nc
B;G001965;26;jacob;anderson;edmund;25;m;w;greenville;brook hollow;1629;27834;nc
B;G001985;27;richard;gene;reynolds;52;m;w;delco;carroll;224;28436;nc
A;G001985;28;richard;gene;reynolds;52;m;w;wilmington;rossmore;1528;28405;nc
B;G005093;29;holly;marie;curtis;45;f;w;charlotte;hunters landing;11233;28273;ny
A;G005093;30;holly;m;curtis;45;f;w;raleigh;memory;3713;27604;ny
B;G005441;31;benjamin;beck;allen;45;m;w;wilmington;39th;1311;28403;nc
A;G005441;32;benjamin;beck;allen;45;m;w;burgaw;horseshoe;30;28425;nc
B;G004507;33;janel;pokorny;trzaskos;43;f;w;stanley;waterford;8071;28164;ct
A;G004507;34;janel;p;trzaskos;43;f;w;huntersville;willow breeze;13610;28078;ct
A;G003585;35;kathleen;june;kirk;44;f;w;winston salem;gloucestershire;310;27104;oh
B;G003585;36;kathleen;june;kirk;44;f;w;monroe;maurice;203;28112;
B;G002458;37;krinton;lamont;riggins;38;m;b;fayetteville;chason ridge;5801;28314;nc
A;G002458;38;krinton;lamont;riggins;38;m;b;rowland;union school;714;28383;nc
B;G000625;39;amanda;nicole;conard;34;f;w;asheville;sunny ridge;9;28804;nc
A;G000625;40;amanda;nicole;waldrop;34;f;w;durham;willowhaven;5146;27712;
B;G002509;41;billy;kevin;rhodes;53;m;w;kill devil hills;sportsman;209;27948;nc
A;G002509;42;billy;kevin;rhodes;53;m;w;spindale;yelton;205;28160;nc
B;G005436;43;cameron;russell;benton;26;m;w;wilmington;laurel;107;28401;nc
A;G005436;44;cameron;russell;benton;26;m;w;hampstead;lands end;104;28443;nc
B;G002507;45;crystal;dae;swain;45;f;w;southern shores;trinitie;73;27949;nc
A;G002507;46;crystal;dae;swain;45;f;w;durham;glen eden;220;27713;nc
B;G005624;47;queenie;elizabeth;johns;72;f;b;jacksonville;western;5071;28546;mt
A;G005624;48;queenie;e;johns;72;f;b;greenville;saint andrews;107;27834;nc
A;G001950;49;karen;;falls;49;f;w;kings mountain;first;914;28086;in
B;G001950;50;karen;elaine;falls;49;f;w;linden;hawkins;8731;28356;in
B;G004817;51;linda;crockett;holland;60;f;b;charlotte;old meadow;5512;28227;nc
A;G004817;52;linda;c;holland;60;f;b;charlotte;olde savannah;6606;28227;
B;G002341;53;thomas;lee;thigpen;38;m;w;stedman;bainbridge;1057;28391;nc
A;G002341;54;thomas;lee;thigpen;38;m;w;lagrange;new hope;1243;28551;nc
A;G005597;55;shirley;ann;neal;69;f;w;jacksonville;dennis;203;28546;il
B;G005597;56;shirley;ann;neal;69;f;u;madison;tern;709;27025;il
A;G000329;57;jeremy;lee;walters;47;m;w;boiling spring lakes;lumberton;2509;28461;pa
B;G000329;58;jeremy;;walters;47;m;w;burgaw;us hwy 117;634;28425;
A;G004119;59;ralph;dalton;cline;85;m;w;west jefferson;riverside;464;28694;nc
B;G004119;60;ralph;daulton;cline;85;m;w;lincolnton;labans;210;28092;
B;G002762;61;wilma;jean;baer;89;f;w;mocksville;new hampshire;149;27028;in
A;G002762;62;wilma;jean;baer;89;f;w;west jefferson;walter;265;28694;in
A;G004351;63;danny;michael;pravlik;65;m;w;willow springs;james helen;112;27592;
B;G004351;64;daniel;michael;pravlik;65;m;w;garner;indian creek;1004;27529;oh
B;G004463;65;steven;lane;hooks;59;m;b;kinston;chestnut;609;28501;
A;G004463;66;steven;lane;hooks;59;m;b;kinston;king;907;28501;nc
A;G004082;67;brinsley;morgan;stewart;24;f;w;statesville;meadowview;150;28625;nc
B;G004082;68;brinsley;morgan;stewart;24;f;w;boonville;trail;1217;27011;nc
A;G000374;69;malinda;;miller;30;f;w;shallotte;willard;503;28470;mi
B;G000374;70;malinda;sue;miller;30;u;w;calabash;wilson;1045;28467;
A;G002517;71;amy;williams;halker;32;f;w;kill devil hills;colington pointe;109;27948;sc
B;G002517;72;amy;williams;halker;32;f;w;columbia;country estate;155;27925;sc
B;G001174;73;ibn zawdie;abdul malik;stevenson;46;m;b;concord;kison;1381;28027;pa
A;G001174;74;ibn;zawdie abdul malik;stevenson;46;m;o;kannapolis;poppy;1907;28083;pa
B;G001125;75;judy;darlene;smith;70;f;w;concord;wedgewood;2405;28025;nc
A;G001125;76;darlene;k;smith;70;f;w;salisbury;wedgewood;2405;28146;nc
B;G004395;77;jeleisha;;wooten;25;u;u;dover;wyse fork;4487;28526;
A;G004395;78;jeleisha;danielle;wooten;25;f;b;kinston;waters;805;28501;nc
B;G003999;79;david;curtis;bowers;41;m;w;statesville;west iredell;199;28625;nc
A;G003999;80;david;curtis;bowers;41;m;w;mooresville;whitman;122;28115;nc
A;G003808;81;robert;glenn;henderson;73;m;w;fuquay varina;grayson senters;311;27526;nc
B;G003808;82;robert;glenn;henderson;73;m;w;apex;henderson;8420;27539;nc
B;G000394;83;curtis;mark;garst;43;m;w;leland;lanvale;630;28451;nc
A;G000394;84;curtis;mark;garst;43;m;u;carolina beach;tennessee;206;28428;
A;G005280;85;harriett;yvette;thompson;45;f;b;southern pines;loden;154;28387;nc
B;G005280;86;harriett;yvette;johnson;45;f;b;raleigh;lenoxplace;225;27603;nc
A;G002996;87;kenndra;kamelah;quiles;44;f;b;durham;rosedale;1301;27707;nj
B;G002996;88;kenndra;kamelah;johnson;44;f;b;durham;shannon;3300;27707;nj
A;G001621;89;steven;eugene;anderson;50;m;b;hickory;8th av;122;28602;nc
B;G001621;90;steven;eugene;anderson;50;m;b;fayetteville;quailmeadow;1082;28314;nc
A;G005837;91;blair;secrest;price;72;m;w;hertford;waterview;106;27944;nc
B;G005837;92;blair;s;price;72;m;w;raleigh;old horseman;6021;27613;nc
B;G002188;93;nicolas;michael;lazatin;20;m;u;fayetteville;bent grass;4447;28312;
A;G002188;94;nicolas;michael;lazatin;20;m;a;boone;stadium justice dorm;189;28608;
B;G002346;95;nathan;joseph;tyron;24;m;w;fayetteville;rustic haven;4559;28311;nc
A;G002346;96;nathan;joseph;tyron;24;u;u;wilmington;racine;418;28403;
A;G002665;97;robert;leon;loflin;75;m;w;winston salem;brookdale;328;27107;nc
B;G002665;98;robert;leon;loflin;75;m;w;sparta;hickory mountain;347;28675;nc
B;G003036;99;travis;ezekiel joel;johnson;26;m;b;durham;guy walker;405;27703;mi
A;G003036;100;travis;ezekiel joel;johnson;26;m;b;durham;huntsman;1015;27713;mi
B;G001235;101;vanaye;janece;hamilton;32;f;b;concord;deep cove;3037;28027;ca
A;G001235;102;vanaye;janece;hamilton;32;f;b;charlotte;reafield;6616;28226;
A;G003555;103;joseph;donald;vegerano;28;m;w;winston salem;woodspring;5580;27106;ct
B;G003555;104;joseph;donald;vegerano;28;m;u;maggie valley;fie top;3062;28751;ct
B;G002369;105;joni;elizabeth;wiles;48;f;w;fayetteville;cool spring;120;28301;va
A;G002369;106;joni;elizabeth;wiles;48;f;w;fuquay varina;sunset;301;27526;va
A;G004174;107;jan;marie;kelley;61;f;w;kenly;gardner;300;27542;pa
B;G004174;108;jan;m rassmussen;kelley;61;f;w;middlesex;driver;9307;27557;pa
B;G002790;109;phyllis;ann;smith;55;f;b;mocksville;dianna;119;27028;nc
A;G002790;110;phyllis;ann;smith;55;f;b;statesville;cherry;803;28677;nc
A;G005159;111;phillip;weaver;henderson;39;m;w;charlotte;ridgeway;315;28204;oh
B;G005159;112;phillip;weaver;henderson;39;m;w;cary;audubon parc;1817;27518;oh
B;G001728;113;valentina;moreno;tengono;21;f;w;pittsboro;chatham mill;170;27312;oc
A;G001728;114;valentina;moreno;tengono;21;f;m;charlotte;vinca;9629;28213;oc
B;G004575;115;derkayla;j;bell;25;f;b;williamston;willow acres;106;27892;
A;G004575;116;derkayla;jeriesha;bell;25;f;b;jacksonville;marlene;174;28546;nc
A;G004720;117;steven;joseph;gerardi;30;m;w;charlotte;selwyn farms;3718;28209;va
B;G004720;118;steven;joseph;gerardi;30;m;w;raleigh;melrose ridge;3410;27603;va
A;G005784;119;khoa;michael;tran;48;m;a;washington;ore;101;27889;
B;G005784;120;khoa;michael;tran;48;m;a;greenville;megan;816;27834;
B;G004847;121;gary;j;kroeger;62;m;w;charlotte;harrisonwoods;7415;28270;
A;G004847;122;gary;j;kroeger;62;m;w;indian trail;courtfield;5347;28079;nj
B;G002952;123;ashley;renee;brown;32;f;b;durham;hidden meadow;18;27704;nc
A;G002952;124;ashley;renee;brown;32;f;b;elizabethtown;us 701;9473;28337;nc
A;G000662;125;ceyanne;elizabeth;brooks;44;f;w;asheville;forest run;14;28803;ms
B;G000662;126;ceyanne;elizabeth;brooks;44;f;w;asheville;kensington;500;28803;ms
B;G001656;127;timothy;alan;phelps;40;m;w;conover;emmanuel church;2839;28613;nc
A;G001656;128;timothy;alan;phelps;40;m;w;mount ulla;childers;285;28125;
B;G005879;129;vrushhik;;borad;22;m;a;greenville;white hall;918;27858;
A;G005879;130;vrushhik;;borad;22;m;a;wilkesboro;oak hill;1300;28697;
B;G002196;131;stacie;marie;green;37;f;i;fayetteville;captains;504;28311;nc
A;G002196;132;stacie;marie;carter;37;f;i;rowland;donald terry;195;28383;
B;G003266;133;malinda;teeters;pennington;49;f;w;durham;north exeter;12324;27703;nc
A;G003266;134;malinda;teeter;pennington;49;f;w;wilson;westbrook;1904;27896;nc
A;G003936;135;victoria;nashe;mcrae;28;f;b;raeford;main;1393;28376;nc
B;G003936;136;victoria;nashe;may;28;f;b;clayton;avondale;1028;27520;nc
A;G006480;137;beverly;ann;yearwood;55;f;b;fuquay varina;highrock lake;509;27526;
B;G006480;138;beverly;ann;yearwood;55;f;b;apex;churchwood;1102;27502;oc
A;G003055;139;traci;jean;tiemann;32;f;w;durham;millspring;1122;27705;tx
B;G003055;140;traci;jean;tiemann;32;f;u;cary;renaissance park;3417;27513;
A;G000354;141;carol;johanna;bowman;71;f;w;sunset beach;twisted oak;524;28468;pa
B;G000354;142;carol;j;bowman;71;f;w;durham;synnotts;3016;27705;pa
A;G002029;143;steven;lee;doin;61;m;w;vanceboro;winn;200;28586;ny
B;G002029;144;steven;lee;doin;61;m;w;hampstead;sand dollar;303;28443;ny
B;G001836;145;robert;charles;nelson;48;m;w;siler city;tanglewood;919;27344;
A;G001836;146;robert;charles;nelson;48;m;w;asheboro;dusty path;990;27205;nc
B;G004022;147;james;lewis;marshall;71;m;u;mooresville;branchview;213;28115;ny
A;G004022;148;james;lewis;marshall;71;m;w;davidson;river ford;18516;28036;ny
B;G004001;149;ricky;lynn;summers;58;m;b;statesville;crosby;141;28625;nc
A;G004001;150;ricky;lynn;summers;58;m;b;statesville;crosby;141;28625;nc
A;G001628;151;eugene;raymond;fernandez;39;m;o;sherrills ford;ridgeview;7918;28673;ny
B;G001628;152;eugene;raymond;fernandez;39;m;o;huntersville;mccoy;11824;28078;ny
A;G001260;153;kevin;scott;lott;31;m;w;kannapolis;rainbow;4410;28081;
B;G001260;154;kevin;scott;lott;31;m;w;china grove;nc hwy 153;1725;28023;nc
A;G003562;155;douglas;walter;briggs;60;m;w;pfafftown;millwheel;2920;27040;ny
B;G003562;156;douglas;walter;briggs;60;m;w;yadkinville;boulder;1116;27055;ny
A;G001387;157;melanie;brite;murphy;43;f;w;south mills;keeter barn;138;27976;va
B;G001387;158;melanie;brite;riggs;43;f;w;moyock;robert walker;245;27958;va
B;G005496;159;andrew;daniel;rabon;33;m;w;wilmington;sands hill;104;28409;tx
A;G005496;160;andrew;daniel;rabon;33;m;w;raleigh;busted rock;5133;27610;tx
A;G003407;161;david;braxton;jones;57;m;w;tarboro;walnut creek;191;27886;nc
B;G003407;162;david;braxton;jones;57;m;w;nashville;abernathy;1685;27856;nc
A;G005887;163;shannon;renee;wahlen;35;f;w;greenville;barnes;71;27858;nc
B;G005887;164;shannon;wahlen;flannery;35;f;w;greenville;lance;2537;27858;nc
A;G002370;165;jeffery;leon;scott;36;m;b;fayetteville;cliffdale;8581;28314;pa
B;G002370;166;jeffery;leon;scott;36;m;b;raeford;feathers;247;28376;pa
A;G003160;167;andrew;ali;aghapour;33;m;m;durham;willoughby;6;27713;sc
B;G003160;168;andrew;ali;aghapour;33;m;w;carrboro;sue ann;107;27510;oc
B;G006605;169;teresa;fowler;harris;57;f;w;macon;us highway 158;1544;27551;va
A;G006605;170;teresa;fowler;harris;57;f;w;macon;us highway 158;1544;27551;va
B;G005739;171;evelyn;brooks;terry;65;f;w;timberlake;al gray;467;27583;mi
A;G005739;172;evelyn;brooks;terry;65;f;w;timberlake;paradise cove;326;27583;mi
B;G000462;173;travis;caleb;wright;37;m;w;burnsville;three quarter creek;886;28714;ok
A;G000462;174;travis;caleb;wright;37;m;w;weaverville;northview;4;28787;ok
A;G001817;175;joshua;grant;hawk;37;m;w;chapel hill;dalton;591;27517;in
B;G001817;176;joshua;grant;hawk;37;m;w;holly springs;gremar;156;27540;in
B;G003573;177;christine;marie;tozier;48;f;w;pfafftown;mount salem;2495;27040;ca
A;G003573;178;christine;marie;tozier;48;f;w;walkertown;darrow;2540;27051;ca
B;G001954;179;henry;brian;leonard;43;m;w;clarendon;butler town;1040;28432;sc
A;G001954;180;henry;brian;leonard;43;m;w;clarendon;butler town;1040;28432;sc
B;G005066;181;mabelene;d;young;70;f;b;charlotte;julep;2718;28273;
A;G005066;182;mabelene;d;young;70;u;b;raleigh;primanti;8352;27612;
A;G006494;183;alexandra;cain;olney;34;f;w;raleigh;bledsoe;314;27601;ca
B;G006494;184;alexandra;cain;olney;34;f;w;raleigh;bledsoe;314;27601;ca
B;G006188;185;james;ronnie;joyce;69;m;w;madison;k fork;1761;27025;nc
A;G006188;186;james;r;joyce;69;m;w;madison;k fork;1761;27025;nc
B;G000523;187;jon;reed;gallimore;63;m;w;swannanoa;old us 70;610;28778;nc
A;G000523;188;jon;reed;gallimore;63;m;w;stokesdale;albert;413;27357;nc
A;G000227;189;mark;elliott;young;45;m;b;burlington;mebane;1524;27215;nc
B;G000227;190;mark;elliott;young;45;m;b;wake forest;alstonburg;2408;27587;nc
A;G000208;191;anna;w;friddle;39;f;w;burlington;st mark s church;1720;27215;
B;G000208;192;anna;friddle;evans;39;f;w;reidsville;oregon hill;1290;27320;nc
A;G000992;193;gwendolynn;amber;markolf;27;f;w;concord;cloister;751;28027;sc
B;G000992;194;gwendolynn;amber;holt;27;f;w;charlotte;strangford;4014;28215;sc
A;G000473;195;thomas;wayne;defrange;66;m;w;asheville;governors view;214;28805;
B;G000473;196;thomas;wayne;defrange;66;m;w;mills river;butler bridge;3178;28759;ok
A;G004026;197;carol;irvin;mitchell;75;f;w;mooresville;cypress cove;113;28117;in
B;G004026;198;carol;irvin;mitchell;75;f;w;huntersville;pennington;17213;28078;in
A;G003278;199;terrance;lee;williams;47;m;b;durham;wiltshire;4;27713;nc
B;G003278;200;terrance;lee;williams;47;m;b;clinton;boney;207;28328;nc
B;G002132;201;gary;joseph;groder;48;m;w;fayetteville;torbay;3516;28311;nc
A;G002132;202;gary;joseph;groder;48;m;w;wilmington;spartan;330;28405;nc
B;G004427;203;douglas;cain;garner;23;m;w;sanford;thomas kelly;1485;27330;nc
A;G004427;204;douglas;cain;garner;23;f;u;cameron;mclauchlin;344;28326;
A;G003780;205;revera;;arkell;69;f;o;cameron;forest;29;28326;ny
B;G003780;206;revera;;arkell;69;f;o;sanford;mt pisgah church;2805;27332;ny
B;G005192;207;debra;lisa;bloom;58;f;w;charlotte;leaves;7034;28213;ny
A;G005192;208;debra;l;bloom;58;f;w;monroe;commerce;2159;28110;ny
B;G004304;209;curtis;allen;clark;33;m;u;clayton;sugarpine;101;27520;nc
A;G004304;210;curtis;allen;clark;33;m;b;raleigh;trailwood;1820;27606;nc
A;G002795;211;david;robert;halliday;84;m;w;bermuda run;oleander;217;27006;il
B;G002795;212;david;robert;halliday;84;m;w;tryon;club;649;28782;il
A;G001334;213;elizabeth;;baker;47;f;w;granite falls;sue s mobile home;4700;28630;nc
B;G001334;214;elizabeth;marie;baker;47;f;w;hickory;18th av;48;28601;nc
B;G000898;215;vang;;vang;54;m;a;valdese;temple;1175;28690;oc
A;G000898;216;vang;;vang;54;m;a;claremont;bunker hill school;3458;28610;oc
B;G003933;217;tora;shaqurise;watkins;38;f;b;raeford;oakdale gin;437;28376;nc
A;G003933;218;tora;sharquise;edwards;38;f;b;monroe;lind point;219;28110;nc
B;G000408;219;norman;marshall;gore;56;m;w;leland;malmo loop;2462;28451;nc
A;G000408;220;norman;marshall;gore;56;m;w;riegelwood;justice flynn;692;28456;nc
B;G000891;221;david;saint john;hennessee;75;m;u;morganton;concord;331;28655;dc
A;G000891;222;david;saint john;hennessee;75;m;b;morganton;concord;331;28655;dc
B;G003611;223;megan;kimberly;riddle;32;f;w;clemmons;drumheller;657;27012;nc
A;G003611;224;megan;kimberly;riddle;32;f;w;raleigh;wirewood;1071;27605;nc
B;G001684;225;thomas;patrick;thornton;44;m;w;newton;nc 16;2455;28658;fl
A;G001684;226;thomas;patrick;thornton;44;m;w;statesville;coolwood;125;28625;fl
B;G002764;227;sarah;gillespie;bodin;49;f;w;advance;speaks;348;27006;tn
A;G002764;228;sarah;gillespie;bodin;49;f;w;winston salem;autumn park;1478;27106;tn
A;G001810;229;carol;elizabeth;eberle;73;f;w;pittsboro;log barn;134;27312;fl
B;G001810;230;carol;elizabeth;eberle;73;f;w;apex;hughes;704;27502;fl
A;G004044;231;victoria;;turner;59;f;b;statesville;rimrock;482;28625;nc
B;G004044;232;victoria;turner;brown;59;f;b;salisbury;pinehurst;626;28144;nc
A;G002136;233;juan;;santiago;55;m;w;fayetteville;wimbledon;6849;28314;il
B;G002136;234;juan;;santiago;55;m;w;cary;millhous;1108;27513;il
A;G003622;235;dahiana;mercedes;valerio;40;f;o;winston salem;orchard creek;2869;27127;
B;G003622;236;dahiana;mercedes;valerio;40;f;o;charlotte;paces oaks;8305;28213;oc
A;G000810;237;janae;elisabeth;foster;29;f;w;asheville;cumberland;343;28801;ga
B;G000810;238;janae;elisabeth;foster;29;f;w;fletcher;brickton village;176;28732;ga
B;G003790;239;laura;hundley;brown;52;u;u;bunnlevel;winged foot;206;28323;
A;G003790;240;laura;h;brown;52;f;w;rolesville;staples;316;27571;nc
A;G001011;241;akhil;;gundabathula;20;m;a;harrisburg;carnation;2501;28075;tx
B;G001011;242;akhil;;gundabathula;20;m;a;charlotte;summit commons;13725;28277;tx
A;G003599;243;robin;elizabeth;donahue;20;f;w;clemmons;maidwood;7535;27012;
B;G003599;244;robin;elizabeth;donahue;20;f;w;cullowhee;west university;159;28723;
B;G003147;245;mary;elizabeth;inglut;30;f;w;durham;lantern view;12;27703;ny
A;G003147;246;mary;elizabeth;georger;30;f;w;raleigh;brokers tip;10211;27617;ny
B;G005045;247;justin;marshall;mauney;24;m;w;charlotte;providence country club;5804;28277;va
A;G005045;248;justin;marshall;mauney;24;m;w;raleigh;twisted oaks;4611;27612;
A;G001473;249;david;windsor;barringer;52;m;w;morehead city;bay view;118;28557;nc
B;G001473;250;david;windsor;barringer;52;m;w;kinston;cambridge;1713;28504;nc
B;G000924;251;anthony;miguel;carbonetti;35;m;w;morganton;benjamin;2362;28655;fl
A;G000924;252;anthony;miguel;carbonetti;35;m;w;bostic;pleasant view;164;28018;fl
B;G005839;253;lisa;efigenia;romero;39;f;o;roxboro;person court;113;27573;fl
A;G005839;254;lisa;efigenia;romero;39;f;o;pembroke;jones;502;28372;fl
B;G004205;255;pamela;davis;gunter;64;f;w;clayton;barbour;616;27520;nc
A;G004205;256;pamela;d;gunter;64;f;w;raleigh;branchview;1009;27610;nc
B;G002350;257;altavier;jovante;young;22;m;b;fayetteville;alleghany;517;28304;md
A;G002350;258;altavier;jovante;young;22;m;b;greenville;10th;1108;27858;md
B;G004489;259;carol;ann;girardi;66;f;w;denver;bay pointe;7965;28037;ny
A;G004489;260;carol;ann;girardi;66;f;w;huntersville;new oak;8525;28078;ny
B;G003288;261;aurora;dawn;pryor;49;f;w;durham;dover;3411;27707;mi
A;G003288;262;aurora;d;pryor;49;f;o;durham;taproot;4809;27705;mi
A;G006260;263;lisa;dawn;hatley;56;f;w;monroe;hopewood;2517;28110;
B;G006260;264;lisa;d;hatley;56;f;w;monroe;goldmine;3009;28110;
B;G000764;265;kimberly;dawn;edgins;39;f;w;alexander;martin candler;481;28701;nc
A;G000764;266;kimberly;d berry;woodard;39;f;w;valdese;katherine;1220;28690;nc
A;G003929;267;carl;cleveland;manning;71;m;w;raeford;fairfield;645;28376;nc
B;G003929;268;carl;cleveland;manning;71;m;w;roseboro;elizabethtown;3315;28382;
A;G003648;269;matthew;james;rave;50;m;w;winston salem;hawthorne;1239;27103;va
B;G003648;270;matthew;james;rave;50;m;w;sylva;hillcrest;548;28779;va
A;G004830;271;chevone;d;falls;32;u;b;charlotte;idlewild;5524;28227;
B;G004830;272;chevone;denise;falls;32;f;b;matthews;union;1100;28104;nc
B;G004965;273;brenda;kay;wade;36;f;b;charlotte;cheviott hill;11921;28213;nc
A;G004965;274;brenda;kay;richardson;36;f;b;salisbury;standish;1614;28144;nc
A;G000030;275;billie;emma;dodson;42;f;w;mebane;pine valley;2652;27302;ct
B;G000030;276;billie;emma;dodson;42;f;w;mebane;holly hill;4104;27302;ct
A;G003284;277;karen;lorraine;wielunski;36;f;w;durham;stillhouse;4;27704;oh
B;G003284;278;karen;lorraine;wielunski;36;f;w;charlotte;kimrod;218;28270;oh
B;G001439;279;amanda;nicole;pauli;31;f;w;newport;nine foot;446;28570;nc
A;G001439;280;amanda;nicole;pauli;31;f;w;havelock;cedar ridge;217;28532;
A;G001217;281;robin;marie;morris;34;f;w;concord;miller;98;28025;nc
B;G001217;282;robin;marie;morris;34;f;w;new london;kendalls church;32070;28127;nc
B;G003348;283;valerie;jean;everhart hernandez;36;f;w;durham;epping;9;27703;ny
A;G003348;284;valerie;jean;everhart;36;f;w;chapel hill;nc hwy 54;1100;27516;ny
A;G006446;285;laura;ann;frey;44;f;w;wake forest;old dairy;513;27587;nh
B;G006446;286;laura;ann;frey;44;f;w;goldsboro;mill;503;27534;nh
A;G000628;287;beth;ann;phipps;41;f;w;asheville;hillside;205;28801;nc
B;G000628;288;beth;ann;cobb;41;f;w;asheville;dawnwood;5;28803;nc
B;G001014;289;patsy;daniel;rice;73;f;w;harrisburg;rocky river;3902;28075;
A;G001014;290;patsy;daniel;waldrop;73;f;w;denver;three wood;3080;28037;al
A;G004671;291;howard;;johnson;75;u;u;charlotte;echo cove;709;28273;
B;G004671;292;howard;;johnson;75;m;b;white oak;ireland;57;28399;nc
B;G005679;293;jody;;lennon;52;f;w;chapel hill;cool spring;3021;27514;ny
A;G005679;294;jody;;lennon;52;f;w;wake forest;old keith;1321;27587;ny
B;G003118;295;willa;marie;wilkinson;78;f;w;durham;fortunes ridge;5500;27713;ca
A;G003118;296;willa;marie;wilkinson;78;f;w;cary;grande valley;3114;27513;ca
B;G003238;297;cynthia;mccain;hamrick;53;u;u;bahama;johnson mill;9109;27503;nc
A;G003238;298;cynthia;m;hamrick;53;f;w;charlotte;par cove;10713;28277;nc
A;G001389;299;eric;glenn;warren;37;m;w;camden;japonica;302;27921;nc
B;G001389;300;eric;glenn;warren;37;m;w;hampstead;mooney;108;28443;nc
B;G002182;301;trisha;;slehria;22;u;u;fayetteville;birnam;322;28305;
A;G002182;302;trisha;;slehria;22;u;a;raleigh;park;109;27605;
A;G003911;303;shavon;diana;moody;36;f;b;ahoskie;liverman mill;917;27910;va
B;G003911;304;shavon;diana;moody;36;f;b;greenville;washington;1104;27834;va
A;G000254;305;vickie;surrell;robbins;47;f;w;leland;judy;3805;28451;nc
B;G000254;306;vickie;surrell;robbins;47;f;b;riegelwood;old lake;11343;28456;
A;G005186;307;william;clifford;coley;42;m;w;charlotte;water oak;4333;28211;nc
B;G005186;308;william;clifford;coley;42;m;w;raleigh;grand manor;4108;27612;nc
B;G001309;309;lisa;hollaway;stancil;54;f;w;midland;mineral;8989;28107;nc
A;G001309;310;lisa;hollaway;stancil;54;f;w;locust;creekview;17047;28097;
A;G003334;311;meredyth;stewart;albright;21;f;w;durham;duke university west campus;1;27708;nc
B;G003334;312;meredyth;stewart;albright;21;f;w;wake forest;taylors ridge;3133;27587;nc
A;G003455;313;keyona;;briscoe;26;f;b;rocky mount;windsor;1728;27801;md
B;G003455;314;keyona;;briscoe;26;f;b;rocky mount;winston;1212;27803;md
A;G002345;315;hanha;lee;hobson;24;f;o;fayetteville;kennybunk;7813;28304;nc
B;G002345;316;hanha;l;hobson;24;f;m;chapel hill;heritage;243;27516;
B;G002056;317;carol;yevette;price;36;f;w;new bern;bernhurst;305;28560;nc
A;G002056;318;carol;yevette;long;36;f;w;maysville;nc hwy 58;6637;28555;nc
A;G001630;319;charles;franklin;williams;67;m;w;denver;red hill;4500;28037;nc
B;G001630;320;charles;franklin;williams;67;m;w;mocksville;magnolia;249;27028;
B;G004921;321;sydney;marie;respass;26;f;b;charlotte;hendricks chapel;3023;28216;pa
A;G004921;322;sydney;marie;respass;26;f;b;raleigh;crescent creek;2310;27606;pa
A;G002839;323;brittany;sharay;elliote;30;f;w;wallace;nc 41;5368;28466;ga
B;G002839;324;brittany;sharay;curtis;30;f;w;jacksonville;jupiter;136;28546;ga
B;G003051;325;jason;patrick;page;44;m;w;durham;north;1201;27701;
A;G003051;326;jason;patrick;page;44;m;w;carrboro;hanna;107;27510;pa
A;G002294;327;darnell;devon;oatman;48;m;b;fayetteville;ivyridge;5482;28314;dc
B;G002294;328;darnell;devon;oatman;48;m;b;elizabeth city;shillingtown;899;27909;dc
A;G005563;329;chelsea;lynn;donovan;36;f;w;wilmington;2nd;509;28401;il
B;G005563;330;chelsea;lynn;donovan;36;f;w;jacksonville;court;514;28540;
A;G002087;331;paula;gaskins;adams;42;f;w;new bern;myrtle grove;101;28562;nc
B;G002087;332;paula;gaskins;adams;42;f;w;jacksonville;myrtlewood;203;28546;nc
B;G006628;333;rebecca;elizabeth;perry;27;f;w;boone;crest;162;28607;nc
A;G006628;334;rebecca;elizabeth;rubio serrano;27;f;w;millers creek;piney top;118;28651;nc
A;G000917;335;moua;;lor;36;m;o;glen alpine;scott;106;28628;ca
B;G000917;336;moua;;lor;36;m;o;vale;legend;2213;28168;ca
A;G002908;337;benjamin;joseph;berenfield;24;m;w;durham;solterra;142;27705;oh
B;G002908;338;benjamin;joseph;berenfield;24;m;w;chapel hill;longwood;207;27514;oh
B;G005962;339;donald;kevin;kearns;41;m;w;asheboro;crestview church;646;27205;nc
A;G005962;340;donald;kevin;kearns;41;m;w;asheboro;country;2034;27205;nc
B;G006349;341;samantha;faye;wathen;24;f;w;garner;poplar;1102;27529;nc
A;G006349;342;samantha;faye;wathen;24;u;w;raleigh;oak meadow;5720;27612;
A;G003653;343;lee;ann;athey;37;f;w;winston salem;northampton;4348;27105;nc
B;G003653;344;lee;ann;athey;37;f;w;trinity;nc hwy 62;7293;27370;nc
B;G002053;345;calton;grover;cannon;37;m;w;new bern;hopewell;102;28562;nc
A;G002053;346;calton;grover;cannon;37;m;w;durham;james;1820;27707;
A;G003850;347;randolph;meade;williams;74;m;w;maggie valley;alexander;264;28751;md
B;G003850;348;randolph;meade;williams;74;m;w;chocowinity;white oak;103;27817;md
A;G002326;349;robert;lee;carr;52;m;b;fayetteville;cumberland;3030;28306;nc
B;G002326;350;robert;lee;carr;52;u;b;wilmington;princess place;4006;28405;
B;G005774;351;luis;antonio;torres;29;m;b;chocowinity;sams;155;27817;ct
A;G005774;352;luis;anthony;torres;29;m;o;raleigh;armstrong;1205;27610;ct
B;G003657;353;lisa;renea;shelley;46;f;w;winston salem;timlic;22;27107;ga
A;G003657;354;lisa;renea;guthrie;46;f;w;asheboro;atlantic;110;27205;ga
B;G001664;355;crystal;carswell;feimster;34;f;w;conover;lyle haven;1003;28613;nc
A;G001664;356;crystal;carswell;feimster;34;f;w;stony point;rosemont;89;28678;nc
A;G003016;357;persal;;bethune;65;m;b;durham;cascade falls;500;27713;nc
B;G003016;358;persal;;bethune;65;m;b;durham;cascade falls;500;27713;nc
B;G006389;359;christopher;levon;mcnair;40;m;b;raleigh;pecan;209;27603;nc
A;G006389;360;christopher;levon;mcnair;40;m;b;raleigh;method;718;27607;nc
B;G004244;361;john;darnell;green;44;m;b;smithfield;booker dairy;406;27577;dc
A;G004244;362;john;darnell;green;44;m;b;middlesex;smith;10279;27557;dc
B;G003625;363;mark;ellis;podlaski;31;m;w;winston salem;hedgecock;272;27104;nc
A;G003625;364;mark;ellis;podlaski;31;m;w;cornelius;rio oro;20525;28031;nc
B;G005803;365;tobechi;anuli;nwamara;25;f;b;elizabeth city;road;607;27909;nc
A;G005803;366;tobechi;anuli;nwamara;25;f;b;raleigh;st regis;6221;27606;nc
A;G003367;367;veronica;l;rorie;39;f;b;durham;woodcroft;801;27713;nc
B;G003367;368;veronica;latirsh;griffin;39;f;o;wake forest;green drake;4012;27587;nc
B;G003753;369;veronica;louise;meert;30;f;w;sanford;marzy;65;27332;
A;G003753;370;veronica;louise;meert;30;f;w;wilmington;alpine;525;28403;al
B;G004785;371;erin;jerolimic;moore;39;f;w;matthews;windsor hill;1922;28105;ny
A;G004785;372;erin;jerolimic;moore;39;f;w;indian trail;equipoise;1025;28079;ny
A;G000618;373;anna;elise;godden;29;f;w;asheville;pinners cove;657;28803;nc
B;G000618;374;anna;elise;thompson;29;f;w;black mountain;pond;6;28711;nc
B;G001850;375;kathryn;elizabeth;hartley;26;f;w;hickory;mountain oak;298;28601;nc
A;G001850;376;kathryn;elizabeth;hartley;26;f;w;blowing rock;hartley hl;382;28605;nc
A;G005128;377;laurie;janine;halley;52;f;o;charlotte;blackmuir wood;4531;28270;ca
B;G005128;378;laurie;;halley;52;f;w;monroe;pumpernickel;6125;28110;ca
A;G006178;379;kenneth;stephen;hopkins;29;m;w;king;natalie;224;27021;nc
B;G006178;380;kenneth;stephen;hopkins;29;m;w;king;natalie;212;27021;nc
B;G000276;381;sylvia;dove;liner;65;f;w;carolina shores;sunfield;14;28467;nc
A;G000276;382;sylvia;d;liner;65;f;w;charlotte;kilborne;2735;28205;
B;G001475;383;alan;spencer;hill;28;m;w;newport;roberts;688;28570;nc
A;G001475;384;alan;spencer;hill;28;m;w;raleigh;valley run;7616;27615;nc
B;G000846;385;billy;r;carter;78;m;w;asheville;white ash;118;28803;nc
A;G000846;386;billy;ray;carter;78;m;w;flat rock;eagle crest;38;28731;nc
B;G004937;387;jonathan;scott;whitaker;34;m;w;charlotte;angwin;8435;28262;nc
A;G004937;388;jonathan;scott;whitaker;34;m;w;asheboro;filler rd;1346;27205;nc
B;G005746;389;robin;martin;pate;62;u;u;grantsboro;kennels beach;1960;28529;
A;G005746;390;robin;martin;pate;62;f;w;zebulon;car kare;9505;27597;ca
B;G005634;391;nicole;darlene;bono;36;f;w;jacksonville;south;1812;28540;ny
A;G005634;392;nicole;darlene;bono;36;f;w;maple hill;nc hwy 50;7075;28454;ny
A;G004192;393;barbara;perry;guiterrez;79;f;w;garner;telluride;129;27529;nc
B;G004192;394;barbara;perry;gutierrez;79;f;w;wake forest;registry;705;27587;nc
B;G003592;395;howard;monroe;bost;53;m;w;winston salem;murray;5710;27106;nc
A;G003592;396;howard;m;bost;53;m;w;east bend;millcreek;1125;27018;
A;G004047;397;karen;ann;nattinger;52;f;w;mooresville;castles gate;272;28117;tx
B;G004047;398;karen;ann;nattinger;52;f;w;davidson;pine;258;28036;tx
B;G000483;399;douglas;scott;west;61;m;w;arden;sunwest;120;28704;az
A;G000483;400;douglas;scott;west;61;m;w;fletcher;sterling run;31;28732;
B;G004051;401;kyle;lang;houston;28;m;w;statesville;davie;406;28677;nc
A;G004051;402;kyle;lang;houston;28;m;w;matthews;woodbend;12308;28105;nc
B;G005740;403;michael;foley;askew;25;m;w;chapel hill;williamson;510;27514;nc
A;G005740;404;michael;foley;askew;25;m;w;oriental;skipper;106;28571;nc
B;G002752;405;marcella;elisa;caudill;26;f;m;roaring gap;pine tree;100;28668;va
A;G002752;406;marcella;elisa;caudill;26;f;m;wilmington;market;420;28401;va
A;G004389;407;fleming;cecil;jones;46;m;w;trenton;chinquapin chapel;1523;28585;nc
B;G004389;408;fleming;cecil;jones;46;m;w;jacksonville;walnut;507;28540;nc
A;G000772;409;laura;venning;wilson;38;f;w;asheville;alexander;10;28801;nc
B;G000772;410;laura;boudreau;venning;38;f;w;raleigh;leadenhall;2212;27603;
A;G000274;411;eleanor;marie;sullivan;68;f;w;caswell beach;fairway;19;28465;ny
B;G000274;412;eleanor;marie;sullivan;68;f;w;southport;club villas;3350;28461;ny
A;G005610;413;mary;kate;haren;23;f;w;swansboro;camp queen;154;28584;ny
B;G005610;414;mary;kate;haren;23;f;w;swansboro;camp queen;154;28584;ny
A;G001594;415;mary;bryant;harwell;35;f;w;claremont;hall dairy;4440;28610;nc
B;G001594;416;mary;louise;bryant;35;f;w;ferguson;kendell town;1150;28624;nc
B;G004412;417;adrienne;leigh;hildreth;45;f;w;sanford;seth;3233;27330;nc
A;G004412;418;adrienne;leigh;walters;45;f;w;fuquay varina;barn view;429;27526;nc
B;G002079;419;william;h;berkey;35;u;u;vanceboro;nc 118;2860;28586;mi
A;G002079;420;william;h;berkey;35;m;w;chocowinity;taylor;316;27817;mi
A;G000895;421;glenn;scott;colwell;47;m;w;morganton;race track;2398;28655;pa
B;G000895;422;glenn;scott;colwell;47;m;w;conover;31st st;1223;28613;pa
B;G003534;423;cristina;nicole;dalton;37;u;b;winston salem;carlyle place;2335;27103;
A;G003534;424;cristina;nicole;dalton;37;f;b;raleigh;calvary;3123;27604;nc
B;G001308;425;andre;len;cottrell;52;m;b;kannapolis;roanoke;6584;28081;
A;G001308;426;andre;len;cottrell;52;u;u;kannapolis;29th;109;28083;
B;G004683;427;walid;;yussuf;36;m;b;charlotte;eastfield village;13305;28269;
A;G004683;428;walid;omer;yussuf;36;m;b;charlotte;double creek crossing;4115;28269;va
B;G002198;429;patrick;joseph;martin;22;u;w;hope mills;trevino;5759;28348;
A;G002198;430;patrick;joseph;martin;22;m;w;cameron;atlantic coast;19;28326;pa
B;G000753;431;christopher;douglas;webster;44;m;w;weaverville;sherwood;115;28787;nc
A;G000753;432;christopher;douglas;webster;44;m;w;marshall;eddie cody;53;28753;nc
A;G004556;433;laura;jean;schrader;36;f;w;denver;stonesthrow;4600;28037;il
B;G004556;434;laura;jean;schrader;36;f;w;charlotte;steel yard;3451;28205;il
B;G000883;435;joshua;william;kincaid;40;m;w;morganton;rhyne;110;28655;nc
A;G000883;436;joshua;william;kincaid;40;m;w;greenville;mulberry;2715;27858;nc
A;G006191;437;mary;elizabeth;brewster;40;f;w;pilot mtn;lonesome;1040;27041;nc
B;G006191;438;mary;elizabeth;whittington;40;f;w;pilot mountain;arthur needham;295;27041;nc
A;G004486;439;breiyanna;joan;stevermer;23;f;w;stanley;ivey meadow;7779;28164;ia
B;G004486;440;breiyanna;joan;stevermer;23;f;w;charlotte;passour ridge;3436;28269;ia
A;G001047;441;judith;ann;small;48;u;u;concord;bartram;776;28025;
B;G001047;442;judith;ann;small;48;f;b;indian trail;sparkleberry;7534;28079;ny
B;G002305;443;adrienne;graye;ezzell;31;f;w;fayetteville;ramsey;5400;28311;nc
A;G002305;444;adrienne;graye;ezzell;31;f;w;woodlake;river birch;759;28394;nc
B;G004023;445;amy;leigh;galliher;48;f;w;statesville;creekside;151;28625;nc
A;G004023;446;amy;leigh;galliher;48;f;w;wilmington;blue tick;1607;28411;nc
B;G003403;447;eddie;a;roach;57;m;b;rocky mount;cox;1450;27801;
A;G003403;448;eddie;a;roach;57;m;b;greenville;clairmont;320;27834;nc
B;G004041;449;stephen;thomas;cline;42;m;w;mooresville;fieldstone;338;28115;nc
A;G004041;450;stephen;thomas;cline;42;m;w;kannapolis;jaybird;1216;28081;nc
B;G005549;451;andrew;james;cooke;23;m;w;wilmington;tollington;4317;28412;
A;G005549;452;andrew;james;cooke;23;m;w;raleigh;fig vine;411;27609;oc
A;G001324;453;hollie;roper;pennell;41;f;w;lenoir;champion;3222;28645;nc
B;G001324;454;hollie;roper;smith;41;f;w;mooresville;lamplighter;111;28115;nc
A;G005621;455;kassondra;nickole;scheidt;28;f;w;richlands;classy;211;28574;
B;G005621;456;kassondra;nickole;scheidt;28;f;w;greenville;josh;1101;27834;nm
A;G002775;457;samuel;louis;petro;64;m;w;advance;riverbend;451;27006;oc
B;G002775;458;samuel;louis;petro;64;m;w;winston salem;fishel;124;27107;oc
B;G002901;459;brandon;mon a;james;33;m;b;durham;carroll;720;27701;nc
A;G002901;460;brandon;montae;james;33;m;b;raleigh;star sapphire;2100;27610;nc
B;G005372;461;lori;beth;davis;35;f;w;rocky mount;dortches;5998;27804;nc
A;G005372;462;lori;beth;kropp;35;f;w;wilmington;brandy;804;28405;nc
B;G005932;463;harry;neil;thompson;77;m;w;greenville;dovedale;2108;27834;nc
A;G005932;464;harry;neil;thompson;77;m;w;sims;crushed stone;7067;27880;nc
A;G004171;465;brittney;rye;walker;31;f;w;benson;south walden pond;115;27504;
B;G004171;466;brittney;rye;walker;31;f;w;raleigh;river landings;6017;27604;wv
B;G004491;467;maribeth;dobbins;hughes;46;f;w;denver;buena vista;8132;28037;ct
A;G004491;468;maribeth;dobbins;hughes;46;f;w;cornelius;chandlers landing;19225;28031;ct
B;G000611;469;fiora;lynne;lizak;62;f;w;swannanoa;rainbow ridge;55;28778;nc
A;G000611;470;fiora;beveridge;lizak;62;f;w;raleigh;bremerton;11108;27613;nc
A;G002035;471;jason;alexander;hancock;32;m;o;new bern;arbor green;4012;28562;va
B;G002035;472;jason;alexander;hancock;32;m;w;charlotte;tifton;8019;28226;va
B;G005858;473;felicia;denise;cherry dixon;46;f;b;farmville;clubview;3323;27828;nc
A;G005858;474;felicia;denise;cherry dixon;46;f;b;farmville;ghost hollow;3686;27828;nc
B;G000133;475;ashley;marie;bishop;31;f;w;burlington;roslyn;1400;27215;nc
A;G000133;476;ashley;marie;bishop;31;f;w;graham;kernodle;423;27253;nc
A;G002290;477;april;mcgirt;henderson;39;f;b;fayetteville;toledo;1792;28306;nc
B;G002290;478;april;mcgirt;henderson;39;f;b;st pauls;danbury;168;28384;nc
A;G005562;479;timothy;keith;raab;35;m;w;wilmington;penny;5221;28405;az
B;G005562;480;timothy;keith;raab;35;m;w;apex;chatham;315;27502;az
B;G001358;481;jarrett;william;bradley;78;m;i;hudson;mac;3005;28638;nc
A;G001358;482;jarrett;william;bradley;78;m;i;cherokee;acquoni;1108;28719;nc
B;G001803;483;dana;petty;smith;34;f;w;pittsboro;may farm;347;27312;nc
A;G001803;484;dana;petty;sheffield;34;f;w;asheboro;friendly acres;640;27205;nc
B;G005358;485;rodell;austin;spake;53;m;w;rocky mount;tyson;106;27804;ak
A;G005358;486;rodell;austin;spake;53;m;w;jacksonville;greenway;909;28546;or
A;G000037;487;darryl;raynard;moye;53;m;b;mebane;dogwood;1007;27302;nc
B;G000037;488;darryl;raynard;moye;53;m;b;durham;roxboro;2519;27707;ne
A;G000316;489;sarah;beth;wise;34;f;w;boiling spring lakes;redwood;208;28461;ms
B;G000316;490;sarah;beth;tomlinson;34;f;w;kings mountain;oriental;104;28086;ms
B;G002076;491;leander;;forbes;71;m;b;new bern;timothy;201;28560;nc
A;G002076;492;leander;;forbes;71;m;b;swansboro;whistling heron;415;28584;nc
B;G006359;493;jaeyeon;;kim;35;f;o;cary;vallonia;4260;27519;
A;G006359;494;jaeyeon;;kim;35;f;o;raleigh;calliope;2820;27616;oc
B;G005387;495;ashley;ann;atkinson;33;f;w;rocky mount;avent;527;27804;ny
A;G005387;496;ashley;ann;atkinson;33;f;w;littleton;eaton ferry;1831;27850;ny
B;G005301;497;beverly;zhalontay;butler;40;f;b;carthage;fire tower;1820;28327;nc
A;G005301;498;beverly;zhalontay;butler;40;f;b;rockwell;west park;640;28138;nc
B;G006269;499;marie;diane;hilliard;61;f;w;henderson;vance academy;441;27537;nc
A;G006269;500;marie;diane;hilliard;61;f;w;henderson;cooper;613;27536;
A;G000866;501;gregory;price;benton;57;m;w;asheville;windswept;405;28801;ga
B;G000866;502;gregory;price;benton;57;m;w;sherrills ford;norman;7409;28673;ga
B;G001120;503;donophan;;clyburn;67;m;b;concord;helmsley;3100;28027;
A;G001120;504;donophan;;clyburn;67;m;b;charlotte;toxaway;7223;28269;sc
A;G002048;505;courtney;l;cooper;22;u;b;new bern;morton;5309;28562;
B;G002048;506;courtney;latrice;cooper;22;f;b;new bern;morton;5309;28562;nc
B;G005804;507;danielle;nicole;green;32;f;b;elizabeth city;roanoke;800;27909;nc
A;G005804;508;danielle;nicole;green;32;f;b;raleigh;rockglen;6721;27615;nc
B;G005040;509;adam;christopher;allen;32;m;w;charlotte;karen;3030;28205;tx
A;G005040;510;adam;c;allen;32;m;w;mooresboro;kanipe ranch;262;28114;tx
B;G004373;511;christian;emanuel;banks;52;m;b;four oaks;neighbor;97;27524;oh
A;G004373;512;christian;e;banks;52;m;b;turkey;beulah church;2386;28393;
B;G006572;513;paul;eugene;artis;36;m;b;raleigh;lee;222;27601;nc
A;G006572;514;paul;eugene;artis;36;u;u;goldsboro;hart;1515;27530;
A;G005651;515;kristopher;brian;smith;43;m;w;mebane;high ridge;1323;27302;nc
B;G005651;516;kristopher;brian;smith;43;m;w;apex;providence green;1412;27502;nc
A;G001585;517;norma;scalf;wright;66;f;w;claremont;harwell;2736;28610;
B;G001585;518;norma;lee;wright;66;f;w;elk park;jones;140;28622;nc
A;G004298;519;esthephanie;;chavira;22;f;o;four oaks;webb mill;866;27524;nc
B;G004298;520;esthephanie;;chavira;22;f;o;clinton;beulah;4044;28328;nc
A;G005807;521;kirk;j;cepavicius;46;m;o;elizabeth city;timothy;504;27909;ca
B;G005807;522;kirk;james;cepavicius;46;m;w;hertford;nates;113;27944;ca
B;G000935;523;brittany;marie;hamilton;28;f;w;morganton;sequoyah;200;28655;fl
A;G000935;524;brittany;marie;rydzfski;28;f;w;high point;sink lake;629;27265;fl
A;G003019;525;angelica;jeannette;curry;27;f;b;durham;park ridge;900;27713;ne
B;G003019;526;angelica;jeannette;glover;27;f;b;raleigh;atlantic;3424;27604;nc
B;G004080;527;jacob;chase;chandler;26;m;w;statesville;myrtle;122;28625;nc
A;G004080;528;jacob;chase;chandler;26;m;w;lowgap;ivy green;248;27024;nc
B;G003904;529;dorothy;may;carmean;77;f;w;fletcher;terrys gap;331;28732;nc
A;G003904;530;dorothy;cagle;carmean;77;f;w;rocky mount;brandywine;1113;27804;
A;G004600;531;danny;billy poe;jones;62;m;w;nebo;harmony grove;6988;28761;sc
B;G004600;532;danny;billy poe;jones;62;m;w;forest city;us hwy 221a;1942;28043;sc
A;G006556;533;manaka;angela;green;23;u;u;raleigh;ncsu alexander;0;27607;oc
B;G006556;534;manaka;angela;green;23;u;u;raleigh;ncsu alexander;0;27607;
B;G006236;535;laura;marie;sager;32;f;w;waxhaw;briarstone;8806;28173;oh
A;G006236;536;laura;marie;turner;32;f;w;waxhaw;rockwood;4520;28173;oh
B;G005552;537;jeffrey;scott;lyle;58;u;u;wilmington;davie;404;28412;
A;G005552;538;jeffrey;scott;lyle;58;m;w;garner;broughton;117;27529;al
A;G001248;539;daniel;robert;fellenzer;21;m;w;concord;dunberry;4606;28027;oc
B;G001248;540;daniel;robert;fellenzer;21;m;w;charlotte;mallard creek church;1530;28262;oc
A;G004635;541;bruce;scott;perkins;53;m;w;matthews;matthews mint hill;4049;28105;in
B;G004635;542;bruce;scott;perkins;53;m;w;charlotte;ginovanni;13023;28227;in
A;G002594;543;charles;hubert allen;lance;50;m;w;thomasville;paul kennedy;146;27360;
B;G002594;544;charles;hobart allan;lance;50;m;w;trinity;wood village;3696;27370;nc
B;G005061;545;michael;richard;krasuski;19;m;w;davidson;ridge;209;28035;nc
A;G005061;546;michael;richard;krasuski;19;m;w;chapel hill;hansen creek;105;27516;nc
B;G005814;547;michael;john;terry;34;m;w;hampstead;poplar branch;132;28443;
A;G005814;548;michael;john;terry;34;m;w;randleman;branson davis;6339;27317;
A;G002550;549;kirby;wayne;garner;52;m;w;thomasville;lacy hepler;1320;27360;nc
B;G002550;550;kirby;wayne;garner;52;m;w;thomasville;lacy hepler;1320;27360;
A;G006220;551;garry;steven;cardwell;71;m;w;elkin;harris;154;28621;nc
B;G006220;552;garry;steven;cardwell;71;m;w;plymouth;hazel;112;27962;nc
B;G003658;553;donald;carl;stogner;56;m;w;kernersville;round hill;1637;27284;al
A;G003658;554;donald;carl;stogner;56;m;w;cary;giverny;302;27513;al
B;G000727;555;michael;james;brasunas;37;u;u;asheville;first;49;28803;
A;G000727;556;michael;james;brasunas;37;m;w;black mountain;another;42;28711;wv
B;G003715;557;melvin;james;austin;70;m;w;rural hall;stanleyville;6044;27045;nc
A;G003715;558;melvyn;james;austin;70;u;u;statesville;catspaw;520;28677;
A;G003099;559;sabonia;nicole;stewart;44;f;b;durham;maymount;501;27703;nj
B;G003099;560;sabonia;nicole;stewart;44;f;b;rocky mount;leggett;1301;27801;nc
B;G005729;561;michael;stevenson;mcglinchey;41;m;w;mebane;pink dogwood;313;27302;md
A;G005729;562;michael;stevenson;mcglinchey;41;m;w;raleigh;westgrove;4700;27606;md
A;G000646;563;david;patrick;conley;39;m;w;asheville;river ridge;2204;28803;ny
B;G000646;564;david;patrick;conley;39;m;w;fletcher;roanoke;32;28732;ny
A;G000655;565;lyudmila;anatolyevna;tirgoala;28;f;o;asheville;moss pink;2;28806;oc
B;G000655;566;lyudmila;anatolyevna;tirgoala;28;f;w;weaverville;holcombe branch;1659;28787;
A;G003033;567;john;serge;taylor;73;m;w;chapel hill;lancaster;300;27517;ny
B;G003033;568;john;serge;taylor;73;m;w;chapel hill;old mill;758;27514;ny
B;G003068;569;jerome;mcarther;scott;22;m;b;durham;fayetteville;1801;27707;ny
A;G003068;570;jerome;mcarther;scott;22;m;b;raleigh;cardinal grove;5220;27616;ny
B;G002925;571;julie;marie;lowe;37;f;w;morrisville;wind river;1200;27560;la
A;G002925;572;julie;marie;lowe;37;f;w;apex;oak stream;2213;27523;la
A;G000744;573;jacob;james;mcmahan;20;m;w;weaverville;northview park;135;28787;nc
B;G000744;574;jacob;james;mcmahan;20;m;w;mars hill;honey;92;28754;nc
B;G004749;575;goldee;marquie;payton;40;f;w;matthews;treeside;9919;28105;co
A;G004749;576;goldee;marquie;payton;40;f;w;matthews;delamere;3103;28104;co
B;G001640;577;david;michael;boldon;41;m;w;maiden;brentwood;109;28650;nc
A;G001640;578;david;michael;boldon;41;m;w;marion;clear creek;1179;28752;nc
B;G001970;579;shannon;rose;king fowler;44;f;w;delco;applewhite;26;28436;nc
A;G001970;580;shannon;rose;king fowler;44;f;w;lincolnton;jacks;1493;28092;nc
A;G004731;581;leslie;brafford;threatt;57;f;w;charlotte;peverell;2618;28270;
B;G004731;582;leslie;martha;brafford;57;f;w;matthews;kensrowe;1032;28104;nc
A;G004555;583;nicholas;david;reid;31;m;w;denver;nautical view;7693;28037;
B;G004555;584;nicholas;david;reid;31;m;w;chapel hill;maxwell;113;27517;nc
A;G005792;585;cecil;verlin;cherry;76;m;w;washington;voice of america;5108;27889;nc
B;G005792;586;cecil;verlin;cherry;76;m;w;greenville;deerwood;202;27858;nc
A;G004161;587;felicia;michele;boyette;42;f;w;clayton;gracie;131;27520;nc
B;G004161;588;felicia;michele;adams;42;u;w;clayton;marino;109;27527;fl
B;G004321;589;teona;michelle;bannerman;20;f;b;clayton;old yogi;139;27520;nc
A;G004321;590;teona;michelle;bannerman;20;u;u;raleigh;lake ridge;4270;27604;
B;G002014;591;william;andrew;gower;68;m;w;new bern;judge manly;2938;28562;nc
A;G002014;592;william;andrew;gower;68;m;w;new bern;rivertide;128;28562;nc
A;G001989;593;yolanda;patrece;stephens;28;f;u;whiteville;martin luther king;108;28472;
B;G001989;594;yolanda;patrece;stephens;28;f;b;lumberton;old whiteville;800;28358;nc
B;G001296;595;joclynne;elaina;byers;40;f;b;kannapolis;flowe;209;28083;tn
A;G001296;596;joclynne;elaina;byers;40;f;b;mooresville;logan;742;28115;tn
B;G001108;597;jimmie;lee;cranfield;50;m;w;kannapolis;sapp;5300;28083;nc
A;G001108;598;jimmie;lee;cranfield;50;m;w;salisbury;peach orchard;1800;28146;nc
A;G001773;599;sarah;rachel;howard;44;f;u;siler city;wellaway;493;27344;ct
B;G001773;600;sarah;rachel;howard;44;f;w;carrboro;chaucer;101;27510;ct
A;G004366;601;melissa;cashwell;spain;51;f;w;angier;paula;170;27501;nc
B;G004366;602;melissa;cashwell;spain;51;f;w;raleigh;competition;533;27603;nc
B;G006017;603;deanna;marie;sturdivant;45;f;b;hamlet;buttercup;406;28345;nc
A;G006017;604;deanna;marie;sturdivant;45;f;b;laurinburg;wilmington;502;28352;nc
B;G005250;605;henry;nicholas;mcgovern;64;m;w;new london;lake shore;1252;28127;de
A;G005250;606;henry;nicholas;mcgovern;64;m;w;asheboro;kingsway;16;27203;de
B;G003318;607;william;douglas;wallace;31;m;w;durham;main;605;27701;oh
A;G003318;608;william;douglas;wallace;31;m;w;raleigh;collection river;7711;27617;oh
A;G006557;609;donald;george;dehart;35;u;u;raleigh;pickwick;4016;27613;
B;G006557;610;donald;george;dehars;35;m;w;raleigh;pickwick;4016;27613;
B;G003253;611;paula;;siwek;59;f;w;durham;dryden;109;27713;ny
A;G003253;612;paula;;siwek;59;f;w;carrboro;old fayetteville;222;27510;ny
B;G000353;613;charles;j;novotney;66;u;u;carolina shores;wedge;903;28467;
A;G000353;614;charles;joseph;novotney;66;m;w;lake waccamaw;central;203;28450;dc
B;G005866;615;ted;lee;murchison;86;m;w;winterville;south square;598;28590;mi
A;G005866;616;ted;lee;murchison;86;m;w;elm city;rosebud church;4832;27822;
B;G001734;617;katherine;lynn;goldston;62;f;w;goldston;goldston glendon;1291;27252;
A;G001734;618;katherine;;goldston;62;f;u;cary;applecross;302;27511;
A;G002376;619;karolyn;sue;martin;33;f;w;hope mills;timber grove;4429;28348;ks
B;G002376;620;karolyn;sue;grafel;33;f;w;lumberton;pine run;1103;28358;ks
B;G001816;621;james;bernard;delpapa;56;u;w;durham;hickory trace;275;27713;nc
A;G001816;622;james;bernard;delpapa;56;m;w;raleigh;st marys;2514;27609;nc
B;G005338;623;amber;kay;perry;34;f;w;spring hope;green;1658;27882;nc
A;G005338;624;amber;kay;williams;34;f;w;raleigh;anthony;3215;27603;nc
B;G001175;625;dianna;drayson;singler;52;f;w;concord;grovecreek pond;3632;28027;md
A;G001175;626;dianna;drayson;singler;52;f;w;charlotte;trotter;8018;28216;md
A;G002520;627;nancy;elian;vaughn;55;f;w;kill devil hills;ketch;1602;27948;oc
B;G002520;628;nancy;;vaughn;55;u;w;holly springs;vine;1816;27540;
A;G004636;629;rachelle;a;gualtieri;48;f;w;charlotte;royal scot;8800;28227;ct
B;G004636;630;rachelle;adrienne;gualtieri;48;f;w;matthews;moss creek;706;28105;ct
A;G001579;631;carole;morgan;knowles;81;f;w;hickory;26th;479;28601;nc
B;G001579;632;carole;m;knowles;81;f;w;sanford;lord ashley;2204;27330;nc
A;G001359;633;larry;joseph;phillips;53;m;w;lenoir;old north;1013;28645;nc
B;G001359;634;larry;joseph;phillips;53;m;w;lenoir;capital;3279;28645;nc
B;G002810;635;gregory;angelo;yacullo;75;m;w;teachey;bernice blanton;188;28464;nj
A;G002810;636;gregory;angelo;yacullo;75;m;w;holly ridge;lloyd;213;28445;nj
B;G000113;637;leta;naomi;falls;64;f;w;mebane;mebane airport;1015;27302;nc
A;G000113;638;leta;naomi;falls;64;f;w;newton grove;homewood;43;28366;nc
B;G006067;639;claudia;renee;hannig;54;f;w;reidsville;northend;116;27320;nc
A;G006067;640;claudia;r;stevens;54;f;w;salisbury;partridge;120;28147;nc
A;G002216;641;shaneka;n;allen;38;f;b;fayetteville;king george;1937;28303;il
B;G002216;642;shaneka;nicole;allen;38;f;b;fayetteville;sleepy hollow;1161;28311;il
A;G000958;643;jonathan;james;allen;40;m;w;connelly springs;bailey;8161;28612;nc
B;G000958;644;jonathan;james;allen;40;m;w;lexington;cow palace;580;27295;nc
A;G001393;645;ellis;wade;dunn;66;m;w;morehead city;arendell;4004;28557;nc
B;G001393;646;wade;;dunn;66;m;w;new bern;half moon;815;28560;nc
A;G001906;647;anita;mae;dexter;78;f;w;shelby;warren;934;28150;ma
B;G001906;648;anita;dexter;durant;78;f;w;hendersonville;greenville;1503;28792;ma
A;G000928;649;joseph;daniel;tallent;33;m;w;morganton;dale;103;28655;nc
B;G000928;650;joseph;daniel;tallent;33;m;w;boone;king;229;28607;
B;G004473;651;kevin;dewayne;newborn;46;m;b;kinston;fox run;2169;28504;nc
A;G004473;652;kevin;dewayne;newborn;46;u;u;kinston;fox run;2169;28504;
B;G005404;653;kelli;elizabeth;kiger;35;f;w;wilmington;wrightsville;6239;28403;nc
A;G005404;654;kelli;elizabeth;kiger;35;f;w;wilmington;amberleigh;240;28411;nc
B;G003578;655;livingston;jack;loizeaux;25;m;w;pfafftown;waterway;3509;27040;de
A;G003578;656;livingseon;jack;loizeaux;25;m;w;charlotte;rocky falls;7053;28211;de
B;G006474;657;timothy;todd;oboyle;36;m;w;cary;woodfield lake;4110;27518;sc
A;G006474;658;timothy;todd;o boyle;36;m;w;elm city;branch;206;27822;sc
B;G000665;659;charles;taylor;jensen;28;u;u;asheville;pace;300;28806;
A;G000665;660;charles;taylor;jensen;28;m;w;boone;university hall;361;28607;nc
A;G002824;661;victoria;ann louise;nason;23;f;w;beulaville;old nc 24;358;28518;nc
B;G002824;662;victoria;ann louise;bletner;23;f;w;richlands;ervintown;131;28574;nc
B;G000345;663;vernon;pierre;smith;56;m;b;leland;draymore;516;28451;nc
A;G000345;664;vernon;pierre;smith;56;m;b;wilmington;orange;1717;28403;nc
A;G002303;665;derrick;vaughn;mcneill;48;u;u;fayetteville;oakland;308;28301;
B;G002303;666;derrick;vaughn;mcneill;48;m;b;fayetteville;downing;2155;28312;nc
A;G000215;667;wendy;evans;franks;45;f;w;burlington;deepwood;2933;27215;nc
B;G000215;668;wendy;evans;howerton;45;f;w;reidsville;roberts farm;551;27320;nc
A;G001521;669;angela;marie;gates;46;f;w;beaufort;hwy 70 beaufort;2516;28516;mi
B;G001521;670;angela;marie;gates;46;f;w;havelock;mccotter;326;28532;mi
B;G000309;671;george;walton;wells;74;m;w;leland;natural springs;1025;28451;tx
A;G000309;672;george;w;wells;74;m;w;cary;scots cove;105;27518;tx
B;G001041;673;timothy;jackson;snodgrass;62;m;w;mount pleasant;empire;7250;28124;va
A;G001041;674;timothy;jackson;snodgrass;62;m;w;charlotte;armitage;3915;28269;va
A;G006029;675;margaret;short;gaddy;71;f;b;hoffman;us 1;3770;28347;nc
B;G006029;676;margaret;short;gaddy;71;f;b;monroe;bragg;610;28112;nc
B;G001993;677;dina;;terry;46;f;b;clarkton;janiya;20;28433;nc
A;G001993;678;dina;elaine;terry;46;f;b;council;boggy branch;2073;28434;nc
A;G005731;679;lorcan;gearoid;farrell;20;m;w;chapel hill;stadium;101;27514;nc
B;G005731;680;lorcan;gearoid;farrell;20;m;w;cary;belle isle;108;27513;nc
B;G004438;681;suzanne;nassif;felton;72;f;w;sanford;cranberry;1523;27330;ma
A;G004438;682;suzanne;nassif;felton;72;f;w;matthews;millbank;1140;28104;ma
B;G006041;683;cryshona;brown;tyson;36;f;u;maxton;patterson;317;28364;nj
A;G006041;684;cryshona;peacola;mcmillan;36;f;b;laurinburg;terrace;1425;28352;nj
B;G004445;685;david;ray;carter;33;m;w;kinston;carey;3219;28504;nc
A;G004445;686;david;r;carter;33;m;w;kinston;nc hwy 55;1511;28501;nc
A;G006429;687;josephine;;byers;75;f;w;apex;beckwith;2501;27523;
B;G006429;688;josephine;;byers;75;f;w;apex;mill hopper;501;27502;oc
B;G004663;689;phillip;michael;james;29;m;b;charlotte;augusta;2228;28216;nc
A;G004663;690;phillip;michael;james;29;m;b;charlotte;fairwood;414;28203;nc
A;G003004;691;lashawn;miata;mcfarland;46;f;b;durham;ashe;2824;27703;
B;G003004;692;lashawn;miata;mcfarland;46;f;b;raleigh;lake ridge;4201;27604;ny
B;G000919;693;anthony;david;mesa;25;m;w;morganton;bristol creek;1945;28655;or
A;G000919;694;anthony;david;mesa;25;m;w;boone;locust summit dorm;240;28608;or
A;G006027;695;michael;darrell;hinson;22;m;b;ellerbe;nc 73;727;28338;nc
B;G006027;696;michael;darrell;hinson;22;m;b;ellerbe;nc 73;727;28338;nc
A;G000392;697;thaddeus;mark;zych;71;m;w;southport;summerswell;4942;28461;oc
B;G000392;698;thaddeus;;zych;71;m;w;ayden;pinewood;4293;28513;pa
A;G006235;699;chelsea;dawn;bates;31;f;w;indian trail;indian trail fairview;127;28079;nc
B;G006235;700;chelsea;dawn;bates;31;f;w;raleigh;resolution;3202;27603;nc
A;G000119;701;robert;stanley;allen;68;m;w;burlington;judy;2619;27217;nc
B;G000119;702;robert;stanley;allen;68;m;w;yanceyville;badgett sisters;6944;27379;nc
A;G003406;703;tyler;;davis;35;m;b;rocky mount;discovery;306;27801;nc
B;G003406;704;tyler;;davis;35;m;b;raleigh;sugarwood;3500;27616;nc
A;G001008;705;logan;morgan;shuman;30;f;w;kannapolis;eastwood;1628;28083;nc
B;G001008;706;logan;t;morgan;30;f;w;kannapolis;bertha;2117;28083;nc
A;G003233;707;sharon;gaynell;crawford;49;f;b;durham;wiggins;3615;27704;nc
B;G003233;708;sharon;gaynell;crawford;49;f;b;chapel hill;formosa;400;27517;nc
B;G001042;709;murray;clay;taylor;45;m;b;concord;easy;623;28027;il
A;G001042;710;murray;clay;taylor;45;m;b;pineville;pinewell;12910;28134;il
A;G001518;711;amber;taylor;raynor;36;f;w;newport;pearson;469;28570;
B;G001518;712;amber;taylor;raynor;36;f;w;richlands;angels haven;163;28574;
B;G005844;713;carole;monk;thomas;62;f;w;roxboro;scotland;139;27573;nc
A;G005844;714;carole;monk;thomas;62;f;w;raleigh;banbury;1925;27608;nc
B;G004158;715;samuel;christian;tingler;50;m;w;garner;lema;101;27529;nc
A;G004158;716;samuel;christian;tingler;50;m;w;spring hope;branch;221;27882;nc
A;G001208;717;kristen;margaret;cozart;26;f;w;concord;spring;331;28025;
B;G001208;718;kristen;margaret;cozart;26;f;w;boone;thunder;208;28607;nc
A;G003323;719;katia;marie;mottert;26;u;u;morrisville;neighborly;1205;27560;
B;G003323;720;katia;marie;mottert;26;f;w;raleigh;lake lynn;4105;27613;mo
B;G005292;721;sydney;sharon;brown;84;f;w;southern pines;garden villa;46;28387;il
A;G005292;722;sydney;sharon;brown;84;f;w;southern pines;garden villa;46;28387;il
A;G006143;723;johnnie;harold;mcphail;69;m;b;newton grove;alex benton;82;28366;nc
B;G006143;724;johnnie;harold;mcphail;69;m;b;goldsboro;spence;700;27534;nc
B;G005880;725;mary;grace;bodmer;21;f;w;greenville;gateway west hall;304;27858;va
A;G005880;726;mary;grace;bodmer;21;f;u;apex;chilcott;103;27502;vi
B;G002304;727;jerahmie;lincoln;arrington;31;m;m;fayetteville;morrozoff;5228;28306;dc
A;G002304;728;jerahmie;;arrington;31;m;m;raleigh;ncsu metcalf;0;27607;dc
B;G005453;729;cynthia;sandlin;stout;51;f;w;wilmington;beach mountain;4487;28405;fl
A;G005453;730;cynthia;sandlin;stout;51;f;w;hampstead;windward landing;406;28443;fl
A;G005954;731;vergil;nelson;slee;101;m;w;columbus;laurel lake;621;28722;mi
B;G005954;732;vergil;n;slee;101;m;w;brevard;udoque;287;28712;
A;G000739;733;christopher;steven;mills;55;m;w;arden;holly ridge;8;28704;fl
B;G000739;734;christopher;steven;mills;55;m;w;hendersonville;dream;135;28792;fl
A;G002159;735;jason;ernest;person;49;m;w;fayetteville;larwood;2438;28306;oc
B;G002159;736;jason;ernest;person;49;m;w;raeford;hoke;105;28376;oc
B;G000362;737;brooke;wilson;mccarthy;38;f;w;leland;willow pond;1101;28451;nc
A;G000362;738;elizabeth;brooke;wilson;38;f;w;wake forest;mitchell mill;4201;27587;nc
B;G004433;739;benita;ruth;jones;64;f;b;sanford;pinehurst;1411;27330;nj
A;G004433;740;benita;r;jones;64;f;b;charlotte;margate;1957;28205;
A;G005944;741;hannah;kathileen;jones;28;f;w;greenville;tyler hall;818;27858;nc
B;G005944;742;hannah;kathleen;jackson;28;f;w;wake forest;harris;205;27587;nc
B;G000823;743;katie;lynn;burleson;29;f;w;asheville;bulldog;1500;28801;nc
A;G000823;744;katie;lynn;burleson;29;f;w;lexington;becky hill;1569;27295;nc
B;G000363;745;sarah;suzann;laprade;38;f;w;oak island;29th;110;28465;ia
A;G000363;746;sarah;suzann;laprade;38;f;w;wilmington;white ibis;4610;28412;ia
B;G002158;747;patricia;leighann;fisher;30;f;w;hope mills;permastone lake;5854;28348;nc
A;G002158;748;patricia;leighann;barr;30;f;w;raeford;magnolia;907;28376;nc
A;G005038;749;martin;vitaya;mitravijarn;37;m;m;charlotte;lorden;11911;28213;nc
B;G005038;750;martin;vitaya;mitravijarn;37;m;w;stanfield;sedgefield;10142;28163;nc
A;G003190;751;carolean;;craig;67;f;b;durham;north exeter;12311;27703;nc
B;G003190;752;carolean;conelia;craig;67;f;b;chapel hill;dobbins;1749;27514;nc
A;G003601;753;kayla;danielle;dineen;29;f;w;winston salem;yadkinville;4269;27106;va
B;G003601;754;kayla;danielle;dineen;29;f;w;raleigh;lake wheeler;1331;27603;va
A;G005402;755;jonathan;reece;counts;35;m;w;wilmington;yorkshire;213;28409;oh
B;G005402;756;jonathan;r;counts;35;m;w;wilmington;sun coast;5200;28411;oh
B;G002404;757;andera;michele;grove;56;f;b;fayetteville;marykirk;6316;28304;ga
A;G002404;758;andera;michele;grove;56;f;b;raeford;harvest;111;28376;ga
A;G000516;759;alisa;dawn;brown;50;f;w;candler;hurst;42;28715;oh
B;G000516;760;alisa;dawn;howe;50;f;w;waynesville;davis cove;131;28786;oh
A;G006604;761;jennifer;blake;parker;45;f;w;raleigh;bedell;5121;27616;nc
B;G006604;762;jennifer;blake;parker;45;f;w;goldsboro;north pointe;110;27530;nc
A;G000873;763;john;wilbur;sidel;36;m;w;morganton;shady rest;500;28655;mi
B;G000873;764;john;wilber;sidel;36;m;w;hickory;forest ridge;4970;28602;mi
B;G000487;765;richard;daniel;baldasaro;48;m;w;leicester;dix creek no 1;372;28748;nc
A;G000487;766;richard;daniel;baldasaro;48;m;w;leicester;georgetown;17;28748;nc
B;G003209;767;catherine;d;holland;93;f;w;chapel hill;cedar club;543;27517;nc
A;G003209;768;catherine;d;holland;93;f;w;chapel hill;woodbine;910;27517;nc
B;G001077;769;kenneth;edward;sparr;41;m;w;concord;dartmoor;1541;28027;ny
A;G001077;770;kenneth;edward;sparr;41;m;w;charlotte;robin s nest;12129;28269;ny
B;G003787;771;amanda;lynn;musolino;37;f;w;dunn;bud hawkins;997;28334;oh
A;G003787;772;amanda;lynn;musolino;37;f;w;fuquay varina;quest ridge;500;27526;oh
B;G005699;773;david;hamilton;page;23;m;w;chapel hill;homestead;2701;27516;tx
A;G005699;774;david;hamilton;page;23;m;w;waxhaw;cecily;2702;28173;tx
B;G005791;775;tina;morris;woolard;38;f;w;plymouth;nc hwy 32;19820;27962;nc
A;G005791;776;tina;elizabeth;morris;38;f;w;greenville;wards bridge;3887;27834;nc
A;G005479;777;madison;rae;padgett;26;f;w;wilmington;cadfel;1505;28412;nc
B;G005479;778;madison;rae;padgett;26;f;w;greenville;silver maple;2140;27858;
B;G005115;779;charles;christopher;pflum;34;m;w;charlotte;creek bend;6100;28277;nc
A;G005115;780;charles;christopher;pflum;34;m;w;waxhaw;crane;2607;28173;nc
B;G000059;781;ronnie;jonathan;jeffries;42;m;b;graham;olde carolina;1617;27253;nc
A;G000059;782;ronnie;jonathan;jeffries;42;m;m;burlington;glenkirk;1977;27215;nc
B;G003219;783;brenn;andrew;hill;36;m;w;durham;mineral springs;927;27703;ca
A;G003219;784;brenn;andrew;hill;36;m;w;carrboro;rock haven;100;27510;
A;G001607;785;judith;mcree;harman;79;f;w;maiden;thunder;3573;28650;
B;G001607;786;judith;mcree;harman;79;f;w;boone;proffit;885;28607;nc
B;G004257;787;heidi;florentina;williams;28;f;w;willow springs;chandler;116;27592;oc
A;G004257;788;heidi;florentina;williams;28;f;w;raleigh;ransdell;9133;27603;oc
B;G000348;789;larry;dwayne;lemon;63;m;w;calabash;jarvis;2013;28467;ia
A;G000348;790;larry;d;lemon;63;m;w;charlotte;camp stewart;4604;28215;ia
A;G000168;791;kameka;lashelle;springfield;40;f;b;burlington;jeffries;437;27217;nc
B;G000168;792;kameka;lashelle;springfield;40;f;b;graham;hanover;505;27253;nc
A;G004360;793;paul;edward;hensley;89;m;w;clayton;cameo;82;27527;wv
B;G004360;794;paul;edward;hensley;89;m;w;cary;wittenberg;6012;27519;wv
A;G003448;795;quinton;laray;jenkins;35;m;b;rocky mount;gay;1032;27801;nc
B;G003448;796;quinton;laray;jenkins;35;m;b;rocky mount;gay;1032;27801;nc
B;G004994;797;kyerra;myree;gibson;24;f;b;charlotte;meadow knoll;3012;28269;pa
A;G004994;798;kyerra;myree;gibson;24;f;b;salisbury;strawberry;278;28147;pa
B;G001520;799;tarla;ezzell;howard;52;f;w;emerald isle;sunrise;404;28594;nc
A;G001520;800;tarla;ezzell;howard;52;f;w;wilson;garrett;2000;27896;nc
B;G001670;801;angel;william;laboy;21;m;w;maiden;union;219;28650;nc
A;G001670;802;angel;william;laboy;21;m;m;cullowhee;central;490;28723;nc
B;G000252;803;kimberly;dawn;glenn;48;f;w;leland;huckabee;9498;28451;mo
A;G000252;804;kimberly;d;glenn;48;f;w;leland;huckabee;9498;28451;
B;G002737;805;adam;neal;koontz;37;m;w;lexington;devonshire;194;27295;
A;G002737;806;adam;neal;koontz;37;m;w;clemmons;bickerstaff;156;27012;
A;G001503;807;roberta;;gelin desrivieres;43;f;b;morehead city;bridges;612;28557;oc
B;G001503;808;roberta;;gelin desrivieres;43;f;b;hubert;middle ridge;219;28539;
B;G005302;809;tara;shenell;thompson;33;f;b;robbins;frieson;195;27325;
A;G005302;810;tara;shenell;thompson;33;f;b;goldsboro;spence;702;27534;nc
B;G005832;811;sidney;harris;bearden;40;m;w;burgaw;far side;551;28425;nc
A;G005832;812;sidney;harris;bearden;40;m;w;albemarle;old aquadale;24192;28001;
A;G001559;813;jerisha;vonketria;farrer;28;f;b;hickory;9th av;625;28602;nc
B;G001559;814;jerisha;vonketria;farrer;28;f;b;hickory;9th av;625;28602;nc
A;G006198;815;misty;nixon;lynch;39;f;w;elkin;victoria;198;28621;nc
B;G006198;816;misty;dawn;goodwill;39;f;w;state road;forest;1316;28676;nc
A;G004885;817;kyle;matthew;anderson;42;m;w;charlotte;conestoga;724;28270;la
B;G004885;818;kyle;matthew;anderson;42;m;w;waxhaw;abbotsbury;111;28173;la
B;G000143;819;lillie;m;poteat;59;f;b;burlington;pace landing;4943;27217;nc
A;G000143;820;lillie;mae;moore;59;f;b;charlotte;eastwycke place;4707;28215;nc
A;G003076;821;karlton;webster;creech;46;m;w;durham;somerdale;8003;27713;nc
B;G003076;822;karlton;webster;creech;46;m;w;chapel hill;environ;4505;27517;nc
B;G002067;823;ginny;ragan;brosnan;44;f;w;new bern;white oak;5001;28562;nc
A;G002067;824;ginny;ragan;ellis;44;f;w;timberlake;ned moore;905;27583;
A;G004117;825;jamie;dale;bare;38;m;w;jefferson;friendship;2103;28640;nc
B;G004117;826;jamie;dale;bare;38;m;w;boone;milton gragg;250;28607;nc
A;G005535;827;charlene;reynolds;pate;50;u;u;wilmington;sky crest;7400;28411;
B;G005535;828;charlene;reynolds;pate;50;f;w;columbia;light;405;27925;nc
A;G005078;829;shane;adrian;lunsford;45;m;w;charlotte;crosshaven;16821;28278;nc
B;G005078;830;shane;adrian;lunsford;45;m;w;waxhaw;belvedere;104;28173;nc
A;G004362;831;john;thomas;mitchell;65;m;u;clayton;timothy ridge;109;27520;nc
B;G004362;832;john;thomas;mitchell;65;m;w;raleigh;handsworth;840;27607;nc
A;G000549;833;daniel;leslie;dockery;49;m;w;candler;j r estates;20;28715;nc
B;G000549;834;daniel;leslie;dockery;49;m;w;morganton;river ridge;105;28655;nc
A;G001237;835;betsy;anne;kaiser;33;f;w;concord;montgrove;505;28027;nc
B;G001237;836;betsy;anne;smith;33;f;w;waynesville;joy;115;28786;nc
A;G005674;837;jeffrey;lynn;tilley;65;m;w;durham;jomali;5912;27705;nc
B;G005674;838;jeffrey;lynn;tilley;65;m;w;cary;revere crossing;500;27519;nc
A;G005056;839;arthur;emil;townend;20;m;w;charlotte;university city;9201;28223;
B;G005056;840;arthur;emil;townend;20;m;w;wilmington;appleton;4021;28412;il
A;G003230;841;mindy;sue;morgan;43;f;w;durham;grosmont;4;27704;ia
B;G003230;842;mindy;sue;morgan;43;f;w;raleigh;wycliff;2427;27607;ia
B;G000413;843;vernon;carver;rudolph;71;m;w;southport;indigo village;778;28461;dc
A;G000413;844;vernon;c;rudolph;71;m;w;winston salem;westview;222;27104;dc
B;G004818;845;johnny;lee;jones;26;m;u;charlotte;high glen;3108;28269;
A;G004818;846;johnny;lee;jones;26;m;b;battleboro;jamie;6284;27809;nc
B;G002937;847;alexander;heracles;kolyer;41;m;w;durham;greystone;10;27713;ny
A;G002937;848;alexander;heracles;kolyer;41;u;u;carrboro;jones ferry;605;27510;ny
A;G000622;849;jennifer;monroe;johnson;32;f;w;asheville;fairway;70;28805;nc
B;G000622;850;jennifer;monroe;johnson;32;f;w;charlotte;werburgh;5463;28209;nc
A;G002465;851;tiffany;suzanne;zellner;28;f;w;currituck;bell s island;180;27929;wv
B;G002465;852;tiffany;suzanne;harris;28;f;w;elizabeth city;travis;103;27909;wv
A;G002999;853;naomi;denise;dolby;48;f;b;durham;buffalo;2026;27704;nc
B;G002999;854;naomi;denise;dolby hamer;48;f;b;smithfield;rustic;133;27577;nc
B;G002194;855;keith;adrian;davis;25;m;b;fayetteville;country club;932;28301;nj
A;G002194;856;keith;adrian;davis;25;m;b;kinston;michelle;2110;28504;nj
A;G003526;857;paul;eugene;douthit;43;u;u;winston salem;claremont;2626;27105;nc
B;G003526;858;paul;eugene;douthit;43;m;b;winston salem;twenty second;1639;27105;nc
B;G002746;859;david;s;hedrick;76;m;w;sparta;westwood;266;28675;va
A;G002746;860;david;stafford;hedrick;76;m;w;sparta;westwood;266;28675;va
A;G005985;861;chrystal;elisabeth;dowd;42;f;b;asheboro;fayetteville;1819;27203;nc
B;G005985;862;chrystal;dowd;singletary;42;f;b;lumberton;howell;7097;28358;nc
A;G005152;863;john;david;wallace;49;m;w;matthews;freemont;446;28105;pa
B;G005152;864;john;david;wallace;49;m;w;waxhaw;pinetuck;7807;28173;pa
A;G002443;865;damien;jevon;haywood;29;m;b;fayetteville;coley;1310;28301;
B;G002443;866;damien;jevon;haywood;29;m;b;durham;birds nest;4;27703;nc
A;G002120;867;theresa;ann;britt;55;f;w;fayetteville;graysville;3183;28306;
B;G002120;868;teresa;gray;britt;55;f;u;waynesville;oak;61;28786;nc
A;G006319;869;jaikira;alicze;rasberry;20;u;b;raleigh;south;118;27601;
B;G006319;870;jaikira;alicze;rasberry;20;u;b;elm city;gray;602;27822;
A;G004378;871;edward;turner;dalton;44;m;w;smithfield;stoneview;104;27577;fl
B;G004378;872;edward;turner;dalton;44;m;w;wilmington;johnston;310;28412;fl
B;G001904;873;carrie;elizabeth;johnson;35;f;w;boiling springs;main;110;28017;sc
A;G001904;874;carrie;elizabeth;johnson;35;f;w;charlotte;bordeaux;12013;28277;sc
B;G006149;875;malinda;;newman;40;f;u;dunn;mingo church;2063;28334;
A;G006149;876;malinda;anne;newman;40;f;w;dunn;aman dairy;586;28334;fl
A;G002704;877;jason;;shaver;34;m;w;lexington;j m penninger;529;27292;
B;G002704;878;jason;alvin;shaver;34;m;w;winston salem;waterford;3051;27106;nc
B;G003280;879;april;renee;packer;43;f;w;durham;audubon lake;600;27713;nc
A;G003280;880;april;renee;packer;43;f;w;wilmington;richardson;4917;28405;nc
A;G000697;881;jessica;saams;metcalf;27;f;w;asheville;bear creek;109;28806;nc
B;G000697;882;jessica;layne;saams;27;f;w;canton;suncrest bottoms;110;28716;nc
A;G003979;883;alison;ann;goodson;36;f;w;mooresville;brawley school;506;28117;oc
B;G003979;884;alison;goodson;carr;36;f;w;clinton;moltonville;393;28328;oc
B;G006080;885;benjamin;porter;fraser;28;m;u;reidsville;pennington;411;27320;pa
A;G006080;886;benjamin;porter;fraser;28;m;w;reidsville;pennington;411;27320;pa
A;G004488;887;michelle;nichole;mannchen;28;f;w;denver;hagers hollow;7243;28037;wi
B;G004488;888;michelle;nichole;mannchen;28;f;w;cornelius;sandy cove;21529;28031;wi
A;G004007;889;michael;irving;dietrich;73;m;w;mooresville;savannah crossing;161;28115;ca
B;G004007;890;michael;irving;dietrich;73;m;w;mooresville;nc hwy 152;9385;28115;ca
A;G005345;891;susan;hope;porch;60;f;w;battleboro;red oak battleboro;5369;27809;
B;G005345;892;susan;johnson;porch;60;f;w;gaston;craige;320;27832;pa
A;G000491;893;laurinda;kirsten;anderson;49;f;u;arden;glen cove;28;28704;ct
B;G000491;894;laurinda;kirsten;anderson;49;f;w;lenoir;kentwood;525;28645;ct
B;G002168;895;haley;danielle;mcpherson;27;f;w;stedman;oak grove church;6912;28391;nc
A;G002168;896;haley;mcpherson;edwards;27;f;w;dunn;courtney;189;28334;nc
A;G000956;897;angel;dion;johnson;41;f;w;valdese;ribet;135;28690;
B;G000956;898;angel;johnson;mcclellan;41;f;w;granite falls;bowman;3205;28630;nc
B;G001966;899;jaimie;dare;harwood;29;f;w;whiteville;mrs tates;563;28472;nc
A;G001966;900;jaimie;dare;harwood;29;f;u;wilmington;13th;205;28401;nc
A;G002117;901;lyn;n;bluford;33;f;b;fayetteville;mars;3105;28301;nj
B;G002117;902;lyn;nicole;mclean;33;f;b;fayetteville;andover;310;28311;nj
A;G000241;903;charles;braddy;corbett;39;m;w;bolivia;goose marsh;2588;28422;nc
B;G000241;904;charles;braddy;corbett;39;m;w;clayton;riverstone;350;27527;
A;G001424;905;alan;marshall;horton;56;m;w;newport;avis;180;28570;or
B;G001424;906;alan;marshall;horton;56;m;w;new bern;village;1309;28562;or
B;G001669;907;nicki;rae;elks;28;f;w;vale;willis;9161;28168;nc
A;G001669;908;nicki;rae;walker;28;f;w;vale;highway 10;9419;28168;nc
B;G002521;909;judith;hancock;rosenberger;65;f;w;manteo;burnside;1219;27954;tn
A;G002521;910;judith;hancock;rosenberger;65;f;w;hillsborough;blue heron;131;27278;tn
B;G000862;911;chelsey;ann;wilson;33;f;w;candler;monte vista;760;28715;nc
A;G000862;912;chelsey;ann;wilson;33;f;w;charlotte;providence;4028;28211;
A;G002448;913;phylisicia;nicole;carter;39;f;b;fayetteville;old vander;1335;28312;nc
B;G002448;914;phylisicia;nicole;carter;30;f;b;chapel hill;paul hardin;550;27514;nc
B;G000502;915;hilliary;shea;begley;32;f;w;asheville;king arthur;5;28806;nc
A;G000502;916;hilliary;shea;begley;32;f;w;brevard;country club;728;28712;nc
B;G001851;917;ronald;kevin;ross;61;m;w;murphy;tims;408;28906;ok
A;G001851;918;ronald;kevin;ross;61;m;w;charlotte;old providence;6101;28226;ok
A;G004394;919;leslie;smith;jones;62;f;w;trenton;stroud;440;28585;nc
B;G004394;920;leslie;smith;jones;62;f;w;kinston;british;746;28501;nc
B;G002377;921;kimberly;renee;jackson;50;f;b;fayetteville;yellowbrick;2068;28314;ny
A;G002377;922;kimberly;renee;jackson;50;f;b;knightdale;carrington;401;27545;ny
A;G000705;923;sean;allen;safrit;31;m;w;asheville;nicholas;204;28806;fl
B;G000705;924;sean;allen;safrit;31;m;w;rockwell;ashley;316;28138;fl
B;G002084;925;william;earl;long;59;m;w;new bern;james;115;28560;nc
A;G002084;926;william;earl;long;59;m;w;new bern;glenburnie;211;28560;nc
A;G004991;927;eman;mahmud;mahmud;30;f;o;matthews;brenham;914;28105;ny
B;G004991;928;eman;mahmud;mahmud;30;f;u;boone;birch;130;28607;ny
A;G005257;929;faye;a;dye;53;f;b;mt gilead;white tail;127;27306;nc
B;G005257;930;faye;ann;dye;53;f;b;raleigh;hollowell;4712;27604;
A;G004218;931;judith;williams;kuykendall;70;f;w;clayton;congress;36;27527;nc
B;G004218;932;judith;williams;kuykendall;70;f;w;greenville;golf view;333;27834;nc
A;G002624;933;mark;alan;bowling;57;m;w;clemmons;keswick;1006;27012;ky
B;G002624;934;mark;alan;bowling;57;m;w;clemmons;salem village;1038;27012;ky
A;G002111;935;john;lee;gardner;44;m;w;vanceboro;bailey;255;28586;nc
B;G002111;936;john;lee;gardner;44;m;w;greenville;heath;800;27858;nc
A;G001402;937;gregory;paul;novicki;61;m;w;emerald isle;emerald;7309;28594;nc
B;G001402;938;gregory;paul;novicki;61;m;w;pink hill;central;304;28572;nc
B;G003473;939;madison;quinn;nommsen;18;f;w;winston salem;fox lake;200;27106;ca
A;G003473;940;madison;quinn;nommsen;18;f;w;raleigh;ncsu bragaw;0;27607;
B;G001703;941;marielle;elizabeth;yohe;41;f;w;chapel hill;durant;300;27517;ct
A;G001703;942;marielle;elizabeth;yohe;41;f;w;chapel hill;canterbury;1066;27517;ct
B;G003202;943;justine;brand;collins;34;f;w;rougemont;roxboro;13017;27572;fl
A;G003202;944;justine;laurel;shook;34;f;w;clayton;naples;280;27527;fl
A;G002574;945;timothy;lee;brinkley;39;m;w;lexington;craver;1335;27295;nc
B;G002574;946;timothy;lee;brinkley;39;m;w;advance;old homeplace;205;27006;nc
B;G005588;947;ashley;elizabeth;phillips;30;f;w;camp lejeune;delaware;5861;28547;fl
A;G005588;948;ashley;;khan;30;f;w;camp lejeune;eden;2914;28547;
A;G001066;949;robert;burns;roberts;59;m;w;concord;bondale;8850;28025;nc
B;G001066;950;robert;burns;roberts;59;m;w;charlotte;seton house;6918;28277;nc
B;G003709;951;brittany;nichole;good;20;f;w;lewisville;sequoia;1168;27023;nc
A;G003709;952;brittany;n;good;20;f;w;greenville;5th;505;27858;
B;G004878;953;amanda;jean;wilson;32;f;w;charlotte;eagle chase;4302;28216;va
A;G004878;954;amanda;jean;cude;32;f;w;charlotte;chapman;8019;28216;va
B;G002666;955;brenda;osborne;wade;66;f;w;lexington;cameron;399;27295;
A;G002666;956;brenda;kay;wade;66;f;w;westfield;king;2086;27053;nc
A;G006452;957;sharon;denise;thompson;49;f;b;raleigh;hargett;128;27601;nc
B;G006452;958;sharon;denise;thompson;49;f;b;raleigh;crest;1407;27606;nc
B;G001568;959;wayne;gilbert;lentz;80;m;w;catawba;carlos;5086;28609;nc
A;G001568;960;wayne;g;lentz;80;m;w;huntersville;swansboro;11718;28078;
A;G005701;961;kendra;shantel;fleming;28;f;b;chapel hill;hinton james;515;27514;nc
B;G005701;962;kendra;shantel;fleming;28;f;b;reidsville;candy creek;449;27320;nc
B;G002215;963;deborah;ann;baysore;54;f;w;fayetteville;park;216;28305;mi
A;G002215;964;deborah;ann;baysore;54;f;w;fayetteville;park;216;28305;mi
A;G004949;965;amy;slice;shea;27;u;u;huntersville;pinnacle cross;8714;28078;
B;G004949;966;amy;slice;shea;27;f;w;raleigh;aristides;10151;27617;va
A;G000652;967;matthew;ross;gregg;36;m;w;asheville;peach knob;22;28804;
B;G000652;968;matthew;ross;gregg;36;m;w;fletcher;nathan;111;28732;nc
B;G000954;969;donald;neal;tucker;61;m;b;hickory;37th;216;28602;nc
A;G000954;970;donald;neal;tucker;61;m;b;hickory;19th;504;28602;nc
A;G003539;971;kevin;brett;karpinski;43;m;w;pfafftown;stimpson ridge;4667;27040;nc
B;G003539;972;kevin;brett;karpinski;43;m;w;chapel hill;christopher;102;27514;nc
A;G005842;973;candace;tandeleyo;bumpass;33;f;b;roxboro;brookstone;122;27573;nc
B;G005842;974;candace;bumpass;stephens;33;f;b;cary;harlon;401;27511;nc
B;G001365;975;pamela;rae;irland;64;f;w;hickory;longview;6416;28601;ca
A;G001365;976;pamela;rae;dehlin;64;f;w;statesville;east elementary;605;28625;ca
B;G003880;977;mason;erick;kropp;23;m;w;hendersonville;cosmos;134;28791;nc
A;G003880;978;mason;erick;kropp;23;m;w;marion;thole;92;28752;nc
A;G004215;979;belinda;jones;kiziah;55;f;w;benson;phyllis;116;27504;nc
B;G004215;980;belinda;jones;kiziah;55;f;w;clinton;hobbton;5710;28328;nc
B;G003062;981;ariel;catherine;reynolds;36;f;w;durham;colgate;607;27704;
A;G003062;982;ariel;catherine;reynolds;36;f;w;chapel hill;wesley;304;27516;tx
B;G006213;983;jonathon;kendall;cawley;27;m;w;mount airy;country club;508;27030;nc
A;G006213;984;jonathon;kendall;cawley;27;m;w;boone;king;300;28607;
B;G000657;985;andrew;robert;lawson;29;m;w;asheville;juno;58;28806;nc
A;G000657;986;andrew;robert;lawson;29;m;w;sylva;mountain forest;475;28779;nc
B;G001485;987;ana;marie;parker;36;f;w;peletier;rolling hill;128;28584;nc
A;G001485;988;ana;marie;johnson;36;f;w;rocky point;nc hwy 210;19210;28457;nc
B;G003723;989;ryan;lee;bonifay;28;m;w;pfafftown;timberfield;4464;27040;pa
A;G003723;990;ryan;lee;bonifay;28;m;w;raleigh;markridge;5451;27607;pa
B;G002987;991;alya;;anderson;27;f;w;durham;wellwater;321;27703;
A;G002987;992;alya;suad;anderson;27;f;w;raleigh;reedy ridge;8473;27613;md
A;G000998;993;ryan;patrick;ivers;38;m;w;harrisburg;dorchester;5606;28075;ct
B;G000998;994;ryan;patrick;ivers;38;m;w;charlotte;hinsdale;2800;28210;ct
B;G001659;995;leah;michelle;boggs;48;f;w;newton;nance;1904;28658;nc
A;G001659;996;leah;boggs;williams;48;f;u;maiden;lilly;170;28650;
B;G004327;997;michael;kevin;mcphatter;52;m;b;clayton;boulder;228;27520;nc
A;G004327;998;michael;kevin;mcphatter;52;m;b;raleigh;bergstrom;7821;27616;nc
A;G005859;999;justin;robert;best;30;m;w;ayden;gum swamp;4818;28513;nc
B;G005859;1000;justin;robert;best;30;m;w;cary;revere crossing;700;27519;nc
A;G005401;1001;rebekah;avery;hickmon;30;f;w;wilmington;riverwoods;6260;28412;ar
B;G005401;1002;rebekah;avery;scales;30;f;w;cary;balwins gate;10133;27511;ar
A;G003818;1003;robert;dennis;curtin;61;m;w;clyde;ingram;107;28721;va
B;G003818;1004;robert;dennis;curtin;61;m;w;mars hill;honey;40;28754;va
A;G002754;1005;rochelle;elizabeth;gamble;32;f;w;sparta;reid;64;28675;
B;G002754;1006;rochelle;elizabeth;gamble;32;f;w;apex;creek glen;11205;27502;oc
B;G005348;1007;lauren;dianne;knight;27;f;w;rocky mount;woodlawn;3209;27804;nc
A;G005348;1008;lauren;knight;pike;27;f;w;nashville;sherrod;2935;27856;nc
A;G000833;1009;carey;leigh;west;45;f;w;asheville;beverly;224;28805;nc
B;G000833;1010;carey;leigh;west;45;f;w;charlotte;mountain point;5701;28216;nc
A;G000438;1011;david;bradley;purvis;34;m;w;supply;sand hill;729;28462;ga
B;G000438;1012;david;bradley;purvis;34;m;w;wilmington;seminole;238;28409;ga
B;G000909;1013;lois;janet;baker;71;f;w;drexel;poteat;303;28619;nc
A;G000909;1014;lois;janet;baker;71;f;w;drexel;poteat;303;28619;nc
A;G000797;1015;douglas;james;metcalf;47;m;w;arden;yorktown;63;28704;nc
B;G000797;1016;douglas;james;metcalf;47;m;w;roxboro;dolly;1212;27573;nc
B;G001643;1017;stephanie;gregory;tyson;35;f;w;denver;pebble bay;6939;28037;nc
A;G001643;1018;stephanie;gregory;tyson;35;f;w;iron station;arden gate;4988;28080;nc
A;G000222;1019;roger;brice;vandling;51;m;w;elon;shepherd;3437;27244;mi
B;G000222;1020;roger;brice;vandling;51;m;w;elon;cherry grove;3495;27244;mi
A;G001920;1021;jeremy;curtis;johnson;41;m;w;kings mountain;harbor springs;213;28086;nc
B;G001920;1022;jeremy;curtis;johnson;41;m;w;marshville;hwy 218;5709;28103;nc
A;G002388;1023;jamaal;ishmiel;griffin;29;u;u;fayetteville;chason ridge;5908;28314;oc
B;G002388;1024;jamaal;ishmiel;griffin;29;m;b;spring lake;stone cross;508;28390;
A;G000809;1025;erin;denise;varvel;40;f;w;swannanoa;bridgestone;3;28778;ny
B;G000809;1026;erin;denise;dublino;40;f;w;franklin;underburg;335;28734;ny
A;G003451;1027;ladonna;emerson;french;50;f;w;rocky mount;batchelor;408;27801;nc
B;G003451;1028;ladonna;emerson;french;50;f;w;nashville;sandy cross;2376;27856;nc
A;G004615;1029;victoria;jean;vinke;31;f;w;banner elk;horney hollow;100;28604;il
B;G004615;1030;victoria;jean;hayes;31;f;w;boone;jack hayes;472;28607;il
A;G006364;1031;delwynne;t;lennon;58;m;b;raleigh;cahaba;5412;27616;nc
B;G006364;1032;delwynne;;lennon;58;m;b;raleigh;cahaba;5412;27616;nc
B;G002478;1033;sara;justine;fassett;26;f;w;powells point;wild geese;132;27966;nc
A;G002478;1034;sara;justine;fassett;26;f;w;indian trail;third;6705;28079;nc
A;G000213;1035;beverly;moody;bridges;63;f;w;graham;whispering oaks;4072;27253;nc
B;G000213;1036;beverly;moody;kelso;63;f;w;statesville;taylorsville;4274;28625;nc
B;G005273;1037;christopher;wayne;jackson;46;m;w;carthage;vass carthage;2085;28327;nc
A;G005273;1038;christopher;wayne;jackson;46;m;w;farmville;horne;4017;27828;nc
B;G000136;1039;brittany;jo;gerringer;26;f;u;burlington;boone station;770;27215;nc
A;G000136;1040;brittany;jo;gerringer;26;f;w;wilmington;hunters;5010;28405;
B;G004020;1041;amy;;stclair;44;f;u;statesville;broad;503;28677;
A;G004020;1042;amy;lynn;st clair;44;f;w;waxhaw;wall;1378;28173;va
B;G001021;1043;kirsen;seritta;hammond;34;f;b;concord;woodbrook;605;28025;mi
A;G001021;1044;kirsen;seritta;mckeithan;34;f;b;durham;hwy 55;5523;27713;mi
A;G003894;1045;marie;;archer;88;u;w;hendersonville;freedom;131;28792;
B;G003894;1046;marie;;archer;88;f;w;bryson city;deep creek;510;28713;nj
B;G000728;1047;donna;evans;may;60;f;w;leicester;may haven;13;28748;fl
A;G000728;1048;donna;evans;may;60;f;w;huntersville;maxwelton;8007;28078;fl
A;G001372;1049;robert;bradley;miller;39;m;w;lenoir;jason;526;28645;nc
B;G001372;1050;robert;bradley;miller;39;m;w;boone;clint norris;583;28607;nc
A;G003846;1051;michelle;l;jacobs;49;f;w;canton;bearwallow;47;28716;
B;G003846;1052;michelle;leigh;jacobs;49;f;w;fletcher;planters creek;66;28732;in
A;G000559;1053;eric;dwayne;winebarger;45;u;w;asheville;reddick;5;28805;
B;G000559;1054;eric;dwyane;winebarger;45;m;w;rutherfordton;poors ford;3151;28139;nc
B;G006254;1055;charles;jerome;myers;43;m;u;indian trail;matilda;1001;28079;
A;G006254;1056;charles;jerome;myers;43;m;b;raleigh;sunny madison;2707;27604;va
A;G001498;1057;barbara;kay;brun;36;f;w;newport;walking leaf;107;28570;nc
B;G001498;1058;barbara;kay;brun;36;f;w;havelock;kim;109;28532;nc
B;G000640;1059;alfred;frank;vetere;67;m;w;arden;pine needle;20;28704;ny
A;G000640;1060;alfred;frank;vetere;67;m;w;fletcher;wiltshire;392;28732;ny
B;G003905;1061;nancy;jo;smith;69;f;w;flat rock;pinnacle peak;377;28731;in
A;G003905;1062;nancy;jo;smith;69;f;w;lake lure;mcowenben;434;28746;in
B;G000595;1063;jennifer;marie;puglisi;37;u;w;weaverville;arrowood;135;28787;
A;G000595;1064;jennifer;marie;puglisi;37;f;w;marshall;upper brush creek;2725;28753;la
A;G002220;1065;paul;andrew;schulken;27;m;w;fayetteville;countryside;6549;28311;nc
B;G002220;1066;paul;andrew;schulken;27;m;w;raleigh;greenleaf;3811;27606;nc
B;G000720;1067;marian;camille;cruz bergollo;33;f;w;asheville;atkinson;31;28801;pr
A;G000720;1068;marian;camille;cruz bergollo;33;f;u;hendersonville;ethan;162;28792;pr
B;G003810;1069;riley;lenward;allen;70;m;b;angier;oxford;55;27501;nc
A;G003810;1070;riley;lenward;allen;70;m;b;raleigh;plentywood;800;27615;nc
B;G003901;1071;caitlin;elizabeth;klassovity;32;f;w;mills river;bane;167;28759;
A;G003901;1072;caitlin;elizabeth;klassovity;32;f;w;lake toxaway;lakeside;454;28747;ny
B;G001432;1073;kristen;morton;turney;33;f;w;peletier;silver creek landing;311;28584;nc
A;G001432;1074;kristen;morton;turney;33;f;w;smithfield;brazil nut;122;27577;nc
B;G001800;1075;katie;marie;garland;31;f;w;apex;patriot;85;27523;ny
A;G001800;1076;katie;;garland;31;f;w;apex;grassy point;100;27502;ny
A;G002411;1077;tahirah;mcneil;ravenell;41;u;b;hope mills;meteor;3841;28348;
B;G002411;1078;tahirah;mcneil;ravenell;41;f;b;raeford;wedgefield;519;28376;sc
B;G000282;1079;mildred;edwards;goodwin;63;f;w;ocean isle beach;salt marsh;1774;28469;sc
A;G000282;1080;mildred;edwards;goodwin;63;f;w;laurel hill;omah hill;21621;28351;sc
A;G004542;1081;michael;edward;brenneman;40;m;w;stanley;haley;8021;28164;co
B;G004542;1082;michael;edward;brenneman;40;m;w;charlotte;shady reach;2905;28214;co
B;G005845;1083;raynard;keith;blackwell;58;m;b;roxboro;flat river church;1984;27574;nc
A;G005845;1084;raynard;keith;blackwell;58;u;b;roxboro;flat river church;1984;27574;
A;G004874;1085;omari;lamonte;stewart;38;m;b;charlotte;troon;9115;28214;nc
B;G004874;1086;omari;lamonte;stewart;38;m;b;elizabeth city;ecsu;0;27909;nc
A;G004702;1087;gustavo;e;serrano ferreras;34;u;u;charlotte;kings creek;8241;28273;
B;G004702;1088;gustavo;enrique;serrano ferreras;34;m;o;monroe;devon;2411;28110;
B;G004210;1089;martin;lee;shank;48;m;w;clayton;dawson;101;27527;oh
A;G004210;1090;martin;lee;shank;48;m;w;raleigh;wood valley;4400;27613;oh
B;G001973;1091;ashley;nicole;rouse;30;f;w;chadbourn;emily;555;28431;va
A;G001973;1092;ashley;nicole;rouse;30;f;w;knightdale;aragon;1301;27545;va
A;G001080;1093;kara;ann;williams;24;f;w;mount pleasant;brackenberry;112;28124;nc
B;G001080;1094;kara;ann;williams;24;f;w;oakboro;hilltop;830;28129;nc
A;G003363;1095;michelle;;kelly;31;f;u;durham;chapel hill;2920;27707;
B;G003363;1096;michelle;r;kelly;31;f;b;chapel hill;nc hwy 54;1105;27516;md
A;G001596;1097;carla;lois;van zandt;64;f;w;hickory;2nd;2220;28601;tx
B;G001596;1098;carla;lois;van zandt;64;f;w;clayton;boling;500;27520;tx
A;G003575;1099;leah;darlene;epling;41;f;w;winston salem;turtle rock;1023;27104;ca
B;G003575;1100;leah;darlene;epling;41;f;w;walnut cove;main;803;27052;ca
A;G003192;1101;grant;thomas;cruise;38;m;w;durham;otters;15;27712;nc
B;G003192;1102;grant;thomas;cruise;38;m;w;charlotte;tennyson;1109;28208;nc
B;G006473;1103;tracey;clayton;barker;53;m;w;holly springs;brightling;424;27540;nc
A;G006473;1104;tracey;clayton;barker;53;m;w;goldsboro;us 13;3658;27530;nc
A;G001698;1105;anna;scarlett;meade;22;f;w;hickory;5th av;1072;28601;nc
B;G001698;1106;anna;scarlett;meade;22;f;w;wilmington;cedar branch;233;28403;nc
A;G004950;1107;jessica;elizabeth;hartman;33;f;w;charlotte;martin luther king jr;355;28202;pa
B;G004950;1108;jessica;elizabeth;hartman;33;f;u;waxhaw;appomatox;501;28173;pa
B;G004750;1109;daniel;david;jones;48;m;m;matthews;kilmarnock;2727;28105;tx
A;G004750;1110;daniel;david;jones;48;m;w;monroe;silver run;2401;28110;tx
A;G006008;1111;blake;garon;salmons;36;m;w;randleman;windsor place;320;27317;nc
B;G006008;1112;blake;garon;salmons;36;m;w;eden;shannon;316;27288;nc
A;G003549;1113;jarrod;tanner;may;40;m;w;winston salem;bethany trace;2049;27127;va
B;G003549;1114;jarrod;t;may;40;m;w;charlotte;mosscroft;3813;28215;va
B;G000062;1115;jennifer;clayton;noah;45;f;w;haw river;gifford;2155;27258;nc
A;G000062;1116;jennifer;clayton;virginia;45;f;w;hurdle mills;hawkins;2206;27541;nc
B;G002964;1117;mericul;leshell;moore;31;f;b;durham;peppertree;2211;27705;in
A;G002964;1118;mericul;leshall;moore;31;f;b;raleigh;magellan;5704;27612;in
A;G003096;1119;jonathan;;granger;24;m;b;durham;fayetteville;2112;27707;nc
B;G003096;1120;jonathan;clay;granger;24;m;b;charlotte;dervish;12611;28269;
B;G003902;1121;diana;candell;kostigen;48;f;w;hendersonville;evergreen;2215;28792;ca
A;G003902;1122;diana;candell;kostigen;48;f;w;morrisville;grace park;2301;27560;ca
A;G003691;1123;denise;arnette;mathews;55;f;b;winston salem;janita;1522;27127;ok
B;G003691;1124;denise;arnette;mathews;55;f;b;knightdale;laurens;413;27545;ok
A;G004250;1125;mary;alice;cruz;56;f;w;clayton;averasboro;306;27520;nj
B;G004250;1126;mary;alice;cruz;56;f;w;cary;carywood;1418;27513;nj
B;G005243;1127;ana;;townsend;34;f;w;charlotte;long hill;9746;28214;nc
A;G005243;1128;ana;lynne;townsend;34;f;w;raleigh;townesbury;4606;27612;nc
A;G004263;1129;liliana;zuniga;contreras;24;f;o;kenly;glendale;5311;27542;nc
B;G004263;1130;liliana;zuniga;contreras;24;f;u;kenly;glendale;5311;27542;nc
B;G005526;1131;julian;elijah;morris;23;u;u;wilmington;moss vine;5604;28403;
A;G005526;1132;julian;elijah;morris;23;m;b;apex;chimney hill;1217;27502;ca
A;G001546;1133;michelle;clark;helton;27;f;w;pelham;lake;318;27311;nc
B;G001546;1134;michelle;clark;helton;27;f;w;carrboro;rock haven;100;27510;nc
A;G006121;1135;robyn;brown;medina;55;f;w;salisbury;settlers grove;162;28146;nc
B;G006121;1136;robyn;brown;medina;55;f;w;pisgah forest;hawkins farm;163;28768;
B;G001708;1137;michael;eugene;beck;48;m;w;pittsboro;grove park;120;27312;mi
A;G001708;1138;michael;eugene;beck;48;m;w;charlotte;scott gate;10318;28277;mi
A;G005812;1139;kyree;;jackson;27;m;b;rocky point;fennell town;1762;28457;nc
B;G005812;1140;kyree;markez;jackson;27;m;b;forest city;spruce;124;28043;nc
A;G000712;1141;ellen;beth;richard;58;f;w;asheville;springwood;55;28805;ca
B;G000712;1142;ellen;b;richard;58;f;w;asheville;zephyr;27;28806;
B;G001198;1143;amanda;nicole;baldwin;27;f;w;kannapolis;hilton lake;4885;28083;oc
A;G001198;1144;amanda;nicole;baldwin;27;f;w;rockwell;cardinal;117;28138;oc
B;G005523;1145;megan;paige;turner;26;f;w;wilmington;jefferson;2016;28401;nc
A;G005523;1146;megan;paige;turner;26;f;w;greenville;6th;1805;27858;nc
A;G000226;1147;doris;curl;tillman;88;f;w;graham;lindley mill;7622;27253;nc
B;G000226;1148;doris;curl;tillman;88;f;w;pittsboro;east;1825;27312;
A;G003361;1149;irene;m;watkins;64;f;u;durham;cottondale;4601;27703;
B;G003361;1150;irene;mack;watkins;64;f;b;garner;ainsworth;1511;27529;nc
A;G003064;1151;si yang;;miao;29;m;a;chapel hill;spring meadow;3201;27517;oc
B;G003064;1152;si yang;;miao;29;m;a;charlotte;5th;824;28202;
A;G003232;1153;laura;marie;sheridan;22;u;u;;confidential;0;;nc
B;G003232;1154;laura;marie;sheridan;22;f;w;raleigh;palace garden;1353;27603;nc
B;G003243;1155;monique;;hall;53;f;b;durham;alexan;600;27707;nj
A;G003243;1156;monique;;hall;53;f;b;chapel hill;pinegate;212;27514;nj
B;G003994;1157;conrad;darnell;wilson;68;m;b;troutman;weathers creek;396;28166;nc
A;G003994;1158;conrad;darnell;wilson;68;m;b;salisbury;independence;245;28147;nc
A;G002426;1159;maya;janese;atkins;24;f;b;fayetteville;deep creek;805;28312;nc
B;G002426;1160;maya;ja nese;atkins;24;f;b;charlotte;back bay;1746;28212;nc
B;G001529;1161;heather;renae;janney;34;f;w;prospect hill;nc highway 86 s;12397;27314;mo
A;G001529;1162;heather;renae;janney;34;f;w;cedar grove;hurdle mills;2418;27231;mo
B;G005326;1163;dorcas;w;foy;69;f;b;spring hope;poplar;205;27882;nc
A;G005326;1164;dorcas;;foy;69;m;o;zebulon;staghound;10764;27597;oc
A;G004798;1165;kieran;joseph;kessler;50;m;w;charlotte;wilklee;10804;28277;ny
B;G004798;1166;kieran;joseph;kessler;50;m;w;waxhaw;groves edge;2013;28173;ny
B;G006063;1167;judy;marie;poole;54;f;b;reidsville;tipton;530;27320;nc
A;G006063;1168;judy;marie;poole;54;f;b;reidsville;craddock;719;27320;nc
B;G004338;1169;megan;haseley;guild;36;f;w;clayton;spalding;113;27527;ny
A;G004338;1170;megan;haseley;guild;36;f;w;raleigh;dutchman;3445;27610;ny
A;G003639;1171;lorraine;kathryn;mabe;64;f;w;winston salem;olivet church;2208;27106;pa
B;G003639;1172;lorraine;k;mabe;64;f;w;sandy ridge;ralph joyce;2549;27046;pa
B;G002673;1173;tommie;nelson;brittle;32;m;w;winston salem;country;1431;27107;nc
A;G002673;1174;tommie;nelson;brittle;32;m;w;chapel hill;creel;109;27516;nc
A;G006013;1175;travis;edward;suits;27;m;w;trinity;cedarberry;6527;27370;nc
B;G006013;1176;travis;edward;suits;27;m;w;deep gap;high knolls;172;28618;nc
A;G000264;1177;gregory;trelle;stackhouse;48;m;b;leland;old fayetteville;150;28451;nc
B;G000264;1178;gregory;trelle;stackhouse;48;m;b;whiteville;thompson town;688;28472;nc
B;G005003;1179;timothy;allen;faugl;30;m;w;charlotte;10th;610;28202;sc
A;G005003;1180;timothy;allen;faugl;30;m;w;raleigh;avent;1041;27606;sc
B;G000742;1181;vivian;anne;lutz;83;f;w;asheville;distant view;102;28803;mi
A;G000742;1182;vivian;anne;lutz;83;f;w;hendersonville;perseverance pathway;45;28739;mi
A;G005915;1183;caitlin;;humes;33;f;w;greenville;summit;112;27858;
B;G005915;1184;caitlin;mcdonald;humes;33;f;w;raleigh;lupine;1111;27606;nc
A;G000427;1185;sandra;june;becker;70;f;w;leland;guyton;3433;28451;wi
B;G000427;1186;sandra;june;becker;70;f;w;wilmington;tarpon;913;28409;wi
A;G000560;1187;patricia;ann;obrien;53;f;w;weaverville;union chapel;21;28787;ga
B;G000560;1188;patrica;ann;obrien;53;f;w;boone;edgewood;170;28607;ga
A;G000421;1189;richard;george;dolan;63;m;w;leland;oak;120;28451;wv
B;G000421;1190;richard;george;dolan;63;m;w;rutherfordton;old stonecutter;854;28139;wv
B;G000588;1191;lydia;lynn;manhold;44;f;w;weaverville;highland pointe;30;28787;ca
A;G000588;1192;lydia;lynn;manhold;44;f;w;marshall;robert s hill;298;28753;ca
A;G004745;1193;michelle;loretta;fox;44;f;w;charlotte;pineburr;6405;28211;pa
B;G004745;1194;michelle;loretta;fox;44;f;w;charlotte;artists;3616;28205;pa
A;G001812;1195;marsha;hayes;henthorn;73;f;w;cary;beckingham;213;27519;nc
B;G001812;1196;marsha;h;henthorn;73;f;w;raleigh;cahill;10848;27614;nc
B;G001672;1197;juliet;sharon;armold;80;f;w;denver;gates;5114;28037;
A;G001672;1198;juliet;sharon;armold;80;f;w;lincolnton;hillside;149;28092;mi
B;G001861;1199;jamie;lynn;hackett;41;f;a;edenton;mohave;1200;27932;la
A;G001861;1200;jamie;lynn;hackett;41;f;w;elizabeth city;county;2008;27909;la
A;G002199;1201;cleva;mae;blue;81;f;b;fayetteville;partners;246;28314;nc
B;G002199;1202;cleva;mae;blue;81;f;b;bladenboro;nc 211;11147;28320;nc
B;G002119;1203;alyson;courtney;beavers;32;f;w;fayetteville;baker;3117;28303;nc
A;G002119;1204;alyson;courtney;beavers;32;f;w;cameron;fernandez;258;28326;nc
A;G005069;1205;alexandra;victoria;belk;35;f;w;charlotte;lisa;7541;28215;nc
B;G005069;1206;alexandra;victoria;belk;35;f;w;boone;oak;276;28607;nc
B;G000961;1207;haylea;nicole;workman;26;f;w;connelly springs;old blue ridge;2781;28612;nc
A;G000961;1208;haylea;nicole;workman;26;f;w;boone;margo;373;28607;nc
A;G001968;1209;lori;foronda;gaskin;51;f;m;tabor city;forest;31;28463;hi
B;G001968;1210;lori;foronda;sloan;51;f;w;sanford;farrell;3205;27330;hi
A;G002363;1211;lakisha;monique;hearon;34;f;b;fayetteville;devoe;607;28314;
B;G002363;1212;lakisha;monique;hearon;34;f;b;raleigh;white sock;3400;27610;nj
A;G005893;1213;amanda;lee;senatore;36;f;w;winterville;chatham;2741;28590;md
B;G005893;1214;amanda;lee;senatore;36;u;u;greenville;cornwall;4103;27834;
A;G005534;1215;roger;o;strong;85;m;u;wilmington;arbor oaks;7132;28411;nh
B;G005534;1216;roger;o;strong;85;m;w;hampstead;washington acres;825;28443;nh
B;G001251;1217;jennifer;renee;neubacher;45;f;w;kannapolis;rose;200;28083;
A;G001251;1218;jennifer;neubacher;rogers;45;f;w;salisbury;partridge;170;28147;oh
B;G006401;1219;reginald;;howard;46;m;b;raleigh;taylor oaks;4132;27616;nc
A;G006401;1220;reginald;;howard;46;m;b;morrisville;old savannah;141;27560;nc
B;G006255;1221;bryan;edward;stover;49;m;w;waxhaw;poplar grove;8211;28173;nj
A;G006255;1222;bryan;edward;stover;49;m;w;waxhaw;bent creek;8505;28173;nj
A;G001292;1223;rondel;lamon;epps;35;m;b;concord;crown point;613;28027;ok
B;G001292;1224;rondel;lamon;epps;35;m;b;fayetteville;winward;1046;28314;ok
A;G004508;1225;brian;thomas;parry;45;m;w;stanley;oxford bluff;7355;28164;nc
B;G004508;1226;brian;t;parry;45;m;w;charlotte;broken stone;10234;28214;nc
A;G003394;1227;james;gray;griffin;33;m;w;pinetops;jocelyn;67;27864;nc
B;G003394;1228;james;gray;griffin;33;m;w;garner;jones;11;27529;nc
A;G006202;1229;marty;andrews;cave;33;m;w;state road;gramar;375;28676;nc
B;G006202;1230;marty;andrews;cave;33;m;w;north wilkesboro;ridge run;155;28659;nc
B;G002868;1231;jason;jamier;bethea;31;m;b;durham;ellisfield;4221;27705;sc
A;G002868;1232;jason;jamier;bethea;31;m;b;raleigh;lynnberry;10017;27617;sc
B;G005933;1233;adam;garrett;thompson;31;m;u;greenville;silver maple;2160;27858;
A;G005933;1234;adam;garrett;thompson;31;m;w;holly springs;sturminster;301;27540;fl
B;G001141;1235;patricia;pryor;buck;71;f;b;harrisburg;carl parmer;4034;28075;va
A;G001141;1236;patricia;pryor;buck;71;f;b;charlotte;caldwell ridge;4207;28213;va
A;G006189;1237;riley;wade;shaw;21;m;w;king;robertson ridge;1770;27021;va
B;G006189;1238;riley;wade;shaw;21;m;w;mount airy;summit;122;27030;va
B;G000470;1239;william;jeffrey;austin;29;m;w;burnsville;pleasant valley;777;28714;nc
A;G000470;1240;william;jeffrey;austin;29;m;w;vilas;tom brown;221;28692;nc
B;G004342;1241;shannon;marie;smith;38;f;w;garner;stonemoor;14;27529;ny
A;G004342;1242;shannon;m;smith;38;f;w;raleigh;winding arbor;1211;27606;ny
B;G000989;1243;william;dale;rice;34;m;w;kannapolis;fir;102;28081;
A;G000989;1244;william;dale;rice;34;m;w;kannapolis;freeze;8161;28081;nc
A;G002921;1245;chazle;nashea;lassiter;28;f;b;durham;ravenstone;505;27703;nc
B;G002921;1246;chazle;nashea;lassiter;28;f;b;chapel hill;granville towers;2516;27514;nc
B;G003449;1247;george;franklin;young;62;m;w;rocky mount;red barn;36;27801;nc
A;G003449;1248;george;franklin;young;62;m;w;rocky mount;timberlane;317;27804;tx
B;G006684;1249;ericka;elizabeth;arias;33;f;o;wilson;jayne;3405;27896;ny
A;G006684;1250;ericka;elizabeth;arias;33;f;o;wilson;jayne;3609;27896;
B;G004529;1251;wendy;rebecca;johnson;41;f;w;stanley;birdie;194;28164;nc
A;G004529;1252;wendy;rebecca;johnson;41;f;w;huntersville;rolling meadows;7536;28078;nc
A;G004704;1253;garrett;patrick;clark;21;m;w;charlotte;wheat ridge;11525;28277;fl
B;G004704;1254;garrett;patrick;clark;21;m;w;boone;locust summit dorm;240;28608;fl
B;G003058;1255;david;morton;freedman;89;m;w;chapel hill;culp hill;228;27517;ny
A;G003058;1256;david;morton;freedman;89;m;w;morrisville;jeremiah;11001;27560;ny
B;G003176;1257;christina;m;nix;53;f;w;durham;emoryfield;3317;27704;nj
A;G003176;1258;christina;margaret;nix;53;f;w;raleigh;wakespring;2201;27614;nj
B;G003950;1259;julie;elizabeth;gourlay;30;f;w;mooresville;michigan;119;28117;sc
A;G003950;1260;julie;elizabeth;gourlay;30;f;w;wilmington;mako;5153;28409;sc
B;G005468;1261;brittany;renee;stoots;27;f;w;wilmington;bridle;6825;28411;nc
A;G005468;1262;brittany;renee;stoots;27;f;w;boone;psi;186;28607;nc
B;G003740;1263;james;edward;atha;75;m;w;walkertown;riverwood;6612;27051;ga
A;G003740;1264;james;edward;atha;75;m;w;raleigh;spring garden;1174;27603;ga
A;G005339;1265;melinda;faye;perry;39;f;w;nashville;pleasant hollow;1907;27856;nc
B;G005339;1266;melinda;faye;perry;39;f;w;nashville;old spring hope;3776;27856;
A;G005913;1267;william;frank;newman;57;m;o;greenville;courtney;14;27858;
B;G005913;1268;william;frank;newman;57;m;u;winterville;ashcroft;3941;28590;oc
B;G001744;1269;elvin;;munn;63;m;b;chapel hill;williams;66;27516;nc
A;G001744;1270;elvin;;munn;63;m;b;sanford;hickory hill;3109;27330;nc
B;G003833;1271;aaron;william;herbertson;25;m;w;waynesville;ben medford;194;28785;fl
A;G003833;1272;aaron;william;herbertson;25;m;w;sylva;us hwy 74;9059;28779;fl
B;G005632;1273;lakesha;renee;edwards;29;f;b;jacksonville;tower;404;28546;nc
A;G005632;1274;lakesha;renee;edwards;29;f;m;jacksonville;meadowbrook;210;28546;nc
B;G005617;1275;tyler;gregory;ludlum;23;m;w;sneads ferry;sail way;115;28460;nc
A;G005617;1276;tyler;gregory;ludlum;23;m;w;seven springs;mark herring;1544;28578;nc
B;G005779;1277;linda;hamlin;titus;72;f;w;washington;tucker;101;27889;nc
A;G005779;1278;linda;hamlin;titus;72;f;w;greenville;hickory;100;27858;nc
A;G003707;1279;jaquetta;sharice;turner;32;f;b;winston salem;plantation;5645;27105;ca
B;G003707;1280;jaquetta;sharice;turner;32;f;b;charlotte;hosta;2928;28269;ca
B;G005411;1281;meghan;lynsi;smith;26;f;u;wilmington;buckhurst;314;28411;nc
A;G005411;1282;meghan;lynsi;smith;26;f;w;chapel hill;big meadows;107;27514;
B;G004708;1283;brian;christopher;price;37;m;w;charlotte;treyford;7620;28270;nj
A;G004708;1284;brian;christopher;price;37;m;w;raleigh;pineland;156;27606;nj
B;G000524;1285;carolyn;waldron;sheets;72;f;w;asheville;woody;292;28804;fl
A;G000524;1286;carolyn;waldron;sheets;72;f;w;huntersville;sky vista;9818;28078;fl
B;G004262;1287;hunter;obrien;smoak;20;m;w;clayton;brooksby;58;27527;
A;G004262;1288;hunter;obrien;smoak;20;u;w;knightdale;emerald common;1110;27545;
B;G004199;1289;brook;faircloth;raynor;34;f;w;newton grove;harper house;7379;28366;nc
A;G004199;1290;leslie;brook;faircloth;34;f;w;wilmington;bors;320;28403;
B;G005891;1291;adonica;kay;scott corion;46;f;b;greenville;bridle;1569;27834;ny
A;G005891;1292;adonica;;scott;46;f;b;red springs;westgate;7;28377;ny
B;G004233;1293;emily;amber;johnson;37;f;w;clayton;tomahawk;292;27520;ok
A;G004233;1294;emily;amber;vandusen;37;f;w;garner;shady lawn;115;27529;ok
A;G003248;1295;tonina;garvin;vaughan;52;f;b;durham;crossing;623;27703;nc
B;G003248;1296;tonina;garvin;vaughan;52;f;b;huntersville;balcony bridge;8116;28078;nc
B;G000612;1297;peter;schuyler;forfa;59;m;w;candler;hartshorn;38;28715;ny
A;G000612;1298;peter;schuyler;forfa;59;m;w;canton;skyline;55;28716;ny
B;G002831;1299;henry;tyler;jones;55;m;w;kenansville;spicer;172;28349;
A;G002831;1300;henry;tyler;jones;55;m;w;hendersonville;whisperwood;109;28791;nc
B;G001480;1301;james;willie;mcrae;50;m;b;atlantic beach;bogue sound;107;28512;nc
A;G001480;1302;james;willie;mcrae;50;m;b;fairmont;turkey branch;1527;28340;nc
B;G003514;1303;robert;william;smith;34;m;w;winston salem;greenfield way;4520;27103;nc
A;G003514;1304;robert;william;smith;34;m;w;greenville;hearthside;109;27834;nc
A;G001147;1305;michael;;morici;44;m;w;harrisburg;annelise;4804;28075;ny
B;G001147;1306;michael;;morici;44;m;w;charlotte;bonnie;1724;28213;ny
A;G002334;1307;mark;joseph;wisniewski;56;m;w;spring lake;verlie;1407;28390;
B;G002334;1308;mark;joseph;wisniewski;56;m;w;jacksonville;corey;190;28546;pa
B;G001028;1309;andrew;thomas;hinsley;38;m;w;concord;concord pointe;4822;28027;mi
A;G001028;1310;andrew;thomas;hinsley;38;m;w;lillington;downing;46;27546;mi
B;G002279;1311;jenny;leigh;gil;21;f;w;fort bragg;caquiny;241;28307;ga
A;G002279;1312;jenny;leigh;barnett;21;f;w;hendersonville;morningside;103;28792;ga
A;G003364;1313;tammy;shanee;hodge;33;f;b;morrisville;denali;107;27560;dc
B;G003364;1314;tammy;shanee;thompson;33;f;b;charlotte;beatties ford;100;28216;dc
A;G006155;1315;micialea;sharda;terry;33;f;b;laurinburg;salley mcnair;21621;28352;
B;G006155;1316;micialea;s;terry;33;f;b;laurinburg;mccoll;12318;28352;nc
B;G001690;1317;claude;stevenson;beam;53;m;w;sherrills ford;shade tree;6918;28673;nc
A;G001690;1318;claude;stevenson;beam;53;m;w;cornelius;bailey;12570;28031;nc
A;G002653;1319;reitzel;azer;ligon;80;m;w;lexington;gordon;221;27292;nc
B;G002653;1320;reitzel;a;ligon;80;m;w;north topsail beach;topsail;183;28460;nc
B;G002133;1321;daniel;wayne;rogers;44;m;w;hope mills;cottage oaks;1112;28348;nc
A;G002133;1322;daniel;wayne;rogers;44;m;w;parkton;glenn;3619;28371;nc
A;G000758;1323;michael;eugene;elliott;65;m;w;arden;colony;144;28704;
B;G000758;1324;michael;eugene;elliott;65;m;w;horse shoe;meadow;18;28742;nc
B;G005117;1325;alexander;ivan;krnic;38;m;w;matthews;joseph;3420;28105;ct
A;G005117;1326;alexander;ivan;krnic;38;m;w;waxhaw;nablus;3116;28173;ct
A;G001059;1327;richard;alan;stanchek;43;m;w;concord;bay meadows;1564;28027;ny
B;G001059;1328;richard;alan;stanchek;43;m;w;charlotte;old timber;12529;28269;ny
B;G000505;1329;laura;michelle;galloway;50;f;w;candler;holbrook;23;28715;ga
A;G000505;1330;laura;michelle;galloway;50;f;w;canton;pioneer ridge;286;28716;ga
B;G004533;1331;curt;hall;peterson;67;m;w;lincolnton;arbor run;207;28092;ma
A;G004533;1332;curt;hall;peterson;67;m;w;marion;choctaw;165;28752;ma
B;G003374;1333;melissa;ann;mikell;53;f;b;durham;elizabeth;201;27701;
A;G003374;1334;melissa;a;mikell;53;f;b;winston salem;buick;452;27101;sc
B;G006286;1335;shirley;jones;fuller;71;f;b;henderson;pinkston;111;27536;nc
A;G006286;1336;shirley;jones;fuller;71;u;b;raleigh;calliope;2701;27616;nc
B;G001176;1337;lance;steven;shinn;34;m;w;harrisburg;town center;3956;28075;al
A;G001176;1338;lance;steven;shinn;34;m;w;charlotte;hanberry;9613;28213;al
A;G004484;1339;keenan;jerome;parks;44;m;b;grifton;brewer;5912;28530;ma
B;G004484;1340;keenan;jerome;parks;44;m;o;grifton;dawson;6054;28530;nc
B;G001566;1341;dana;kanipe;hoyle;49;f;w;newton;maple;1032;28658;nc
A;G001566;1342;dana;kanipe;hoyle;49;f;w;newton;maple;1032;28658;
B;G005623;1343;janette;;moore;51;f;w;jacksonville;northwoods;2484;28540;nc
A;G005623;1344;janette;marie;moore;51;f;w;raleigh;broomfield;7154;27615;nc
B;G005847;1345;travis;earl;vaughan;25;m;w;roxboro;romans;151;27574;nc
A;G005847;1346;travis;earl;vaughan;25;m;w;raleigh;hunt club;105;27606;nc
A;G002125;1347;phillip;hughes;collins;54;m;w;hope mills;connaly;625;28348;nc
B;G002125;1348;phillip;hughes;collins;54;m;w;fayetteville;eagle;122;28306;nc
A;G000544;1349;caroline;elizabeth;odell;32;f;w;asheville;coley s;40;28806;nc
B;G000544;1350;caroline;elizabeth;odell;32;f;w;weaverville;white oak;228;28787;nc
B;G000160;1351;briana;lefler;orr;26;f;w;graham;oakgrove;722;27253;nc
A;G000160;1352;briana;paige;lefler;26;f;w;cedar grove;mill creek;4206;27231;nc
B;G004305;1353;susan;;savage;80;f;w;clayton;covered bridge;5789;27527;il
A;G004305;1354;susan;;savage;80;f;w;raleigh;horton;3608;27607;il
B;G005460;1355;tina;yvonne;inman;30;f;w;wilmington;forest hills;1154;28403;nc
A;G005460;1356;tina;inman;hood;30;f;w;raleigh;nazareth;621;27606;nc
A;G000856;1357;rhett;churchill;mays;39;m;w;asheville;watauga;20;28801;ar
B;G000856;1358;rhett;churchill;mays;39;m;w;durham;valley;1420;27707;ar
A;G005666;1359;alexander;renzo;sereno;33;m;w;carrboro;simpson;213;27510;nc
B;G005666;1360;alexander;renzo;sereno;33;m;w;raleigh;smallwood;1928;27605;nc
A;G005725;1361;darryl;;locklear;34;u;u;chapel hill;hamilton;91;27517;
B;G005725;1362;darryl;;locklear;34;m;i;maxton;harpers ferry;1267;28364;nc
B;G000537;1363;maggie;c;smith;59;f;w;black mountain;alexander;202;28711;
A;G000537;1364;maggie;canipe;smith;59;f;w;conover;stafford;1440;28613;nc
A;G002565;1365;kate;chere;belvin;25;f;w;thomasville;biggs;404;27360;nc
B;G002565;1366;kate;chere;belvin;25;f;w;randleman;holder inman rd;6602;27317;nc
B;G005458;1367;sandra;lynn;dick;40;f;w;wilmington;springer;7021;28411;ny
A;G005458;1368;sandra;lynn;dick;40;f;w;castle hayne;larry ann;5;28429;ny
A;G006346;1369;chon;oneil;eason;50;m;b;garner;lane of tristram;213;27529;nc
B;G006346;1370;chon;oneil;eason;50;m;b;raleigh;shadetree;6021;27613;nc
A;G001220;1371;jody;phillip;barbee;43;m;w;mount pleasant;lorelei;1876;28124;nc
B;G001220;1372;jody;phillip;barbee;43;m;w;rockwell;emanuel;6000;28138;nc
B;G003811;1373;timothy;lee;johnson;64;m;b;fuquay varina;knight estate;196;27526;nc
A;G003811;1374;timothy;lee;johnson;64;m;b;sanford;farrell;235;27330;nc
A;G002587;1375;penny;gail;bare;49;f;w;lexington;hallmark;103;27292;nc
B;G002587;1376;penny;;bare;49;f;w;north wilkesboro;pads;2019;28659;nc
B;G005048;1377;ricardo;;morales;47;m;o;charlotte;dunbritton;14165;28277;ny
A;G005048;1378;ricardo;;morales;47;m;o;monroe;nottingham;2737;28110;ny
B;G003396;1379;yvonne;dew;foushee;64;f;b;rocky mount;thomas;521;27801;nc
A;G003396;1380;yvonne;dew;foushee;64;f;b;whitakers;ward;11258;27891;nc
B;G005631;1381;timothy;daniel;brault;37;m;w;midway park;lake cole;1247;28544;ma
A;G005631;1382;timothy;daniel;brault;37;m;w;jacksonville;holly shelter;577;28540;ma
A;G006101;1383;clifton;alden;early;27;m;w;aulander;pine;301;27805;nc
B;G006101;1384;clifton;alden;early;27;m;w;badin;spruce;126;28009;nc
A;G004260;1385;martha;;perry;62;f;b;benson;shade tree;571;27504;va
B;G004260;1386;martha;;perry;62;f;b;apex;spotter;9302;27502;ga
B;G003587;1387;delana;linville;harvick;45;f;w;kernersville;park lawn;703;27284;nc
A;G003587;1388;delana;lynne;harvick;45;f;w;charlotte;bent branch;1917;28226;nc
B;G000551;1389;terry;lee;ouser;53;m;w;asheville;chamwood;205;28804;nc
A;G000551;1390;terry;lee;houser;53;m;w;surf city;topsail;1203;28445;nc
B;G000991;1391;mildred;mack;ellis;89;f;b;concord;lake concord;515;28025;nc
A;G000991;1392;mildred;mack;ellis;89;f;b;salisbury;joe lewis;130;28146;nc
A;G003002;1393;jenni;arlene;rasnake;40;f;w;durham;southpoint crossing;613;27713;tn
B;G003002;1394;jenni;rasnake;neighbors;40;f;w;jacksonville;riverbend;231;28540;tn
B;G004447;1395;elizabeth;dawn sugg;cromer;46;f;w;kinston;temple;1700;28504;nc
A;G004447;1396;dawn;sugg;cromer;46;f;w;kinston;buckingham;2722;28504;nc
B;G004953;1397;roland;theophilus;barnes;65;m;b;cornelius;squire s;10202;28031;
A;G004953;1398;roland;theophilus;barnes;65;m;b;cary;high pine;103;27513;oc
A;G002267;1399;tammy;lynn;stewart;51;f;w;fayetteville;lull water;2466;28306;
B;G002267;1400;tammy;baxter;stewart;51;f;w;raeford;windsor;128;28376;ky
B;G003210;1401;keisha;;underdue;49;f;b;durham;lednum;2309;27705;
A;G003210;1402;keisha;;underdue;49;f;b;raleigh;pomegranate;3213;27616;nj
B;G001597;1403;danny;odell;whitfield;46;m;w;conover;willow ridge;1939;28613;tx
A;G001597;1404;danny;odell;whitfield;46;m;w;sugar grove;john t;171;28679;tx
A;G004319;1405;blair;alexandria;jordan;36;f;b;garner;kaspurr;137;27529;nj
B;G004319;1406;blair;alexandria;jordan;36;f;b;raleigh;eastern branch;3581;27610;nj
A;G003346;1407;lois;marie;hamm;50;f;w;durham;sherwood;1021;27705;nc
B;G003346;1408;lois;marie;hamm;50;f;w;hillsborough;lonnie;2333;27278;nc
A;G000815;1409;christin;lea;riddle;33;f;w;weaverville;locust grove;234;28787;nc
B;G000815;1410;christin;lea riddle;carter;33;f;w;brevard;east fork;8736;28712;nc
B;G000020;1411;carol;fiske;gates;66;f;w;graham;doggett;303;27253;vt
A;G000020;1412;carol;fiske;gates;66;f;w;hickory;kings;1476;28602;vt
B;G002744;1413;tera;jane lewis;shaw;39;f;w;glade valley;holly;96;28627;nc
A;G002744;1414;tera;lewis;shaw;39;u;w;jefferson;don bare;1328;28640;nc
A;G000952;1415;dakota;william;effler;24;m;w;morganton;willow run;121;28655;nc
B;G000952;1416;dakota;william;effler;24;m;w;marion;condrey;146;28752;nc
B;G004657;1417;mark;anderson;taylor;49;m;w;charlotte;hastings mill;10829;28277;nc
A;G004657;1418;mark;anderson;taylor;49;m;w;monroe;carroll;2526;28110;
A;G005572;1419;kennisha;leanna;patterson;29;f;b;seaboard;king;400;27876;nc
B;G005572;1420;kennisha;leanna;patterson;29;f;b;elizabeth city;weeksville;1704;27909;nc
A;G001665;1421;dana;alisha;hawkins;48;f;w;sherrills ford;berne;2590;28673;ny
B;G001665;1422;dana;alisha;hawkins;48;f;w;charlotte;park;3236;28209;ny
B;G000167;1423;adriene;;murphy;44;f;b;burlington;sinclair;2051;27215;ms
A;G000167;1424;adriene;hagan;murphy;44;f;b;morrisville;star magnolia;224;27560;ms
B;G004763;1425;susan;ann;dowd;62;f;w;charlotte;peverell;2706;28270;nj
A;G004763;1426;susan;ann;dowd;62;f;w;matthews;hammond;1509;28104;nj
B;G003624;1427;ashley;ormand;thrift;72;m;w;winston salem;fourth;851;27101;nc
A;G003624;1428;ashley;ormand;thrift;72;m;w;lake lure;snug harbor;304;28746;nc
A;G000701;1429;jennifer;ruth;biggs;29;f;w;asheville;deaver;74;28806;nc
B;G000701;1430;jennifer;ruth;lamm;29;f;w;selma;bailey boykin;526;27576;nc
A;G000304;1431;jerry;paul;fowler;64;m;w;oak island;74th;128;28465;nc
B;G000304;1432;jerry;paul;fowler;64;m;w;stoneville;settlement;358;27048;nc
B;G004420;1433;roland;joseph;berube;83;m;w;sanford;bridgeport;2008;27330;me
A;G004420;1434;roland;joseph;berube;83;m;w;seven lakes;berwick;101;27376;me
B;G000526;1435;jesseca;mae;bryant;32;f;w;fletcher;ravenwood;24;28732;sc
A;G000526;1436;jesseca;mae;randall;32;f;w;hubert;quail creek;125;28539;sc
A;G003910;1437;courtney;renee;jones;36;f;w;murfreesboro;benthall bridge;543;27855;nc
B;G003910;1438;courtney;gentle;jones;36;f;w;knightdale;steamboat;821;27545;nc
B;G000323;1439;elizabeth;helen;zwolinski;68;f;w;calabash;north balfour;7967;28467;ct
A;G000323;1440;elizabeth;sheehan;zwolinski;68;f;w;wilmington;cavalier;124;28403;ct
A;G002708;1441;brittany;michelle;bundy;24;f;w;lexington;nc highway 109;11578;27292;nc
B;G002708;1442;brittany;michelle;bundy;24;f;w;charlotte;university city;9201;28223;
B;G002390;1443;cyrus;;suiter;56;m;b;fayetteville;perch;244;28306;nc
A;G002390;1444;cyrus;;suiter;56;m;b;margarettsville;high bridge;2179;27853;nc
B;G001412;1445;david;brian;dunlow;49;m;w;newport;roberts;599;28570;va
A;G001412;1446;david;brian;dunlow;49;m;w;vanceboro;buck;4211;28586;va
A;G002886;1447;peter;artur;mcdaniel;47;m;w;durham;larchmont;4225;27707;va
B;G002886;1448;peter;artur;mcdaniel;47;m;w;morrisville;grace park;6201;27560;
A;G000632;1449;cathleen;forester;rosenfeldt;57;f;w;asheville;foxfire;15;28803;nc
B;G000632;1450;cathe;f;rosenfeldt;57;f;w;pineville;kenmore;122;28134;nc
A;G003317;1451;gregory;michael;walter;35;m;w;durham;broomstraw;4405;27704;mt
B;G003317;1452;gregory;michael;walter;35;m;w;apex;glastonbury;2809;27539;mt
B;G001917;1453;sandra;barger;todd;70;f;w;grover;bettis;2910;28073;tn
A;G001917;1454;sandra;barger;todd;70;f;w;fayetteville;lainey;3421;28314;tn
A;G002879;1455;donna;e;hales;66;f;w;durham;dial;1805;27713;nc
B;G002879;1456;donna;ellis;hales;66;f;w;hillsborough;cates;1;27278;nc
A;G002475;1457;michelle;woodell;oxendine;45;f;i;poplar branch;caroon;161;27965;nc
B;G002475;1458;michelle;woodell;oxendine;45;f;a;wilmington;constitution;2603;28412;nc
B;G001574;1459;shiu;hui;chuang;31;f;a;conover;remington;1061;28613;oc
A;G001574;1460;shiu hui;;chuang;31;f;a;chapel hill;union grove church;8609;27516;oc
B;G002289;1461;joseph;john;kucan;43;m;w;fayetteville;corning;495;28314;pa
A;G002289;1462;joesph;john;kucan;43;m;w;durham;newhall;6016;27713;
B;G003985;1463;ruth;shores;denton;67;f;w;mooresville;galway;117;28117;tn
A;G003985;1464;ruth;shores;denton;67;f;w;forest city;firethorne;149;28043;tn
B;G005033;1465;lauren;ann;graham;33;f;w;charlotte;medearis;245;28211;nc
A;G005033;1466;lauren;graham;kaczmarski;33;f;w;waxhaw;verrazano;5505;28173;nc
B;G003106;1467;elizabeth;kendall;weaver;22;u;u;durham;copper leaf;2033;27703;
A;G003106;1468;elizabeth;kendall;weaver;22;f;w;salisbury;riverwalk;729;28146;nc
B;G001107;1469;james;branson;heishman;63;m;w;charlotte;elrond;1157;28269;va
A;G001107;1470;james;branson;heishman;63;m;w;gold hill;bridlewood;399;28071;va
A;G002642;1471;april;dawn;brown;33;f;w;thomasville;holly grove;8159;27360;nc
B;G002642;1472;april;dawn;dyles;33;f;w;randleman;trollinger;117;27317;nc
B;G002539;1473;jean;ray;wong;54;f;w;lexington;ervin;431;27292;oh
A;G002539;1474;jean;ray;wong;54;f;w;huntersville;three greens;332;28078;oh
B;G002373;1475;anthony;david;mendez;32;m;w;fayetteville;raeford;7656;28304;oc
A;G002373;1476;anthony;david;mendez;32;m;o;raeford;castle creek;236;28376;oc
B;G001644;1477;nita;claire;windon;34;f;w;catawba;hudson chapel;7355;28609;nc
A;G001644;1478;nita;claire;hames;34;f;w;statesville;turnersburg;1373;28625;nc
B;G004315;1479;nicholas;cevaston;massey;34;m;w;princeton;herring;155;27569;nc
A;G004315;1480;nicholas;cevaston;massey;34;m;w;elizabeth city;bonney;109;27909;nc
B;G005763;1481;christina;dawn;berry;34;f;w;washington;clarks neck;211;27889;nc
A;G005763;1482;christina;berry;baker;34;f;w;washington;jimmy;211;27889;nc
A;G002584;1483;kimberly;leonard;flippen;58;f;w;denton;potters;303;27239;nc
B;G002584;1484;kimberly;leonard;flippen;58;f;w;trinity;fairview church;6206;27370;nc
A;G001437;1485;joan;elizabeth;bank;72;f;w;morehead city;35th;804;28557;mn
B;G001437;1486;joan;elizabeth;bank;72;f;w;new bern;tobiano;219;28562;mn
A;G005142;1487;deborah;ann;fisher;36;f;w;charlotte;arista;7122;28214;md
B;G005142;1488;deborah;ann;fisher;36;f;w;raleigh;ncsu alexander;0;27607;md
A;G004281;1489;rodney;neil;harris;53;u;u;zebulon;old eason;506;27597;nc
B;G004281;1490;rodney;neil;harris;53;m;b;wilmington;lightning whelk;445;28412;nc
A;G004610;1491;shirli;joyce;howell;50;f;w;newland;braswell;182;28657;ca
B;G004610;1492;shirli;joyce;howell;50;f;w;sugar grove;rush branch;4080;28679;ca
B;G002512;1493;mildred;lane;carlisle;96;f;w;kill devil hills;colington;804;27948;va
A;G002512;1494;mildred;lane;carlisle;96;f;w;jacksonville;raintree;161;28540;va
A;G003456;1495;kimberly;andrews;johnson;45;f;m;tarboro;nc 42;7986;27886;nc
B;G003456;1496;kimberly;andrews;johnson;45;f;m;greenville;park west;1291;27834;nc
B;G002225;1497;amanda;may;lasarge;31;f;w;fayetteville;carver oaks;6340;28311;pa
A;G002225;1498;amanda;may;young;31;f;w;wake forest;golden star;1045;27587;pa
A;G001183;1499;bipin;ratilal;parekh;73;m;o;concord;barley;4290;28027;
B;G001183;1500;bipin;r;parekh;73;m;o;matthews;bathgate;2613;28105;
A;G002461;1501;regina;mullen;lee;51;f;b;powells point;wild geese;131;27966;nc
B;G002461;1502;regina;;lee;51;f;b;elizabeth city;river;1403;27909;
A;G000688;1503;dawn;marie;kochevar;26;f;w;asheville;hiawassee;37;28801;
B;G000688;1504;dawn;marie;kochevar;26;f;w;mooresville;hunters pointe;126;28117;pa
B;G001623;1505;william;bryan;lentz;41;m;w;hickory;7th;111;28601;nc
A;G001623;1506;william;bryan;lentz;41;m;w;boone;parkcrest;245;28607;nc
B;G002489;1507;lioubov;a;wescott;58;f;w;kill devil hills;franklin;2023;27948;oc
A;G002489;1508;lioubov;a;wescott;58;f;w;wake forest;moultonboro;621;27587;oc
B;G005956;1509;kristin;leigh;phillips;44;f;w;randleman;us hwy 220 bus;8157;27317;nc
A;G005956;1510;kristin;leigh;phillips;44;f;w;sophia;flint hill;7615;27350;nc
B;G003203;1511;huiman;xie;barnhart;53;f;a;durham;elam;8;27705;oc
A;G003203;1512;huiman;xie;barnhart;53;f;a;chapel hill;kensington;631;27514;oc
B;G006498;1513;laura;ann;carathanasis;54;f;w;cary;mclean;100;27513;nj
A;G006498;1514;laura;ann;carathanasis;54;f;w;cary;mclean;100;27513;nj
B;G002462;1515;sally;carnahan;wagner;58;f;w;powells point;lucinda;158;27966;pa
A;G002462;1516;sally;carnahan;wagner;58;f;w;kill devil hills;cambridge;1108;27948;pa
A;G004276;1517;mary;kathleen;fleming;63;f;w;selma;lynch;476;27576;nc
B;G004276;1518;mary;kathleen;fleming;63;f;w;apex;village loop;405;27502;nc
B;G000566;1519;michael;benjamin;boyd;33;m;w;asheville;weaverville;245;28804;nc
A;G000566;1520;michael;benjamin;boyd;33;m;w;asheville;shorewood;55;28804;nc
A;G001288;1521;christina;marie;greenlaw;54;f;w;concord;old airport;117;28025;ca
B;G001288;1522;christina;marie;greenlaw;54;f;w;huntersville;calverton;17432;28078;ca
B;G001983;1523;christina;charnetta;small;28;f;b;whiteville;mill pond;1850;28472;nc
A;G001983;1524;christina;charnetta;small;28;f;b;raleigh;burtons barn;3738;27610;nc
B;G003015;1525;richard;darrius;thompson;33;m;b;durham;hope valley;4659;27707;nc
A;G003015;1526;richard;darrius;thompson;33;m;b;durham;brier crossings;813;27703;nc
A;G003184;1527;mattie;;arnold;88;f;b;durham;corona;901;27707;va
B;G003184;1528;mattie;;arnold;88;f;b;cary;pointe crest;120;27513;oc
B;G006134;1529;evelyn;ann;morgan;52;f;w;bostic;depriest;1561;28018;nc
A;G006134;1530;evelyn;ann;polly;52;f;w;bostic;depriest;1561;28018;nc
B;G003157;1531;samuel;andrew michael;duncan;30;m;w;raleigh;caversham;7330;27617;ny
A;G003157;1532;samuel;andrew michael;duncan;30;m;w;raleigh;berry crest;7768;27617;ny
B;G003402;1533;veronica;summrell;hill;51;f;b;rocky mount;spaulding;143;27801;nc
A;G003402;1534;veronica;summrell;hill;51;f;b;rocky mount;cascade;617;27803;nc
B;G001231;1535;meredith;graham;robb;32;f;w;concord;union;116;28025;nc
A;G001231;1536;meredith;graham;robb;32;f;w;chapel hill;umstead;500;27516;nc
B;G005498;1537;sarah;kathryn;harris;26;f;w;wilmington;vorils;513;28411;
A;G005498;1538;sarah;kathryn;harris;26;f;w;washington;leigh;102;27889;nc
B;G005821;1539;wesley;c;miles;35;m;w;wilmington;scotts hill loop;2765;28411;
A;G005821;1540;wesley;c;miles;35;m;w;raleigh;wolftech;2130;27603;il
B;G005024;1541;robert;;silva;50;m;u;charlotte;lindfield;7928;28227;nc
A;G005024;1542;robert;;silva;50;m;u;charlotte;willow bend;10402;28210;
A;G004132;1543;christine;emma;lossiah;69;f;w;whittier;herron branch;1312;28789;oh
B;G004132;1544;christine;emma;lossiah;69;f;w;cherokee;biello;137;28719;oh
A;G005313;1545;leah;kristin;beers;21;f;w;pinehurst;troy;1;28374;ny
B;G005313;1546;leah;kristin;beers;21;f;w;greenville;greene hall;603;27858;ny
A;G001842;1547;cynthia;beaver;herndon;59;f;w;hickory;hughes;470;28601;oc
B;G001842;1548;cynthia;beaver;herndon;59;f;w;jacksonville;country club;1216;28546;
A;G003436;1549;joice;ann;tabron;58;f;b;tarboro;baker;414;27886;nc
B;G003436;1550;joice;ann;tabron;58;f;b;rocky mount;pine;840;27803;nc
B;G005444;1551;rebecca;dubay;thompson;54;f;w;wilmington;sidney;1117;28405;me
A;G005444;1552;rebecca;dubay;thompson;54;f;w;wilmington;blue tick;1611;28411;me
B;G005635;1553;alyssa;jean;rochelle;28;f;w;jacksonville;festive;115;28540;nc
A;G005635;1554;alyssa;jean;rochelle;28;f;w;greenville;locksley woods;2207;27858;nc
A;G005371;1555;hugh;timothy;brinn;34;m;w;rocky mount;acorn ridge;1803;27804;tx
B;G005371;1556;hugh;timothy;brinn;34;m;w;monroe;ridge;1453;28110;tx
B;G001216;1557;anthony;joseph;prieto;28;m;o;concord;covington;4823;28027;fl
A;G001216;1558;anthony;joseph;prieto;28;m;o;charlotte;balancing rock;7403;28262;fl
B;G002260;1559;darnell;thomas;brown;29;m;b;spring lake;wapiti;206;28390;nc
A;G002260;1560;darnell;thomas;brown;29;m;b;hampstead;union bethel;856;28443;nc
B;G005450;1561;david;thomas;brown;51;m;o;wilmington;myrtle grove;7418;28409;il
A;G005450;1562;david;thomas;brown;51;m;u;wilmington;myrtle grove;7410;28409;
B;G000286;1563;john;barton;felts;33;m;w;winnabow;north palm;105;28479;tx
A;G000286;1564;john;barton;felts;33;m;w;wilmington;wilshire;4230;28403;tx
A;G005464;1565;julia;versteeg;bice;45;f;w;wilmington;amber;3709;28409;co
B;G005464;1566;julia;versteeg;bice;45;f;w;winterville;camden;2103;28590;co
B;G006185;1567;robert;thomas;jones;41;m;w;king;knollwood;113;27021;nc
A;G006185;1568;robert;thomas;jones;41;m;w;yadkinville;wilson;105;27055;nc
A;G005334;1569;jackson;powell;russell;25;m;w;rocky mount;whitby;120;27804;nc
B;G005334;1570;jackson;powell;russell;25;m;u;raleigh;friendly;111;27607;
A;G005882;1571;margaret;scott;djernes;23;f;w;greenville;10th;3535;27858;
B;G005882;1572;margaret;scott;djernes;23;f;w;cary;davis;1801;27519;nc
B;G003754;1573;adan;rico;muniz;47;m;o;sanford;englewood;62;27332;oc
A;G003754;1574;adan;rico;muniz;47;m;o;sanford;mallard cove;2620;27330;oc
A;G003750;1575;justin;aric;basham;37;m;w;fuquay varina;avery spence;449;27526;tx
B;G003750;1576;justin;a;basham;37;m;w;raleigh;summerland;7310;27612;tx
B;G003939;1577;jordan;michael;andrews;30;m;w;raeford;gainey;3931;28376;fl
A;G003939;1578;jordan;michael;andrews;30;m;w;monroe;deer track;3224;28110;fl
A;G004485;1579;benjamin;franklin;bruton;47;m;b;kinston;capitola;112;28501;nj
B;G004485;1580;benjamin;;bruton;47;m;b;raleigh;hargrove;4530;27604;nj
B;G002355;1581;eric;devone;sanders;32;m;b;fayetteville;trevino;1529;28303;nc
A;G002355;1582;eric;devone;sanders;32;m;b;clinton;crumpler lake;60;28328;nc
B;G002793;1583;othoniel;;cruz rondon;37;m;o;advance;reece;115;27006;pr
A;G002793;1584;othoniel;;cruz rondon;37;m;u;boonville;charity ch;1444;27011;pr
B;G002544;1585;maggie;suzanne;rumley;28;u;u;thomasville;trinity;1112;27360;nc
A;G002544;1586;maggie;suzanne;rumley;28;f;w;archdale;huff;4228;27263;nc
B;G000250;1587;douglas;james;siler;53;m;w;calabash;beach;10085;28467;mi
A;G000250;1588;douglas;james;siler;53;m;w;shallotte;boone;4388;28470;mi
A;G001894;1589;hanna;mackenzie;bales;24;f;w;cherryville;sador;130;28021;
B;G001894;1590;hanna;gales;smith;24;f;w;maiden;across field;4709;28650;nc
B;G001085;1591;jennifer;faith;mahoney;43;f;w;concord;poplar woods;134;28027;pa
A;G001085;1592;jennifer;faith;lane;43;f;w;charlotte;pimpernel;2313;28213;pa
A;G001967;1593;raymond;mcarthur;hill;75;m;w;chadbourn;peacock;12100;28431;nc
B;G001967;1594;raymond;mcarthur;hill;75;m;w;wilmington;jamaica;234;28401;nc
B;G006011;1595;sierra;dawn;kearns;21;f;w;denton;new hope;5081;27239;nc
A;G006011;1596;sierra;dawn;kearns;21;u;u;raleigh;wolf park;6108;27606;
B;G003506;1597;erick;;balseca;30;u;u;winston salem;harson;319;27127;
A;G003506;1598;erick;fernando;balseca;30;m;u;raleigh;collegeview;1611;27606;nj
B;G004637;1599;corinne;v;lorenz;53;f;w;matthews;cedar chase;2832;28105;il
A;G004637;1600;corinne;veronica;lorenz;53;f;w;matthews;cedar chase;2832;28105;il
A;G004048;1601;john;locke;milholland;71;m;w;statesville;green;130;28677;al
B;G004048;1602;john;locke;milholland;71;m;w;raleigh;tee time;12820;27614;al
A;G002500;1603;daniel;armando;garcia colon;21;m;o;manteo;hammock;44;27954;oc
B;G002500;1604;daniel;armando;garcia colon;21;u;u;charlotte;canterbury castle;13602;28273;
A;G001007;1605;bria;shanette;mosby;25;f;b;concord;hydrangea;726;28027;ny
B;G001007;1606;bria;shanette;mosby;25;f;b;greenville;10th;3275;27858;
A;G004525;1607;david;leon;moliis;76;m;w;denver;graham point;8870;28037;ca
B;G004525;1608;david;leon;moliis;76;m;w;waxhaw;victoria lake;8315;28173;ca
A;G000522;1609;robert;joseph;worrell;43;m;w;candler;conard;55;28715;nc
B;G000522;1610;robert;joseph;worrell;43;m;w;hendersonville;willow;2049;28739;nc
A;G000439;1611;barbara;dillard;rogers;79;f;u;oak island;beach;6901;28465;sc
B;G000439;1612;barbara;dillard;rogers;79;f;w;raleigh;glen laurel;4109;27612;sc
A;G001255;1613;kenneth;matthew;griffin;32;m;w;concord;archibald;380;28025;nc
B;G001255;1614;kenneth;matthew;griffin;32;m;w;huntersville;bud henderson;8119;28078;nc
B;G001043;1615;monica;josephine;grant;83;f;b;concord;perennial;263;28027;
A;G001043;1616;monica;josephine;grant;83;f;b;charlotte;veckman;6035;28269;oc
A;G000653;1617;thomas;edward;dillard;88;m;w;asheville;bevlyn;17;28803;
B;G000653;1618;thomas;edward;dillard;88;m;u;columbus;laurel lake;621;28722;nc
A;G001495;1619;jennifer;ann weaver;duff;30;f;w;morehead city;mayberry loop;2202;28557;nc
B;G001495;1620;jennifer;ann;weaver;30;f;w;wilmington;lady fern;5005;28409;nc
B;G005749;1621;cougar;lee;caroon;27;m;w;oriental;north;609;28571;wa
A;G005749;1622;cougar;lee;caroon;27;m;w;greenville;horseshoe;306;27834;wa
B;G003861;1623;jimmy;lewis;burgess;48;m;b;flat rock;roper;47;28731;nc
A;G003861;1624;jimmy;lewis;burgess;48;m;b;charlotte;anderson;1708;28205;nc
A;G002911;1625;christopher;charles;martin;37;m;w;durham;north creek;1034;27707;mi
B;G002911;1626;christopher;charles;martin;37;m;w;apex;scissortail;717;27523;mi
B;G006691;1627;hannah;marie;boles;30;f;w;yadkinville;lee;640;27055;nc
A;G006691;1628;hannah;marie;boles;30;f;w;yadkinville;snider;3001;27055;nc
B;G006264;1629;tara;kathleen;brelinsky;47;f;w;henderson;young;241;27536;nj
A;G006264;1630;tara;kathleen;brelinsky;47;f;m;zebulon;nc 39;2425;27597;nj
B;G003908;1631;leslie;jerome;howington;51;m;b;ahoskie;boone farm;413;27910;nc
A;G003908;1632;leslie;jerome;howington;51;m;b;ahoskie;boone farm;413;27910;nc
B;G000897;1633;megan;marie;smith;30;f;w;valdese;wildflower;4695;28690;nc
A;G000897;1634;megan;marie;suber;30;f;w;cornelius;ogden cove;21532;28031;nc
A;G001764;1635;j;david;henry;66;m;w;pittsboro;hudson woods;281;27312;va
B;G001764;1636;john;david;henry;66;m;w;shelby;mark;1012;28152;va
B;G006655;1637;brittany;lawrence;kirby;27;f;w;goldsboro;brookwood;113;27534;nc
A;G006655;1638;brittany;nichole;lawrence;27;f;w;lucama;wheat swamp;7641;27851;nc
B;G004014;1639;vicky;connelly;gunther;48;f;w;cleveland;settlers haven;153;27013;nc
A;G004014;1640;vicky;elaine;connelly;48;f;w;salisbury;briggs;2380;28147;nc
A;G003387;1641;jameka;j;battle;37;f;b;rocky mount;windsor;1804;27801;nc
B;G003387;1642;jameka;jane;battle;37;f;b;wilson;park;503;27893;nc
B;G005660;1643;avery;alden;earwood;46;m;w;rougemont;troon;7410;27572;tx
A;G005660;1644;avery;alden;earwood;46;m;w;rougemont;berea;1715;27572;tx
A;G000920;1645;katlin;paige;canipe;25;f;w;morganton;lost corner;100;28655;nc
B;G000920;1646;katlin;paige;canipe;25;f;w;boone;hawthorne;143;28607;nc
B;G001710;1647;laura;hardman;kiley;67;f;w;chapel hill;fountain;20034;27517;sc
A;G001710;1648;laura;hardman;irvin;67;f;w;chapel hill;butternut;104;27514;sc
A;G001717;1649;joseph;malcolm;dunn;70;m;b;pittsboro;woodbury;578;27312;va
B;G001717;1650;joseph;malcolm;dunn;70;m;b;durham;morrell;8208;27713;
B;G000231;1651;thomas;;patterson;75;m;w;burlington;plaid;815;27215;in
A;G000231;1652;thomas;joseph;patterson;75;m;w;elizabeth city;adelaide;100;27909;in
B;G001771;1653;marian;beth;powell;41;f;w;pittsboro;nc hwy 87;7239;27312;wv
A;G001771;1654;marian;beth;powell;41;f;w;chapel hill;franklin;1513;27514;wv
A;G003050;1655;martin;alan;mattson;42;m;w;morrisville;arringdon park;5710;27560;la
B;G003050;1656;martin;alan;mattson;42;m;w;holly springs;porcino;209;27540;la
B;G002178;1657;andrew;richard;distell;22;m;w;fayetteville;ellerslie;139;28303;fl
A;G002178;1658;andrew;richard;distell;22;m;w;durham;duke university west campus;1;27708;fl
A;G006108;1659;charlena;marie;herron;30;f;w;salisbury;mountain view;275;28147;nc
B;G006108;1660;charlena;marie;perrell;30;f;w;woodleaf;woodleaf;7965;27054;nc
B;G004857;1661;brian;d;mobley;52;m;w;charlotte;crown hill;6301;28227;ar
A;G004857;1662;brian;d;mobley;52;m;w;charlotte;persimmon creek;11100;28227;ar
A;G005433;1663;richard;james;lynch;96;m;w;wilmington;blue heron;8117;28411;nj
B;G005433;1664;richard;james;lynch;96;m;w;hampstead;belvedere;350;28443;nj
A;G000507;1665;jeffrey;warren;lavoie;41;m;u;weaverville;hillside;45;28787;ny
B;G000507;1666;jeffrey;warren;lavoie;41;m;w;spruce pine;old us hwy 19e;406;28777;ny
B;G004701;1667;kerry;a;cunniff;56;f;w;matthews;melrose cottage;3684;28105;
A;G004701;1668;kerry;ann;cunniff;56;f;w;monroe;kingstree;1919;28112;ma
A;G000690;1669;angel;myria;hensley;18;f;w;asheville;concord;117;28803;
B;G000690;1670;angel;myria;hensley;18;f;w;hendersonville;chinaberry;739;28792;nc
B;G002636;1671;ollie;denise;williams;54;f;b;lexington;pennington;328;27292;
A;G002636;1672;ollie;denise;williams;54;f;b;lexington;pennington;328;27292;
A;G004866;1673;joanna;walker;holder;42;f;w;matthews;new towne;9334;28105;tx
B;G004866;1674;joanna;walker;holder;42;f;w;raleigh;ernesto;2031;27603;tx
A;G002855;1675;mowafag;awad;abdalla;55;m;b;durham;morreene;700;27705;oc
B;G002855;1676;mowafag;awad;abdalla;55;m;b;durham;snowcrest;903;27707;oc
B;G001845;1677;darius;alexander;byers;38;m;w;stony point;tomahawk;121;28678;nc
A;G001845;1678;darius;alexander;byers;38;m;w;statesville;hedrick;618;28677;nc
A;G000046;1679;judith;eleanor;filbey;72;f;w;gibsonville;alyssa;105;27249;ny
B;G000046;1680;judith;eleanor;filbey;72;f;w;reidsville;arbor;1109;27320;ny
A;G006432;1681;sondra;favor;shepley;36;f;w;apex;checker;109;27502;pa
B;G006432;1682;sondra;favor;shepley;36;f;w;apex;checker;109;27502;pa
A;G003293;1683;john;patrick;parker;77;m;w;chapel hill;abernathy;51;27517;wv
B;G003293;1684;john;p;parker;77;m;w;chapel hill;cosgrove;132;27514;wv
B;G003085;1685;gerri;marcia;harris;41;f;b;hillsborough;penwick;3;27278;va
A;G003085;1686;gerri;marcia;harris;41;f;b;wilmington;darlington;425;28403;va
A;G006021;1687;kathryn;lynn;ashton;32;f;w;rockingham;oakdale;102;28379;wv
B;G006021;1688;kathryn;lynn;ashton ingram;32;f;w;lumberton;11th;1109;28358;wv
B;G000733;1689;michael;andrew;mahoney;39;m;w;asheville;ascot point;19;28803;ky
A;G000733;1690;michael;andrew;mahoney;39;m;w;hillsborough;calvert;504;27278;ky
A;G006450;1691;chianti;sheantrease;williams;39;f;b;raleigh;wayne;5414;27606;fl
B;G006450;1692;chianti;sheantrease;muhammad;39;f;b;raleigh;griffis glen;4029;27610;fl
A;G001746;1693;dale;randall;zuckert;48;m;w;pittsboro;persimmon hill;107;27312;or
B;G001746;1694;dale;randall;zuckert;48;m;w;carrboro;fidelity;105;27510;or
A;G004085;1695;randel;l;rutledge;53;m;w;mooresville;fieldstone;406;28115;ks
B;G004085;1696;randel;lee;rutledge;53;m;w;monroe;warren;815;28110;ks
B;G003079;1697;kari;laurel;breed;39;f;u;durham;knox;815;27701;tx
A;G003079;1698;kari;laurel;breed;39;f;w;garner;glen creek;5029;27529;tx
B;G000648;1699;maria;;muscarella;44;f;w;leicester;dandelion;61;28748;nh
A;G000648;1700;maria;;muscarella;44;f;w;chapel hill;peeler creek;4205;27516;nh
A;G003761;1701;robert;lee;pearson;50;m;b;dunn;jupiter;113;28334;nc
B;G003761;1702;robert;lee;pearson;50;m;b;benson;catherine;102;27504;nc
B;G003450;1703;douglas;jonathan;flinn;43;m;w;tarboro;st patrick;813;27886;pa
A;G003450;1704;douglas;jonathan;flinn;43;m;w;raleigh;dahlgreen;2512;27615;pa
A;G003256;1705;elijah;lee;dixon;41;m;b;durham;sugar pine;3200;27713;mi
B;G003256;1706;elijah;lee;dixon;41;m;b;charlotte;knothole;504;28214;mi
B;G001149;1707;joshua;adam;rollins;33;m;w;harrisburg;willow;729;28075;nc
A;G001149;1708;joshua;adam;rollins;33;m;w;charlotte;founders club;7104;28269;nc
A;G004929;1709;danny;lee;eakle;49;m;w;charlotte;south;1100;28203;wv
B;G004929;1710;danny;lee;eakle;49;m;w;marshville;dusty;5006;28103;oh
A;G003771;1711;latifah;arnice;mcdougald;28;f;b;spring lake;betty;28;28390;nc
B;G003771;1712;latifah;arnice;mcdougald;28;f;b;laurinburg;grant;329;28352;nc
B;G003571;1713;james;evan;hughes;22;m;w;kernersville;michael;520;27284;wv
A;G003571;1714;james;evan;hughes;22;m;w;charlotte;windward;13416;28278;wv
A;G004223;1715;antione;depric;berry;35;m;b;clayton;hillcrest;116;27520;md
B;G004223;1716;antione;depric;berry;35;m;b;cary;maynard summit;122;27511;md
B;G001441;1717;ruth;brainard;matthews;69;f;w;cedar point;ash;130;28584;nc
A;G001441;1718;ruth;brainard;matthews;69;f;w;swansboro;creekside woods;14;28584;nc
A;G000396;1719;melinda;kay;edge;35;f;w;calabash;south crow creek;395;28467;md
B;G000396;1720;melinda;kay;edge;35;f;w;new bern;montgomery;2502;28562;
B;G005249;1721;jennifer;brown;hare;57;f;w;troy;floyd farm;569;27371;nc
A;G005249;1722;jennifer;brown;christy;57;f;w;china grove;shue;406;28023;
A;G003048;1723;william;joseph;stager;71;m;w;chapel hill;forest glen;29;27517;oh
B;G003048;1724;william;joseph;stager;71;m;w;raleigh;avent;1017;27606;oh
B;G005769;1725;julia;ann;graves;43;f;m;washington;9th;805;27889;
A;G005769;1726;julia;ann;graves;43;f;b;greenville;manhattan;207;27834;ny
B;G004997;1727;aubrey;jon richard;elam;20;m;w;charlotte;morrowick;5019;28226;
A;G004997;1728;aubrey;jonrichard;elam;20;m;w;boone;pine;305;28607;nc
B;G000926;1729;amanda;louise;dula;34;f;w;hickory;county line;8725;28602;wv
A;G000926;1730;amanda;louise;evans;34;f;w;hickory;9th;437;28602;wv
B;G005248;1731;colleen;suzanne;clark;54;f;w;troy;hollyberry;136;27371;ga
A;G005248;1732;colleen;suzzanne;clark;54;f;w;midland;mattie;12408;28107;in
A;G005732;1733;charles;eugene;nurmi;39;m;w;chapel hill;ukiah;208;27514;co
B;G005732;1734;charles;eugene;nurmi;39;m;o;raleigh;flower bed;10910;27614;co
A;G004387;1735;sonya;marlynn;brooker;53;f;w;trenton;briar patch;154;28585;ca
B;G004387;1736;sonya;marlynn;brooker;53;f;w;wilmington;fitzgerald;634;28405;ca
A;G004495;1737;kathy;;keller;59;f;w;denver;golf course;7515;28037;nc
B;G004495;1738;kathy;l;keller;59;f;w;davidson;magnolia;333;28036;nc
B;G004053;1739;rebecca;jo;kaplan;31;f;a;statesville;andes;2548;28625;oc
A;G004053;1740;rebecca;jo;kaplan;31;f;o;charlotte;wendover;748;28211;oc
A;G002978;1741;alexis;sierra;walker;23;f;b;durham;snow hill;1100;27712;nc
B;G002978;1742;alexis;sierra;walker;23;f;b;durham;snow hill;1100;27712;nc
A;G001618;1743;aaron;tanner;mundy;27;m;w;maiden;oak valley;2474;28650;nc
B;G001618;1744;aaron;tanner;mundy;27;m;w;taylorsville;miller point;21;28681;nc
B;G006581;1745;archie;d;king;67;m;w;raleigh;transylvania;500;27609;nc
A;G006581;1746;archie;delmer;king;67;m;w;littleton;cedar pointe;128;27850;nc
B;G002453;1747;linda;margaret;giesecke;67;f;w;fayetteville;saxony;202;28304;ny
A;G002453;1748;linda;margaret;giesecke;67;f;w;clayton;cotton gin;3598;27527;ny
B;G004811;1749;pierre;laclay melvin;adams;35;m;b;charlotte;forestbrook;3127;28208;nc
A;G004811;1750;pierre;laclay melvin;adams;35;m;b;elizabethtown;sand pit;76;28337;nc
B;G003577;1751;joseph;e;layton;80;m;w;pfafftown;transou;3466;27040;nc
A;G003577;1752;joseph;e;layton;80;m;w;king;marshall smith;2066;27021;nc
B;G005026;1753;carrie;leigh rodman;brondyke;41;f;w;charlotte;tall oaks;6500;28210;il
A;G005026;1754;carrie;leigh rodman;brondyke;41;f;w;waxhaw;methodist church;3722;28173;il
B;G001154;1755;todd;lee;drye;34;m;w;concord;retriever;259;28025;nc
A;G001154;1756;todd;lee;drye;34;m;w;whitakers;bellamy mill;14068;27891;nc
A;G002044;1757;christopher;j;maroules;63;m;w;new bern;brices creek;1508;28562;
B;G002044;1758;christopher;;maroules;63;m;w;kinston;sheryl;2901;28504;nc
B;G003414;1759;donald;ray;harrison;52;m;b;rocky mount;tobacco;381;27801;nc
A;G003414;1760;donald;ray;harrison;52;m;b;rocky mount;arlington;153;27801;nc
A;G005200;1761;kathleen;megan;fleming;35;f;w;charlotte;buckingham;4807;28209;fl
B;G005200;1762;kathleen;megan;ratchford;35;f;w;boone;hillside;161;28607;fl
A;G002031;1763;tonja;foye;staton;49;f;b;new bern;ashley;108;28562;nc
B;G002031;1764;tonja;foye;staton;49;f;b;greenville;stantonsburg;5295;27834;nc
B;G000859;1765;olivia;suzanne;vanderelzen;28;u;w;weaverville;shanna;11;28787;nc
A;G000859;1766;olivia;;vanderelzen;28;f;w;marshall;anderson oaks;81;28753;
A;G003263;1767;michele;lea;dew;45;f;w;durham;sherbon;3201;27707;oh
B;G003263;1768;michele;lea;dew;45;f;w;raleigh;golden lantern;6510;27613;oh
B;G001713;1769;william;daniel;crocker;41;m;w;chapel hill;grier;20010;27517;nc
A;G001713;1770;william;daniel;crocker;41;m;w;apex;churchill falls;5006;27539;nc
A;G004982;1771;joseph;carthell;burkett;62;m;w;charlotte;quail ridge;5108;28227;nc
B;G004982;1772;joseph;carthell;burkett;62;m;w;mt gilead;seneca;103;27306;fl
A;G002850;1773;william;mark;hodan;46;m;w;durham;waterford valley;4301;27713;mi
B;G002850;1774;william;mark;hodan;46;m;w;cary;esquire;103;27513;mi
B;G002631;1775;talise;monet;fulmore;29;f;b;thomasville;albertson;221;27360;nc
A;G002631;1776;talise;monet;fulmore;29;f;b;durham;meadowcrest;18;27703;nc
B;G004429;1777;marlene;robbins;walsh;80;f;w;sanford;chisholm;104;27330;ny
A;G004429;1778;marlene;robbins;walsh;80;f;w;carthage;mcneill;820;28327;ny
B;G000586;1779;matthew;erik;silver;23;m;w;asheville;merrills cove;863;28803;co
A;G000586;1780;matthew;erik;silver;23;m;w;cullowhee;central;554;28723;co
B;G005397;1781;nicholas;gregory;gianoplus;20;m;w;wrightsville beach;lumina;101;28480;nc
A;G005397;1782;nicholas;gregory;gianoplus;20;u;u;raleigh;hillsborough;1301;27605;
B;G004341;1783;gay;belinda;grandison;48;f;b;clayton;beechleaf;24;27520;oh
A;G004341;1784;gay;belinda;grandison;48;f;b;raleigh;elmwood view;2612;27614;oh
B;G000983;1785;joseph;emidio;strefezza;42;m;w;concord;erinbrook;6780;28025;ny
A;G000983;1786;joseph;emido;strefezza;42;m;w;charlotte;prindle lake;7736;28227;ny
A;G006460;1787;rocco;steven;strazzella;44;m;w;cary;bordeaux;304;27511;nj
B;G006460;1788;rocco;steven;strazzella;44;m;w;cary;reinhold;104;27513;nj
B;G003853;1789;james;eddie;brooks;69;m;w;clyde;northwood;222;28721;oh
A;G003853;1790;james;eddie;brooks;69;m;w;balsam;hutchinson;287;28707;oh
B;G005652;1791;chavarro;daworski;floyd;41;m;b;chapel hill;misty woods;103;27514;al
A;G005652;1792;chavarro;;floyd;41;m;u;raleigh;kedvale;2116;27617;
B;G000630;1793;verba;stamey;brister;60;f;w;candler;redmond hill;19;28715;nc
A;G000630;1794;verba;stamey;brister;60;f;w;clyde;wild cherry;52;28721;nc
A;G004515;1795;cynthia;marie;norman;50;f;w;denver;ashley;4676;28037;
B;G004515;1796;cynthia;m;norman;50;f;w;charlotte;haymarket;12317;28214;nc
A;G001098;1797;robert;joseph;gibson;68;m;w;concord;storybook;9640;28027;nj
B;G001098;1798;robert;j;gibson;68;m;w;matthews;kilkenney hill;2219;28105;nj
A;G002590;1799;terri;spencer;henderson;56;f;w;new london;nc highway 49;2057;28127;va
B;G002590;1800;terri;spencer;henderson;56;f;w;new london;nc highway 49;2057;28127;va
B;G003398;1801;brenda;;stokes;60;f;b;whitakers;cutchin;305;27891;nc
A;G003398;1802;brenda;j;stokes;60;f;b;rocky mount;travis;1904;27804;nc
B;G001956;1803;angela;denise;legette;59;f;b;whiteville;mill stream;116;28472;ny
A;G001956;1804;angela;denise;legette;59;f;b;fayetteville;apache;220;28303;ny
A;G000784;1805;john;david;patterson;46;m;w;alexander;white thorn;53;28701;oh
B;G000784;1806;john;david;patterson;46;m;w;mars hill;oak;78;28754;oh
A;G000569;1807;apryl;turner;frady;38;f;w;asheville;clubhouse;10;28803;nc
B;G000569;1808;apryl;dawn;turner;38;f;w;east flat rock;mine gap;101;28726;nc
A;G005378;1809;donnie;eugene;clark;44;m;w;battleboro;wollett mill;4617;27809;nc
B;G005378;1810;donnie;eugene;clark;44;m;w;washington;voice of america;2430;27889;nc
B;G005274;1811;cassandra;lashawn;williams;38;f;u;vass;allyson;3;28394;
A;G005274;1812;cassandra;lashawn;williams;38;f;b;goldsboro;us 13;3548;27534;nc
A;G003324;1813;julius;antonio;stokes;42;m;b;durham;newby;4524;27704;nc
B;G003324;1814;julius;antonio;stokes;42;m;b;wilmington;church;1505;28401;nc
B;G004093;1815;chantel;elaine;akers;31;f;b;mooresville;piedmont pointe;190;28115;nc
A;G004093;1816;chantel;elaine;akers;31;f;b;wingate;main;205;28174;nc
B;G003075;1817;ruth;elizabeth;jaworski;45;f;w;durham;rolling meadows;5002;27703;nc
A;G003075;1818;ruth;elizabeth;jaworski;45;f;w;cary;new rail;403;27513;nc
A;G002138;1819;rae;n;welsh;74;f;w;fayetteville;clarendon;906;28305;nc
B;G002138;1820;rae;;welsh;74;f;w;fayetteville;ancestry;1001;28304;nc
A;G000092;1821;jerry;nolan;thomas;75;m;w;burlington;barham;1123;27215;nc
B;G000092;1822;jerry;nolan;thomas;75;m;w;raleigh;basketweave;12323;27614;nc
A;G001341;1823;megan;courtney;deal;27;f;w;granite falls;westwood;5408;28630;
B;G001341;1824;megan;courtney;williams;27;f;w;indian trail;oconnell;4161;28079;nc
A;G004110;1825;lori;lynn;caffey;49;f;w;west jefferson;old obids;714;28694;pa
B;G004110;1826;lori;lynne;caffey;49;f;w;crumpler;guy neaves;230;28617;pa
A;G004781;1827;thomas;j;reese;75;m;w;charlotte;oakmeade;2607;28270;pa
B;G004781;1828;thomas;j;reese;75;m;w;matthews;kings manor;3012;28104;pa
A;G000428;1829;margaret;mary;isbell;55;f;w;leland;lincoln place;101;28451;mi
B;G000428;1830;margaret;mary;isbell;55;f;w;wilmington;tesla park;4514;28412;mi
B;G002104;1831;laurie;morgan;howard;21;f;w;new bern;hoods creek;2011;28562;nc
A;G002104;1832;laurie;;howard;21;u;u;raleigh;bothwell;9321;27617;
B;G002224;1833;lester;leroy;marois;66;m;w;fayetteville;wimbledon;6805;28314;oh
A;G002224;1834;lester;leroy;marois;66;m;w;raleigh;waterford club;4811;27612;oh
A;G004253;1835;kathleen;margaret;capps;63;f;w;princeton;rains mill;1391;27569;vt
B;G004253;1836;kathleen;margaret;robinson;63;f;w;wilson;wynfall;3018;27893;vt
B;G005247;1837;undre;dajuan;ross;45;m;b;candor;dry creek;746;27229;nj
A;G005247;1838;undre;dajuan;ross;45;m;b;reidsville;lawndale;806;27320;nj
B;G001285;1839;timothy;scott;woody;40;m;w;concord;goldeneye;3868;28025;nc
A;G001285;1840;timothy;scott;woody;40;m;w;stanfield;party;9622;28163;nc
B;G005222;1841;jason;stuart;lubeznik;33;m;w;charlotte;aronomink;6738;28210;va
A;G005222;1842;jason;stuart;lubeznik;33;m;w;boone;eggers dorm;0;28608;va
B;G000097;1843;mandrell;edward;davis;28;m;b;burlington;park;315;27217;nc
A;G000097;1844;mandrell;edward;davis;28;m;b;burlington;graham;921;27217;nc
B;G005394;1845;marcus;weston;dellinger;23;u;u;wilmington;kerr;522;28403;
A;G005394;1846;marcus;weston;dellinger;23;m;w;matthews;stirrup;7111;28104;nc
A;G002965;1847;crystal;;hunter;31;f;b;durham;slateworth;1000;27703;va
B;G002965;1848;crystal;laundres;hunter;31;f;b;raleigh;meredith anne;435;27606;va
B;G005230;1849;anita;sue;brandau;51;f;i;charlotte;santa lucia;14823;28277;nc
A;G005230;1850;anita;sue;brandau;51;f;i;waxhaw;shaker pond;8015;28173;
B;G003235;1851;elisabeth;kiser;jones;38;f;w;durham;westover;3510;27707;nc
A;G003235;1852;elisabeth;kiser;jones;38;f;w;holly springs;wanderview;601;27540;nc
B;G001460;1853;areial;gayle;arnold;26;f;w;cedar point;boat landing;120;28584;nc
A;G001460;1854;areial;gayle;arnold;26;f;w;salisbury;pickler;255;28144;nc
B;G002229;1855;juliet;lopez;mayoras;52;f;o;fayetteville;mirror lake;2425;28303;ca
A;G002229;1856;juliet;lopez;mayoras;52;f;w;fayetteville;mirror lake;2425;28303;ca
A;G004570;1857;aleesa;joyner;jones;26;f;w;jamesville;lee holliday;1635;27846;nc
B;G004570;1858;aleesa;jones;sawyer;26;f;w;columbia;vanhorne;247;27925;nc
B;G003899;1859;nicole;walker;parker;40;f;w;mills river;rockbridge;243;28759;la
A;G003899;1860;nicole;walker;parker;40;f;w;brevard;sega;32;28712;la
A;G003676;1861;rusty;lee;west;32;m;w;kernersville;stanley farm;121;27284;nc
B;G003676;1862;rusty;lee;west;32;m;w;belews creek;terrence knoll;6930;27009;nc
B;G002806;1863;amy;campbell;parsons;54;f;w;kenansville;duplin country club;103;28349;dc
A;G002806;1864;amy;campbell;parsons;54;f;w;pinehurst;sawmill;20;28374;dc
B;G002447;1865;chet;heath;steen;45;u;w;fayetteville;eaglecrest;3041;28306;tx
A;G002447;1866;chet;heath;steen;45;m;w;wilmington;winter moss;2118;28411;fl
B;G004593;1867;abby;michelle;brown;25;f;w;williamston;prison camp;6761;27892;nc
A;G004593;1868;abby;michelle;brown;25;f;w;winterville;winterfield;888;28590;nc
A;G001749;1869;molly;colleen;luby;44;f;w;sanford;woody dam;947;27330;
B;G001749;1870;molly;colleen;luby;44;f;w;ramseur;pleasant ridge;1423;27316;fl
A;G005377;1871;kenneth;douglas;davidson;51;m;w;sims;old smithfield;15821;27880;ga
B;G005377;1872;kenneth;douglas;davidson;51;m;w;sims;williams;6895;27880;ga
A;G000219;1873;bobby;ray;horne;67;m;b;burlington;sherry;22;27215;nc
B;G000219;1874;bobby;ray;horne;67;m;b;raleigh;davie;1015;27601;nc
B;G005439;1875;phyllis;thompson;yow;70;f;w;wilmington;jamaica;105;28401;nc
A;G005439;1876;phyllis;thompson;yow;70;f;w;norwood;south stanly school;33563;28128;nc
A;G006209;1877;tommy;jackson;rucker;63;m;w;elkin;elk court;150;28621;nc
B;G006209;1878;tommy;jackson;rucker;63;m;w;yadkinville;baity;3116;27055;nc
B;G001033;1879;patricia;ann;radney;60;f;w;mount pleasant;walker;2415;28124;
A;G001033;1880;patricia;ann;radney;60;f;w;norwood;pee dee;444;28128;la
B;G003267;1881;daun;jvon;brown;37;f;b;durham;bassett hall;210;27713;va
A;G003267;1882;daun;jvon;brown;37;f;b;raleigh;orwin manor;10805;27617;va
B;G003886;1883;david;leroy;smith;79;m;w;hendersonville;june;1;28792;me
A;G003886;1884;david;leroy;smith;79;m;w;salisbury;stafford estates;267;28146;me
B;G001666;1885;margaret;louise;mills;41;f;w;conover;mays;5234;28613;ma
A;G001666;1886;margaret;louise;mills;41;f;w;mocksville;wandering;166;27028;ma
B;G004072;1887;marcus;;washington;45;m;b;statesville;meadow rue;3126;28625;
A;G004072;1888;marcus;ashton;washington;45;m;b;clinton;challenge club;98;28328;mi
B;G004159;1889;david;jonathan;tear;39;m;w;zebulon;morgan;127;27597;mi
A;G004159;1890;david;jonathan;tear;39;m;w;raleigh;kennington park;14113;27614;mi
B;G004061;1891;david;scott;adams;65;m;w;mooresville;oasis;122;28117;oh
A;G004061;1892;david;scott;adams;65;m;w;davidson;robert walker;13267;28036;oh
B;G004853;1893;patricia;s;stalnaker;61;f;w;charlotte;brianton;5402;28226;mi
A;G004853;1894;patricia;sue;zahn;61;f;w;matthews;blarney;956;28104;mi
A;G000731;1895;debra;ann;gann;40;f;w;fletcher;matthews;7;28732;nc
B;G000731;1896;debra;ann;gann;40;f;w;hendersonville;dawley;99;28791;nc
A;G000287;1897;wiley;truett;brooks;66;m;w;ocean isle beach;castlebrook;6453;28469;nc
B;G000287;1898;wiley;truett;brooks;66;m;w;lake toxaway;resorts;20;28747;nc
A;G000094;1899;rosemary;ann;lentzen;75;f;w;burlington;wade coble;3749;27215;nc
B;G000094;1900;rosemary;ann;lentzen;75;f;w;siler city;dogwood;303;27344;nc
A;G001298;1901;frank;charles;revels;68;m;w;harrisburg;piccadily;8613;28075;
B;G001298;1902;frank;charles;revels;68;m;w;boone;raven rock;498;28607;nc
B;G005018;1903;ross;f;brigman;90;m;w;charlotte;denning;665;28227;nc
A;G005018;1904;ross;fuller;brigman;90;m;u;matthews;fox run;3816;28104;nc
A;G002954;1905;susan;marie;mrache;62;f;w;durham;woodway club;1501;27713;mn
B;G002954;1906;elyse;linden;mrache;32;f;w;durham;winterberry ridge;307;27713;mn
B;G002815;1907;sherri;creel;king;33;f;w;pink hill;bill sutton;878;28572;nc
A;G002815;1908;sherri;creel;king;33;f;w;deep run;tyndall williams;3135;28525;nc
B;G001022;1909;peter;;carlyle;43;m;w;concord;ridgewood;1301;28027;me
A;G001022;1910;peter;;carlyle;43;m;w;kannapolis;danlow;121;28081;me
A;G002157;1911;marquita;shena;wells;38;f;b;fayetteville;cumberland creek;2520;28306;nc
B;G002157;1912;marquita;shena;wells;38;f;b;raeford;stone gate;7206;28376;nc
B;G001249;1913;barbara;pearson;glascoe;51;f;b;concord;arrowhead;1082;28025;nc
A;G001249;1914;barbara;pearson;glascoe;51;f;b;mt pleasant;finger;34927;28124;nc
B;G001310;1915;andrew;edward;elseman;35;m;w;davidson;traders;10766;28036;ia
A;G001310;1916;andy;;elseman;35;m;w;huntersville;newstead;12509;28078;ia
A;G003336;1917;rosemary;kavanagh;mclaughlin;66;f;w;durham;minuteman;8;27705;oc
B;G003336;1918;rosemary;kavanagh;mclaughlin;66;f;w;hillsborough;miller;1700;27278;oc
B;G006085;1919;kathryn;michael;burleson;37;f;w;eden;maplewood;337;27288;nc
A;G006085;1920;kathryn;burleson;womble;37;f;w;morrisville;shining wire;959;27560;nc
B;G001699;1921;tiffany;ann;hammonds;31;f;w;hickory;kool park;3103;28601;oh
A;G001699;1922;tiffany;ann;hammonds;31;f;w;taylorsville;basin creek;28;28681;oh
A;G004368;1923;james;herrill;bryan;35;m;w;four oaks;pine;416;27524;nc
B;G004368;1924;james;herrill;bryan;35;m;w;newton grove;maple grove church;44;28366;nc
B;G001037;1925;jasmine;janay;rucker;29;f;b;concord;small;340;28027;nc
A;G001037;1926;jasmine;janay;rucker;29;f;b;kannapolis;akron;110;28081;nc
A;G006282;1927;geneva;d;davis;88;f;b;henderson;parkview;230;27536;
B;G006282;1928;geneva;d;davis;88;f;b;norlina;davis hyman;111;27563;nc
A;G000561;1929;jaslyn;tiara ilene;russell;32;f;b;black mountain;college;201;28711;nc
B;G000561;1930;jaslyn;tiara ilene;russell;32;f;b;old fort;oakdale;93;28762;nc
A;G001778;1931;sean;michael;dillon;27;m;w;chapel hill;cedar lake;618;27516;pa
B;G001778;1932;sean;michael;dillon;27;m;w;chapel hill;mcmasters;101;27516;pa
B;G004527;1933;noah;ryan;cooper;19;m;w;cherryville;highway 274;863;28021;nc
A;G004527;1934;noah;ryan;cooper;19;m;w;asheboro;old liberty;1208;27203;nc
B;G004367;1935;lisa;strum;allen;56;f;w;selma;walnut;105;27576;va
A;G004367;1936;lisa;strum;allen;56;f;w;nashville;nc 58;7335;27856;va
B;G002977;1937;jennifer;lenora;stutzman;37;f;w;durham;carver;4117;27712;ca
A;G002977;1938;jennifer;lenora;stutzman;37;f;w;raleigh;meredith anne;524;27606;ca
B;G001271;1939;kyle;ian;hansen;32;m;w;kannapolis;isenhour;4619;28081;tx
A;G001271;1940;kyle;ian;hansen;32;m;w;charlotte;amberly;5904;28213;tx
A;G000932;1941;david;lee;revis;67;m;w;morganton;bryant;475;28655;
B;G000932;1942;david;l;revis;67;m;w;marion;fairview;1801;28752;nc
B;G005722;1943;robert;scott;mcclellan;60;m;w;chapel hill;tripp farm;218;27516;va
A;G005722;1944;robert;scott;mcclellan;60;m;w;cary;honeysuckle;200;27513;va
A;G004410;1945;sherry;jalynn;mcdonald;50;f;w;sanford;morning star;421;27330;nc
B;G004410;1946;sherry;jalynn;mcdonald;50;f;w;wilmington;echo farms;3815;28412;
A;G004892;1947;salvatore;;laterra;97;m;w;pineville;dorman;12920;28134;ny
B;G004892;1948;salvatore;;laterra;97;m;w;waxhaw;mockingbird;7306;28173;ny
A;G005694;1949;aqeelah;bint haneef;tarver;24;f;b;carrboro;bim;118;27510;ny
B;G005694;1950;aqueelah;bint haneef;tarver;24;f;b;raleigh;oak run;503;27606;ny
A;G000910;1951;allison;elizabeth;joseph;26;f;w;hickory;paige;7365;28602;ny
B;G000910;1952;allison;elizabeth;joseph;26;f;w;pineville;darington;13824;28134;ny
B;G002910;1953;stephanie;jane;tepper;24;f;w;durham;colony;3084;27705;nj
A;G002910;1954;stephanie;jane;tepper;24;f;u;chapel hill;mccauley;235;27516;
A;G005802;1955;dustin;james;luton;31;m;w;elizabeth city;tuscarora;905;27909;nc
B;G005802;1956;dustin;james;luton;31;m;w;columbia;water;107;27925;nc
A;G004977;1957;vanessa;blise;venning;50;f;b;charlotte;plum creek;10317;28210;ga
B;G004977;1958;vanessa;elise;venning;50;f;b;raleigh;brown owl;1701;27610;ga
A;G003572;1959;kimberly;ward;sturman;51;f;w;winston salem;old pfafftown;3540;27106;ut
B;G003572;1960;kimberly;ward;sturman;51;f;w;charlotte;deer spring;9307;28210;ut
A;G000197;1961;machara;jo nae;street;19;f;b;graham;ivey;1087;27253;nc
B;G000197;1962;machara;jo nae;street;19;f;b;boone;stadium justice dorm;189;28608;nc
A;G003855;1963;thomas;alvin;butler;49;m;w;waynesville;crestmont;463;28786;nc
B;G003855;1964;thomas;alvin;butler;49;m;u;wake forest;reindeer moss;8616;27587;nc
A;G004796;1965;pleshatta;lanesse;miller;35;f;b;charlotte;19th;424;28206;
B;G004796;1966;pleshetta;shanesse;miller;35;f;b;charlotte;19th;424;28206;nc
A;G002664;1967;joseph;patrick;needles;54;m;w;thomasville;edgewood;519;27360;ca
B;G002664;1968;joseph;patrick;needles;54;m;u;archdale;old thomasville;5633;27263;ca
B;G003377;1969;john;herbert;carter;59;u;u;durham;october;2061;27703;
A;G003377;1970;john;herbert;carter;59;m;b;raleigh;krume;7315;27613;dc
A;G001221;1971;jared;bruce;thompson;29;m;u;concord;falcon chase;4601;28027;al
B;G001221;1972;jared;bruce;thompson;29;u;u;charlotte;ainsworth;8426;28216;al
B;G002672;1973;jessica;elizabeth;hargett;26;f;w;lexington;lingle farm;1074;27295;nc
A;G002672;1974;jessica;elizabeth;hargett;26;f;w;mooresville;town;126;28117;nc
B;G003122;1975;kent;robert;lytle;29;m;w;durham;highgate;4600;27713;ny
A;G003122;1976;kent;robert;lytle;29;m;w;hillsborough;shady glen;6300;27278;ny
A;G002280;1977;gabrielle;latricie;james;23;f;b;fayetteville;flanagan;2224;28304;wa
B;G002280;1978;gabrielle;;james;23;f;b;pembroke;prospect;490;28372;dc
B;G003736;1979;christopher;eugene;stewart;51;m;w;kernersville;amylee;1356;27284;nc
A;G003736;1980;christopher;eugene;stewart;51;m;w;raleigh;virginia;3905;27610;nc
A;G003697;1981;kristen;wooten;erdman;47;f;w;clemmons;ammons;1845;27012;wv
B;G003697;1982;kristen;wooten;erdman;47;f;w;apex;dutch elm;5225;27539;wv
A;G002918;1983;tamara;a;reichert;59;f;w;durham;newquay;2614;27705;oh
B;G002918;1984;tamara;reichert;shaw;59;f;w;rougemont;creekside;222;27572;oh
A;G006622;1985;patrick;nolan;belk;46;u;w;boone;jesse brown;235;28607;
B;G006622;1986;patrick;nolan;belk;46;m;w;north wilkesboro;peden;606;28659;nc
A;G005241;1987;daniel;;everhart;32;m;w;charlotte;davidson;3310;28205;
B;G005241;1988;daniel;christian;everhart;32;m;w;asheboro;anchor;176;27205;nc
B;G002232;1989;juan;m;guzman;31;m;u;fayetteville;kinkead;4438;28314;
A;G002232;1990;juan;m;guzman;31;m;u;charlotte;kelden walker;5717;28269;
A;G001263;1991;marjorie;ellen;weiland;61;f;w;concord;mark;1516;28025;nj
B;G001263;1992;marjorie;ellen;weiland;61;f;w;charlotte;prescott;5710;28269;nj
A;G003195;1993;ivy;gould;fowler;59;f;w;durham;culpepper;304;27712;nj
B;G003195;1994;ivy;gould;fowler;59;f;w;wilmington;royal palm;2502;28409;nj
B;G002935;1995;quistina;cherrell;cheek;47;f;i;durham;rippling stream;229;27704;nc
A;G002935;1996;quistina;cherrell;cheek;47;f;b;durham;main;2206;27703;nc
B;G000699;1997;montoya;denise;maxwell;29;f;b;asheville;klondyke;82;28801;nc
A;G000699;1998;montoya;denise;maxwell;29;f;b;forest city;piney ridge;1496;28043;nc
A;G004927;1999;william;winston;bullock;55;m;w;charlotte;loch;2701;28226;nc
B;G004927;2000;william;winston;bullock;55;m;w;raleigh;redbud;3431;27607;nc
B;G002337;2001;joyce;cross;alford;73;f;b;fayetteville;graham;2560;28304;
A;G002337;2002;joyce;cross;alford;73;f;b;fayetteville;graham;2520;28304;ms
B;G001346;2003;angela;lail;yi;46;f;w;hudson;meadowood;679;28638;nc
A;G001346;2004;angela;lail;yi;46;f;w;hickory;14th av;1215;28601;nc
B;G002251;2005;sabrina;zabline;bennett;45;f;b;fayetteville;galveston;4937;28303;nc
A;G002251;2006;sabrina;zabline;bennett;45;f;b;jackson springs;water oak;132;27281;nc
A;G000556;2007;matthew;adam;toms;33;m;w;asheville;north ridge;106;28804;nc
B;G000556;2008;matthew;adam;toms;33;m;w;charlotte;ivy meadow;1610;28213;nc
A;G002195;2009;andrea;ruth;tam;70;f;w;spring lake;wilderness;1209;28390;nc
B;G002195;2010;andrea;ruth;tam;70;f;w;statesville;heronwood;286;28677;nc
B;G000377;2011;martin;b;comuzie;40;m;w;shallotte;shell point;2784;28470;wv
A;G000377;2012;martin;bradford;comuzie;40;m;w;mebane;cummings;7507;27302;wv
A;G000860;2013;caitlin;marie;vorst;30;f;w;fairview;secretariat;311;28730;il
B;G000860;2014;caitlin;marie;banks;30;f;u;cary;trafalgar;134;27513;il
A;G001135;2015;kristina;leigh;holcomb;40;f;w;kannapolis;stratton;1974;28081;
B;G001135;2016;kristina;holcomb;huntsberger;40;f;w;denver;blackwood;7982;28037;nc
A;G001012;2017;gordon;al;edwards;84;m;w;concord;branchview;240;28025;vi
B;G001012;2018;gordon;alexander;edwards;84;m;w;charlotte;reafield;6312;28226;
A;G005451;2019;geraldine;teresa;rabaglia;67;f;w;wilmington;porters neck;813;28411;ny
B;G005451;2020;geraldine;teresa;rabaglia;67;f;w;wilmington;halyburton memorial;155;28412;ny
B;G006150;2021;meredith;kay;boyette;33;f;w;clinton;carr church;705;28328;nc
A;G006150;2022;meredith;boyette;hill;33;f;w;raleigh;reedy ridge;8462;27613;nc
B;G006562;2023;michael;dewitt;waters;47;m;w;cary;sienna hill;3504;27519;ny
A;G006562;2024;michael;d;waters;47;m;w;holly springs;stone hedge;224;27540;ny
B;G004998;2025;stephanie;boatemaa;ntim;21;f;b;cornelius;pennington;17404;28031;ny
A;G004998;2026;stephanie;boatmaa;ntim;21;f;b;waxhaw;funny cide;1506;28173;
B;G001182;2027;sandra;susan;andrus;47;f;w;harrisburg;savannah;8727;28075;ny
A;G001182;2028;sandra;susan;morici;47;f;w;charlotte;owen;1121;28213;ny
B;G000386;2029;river;matthew;granton;23;m;w;calabash;terri s landing;9244;28467;sc
A;G000386;2030;river;matthew;granton;23;m;w;wilmington;covey;1605;28411;sc
B;G005604;2031;patricia;ann;kramer;54;f;w;jacksonville;estate;305;28540;nj
A;G005604;2032;patricia;ann;duling;54;f;w;raleigh;winding bluffs;5027;27613;nj
A;G002115;2033;benjamin;scott;walther;37;m;w;fort bragg;grimes;108;28307;mn
B;G002115;2034;benjamin;scott;walther;37;m;w;wilmington;exuma;4563;28412;mn
A;G003782;2035;james;allen;grace;68;m;w;cameron;morganton;129;28326;ny
B;G003782;2036;james;allen;grace;68;m;w;sanford;irish;1827;27332;ny
A;G000773;2037;billie;marie;lowery;70;f;w;weaverville;reeves;18;28787;ks
B;G000773;2038;billie;marie;lowery;70;f;w;hendersonville;bluebonnet;0;28791;ks
B;G000131;2039;david;stewart;sutter;57;m;w;burlington;blanche;2420;27215;mi
A;G000131;2040;david;s;sutter;57;m;w;advance;renee;130;27006;
A;G005239;2041;john;james;lanze;56;m;w;charlotte;fort;2541;28205;ny
B;G005239;2042;john;james;lanze;56;m;w;cary;hampton valley;1313;27511;ny
B;G005029;2043;charles;eric;chandler;43;m;b;charlotte;wills;4407;28227;ny
A;G005029;2044;charles;eric;chandler;43;m;b;matthews;macraes;606;28104;ny
A;G000501;2045;brenda;l;wade;55;f;w;asheville;governors view;162;28805;
B;G000501;2046;brenda;lee;wade;55;f;w;maggie valley;lewis;179;28751;oh
B;G000903;2047;jacquelyn;sue;price;60;f;w;morganton;erwin;114;28655;nc
A;G000903;2048;jacquelyn;sue;price;60;f;w;huntersville;church;111;28078;ky
A;G005169;2049;robert;michael;wint;57;m;w;charlotte;kilberry;6705;28277;pa
B;G005169;2050;robert;michael;wint;57;m;w;matthews;song sparrow;3701;28104;pa
B;G002154;2051;christopher;alodjuwan;bass;32;m;b;fayetteville;brussels;6316;28304;sc
A;G002154;2052;christopher;olodjuwan;bass;32;m;b;fayetteville;northumberland;409;28314;sc
A;G003237;2053;emily;jeanne;blanchard;30;f;w;durham;campus walk;2750;27705;oh
B;G003237;2054;emily;;blanchard;30;f;u;cary;talking rock;1736;27519;
B;G001504;2055;katherine;victoria;barthel;20;f;w;newport;kelly;1414;28570;
A;G001504;2056;katherine;victoria;barthel;20;f;w;greenville;jones hall;223;27858;
A;G000865;2057;harlan;roger;tallman;74;m;w;fletcher;carter crest;2;28732;wv
B;G000865;2058;harlan;roger;tallman;74;m;w;fletcher;red barn;32;28732;wv
B;G002055;2059;kathryn;hopkins;benson;29;f;w;new bern;egret;403;28562;oh
A;G002055;2060;kathryn;hopkins;benson;29;f;w;raleigh;terra verde;6311;27609;oh
A;G005233;2061;douglas;mclean;mcgarry;29;m;o;charlotte;doncaster;5310;28211;nc
B;G005233;2062;douglas;mclean;mcgarry;29;m;u;raleigh;fraternity;2409;27606;nc
B;G004187;2063;johnny;virl;hughes;49;m;w;willow springs;sophia;80;27592;ga
A;G004187;2064;johnny;virl;hughes;49;m;w;raleigh;tawny view;1305;27603;ga
B;G005344;2065;aaron;lawrence;crisafulli;33;m;w;rocky mount;new haven;3424;27804;nc
A;G005344;2066;aaron;lawrence;crisafulli;33;m;w;apex;riley oaks;109;27539;nc
A;G000755;2067;sarah;henry;wickers;39;f;w;candler;glady;10;28715;fl
B;G000755;2068;sarah;loranna;henry;39;f;w;candler;glady;6;28715;
B;G001561;2069;jessica;shan;perz;31;f;w;hickory;23rd av;2468;28601;nc
A;G001561;2070;jessica;shan;perz;31;f;w;chapel hill;elderberry;201;27517;nc
A;G000981;2071;emogene;mitchell;butler;91;f;w;charlotte;asheby;7900;28213;nc
B;G000981;2072;emogene;m;butler;91;f;w;charlotte;sardis;5012;28270;
B;G001413;2073;matthew;vincent;delsignor;32;m;w;morehead city;country club;4600;28557;fl
A;G001413;2074;matthew;vincent;delsignore;32;m;w;chapel hill;smith level;1629;27516;fl
B;G004311;2075;george;thomas;white;63;m;b;garner;bornean;67;27529;ms
A;G004311;2076;george;thomas;white;63;m;b;raleigh;beverly;706;27610;ms
B;G001127;2077;cheryl;anne;bowker;58;f;w;concord;waterview;610;28027;ma
A;G001127;2078;cheryl;anne;bowker;58;f;w;charlotte;east lake;10807;28215;
A;G002600;2079;kristi;carlin;shoaf;32;f;w;clemmons;mallard landing;309;27012;nc
B;G002600;2080;kristi;carlin;shoaf;32;f;w;winston salem;paragon;1620;27127;nc
B;G004108;2081;shana;elaine;heustess;40;f;w;west jefferson;spruce;600;28694;ny
A;G004108;2082;shana;elaine;walser;40;f;w;millers creek;boone trl;3270;28651;ny
B;G001651;2083;jerry;lee;eckard;70;m;w;sherrills ford;little mountain;6777;28673;
A;G001651;2084;jerry;lee;eckard;70;m;w;lincolnton;poplar;308;28092;nc
B;G000994;2085;carlos;alberto;godinez;23;m;w;kannapolis;leonard;700;28081;nc
A;G000994;2086;carlos;alberto;godinez;23;m;o;east spencer;spencer;110;28039;ca
B;G002425;2087;jeffery;keith;thomas;47;m;w;linden;durant nixon;9168;28356;va
A;G002425;2088;jeffery;keith;thomas;47;m;w;dunn;blackman;1847;28334;va
A;G000696;2089;ernest;charles;drake;60;u;u;arden;cranbrook;1109;28704;
B;G000696;2090;ernest;charles;drake;60;m;w;hendersonville;overlook;314;28739;nc
A;G002093;2091;barry;hensley;hattaway;55;m;w;new bern;satterfield;411;28560;ga
B;G002093;2092;barry;hensley;hattaway;55;u;u;holly ridge;gelynda;214;28445;
A;G003890;2093;ellen;doolittle;maday;69;f;w;hendersonville;scarlet oak;205;28791;nj
B;G003890;2094;ellen;doolittle;maday;69;f;w;charlotte;church;400;28202;nj
B;G005565;2095;george;lundy;sadler;38;m;w;woodland;mulberry;220;27897;
A;G005565;2096;george;lundy;sadler;38;m;w;greenville;breezewood;101;27858;nc
B;G004975;2097;rajani;thellapalli;reddy;47;f;a;matthews;candlewood ridge;1626;28105;oc
A;G004975;2098;rajani;thellapalli;reddy;47;f;a;indian trail;elk;3704;28079;oc
A;G002118;2099;rashauna;lynique;bethea;32;f;b;fayetteville;skyline;1226;28314;nc
B;G002118;2100;rashauna;lynique;bethea;32;f;b;raeford;yellowstone;163;28376;nc
B;G004706;2101;nalinbhai;manilal;patel;51;m;o;huntersville;autumn cove;16307;28078;oc
A;G004706;2102;nalinbhai;manilal;patel;51;m;o;elizabeth city;chancey;133;27909;oc
A;G004384;2103;teri;lynn;morris;42;f;w;trenton;nc hwy 41;1069;28585;va
B;G004384;2104;teri;howell;mitchell;42;f;w;winterville;corbett;657;28590;va
A;G003151;2105;colin;andrew;lavigne;33;m;w;durham;pegram;13;27703;ia
B;G003151;2106;colin;andrew;lavigne;33;m;w;raleigh;knickerbocker;3900;27612;ia
A;G002820;2107;regina;diane;whaley;70;f;w;warsaw;dogwood;245;28398;nc
B;G002820;2108;regina;d;whaley;70;f;w;hendersonville;victoria park;38;28792;nc
A;G002788;2109;garrett;;beck;20;m;w;mocksville;becktown;592;27028;
B;G002788;2110;garrett;taylor;beck;20;m;u;boone;locust summit dorm;240;28608;nc
A;G001522;2111;rex;wayne;bowman;32;m;w;newport;pine grove;158;28570;hi
B;G001522;2112;rex;wayne;bowman;32;m;w;wilmington;hobart;2902;28405;hi
A;G002626;2113;darren;scott;rippy;51;m;w;clemmons;hampton;7302;27012;nc
B;G002626;2114;darren;scott;rippy;51;m;w;salisbury;ravenwood;1102;28147;nc
A;G003225;2115;perry;marshall;jones;42;m;b;durham;haventree;1208;27713;oc
B;G003225;2116;perry;marshall;jones;42;m;b;cary;pony club;228;27519;oc
B;G002287;2117;brett;michael;gibbens;33;m;w;fayetteville;southwick;417;28303;il
A;G002287;2118;brett;michael;gibbens;33;m;w;raleigh;trillium;1251;27606;il
A;G001534;2119;ernest;gilbert;anderson;61;m;w;yanceyville;court;166;27379;va
B;G001534;2120;ernest;gilbert;anderson;61;f;w;raleigh;wynewood;8313;27616;va
B;G004337;2121;michael;adam;dubinsky;32;m;w;willow springs;sunset ridge;165;27592;ny
A;G004337;2122;michael;adam;dubinsky;32;m;w;raleigh;banks;500;27604;oc
B;G000121;2123;lloyd;ray;gilliam;81;m;w;burlington;crestwell;1093;27215;nc
A;G000121;2124;lloyd;r;gilliam;81;m;w;cary;livingstone;211;27513;nc
A;G004436;2125;brian;jon;reynolds;38;m;w;sanford;cross;208;27330;wa
B;G004436;2126;brian;jon;reynolds;38;m;w;sanford;lightwood;122;27330;wa
A;G004588;2127;detrick;m;woolard;42;m;b;jamesville;nc highway 171;13677;27846;nc
B;G004588;2128;detrick;monteze;woolard;42;m;b;winterville;cheryl;3034;28590;nc
B;G005594;2129;janel;lisa;tolar;35;f;w;jacksonville;dockside;174;28546;ny
A;G005594;2130;janel;lisa;tolar;35;f;w;jacksonville;dockside;174;28546;ny
B;G001484;2131;margie;grissett;tyndall;64;f;w;newport;camp view;703;28570;nc
A;G001484;2132;margie;grissett;tyndall;64;f;w;jacksonville;shenandoah;105;28546;nc
B;G000918;2133;shannon;dale;sigmon;43;u;w;connelly springs;mount harmony;8494;28612;
A;G000918;2134;shannon;dale;sigmon;43;m;w;conover;woodleaf;1836;28613;nc
B;G000695;2135;brenda;jones;frizzell;58;f;w;weaverville;old mars hill;169;28787;
A;G000695;2136;brenda;;frizzell;58;f;w;weaverville;ashleigh grove;28;28787;ky
A;G004748;2137;william;francis;bordsen;33;m;w;charlotte;coronado;4600;28212;in
B;G004748;2138;william;f;bordsen;33;m;w;charlotte;beechknoll;4810;28212;in
B;G002258;2139;christina;marie;scott;40;f;w;fayetteville;morganton;2207;28303;oh
A;G002258;2140;christina;marie;allen;40;f;w;raeford;lochwood;138;28376;oh
A;G004458;2141;shannon;f;foster;47;m;w;kinston;queen;1120;28501;nc
B;G004458;2142;shannon;ferrell;foster;47;u;w;wilmington;front;105;28401;
B;G001677;2143;david;mabry;legrand;33;m;w;hickory;36th;711;28601;nc
A;G001677;2144;david;mabry;legrand;33;m;w;shelby;hunter valley;1016;28150;nc
B;G006111;2145;dorothy;marie;hall;56;f;b;salisbury;woodleaf;2205;28147;nc
A;G006111;2146;dorothy;marie;campbell;56;f;b;salisbury;woodleaf;2205;28147;
B;G005709;2147;miranda;nicole;mcnear;27;f;b;chapel hill;williamson;510;27514;in
A;G005709;2148;miranda;nicole;mcnear;27;f;b;apex;wellonsburg;1015;27502;in
B;G006621;2149;james;michael;vivona;33;m;w;deep gap;elk creek;466;28618;nc
A;G006621;2150;james;michael;vivona;33;m;w;north wilkesboro;baptist home;201;28659;nc
A;G005798;2151;christina;lizotte;daniel;42;f;w;elizabeth city;prince william;601;27909;ma
B;G005798;2152;christina;lizotte;daniel;42;f;w;elizabeth city;olivet;134;27909;me
B;G000568;2153;leslie;klein;newman;34;f;w;arden;spring valley;5;28704;nc
A;G000568;2154;leslie;helen;klein;34;f;w;charlotte;lions mane;11159;28273;nc
B;G000058;2155;tracy;lynn;mack;45;f;w;mebane;tanglewood;110;27302;
A;G000058;2156;tracy;lynn;mack;45;f;w;mebane;mebane airport;1055;27302;oh
A;G004839;2157;joel;david;nelson;35;m;w;charlotte;thompson;15513;28227;nc
B;G004839;2158;joel;david;nelson;35;m;w;monroe;washington;204;28112;nc
B;G002440;2159;christopher;;bridgeman;40;m;b;fort bragg;compass;2861;28307;il
A;G002440;2160;christopher;;bridgeman;40;m;b;raeford;lake ridge;388;28376;
A;G004897;2161;vernon;e;crawford;31;m;b;charlotte;elmwood;6408;28214;
B;G004897;2162;vernon;earl;crawford;31;m;b;charlotte;magnolia hill;3321;28205;
B;G000749;2163;shawn;lee;wheeler;26;m;w;candler;audria;36;28715;fl
A;G000749;2164;shawn;lee;wheeler;26;m;w;candler;audria;36;28715;fl
B;G005955;2165;tina;denise;hutchins;57;f;w;tryon;old owens;72;28782;nc
A;G005955;2166;tina;denise;hutchins;57;f;w;rutherfordton;j hutchins;131;28139;nc
B;G005463;2167;william;james;stanford;31;u;u;wilmington;albemarle;510;28405;
A;G005463;2168;william;james;stanford;31;m;w;carrboro;robert hunt;201;27510;nc
B;G000189;2169;jesse;william;lawless;37;m;w;burlington;whitt;534;27215;va
A;G000189;2170;jesse;william;lawless;37;m;w;providence;foster;4728;27315;va
A;G002972;2171;nicholas;daniel;faber;39;m;w;durham;minuteman;8;27705;va
B;G002972;2172;nicholas;daniel;faber;39;m;w;carrboro;cedarwood;202;27510;va
B;G003728;2173;lynne;hatch;wells;87;f;w;pfafftown;yadkinville;6576;27040;me
A;G003728;2174;lynne;hatch;wells;87;f;w;yadkinville;old us 421;3603;27055;me
A;G001177;2175;jamilah;teresa;dolaballie;33;f;m;kannapolis;mission oaks;1834;28083;nc
B;G001177;2176;jamilah;teresa;dolaballie;33;f;b;kannapolis;21st;109;28081;nc
A;G004598;2177;sarah;marie;davis;26;f;w;marion;deacon;118;28752;nc
B;G004598;2178;sarah;marie;clark;26;f;w;elk park;curtis creek;1789;28622;tn
A;G001179;2179;kelli;nicole;christian;34;f;w;harrisburg;sweethaven;10682;28075;
B;G001179;2180;kelli;nicole;christian;34;f;w;charlotte;first run;8934;28215;oh
B;G002059;2181;jonathan;clayton;simms;34;m;w;new bern;mulberry;3;28562;pa
A;G002059;2182;jonathan;clayton;simms;34;m;w;wilmington;park;5715;28403;pa
A;G003206;2183;jared;michael;gibson;31;m;b;durham;duke;1000;27701;nc
B;G003206;2184;jared;michael;gibson;31;m;b;charlotte;calloway glen;13560;28273;nc
A;G005633;2185;marie;menz;king;102;f;w;jacksonville;gaitway;3118;28546;nd
B;G005633;2186;marie;m;king;102;f;i;raleigh;spruce tree;12800;27614;nd
A;G006531;2187;cody;josiah;chamberlain;24;m;w;cary;schubauer;100;27513;la
B;G006531;2188;cody;josiah;chamberlain;24;m;w;boone;appalachian;140;28607;la
A;G001961;2189;emily;annett;smith;41;f;b;whiteville;lewis;410;28472;
B;G001961;2190;emily;annette;smith;41;f;b;tabor city;pine circle;611;28463;nc
B;G002155;2191;cosmos;james;williamson;58;m;o;fayetteville;blue heron;308;28314;
A;G002155;2192;cosmos;james;williamson;58;m;u;raeford;windover;434;28376;
A;G003432;2193;tina;mills;armstrong;51;f;b;rocky mount;river run;267;27801;nc
B;G003432;2194;tina;mills;mccoy;51;f;b;rocky mount;jasmine;602;27804;nc
A;G004667;2195;adrianne;kotras;leonardelli;44;f;w;charlotte;shadow grove;10911;28277;il
B;G004667;2196;adrianne;kotras;leonardelli;44;f;w;cary;brannigan;115;27511;il
B;G002127;2197;haywood;;edge;71;m;b;fayetteville;honeycutt;1127;28311;nc
A;G002127;2198;haywood;;edge;71;m;b;charlotte;kiev;5318;28216;nc
B;G003426;2199;lucy;handsome;hinton;67;f;b;rocky mount;sanders;429;27801;nc
A;G003426;2200;lucy;handsome;hinton;67;f;b;rocky mount;travis;2021;27804;
B;G002299;2201;sam;chandler;weaver;32;m;a;fayetteville;flat rock;5240;28311;dc
A;G002299;2202;sam;chandler;weaver;32;m;w;davidson;magnolia;333;28036;dc
B;G000750;2203;jeffrey;heber;coward;59;m;w;asheville;ascot point;4;28803;nc
A;G000750;2204;jeffrey;heber;coward;59;m;w;hendersonville;bumont;116;28739;nc
B;G004933;2205;alec;brandon;murphy;28;m;w;charlotte;7th;509;28202;ny
A;G004933;2206;alec;brandon;murphy;28;m;w;greenville;exchange;1920;27858;ny
B;G003241;2207;stella;;distefano;89;u;u;durham;foxtail;1023;27703;
A;G003241;2208;stella;;distefano;89;f;w;raleigh;donerail;10150;27617;ny
B;G002026;2209;joan;mary;arnath;75;f;w;havelock;manchester;102;28532;nj
A;G002026;2210;joan;mary;arnath;75;f;w;raleigh;cashew;4229;27616;nj
A;G002510;2211;lisa;lamb;basnight;49;f;w;manns harbor;shipyard;7680;27953;nc
B;G002510;2212;lisa;darlene;lamb;49;f;w;hertford;four mile desert;810;27944;nc
B;G002571;2213;randre;lequon;allen;32;m;b;thomasville;trinity;1112;27360;sc
A;G002571;2214;randre;lequon;allen;32;m;b;archdale;west brook;1008;27263;sc
B;G003873;2215;victor;eugene;brogdon;48;m;w;hendersonville;cove landing;122;28792;sc
A;G003873;2216;victor;eugene;brogdon;48;m;w;mill spring;chimney rock;891;28756;sc
A;G002094;2217;maggie;may stewart;warren;34;f;w;new bern;trent woods;5107;28562;
B;G002094;2218;maggie;may;stewart;34;f;w;apex;grappenhall;1401;27502;nc
B;G002589;2219;andrew;james;smith;32;m;w;winston salem;hartman;457;27127;nc
A;G002589;2220;andrew;james;smith;32;m;w;china grove;moose;4350;28023;nc
B;G004439;2221;nakesha;devon;baldwin;42;f;b;sanford;windmere;3212;27330;nc
A;G004439;2222;nakesha;cotton;williams;42;f;b;aberdeen;saratoga;4106;28315;nc
A;G005493;2223;kelly;holt;braun;34;f;w;wilmington;jackson;2148;28401;nc
B;G005493;2224;kelly;holt;braun;34;f;w;hampstead;zonnie;176;28443;nc
A;G000182;2225;genie;rae;moore;24;f;w;burlington;carolina;2238;27217;nc
B;G000182;2226;genie;rae;freeman;24;f;w;yanceyville;marshall graves;2547;27379;nc
B;G002998;2227;galen;l;elliott;37;m;b;durham;nipper;4;27704;nc
A;G002998;2228;galen;lashaun;elliott;37;m;a;charlotte;village green;7134;28215;
A;G000676;2229;elizabeth;grace;stephens;20;f;w;weaverville;parker;11;28787;
B;G000676;2230;elizabeth;grace;stephens;20;u;u;marshall;long branch;2057;28753;
B;G001821;2231;pamela;fay;ciambotti;68;f;w;pittsboro;millbrook;600;27312;il
A;G001821;2232;pamela;fay;ciambotti;68;f;w;cary;zumbach;1613;27513;il
B;G001893;2233;oceanous;timothy;hardin;60;u;u;kings mountain;stony point;335;28086;
A;G001893;2234;oceanous;timothy;hardin;60;m;w;fayetteville;beaubien;4035;28306;sc
B;G006356;2235;lorrin;elizabeth;plyler;29;u;w;cary;umstead hollow;1228;27513;
A;G006356;2236;lorrin;elizabeth;plyler;29;f;w;boone;blowing rock panhellenic;949;28608;nc
B;G005575;2237;lakisha;vernice;davis;39;f;u;garysburg;lebanon church;778;27831;
A;G005575;2238;lakisha;vernice;davis;39;f;b;gaston;lincoln;109;27832;pa
B;G000393;2239;casey;delashmutt;nolan;27;m;w;leland;yorkstone;3048;28451;md
A;G000393;2240;casey;delashmutt;nolan;27;m;w;wilmington;hearthside;4173;28412;md
B;G001575;2241;christi;rhoades;holbrook;45;f;w;newton;shady;1912;28658;nc
A;G001575;2242;christi;rhoades;connor;45;f;w;conover;7th st;319;28613;nc
B;G006505;2243;kelly;jones;urban;53;f;w;apex;thorncrest;211;27539;oh
A;G006505;2244;kelly;jones;urban;53;f;w;yadkinville;union grove ch;2244;27055;oh
B;G005146;2245;solomon;emeruo;oduh;34;m;b;charlotte;via romano;5644;28270;ms
A;G005146;2246;solomon;emeruo;oduh;34;m;b;monroe;lexington;2114;28112;ms
A;G002974;2247;nicole;ashley;rice clewell;24;f;w;durham;william penn;215;27704;fl
B;G002974;2248;nicole;ashley;rice clewell;24;f;o;charlotte;angelica;8015;28277;fl
A;G004721;2249;katherine;margaret;sutcliffe;19;f;w;charlotte;beacon forest;2514;28270;va
B;G004721;2250;katherine;margaret;sutcliffe;19;f;w;boone;windy;125;28607;
A;G005684;2251;myrna;covault;macfarquhar;71;f;w;hillsborough;remington;3927;27278;oh
B;G005684;2252;myrna;covault;macfarquhar;71;f;w;hillsborough;remington;3927;27278;oh
A;G006468;2253;david;a;krabacher;76;m;w;raleigh;bartons creek;9412;27615;ct
B;G006468;2254;david;;krabacher;76;m;w;raleigh;bartons creek;9412;27615;oh
A;G003508;2255;patricia;ann;leathers;56;f;b;winston salem;walsh;3030;27107;
B;G003508;2256;patricia;sumpter;crouch;56;f;b;pfafftown;faylyn;5310;27040;fl
A;G002915;2257;fern;may;braun;31;f;w;durham;kingsbury;612;27712;nc
B;G002915;2258;fern;may;braun;31;f;w;chapel hill;pritchard;408;27516;nc
B;G002032;2259;laura;ann;vanfleet;42;f;w;havelock;hyde;24;28532;fl
A;G002032;2260;laura;a;vanfleet;42;u;w;jacksonville;ramsey;407;28540;
B;G005682;2261;lisa;pauline;boyd;55;f;w;chapel hill;hunter hill;106;27516;ma
A;G005682;2262;lisa;pauline;boyd;55;f;w;raleigh;springsweet;2901;27612;ma
A;G001052;2263;christopher;lemarc;wattie;38;m;b;harrisburg;hammermill;5669;28075;
B;G001052;2264;christopher;lemarc;wattie;38;m;b;charlotte;john russell;9502;28215;wv
A;G004033;2265;raymond;thomas;devoe;28;m;w;mooresville;beachview;116;28117;ny
B;G004033;2266;raymond;thomas;devoe;28;m;w;brevard;brevard college;1;28712;oc
B;G002804;2267;kelley;sue;brown;25;f;w;teachey;wellstown;733;28464;pa
A;G002804;2268;kelley;sue;brown;25;f;w;goldsboro;scotland;110;27530;pa
A;G004958;2269;kevin;;johnson;45;m;b;charlotte;morson;2817;28208;ny
B;G004958;2270;kevin;;johnson;45;m;b;salisbury;13th;217;28144;ny
A;G001783;2271;francine;m;gray;30;f;u;siler city;sixth;323;27344;
B;G001783;2272;francine;monique;gray;30;f;b;durham;cornwallis;1707;27713;md
B;G000867;2273;joseph;patrick;fleming;49;m;w;connelly springs;roger hill;9546;28612;nc
A;G000867;2274;joseph;patrick;fleming;49;m;w;hickory;rh;7547;28602;
A;G001256;2275;diane;elizabeth;cummis;46;f;w;harrisburg;sequoia hills;6736;28075;ca
B;G001256;2276;diane;elizabeth;cummis;46;f;w;monroe;roy kindley;751;28110;ca
B;G002151;2277;kirk;michael;mcginley;40;m;w;fayetteville;birchcreft;2113;28304;ny
A;G002151;2278;kirk;michael;mcginley;40;m;w;raleigh;crab orchard;1331;27606;ny
A;G000689;2279;meghan;perry;lafave;27;f;w;weaverville;nicole;4;28787;ca
B;G000689;2280;meghan;perry;lafave;27;f;w;goldsboro;sevendales;205;27534;ca
A;G001316;2281;norman;benton;galloway;70;m;w;kannapolis;pearl;507;28083;nc
B;G001316;2282;norman;benton;galloway;70;m;w;kannapolis;shady oak;118;28083;nc
B;G002961;2283;curtis;allan;barbee;32;m;w;durham;guess;5731;27712;nc
A;G002961;2284;curtis;allan;barbee;32;m;w;raleigh;walnut creek;3011;27606;
B;G004479;2285;aaryn;ashley;deal;26;f;w;kinston;crestview;1804;28504;
A;G004479;2286;aaryn;ashley;deal;26;f;w;raleigh;bloodworth;309;27601;nc
A;G004688;2287;justin;oliver;branch;36;m;w;charlotte;landerwood;3341;28210;az
B;G004688;2288;justin;oliver;branch;36;m;w;raleigh;mayview;2719;27607;az
B;G000682;2289;amber;nicole;white;21;f;b;barnardsville;barnardsville;1623;28709;oh
A;G000682;2290;amber;nicole;white;21;f;b;marshall;anderson branch;3005;28753;oh
B;G002296;2291;michelle;loyd;thompson;51;f;w;fayetteville;regiment;3463;28303;nc
A;G002296;2292;michelle;loyd;thompson;51;f;w;apex;goliath;1111;27502;nc
A;G001946;2293;david;franklin;brown;63;m;w;shelby;fallston waco;3226;28150;nc
B;G001946;2294;david;franklin;brown;63;m;w;brevard;rich mountain;1142;28712;nc
B;G000449;2295;brandi;marie;peterson;37;f;w;burnsville;bolens creek;1025;28714;nc
A;G000449;2296;brandi;marie;peterson;37;f;w;bakersville;homer young;145;28705;nc
A;G005815;2297;ginger;michelle;fussell;42;f;w;hampstead;candlewood;104;28443;nc
B;G005815;2298;ginger;michelle;fussell;42;f;w;rocky point;nc hwy 210;4098;28457;nc
B;G004860;2299;brodie;j;levadnuk;45;m;w;charlotte;donnegal farm;6412;28270;pa
A;G004860;2300;brodie;joe;levadnuk;45;u;u;matthews;graham hall;109;28104;
A;G003859;2301;betty;ann;greer;36;f;w;fletcher;hoopers creek;97;28732;mi
B;G003859;2302;betty;ann;greer;36;f;w;jacksonville;hendricks;1110;28540;mi
A;G004125;2303;lenette;;cisneros;50;f;w;sylva;laser;61;28779;
B;G004125;2304;lenette;lancaster;cisneros;50;f;w;sylva;andjen valley;88;28779;fl
A;G003470;2305;jared;elton;pridgen;24;m;w;rocky mount;pleasant hill;953;27801;nc
B;G003470;2306;jared;elton;pridgen;24;m;w;elm city;rosebud church;4916;27822;nc
A;G003026;2307;christian;james;parent;33;m;w;durham;glade aster;711;27704;ny
B;G003026;2308;christian;james;parent;33;m;w;raleigh;township;1900;27609;ct
B;G002900;2309;ashley;anne;martinez;29;f;o;durham;chapel hill;2920;27707;ca
A;G002900;2310;ashley;monique;myers;29;f;o;raleigh;springsweet;2911;27612;ca
A;G000813;2311;oana;carmen adina;devera;42;f;w;black mountain;roselyn;4;28711;oc
B;G000813;2312;oana;carmen adina;devera;42;f;w;blowing rock;apple way;211;28605;oc
A;G005143;2313;frances;dwight;faison;71;f;w;charlotte;meadow vista;9117;28213;nc
B;G005143;2314;frances;dwight;faison;71;f;w;wilmington;breezewood;4118;28412;nc
B;G005805;2315;joseph;james;forbes;68;m;w;elizabeth city;walker;1400;27909;nc
A;G005805;2316;joseph;james;forbes;68;m;w;hertford;rivershore;158;27944;nc
A;G004144;2317;lc;;anders;30;m;w;tuckasegee;pinhook;197;28783;
B;G004144;2318;l;c;anders;30;m;w;balsam grove;parkway;558;28708;co
A;G004584;2319;robert;lee;fletcher;61;m;w;williamston;church;106;27892;nc
B;G004584;2320;robert;lee;fletcher;61;m;w;wilson;evansdale;4334;27893;nc
A;G003914;2321;jamal;lashawn;deloatch;20;m;b;murfreesboro;university;1;27855;nc
B;G003914;2322;jamal;;deloatch;20;m;b;conway;jenkins mill;730;27820;
B;G001320;2323;steven;nicholas;walters;29;m;w;concord;sandy bottom;1304;28027;nc
A;G001320;2324;steven;nicholas;walters;29;m;w;raleigh;royal coach;5927;27612;nc
B;G005885;2325;david;donovan;bunn;50;m;w;walstonburg;stantonsburg;9320;27888;va
A;G005885;2326;david;donovan;bunn;50;m;w;walstonburg;stantonsburg;9320;27888;va
A;G004896;2327;asrat;yemane;kidane;46;m;b;charlotte;biscayne;3419;28205;oc
B;G004896;2328;asrat;yemane;kidane;46;m;b;charlotte;ayers orchard;5316;28227;
B;G001570;2329;amy;stiles;brendle;36;f;w;hickory;24th st;754;28602;nc
A;G001570;2330;amy;stiles;brendle;36;f;w;hayesville;fires creek wildlife;897;28904;nc
B;G001233;2331;donna;marie;bland;56;f;b;concord;orphanage;3485;28027;va
A;G001233;2332;donna;bland;warner;56;f;b;salisbury;shue;3625;28147;va
B;G003898;2333;jan;hollifield;parker;57;f;w;hendersonville;crooked creek;609;28739;
A;G003898;2334;jan;hollifield;parker;57;f;w;tryon;melrose;336;28782;nc
B;G003565;2335;arnt;j;sundseth;62;m;w;kernersville;abbotts creek church;4701;27284;az
A;G003565;2336;arnt;j;sundseth;62;m;w;danbury;juniper;1140;27016;az
B;G003703;2337;barbara;joy;morgan;42;f;b;clemmons;parkfield;6228;27012;ny
A;G003703;2338;barbara;joy;morgan;42;f;b;clemmons;brewer;6345;27012;ny
B;G002659;2339;brandy;ree;brewer;29;f;w;lexington;chapel;189;27295;nc
A;G002659;2340;brandy;ree;brewer;29;f;w;winston salem;reynolda;5760;27106;nc
B;G000234;2341;robert;a;grant;29;m;w;graham;castle;1135;27253;nc
A;G000234;2342;robert;ashby;grant;29;m;w;durham;fayetteville;1801;27707;nc
A;G002063;2343;greg;allen;morton;41;m;w;new bern;pilot;105;28562;nc
B;G002063;2344;greg;allen;morton;41;m;w;wake forest;clear cut;4501;27587;
A;G000312;2345;laurie;ann;gallo;69;f;w;bolivia;zion hill;1611;28422;ny
B;G000312;2346;laurie;ann;gallo;69;f;w;wilmington;hobart;2801;28405;ny
A;G003608;2347;nikolas;;johansen;29;m;w;pfafftown;turfwood;1912;27040;
B;G003608;2348;nikolas;hans;johansen;29;m;w;charlotte;eagle feathers;9507;28214;nc
A;G005079;2349;takieah;johnson;flax;35;f;b;charlotte;silvermere;4137;28269;nc
B;G005079;2350;takieah;celeste;johnson;35;f;b;wilkesboro;walden point;159;28697;nc
A;G003030;2351;rosie;jane;australie;30;f;w;durham;garrett;4011;27707;ga
B;G003030;2352;rosie;jane;saldana;30;f;w;morrisville;quail high;3026;27560;ga
B;G001189;2353;renee;antoinette;thompson;47;f;b;concord;tala;433;28027;
A;G001189;2354;renee;antoinette;thompson;47;f;b;charlotte;mill cove;3528;28262;ny
B;G004655;2355;kathleen;marie;hale;62;f;w;charlotte;landsburg;9124;28210;ny
A;G004655;2356;kathleen;marie;hale;62;f;w;tryon;dug hill;161;28782;ny
B;G000406;2357;david;wayne;rhew;71;m;w;supply;adams;460;28462;
A;G000406;2358;david;wayne;rhew;71;m;w;burgaw;union chapel;790;28425;
B;G002515;2359;katherine;ruth;price;65;f;w;frisco;sunset strip;53115;27936;va
A;G002515;2360;katherine;ruth;price;65;f;w;greenville;avalon;213;27858;va
B;G000114;2361;evan;william;burkhart;32;m;w;burlington;alamance;505;27215;tx
A;G000114;2362;evan;william;burkhart;32;m;w;raleigh;taylor;213;27607;tx
B;G001332;2363;david;boyd;whisnant;44;m;w;lenoir;corolla hills;2485;28645;nc
A;G001332;2364;david;boyd;whisnant;44;m;w;andrews;wilmont;27;28901;nc
B;G001822;2365;chad;randall;oates;43;m;w;siler city;ashton;63;27344;nc
A;G001822;2366;chad;randall;oates;43;m;w;siler city;old coleridge;1702;27344;nc
A;G002825;2367;myra;craddock;turner;68;f;w;beulaville;cotton top;105;28518;nc
B;G002825;2368;myra;craddock;turner;68;f;w;burgaw;meadowlark;52;28425;nc
B;G005063;2369;nicholas;;brummitt;21;m;w;charlotte;black fox;5522;28269;nc
A;G005063;2370;nicholas;jacob;brummitt;21;m;w;waxhaw;madeira;1914;28173;
B;G000253;2371;leroy;christopher;dowless;56;m;w;carolina shores;bayberry;30;28467;nc
A;G000253;2372;leroy;christopher;dowless;56;m;w;tar heel;bethel church;2420;28392;nc
B;G005288;2373;broadus;michael;riggins;58;u;u;pinehurst;monticello;716;28374;
A;G005288;2374;broadus;m;riggins;58;m;w;raleigh;andrea;8111;27613;nc
A;G003816;2375;cathy;goodman;gignilliat;65;f;w;waynesville;country club;1082;28786;ga
B;G003816;2376;cathy;goodman;gignilliat;65;f;w;raeford;venture;366;28376;ga
B;G004229;2377;julie;wyman;pittman;42;f;w;clayton;neuse ridge;1012;27527;nc
A;G004229;2378;julie;anne;baker;42;f;w;wake forest;stearns;304;27587;nc
B;G001103;2379;holly;elizabeth;roberts;51;f;w;charlotte;tangley;1506;28269;md
A;G001103;2380;holly;elizabeth;roberts;51;f;w;cornelius;rio oro;21428;28031;md
B;G002324;2381;monica;danielle;belin;37;f;b;eastover;joncee;1705;28312;nc
A;G002324;2382;monica danielle;belin;pridgen;37;f;b;durham;elmsford;117;27703;nc
A;G003040;2383;emily;claire;withers;32;f;w;durham;price;402;27707;nc
B;G003040;2384;emily;claire;withers;32;f;w;raleigh;coldstream;1228;27615;nc
B;G000332;2385;betty;gatewood;walker;84;f;w;shallotte;highland forest;41;28470;nc
A;G000332;2386;betty;gatewood;walker;84;f;w;eden;hillside;1319;27288;nc
B;G002393;2387;clark;c;burns;36;m;b;fayetteville;hickory;1066;28303;la
A;G002393;2388;clark;c;burns;36;m;b;raeford;wedgefield;316;28376;la
B;G000948;2389;margaret;christina;gardner;28;f;w;connelly springs;ledford;8596;28612;nc
A;G000948;2390;margaret;christina;gardner;28;f;w;charlotte;eastport;2700;28205;nc
A;G003807;2391;kadijah;lashae;simms;24;f;b;lillington;bryson;115;27546;nc
B;G003807;2392;kadijah;;simms;24;f;b;raleigh;chandler ridge;3922;27603;nc
A;G004930;2393;lisa;anne duncan;hanami;32;f;b;charlotte;andover creek;8009;28210;ny
B;G004930;2394;lisa;anne duncan;hanami;32;f;b;carrboro;poplar;201;27510;
A;G005391;2395;tony;matthew;burnett millage;34;m;w;wilmington;island creek;449;28411;il
B;G005391;2396;tony;matthew;burnett millage;34;m;w;cary;foliage;201;27518;il
A;G006331;2397;samuel;taylor;erving;41;m;b;raleigh;smoke;2808;27610;co
B;G006331;2398;samuel;taylor;erving;41;m;b;raleigh;smoke;2808;27610;ca
A;G006219;2399;paige;gilbert;nance;48;m;w;elkin;hillcrest;315;28621;nc
B;G006219;2400;paige;;nance;47;u;w;jonesville;bridge;115;28642;
B;G004970;2401;david;jerome;littman;56;u;b;charlotte;callahan mill;11445;28213;
A;G004970;2402;david;jerome;littman;56;m;b;charlotte;westridge;4442;28208;sc
B;G004692;2403;margo;lynn;dixon;40;f;w;charlotte;mirow;2109;28270;tx
A;G004692;2404;margo;lynn;dixon;40;f;w;charlotte;mirow;2109;28270;tx
B;G001067;2405;michael;john;primerano;48;m;w;concord;taunton;107;28027;pa
A;G001067;2406;michael;john;primerano;48;m;w;indian trail;lindley crescent;5714;28079;pa
B;G001892;2407;robert;wayne;gammons;32;m;w;shelby;spake;1337;28150;nc
A;G001892;2408;robert;wayne;gammons;32;m;w;shelby;spake;1337;28150;nc
B;G000674;2409;milton;james;canupp;25;m;w;candler;winter forest;153;28715;nc
A;G000674;2410;milton;james;canupp;25;m;w;newland;teaster vance;38;28657;nc
B;G003946;2411;susan;denise;jones;49;f;w;belhaven;higginsport;951;27810;nc
A;G003946;2412;susan;denise;jones;49;f;w;greenville;l t hardee;2351;27858;nc
A;G000540;2413;joshua;cameron;young;39;m;w;asheville;merrimon;600;28804;ky
B;G000540;2414;joshua;cameron;young;39;m;w;fletcher;westview;45;28732;ky
B;G002536;2415;amber;louise;byerly;35;f;w;lexington;lindel;211;27292;nc
A;G002536;2416;amber;louise;byerly;35;f;w;winston salem;oak arbor;303;27104;nc
B;G003088;2417;lauren;katherine;efird;34;f;w;durham;roxboro;5515;27713;sc
A;G003088;2418;lauren;katherine;efird;34;f;w;apex;pondside;116;27539;sc
B;G003162;2419;joan;marie;edmiston;52;f;w;durham;gardenview;4;27713;ne
A;G003162;2420;joan;marie;edmiston;52;f;w;denver;bay pointe;7965;28037;ne
A;G005953;2421;christopher;lawrence;ogles;58;m;u;mill spring;nc hwy 9;6802;28756;fl
B;G005953;2422;christopher;lawrence;ogles;58;m;w;mill spring;owl hollow;1323;28756;fl
A;G006019;2423;jalen;khalil;legrand;24;m;b;hamlet;hamlet;223;28345;nc
B;G006019;2424;jalen;khalil;legrand;24;m;b;raleigh;spanglers spring;7200;27610;nc
B;G004841;2425;george;dewey;mabes;28;u;u;charlotte;6th;505;28202;
A;G004841;2426;george;dewey;mabes;28;m;w;eden;meadow;351;27288;nc
B;G004286;2427;victoria;lynn;vaughn;40;f;b;smithfield;windy hill;117;27577;ky
A;G004286;2428;victoria;lynn;vaughn;40;f;b;zebulon;braemar highland;1235;27597;ky
A;G004339;2429;jane;lynn;gillespie;50;f;w;angier;broadleaf;120;27501;va
B;G004339;2430;jane;lynn;gillespie;50;f;w;holly springs;moss rock;105;27540;va
A;G002434;2431;eric;brandon;bradford;36;m;b;fayetteville;greenleaf;911;28314;in
B;G002434;2432;eric;brandon;bradford;36;m;b;clayton;yarmouth;10;27520;in
B;G003945;2433;domonic;kidean;farrow;31;m;b;swan quarter;mapletown;624;27885;nc
A;G003945;2434;domonic;kidean;farrow;31;m;b;swan quarter;mapletown;624;27885;nc
A;G003463;2435;ervin;ray;vaughn;72;u;b;rocky mount;harper;1645;27801;
B;G003463;2436;ervin;r;vaughn;72;m;b;rocky mount;fenner;1484;27804;nc
B;G001824;2437;robert;peter;henning;59;m;w;pittsboro;rabbit;166;27312;ny
A;G001824;2438;robert;peter;henning;59;m;w;cary;clarksville;102;27513;ny
B;G003593;2439;leslie;;craig;48;f;w;winston salem;stratford lake;2415;27103;pa
A;G003593;2440;leslie;jo;craig;48;f;w;winston salem;crusade;3801;27101;pa
B;G005620;2441;gino;dordines;coelho;33;m;o;jacksonville;belmont;3108;28546;
A;G005620;2442;gino;dordines;coelho;33;m;o;jacksonville;belmont;3108;28546;nc
B;G001653;2443;william;gaston;morrison;61;m;w;hickory;8th st;1032;28601;
A;G001653;2444;william;gaston;morrison;61;m;w;chapel hill;mill chapel;205;27517;nc
B;G004549;2445;suzanne;louise;jones;54;f;w;iron station;adkin;1460;28080;ny
A;G004549;2446;suzanne;louise;jones;54;f;w;mt gilead;indian harbor;107;27306;ny
B;G004113;2447;scott;nolan;gregory;50;m;w;fleetwood;liberty landing;386;28626;sc
A;G004113;2448;scott;nolan;gregory;50;m;w;banner elk;grandfather;388;28604;
B;G005336;2449;anna;marie;davis;27;f;w;middlesex;burgess;10331;27557;nc
A;G005336;2450;anna;marie davis;towne;27;f;w;knightdale;st johns;104;27545;nc
A;G001075;2451;sean;edward;johnson;29;m;w;concord;lily green;109;28027;mi
B;G001075;2452;sean;edward;johnson;29;m;w;charlotte;15th;525;28206;mi
A;G001073;2453;christina;bond;wilson;55;f;w;harrisburg;hounslow;3908;28075;sc
B;G001073;2454;christina;bond;wilson;55;f;w;matthews;birdie;8017;28104;
A;G006305;2455;ajani;quinzel;rumph;27;m;b;raleigh;brentwood;3830;27604;ny
B;G006305;2456;ajani;quinzel;rumph;27;m;b;raleigh;pardue woods;3730;27603;ny
B;G004596;2457;virginia;ann;lipps;24;f;w;marion;old clear creek;825;28752;nc
A;G004596;2458;virginia;ann;lipps;24;f;w;newland;us hwy 19e;5330;28657;nc
B;G004265;2459;albert;antonio;noel;79;m;w;middlesex;his;171;27557;vt
A;G004265;2460;albert;antonio;noel;79;m;w;sanford;south park;106;27332;vt
B;G004678;2461;michael;;morris;35;m;b;charlotte;cowles;2741;28208;nc
A;G004678;2462;michael;;morris;35;f;b;charlotte;moores chapel;9216;28214;
A;G002180;2463;nicholas;diandra;williams;46;m;b;hope mills;pringle;5225;28348;ga
B;G002180;2464;nicholas;diandra;williams;46;m;u;fayetteville;starboard;3310;28314;
B;G001524;2465;melissa;may;marsh;56;f;w;beaufort;steel tank;235;28516;ca
A;G001524;2466;melissa;may;marsh;56;f;w;richlands;fire tower;273;28574;ca
B;G005841;2467;tamika;lashaunta;poole;41;f;b;roxboro;carrington;316;27573;nc
A;G005841;2468;tamika;lashaunta;poole;41;f;b;raleigh;stream side;3220;27613;nc
A;G003186;2469;eileen;marie;rankin;56;f;w;hillsborough;fawnbrook;7810;27278;ny
B;G003186;2470;eileen;marie;rankin;56;f;w;raleigh;hushpuppy;6114;27616;ny
B;G001866;2471;kent;lee;tucker;49;m;w;edenton;surfside;616;27932;mi
A;G001866;2472;kent;lee;tucker;49;m;w;salisbury;sherrills ford;2170;28147;mi
B;G002244;2473;jessica;lynn;alexander;32;f;w;fort bragg;bassett;37;28307;mi
A;G002244;2474;jessica;lynn;alexander;32;f;w;southern pines;grampian;110;28387;mi
B;G001577;2475;eugene;charles;williams;83;m;w;sherrills ford;welborn;4564;28673;nc
A;G001577;2476;eugene;charles;williams;83;m;w;denver;sweet cherry;8891;28037;nc
B;G001531;2477;timothy;john;powell;55;m;w;providence;park springs lake;600;27315;ky
A;G001531;2478;timothy;j;powell;55;m;w;matthews;wester ross;13414;28105;ky
A;G004133;2479;heather;ann;bartko;40;f;w;cullowhee;helen zachary;180;28723;ms
B;G004133;2480;heather;ann;clayton;40;f;w;bryson city;jakes gap;100;28713;ms
B;G001333;2481;ashley;;bumgarner;33;f;w;granite falls;ham and egg;2589;28630;
A;G001333;2482;ashley;wilson;bumgarner;33;f;w;lenoir;fairview;259;28645;
B;G005630;2483;tyler;smith;marrs;28;m;w;sneads ferry;bay;9;28460;nc
A;G005630;2484;tyler;s;marrs;28;f;w;littleton;songbird;252;27850;
B;G005189;2485;khari;edward;smith;40;m;b;charlotte;block house;5017;28277;wa
A;G005189;2486;khari;edward;smith;40;m;b;waxhaw;monarda;2113;28173;wa
A;G000802;2487;ashlan;n;hendricks;32;f;w;asheville;brevard;83;28806;nc
B;G000802;2488;ashlan;nicole;hendricks;32;f;w;raleigh;fordham;2815;27604;nc
A;G003744;2489;charles;gray;creson;66;m;w;cameron;ponderosa;660;28326;dc
B;G003744;2490;charles;gray;creson;66;m;w;vass;autumn;172;28394;dc
A;G004752;2491;carolyn;renee;mcgill;34;f;b;charlotte;raintree;8316;28277;il
B;G004752;2492;carolyn;mcgill;brewton;34;f;b;morrisville;summit west;1117;27560;il
A;G004012;2493;amanda;ann;bothe;38;f;w;mooresville;grayland;199;28115;ia
B;G004012;2494;amanda;ann;connell;38;f;w;china grove;wellington estates;185;28023;ia
A;G002629;2495;rose;marie;greear;49;f;w;lexington;riverwood;902;27292;il
B;G002629;2496;rose;marie;greear;49;f;w;trinity;us hwy 64;8675;27370;il
A;G000946;2497;contessa;bowers;ramseur;46;f;b;drexel;drexel;103;28619;nc
B;G000946;2498;contessa;marietta;millsaps;46;f;b;lenoir;roy dula;1341;28645;nc
B;G006509;2499;homayun;ethan;azargoon;33;m;o;raleigh;blue ridge;3638;27612;ma
A;G006509;2500;homayun;ethan;azargoon;33;m;a;raleigh;blue ridge;3638;27612;ma
B;G005613;2501;jared;richard;smith;38;m;w;jacksonville;constitution;115;28540;nj
A;G005613;2502;jared;richard;smith;38;m;w;jacksonville;hampton;626;28546;nj
A;G000198;2503;pamela;;keith;33;f;b;mebane;fair oaks;237;27302;nc
B;G000198;2504;pamela;;keith;33;f;b;durham;savannah;1504;27713;nc
B;G002176;2505;alexandria;paige;powers;28;f;w;stedman;1st;220;28391;sc
A;G002176;2506;alexandria;powers;ross;28;f;w;seven lakes;pleasant view;133;27376;sc
B;G001929;2507;william;joseph;elliott;45;m;w;kings mountain;ola;105;28086;az
A;G001929;2508;william;joseph;elliott;45;m;w;charlotte;kimmel;9419;28216;az
A;G004665;2509;linda;f;ellis;38;f;b;charlotte;willow haven;1710;28262;
B;G004665;2510;linda;faye;ellis;38;f;b;salisbury;miller chapel;205;28147;oc
B;G002903;2511;kiya;jade;pender pate;25;f;b;durham;fayetteville;1801;27707;nc
A;G002903;2512;kiya jade;pender;pate;25;f;b;wilson;kenan;1104;27893;nc
B;G001928;2513;kelly;jean;robinson;43;f;w;kings mountain;gold;820;28086;nc
A;G001928;2514;kelly;jean;robinson;43;f;w;kings mountain;meadow;412;28086;
B;G006600;2515;angela;renee;lamb;35;f;b;raleigh;tapers;4824;27616;nc
A;G006600;2516;angela;renee;goldsby;35;f;b;goldsboro;whitfield;500;27530;nc
B;G001422;2517;anna;delong;jones;76;f;w;emerald isle;lee;408;28594;va
A;G001422;2518;anna;delong;jones;76;f;w;kitty hawk;elm;4726;27949;va
A;G005488;2519;jimmy;jay;jones;62;m;w;wilmington;lyrebird;611;28412;oc
B;G005488;2520;jimmy;j;jones;62;m;w;raleigh;misty isle;812;27615;oc
A;G000384;2521;kathy;morris;hall;66;f;w;leland;pine harbor;1538;28451;sc
B;G000384;2522;kathy;morris;hall;66;f;w;carolina beach;bowfin;1210;28428;sc
B;G001694;2523;roger;neal;staley;66;m;w;newton;edgefield;1132;28658;nc
A;G001694;2524;roger;neal;staley;66;m;w;cornelius;mariner cove;7615;28031;nc
B;G003930;2525;mark;alan;denney;39;m;w;raeford;crescent;341;28376;fl
A;G003930;2526;mark;alan;denney;39;m;w;pinehurst;cone;4;28374;fl
B;G004401;2527;christine;sarah;jenkins;35;f;o;sanford;saddlebrook;262;27330;nj
A;G004401;2528;christine;sarah;soto;35;f;o;aberdeen;fayetteville;302;28315;nj
A;G002424;2529;tonya;lynn;greene;24;f;w;hope mills;oak haven;3828;28348;nc
B;G002424;2530;tonya;lynn;greene;24;f;w;clayton;waterford;105;27520;nc
B;G005765;2531;quanmesha;lasha;peterson;27;f;b;washington;11th;307;27889;nc
A;G005765;2532;quanmesha;lasha;peterson;27;f;b;greenville;kristin;309;27834;nc
A;G005515;2533;juanita;ann;sheppard;64;f;w;wilmington;evergreen;3909;28403;nc
B;G005515;2534;juanita;a;sheppard;64;f;w;raleigh;cedarwood;5300;27609;nc
A;G005593;2535;yajaira;;diaz;38;f;u;jacksonville;croatan;119;28546;
B;G005593;2536;yajaira;dolores;diaz kumar;38;f;o;jacksonville;croatan;119;28546;
A;G002420;2537;niel;alexander;johnson;24;m;w;fort bragg;donelson;17;28307;ga
B;G002420;2538;niel;a;johnson;24;u;u;greenville;5th;1301;27858;
B;G001768;2539;jaclyn;myers;johnson;39;f;w;bear creek;rosser;1230;27207;nc
A;G001768;2540;jaclyn;myers;johnson;39;f;w;raleigh;athens;844;27606;nc
B;G006542;2541;tyronne;cecil;cabell;47;m;b;knightdale;stanway;113;27545;ny
A;G006542;2542;tyronne;cecil;cabell;47;m;b;plymouth;welcome;70;27962;ny
B;G002995;2543;alexandra;marianna;kisiel;33;f;w;durham;woodridge;114;27707;ca
A;G002995;2544;alexandra;marianna;kisiel;33;f;w;raleigh;bluebird;4705;27606;ca
B;G004718;2545;adrienne;nicole;moorefield;27;f;w;charlotte;providence glen;5829;28270;
A;G004718;2546;adrienne;nicole;moorefield;27;f;w;raleigh;oberlin;1028;27605;
B;G002682;2547;lori;jan;hawkins;53;f;w;linwood;wayne gobble;1000;27299;nc
A;G002682;2548;lori;jan;hawkins;53;f;w;winston salem;sagebrush;749;27101;
B;G001820;2549;william;roy;pohlman;77;m;w;chapel hill;davie;60206;27517;ne
A;G001820;2550;william;roy;pohlman;77;m;w;wilmington;regatta;1427;28405;ne
A;G002902;2551;vonzella;bonetia;hood;53;f;b;durham;callandale;540;27703;
B;G002902;2552;vonzella;bonetia;hood;53;f;b;morrisville;apricot;104;27560;ny
A;G004168;2553;cori;ellen;clemmer;37;f;w;garner;pale stone;22;27529;
B;G004168;2554;cori;ellen;clemmer;37;f;w;garner;pine walk;814;27529;la
A;G006113;2555;leslie;sharon;king;57;f;w;salisbury;hawks nest;1234;28146;ny
B;G006113;2556;leslie;sharon;king;57;f;w;landis;beaver;215;28088;ny
A;G002177;2557;tina;montrice;smith;30;f;b;fayetteville;bristol;6229;28314;nc
B;G002177;2558;tina;montrice;smith;30;f;b;erwin;jackson;208;28339;nc
B;G005176;2559;catherine;retha;whitney;29;f;w;charlotte;piney grove;3213;28212;oh
A;G005176;2560;catherine;retha;whitney;29;f;w;monroe;winburn;214;28112;oh
A;G002106;2561;dorothy;moore;mearidy;72;f;b;new bern;helen;1305;28560;nc
B;G002106;2562;dorothy;moore;mearidy;72;f;b;pollocksville;oliver;340;28573;
A;G001230;2563;gregory;nye;curtis;53;m;w;concord;greystone;4472;28027;nc
B;G001230;2564;gregory;nye;curtis;53;m;w;huntersville;hunters;405;28078;nc
A;G005276;2565;donnie;edward;shaffer;42;m;w;southern pines;murray hill;186;28387;nc
B;G005276;2566;donnie;edward;shaffer;42;m;w;chapel hill;nc hwy 54;1105;27516;nc
B;G003615;2567;krishauna;renee;rolle;38;f;b;winston salem;wake;213;27106;nc
A;G003615;2568;krishauna;renee;rolle;38;f;b;winston salem;wake;212;27106;nc
A;G003359;2569;terryca;chenay;taylor;32;f;b;durham;williamsburg;1800;27707;nc
B;G003359;2570;terryca;chenay;taylor;32;f;b;murfreesboro;spring branch;110;27855;nc
A;G002040;2571;carlton;lee;drake;71;m;w;new bern;esquire;206;28562;nc
B;G002040;2572;carlton;lee;drake;71;m;w;kure beach;water oak;214;28449;nc
A;G005686;2573;james;clayton;sasaki adams;42;m;w;chapel hill;forbush mountain;226;27514;wi
B;G005686;2574;james;clayton;sasaki adams;42;m;w;chapel hill;lavinia;117;27516;wi
B;G002674;2575;deanna;rae;davis;38;f;w;thomasville;fleet darr;221;27360;ky
A;G002674;2576;deanna;rae;davis;38;f;w;sophia;sharon acres;3167;27350;ky
B;G002549;2577;katherine;stuart;oliver;47;f;w;winston salem;inverness;474;27107;va
A;G002549;2578;katherine;stuart;oliver;47;f;w;kernersville;cameronden;400;27284;va
A;G004361;2579;james;randall;stanberry;61;m;w;willow springs;hillgrove;101;27592;nc
B;G004361;2580;james;r;stanberry;61;m;w;garner;whithorne;211;27529;nc
B;G003119;2581;thomas;benjamin;gilson;44;m;o;durham;burch;1008;27701;il
A;G003119;2582;thomas;benjamin;gill;44;m;o;raleigh;codes ridge;6101;27612;il
B;G000520;2583;melissa;jane;harmon;63;f;w;arden;cedar;474;28704;nc
A;G000520;2584;jane;harmon;wilson;63;f;w;taylorsville;sam poole;678;28681;
B;G004506;2585;michael;david;trent;44;m;w;denver;wanzer;1670;28037;va
A;G004506;2586;michael;david;trent;44;m;w;charlotte;closeburn;5425;28210;va
A;G002940;2587;kristina;michelle;krzywonos;30;u;u;durham;william penn;215;27704;
B;G002940;2588;kristina;michelle;krzywonos;30;f;b;kernersville;hancock;406;27284;nc
A;G004858;2589;tina;h;vickers;51;f;w;charlotte;cassio;5716;28227;nc
B;G004858;2590;tina;hasty;vickers;51;f;w;indian trail;poplin;4802;28079;
B;G002450;2591;dewayne;gray;perdue;25;m;w;fayetteville;murchison;1200;28301;nc
A;G002450;2592;dewayne;gray;perdue;25;m;w;warsaw;college;554;28398;nc
B;G003924;2593;lanita;estelle;moore;31;f;b;raeford;jackson;907;28376;nc
A;G003924;2594;lanita;estelle;moore;31;f;b;charlotte;kadey;3729;28208;nc
B;G003372;2595;julie;nguyen;le;30;f;o;durham;frontier;3;27713;nc
A;G003372;2596;julie;ann;nguyen;30;f;o;winston salem;tangle;3880;27106;nc
B;G003472;2597;terri;coleman;woods;56;f;b;rocky mount;grand;1012;27801;
A;G003472;2598;terri;coleman;woods;56;f;b;rocky mount;tiffany;754;27804;fl
B;G006518;2599;jacob;alan;hartley;38;m;w;raleigh;brittdale;8510;27617;ca
A;G006518;2600;jacob;alan;hartley;38;m;w;wake forest;studbury hall;4701;27587;ca
A;G004957;2601;carolyn;west;jones;57;f;w;matthews;hickory lake;5010;28105;nc
B;G004957;2602;carolyn;west;jones;57;f;u;wilmington;oriole;5127;28403;
A;G004111;2603;alyssa;mariah;lopez;19;u;u;creston;sutherland;314;28615;oc
B;G004111;2604;alyssa;mariah;lopez;19;f;m;charlotte;kumara;2130;28262;oc
A;G003083;2605;james;;corken;51;m;w;durham;rose garden;1102;27707;il
B;G003083;2606;james;s;corken;51;m;w;hillsborough;becketts ridge;2605;27278;il
B;G001634;2607;shirena;;james;37;f;b;hickory;11th;2932;28602;
A;G001634;2608;shirena;andra;james;37;f;b;charlotte;misty brook;14215;28273;nc
A;G005874;2609;beth;abigail;meaux;34;f;u;greenville;spring forest;965;27834;
B;G005874;2610;beth;abigail meaux;connelly;34;f;w;willow spring;farmers branch;1132;27592;tx
A;G001786;2611;ellison;saharna;howard;40;f;b;durham;perfect moment;40;27713;ny
B;G001786;2612;ellison;saharna;howard;40;f;b;durham;bainbridge;2909;27713;ny
B;G004728;2613;sarah;dempsey;dawson;31;f;w;charlotte;kings;1311;28207;nc
A;G004728;2614;sarah;;dempsey;31;f;w;cary;haddington;1236;27511;nc
A;G001943;2615;garron;ernel;pressley;33;m;w;shelby;bear creek;400;28152;nc
B;G001943;2616;garron;ernel;pressley;33;m;w;lawndale;wortman;117;28090;nc
B;G005110;2617;rhabiya;;alhassan;20;f;b;charlotte;spurwig;9516;28278;nc
A;G005110;2618;rhabiya;alexandria;alhassan;20;f;b;wilmington;seahawk landing;5110;28403;nc
B;G004252;2619;dominique;latricia;ellis;25;f;b;clayton;big pine;296;27520;nc
A;G004252;2620;dominique;latricia;ellis;25;u;u;clayton;big pine;296;27520;
A;G000420;2621;donna;vandergrift;tankersley;78;f;w;ocean isle beach;maple;1574;28469;nc
B;G000420;2622;donna;v;kraynick;78;f;w;hampstead;bristle cone;101;28443;nc
B;G003974;2623;mark;andrew;durstewitz;60;m;w;davidson;anniston;126;28036;nj
A;G003974;2624;mark;andrew;durstewitz;60;u;u;cornelius;cadman;9725;28031;
A;G000944;2625;christina;ricketts;franklin;35;f;w;jonas ridge;cold springs lodge;5853;28641;nc
B;G000944;2626;christina;ricketts;franklin;35;f;w;marion;rutherford;634;28752;nc
A;G004627;2627;thayer;j;lavielle;47;f;w;cornelius;spring grove;20653;28031;ma
B;G004627;2628;thayer;jaques;lavielle;47;f;w;cary;bridgeway;101;27511;ma
A;G005716;2629;justina;monae anais camille;foy;29;f;b;hillsborough;dairyland;3900;27278;pa
B;G005716;2630;justina;monae anais cam;foy;29;f;b;raleigh;snow;220;27603;pa
B;G001704;2631;karamarie;;fecho;50;u;u;pittsboro;revmont;742;27312;
A;G001704;2632;karamarie;;fecho;50;f;w;chapel hill;wolfs;103;27516;nj
B;G003921;2633;katie;marie;wood;26;f;w;raeford;mcdonald;709;28376;nc
A;G003921;2634;katie;marie;wood;26;u;u;wilmington;excalibur;3738;28403;nc
A;G001599;2635;david;alexander;hudson;47;m;w;maiden;island ford;403;28650;nc
B;G001599;2636;david;alexander;hudson;47;m;w;maiden;maiden;4716;28650;nc
A;G006563;2637;christopher;scott;balboni;53;m;w;raleigh;old stage;5612;27603;ny
B;G006563;2638;christopher;scott;balboni;53;m;w;raleigh;pamela;5320;27603;ny
B;G004756;2639;stephanie;heilker;boyd;37;f;w;charlotte;roundleaf;10223;28213;nc
A;G004756;2640;stephanie;victoria heilke;sebero;37;f;w;charlotte;denning;701;28227;nc
B;G003532;2641;ashley;chrystal;cook;32;f;w;lewisville;williams;1355;27023;nc
A;G003532;2642;ashley;cook;vaughan;32;f;w;raleigh;van thomas;717;27615;nc
B;G000702;2643;andrew;john;douglas;54;m;w;arden;smokemont;81;28704;in
A;G000702;2644;andrew;john;douglas;54;m;w;fletcher;burney mountain;83;28732;in
A;G003423;2645;amanda;tripp;mayer;43;f;w;pinetops;rural rte 1;167;27864;nc
B;G003423;2646;amanda;tripp;mayer;43;f;w;macclesfield;fourth;548;27852;nc
B;G001340;2647;steve;raymond;helderman;64;m;w;lenoir;lower creek;403;28645;nc
A;G001340;2648;steve;raymond;helderman;64;m;w;goldsboro;april;105;27530;
A;G000217;2649;rhonda;melissa;teague;56;f;w;liberty;pleasant hill church;8749;27298;nc
B;G000217;2650;rhonda;melissa;cox;56;f;w;liberty;ferguson;7371;27298;nc
B;G003907;2651;brittany;stewart;taylor;29;u;u;murfreesboro;us 158 business;305;27855;
A;G003907;2652;brittany;chavone;stewart;29;f;b;woodland;peartree;106;27897;
A;G001569;2653;christian;mark alan;freitag;24;m;w;hickory;mulberry;1161;28602;mn
B;G001569;2654;christian;mark alan;freitag;24;m;w;lincolnton;laurel;209;28092;mn
A;G002389;2655;alexander;william;cline;60;m;w;fayetteville;stoney point;6236;28306;nj
B;G002389;2656;alexander;william;cline;60;m;w;fayetteville;king;8541;28306;nj
A;G000454;2657;crystal;michele;beaver;41;f;w;burnsville;molly;270;28714;nc
B;G000454;2658;crystal;michele;beaver;41;f;w;marion;triple j;115;28752;nc
A;G001897;2659;emily;church;fowler;76;f;w;shelby;padgett;844;28150;nc
B;G001897;2660;emily;church;fowler;76;f;w;ellenboro;romans;113;28040;nc
B;G000684;2661;uriel;edmond;velandia;86;m;u;asheville;chantilly;23;28804;
A;G000684;2662;uriel;edmond;velandia;86;m;w;wilmington;arboretum;1173;28405;oc
A;G004254;2663;jennifer;cherie;staggers;30;f;b;selma;taft;805;27576;
B;G004254;2664;jennifer;cherie;staggers;30;f;b;princeton;brogden;10025;27569;nc
A;G005362;2665;brenda;lee;wynne;50;f;w;spring hope;dalmar;3299;27882;va
B;G005362;2666;brenda;r;le;50;f;w;wendell;outrigger;7153;27591;va
A;G004862;2667;christina;r;hargrove;39;f;w;matthews;john;735;28105;nc
B;G004862;2668;christina;hargrove;cahill;39;f;w;matthews;weddington matthews;4825;28104;nc
A;G002556;2669;mary;sharon;ellis;65;f;w;lexington;whispering oaks;284;27292;nc
B;G002556;2670;sharon;aldridge;ellis;65;f;w;winston salem;lexwin;3905;27107;nc
A;G003965;2671;robert;mark;shepherd;55;m;w;mooresville;emerald;147;28117;fl
B;G003965;2672;robert;mark;shepherd;55;m;i;waxhaw;providence;247;28173;fl
B;G003262;2673;michael;lawrence;grooms;48;m;w;durham;hope valley;4649;27707;sc
A;G003262;2674;michael;lawrence;grooms;48;m;w;raleigh;cluette;2401;27615;sc
B;G001129;2675;terry;danita;mcconneaughey;58;f;b;kannapolis;forest pond;207;28083;
A;G001129;2676;terry;danita;mcconneaughey;58;f;b;kannapolis;forest pond;207;28083;nc
B;G004729;2677;david;jackson;kerr;39;m;w;charlotte;woodlawn;440;28209;nc
A;G004729;2678;david;jackson;kerr;39;m;w;boone;cara;280;28607;nc
B;G002596;2679;domingo;;marroquin;28;m;o;winston salem;weavil;295;27107;fl
A;G002596;2680;domingo;;marroquin;28;m;m;winston salem;high point;3820;27107;
A;G004813;2681;christopher;wayne;hunt;35;m;b;charlotte;phillips;2830;28208;ny
B;G004813;2682;christopher;wayne;hunt;35;m;b;cary;ribbon;113;27518;ny
B;G002317;2683;shuquana;rochelle;jones;30;f;b;fayetteville;melody;6307;28304;nc
A;G002317;2684;shaquana;rochelle;jones;30;f;b;cameron;heritage;818;28326;nc
B;G002248;2685;delores;angella michell;moore;43;f;w;fayetteville;cherokee;1917;28303;al
A;G002248;2686;delores;angella michelle;revell;43;f;w;fayetteville;cherokee;1917;28303;al
A;G004647;2687;christopher;julian;white;33;m;w;charlotte;abbotsford;506;28270;nc
B;G004647;2688;christopher;julian;white;33;m;w;matthews;three wood;7219;28104;nc
B;G001056;2689;janette;chanene;eberhardt;28;f;b;concord;river oaks;11027;28027;fl
A;G001056;2690;janette;chanene;pullen;28;f;b;charlotte;clanton;1611;28208;fl
B;G001729;2691;larry;;bissette;66;m;w;bennett;nc highway 902;22395;27208;nc
A;G001729;2692;larry;;bissette;66;m;w;durham;dixon;3109;27707;nc
B;G006081;2693;justin;alexander;parris;38;m;b;eden;knott;905;27288;nc
A;G006081;2694;justin;alexander;parris;38;m;b;stoneville;young;288;27048;nc
A;G005697;2695;mary;virginia;davis;53;f;w;chapel hill;hillsborough;1209;27516;md
B;G005697;2696;mary;virginia;davis;53;f;w;apex;purple glory;1108;27502;md
A;G002494;2697;jeffrey;parnell;wrenn;59;m;w;hatteras;nc hwy 12;37397;27943;fl
B;G002494;2698;jeffrey;parnell;wrenn;59;m;w;raleigh;harbour towne;4949;27604;nc
A;G005149;2699;ryan;john;schuetz;34;m;w;charlotte;commons crossing;17222;28277;nd
B;G005149;2700;ryan;john;schuetz;34;m;w;chapel hill;morrison dorm;156;27514;nd
B;G005889;2701;megan;renee;purvis;30;f;w;ayden;george;3958;28513;oh
A;G005889;2702;megan;renee;gelety;30;f;w;cary;huntsmoor;110;27513;oh
A;G005365;2703;robin;michelle;cooper;27;f;b;rocky mount;sled;452;27803;md
B;G005365;2704;robin;michelle;cooper;27;f;b;sims;boykin;6427;27880;md
B;G006093;2705;robert;allen;thornton;39;m;w;madison;kameron;121;27025;wv
A;G006093;2706;robert;allen;thornton;39;m;w;eden;turner;522;27288;wv
A;G000049;2707;linda;ann;krug;71;f;w;mebane;st croix;4030;27302;pa
B;G000049;2708;linda;ann;krug;71;f;w;hillsborough;borland;2711;27278;pa
A;G001383;2709;morris;ruffen;jones;72;m;w;camden;jordan;124;27921;nc
B;G001383;2710;morris;ruffen;jones;72;m;w;barco;swains;127;27917;nc
A;G002234;2711;carmen;yuki;graybeal;51;f;o;hope mills;pristine;1707;28348;az
B;G002234;2712;carmen;yuki;graybeal;51;f;m;hope mills;pristine;1707;28348;az
B;G003988;2713;charlise;levan;ownby;48;f;w;olin;tabor;542;28660;nc
A;G003988;2714;charlise;levan;clark;48;f;w;denver;denver shores;4068;28037;nc
A;G003095;2715;jeannette;mar sha;brown;24;f;b;durham;fayetteville;1801;27707;
B;G003095;2716;jeannette;marsha;brown;24;u;b;durham;fayetteville;1702;27707;sc
A;G000691;2717;joyce;pearl;roberts;62;f;w;candler;brookstone;8;28715;
B;G000691;2718;joyce;p;roberts;62;f;w;hendersonville;cannon;122;28792;nh
A;G001206;2719;emily;kathrine;snider;29;f;w;mount pleasant;nc hwy 73;9820;28124;nc
B;G001206;2720;emily;katherine;linker;29;f;w;oakboro;booger hollar;13328;28129;
B;G000338;2721;pamela;lynn;whinnery;59;f;w;boiling spring lakes;tate lake;472;28461;pa
A;G000338;2722;pamela;lynn;maines;59;f;w;wilmington;inverary;608;28405;pa
A;G001641;2723;ruthann;elizabeth;cline;21;f;w;claremont;julia;3400;28610;nc
B;G001641;2724;ruthann;elizabeth;cline;21;f;w;yadkinville;hinshaw;141;27055;nc
A;G003349;2725;jason;;morningstar;49;m;u;durham;scaresdale;10;27707;mi
B;G003349;2726;jason;burton;morningstar;49;m;w;chapel hill;melanie;421;27514;mi
A;G000916;2727;justin;tommie;brittain;39;m;w;morganton;sara;105;28655;nc
B;G000916;2728;justin;tommie;brittain;39;m;w;morganton;fiddlers;135;28655;nc
A;G000621;2729;ricky;dean;jolly;35;m;w;asheville;lorena;28;28806;sc
B;G000621;2730;nathaniel;ricky;jolly;35;m;w;hendersonville;shiloh;401;28792;sc
A;G005748;2731;carl;j;bryant;32;m;b;bayboro;fairview;1;28515;nc
B;G005748;2732;carl;jamel;bryant;32;m;b;aurora;6th;522;27806;nc
B;G005242;2733;stephen;mccrae;sloan;29;m;w;huntersville;whispering meadows;9615;28078;nc
A;G005242;2734;stephen;mccrae;sloan;29;m;w;mt olive;chestnut;615;28365;nc
B;G005923;2735;shaunita;te ara;ervin;32;f;b;greenville;holly glenn;2816;27834;nc
A;G005923;2736;shaunita;leara;ervin;32;f;b;greenville;aycock hall;212;27858;nc
A;G006649;2737;brian;christopher;massey;35;m;w;goldsboro;rustic field;212;27530;nc
B;G006649;2738;brian;christopher;massey;35;m;w;wilson;dover;1809;27893;nc
B;G003805;2739;britta;lankford;threshie;35;f;w;angier;topsail;105;27501;
A;G003805;2740;britta;lankford;threshie;35;u;u;fuquay varina;spring;608;27526;
B;G003803;2741;carma;lynn;locklear;55;f;u;angier;harnett central;4083;27501;nc
A;G003803;2742;carma;lynn;locklear;55;f;w;willow springs;penwood;49;27592;id
B;G004127;2743;morgan;ann;morton;20;f;m;cullowhee;joyner;275;28723;nc
A;G004127;2744;morgan;ann;morton;20;f;m;sims;flat rock;6848;27880;nc
B;G001761;2745;george;;matroni;57;m;o;apex;olde thompson creek;424;27523;ny
A;G001761;2746;george;andrew;matroni;57;m;w;apex;tunstall;206;27502;ny
A;G000368;2747;madison;nicole;pigott;23;f;w;ocean isle beach;plantation;63;28469;sc
B;G000368;2748;madison;nicole;pigott;23;f;w;rocky mount;sunset;915;27804;sc
A;G003306;2749;taylor;bennett;austin;42;m;w;durham;bungalow;1309;27703;nc
B;G003306;2750;taylor;bennett;austin;42;m;w;holly springs;vervain;504;27540;nc
A;G001164;2751;jeremy;;klipp;39;m;w;concord;high ridge;8531;28027;fl
B;G001164;2752;jeremy;joseph;klipp;39;m;w;hendersonville;hebron;620;28739;fl
A;G001113;2753;annie;maheailani;nance;50;f;o;concord;fallwood;526;28025;hi
B;G001113;2754;annie;mahaeilani;garner;50;f;o;kernersville;lamshire;6441;27284;hi
B;G002413;2755;germaine;john ross;mccalla;33;m;b;fayetteville;radial;6815;28311;
A;G002413;2756;germaine;john ross;mccalla;33;m;b;cameron;hayden;270;28326;oc
A;G005121;2757;jennifer;jan;flaherty;31;f;w;charlotte;palm;3020;28205;co
B;G005121;2758;jennifer;jan;flaherty;31;f;w;cary;fifemoor;106;27518;co
A;G001312;2759;dwayne;;lawson;57;m;b;concord;brookwood;260;28025;ny
B;G001312;2760;dwayne;;lawson;57;m;b;charlotte;hackberry creek;6460;28269;ny
B;G003857;2761;edith;kalmowitz;verber;75;f;w;hendersonville;spring village;10;28739;ny
A;G003857;2762;edith;kalmowitz;verber;75;f;w;tryon;woody;100;28782;fl
A;G003150;2763;kyle;;jackson;34;m;w;durham;duke of gloucester;24;27713;
B;G003150;2764;kyle;jefferson;jackson;34;m;w;winston salem;audrey;4696;27127;mi
B;G003870;2765;amber;heckart;gilmore;28;f;w;hendersonville;taylor;306;28739;nc
A;G003870;2766;amber;nicole;heckart;28;f;w;holly ridge;bethea;245;28445;nc
B;G004693;2767;marianne;lazzaro;mulligan;66;f;w;charlotte;kingsley view;11819;28277;ny
A;G004693;2768;marianne;lazzaro;mulligan;66;f;u;cary;sealine;602;27519;ny
B;G001090;2769;mark;alan;andrews;60;m;w;concord;king s crossing;865;28027;
A;G001090;2770;mark;alan;andrews;60;m;w;charlotte;greencastle;8232;28210;nc
A;G005833;2771;allena;alizebeth;james;20;f;w;burgaw;nc hwy 53;6845;28425;nc
B;G005833;2772;allena;elizabeth;james;20;f;w;greenville;legacy hall;375;27858;nc
B;G001444;2773;jimmy;hugh;sebren;75;m;w;beaufort;olde towne yacht club;100;28516;la
A;G001444;2774;jimmy;hugh;sebren;75;m;w;littleton;lonsdale;280;27850;la
A;G000120;2775;david;spencer;brenner;29;m;w;burlington;atwood;2330;27215;nc
B;G000120;2776;david;spencer;brenner;29;m;w;apex;village loop;545;27502;nc
B;G005914;2777;christopher;;jewett;36;m;w;greenville;greenville;2250;27858;nc
A;G005914;2778;christopher;ryan;jewett;36;m;w;raleigh;river bank;10221;27614;nc
A;G002498;2779;robert;jaames;obrien;42;m;w;kill devil hills;airstrip;104;27948;mi
B;G002498;2780;robert;james;obrien;42;m;w;boone;white laurel;548;28607;mi
B;G003794;2781;kristin;dawn;baker;37;f;w;dunn;miniature;65;28334;nc
A;G003794;2782;kristin;dawn;baker;37;f;w;dunn;grubbs dale;221;28334;nc
A;G001199;2783;samara;alicia;colon;22;f;b;concord;courage;3590;28027;nc
B;G001199;2784;samara;alicia;colon;22;f;b;charlotte;sipes;3821;28269;nc
B;G000291;2785;brenda;smith;everhart;62;f;w;boiling spring lakes;lumbee;749;28461;nc
A;G000291;2786;brenda;l;everhart;62;f;w;charlotte;sandy;112;28213;
A;G003666;2787;martha;muir;swaim;36;f;w;lewisville;summerglen;270;27023;va
B;G003666;2788;martha;seabrook;muir;36;f;w;charlotte;colony;4602;28226;va
A;G005221;2789;elizabeth;shaw;murray;33;f;w;charlotte;kings canyon;9116;28210;nc
B;G005221;2790;elizabeth;shaw;murray;33;f;w;chapel hill;joyner dorm;207;27514;nc
A;G001688;2791;necole;elizabeth;lusk;29;f;w;catawba;murray;1440;28609;nc
B;G001688;2792;necole;elizabeth;lusk;29;f;w;mocksville;nc highway 801;5757;27028;nc
A;G003249;2793;jeannetta;e;day;39;f;b;durham;matilene;2009;27707;nc
B;G003249;2794;jeannetta;elaine;day;39;f;b;raleigh;mackinac island;3705;27610;
B;G001130;2795;julie;krista;young;41;f;w;concord;setter;305;28025;
A;G001130;2796;julie;krista;young;41;f;w;wilmington;wilshire;3507;28403;va
A;G000124;2797;michael;anthony;pierce;59;m;w;mebane;jones;1941;27302;ca
B;G000124;2798;michael;anthony;pierce;59;m;w;chapel hill;old greensboro;3500;27516;ca
A;G003012;2799;jessica;leigh;powell;35;f;w;durham;willow bridge;56;27707;tn
B;G003012;2800;jessica;leigh;powell;35;f;w;waxhaw;aerowood;6908;28173;tn
B;G001471;2801;eileen;muldoon;boone;46;f;w;morehead city;widgeon;1905;28557;ct
A;G001471;2802;eileen;muldoon;boone;46;f;w;morehead city;widgeon;1905;28557;ct
B;G005375;2803;harold;dempsey;battle;63;m;b;rocky mount;hammond;523;27804;nc
A;G005375;2804;harold;dempsey;battle;63;m;i;greenville;memorial;2521;27834;nc
A;G004308;2805;morgan;brooke;matthews;23;f;w;clayton;hibiscus;108;27527;nc
B;G004308;2806;morgan;brooke;matthews;23;f;w;wilmington;old garden;5630;28403;
B;G003537;2807;kay;speas;brown;83;f;w;lewisville;shallowford reserve;370;27023;
A;G003537;2808;kay;speas;brown;83;f;w;yadkinville;speer bridge;1916;27055;nc
A;G003258;2809;ernest;zachary;alderman;59;m;b;durham;arrowwood;24;27712;nc
B;G003258;2810;ernest;zachary;alderman;59;m;b;cary;alamosa;208;27519;nc
A;G004370;2811;steven;ray;rhodes;29;m;w;clayton;creekside;804;27520;nc
B;G004370;2812;steven;ray;rhodes;29;m;w;wilmington;dolphin;908;28403;nc
A;G001709;2813;ellen;forderhase;de graffenreid;49;f;u;pittsboro;spindlewood;652;27312;ky
B;G001709;2814;ellen;forderhase;de graffenreid;49;f;w;carrboro;old fayetteville;222;27510;ky
B;G003074;2815;janiece;latwan;ross;36;f;b;durham;meriwether;4001;27704;nc
A;G003074;2816;janiece;latwan;ross;36;f;b;durham;chapel hill;2836;27707;nc
A;G004114;2817;sarah;beth;mcspadden;31;f;w;west jefferson;collins;173;28694;nc
B;G004114;2818;sarah;beth;mcspadden;31;f;w;yadkinville;silver lake;2040;27055;nc
A;G001860;2819;misty;dawn;williams;44;f;w;marble;lee williams;210;28905;nc
B;G001860;2820;misty;dawn;williams;44;f;w;topton;little choga;2505;28781;nc
B;G003820;2821;clinton;leroy;mathis;53;m;w;waynesville;mica mine;101;28786;nc
A;G003820;2822;clinton;leroy;mathis;53;m;w;waynesville;kimberly;135;28786;nc
A;G004058;2823;carey;allen;evick;61;m;w;statesville;winchester;3325;28625;ma
B;G004058;2824;carey;allen;evick;61;m;w;huntersville;henderson hill;12330;28078;md
B;G002141;2825;william;c;basmagy;59;m;w;fayetteville;bloomsbury;5913;28306;ny
A;G002141;2826;william;christopher;basmagy;59;m;w;sanford;oak branch;241;27330;ny
B;G001832;2827;monica;anne;bintz;37;f;w;pittsboro;hamlet chapel;2033;27312;ny
A;G001832;2828;monica;;bintz;37;f;w;durham;mallard;609;27701;ny
A;G003928;2829;donald;james;forbus;58;m;w;raeford;myra;979;28376;ca
B;G003928;2830;donald;james;forbus;58;m;w;lumberton;hayes;106;28358;
A;G002382;2831;becky;lynn;lesane;48;f;i;fayetteville;bridgeton;1514;28312;nc
B;G002382;2832;becky;lynn;lesane;48;f;i;lumberton;godwin;515;28358;nc
A;G003409;2833;gale;patrick;shaw;63;f;b;rocky mount;pickwick;101;27801;nc
B;G003409;2834;gale;macklin;shaw;63;f;b;rocky mount;williford;1233;27803;nc
B;G002473;2835;alexa;arielle;oakley;26;f;w;powells point;spot;249;27966;fl
A;G002473;2836;alexa;arielle;king;26;f;w;maple;ed sawyer;128;27956;fl
B;G002533;2837;carroll;douglas;holden;76;m;w;thomasville;parkdale;110;27360;nc
A;G002533;2838;carroll;douglas;holden;76;m;w;thomasville;stemp everhart;1823;27360;
B;G000768;2839;chloe;nicole;satter;26;f;w;asheville;logan;45;28806;nc
A;G000768;2840;chloe;nicole;satter;26;f;w;durham;duke;1000;27701;nc
A;G003319;2841;taylor;marie;henning;26;f;w;chapel hill;spring meadow;6104;27517;ks
B;G003319;2842;taylor;marie;henning;26;f;w;charlotte;altondale;121;28207;ks
B;G006660;2843;sherone;michele;johnson;42;f;b;goldsboro;par;107;27530;
A;G006660;2844;sherone;michelle;johnson;42;f;b;kenly;frank;9001;27542;va
A;G004266;2845;edgardo;;agosto;53;f;w;clayton;forest glade;39;27527;pr
B;G004266;2846;edgardo;;agosto;53;m;m;cary;park;603;27511;pr
A;G005290;2847;anita;rochelle;deegan;75;f;w;aberdeen;lighthorse;430;28315;nj
B;G005290;2848;anita;hope rochelle;deegan;75;f;w;laurinburg;coble;12741;28352;nj
B;G004650;2849;thomas;lee;anderson;43;m;w;charlotte;carolyn;1519;28205;il
A;G004650;2850;thomas;lee;anderson;43;m;w;hillsborough;patrick henry;1706;27278;il
A;G005470;2851;janice;beth;van amberg;67;f;w;wilmington;sirius;5429;28405;il
B;G005470;2852;janice;beth;van amberg;67;f;w;raleigh;glen eden;2501;27612;il
B;G003082;2853;harriett;jones;partlow;62;f;u;durham;rose garden;15206;27707;sc
A;G003082;2854;harriett;jones;partlow;62;u;b;morrisville;kudrow;2921;27560;
A;G001245;2855;devaughn;joseph;keith;69;m;w;concord;irish potato;540;28025;tn
B;G001245;2856;devaughn;joe;keith;69;m;w;kannapolis;poplar;610;28081;
A;G003835;2857;joy;felicia;lunn;77;f;w;waynesville;dolata;157;28786;il
B;G003835;2858;joy;felicia;lunn;77;f;w;columbus;laurel lake;615;28722;il
A;G000017;2859;bethany;elizabeth;gilmore;22;f;b;graham;main;217;27253;nc
B;G000017;2860;bethany;elizabeth;gilmore;22;f;b;durham;cornwallis;1400;27713;nc
B;G006544;2861;stephen;thomas;petitjean;27;m;w;garner;madison farm;3200;27529;nj
A;G006544;2862;stephen;;petitjean;27;m;w;raleigh;neuse ridge;5304;27610;nj
A;G004934;2863;sandra;jean;austin;68;f;b;charlotte;oasis;2629;28214;wv
B;G004934;2864;sandra;jean;austin;68;f;b;indian trail;flagstone;3100;28079;wv
B;G002089;2865;amjad;;hussain;67;m;a;new bern;bermuda;132;28560;oc
A;G002089;2866;amjad;;hussain;67;m;o;eden;kennedy;127;27288;oc
A;G000577;2867;phillip;nathaniel;purcell;33;m;w;asheville;reed;1016;28804;nc
B;G000577;2868;phillip;nathaniel;purcell;33;m;w;hendersonville;huff;316;28739;nc
B;G006190;2869;hailey;samantha;chilton;28;f;w;germanton;pool side;1095;27019;nc
A;G006190;2870;hailey;samantha;chilton;28;f;w;pilot mountain;club house;295;27041;nc
A;G002854;2871;lance;adam;odvody;40;m;w;durham;dudley;21;27703;ne
B;G002854;2872;lance;adam;odvody;40;m;w;morrisville;shadow mountain;101;27560;ne
B;G001259;2873;jordan;scott;deloach;29;m;w;kannapolis;back bay;941;28083;la
A;G001259;2874;jordan;scott;deloach;29;m;w;wendell;wall;1119;27591;la
A;G004040;2875;katherine;michelle;hough;33;f;w;troutman;deer run;172;28166;nc
B;G004040;2876;katherine;m;hough;33;f;w;charlotte;colony crossing;3709;28226;
A;G000498;2877;james;robert;denny;43;m;w;fletcher;briarwood;6;28732;fl
B;G000498;2878;james;robert;denny;43;m;w;franklin;jim mann;121;28734;fl
B;G000326;2879;robert;glenn;hunt;60;m;w;oak island;62nd;321;28465;nc
A;G000326;2880;robert;g;hunt;60;m;w;huntersville;wedgewood;9240;28078;
B;G005888;2881;john;kenneth;mitchelson;34;m;w;greenville;boxwood;3804;27834;ga
A;G005888;2882;john;kenneth;mitchelson;34;m;w;apex;rowanwood;405;27523;ga
B;G005601;2883;lauren;michele;jordan;28;f;w;richlands;lakeview;1127;28574;ca
A;G005601;2884;lauren;michele;jordan;28;f;w;boone;king;422;28607;ca
A;G004340;2885;nicole;erin;luck;26;f;w;willow springs;pebblestone;104;27592;nc
B;G004340;2886;nicole;;luck;26;f;u;raleigh;viewcrest;5456;27606;
A;G000942;2887;gary;lamar;ray;59;m;w;morganton;causby;3976;28655;tn
B;G000942;2888;gary;lamar;ray;59;m;w;nebo;biggerstaff;398;28761;tn
A;G000990;2889;gary;;panepinto;63;m;w;concord;wellington chase;2455;28027;ny
B;G000990;2890;gary;;panepinto;63;m;w;charlotte;millstream ridge;3809;28269;ny
B;G001523;2891;tia;danielle;jones;37;f;w;newport;gales creek;560;28570;nc
A;G001523;2892;tia;danielle;jones;37;f;w;lexington;pearl;243;27292;nc
A;G000013;2893;gloria;mae;schweitzer;53;f;w;graham;sun;1203;27253;oh
B;G000013;2894;gloria;mae;schweitzer;53;f;w;sneads ferry;stillwater landing;100;28460;oh
B;G002409;2895;allison;paige;phillips;35;f;w;fayetteville;bryn mawr;1846;28304;nc
A;G002409;2896;allison;paige;phillips;35;f;w;hillsborough;livia;1521;27278;nc
B;G006458;2897;victor;gerome;mccanelley;28;m;b;raleigh;poole;6213;27610;nc
A;G006458;2898;victor;geronie;mccanelley;28;u;b;raleigh;hopson;4401;27604;
B;G006541;2899;monique;bell;covington;43;f;b;raleigh;clubhaven;11310;27617;nc
A;G006541;2900;monique;nicole;bell;43;f;b;goldsboro;rosewood;1301;27530;nc
A;G002840;2901;charles;thomas;anderson;38;m;w;mt olive;ivey;316;28365;nc
B;G002840;2902;charles;thomas;anderson;38;m;w;mt olive;grantham school;2459;28365;nc
A;G002976;2903;nancy;elizabeth;leavell;65;f;w;durham;denise;3213;27704;nc
B;G002976;2904;nancy;elizabeth;leavell;65;f;w;raleigh;shore view;3221;27613;nc
B;G003510;2905;ebony;nicole;watkins;22;f;b;winston salem;winterbrook;109;27105;nc
A;G003510;2906;ebony;nicole;watkins;22;f;m;chapel hill;old mill;806;27514;nc
A;G002632;2907;tiffany;stewart;mcguinn;37;f;w;winston salem;meadowlands;862;27107;nc
B;G002632;2908;tiffany;stewart;mcguinn;37;f;w;winston salem;benjamins;977;27103;nc
A;G004070;2909;grace;calabrese;benfield;70;f;w;troutman;park vista;111;28166;ny
B;G004070;2910;grace;calabrese;benfield;70;f;w;mount ulla;sloop;2445;28125;ny
B;G001194;2911;jeffrey;l;munn;48;m;w;concord;herrons nest;2349;28027;nc
A;G001194;2912;jeffrey;l;munn;48;m;w;charlotte;sutters hill;12200;28269;nc
B;G000148;2913;daryl;wayne;clark;51;m;b;burlington;mckinney;2808;27217;nc
A;G000148;2914;daryl;wayne;clark;51;m;b;mebane;pleasant woods;5508;27302;nc
B;G001921;2915;citori;nicole;swink;21;f;w;shelby;sneed;1718;28150;nc
A;G001921;2916;citori;nicole;swink;21;f;w;fairmont;iona;1004;28340;
A;G004590;2917;zachary;austin;boswell;26;m;w;williamston;hidden lakes;1135;27892;va
B;G004590;2918;zachary;austin;boswell;26;m;w;raleigh;canyon rock;1210;27610;va
A;G004042;2919;robert;michael;page;42;m;w;davidson;easter;125;28036;de
B;G004042;2920;robert;michael;page;42;m;w;salisbury;miller;119;28144;de
A;G002878;2921;jeffrey;michael;perlstein;41;m;w;durham;hope valley;3118;27707;
B;G002878;2922;jeffrey;michael;perlstein;41;m;w;chapel hill;zapata;105;27517;il
B;G004539;2923;katie;zeiher;bromley;37;f;w;lincolnton;rock dam;2620;28092;mn
A;G004539;2924;katie;marie;zeiher;37;f;w;charlotte;cliffside;8101;28270;mn
A;G005008;2925;perla;samantha;castro;22;f;o;charlotte;waterford lakes;7607;28210;ca
B;G005008;2926;perla;samantha;castro;22;f;w;boone;eric;214;28607;ca
B;G005133;2927;breanna;ponzi;linn;27;f;w;charlotte;brookdale;2022;28210;nc
A;G005133;2928;breanna;marie;ponzi;27;f;w;goldsboro;handley acres;506;27534;nc
A;G000999;2929;donald;wesley;lockhart;71;m;w;harrisburg;kensington;8113;28075;wa
B;G000999;2930;donald;wesley;lockhart;71;m;w;williamston;us highway 17;6000;27892;nc
A;G005399;2931;douglas;raymond;cressy;69;m;w;wilmington;kenningston;1005;28405;ny
B;G005399;2932;douglas;raymond;cressy;69;m;w;wilmington;kenningston;1005;28405;ny
B;G003727;2933;tiffany;renae;oden;34;f;w;winston salem;kaywood;2326;27103;va
A;G003727;2934;tiffany;renae;oden;34;f;w;salisbury;ellis;631;28144;va
A;G001088;2935;thomas;tracy;hosbein;60;m;w;concord;stacybrook;107;28025;
B;G001088;2936;thomas;tracy;hosbein;60;m;w;concord;flicker;627;28027;in
B;G001794;2937;margaret;ann smith;stone;70;f;b;siler city;matthews;151;27344;nc
A;G001794;2938;margaret;ann;stone;70;f;b;cameron;bryant;814;28326;nc
A;G003132;2939;paul;;cameron;56;m;w;durham;sprunt;2308;27705;nc
B;G003132;2940;paul;angus;cameron;56;m;w;carrboro;oak;103;27510;nc
B;G004668;2941;sedrick;ray;jordan;33;m;b;charlotte;springmont;1410;28208;nc
A;G004668;2942;sedrick;ray;jordon;33;m;b;charlotte;willow;2852;28208;
B;G005787;2943;courtney;love;clodfelter;25;f;b;washington;east;122;27889;nc
A;G005787;2944;courtney;love;clodfelter foreman;25;f;b;washington;dana;502;27889;nc
B;G006552;2945;tammy;lowraine;lynch;55;f;b;raleigh;peyton;512;27610;nc
A;G006552;2946;tammy;lowraine;lynch;55;f;b;garner;forestwood;105;27529;nc
B;G001215;2947;pamela;greene;cannon;52;f;w;concord;poplar tent;4910;28027;nc
A;G001215;2948;pamela;greene;cannon;52;f;w;charlotte;spratt;534;28206;nc
A;G004292;2949;jessica;martha;hammonds;36;f;w;garner;fawnlilly;105;27529;pa
B;G004292;2950;jessica;martha;hammonds;36;f;w;raleigh;oak run;325;27606;pa
A;G002738;2951;john;phillip;hobbs;47;m;w;thomasville;oak meadow;10;27360;nc
B;G002738;2952;john;phillip;hobbs;47;m;w;archdale;rob cruthis;2771;27263;nc
A;G006546;2953;donielle;monique;mattis;26;f;b;morrisville;huntersville;104;27560;va
B;G006546;2954;donielle;monique;mattis;26;f;b;cary;emerald downs;525;27519;va
B;G005244;2955;matthew;alan;carslaw;31;m;w;charlotte;hawthorne;808;28204;oc
A;G005244;2956;matthew;alan;carslaw;31;m;w;wilmington;4th;709;28401;oc
A;G001430;2957;charles;brooks;marriner;57;m;w;beaufort;comet;722;28516;nc
B;G001430;2958;charles;brooks;marriner;57;m;w;dudley;sleepy creek;134;28333;
A;G006292;2959;adaryll;b;windley;42;m;b;raleigh;dudley;1505;27610;nc
B;G006292;2960;adaryll;bernard;windley;42;m;b;raleigh;dudley;1505;27610;
B;G000581;2961;derek;j;ibarguen;43;m;w;asheville;sand hill;37;28806;me
A;G000581;2962;derek;james;ibarguen;43;m;w;brevard;millbrook;81;28712;me
B;G000342;2963;calvin;phillip;frady;70;m;w;southport;windward;5209;28461;nc
A;G000342;2964;calvin;phillip;frady;70;m;w;greenville;river chase;2610;27858;nc
A;G004622;2965;czarina;geneva;moore;31;f;b;charlotte;beatties ford;100;28216;nc
A;G000885;2966;cindy;;yang;28;f;a;connelly springs;knobs;7224;28612;ca
B;G004548;2967;jeremy;issac;pendleton;40;m;w;crouse;highway 150;2765;28033;nc
A;G002384;2968;aracelis;;pabon ramos;44;f;o;fort bragg;martin;131;28307;pr
A;G000184;2969;jeremy;leighton;wells;41;m;w;burlington;maple ridge;1204;27217;nc
B;G005584;2970;kathryn;demick;smith;45;f;w;gaston;bay;227;27832;ny
A;G006151;2971;george;nathan;lee;56;m;w;dunn;stone place;60;28334;nc
B;G003466;2972;lois;hudson;moore;66;f;w;tarboro;howard;300;27886;nc
A;G003632;2973;ashley;v;clark;39;f;w;winston salem;dewsbury;3707;27104;nc
A;G003631;2974;shakela;taquana;simmons;27;f;b;winston salem;glendare;320;27104;nc
A;G006183;2975;kelly;erin;graham;32;f;u;king;maple;138;27021;
B;G006524;2976;carl;stanley;depo;45;m;w;raleigh;dumfries;5805;27609;ia
B;G004452;2977;shaquana;teresa;delesbore;25;f;m;kinston;howard;1311;28501;
A;G005856;2978;melissa;sheridan;horsman;51;f;w;greenville;turtle creek;1110;27858;ma
A;G005988;2979;crystal;brummett;talent;40;f;w;archdale;aldridge;307;27263;nc
B;G000237;2980;laura;lynn;cramer;63;f;w;mebane;carden place;141;27302;mi
A;G006265;2981;daniel;;elliott;45;m;b;henderson;lynn haven;147;27536;nc
A;G006169;2982;curt;taylor;suneson;27;m;w;richfield;high rock;48400;28137;mn
A;G004735;2983;george;a;tolley;53;m;w;charlotte;canterwood;2107;28213;va
B;G003705;2984;shirley;cleveland;johnson;74;f;w;walkertown;york place;5215;27051;ny
A;G005750;2985;richard;;cushing;71;m;w;oriental;whittaker point;415;28571;mi
A;G002767;2986;huldah;norma jo;johnson;44;f;w;mocksville;stone wood;148;27028;nc
A;G006316;2987;kathryn;michelle;sayre;35;f;w;raleigh;caspan;1125;27610;ga
A;G000004;2988;alyssa;danielle;marion;30;f;w;burlington;spring;852;27215;ny
A;G002295;2989;jason;paul;dellarusso;39;m;w;hope mills;maidstone;5915;28348;nc
B;G006637;2990;jenna;catherine;wells;23;f;w;boone;crossing way;219;28607;ga
B;G004856;2991;george;a;medina;60;m;w;charlotte;long creek;341;28214;oh
B;G006566;2992;angela;dawn;cottrell;39;f;w;raleigh;cameo glass;5909;27612;nc
A;G003027;2993;wanda;marie;cothern;62;f;w;durham;ross;2551;27703;nc
B;G004124;2994;david;isaac;st clair;38;m;w;sylva;cope creek;960;28779;oh
A;G002794;2995;william;hampton;andrews;33;m;w;advance;kingsmill;415;27006;al
A;G006062;2996;deborah;adams;blackwell;61;f;b;reidsville;stewart store;293;27320;va
B;G006483;2997;travis;madison;jones;28;m;w;wake forest;camp kanata;14200;27587;nc
B;G005062;2998;anika;ifetayo;bailey;25;f;b;charlotte;modern;7037;28217;ny
A;G005958;2999;ariel;ann;gordon;27;f;w;randleman;applewood;3736;27317;nc
B;G001903;3000;danny;allen;eaker;49;m;w;cherryville;north shore;170;28021;nc
B;G006616;3001;linda;watson;miller;66;f;w;macon;davis dead end;236;27551;id
B;G006246;3002;erin;padgett;martin;30;f;w;monroe;hickory;3501;28112;nc
B;G002656;3003;sherry;roark;jones;47;f;w;thomasville;bonnie regan;646;27360;nc
A;G004859;3004;brian;w;koonce;42;m;w;charlotte;edindale;15011;28277;fl
B;G006087;3005;george;wilson;white;73;m;b;reidsville;wentworth;709;27320;nc
A;G005775;3006;paul;wendell;mickler;76;m;w;belhaven;water;100;27810;ga
A;G004356;3007;sergio;;chavez;26;m;o;angier;happy trails;149;27501;ca
B;G003477;3008;kendra;alexa;mark;20;f;b;winston salem;wssu;0;27110;nc
B;G005895;3009;christopher;lance;froneberger;33;m;b;greenville;meade;108;27858;nc
A;G006410;3010;dene;rogier;perry;49;f;w;wendell;commander;105;27591;sc
A;G002583;3011;david;brian;seus;40;m;w;high point;long leaf;6320;27265;ny
A;G006587;3012;kimberly;a;kramer;43;f;w;raleigh;davidson;900;27609;nc
A;G005116;3013;jamie;lee;mccoy;37;m;w;charlotte;hawk roost;11408;28214;ky
A;G004784;3014;john;harold;wilkes;45;m;w;charlotte;whitlock crossing;11171;28273;sc
B;G002670;3015;terry;demetrius;russell;39;m;b;lexington;wintergreen;130;27295;ga
A;G006152;3016;john;marks;cooper;79;m;w;newton grove;roanoke;6551;28366;nc
A;G005714;3017;derek;john;holmgren;33;m;w;carrboro;eugene;108;27510;co
B;G002210;3018;venus;contesia;hamilton;45;f;b;fayetteville;flintcastle;4712;28314;
A;G006681;3019;jared;blake;williamson;33;m;w;walstonburg;nc hwy 91;7319;27888;nc
B;G005964;3020;stefanie;jenkins;thomas;36;f;w;pleasant garden;fred east;6019;27313;nc
B;G002366;3021;monica;maria;taveras;40;f;o;fayetteville;rim;808;28314;oc
A;G000367;3022;amy;lynn;boltz;34;f;w;bolivia;breezewood;797;28422;nc
A;G003408;3023;arnetrius;;applewhite;41;f;b;rocky mount;farmington;1705;27801;nc
A;G006582;3024;charles;joseph;smith;36;m;w;raleigh;kaplan;5521;27606;nc
B;G003967;3025;debra;fields;wood;65;f;w;mooresville;wallaces grant;124;28115;nc
B;G000177;3026;kelly;michelle;bower;33;f;w;burlington;old st mark s church;1720;27215;oh
A;G004983;3027;tameisha;yvette;bell;44;f;b;charlotte;hackberry grove;4650;28269;co
B;G003874;3028;david;alan;keck;43;m;w;hendersonville;live oak;208;28791;mi
A;G005360;3029;jangi;jasmine;hamby;26;f;b;rocky mount;deerchase;1129;27804;nc
B;G006625;3030;robert;curtis;rein;28;m;w;boone;mary jean;127;28607;nc
B;G004780;3031;marty;b;scott;62;m;w;charlotte;summerpond;5425;28226;ky
A;G000819;3032;natalie;dawn;wise;32;f;w;asheville;stratford;412;28804;nc
B;G004097;3033;brenda;carolynn;carroll;73;f;w;stony point;june bug;183;28678;nc
A;G003674;3034;james;raeford;parrish;79;m;w;winston salem;brockton;1535;27106;nc
A;G002822;3035;nathaniel;xavier;mcclamb;20;m;b;warsaw;gum;729;28398;nc
A;G002135;3036;rodric;earl;drake;49;m;w;spring lake;pine knoll;1151;28390;wi
A;G003576;3037;situ;;shrestha;34;f;o;winston salem;first;614;27101;oc
A;G002693;3038;rebekah;lynn;newsome;48;f;w;clemmons;frye bridge;708;27012;nc
B;G003110;3039;michael;;hayes;27;u;u;durham;roxboro;2601;27704;nc
B;G001638;3040;lois;anne;mcfall;70;f;w;catawba;hudson chapel;6201;28609;
B;G006528;3041;faisal;ahmad;daud;37;m;o;cary;belrose;203;27513;ky
A;G002634;3042;rebecca;jean;jackson;33;f;w;high point;election oak;5913;27265;ny
B;G002712;3043;terry;stephen;hughes;67;m;w;thomasville;rebecca;186;27360;
A;G002374;3044;clinetta;antoinette;silver;28;f;b;fayetteville;crescent commons;921;28314;nc
B;G003568;3045;jaimee;lynn;thomas;38;f;w;winston salem;birch creek;4245;27106;ny
A;G003373;3046;brenda;tracey anne;patterson;52;f;b;durham;fenimore;3023;27703;ny
B;G005952;3047;ashley;deshaun;jackson;28;m;u;columbus;jackson hollow;158;28722;
B;G005075;3048;kimberly;felts;castro;37;f;w;charlotte;alvarado;10345;28277;nc
A;G004641;3049;william;ryan;clark;40;m;w;huntersville;bluff meadow;12405;28078;va
B;G005994;3050;margaret;dehart;mick;73;f;w;trinity;jordan valley;5118;27370;nc
B;G006245;3051;patricia;elizabeth;mickel;68;f;w;monroe;wood duck point;516;28112;nc
B;G006680;3052;kay;lynne;taylor;50;f;w;wilson;saddle run;4420;27896;ia
B;G006425;3053;melody;katrice;merritt;28;f;b;knightdale;rutledge landing;1221;27545;nc
B;G000064;3054;daniel;paul;kriss;50;m;w;burlington;lake;2223;27215;
A;G006225;3055;cheryl;jean;winn;58;u;w;brevard;johnson;44;28712;in
A;G006451;3056;kendall;dickens;walls;31;f;u;raleigh;crescentview;5405;27606;nc
B;G001887;3057;chassity;marie;thornton;40;f;w;kings mountain;stowe acres;107;28086;in
A;G004183;3058;beatrice;;naquin;89;f;w;benson;nc 242;2315;27504;nc
B;G006415;3059;carol;ann;withrow;79;f;w;wendell;marshburn;717;27591;ny
A;G005920;3060;abigail;russell;parker;33;f;w;greenville;old creek;2201;27834;nc
B;G002763;3061;john;andreas;kazakos;36;m;w;bermuda run;sycamore ridge;211;27006;nc
A;G006070;3062;lawrence;louis;shornack;82;m;w;madison;hawks nest;141;27025;nj
B;G006261;3063;stephanie;lett;phifer;39;f;w;marshville;lawyers;6707;28103;oc
A;G003849;3064;charles;thomas;grice;35;m;w;maggie valley;dogwood;926;28751;nc
A;G004242;3065;eric;dale;charlton;54;m;w;clayton;farmington;116;27520;ky
A;G004791;3066;stephen;c;ryan;45;m;w;charlotte;canterbury hill;1317;28211;al
A;G006291;3067;emily;evans;barneycastle;29;f;w;henderson;carolina;935;27536;nc
B;G006160;3068;fredrick;lamont;ivey;45;m;b;laurinburg;vance;615;28352;nc
A;G005452;3069;annette;teresa;adams;64;f;w;wilmington;shipwatch;8811;28412;nc
A;G004428;3070;kirk;karl;kindl;28;m;w;sanford;creekview;1148;27330;
A;G004709;3071;mary;cale;heisey;25;f;m;charlotte;7th;2108;28204;pa
B;G004903;3072;trey;brandon;armstrong;25;m;b;charlotte;frank vance;4395;28216;fl
B;G003669;3073;david;terry;mcclure;45;m;w;winston salem;cool water;140;27107;nj
A;G006644;3074;kaleb;seth;chaparro;18;m;m;boone;locust east dorm;175;28608;
B;G005965;3075;lashea;ann;brown;28;f;w;asheboro;nc hwy 134;4220;27205;nc
B;G003616;3076;kevin;john;driscoll;52;m;w;belews creek;rangecrest;6778;27009;ri
A;G005702;3077;david;paul;krivonak;66;f;w;chapel hill;dogwood;522;27516;ri
A;G003447;3078;makeisha;sherrell;pittman;30;f;b;rocky mount;otis;114;27801;nc
A;G003028;3079;anna;michelle;crane;31;f;w;durham;clarion;803;27705;va
B;G003496;3080;brian;ace;honey;41;m;w;kernersville;glen ridge;1798;27284;pa
A;G003459;3081;kevin;omega;speight;24;m;b;whitakers;speight chapel;3334;27891;nc
A;G005978;3082;barbara;;brailsford green;62;f;b;archdale;ashbrook;6136;27263;sc
A;G000140;3083;joseph;williamson;stewart;47;m;w;burlington;huntington;710;27215;nc
B;G006234;3084;casey;shane;shipman;46;m;w;bladenboro;hemlock;714;28320;nc
A;G002528;3085;patsy;gale;jones;70;f;w;lexington;jolly;1092;27292;nc
B;G005196;3086;carol;godfrey;blake;82;f;w;charlotte;prosperity church;5101;28269;sc
B;G006405;3087;arthur;william;murphy;42;m;w;raleigh;boxwood;4204;27612;oc
A;G004691;3088;valerie;pearl;owens;40;f;o;charlotte;illoria;10126;28273;nj
B;G006297;3089;ryan;david;moody;35;m;w;cary;blackshoals;600;27511;nc
B;G005688;3090;ryan;s;schneider;31;m;w;chapel hill;ellen;4;27514;de
A;G002650;3091;larry;macks;owen;60;m;w;lexington;travis;138;27295;nc
B;G005454;3092;laurie;frances;white;53;f;w;wilmington;crestwood;302;28405;sc
A;G004726;3093;mildred;;olivera;57;f;o;charlotte;amber glen;11206;28269;pr
B;G006288;3094;durwyn;perry;clifton;51;m;b;henderson;jefferson;695;27536;nc
A;G001142;3095;jacqueline;;campbell;57;f;b;kannapolis;wood;404;28083;ga
B;G006629;3096;tyson;robert;langdon;47;m;w;sugar grove;waterdog;225;28679;oh
B;G002657;3097;casey;lee;kram;26;m;w;lexington;stephanie;458;27295;fl
A;G002662;3098;mary;allison;quinn;62;f;w;winston salem;meadowlands;1089;27107;pa
A;G001082;3099;pamela;renee;taylor;48;f;w;kannapolis;desoto;1004;28083;
B;G006252;3100;michael;james;humphrey;42;m;w;monroe;beaver dam;3117;28110;nc
A;G004938;3101;tiffany;crystal;meyers;35;u;u;charlotte;tryon;3815;28206;
A;G001622;3102;philip;albert taylor;dellinger;45;m;w;hickory;9th st;1913;28602;nc
A;G004500;3103;la paris;deshawn;crawford;31;f;b;stanley;sifford;7511;28164;nc
A;G005997;3104;bethany;mitchell;solberg;45;f;w;randleman;teal;4872;27317;nc
A;G006166;3105;kymberlee;charmayne;bradley;26;f;b;norwood;clearview;100;28128;nc
A;G006594;3106;lucia;fernanda;doss;49;f;w;wake forest;pearce;430;27587;nc
A;G003580;3107;joseph;randolph;rumley;37;m;w;kernersville;fall;408;27284;nc
A;G005905;3108;alexcia;grant;gill;21;f;b;greenville;gateway west hall;569;27858;nc
A;G000780;3109;james;ranelins;mayberry;55;m;w;candler;glider;316;28715;nc
A;G006412;3110;christin;kiel;johnson;33;f;w;raleigh;makena;5104;27615;wv
B;G001885;3111;jacob;evan;wilson;32;m;w;kings mountain;crystal brook;122;28086;nc
B;G001608;3112;frederick;harding;martin;67;m;w;catawba;alley;6023;28609;
B;G004456;3113;neferteria;alisa;green;35;f;b;kinston;davis;316;28501;ny
A;G005902;3114;sharde;yvetta mae;jones;33;f;b;greenville;norcott;1814;27834;nc
B;G004398;3115;revonia;tuedt;belcher;40;f;b;sanford;evergreen;429;27330;nc
A;G003556;3116;janice;marie;mbaye;54;f;b;winston salem;moses lucas;290;27101;oc
B;G000225;3117;tishy;nicole;vincent;39;f;b;burlington;la vista;2322;27215;nc
B;G004448;3118;asa;haul;haddock;89;m;w;la grange;keith hills;4336;28551;nc
B;G006558;3119;lawrence;connell;jones;55;m;b;zebulon;watsonia;3018;27597;nc
A;G006504;3120;teon;keshaw;parker;22;m;b;raleigh;willowglen;8200;27616;
A;G001868;3121;elliott;leroy;jones;59;m;b;edenton;kimberly;407;27932;
B;G002733;3122;margie;hoover;goodin;81;f;w;winston salem;rosemary;157;27107;nc
B;G005867;3123;james;epheriam;brady;44;m;w;fountain;church;3327;27829;
B;G002579;3124;anum;;rashid;31;f;o;high point;turtle rock;1240;27265;nc
A;G000125;3125;robert;james;muszynski;75;m;w;gibsonville;alyssa;104;27249;ct
B;G003606;3126;john;joseph;heaphy;62;m;w;winston salem;oak summit;160;27105;ny
B;G001319;3127;briana;;mcguine;25;f;b;kannapolis;jonathan;201;28083;
A;G004476;3128;bethany;grace;rouse;35;f;w;grifton;skeeter pond;6563;28530;wv
B;G005995;3129;rosetta;clarice;joyner;78;f;b;trinity;old school;5412;27370;nc
A;G004920;3130;rhonda;annette;young;53;f;w;matthews;savannah hills;3409;28105;nc
B;G002437;3131;tenika;lanelle;garner;35;f;b;fayetteville;murchison;1200;28301;nc
A;G004828;3132;cathy;blanton;carpenter;60;f;w;charlotte;long creek green;9506;28216;
B;G005013;3133;jeffrey;p;drummond;58;m;w;charlotte;camelback;10441;28226;
B;G004694;3134;rebecca;lynn;judd;40;f;w;charlotte;huntington meadow;11240;28273;wv
B;G000117;3135;alysia;mae;whitley;28;f;w;haw river;rolling;618;27258;nc
A;G001583;3136;jason;scott;byrd;48;m;w;hickory;20th av;1655;28601;oh
A;G003554;3137;solomon;;colvin jones;29;m;b;kernersville;tom;103;27284;nc
B;G004039;3138;elaska;john;williams;39;m;b;statesville;adkins;118;28677;nc
B;G002707;3139;aaron;michael;sorgius;44;m;w;kernersville;celo knob;124;27284;wi
A;G006671;3140;monica;elizabeth;doyle;29;f;w;wilkesboro;alpine;212;28697;nc
B;G000144;3141;page;hamilton;alberts;55;f;w;burlington;friendship patterson mill;5318;27215;nc
A;G005168;3142;alisa;tisdale;ewald;33;f;w;charlotte;wensley;2227;28210;sc
A;G006048;3143;kristin;arelia;brewington;27;f;i;pembroke;stanley;49;28372;nc
A;G006585;3144;james;clifford;cobbett;51;m;w;wendell;woodie;2709;27591;nh
A;G001414;3145;thomas;brungart;keefer;52;m;w;morehead city;pamlico;210;28557;nc
B;G002563;3146;julia;tilley;easter;51;f;w;winston salem;ruth;110;27127;nc
A;G006130;3147;james;rayford;cartner;70;m;w;salisbury;waters;430;28146;nc
A;G004684;3148;morghan;kyla;day;27;f;b;charlotte;jessica leigh;4039;28269;
B;G006630;3149;madeline;mei;blythe;21;f;a;boone;green;219;28607;oc
B;G002312;3150;jacqueline;mcdowell;norman;50;f;b;fayetteville;english;819;28314;ms
A;G006579;3151;audrey;p;moorefield;47;f;w;raleigh;shanda;6209;27609;nc
B;G005518;3152;sybil;hodge;stokes;66;f;w;wilmington;caliber;2911;28405;nc
A;G006126;3153;joseph;;eaddy;50;m;b;salisbury;ashwood;1030;28146;sc
B;G005582;3154;stephanie;daniell;taylor;33;f;b;garysburg;turner;134;27831;nc
B;G003602;3155;william;isiah shakur;graham;23;m;b;lewisville;marshall;7065;27023;nc
B;G003551;3156;david;keith;mclaughlin;73;m;w;winston salem;bridgton;1370;27127;sc
A;G006642;3157;erik;pearce;sommers;35;m;w;boone;glendamere;111;28607;nc
A;G006218;3158;mildred;brantley;williams;69;f;w;elkin;ivy;200;28621;nc
A;G005581;3159;crystal;patrice;denson;36;f;b;jackson;church;502;27845;va
A;G005938;3160;michael;david;galligan;23;m;w;greenville;treybrooke;800;27834;nc
A;G006083;3161;theresa;f;woodle;60;f;w;reidsville;wheeler;439;27320;nc
B;G004909;3162;vionda;annette;jeffries;48;f;b;charlotte;mayapple;5904;28269;ny
A;G006239;3163;anna;michelle;boswell;45;f;w;wingate;belk mill;3322;28174;nc
A;G002690;3164;grace;;duarte;33;f;w;thomasville;doak;1004;27360;tx
B;G004919;3165;kristofer;alan;smith;39;m;w;charlotte;huntington meadow;10728;28273;ny
B;G000220;3166;charles;hammond;foster;62;m;w;burlington;gun;2148;27215;co
A;G006426;3167;gail;;flowers;61;f;b;raleigh;gateway park;730;27601;nc
B;G001944;3168;rebecca;elizabeth;hill;36;f;w;shelby;delta park;151;28150;nc
A;G005120;3169;natalee;;nieves;29;f;o;charlotte;endolwood;5002;28215;ny
A;G003983;3170;leanne;elizabeth;king;25;f;w;mooresville;blackberry creek;152;28115;nc
A;G006578;3171;sheila;r;gooding;59;f;w;raleigh;timber;5805;27606;nc
A;G006233;3172;rickey;dale;brockington;33;m;b;elizabethtown;owen hill;3570;28337;nc
B;G002547;3173;bridget;king;brewer;25;f;w;lexington;linwood southmont;11487;27292;nc
B;G005184;3174;joycelyn;nichole;bailey;35;f;b;charlotte;ebbets;10405;28273;pa
B;G004045;3175;david;b;robinson;63;m;w;statesville;river hill;1320;28625;
A;G006653;3176;leonard;duane;glance;75;m;w;goldsboro;tinderwood;104;27534;mi
A;G006120;3177;sarah;lane;lawrence;26;f;w;china grove;daugherty;1930;28023;sc
B;G000748;3178;john;michael;ray;29;m;w;asheville;turtle creek;404;28803;nc
A;G005961;3179;letreya;antoinette;parker;34;f;b;archdale;brookwood;809;27263;wy
B;G003731;3180;rachael;traylor;morales;31;f;w;winston salem;waverly dell;2209;27127;nc
A;G002947;3181;raymond;melton javon;summerville;39;m;b;durham;joel;27;27703;fl
B;G006569;3182;cary;bennett;ray;43;f;w;wake forest;red horse;741;27587;tx
B;G006568;3183;taylor;victoria ellen;mcghee;24;f;w;raleigh;m e valentine;3009;27607;nc
B;G005214;3184;frederick;leroy;parker;41;m;b;charlotte;rowan;842;28208;ny
B;G006004;3185;alvin;philbert;thomas;45;m;b;randleman;frazier view;731;27317;va
A;G002786;3186;jessica;smith;mendoza;35;f;w;advance;beauchamp;1259;27006;nc
B;G005197;3187;loretta;lasonya;parker;34;f;b;charlotte;graham;626;28202;nc
A;G005359;3188;linda;faye;arrington;43;f;b;rocky mount;meredith;109;27804;
B;G006068;3189;cynthia;ballard;casault;45;f;w;stokesdale;ellisboro;2568;27357;nc
B;G004984;3190;robert;w;proctor;41;m;w;charlotte;ideal;653;28203;nc
A;G004867;3191;badeer;m;bizri;39;m;w;charlotte;lansdale;1833;28205;nc
A;G002560;3192;joshua;robert;bush;37;m;w;high point;jennifer;806;27265;pa
A;G005830;3193;william;h;lueckenbach;59;m;w;hampstead;windsor;123;28443;wi
A;G006277;3194;katherine;anna;gerber;31;f;w;henderson;clark;124;27537;nc
A;G003528;3195;sean;lamont;thompson;37;m;b;kernersville;cherry cove;451;27284;nj
B;G003791;3196;robin;sue;berry;64;f;w;sanford;w d graham;106;27332;ny
B;G001159;3197;tauseef;;ahmed;62;m;o;harrisburg;breton;8176;28075;
A;G006540;3198;don;;fick;50;m;w;cary;gallberry;503;27519;ny
A;G003683;3199;curtis;dwight;stone;68;u;u;winston salem;falcon tree;1801;27127;va
A;G005051;3200;fred;clinton;christon;30;m;b;charlotte;charleston place;1800;28212;nc
A;G000740;3201;james;travis;keefer;52;m;a;leicester;colton;78;28748;in
B;G005586;3202;kyle;austin;kurtz;34;m;w;camp lejeune;eden;3222;28547;ky
B;G005236;3203;paul;bruce;papazis;22;m;w;charlotte;weavers glenn;145;28262;nc
A;G002566;3204;hali;ann;bateman;29;f;w;winston salem;aztec;119;27107;nc
B;G005058;3205;jarod;nicholaus;haynes;21;m;w;charlotte;university city;9201;28223;
B;G006270;3206;hoytte;douglas;herrin;69;m;w;henderson;stratford;94;27537;nc
B;G005899;3207;alden;janelle;quick;28;f;b;greenville;jones hall;316;27858;nc
A;G004854;3208;estella;m;johnson;47;f;i;charlotte;choyce;1229;28217;ca
B;G000003;3209;evan;nathaniel;workman;20;m;w;snow camp;mt hermon rock creek;6378;27349;
A;G000224;3210;eddie;michael;headen;64;m;b;graham;parker;207;27253;nc
A;G002613;3211;stephen;clark;anderson;32;m;w;thomasville;deerfield;18;27360;va
A;G000185;3212;jason;;mccrimmon;36;m;b;burlington;dorsett;2201;27215;nc
B;G005696;3213;mary;wagner;cook;62;f;w;mebane;hunters;615;27302;nc
A;G002890;3214;rogers;;miller;69;m;b;durham;plum;1023;27701;sc
B;G003536;3215;michelle;lynn;swisher;25;f;w;walkertown;clover;1990;27051;nc
B;G000610;3216;amy;temple;kasdorf;65;f;w;candler;pete luther;186;28715;pa
A;G005973;3217;terry;white;worrell;58;f;w;asheboro;cranford;164;27203;nc
A;G004765;3218;melody;renee;pace;62;f;w;charlotte;riverhaven;11625;28214;nc
B;G006495;3219;emily;frances;lowe;24;f;w;raleigh;penny;5512;27606;nc
B;G006306;3220;kaitlyn;elizabeth christina;scales;25;f;w;apex;brycker;1303;27502;nj
A;G000038;3221;jeffrey;alan;apple;47;m;w;gibsonville;park;823;27249;nc
A;G001978;3222;jasmine;yvette;mcclendon;26;f;b;chadbourn;brown;321;28431;nc
A;G004700;3223;brandon;lamar;gause;27;m;b;charlotte;wagon oak;6608;28212;
A;G003495;3224;alex;vernon;starbuck;31;m;w;kernersville;oakhurst;302;27284;nc
A;G005827;3225;paul;scott;faris;77;m;w;surf city;sea urchin;105;28445;sc
B;G006098;3226;kadarious;detron;williams;26;m;b;lewiston woodville;piney woods;825;27849;nc
A;G003490;3227;jerome;antione;davis;53;m;b;winston salem;patterson;3035;27105;nc
B;G005799;3228;gretchen;goldthwaite;gilmore;45;f;w;elizabeth city;fearing;511;27909;ma
B;G004959;3229;danny;ray;vanover;62;m;w;charlotte;susanna;12113;28214;tn
B;G005969;3230;ronald;alan;powers;68;m;w;bennett;howard mill;7808;27208;nc
B;G000007;3231;william;weldon;jones;43;m;w;burlington;shadowbrook;223;27215;nc
A;G005770;3232;bonnie;kostello;rhudy;50;f;w;washington;simmons;214;27889;nc
B;G005307;3233;arthur;william;huey;30;m;w;pinehurst;diamondhead;70;28374;wi
B;G006436;3234;melanie;w;mohlmann;44;f;w;wake forest;highland;1300;27587;nc
B;G004038;3235;john;lynn;crews;73;m;w;statesville;morningstar;105;28677;nc
A;G000170;3236;charles;phillip;jordan;45;m;w;burlington;nc hwy 62;6166;27215;nc
B;G002525;3237;karen;wall;lovett;60;f;w;winston salem;nc highway 109;8726;27107;fl
B;G006537;3238;joseph;andrew;cobb;31;m;w;raleigh;straight a way;11948;27613;nc
B;G000021;3239;david;snowden;liford;67;m;w;burlington;commerce;3121;27215;oh
B;G001907;3240;kimberly;brown;hefner;42;f;w;shelby;lafayette;221;28150;tx
A;G005585;3241;barbara;shipe;mullin;69;f;w;jacksonville;christine;721;28540;ny
A;G004699;3242;emerson;lee;claypoole;53;m;w;charlotte;alexander martin;10484;28277;ky
B;G006162;3243;eleanor;jo;moore;79;f;w;new london;oak;107;28127;nc
A;G004521;3244;michael;shane;picklesimer;62;m;w;iron station;highway 27;4400;28080;nc
A;G004989;3245;katharine;shuster;correll;35;f;w;charlotte;greentree;1037;28211;
B;G000151;3246;jeffrey;john;tsacoumangos;48;m;w;burlington;garden;3508;27215;mi
A;G001909;3247;alba;;mendez;72;f;o;kings mountain;erskine;714;28086;oc
B;G006421;3248;andrew;joseph;snyder;68;m;w;wake forest;brierroot;309;27587;
A;G004528;3249;caleb;wiley;cato;30;m;w;lincolnton;palisades;214;28092;nc
A;G001852;3250;arlene;riddle;dockery;58;f;w;andrews;aquone;635;28901;nc
B;G005129;3251;asher;corey;coombs;21;m;b;charlotte;buckleigh;2912;28215;nc
A;G004768;3252;jesse;kenneth;clark;35;m;w;charlotte;olmsted;9225;28262;nc
B;G006402;3253;dominic;vincent;leuci;36;m;w;raleigh;mountain mill;1301;27614;nj
B;G005253;3254;casandra;devondra;bennett;19;f;b;mt gilead;haywood;307;27306;nc
A;G000536;3255;william;bachus;westall;70;m;w;candler;laurel hill;38;28715;nc
A;G006003;3256;michael;aaron;yuhasz;44;m;w;thomasville;new york;106;27360;oh
B;G003213;3257;fantasia;le carol;jones;30;f;b;durham;fayetteville;1801;27707;ca
A;G002630;3258;ronald;paul;notarianni;60;m;u;high point;forester;758;27265;ri
A;G006110;3259;brianna;nichole;el;24;f;b;salisbury;innes;2300;28144;
B;G000782;3260;joan;w;davidson;69;f;w;asheville;nixon;20;28805;
A;G005145;3261;james;b;linder;88;m;w;charlotte;34th;1215;28205;
B;G004774;3262;tamara;leigh;blankenship;52;f;w;charlotte;poppy hills;6772;28226;wv
B;G003541;3263;janine;alyssa;kretzschmar;31;f;w;winston salem;wyngate village;4928;27103;oh
B;G006437;3264;geoffrey;;middlebrooks;55;m;w;holly springs;arbor wynds;105;27540;md
B;G006427;3265;jarod;bryne;hoffman;20;m;w;cary;waterford forest;1838;27513;wv
A;G004644;3266;holly;lynn;haas;39;f;w;charlotte;open field;3331;28226;il
A;G001939;3267;amanda;sue;kohl;51;f;w;lawndale;casar belwood;927;28090;
B;G006466;3268;debra;ann;dixon;59;f;w;raleigh;kennington park;14112;27614;ny
A;G003670;3269;addison;davis;oliver;56;m;w;kernersville;tulane;900;27284;ks
B;G006294;3270;james;michael;defrancisco;57;m;w;raleigh;lynn ridge;3220;27613;ny
A;G006658;3271;charles;lavern;edmundson;54;m;b;goldsboro;dixie;600;27530;
A;G004490;3272;chazz;jamahl;surratt;21;m;b;lincolnton;arbor run;207;28092;nc
A;G005975;3273;andrew;perry;nelson;45;m;w;randleman;old castle;659;27317;nc
A;G003869;3274;jayme;dale;mallindine;29;f;w;hendersonville;creekwalk;135;28792;nc
B;G006586;3275;gabriela;b;moore;66;f;w;knightdale;cotton top;5512;27545;oc
A;G002882;3276;marcus;james;dillon;39;m;w;durham;horseshoe;1032;27703;nc
A;G000721;3277;margaret;lynne;smith;73;f;w;asheville;pace;300;28806;oh
B;G003918;3278;melvetta;shanae;martin;31;f;b;murfreesboro;antler;228;27855;nc
A;G003675;3279;melanie;hoffman;morris;44;f;w;kernersville;coltsgate;189;27284;nc
A;G006574;3280;hampton;gantt;apple;27;m;w;raleigh;scarlet maple;2119;27606;
A;G005304;3281;evelyn;champ;mead;96;f;w;southern pines;tanglewood;43;28387;ny
A;G005974;3282;courtney;michelle;foster;38;f;w;randleman;stout;112;27317;fl
A;G005064;3283;braulio;;culcay;23;m;u;huntersville;bryton;11216;28078;ny
B;G005091;3284;nancy;ann;summers;66;f;w;charlotte;kelso;10233;28278;wi
A;G004846;3285;roberta;b;underhill;78;f;w;charlotte;dunaire;3121;28205;
A;G004766;3286;elizabeth;anne;watkins;58;f;w;charlotte;sardis oaks;10135;28270;
A;G001544;3287;harold;ross;corbett;30;m;w;providence;park springs;1074;27315;nh
A;G006035;3288;marlene;nicole;miles;39;f;b;maxton;mccallum;311;28364;ny
A;G006094;3289;thomas;b;brown;67;m;b;eden;ridge;1304;27288;nj
B;G004758;3290;joseph;b;blumberg;38;m;w;charlotte;eargle;2501;28269;nc
A;G006456;3291;brian;eugene;montgomery;58;m;w;raleigh;summit arbor;4805;27612;in
B;G002723;3292;amanda;jo;phillips;28;f;w;winston salem;nc highway 109;6794;27107;
B;G005183;3293;ryan;william;pickett;31;m;w;matthews;laurel fork;801;28105;nc
B;G004662;3294;olympia;nicole;thompson;42;f;b;charlotte;mannington;3237;28270;
A;G006403;3295;laura;anne;wilt;46;f;w;wake forest;stroud;860;27587;il
A;G006242;3296;michelle;lee;goelzer;45;f;w;monroe;prospect pointe;6828;28112;nc
B;G000012;3297;jeffrey;scott;woodlief;47;m;w;graham;meadow green;1803;27253;nc
A;G004672;3298;gaetano;guy;ranno;36;m;w;charlotte;eastcrest;1507;28205;ma
A;G004969;3299;kia;jean;ellington;48;f;b;charlotte;glenfiddich;1108;28215;
A;G006123;3300;daniel;marcos;torres;33;m;w;salisbury;airport;2867;28147;ny
A;G004987;3301;lauren;elizabeth;seeley;36;f;w;charlotte;hackberry creek;6240;28269;ny
B;G000115;3302;karen;sienkeiwicz;boone;69;f;w;mebane;briarwood;1101;27302;ma
B;G002696;3303;dalton;issac;whitt;23;m;w;thomasville;kanoy;2705;27360;nc
A;G001814;3304;sandra;;gonzalez;50;f;u;siler city;olympia;114;27344;oc
A;G005021;3305;shelia;r;jackson;40;f;b;charlotte;mt kisco;1313;28213;nc
A;G004794;3306;devin;marie;andre;39;f;w;charlotte;pheasant glen;1912;28214;ny
B;G006073;3307;christian;omar;segarra;34;m;w;reidsville;swallow;2780;27320;ks
B;G006555;3308;katherine;nanney;aiken;29;f;w;raleigh;university woods;2000;27603;nc
B;G006439;3309;walter;neil;martin;55;m;w;raleigh;ivy hill;4212;27616;nc
B;G003086;3310;christopher;michael;burnette;28;m;b;durham;fieldcrest;9;27713;nc
B;G004960;3311;tyler;morgan;key;34;m;w;huntersville;drew;10103;28078;fl
B;G003605;3312;peggy;ann;theobald;68;f;w;winston salem;thornaby;3650;27107;
B;G005925;3313;benjamin;joel;aydelette;28;m;w;greenville;merry;28;27858;
A;G005618;3314;brenda sue;cox;mintz;73;f;w;swansboro;old hammock;238;28584;
A;G006464;3315;jaleel;james;johnson;24;m;b;raleigh;collegiate;1441;27606;nj
A;G005968;3316;vickie;may;gallimore;51;f;w;archdale;jessica;5243;27263;nc
A;G002250;3317;jalene;marie;griffith;39;f;w;fayetteville;sawtooth;320;28314;ca
B;G001581;3318;tanner;scott;helms;24;m;w;hickory;shakespeare;3896;28601;nc
B;G001984;3319;bianca;samone;faison;29;f;m;whiteville;mill pond;1740;28472;
A;G002768;3320;richard;wade;vaughan;67;m;w;advance;rainbow;466;27006;fl
B;G006400;3321;amber;y;vance;41;f;w;zebulon;pearces;1100;27597;nc
A;G003767;3322;adam;patrick;kemblowski;33;m;w;sanford;fox wood south;138;27332;ny
B;G005067;3323;mary;smutney;queen;38;f;w;charlotte;black sycamore;3943;28226;nc
B;G004722;3324;randy;deese;helms;71;f;w;cornelius;robbins pond;8939;28031;nc
A;G003561;3325;stacey;m;ladd;44;f;w;kernersville;bent creek;376;27284;fl
A;G006090;3326;john;sylvester;wheeler;70;m;b;reidsville;lala;270;27320;nc
B;G004675;3327;allen;lamar;mcbroom;34;m;b;charlotte;andover woods;7809;28210;nc
B;G005785;3328;russell;leo;chadwick;75;u;u;pantego;swamp;271;27860;nc
A;G006184;3329;brenda;;lapeyrolerie;59;f;i;walnut cove;old plantation;1377;27052;la
A;G001002;3330;jennifer;elaine;bullock;38;f;w;concord;dunberry;4613;28027;ny
B;G001002;3331;jennifer;elaine;bullock;38;f;w;charlotte;wingmont;7704;28269;ny
A;G001002;3332;jennifer;elaine;bullock;38;f;w;charlotte;valcourt;5130;28216;ny
A;G006413;3333;kathryn;marie;meyer;43;f;w;raleigh;astro;3412;27604;nj
B;G006413;3334;kathryn;marie;meyer;43;f;w;raleigh;astro;3412;27604;nj
A;G006413;3335;kathryn;m;conlin;43;f;w;raleigh;plainview;210;27604;nj
A;G004864;3336;daniel;sebastian;huffenus;54;m;w;charlotte;clavemorr glenn;8717;28226;nj
A;G004864;3337;daniel;sebastian;huffenus;54;m;u;charlotte;clavemorr glenn;8717;28226;nj
B;G004864;3338;daniel;sebastian;huffenus;54;m;w;waxhaw;iverson;1921;28173;nj
B;G003763;3339;emily;anne;woodrum;33;f;w;angier;james norris;1143;27501;nc
A;G003763;3340;emily;anne;woodrum;33;f;w;greenville;brownlea;117;27858;
A;G003763;3341;emily;woodrum;dejesus;33;f;w;fuquay varina;wilkes lake;2957;27526;nc
A;G004972;3342;sherri;belles;yager;49;f;w;charlotte;mahonia;10317;28277;pa
B;G004972;3343;sherri;belles;yager;49;f;w;matthews;waybridge;1200;28104;pa
A;G004972;3344;sherri;belles;yager;49;f;w;waxhaw;summit view;1905;28173;pa
B;G004823;3345;melissa;leigh;brown;39;f;w;matthews;longspur;3034;28105;nc
A;G004823;3346;melissa;leigh;brown;39;f;w;matthews;cedar chase;2813;28105;
A;G004823;3347;melissa;leigh;brown;39;f;w;matthews;matthews commons;915;28105;nc
A;G004642;3348;olga;julia;goodman;33;f;w;charlotte;vinca;9630;28213;ny
A;G004642;3349;olga;julia;cortez;33;f;u;charlotte;silverberry;1621;28214;ny
B;G004642;3350;olga;julia;goodman;33;f;u;charlotte;knights bridge;8346;28210;ny
A;G000519;3351;gay;ray;huff;80;f;w;leicester;green valley;367;28748;nc
B;G000519;3352;elsie;ray;huff;80;f;w;leicester;green valley;367;28748;
A;G000519;3353;gay;ray;huff;80;f;w;leicester;green valley;367;28748;nc
B;G000673;3354;jamie;leanne;gosey;24;f;w;fairview;cane creek;47;28730;nc
A;G000673;3355;jamie;leanne;gosey;24;f;w;mooresboro;lake;223;28114;nc
A;G000673;3356;jamie;leanne;gosey;24;f;w;boone;ambling way;289;28607;nc
B;G000709;3357;joseph;;scheliga;66;m;w;weaverville;white cedar;5;28787;ny
A;G000709;3358;joseph;;scheliga;66;m;w;garner;pisgah;104;27529;ny
A;G000709;3359;joseph;;scheliga;66;m;w;hampstead;topsail greens;127;28443;ny
A;G001449;3360;charlza;lynn;babcock;71;f;w;newport;chatham;154;28570;la
B;G001449;3361;charlza;lynn;babcock;71;f;w;new bern;wildlife;680;28560;la
A;G001449;3362;charlza;lynn;babcock;71;f;w;waynesville;crawford;410;28785;la
B;G003838;3363;weaver;ballou;haney;53;m;w;canton;cruso;14374;28716;nc
A;G003838;3364;weaver;ballou;haney;53;m;w;canton;cruso;14374;28716;nc
A;G003838;3365;weaver;ballou;haney;53;m;w;raleigh;ligon;2921;27607;nc
A;G002403;3366;johnathan;blair;ledford;31;u;u;fayetteville;pepperwood;947;28311;
B;G002403;3367;johnathan;blair;ledford;31;m;w;lincolnton;lancrest;130;28092;nc
A;G002403;3368;johnathan;blair;ledford;31;m;w;boone;glendamere;118;28607;nc
A;G006447;3369;kevin;m;joesph;41;m;b;raleigh;elizabeth bennet;8823;27616;oc
A;G006447;3370;kevin;marcus;joseph;41;m;b;raleigh;adian;401;27606;la
B;G006447;3371;kevin;m;joseph;41;m;b;raleigh;elizabeth bennet;8823;27616;la
A;G002599;3372;victoria;;chappell;26;f;w;lexington;forest hill;24;27295;
B;G002599;3373;victoria;lynn;chappell;26;f;w;archdale;brookwood;1507;27263;
A;G002599;3374;victoria;chappell;shelton;26;f;w;liberty;nc hwy 49;2931;27298;nc
A;G004613;3375;candace;ann;solomon;50;f;w;banner elk;sugar top;303;28604;nc
B;G004613;3376;candace;ann;pittman;50;f;w;china grove;daugherty;2220;28023;nc
A;G004613;3377;candace;ann;solomon;50;f;w;banner elk;shawnee;2711;28604;nc
A;G005855;3378;brigid;matheson;o boyle;29;f;w;greenville;bostic;3960;27834;nc
B;G005855;3379;brigid;matheson;oboyle;29;f;w;raleigh;garden crest;1338;27609;nc
A;G005855;3380;brigid;matheson;oboyle;29;f;w;raleigh;morgans;8508;27613;nc
A;G005178;3381;ginny;johnson;lewis;27;f;w;charlotte;saxonbury;4326;28269;nc
A;G005178;3382;ginny;johnson;lewis;27;f;w;asheboro;westmont;749;27205;nc
B;G005178;3383;ginny;paige;johnson;27;f;w;asheboro;westmont;749;27205;nc
A;G003521;3384;robert;kevin;owens;26;m;w;clemmons;harper;3210;27012;nc
A;G003521;3385;robert;kevin;owens;26;m;w;wilmington;greens ferry;4211;28409;nc
B;G003521;3386;robert;kevin;owens;26;m;w;greenville;cedar creek;2913;27834;nc
B;G003882;3387;michelle;ann;terenzi;27;f;w;fletcher;stoney brook;51;28732;fl
A;G003882;3388;michelle;ann;terenzi;27;f;w;fletcher;stoney brook;51;28732;
A;G003882;3389;michelle;ann;terenzi;27;f;w;boone;king;229;28607;fl
B;G001105;3390;joshua;darren;sanders;30;m;w;kannapolis;longview;922;28081;nc
A;G001105;3391;joshua;darren;sanders;30;m;w;landis;zion;511;28088;nc
A;G001105;3392;joshua;darren;sanders;30;m;w;kannapolis;westen acres;260;28081;nc
A;G003773;3393;andrew;james;rubley;30;m;w;angier;nicholas;87;27501;in
B;G003773;3394;andrew;james;rubley;30;m;w;cary;forest wind;527;27513;in
A;G003773;3395;andrew;james;rubley;30;m;w;fuquay varina;larktree;331;27526;in
A;G001045;3396;rasheika;sade;oneal;28;f;b;kannapolis;rogers lake;804;28081;nc
B;G001045;3397;rasheika;sade;oneal;28;f;b;huntersville;dry stone;10813;28078;nc
A;G001045;3398;rasheika;sade;o neal;28;f;b;concord;carrie;218;28027;nc
A;G004118;3399;jeffrey;vincent;cox;37;m;w;fleetwood;sunnyview;441;28626;fl
A;G004118;3400;jeffrey;vincent;cox;37;m;w;denver;smith cove;2351;28037;fl
B;G004118;3401;jeffery;v;cox;37;m;w;boone;green field;185;28607;fl
A;G004681;3402;arsena;stephanie;schroeder;27;f;b;charlotte;craighead;433;28206;pa
B;G004681;3403;arsena;stephanie;schroeder;27;f;b;charlotte;craighead;433;28206;
A;G004681;3404;arsena;stephanie;schroeder;27;f;b;charlotte;craighead;433;28206;pa
A;G004482;3405;joseph;cameron;justice;31;m;w;kinston;king william;2831;28504;va
A;G004482;3406;joseph;cameron;justice;31;m;w;wake forest;durham;801;27587;va
B;G004482;3407;joseph;cameron;justice;31;m;w;raleigh;springfield creek;4205;27616;va
B;G004787;3408;heather;gragnani;wheatley;40;f;w;charlotte;ross moore;236;28205;va
A;G004787;3409;heather;gragnani;wheatley;40;f;w;wilmington;bayshore;237;28411;va
A;G004787;3410;heather;marie;hipple;40;f;w;waxhaw;glynwater;1107;28173;
B;G003719;3411;william;ryan;boone;39;m;w;winston salem;katies;4608;27101;nc
A;G003719;3412;william;ryan;boone;39;m;w;smithfield;tralee;642;27577;nc
A;G003719;3413;william;ryan;boone;39;m;w;garner;benson;4401;27529;nc
B;G005760;3414;melvin;randy;sawyer;28;m;w;washington;deer tract;1197;27889;nc
A;G005760;3415;melvin;randy;sawyer;28;m;w;washington;blake;473;27889;nc
A;G005760;3416;melvin;randy;sawyer;28;m;w;washington;rivercreek;5505;27889;nc
B;G003944;3417;justin;kyle;gibbs;28;m;w;fairfield;north lake;7334;27826;nc
A;G003944;3418;justin;kyle;gibbs;28;m;w;fairfield;north lake;7334;27826;nc
A;G003944;3419;justin;kyle;gibbs;28;m;w;greenville;5th;2901;27858;nc
B;G001411;3420;cameron;shanne;thompson;31;m;w;newport;venice;170;28570;nc
A;G001411;3421;cameron;shanne;thompson;31;m;w;cedar point;vfw;194;28584;nc
A;G001411;3422;cameron;s;thompson;31;m;w;hubert;abbitts branch;150;28539;
A;G003090;3423;tremaine;jerome;baker;34;m;b;morrisville;keystone park;705;27560;nc
B;G003090;3424;tremaine;jerome;monk;34;m;b;raleigh;western;2717;27606;nc
A;G003090;3425;tremaine;jerome;baker;34;m;b;wake forest;bramden;9320;27587;nc
A;G005006;3426;rene;;couret;39;f;m;charlotte;southwest;3112;28216;ca
B;G005006;3427;rene;elaine;couret;39;f;w;lumberton;15th;406;28358;ca
A;G005006;3428;rene;elaine;couret;39;f;o;raleigh;hills;6204;27609;ca
A;G001777;3429;john;reeves;carpenter;38;m;w;apex;chapel view;230;27523;nc
A;G001777;3430;john;reeves;carpenter;38;m;w;lincolnton;springs;999;28092;nc
B;G001777;3431;john;reeves;carpenter;38;m;w;cary;hindsight;15211;27519;nc
B;G002830;3432;patricia;packer;frazier;72;f;w;wallace;rockfish court;114;28466;nc
A;G002830;3433;patricia;parker;frazier;72;f;w;rocky point;arlington;196;28457;nc
A;G002830;3434;patricia;aacker;conway;72;f;w;rocky point;arlington;196;28457;nc
A;G006040;3435;anniatha;shepard;frazier;67;f;b;lumberton;parrot;91;28360;nc
B;G006040;3436;anniatha;s;frazier mcmillan;67;f;b;lumberton;parrot;91;28360;nc
A;G006040;3437;anniatha;s;frazier mcmillan;67;f;b;lumberton;parrot;91;28360;nc
A;G000317;3438;jahson;hashim ojore ro;jno baptiste;25;m;b;leland;gum branch;3970;28451;ma
B;G000317;3439;jahson;;jno baptiste;25;m;b;leland;gum branch;3970;28451;
A;G000317;3440;jahson;;jno baptiste;25;m;b;leland;gum branch;3970;28451;ma
B;G001890;3441;morgan;clay;morrison;30;f;w;fallston;ross;131;28042;nc
A;G001890;3442;morgan;clay;morrison;30;f;w;fallston;ross;131;28042;nc
A;G001890;3443;morgan;clay;morrison;30;f;w;brevard;shepard;30;28712;nc
B;G006506;3444;elena;;kyriakoulis;25;f;w;raleigh;laurnet;10833;27614;vt
A;G006506;3445;elena;;kyriakoulis;25;f;w;raleigh;laurnet;10833;27614;vt
A;G006506;3446;elena;;kyriakoulis;25;f;u;boone;brown white dorm;140;28608;
B;G005540;3447;diretta;williams;robinson;62;f;b;wilmington;13th;1652;28401;nc
A;G005540;3448;diretta;williams;robinson;62;f;b;hampstead;leeward;127;28443;nc
A;G005540;3449;diretta;williams;robinson;62;f;b;rocky point;harrison creek;1146;28457;
B;G005443;3450;patrick;carter;ledbetter;28;m;w;wilmington;ingleside;6246;28409;nc
A;G005443;3451;patrick;carter;ledbetter;28;m;w;wilmington;ingleside;6246;28409;nc
A;G005443;3452;patrick;carter;ledbetter;28;m;w;greenville;fleming hall;151;27858;nc
A;G001963;3453;santeidra;eunae;bland;34;f;b;bolton;sam potts;15133;28423;nc
A;G001963;3454;santeidra;eunae;bland cherry;34;f;b;riegelwood;canal;100;28456;nc
B;G001963;3455;santeidra;eunae;bland;34;u;b;durham;logan;1405;27704;
A;G002714;3456;steven;gale;godwin;34;m;w;clemmons;meadowfield;204;27012;nc
A;G002714;3457;steven;gale;godwin;34;m;w;pfafftown;bramblewood;1913;27040;nc
B;G002714;3458;steven;gale;godwin;34;m;w;dunn;prospect church;1866;28334;nc
A;G000963;3459;timothy;webb;davis;58;m;w;morganton;anderson;204;28655;nc
A;G000963;3460;timothy;webb;davis;58;m;w;ellenboro;hollis;1323;28040;nc
B;G000963;3461;timothy;webb;davis;58;m;w;ellenboro;hollis;1323;28040;nc
A;G002881;3462;garriel;kenneth;griffin;37;m;w;durham;ninth;1013;27705;wa
B;G002881;3463;gabriel;k;griffin;37;m;w;durham;hillsborough;2211;27705;wa
A;G002881;3464;gabriel;k;griffin;37;m;w;durham;rosemary;1301;27705;wa
A;G003478;3465;shanesha;denise;walker;25;f;m;kernersville;oakhurst;227;27284;
A;G003478;3466;shanesha;denise;walker;25;f;m;winston salem;granite;1622;27107;nc
B;G003478;3467;shanesha;denise;walker;25;f;b;walnut cove;aspen hill;1025;27052;nc
A;G001202;3468;julie;shawn;milligan;44;f;w;davidson;traders;10846;28036;ma
B;G001202;3469;julie;shawn;milligan;44;f;w;rockwell;cannon;509;28138;ma
A;G001202;3470;julie;shawn;milligan;44;f;w;hamptonville;overland;1014;27020;ma
A;G003331;3471;lisa;ann;pressley;51;f;w;morrisville;princess;206;27560;md
B;G003331;3472;lisa;ann;pressley;51;f;w;willow springs;silver stirrup;59;27592;md
A;G003331;3473;lisa;ann;pressley;51;f;w;holly springs;braedenfield;2120;27540;md
B;G005050;3474;allison;jennifer;young;37;f;w;charlotte;aldershot;4100;28211;nc
A;G005050;3475;allison;jennifer;young;37;f;w;chapel hill;estes;250;27514;nc
A;G005050;3476;allison;jennifer;young;37;f;w;chapel hill;melanie;469;27514;nc
A;G002333;3477;philip;christopher;hall;47;m;w;fayetteville;mccloskey;736;28311;wv
A;G002333;3478;philip;christopher;hall;47;m;w;dunn;newton grove;7541;28334;wv
B;G002333;3479;philip;christopher;hall;47;m;w;goldsboro;nc 111;3445;27534;wv
A;G003694;3480;benjamin;alexander;melton;30;m;w;tobaccoville;rolling view;6900;27050;nc
A;G003694;3481;benjamin;alexander;melton;30;m;w;sylva;treehaven;63;28779;nc
B;G003694;3482;benjamin;alexander;melton;30;m;w;king;conrad;213;27021;nc
A;G005131;3483;shamarion;drummer;attaway;29;f;b;charlotte;killarney;2106;28262;nc
B;G005131;3484;shamarion;drummer;attaway;29;f;b;charlotte;killarney;2106;28262;nc
A;G005131;3485;shamarion;drummer;attaway;29;f;b;salisbury;henderlite;219;28144;nc
A;G003499;3486;stacy;michelle;mccuen;39;f;w;winston salem;country club;4755;27104;nc
A;G003499;3487;stacy;michelle;mccuen;39;f;w;charlotte;meadow lakes;8337;28210;nc
B;G003499;3488;stacy;michelle;mccuen;39;f;w;waxhaw;rehobeth;205;28173;
A;G005753;3489;donald;earl;smith;59;m;w;belhaven;smith shore;493;27810;nc
A;G005753;3490;donald;earl;smith;59;m;w;hampstead;bishop;625;28443;nc
B;G005753;3491;donald;e;smith;59;m;w;raleigh;rock quarry;5120;27610;nc
A;G000546;3492;jonathan;marshall;jones;35;m;w;asheville;kensington;2000;28803;nc
A;G000546;3493;jonathan;marshall;jones;35;m;w;valdese;gardiol;805;28690;nc
B;G000546;3494;jonathan;marshall;jones;35;m;w;hendersonville;rugby hollow;161;28791;nc
A;G000424;3495;katherine;dare;harrison;55;f;w;oak island;trott;313;28465;nc
A;G000424;3496;katherine;dare;harrison;55;f;w;new bern;lynn;902;28560;nc
B;G000424;3497;katherine;dare;harrison;55;f;w;wilmington;croquet;2555;28412;nc
B;G004219;3498;michelle;williams;wallace;48;f;u;princeton;first;205;27569;
A;G004219;3499;michelle;williams;wallace;48;f;b;selma;brentwood;51;27576;nj
A;G004219;3500;michelle;williams;wallace;48;f;b;garner;abberly crest;335;27529;nj
A;G002828;3501;daniel;alan;tyndall;40;m;w;mt olive;north duplin school;233;28365;nc
A;G002828;3502;daniel;alan;tyndall;40;m;w;wilmington;willoughby park;1410;28412;nc
B;G002828;3503;daniel;alan;tyndall;40;m;w;hampstead;kingsport;108;28443;nc
B;G002276;3504;thomas;warren;baker;68;m;w;eastover;middle;2110;28312;nc
A;G002276;3505;thomas;warren;baker;68;m;w;fayetteville;dunn;2224;28312;nc
A;G002276;3506;thomas;warren;baker;68;m;w;white lake;pine cove;89;28337;nc
A;G002958;3507;jessica;thompson;wells;39;f;w;durham;holt school;4301;27704;nc
B;G002958;3508;jessica;thompson;orr;39;f;w;seven lakes;seminole;122;27376;nc
A;G002958;3509;jessica;ruth;thompson;39;f;w;raleigh;sunny corners;2710;27614;nc
A;G002904;3510;naisha;dimples;mcmillan;23;f;b;durham;pritchard;1801;27707;nc
A;G002904;3511;naisha;d;mcmillan;23;f;b;durham;broad;2112;27705;nc
B;G002904;3512;natsha;dimples;mcmillan;23;f;b;durham;formosa;408;27707;nc
A;G001089;3513;christopher;s;crutchfield;40;m;w;concord;thompson;1815;28025;
B;G001089;3514;christopher;stephen;crutchfield;40;m;w;sherrills ford;roundstone;1405;28673;ny
A;G001089;3515;christopher;stephen;crutchfield;40;m;w;charlotte;old concord;9405;28213;ny
A;G005314;3516;deirdre;anne;donoghue;55;f;w;whispering pines;lakeshore;90;28327;ny
B;G005314;3517;deirdre;a;donoghue;55;f;w;raleigh;cart track;7712;27615;ny
A;G005314;3518;deirdre;a;donoghue;55;f;w;raleigh;cart track;7712;27615;ny
A;G003517;3519;trevia;michelle;brim;42;f;b;winston salem;vista;350;27106;nc
A;G003517;3520;trevia;michelle;brim;42;f;b;eden;chestnut;115;27288;nc
B;G003517;3521;trevia;michelle;brim;42;f;b;eden;irving;1254;27288;nc
B;G003031;3522;danny;christopher;hill;59;m;w;durham;front;1829;27705;nc
A;G003031;3523;danny;christopher;hill;59;m;w;timberlake;derwin;173;27583;nc
A;G003031;3524;danny;christopher;hill;59;m;w;raleigh;tetbury;4504;27613;nc
A;G003391;3525;donnell;ward;sedgwick;62;m;b;rocky mount;charity;106;27801;va
A;G003391;3526;donnell;ward;sedgwick;62;m;b;rocky mount;woods walk;3036;27804;va
B;G003391;3527;donnell;ward;sedgwick;62;m;b;rocky mount;tillery;309;27804;
A;G000388;3528;jimmy;lewis;tatum;46;m;w;ocean isle beach;ocean haven;1860;28469;nc
A;G000388;3529;jimmy;lewis;tatum;46;m;w;fayetteville;camden;3858;28306;nc
B;G000388;3530;jimmy;lewis;tatum;46;m;w;albemarle;thompson;24912;28001;nc
A;G004576;3531;ebonie;markeeta;brown;31;f;b;williamston;carolina pines;103;27892;nc
A;G004576;3532;ebonie;;murphy;31;f;b;greenville;brook creek;4120;27858;
B;G004576;3533;ebonie;brown;murphy;31;f;b;windsor;dunlow;115;27983;nc
B;G001238;3534;megan;rhoda;hughes allison;46;f;b;concord;mill wright;2601;28027;ks
A;G001238;3535;megan;rhoda;hughes;46;f;b;charlotte;m;423;28204;ks
A;G001238;3536;megan;rhoda;allison;46;f;b;davidson;stuttgart;17508;28036;ks
A;G001755;3537;debra;ann;sawyer;50;f;w;moncure;mill stone rd;261;27559;ny
A;G001755;3538;debra;ann;lefton;50;f;w;clayton;wyndfall;234;27527;ny
B;G001755;3539;debra;ann;lefton;50;f;w;raleigh;ladys slipper;1100;27606;ny
B;G001479;3540;jeremiah;daniel;bunting;31;m;w;peletier;peletier loop;550;28584;va
A;G001479;3541;jeremiah;daniel;bunting;31;m;w;havelock;china;109;28532;va
A;G001479;3542;jeremiah;daniel;bunting;31;m;w;holly springs;jasper point;140;27540;va
A;G002347;3543;mathew;loyal;fitch;49;m;w;hope mills;rossendale;404;28348;ca
B;G002347;3544;mathew;loyal;fitch;49;m;w;fayetteville;meadowmont;2816;28306;ca
A;G002347;3545;mathew;loyal;fitch;49;m;w;charlotte;tunston;6429;28269;ca
A;G001979;3546;eric;hubert;jenkins;44;m;w;whiteville;hallsboro;8363;28472;nc
B;G001979;3547;eric;hubert;jenkins;44;m;w;whiteville;washington;715;28472;nc
A;G001979;3548;eric;hubert;jenkins;44;m;w;chadbourn;rough and ready;6729;28431;nc
A;G002072;3549;lloyd;sterling;bennett;59;m;w;new bern;us 17;2958;28560;nc
B;G002072;3550;lloyd;sterling;bennett;59;m;w;trenton;oak grove;1344;28585;nc
A;G002072;3551;lloyd;sterling;bennett;59;m;w;burgaw;malpass corner;256;28425;nc
B;G005474;3552;rhonda;yvonne;vega;57;f;w;wilmington;hooker;206;28403;oc
A;G005474;3553;rhonda;yvonne;vega;57;f;o;wilmington;hooker;206;28403;
A;G005474;3554;rhonda;yvonne;vega;57;f;w;holly springs;goosehaven;4505;27540;oc
B;G000423;3555;nancy;r;padgett;76;f;w;carolina shores;sunfield;14;28467;nc
A;G000423;3556;nancy;r;padgett;76;f;w;carolina beach;rocky mount;805;28428;nc
A;G000423;3557;nancy;russell;padgett;76;f;w;wilmington;alder ridge;4520;28412;nc
A;G001150;3558;otis;john;huntley;26;m;b;concord;amber;309;28025;ny
B;G001150;3559;otis;john;huntley;26;m;b;fayetteville;blount;125;28301;ny
A;G001150;3560;otis;john;huntley;26;m;b;carthage;needmore;395;28327;ny
B;G002967;3561;kylie;edwards;harris;44;f;w;chapel hill;beecham;1480;27517;nc
A;G002967;3562;kylie;edwards;harris;44;f;w;chapel hill;north hill;7201;27514;nc
A;G002967;3563;kylie;edwards;harris;44;f;w;chapel hill;kenmore;729;27514;nc
A;G000239;3564;nancy;anne;depalma;57;f;w;mebane;fifth;505;27302;ny
A;G000239;3565;nancy;anne;depalma;57;f;w;pittsboro;sunny ridge;94;27312;ny
B;G000239;3566;nancy;anne;depalma;57;f;w;reidsville;madison;448;27320;ny
A;G005539;3567;john;albert;temple;44;m;w;wilmington;wagon;1430;28412;nj
A;G005539;3568;john;albert;temple;44;m;w;hampstead;highlands;346;28443;nj
B;G005539;3569;john;albert;temple;44;m;w;rocky point;mississippi;215;28457;nj
A;G002986;3570;juan;carlos;verdin;39;m;u;durham;shiley;1319;27704;
B;G002986;3571;juan;carlos;verdin;39;m;w;durham;bainbridge;2900;27713;in
A;G002986;3572;juan;carlos;verdin;39;m;u;cary;dominion oak;727;27519;in
A;G001879;3573;e;steve;smith;72;m;w;mooresboro;mckinney;3520;28114;nc
B;G001879;3574;ernest;steve;smith;72;m;w;mooresboro;mckinney;3520;28114;nc
A;G001879;3575;ernest;steve;smith;72;m;w;mooresboro;mckinney;3520;28114;nc
A;G004497;3576;wayne;edward;young;60;m;w;iron station;orchard;4255;28080;nc
A;G004497;3577;wayne;edward;young;60;m;w;vale;bill ledford;6320;28168;nc
B;G004497;3578;wayne;edward;young;60;m;w;cornelius;grenache;17100;28031;nc
B;G002043;3579;melvin;thomas;hardy;35;m;w;new bern;shadetree;108;28560;nc
A;G002043;3580;melvin;thomas;hardy;35;m;w;fort bragg;arnhem;37;28307;nc
A;G002043;3581;melvin;thomas;hardy;35;m;w;oriental;nc hwy 55;22728;28571;nc
A;G001284;3582;lydia;madaris;efird;34;f;w;harrisburg;camelot;8406;28075;nc
A;G001284;3583;lydia;madaris;efird;34;f;w;harrisburg;camelot;8406;28075;nc
B;G001284;3584;lydia;madaris;efird;34;f;w;charlotte;chatham;1709;28205;nc
B;G002233;3585;ivey;;cherry;46;m;b;fayetteville;mcarthur landing;2630;28311;nj
A;G002233;3586;ivey;;cherry;46;m;b;fayetteville;carver oaks;6320;28311;nj
A;G002233;3587;ivey;;cherry;46;m;u;elizabethtown;wilton;141;28337;
A;G004855;3588;darryl;;rone;53;m;b;huntersville;sweetfield;6816;28078;tn
A;G004855;3589;darryl;;rone;53;u;u;matthews;parrish;10809;28105;
B;G004855;3590;darryl;;rone;53;m;b;matthews;flag stick;2224;28104;tn
A;G006329;3591;trenae;;cash;23;f;b;apex;cortland;2909;27539;sc
A;G006329;3592;trenae;deatrice;cash;23;f;b;apex;cortland;2909;27539;sc
B;G006329;3593;trenae;deatrice;cash;23;f;b;boone;bodenheimer;536;28607;
A;G004580;3594;rayford;dale;williams;56;m;b;williamston;sandy hill;1245;27892;nc
A;G004580;3595;rayford;dale;williams;56;m;b;blounts creek;williams;106;27814;nc
B;G004580;3596;rayford;dale;williams;56;m;b;blounts creek;williams;106;27814;nc
B;G006369;3597;kurt;robert;blomquist;34;m;w;raleigh;shire;3228;27606;md
A;G006369;3598;kurt;robert;blomquist;34;m;w;cary;old bridge;108;27518;md
A;G006369;3599;kurt;robert;blomywist;34;m;w;raleigh;claiborne;1629;27606;md
A;G001562;3600;wesley;scott;dial;53;m;w;hickory;section house;3987;28601;nc
A;G001562;3601;wesley;scott;dial;53;m;w;hickory;section house;3987;28601;nc
B;G001562;3602;wesley;scott;dial;53;m;w;hickory;section house;3987;28601;
B;G005182;3603;christopher;scott;broach;46;m;w;matthews;cross point;2538;28105;tx
A;G005182;3604;christopher;scott;broach;46;m;w;monroe;jones;619;28110;tx
A;G005182;3605;christopher;scott;broach;46;m;w;waxhaw;rehobeth;5618;28173;tx
B;G006205;3606;doris;ann;mckay;46;f;w;state road;logun;289;28676;sc
A;G006205;3607;doris;ann;mckay;46;f;w;elkin;mining ridge ch;4616;28621;sc
A;G006205;3608;doris;ann;mckay;46;f;w;state road;mining ridge church;4616;28676;sc
B;G006414;3609;carter;;dulcie;52;f;i;cary;alexan;1112;27519;
A;G006414;3610;dulcie;lee;carter;52;f;i;cary;alexan;1112;27519;
A;G006414;3611;dulcie;lee;carter;52;f;i;apex;sunny creek;4304;27502;nc
A;G006047;3612;juan;javier;larregur;27;m;b;red springs;lewis mcneill;1370;28377;nc
B;G006047;3613;juan;javier;larregur;27;m;b;fuquay varina;kempsey;1524;27526;nc
A;G006047;3614;juan;javier;lerregon;27;m;b;raleigh;south;118;27601;nc
A;G003827;3615;william;ricky;hemphill;61;m;w;maggie valley;mountain;64;28751;fl
A;G003827;3616;william;ricky;hemphill;61;m;w;maggie valley;aquina mountain;64;28751;fl
B;G003827;3617;william;ricky;hemphill;61;m;w;maggie valley;aquina mountain;64;28751;
B;G004566;3618;george;myers;stephens;59;m;w;marshall;pine valley;65;28753;nc
A;G004566;3619;george;m;stephens;59;m;w;spruce pine;grassy creek falls;812;28777;nc
A;G004566;3620;george;myers;stephens;59;m;w;raleigh;wycliff;2923;27607;nc
A;G002502;3621;robert;raymond;schlegel;41;m;w;frisco;lassiter;51164;27936;nj
A;G002502;3622;robert;raymond;schlegel;41;m;w;rocky mount;pebble brook;7008;27804;nj
B;G002502;3623;robert;raymond;schlegel;41;m;w;greenville;circle;1725;27858;nj
A;G003487;3624;shakira;minaya;howard;28;f;b;winston salem;kellys;4645;27101;nc
A;G003487;3625;shakira;minaya;howard;28;f;b;charlotte;walland;11227;28273;nc
B;G003487;3626;shakira;minaya;howard;28;f;b;cary;umstead hollow;1224;27513;
A;G006523;3627;yara;oraina;nevarez darr;47;f;u;wendell;todd hill;406;27591;oc
B;G006523;3628;yara;oraina;nevarez darr;47;f;u;wendell;todd hill;406;27591;oc
A;G006523;3629;yara;oraina;nevarez darr;47;f;w;wendell;todd hill;406;27591;oc
A;G003976;3630;stacey;ann;elliott;45;f;w;mooresville;oates;189;28117;ny
A;G003976;3631;stacey;ann;smith;45;f;w;troutman;trae;111;28166;ny
B;G003976;3632;stacey;a;gay;45;f;w;cornelius;torrence chapel estates;18445;28031;ny
B;G003513;3633;vernon;lee;burrow;74;m;w;rural hall;tuttle;295;27045;nc
A;G003513;3634;vernon;lee;burrow;74;m;w;rural hall;norman;5969;27045;nc
A;G003513;3635;vernon;lee;burrow;74;m;w;walnut cove;sheppard;1180;27052;
A;G003710;3636;karen;marie;anderson;55;f;w;winston salem;brownsboro;4260;27106;va
B;G003710;3637;karen;marie;anderson;55;f;w;king;carson;106;27021;va
A;G003710;3638;karen;marie;anderson;55;f;w;east bend;main;461;27018;va
A;G000159;3639;treyvon;ishmeal;alston;25;m;b;burlington;anthony;531;27215;
A;G000159;3640;treyvon;ishmeal;alston;25;m;b;burlington;anthony;531;27215;nc
B;G000159;3641;treyvon;ishmael;alston;25;m;b;fayetteville;kittrell;1319;28311;nc
B;G001115;3642;brian;glynn;adlerstein;29;m;w;charlotte;taranasay;1128;28269;ny
A;G001115;3643;brian;glynn;adlerstein;29;m;w;charlotte;taranasay;1128;28269;ny
A;G001115;3644;brian;glynn;adlerstein;29;m;w;raleigh;ncsu sullivan;0;27607;ny
B;G004799;3645;scott;b;hoopingarner;43;m;w;charlotte;valley stream;5140;28209;fl
A;G004799;3646;scott;brian;hoopingarner;43;m;w;charlotte;hinsdale;2912;28210;fl
A;G004799;3647;scott;brian;hoopingarner;43;m;w;east bend;forbush;5015;27018;fl
A;G005903;3648;shelby;nicole;beltran;27;f;w;greenville;10th;3329;27858;
A;G005903;3649;shelby;nicole;beltran;27;f;w;marshville;elm;516;28103;nc
B;G005903;3650;shelby;nicole;hutson;27;f;w;monroe;kingstree;2308;28112;nc
A;G004221;3651;danielle;francoise;barbour;32;f;w;kenly;jerusalem church;963;27542;nc
A;G004221;3652;danielle;francoise;smith;32;f;w;bailey;windy;7161;27807;nc
B;G004221;3653;danielle;francoise;smith;32;f;w;kenly;whitley;5010;27542;nc
B;G000044;3654;andrew;lee;mcclanahan;36;m;w;graham;monroe holt;826;27253;nc
A;G000044;3655;andrew;lee;mcclanahan;36;m;w;durham;courtney creek;200;27713;nc
A;G000044;3656;andrew;lee;mcclanahan;36;m;w;wilmington;mcquillan;318;28412;nc
B;G000980;3657;michael;travis;blanton;32;m;w;concord;kendra;273;28025;nc
A;G000980;3658;michael;travis;blanton;32;m;w;midland;valley acres;3011;28107;nc
A;G000980;3659;michael;travis;blanton;32;m;w;marion;rocky spur;48;28752;nc
A;G005960;3660;stacy;donise goins;moore;39;f;w;archdale;knollwood;4502;27263;nc
A;G005960;3661;stacy;goins;moore;39;f;w;archdale;huff;4121;27263;nc
B;G005960;3662;stacey;goins;moore;39;f;w;trinity;hoover hill;4762;27370;nc
A;G002920;3663;micholas;anshon;credle;37;m;b;durham;citrine;112;27703;nc
B;G002920;3664;micholas;anshon;credle;37;m;b;raleigh;loft;202;27609;nc
A;G002920;3665;micholas;a;credle;37;m;b;apex;colony woods;2607;27523;nc
A;G000283;3666;kristie;michelle;watson;36;f;w;shallotte;invishield;711;28470;ky
A;G000283;3667;kristie;michelle;watson;36;f;w;taylorsville;paul payne store;720;28681;ky
B;G000283;3668;kristie;michelle;watson;36;f;w;clayton;annie v;20;27520;ky
A;G006304;3669;shamar;anthony;herndon;34;m;b;raleigh;labrador;4429;27616;va
B;G006304;3670;shamar;anthony;herndon;34;m;b;wendell;raven perch;1133;27591;va
A;G006304;3671;shamar;anthony;herndon;34;m;b;wendell;raven perch;1133;27591;va
B;G006647;3672;jessica;lynn;harrell;37;f;w;mt olive;corbett hill;593;28365;nc
A;G006647;3673;jessica;lynn;harrell;37;f;w;mt olive;corbett hill;593;28365;nc
A;G006647;3674;jessica;lynn;anderson;37;f;w;goldsboro;ebenezer church;671;27530;nc
B;G006492;3675;angela;marie;coticchio;38;f;w;raleigh;moorsfield;2720;27604;ny
A;G006492;3676;angela;marie;coticchio;38;f;w;raleigh;asterwood;4603;27606;ny
A;G006492;3677;angela;marie;cotiechio;38;f;w;raleigh;barrington manor;2103;27612;oc
A;G000678;3678;carolyn;sprinkle;bagby;53;f;w;candler;hookers gap;332;28715;nc
A;G000678;3679;carolyn;s;sluder;53;f;w;candler;hookers gap;344;28715;
B;G000678;3680;carolyn;sprinkle;bagby;53;f;w;mills river;wedgewood;10;28759;nc
B;G002145;3681;sandra;;gomez;51;f;o;fayetteville;rim;915;28314;mi
A;G002145;3682;sandra;;jones;51;f;o;fayetteville;rim;915;28314;
A;G002145;3683;sandra;gomez;jones;51;f;o;fayetteville;cora lee;915;28303;
A;G000378;3684;margaret;proctor;swann;70;f;w;leland;lillibridge;1166;28451;nc
B;G000378;3685;margaret;proctor;swann;70;f;w;statesville;miller farm;396;28625;nc
A;G000378;3686;margaret;proctor;swann;70;f;w;wilmington;plantation landing;8613;28411;nc
A;G005590;3687;heather;nicole;kawalski;42;f;w;jacksonville;winn;151;28540;nc
A;G005590;3688;heather;nicole;sasser;42;f;w;fremont;wayne;200;27830;nc
B;G005590;3689;heather;nicole;parks;42;f;w;fremont;carolina;201;27830;nc
B;G006046;3690;vernon;david;mcallister;55;m;b;lumberton;7th;509;28358;nc
A;G006046;3691;vernon;david;mcallister;55;m;b;white oak;b melvin;133;28399;nc
A;G006046;3692;vernon;david;mcallister;55;m;u;raleigh;pineland;109;27606;nc
A;G002582;3693;timothy;edward;cox;53;m;w;lexington;welcome bethesda;2107;27295;nc
A;G002582;3694;timothy;edward;cox;53;m;w;lexington;welcome bethesda;2107;27295;nc
B;G002582;3695;timothy;edward;cox;53;m;w;mount airy;crosswinds;102;27030;nc
A;G006380;3696;eric;allen;mann;47;m;w;morrisville;claret;2114;27560;oc
B;G006380;3697;eric;allen;mann;47;m;w;wilson;summit;4913;27896;oc
A;G006380;3698;eric;allen;mann;47;m;w;wilson;winding ridge;2703;27893;ri
A;G006052;3699;chad;john;wells;39;m;w;reidsville;flat rock;1617;27320;nc
B;G006052;3700;chad;john;wells;39;m;w;reidsville;holiday;2497;27320;nc
A;G006052;3701;chad;john;wells;39;m;w;reidsville;holiday loop;2497;27320;nc
A;G002956;3702;zachary;mark;bennett;31;m;w;durham;cove hollow;511;27703;
B;G002956;3703;zachary;mark;bennett;31;m;w;wilmington;peachtree;5037;28403;nc
A;G002956;3704;zachary;mark;bennett;31;m;w;raleigh;james;4111;27604;nc
A;G002049;3705;julieanna;elizabeth;harris;22;f;w;new bern;madam moores;903;28562;nc
A;G002049;3706;julieanna;elizabeth;heririven;22;f;w;new bern;fort;308;28560;nc
B;G002049;3707;julieanna;elizabeth;herriven;22;f;w;salisbury;innes;2300;28144;
A;G001910;3708;kristian;leigh;deaton;24;f;w;shelby;biggers lake;2070;28152;nc
A;G001910;3709;kristian;leigh;deaton;24;f;w;lincolnton;baxter deaton;3111;28092;nc
B;G001910;3710;kristian;leigh;deaton;24;f;w;lincolnton;baxter deaton;3111;28092;nc
A;G004652;3711;margaret;m;anderson;66;f;b;charlotte;bridle ridge;4722;28269;ar
B;G004652;3712;margaret;miller;anderson;66;f;b;rockwell;broad;330;28138;ak
A;G004652;3713;margaret;miller;anderson;66;f;b;albemarle;badin;2109;28001;ak
B;G004349;3714;charles;edward;ward;54;m;w;clayton;new castle;18;27520;nc
A;G004349;3715;charles;edward;ward;54;m;w;wilmington;fazio;8420;28411;nc
A;G004349;3716;charles;edward;ward;54;m;w;cary;hilltop view;426;27513;nc
A;G005325;3717;essence;tikeria;henderson;24;f;b;rocky mount;haggerty;704;27803;
B;G005325;3718;essence;t;henderson;24;f;b;rocky mount;tower;225;27804;
A;G005325;3719;essence;tikeria;henderson;24;f;b;chapel hill;baity hill;1800;27514;nc
B;G005930;3720;nicholus;lamar;cureton;29;m;b;greenville;aycock hall;180;27858;nc
A;G005930;3721;nicholus;lamar;cureton;29;m;b;monroe;confederate;2010;28110;nc
A;G005930;3722;nicholus;lamar;cureton;29;m;b;raleigh;ray;6926;27613;nc
A;G002971;3723;brittany;michelle;edney;32;f;w;durham;albritton;3723;27705;nc
A;G002971;3724;brittany;;edney;32;f;w;wilmington;pierpoint;400;28405;nc
B;G002971;3725;brittany;michelle;edney;32;f;w;carrboro;davie;300;27510;nc
A;G005037;3726;max;a;diggs;57;m;w;matthews;hunters bluff;2307;28105;nc
B;G005037;3727;max;allen;diggs;57;m;w;norwood;doody;428;28128;nc
A;G005037;3728;max;allen;diggs;57;m;w;boone;longview;252;28607;nc
A;G003397;3729;ensurado;tomey;williams;37;m;b;tarboro;mooring;776;27886;nc
A;G003397;3730;ensurado;tomey;williams;37;m;b;rocky mount;peachtree;823;27804;nc
B;G003397;3731;ensurado;tomey;williams;37;m;b;greenville;horseshoe;308;27834;nc
A;G002622;3732;megan;nicole;scouten;28;f;w;lexington;oakwood;844;27295;ny
B;G002622;3733;megan;nicole;hammonds;28;f;w;lexington;oakwood;844;27295;ny
A;G002622;3734;megan;nicole;hammond;28;f;w;charlotte;stone bluff;5530;28214;ny
A;G005426;3735;debra;gardner;statum;45;f;b;wilmington;10th;607;28401;ga
A;G005426;3736;debra;ann;statum;45;f;b;wilmington;10th;607;28401;
B;G005426;3737;debra;ann gardner;statum;45;f;b;wilmington;emory;711;28405;ga
A;G004698;3738;nishant;;sachdev;26;m;o;charlotte;martin luther king jr;255;28202;nj
B;G004698;3739;nishant;;sachdeu;26;m;o;charlotte;martin luther king jr;255;28202;nc
A;G004698;3740;nishant;;sachdev;26;m;o;charlotte;martin luther king jr;255;28202;nc
A;G004128;3741;robert;bright;elliott;25;m;w;cullowhee;speedwell;237;28723;nc
B;G004128;3742;robert;bright;elliott;25;m;w;wilmington;macmillan;726;28403;
A;G004128;3743;robert;bright;elliott;25;u;u;forest city;tanners grove;695;28043;
B;G003535;3744;lashawnda;r;hylton;51;f;u;winston salem;graham;218;27101;
A;G003535;3745;lashawnda;rene;hylton;51;f;b;winston salem;waughtown;2629;27107;nc
A;G003535;3746;lashawnda;rene;hylton;51;f;b;raleigh;pettigrew;203;27610;nc
B;G002975;3747;courtney;;brewington;26;f;m;durham;aaron circle;429;27713;
A;G002975;3748;courtney;olivia;brewington;26;f;m;raleigh;lenoxplace;1024;27603;va
A;G002975;3749;courtney;olivia;brewington;26;f;m;raleigh;barnhill;2200;27603;va
B;G006358;3750;janice;ruth;lassiter;65;f;b;raleigh;swain;420;27601;
A;G006358;3751;janice;ruth;lassiter;55;u;u;raleigh;swain;420;27601;
A;G006358;3752;janice;s;lassiter;65;f;b;raleigh;swain;420;27601;nc
A;G000667;3753;ashley;davell;edwards;32;f;w;asheville;lee s creek;88;28806;va
A;G000667;3754;ashley;dowell;edwards;32;f;w;piney creek;nc highway 113;10629;28663;va
B;G000667;3755;ashley;dowell;edwards;32;f;w;lansing;fees branch;544;28643;va
A;G005195;3756;eric;michael;metcalf;34;m;w;huntersville;carlos;105;28078;nc
B;G005195;3757;eric;michael;metcalf;34;m;w;rockingham;everett;206;28379;nc
A;G005195;3758;eric;michael;metcalf;34;m;w;boone;campus ridge;155;28607;nc
A;G003839;3759;lynda;clark;johnson;51;f;w;waynesville;happy hollow access;102;28786;md
A;G003839;3760;lynda;clark;johnson;51;f;w;waynesville;peters cove;313;28786;md
B;G003839;3761;lynda;clark;johnson;51;f;w;bryson city;cap johnson;335;28713;md
A;G001922;3762;tara;ellen;mauney;38;f;w;lawndale;charlie elliott;3450;28090;nc
A;G001922;3763;tara;ellen;mauney;38;f;w;ellenboro;old us 74;1169;28040;nc
B;G001922;3764;tara;ellen;mauney;38;f;w;ellenboro;pain;183;28040;nc
B;G001161;3765;logan;james;maletta;18;u;u;concord;piper;1471;28025;
A;G001161;3766;logan;james;maletta;18;m;w;concord;piper;1471;28025;nc
A;G001161;3767;logan;james;maletta;18;m;w;concord;piper;1471;28025;nc
A;G005419;3768;brent;wayne;mcghee;37;m;w;wilmington;ilex;5118;28412;nc
B;G005419;3769;brent;wayne;mcghee;37;m;w;wilmington;carolina beach;6748;28412;
A;G005419;3770;brent;wayne;mcghee;37;m;w;wilmington;tahoe;417;28412;nc
A;G000872;3771;elizabeth;lawson;dann;90;f;w;morganton;emerald;2862;28655;
B;G000872;3772;elizabeth;lawson;dann;90;f;w;charlotte;cotton stand;9711;28277;oh
A;G000872;3773;elizabeth;lawson;dann;90;f;w;charlotte;walnut springs;10710;28277;oh
A;G001328;3774;andrea;nicole;pennell;34;f;w;lenoir;grandin;4390;28645;nc
B;G001328;3775;andrea;nicole;oliver;34;f;w;lenoir;merrywood;203;28645;nc
A;G001328;3776;andrea;nicole;pennell;34;f;w;crumpler;old hwy 16;8271;28617;nc
B;G002491;3777;johnny;cameron;bryant;56;m;w;kill devil hills;truxton;407;27948;nc
A;G002491;3778;johnny;cameron;bryant;56;m;w;robersonville;prison camp;7984;27871;nc
A;G002491;3779;johnny;cameron;bryant;56;m;w;pilot mountain;black mountain;1221;27041;nc
A;G000719;3780;lashawn;michele;horton;49;f;b;arden;sweeten creek;3970;28704;nc
B;G000719;3781;lashawn;michele;horton;49;f;b;fletcher;concord;562;28732;
A;G000719;3782;lashawn;michele;horton;49;f;b;asheboro;park;360;27203;nc
B;G001932;3783;tina;brooks;culver;44;f;w;mooresboro;sawmill;147;28114;nc
A;G001932;3784;tina;brooks;culver;44;f;w;lincolnton;highway 150;5423;28092;nc
A;G001932;3785;tina;brooks;bryant;44;f;w;vale;howard lingerfelt;444;28168;nc
A;G002844;3786;sheila;gail;buckhorn;40;f;w;durham;spinnaker;1;27703;ok
A;G002844;3787;sheila;;jarvis;40;f;a;durham;spinnaker;1;27703;ok
B;G002844;3788;sheila;gail;jarvis;40;f;w;holly springs;steeple;317;27540;ok
A;G004954;3789;sherrell;nicole;brown;32;f;b;charlotte;armour ridge;13613;28273;nc
A;G004954;3790;sherial;nicole;brown;32;f;b;charlotte;kingspark;2513;28208;nc
B;G004954;3791;sherial;nicole;brown;32;f;b;charlotte;armour ridge;13613;28273;nc
A;G002872;3792;lauren;remsen;habel;33;f;w;durham;seeman;120;27701;va
A;G002872;3793;lauren;remsen;habel;33;f;w;raleigh;tallowtree;5200;27613;va
B;G002872;3794;lauren;remsen;habel;33;f;w;boone;psi;186;28607;va
A;G004814;3795;tina;elaine;detorio easter;48;f;w;huntersville;lyman oak;8516;28078;ny
B;G004814;3796;tina;elaine;detorio easter;48;f;w;trinity;irwin;4555;27370;ny
A;G004814;3797;tina;elaine;detorio easter;48;f;w;kannapolis;fairway;1061;28081;ny
A;G004974;3798;jessica;lanee bennett;stafford;33;f;w;charlotte;taos;12209;28277;tn
B;G004974;3799;jessica;lanee;bennett;33;f;w;green mountain;griffith branch;558;28740;tn
A;G004974;3800;jessica;lanee bennett;stafford;33;f;w;green mountain;griffith branch;558;28740;tn
A;G006367;3801;juliette;;evans;71;f;b;raleigh;tee dee;1913;27610;nc
B;G006367;3802;juliette;e;steward;43;f;b;raleigh;tee dee;1913;27610;oc
A;G006367;3803;juliette;e;steward;71;f;b;raleigh;tee dee;1913;27610;oc
A;G003035;3804;ronnie;lee;daniels;60;m;b;durham;elizabeth;208;27701;nc
B;G003035;3805;ronnie;lee;daniels;60;m;b;st pauls;nc hwy 20;3169;28384;nc
A;G003035;3806;ronnie;l;daniels;60;m;b;goldsboro;ash;1300;27530;nc
B;G001269;3807;jessica;martinson;carter;36;m;w;charlotte;carlota;1934;28269;nc
A;G001269;3808;jessica;martinson;carter;36;u;w;carrboro;old fayetteville;222;27510;
A;G001269;3809;jessica;martinson;carter;36;f;w;winterville;saddleback;2312;28590;nc
B;G000965;3810;vivian;wingate;croft;79;f;w;glen alpine;park;101;28628;ga
A;G000965;3811;vivian;wingate;woodbury;79;f;w;morganton;elm;123;28655;ga
A;G000965;3812;vivian;wingate;brown;79;f;w;asheboro;kenmore;904;27203;ga
A;G004733;3813;marcellie;;young;60;f;b;charlotte;fannie;426;28205;
B;G004733;3814;marcellie;;johnson;60;f;u;charlotte;royal celadon;6304;28269;nc
A;G004733;3815;marcellie;;johnson;60;f;u;charlotte;royal celadon;6304;28269;nc
A;G001844;3816;glenn;franklin;linney;61;m;b;hiddenite;hill river;2054;28636;nc
A;G001844;3817;glenn;franklin;linney;61;m;b;fayetteville;gooden;9455;28314;nc
B;G001844;3818;glenn;franklin;linney;61;m;b;raeford;sprucepine;212;28376;nc
B;G004278;3819;tonja;felicia;bowser;45;f;b;angier;mac;45;27501;nc
A;G004278;3820;tonja;felicia;bowser;45;f;b;angier;bounty;65;27501;nc
A;G004278;3821;tonja;felicia;bowser;45;f;b;garner;coalyard;150;27529;nc
B;G000620;3822;emily;louise;thome;44;f;w;asheville;jeffress;87;28803;md
A;G000620;3823;emily;louise;weber;44;f;w;asheville;merchant;54;28803;md
A;G000620;3824;emily;louise weber;thome;44;f;w;asheville;merchant;54;28803;md
A;G003457;3825;kim;armstrong;winn;50;f;b;rocky mount;eastern;918;27801;nc
B;G003457;3826;kim;armstrong;winn;50;f;b;rocky mount;griffin;1223;27803;nc
A;G003457;3827;kim;armstrong;winn;50;f;b;rocky point;nc hwy 210;15255;28457;
B;G005603;3828;bobby;gene;mcallister;70;m;b;jacksonville;delight;12;28546;
A;G005603;3829;bobby;gene;mcallister;70;m;b;jacksonville;delight;12;28546;nc
A;G005603;3830;bobby;gene;mcallister;70;m;b;clayton;forty niners;4044;27520;nc
B;G003362;3831;long;thanh;bach;86;m;a;durham;bob wilkes;8;27703;
A;G003362;3832;long;thanh;bach;86;m;a;cary;amberglow;228;27513;oc
A;G003362;3833;long;thanh;bach;86;m;a;cary;reed;302;27511;oc
A;G006247;3834;susan;carol;copeland;76;f;w;monroe;willoughby;1101;28110;
A;G006247;3835;susan;carol;copeland;76;f;w;monroe;lexington;2204;28112;mn
B;G006247;3836;susan;carol;copeland;76;f;w;goldsboro;creek run;129;27534;mn
A;G005286;3837;denise;jolynn;rivers;63;f;b;carthage;grady w;190;28327;ne
B;G005286;3838;denise;stephens;rivers;63;f;b;carthage;grady w;190;28327;ne
A;G005286;3839;denise;jolynn;rivers;63;f;b;carthage;grady w;190;28327;ne
A;G002456;3840;moira;caitlin;trott;30;f;o;fayetteville;valmont;428;28301;nj
A;G002456;3841;moira;trott;gilbert;30;f;o;cameron;blue bay;90;28326;nj
B;G002456;3842;moira;trott;gilbert;30;u;u;raleigh;autumn winds;8800;27615;
A;G003877;3843;michael;anthony;russell;35;m;w;flat rock;english heifer cove;152;28731;ma
B;G003877;3844;michael;anthony;russell;35;m;w;flat rock;english heifer cove;152;28731;ma
A;G003877;3845;michael;anthony;russell;35;m;w;flat rock;english heifer cove;152;28731;ma
A;G005559;3846;katherine;ann;lumb;56;f;w;wilmington;wrightsville;5813;28403;pa
B;G005559;3847;katherine;ann;lumb;56;f;w;greenville;wedgewood arms apts;423;27858;pa
A;G005559;3848;katherine;ann;lumb;56;f;w;cary;stonewater glen;2103;27519;pa
A;G004881;3849;matthew;lamar;burns;33;m;w;charlotte;town and country;4441;28226;ga
B;G004881;3850;matthew;;burns;33;m;w;charlotte;cooper;309;28210;
A;G004881;3851;matthew;lamarr;burns;33;m;w;boone;king;358;28607;ga
A;G006476;3852;sheree;elaine;jackson;26;f;w;cary;searstone;17001;27513;nc
B;G006476;3853;sheree;elaine;jackson;65;f;w;cary;searstone;17001;27513;ga
A;G006476;3854;sheree;elaine;jackson;26;f;w;cary;searstone;17001;27513;ga
B;G000039;3855;sierra;shanel;cousin;28;f;b;mebane;quaker creek;606;27302;
A;G000039;3856;sierra;;cousin;28;f;b;durham;snowcrest;1507;27707;nc
A;G000039;3857;sierra;s;cousin;28;f;b;mebane;lancaster;221;27302;nc
B;G003518;3858;julie;ann;klever;51;f;w;winston salem;crowne chase;145;27104;oh
A;G003518;3859;julie;ann;klever;51;f;w;hendersonville;surry;173;28791;oh
A;G003518;3860;julie;ann;klever;51;f;w;huntersville;salem ridge;14814;28078;oh
B;G004116;3861;michael;wayne;fink;41;m;w;jefferson;academy;371;28640;oc
A;G004116;3862;michael;wayne;fink;41;m;w;charlotte;shenandoah;2020;28205;
A;G004116;3863;michael;wayne;fink;41;m;w;boone;woodbury;105;28607;
A;G002126;3864;angela;taylor;sydnor;52;f;b;fayetteville;shaw road;2239;28311;sc
A;G002126;3865;angela;joyce;sydnor;52;f;b;fayetteville;shaw road;2239;28311;sc
B;G002126;3866;angela;taylor;sydnor;52;f;b;fayetteville;shaw road;2239;28311;sc
B;G002506;3867;p;ann;gannon;65;f;w;manteo;mother vineyard;333;27954;nj
A;G002506;3868;patricia;virili;gannon;65;f;w;garner;meridian;190;27529;nj
A;G002506;3869;patricia;ann;gannon;65;f;w;wilmington;azalea;341;28409;nj
A;G004877;3870;jesse;boykin;kimmel;32;m;w;davidson;thompson;226;28036;nc
A;G004877;3871;jesse;boykin;kimmel;32;m;w;davidson;houston;303;28036;nc
B;G004877;3872;jesse;boykin;kimmel;32;m;w;chapel hill;merritt mill;515;27516;nc
A;G005049;3873;shardisa;renae;benjamin;24;f;b;charlotte;hilo;418;28206;
B;G005049;3874;shardisa;renae;benjamin;24;f;b;new london;rose;36417;28127;nc
A;G005049;3875;shardisa;renae;benjamin;24;u;u;new london;rose;36417;28127;nc
A;G004472;3876;clara;nicole;hart;39;f;b;kinston;fletcher;301;28504;nc
B;G004472;3877;clara;nicole;hart;39;f;b;raleigh;royal acres;5120;27610;nc
A;G004472;3878;clara;nicole;hart;39;f;b;seven springs;billy price;160;28578;nc
B;G004805;3879;walker;howson;doermann;37;f;w;charlotte;skylark;2411;28210;sc
A;G004805;3880;elizabeth;walker;howson;37;f;w;charlotte;fountain view;1711;28203;sc
A;G004805;3881;elizabeth;walker;howson;37;f;w;chapel hill;pritchard;411;27516;sc
A;G002092;3882;joseph;cortez;blount;28;m;b;new bern;hills;2605;28562;nc
A;G002092;3883;joseph;cortez;blount;28;m;b;raleigh;crab orchard;1351;27606;nc
B;G002092;3884;joseph;cortez;blount;28;m;b;raleigh;south;118;27601;nc
B;G002819;3885;chauncey;william;barnes;52;m;w;chinquapin;fountaintown;2216;28521;me
A;G002819;3886;chauncey;william;barnes;52;m;w;jacksonville;oci;513;28540;me
A;G002819;3887;chauncey;william;barnes;52;m;w;jacksonville;glendale;12;28540;me
A;G000842;3888;cecil;junior;owenby;63;m;w;candler;mountain;54;28715;nc
A;G000842;3889;cecil;junior;owenby;63;m;w;hendersonville;starlight;36;28792;nc
B;G000842;3890;cecil;junior;owenby;63;m;w;hendersonville;starlight;36;28792;nc
A;G001886;3891;fentricia;enzor;beaver;48;f;w;kings mountain;goforth;200;28086;ks
B;G001886;3892;fentricia;enzor;beaver;48;f;w;kings mountain;goforth;200;28086;ks
A;G001886;3893;fentricia;enzor;beaver;48;f;w;east flat rock;blue ridge;402;28726;ks
A;G003087;3894;shiva;rena;liverman;37;f;b;durham;cherry creek;2652;27703;nj
A;G003087;3895;shiva;rena;liverman;37;f;b;durham;balfour east;3408;27713;
B;G003087;3896;shiva;rena;liverman;37;f;b;raleigh;timber crest;8331;27617;nj
B;G000263;3897;lydia;marie;robinson;62;f;b;supply;little macedonia;308;28462;ca
A;G000263;3898;lydia;marie;robinson;62;f;b;shallotte;holmes;303;28470;ca
A;G000263;3899;lydia;marie;robinson;62;f;b;shallotte;holmes;303;28470;ca
A;G003425;3900;maxine;renee;hinton;53;f;b;tarboro;king;921;27886;nc
B;G003425;3901;maxine;powell;ewell;53;f;b;tarboro;king;921;27886;nc
A;G003425;3902;maxine;renee;hinton;53;f;b;tarboro;king;921;27886;nc
A;G004140;3903;donald;taliaferro;pole;72;m;w;cashiers;ledgeview;72;28717;wa
A;G004140;3904;donald;taliaferro;pole;72;m;w;wilmington;johnston;329;28412;dc
B;G004140;3905;donald;t;pole;72;m;w;lake toxaway;blue ridge;1476;28747;dc
A;G003368;3906;jonathan;robert;reda;33;m;w;durham;ellis;1533;27703;ny
A;G003368;3907;jonathan;robert;reda;33;m;u;winston salem;echo glen;109;27106;
B;G003368;3908;jonathan;robert;reda;33;m;w;chapel hill;steeplechase;116;27514;ny
A;G002110;3909;khadijah;patrice;bryant;24;f;b;new bern;wahoo;106;28562;nc
B;G002110;3910;khadijah;patrice;bryant;24;f;b;elizabeth city;weeksville;1704;27909;nc
A;G002110;3911;khadijah;patrice;bryant;24;f;b;goldsboro;benton;308;27530;nc
A;G002474;3912;matthew;robert;krause;22;m;w;moyock;summit farms;236;27958;nj
A;G002474;3913;matthew;rubert;krause;22;m;w;chapel hill;stadium;109;27514;nj
B;G002474;3914;matthew;robert;krause;22;m;m;raleigh;lowndes grove;2300;27616;nj
A;G001062;3915;timothy;jason;andrews;35;m;w;concord;lynwood;6400;28027;mo
A;G001062;3916;timothy;jason;andrews;35;m;w;maiden;briar creek;4421;28650;
B;G001062;3917;timothy;jason;andrews;35;m;w;statesville;fair wind;149;28677;mo
B;G001160;3918;tyler;ashleigh;shrader;25;f;b;concord;spring;98;28025;nc
A;G001160;3919;tyler;ashleigh;shrader;25;f;b;charlotte;danae;6804;28216;nc
A;G001160;3920;tyler;ashleigh;broadnax;25;f;b;charlotte;cypress view;11102;28262;nc
A;G004372;3921;mark;quinto;caccio;64;m;w;clayton;forest oaks;370;27527;ct
B;G004372;3922;mark;quinto;caccio;64;m;w;swansboro;windsong north;605;28584;ct
A;G004372;3923;mark;quinto;caccio;64;m;w;wilmington;scottsdale;213;28411;ct
B;G004820;3924;kate;rose;mather;40;f;w;charlotte;alexa;5832;28277;
A;G004820;3925;kate;rose;mather;40;f;w;charlotte;alexa;5832;28277;
A;G004820;3926;kate;rose;mather;40;f;w;charlotte;alexa;5832;28277;
A;G000272;3927;rachael;lynn;cushing;43;f;w;oak island;11th;150;28465;nh
A;G000272;3928;rachael;lynn;cushing;43;f;w;hendersonville;kanuga;1412;28739;nh
B;G000272;3929;rachael;lynn;cushing cook;43;f;w;hendersonville;hawthorn;219;28791;nh
A;G001463;3930;jameson;elaine;whitfield;30;f;b;newport;canton;251;28570;nc
A;G001463;3931;jameson;elaine;whitfield;30;f;b;newport;canton;251;28570;nc
B;G001463;3932;jameson;elaine;whitfield;30;f;b;goldsboro;nelson;406;27534;nc
A;G000799;3933;elizabeth;faith;king;30;f;w;leicester;bear creek;2354;28748;nc
A;G000799;3934;elizabeth;faith;king;30;f;w;cullowhee;bonanza;207;28723;nc
B;G000799;3935;elizabeth;faith;king;30;f;w;wilson;millbrook;3420;27893;nc
A;G000553;3936;nikunj;hasmukh;patel;37;m;a;black mountain;state;600;28711;oc
A;G000553;3937;nikunj;hasmukh;patel;37;m;a;morrisville;arringdon park;5710;27560;oc
B;G000553;3938;nikunj;;patel;37;m;a;lewisville;lotus;410;27023;
A;G001374;3939;sandra;lee;arnold;46;f;w;hudson;wheeling mobile home;1024;28638;md
B;G001374;3940;sandra;lee;arnold;46;f;w;lenoir;sharon;405;28645;md
A;G001374;3941;sandra;lee;arnold;46;u;w;hickory;10th;462;28602;md
A;G000508;3942;vera;argoe;minton;69;f;w;asheville;aiken;315;28804;sc
B;G000508;3943;vera;christine;minton;69;f;w;lexington;st dylan;126;27295;sc
A;G000508;3944;vera;argoe;minton;69;f;w;winston salem;dunwoody;100;27127;sc
A;G003522;3945;kristin;sue;ayers;28;f;w;winston salem;darwick;1935;27127;
A;G003522;3946;kristin;sue;ayers;28;f;w;greenville;holly glenn;2853;27834;
B;G003522;3947;kristin;ayers;stiller;28;f;w;raleigh;norwood crest;1436;27614;nc
B;G006023;3948;valerie;m;gerald;59;f;b;rockingham;long;104;28379;pa
A;G006023;3949;valerie;marie;gerald;59;f;b;fairmont;private;39;28340;
A;G006023;3950;valerie;marie;gerald;59;f;b;fairmont;lewis;108;28340;pa
A;G003023;3951;thomas;michael;gallagher;24;m;w;hillsborough;hardscrabble;1615;27278;nc
B;G003023;3952;thomas;michael;gallagher;24;m;w;hillsborough;hardscrabble;1615;27278;nc
A;G003023;3953;thomas;michael;gallagher;24;m;w;boone;yosef;389;28607;nc
A;G002123;3954;mary;elizabeth;mcintosh;49;f;w;fayetteville;marsh;5566;28306;oc
B;G002123;3955;mary;elizabeth;mcintosh;49;f;w;fayetteville;marsh;5566;28306;oc
A;G002123;3956;elizabeth;g;mcintosh;49;f;w;fayetteville;marsh;5566;28306;oc
A;G002960;3957;joanna;haiyoung;yu;37;f;a;durham;big bluff;4;27712;nc
B;G002960;3958;joanna;haiyoung;yu;37;f;o;durham;big bluff;4;27712;nc
A;G002960;3959;joanna;haiyoung;yu;37;f;a;winston salem;kenwood;1442;27103;nc
A;G001335;3960;daniel;ray;keller;30;m;w;lenoir;virginia;125;28645;nc
B;G001335;3961;daniel;ray;keller;30;m;w;lenoir;virginia;125;28645;nc
A;G001335;3962;daniel;ray;keller;30;m;w;lenoir;virginia;125;28645;nc
A;G004423;3963;richard;alan;lord;67;m;w;sanford;sandalwood;2020;27332;ny
A;G004423;3964;richard;alan;lord;67;m;w;raleigh;morgan;317;27601;ny
B;G004423;3965;richard;a;lord;67;m;w;apex;devonhurst;1004;27502;ny
A;G004217;3966;ronald;gerald;hinton;50;m;b;smithfield;edgewater;8;27577;nc
A;G004217;3967;ronald;gerald;hinton;50;m;b;clayton;fontana;177;27527;nc
B;G004217;3968;ronald;gerald;hinton;50;m;b;raleigh;contender;5021;27603;nc
B;G000510;3969;shelly;lynn;mathis;51;f;w;leicester;greasy cove;106;28748;ca
A;G000510;3970;shelly;lynn;mathis;51;f;w;black mountain;azalea;522;28711;ca
A;G000510;3971;shelly;lynn;mathis;51;f;w;hendersonville;davis mountain;1286;28739;ca
B;G000031;3972;stephen mic;emory;hurysz;28;m;w;haw river;pheasant run;2849;27258;nc
A;G000031;3973;stephen;emory;hurysz;28;m;w;graham;old farm;112;27253;nc
A;G000031;3974;stephen;emory;hurysz;28;m;w;greenville;mulberry;1149;27858;nc
A;G000099;3975;craig;leroy;jackson;27;m;b;elon;danieley center;203;27244;
A;G000099;3976;craig;leroy;jackson;27;m;b;wake forest;thompson glenn;920;27587;ca
B;G000099;3977;craig;leroy;jackson;27;m;b;raleigh;herringbone;9408;27614;ca
A;G000288;3978;thomas;alvin;reebel;71;m;w;oak island;13th;119;28465;oh
A;G000288;3979;thomas;alvin;reebel;71;m;w;denton;rima landing;380;27239;oh
B;G000288;3980;thomas;alvin;reebel;71;m;w;winston salem;forest manor;4770;27103;oh
B;G002585;3981;lauren;elizabeth;hill;34;f;w;lexington;warrior;102;27295;nc
A;G002585;3982;lauren;elizabeth;hill;34;f;w;wilmington;tesla park;4522;28412;nc
A;G002585;3983;lauren;elizabeth;hill;34;f;w;asheboro;idlebrook;1623;27205;
A;G005319;3984;matthew;charles;kannan;33;m;w;nashville;benton;3099;27856;nc
B;G005319;3985;matthew;charles;kannan;33;m;w;nashville;golfers;612;27856;nc
A;G005319;3986;matthew;charles;kannan;33;m;w;wilmington;college;4804;28412;nc
B;G003216;3987;james;vernon;johnston;82;m;w;durham;garrett;5010;27707;
A;G003216;3988;james;vernon;johnston;82;m;w;tarboro;nc 42;6812;27886;ky
A;G003216;3989;james;vernon;johnston;82;m;w;winterville;circle;2516;28590;ky
B;G002780;3990;deborah;heaton;whitley;55;f;w;advance;nc highway 801;3746;27006;nc
A;G002780;3991;deborah;heaton;whitley;55;u;u;charlotte;brittany;5709;28270;
A;G002780;3992;deborah;heaton;whitley;55;f;w;norwood;nc 138 hwy;12448;28128;nc
A;G002488;3993;william;thomas;bunting;36;m;w;manteo;washington;916;27954;
B;G002488;3994;william;thomas;bunting;36;m;w;greenville;ashburton;703;27858;nc
A;G002488;3995;william;thomas;bunting;36;m;w;winterville;pinetops;2454;28590;nc
A;G001201;3996;tiesha;colleen;lowery;36;f;b;concord;bright orchid;669;28025;nc
B;G001201;3997;tiesha;colleen;lowery;36;f;b;charlotte;amado;5430;28215;nc
A;G001201;3998;tiesha;colleen;lowery;36;f;b;charlotte;williams;6041;28215;nc
A;G001959;3999;kevin;grant;williamson;35;m;w;chadbourn;shade fisher;1243;28431;nc
A;G001959;4000;kevin;grant;williamson;35;m;w;whiteville;maple;203;28472;nc
B;G001959;4001;kevin;grant;williamson;35;m;w;raleigh;aileen;3108;27606;nc
B;G004377;4002;timmie;wilson;chester;46;m;w;clayton;flamingo;311;27520;nc
A;G004377;4003;timmie;wilson;chester;46;m;w;raleigh;turtle point;2332;27604;nc
A;G004377;4004;timmie;wilson;chester;46;m;w;pikeville;crossbow;117;27863;nc
A;G000482;4005;spencer;norman;scheidt;29;m;w;asheville;fulton;19;28801;ca
B;G000482;4006;spencer;norman;scheidt;29;m;w;durham;hazel;1209;27701;ca
A;G000482;4007;spencer;norman;scheidt;29;m;w;chapel hill;raleigh;213;27514;ca
B;G004739;4008;catherine;a;gillard;47;f;b;charlotte;phillips;2625;28208;nc
A;G004739;4009;catherine;ann;bullock;47;f;b;charlotte;phillips;2625;28208;nc
A;G004739;4010;catherine;ann;soumano;47;f;b;charlotte;phillips;2625;28208;
A;G004648;4011;rebekah;joy;griffin;34;f;w;charlotte;pinewood;7901;28227;sc
A;G004648;4012;rebekah;joy;griffin;34;f;w;charlotte;pinewood;7901;28227;sc
B;G004648;4013;rebekah;joy;griffin;34;f;w;indian trail;creft;6924;28079;
A;G001024;4014;alicia;ja quan;gaddy;30;f;b;kannapolis;mallard pointe;2117;28083;nc
B;G001024;4015;alicia;jaquan;gaddy;30;f;b;concord;lahana;2414;28027;nc
A;G001024;4016;alicia;j;gaddy;30;f;b;charlotte;chelveston;1418;28208;
A;G001111;4017;billie;benfield;atwell;73;f;w;concord;bishop;220;28025;nc
B;G001111;4018;billie;benfield;atwell;73;f;w;matthews;crescent;1509;28105;nc
A;G001111;4019;billie;a;kerwin;73;f;w;indian trail;fairington;3601;28079;nc
A;G006545;4020;maria;magdalena;panaro;45;f;w;raleigh;benhart;7105;27613;tx
A;G006545;4021;maria;magdalena;panaro;45;f;w;raleigh;inglehurst;12101;27613;tx
B;G006545;4022;maria;m;rodriguez;45;f;o;raleigh;inglehurst;12101;27613;tx
A;G000743;4023;shirlene;r;byas;51;f;w;fairview;old fort;1606;28730;nc
B;G000743;4024;shirlene;renee;byas;51;f;w;black mountain;rock creek;172;28711;nc
A;G000743;4025;shirlene;renee;byas;51;f;w;marion;mud cut;403;28752;nc
A;G000889;4026;tammy;garland;horne;54;f;w;morganton;us 70;2953;28655;nc
A;G000889;4027;tammy;garland;setzer;54;f;w;morganton;nuckolls;6992;28655;nc
B;G000889;4028;tammy;garland;setzer;54;f;w;lenoir;tablerock;2676;28645;
A;G004167;4029;heather;michelle;anderson;30;f;w;middlesex;barnes;885;27557;nc
B;G004167;4030;heather;michelle;anderson;30;f;w;wendell;dail ridge;2203;27591;nc
A;G004167;4031;heather;michelle;anderson;30;f;w;wendell;todd;225;27591;nc
B;G001914;4032;krista;annette;smith;29;f;w;lawndale;casar belwood;938;28090;
A;G001914;4033;krista;annette;parker;29;f;w;lawndale;kent;111;28090;nc
A;G001914;4034;krista;annette;smith;29;f;w;raleigh;ncsu wood;0;27607;nc
A;G004831;4035;diontray;divan;adams;26;m;b;charlotte;barcliff;6908;28212;dc
B;G004831;4036;diontray;divane;adams;26;m;b;charlotte;barcliff;6908;28212;md
A;G004831;4037;diontray;divan;adams;26;m;b;charlotte;barcliff;6908;28212;dc
A;G000899;4038;jody;tyler;deaton;32;m;w;morganton;myrtle;207;28655;nc
B;G000899;4039;jody;tyler;deaton;32;m;w;kings mountain;edgemont;354;28086;nc
A;G000899;4040;jody;tyler;deaton;32;u;w;wilmington;piner;721;28409;
A;G003656;4041;parvin;rafiee;amiri;58;f;w;winston salem;cherryhill;4650;27106;oc
B;G003656;4042;parvin;rafiee;amiri;58;f;o;charlotte;victorian;2004;28203;oc
A;G003656;4043;parvin;rafiee;amiri;58;f;u;charlotte;kenilworth;1218;28204;
A;G005648;4044;mahria;frances;crawford;35;f;w;chapel hill;martin luther king jr;875;27514;
B;G005648;4045;mahria;frances;crawford;35;f;w;chapel hill;martin luther king jr;875;27514;
A;G005648;4046;maria;frances;crawford;35;f;m;chapel hill;columbia;1006;27514;fl
A;G005422;4047;brendan;seamus;mcgarry;37;m;w;wilmington;long leaf hills;4720;28409;vt
B;G005422;4048;brendan;seamuc;mcgraw;37;m;w;wilmington;long leaf hills;4720;28409;vt
A;G005422;4049;brendan;seamus;mcgarry;37;m;w;wilmington;long leaf hills;4720;28409;vt
B;G000076;4050;patricia;constance;kurt;58;f;w;burlington;westbrook;609;27215;ny
A;G000076;4051;patricia;constance;kurt;58;f;w;pittsboro;castle rock farm;5004;27312;ny
A;G000076;4052;patricia;constance;kurt;58;f;w;chapel hill;churchill;716;27517;ny
A;G002655;4053;nancy;lynn;stafford;56;f;w;linwood;clay;243;27299;nc
B;G002655;4054;nancy;lynn;stafford;56;f;w;winston salem;davis;5028;27105;nc
A;G002655;4055;nancy;lynn;stafford;56;f;w;holly springs;little leaf;720;27540;nc
A;G000238;4056;dwayne;eric;artis;46;u;u;mebane;mcpherson;451;27302;nc
B;G000238;4057;dwayne;eric;artis;46;m;b;durham;bedford;2330;27707;nc
A;G000238;4058;dwayne;eric;artis;46;m;b;raleigh;twickenham;4008;27613;nc
A;G003564;4059;steven;paul;zamorano;34;m;w;clemmons;blakeney;3108;27012;ga
A;G003564;4060;steven;raul;zamorano;34;m;w;charlotte;ashley hill;8460;28262;ga
B;G003564;4061;steven;raul;zamorano;34;m;w;raleigh;broadview;10800;27617;ga
A;G000848;4062;katherine;virginia;downey;71;f;w;asheville;century;2;28803;ct
A;G000848;4063;katherine;virginia;martin;71;f;w;hendersonville;main;125;28792;ct
B;G000848;4064;katherine;virginia;martin;71;f;w;lincolnton;upland;2116;28092;ct
B;G002676;4065;mary;elizabeth;gordon;67;f;b;thomasville;fairway;925;27360;nc
A;G002676;4066;mary;elizabeth davis;gordon;67;f;b;thomasville;cable;605;27360;
A;G002676;4067;mary;elizabeth;gordon;67;f;b;winston salem;thurmond;2024;27105;nc
A;G003714;4068;meg;mcintyre;perry;50;f;w;winston salem;redwing;3709;27106;ga
B;G003714;4069;meg;mcintyre;sileo;50;f;w;mooresville;timberfalls;113;28115;ga
A;G003714;4070;meg;mcintyre;sileo;50;f;w;huntersville;lyon hill;14327;28078;ga
A;G000249;4071;candice;michelle;hodgson;31;f;w;oak island;23rd;105;28465;nc
B;G000249;4072;candice;michelle;hodgson;31;f;w;norwood;deland;13318;28128;nc
A;G000249;4073;candice;michelle;hodgson abouelazm;31;f;w;norwood;deland;13318;28128;nc
B;G002187;4074;genea;devon;rhodes;49;f;b;fayetteville;surrey;7023;28306;
A;G002187;4075;genea;devon;rahodes;49;f;b;fayetteville;surrey;7023;28306;
A;G002187;4076;genea;devon;rhodes;49;f;b;fayetteville;surrey;7023;28306;nc
B;G002503;4077;bessie;rae;blankenship;71;f;w;kill devil hills;broadbay;201;27948;dc
A;G002503;4078;bessie;rae;blankenship;71;f;w;thomasville;noahtown;925;27360;dc
A;G002503;4079;bessie;rae;blankenship;71;f;w;roseboro;clinton;807;28382;dc
A;G002469;4080;kent;leonard;olson;48;m;w;grandy;evans;101;27939;mi
B;G002469;4081;kent;leonard;olson;48;m;w;nags head;blue marlin;4614;27959;mi
A;G002469;4082;kent;leonard;olson;48;m;w;kill devil hills;colington;1017;27948;mi
A;G001431;4083;teresa;starnes;pender;63;f;w;newport;avis;136;28570;nc
A;G001431;4084;teresa;gail;starnes;63;f;w;newport;pearson;635;28570;nc
B;G001431;4085;teresa;gail;starnes;63;f;w;new hill;bosco;3809;27562;nc
B;G001805;4086;cynthia;jane;parker;60;f;w;siler city;fritts family;68;27344;vt
A;G001805;4087;cynthia;jane;parker;60;f;w;siler city;fritts family;68;27344;vt
A;G001805;4088;cynthia;jane;parker;60;u;u;franklinville;kings way;3730;27248;
A;G002861;4089;traci;renee;thorne;44;f;w;durham;wake forest;5448;27703;nc
A;G002861;4090;traci;renee;thorne;44;f;w;morrisville;darby creek;300;27560;nc
B;G002861;4091;traci;renee;thorne;44;f;w;raleigh;brookgate;8104;27617;nc
A;G003516;4092;joshua;melvin;baker;28;m;b;winston salem;twenty third;2048;27105;nc
B;G003516;4093;joshua;melvin;baker;28;m;b;winston salem;rich;1121;27101;nc
A;G003516;4094;joshua;;baker;28;m;b;winston salem;rich;1121;27101;nc
A;G005308;4095;john;jacob;heckman;83;m;w;pinehurst;lake forest;120;28374;pa
A;G005308;4096;john;jacob;heckman;83;m;w;apex;greymoss;5252;27539;pa
B;G005308;4097;john;jacob;heckman;83;m;w;apex;greymoss;5252;27539;pa
A;G004139;4098;emily;erin;ostrander;24;u;u;cullowhee;joyner;275;28723;
A;G004139;4099;emily;erin;ostrander;24;f;w;rutherfordton;carolina paradise;111;28139;va
B;G004139;4100;emily;erin;ostrander;24;f;w;spindale;spindale;642;28160;va
B;G000634;4101;terri;smith;preston;37;f;w;asheville;cricklewood;302;28804;va
A;G000634;4102;terri;smith;preston;37;f;w;boone;fawn;439;28607;
A;G000634;4103;terri;lynn;smith;37;f;w;boone;fieldstream;192;28607;va
B;G000726;4104;aleesa;thomas;conner;44;f;w;candler;upper glady fork;575;28715;nc
A;G000726;4105;aleesa;thomas;conner;44;f;w;mills river;pennsylvania;193;28759;nc
A;G000726;4106;aleesa;michelle;thomas;44;f;w;mills river;pennsylvania;157;28759;nc
A;G005427;4107;thomas;edward;brennan;34;m;w;wilmington;deacon;6913;28411;nj
A;G005427;4108;thomas;edward;brennan;34;m;w;wilmington;masonboro loop;4300;28409;nj
B;G005427;4109;thomas;edward;brennan;34;m;w;surf city;topsail;206;28445;nj
B;G005407;4110;corey;devon;sutton;40;m;b;wilmington;yulan;119;28412;
A;G005407;4111;corey;devon;sutton;40;m;b;raleigh;hollenden;4911;27616;
A;G005407;4112;corey;devon;sutton;40;m;b;raleigh;brentwood;3827;27604;nc
A;G000108;4113;tracy;;llewellyn;30;f;w;elon;jennings berry;801;27244;sc
A;G000108;4114;tracy;anne;llewellyn;30;f;w;matthews;fawn hill;3305;28105;sc
B;G000108;4115;tracy;anne;llewellyn;30;f;w;matthews;fawn hill;3305;28105;sc
A;G000896;4116;jason;larry;ross;33;u;u;morganton;powerhouse;1973;28655;
B;G000896;4117;jason;larry;ross;33;m;w;nebo;fonta flora;1911;28761;nc
A;G000896;4118;jason;larry;ross;33;m;w;marion;oak;410;28752;nc
B;G002394;4119;shaphaun;tamara;black;37;f;b;fayetteville;grove view;124;28301;wa
A;G002394;4120;shaphaun;t;black;37;f;b;charlotte;woodlawn;1351;28209;wa
A;G002394;4121;shaphaun;tammara;black;37;f;b;charlotte;fawn view;6638;28216;dc
B;G000855;4122;delaney;reeves;kloesel;32;f;w;asheville;driftwood;15;28805;tx
A;G000855;4123;delaney;reeves christen;kloesel;32;f;w;asheville;driftwood;15;28805;tx
A;G000855;4124;delaney;reeves;kloesel;32;f;w;carrboro;greensboro;407;27510;tx
A;G001336;4125;mark;thomas;aubrey;44;m;w;hudson;laurel;339;28638;nc
A;G001336;4126;mark;thomas;aubrey;44;m;w;hudson;helena;4276;28638;nc
B;G001336;4127;mark;thomas;aubrey;44;m;w;newton;lutz;3086;28658;nc
B;G001878;4128;robert;scott;beasley;26;m;w;edenton;surfside;525;27932;nc
A;G001878;4129;robert;scott;beasley;26;m;w;lexington;green heron;148;27292;nc
A;G001878;4130;robert;scott;beasley;26;m;w;raleigh;resolution;3202;27603;nc
A;G001219;4131;michelle;lee;gant;43;f;w;concord;lyla;2551;28027;wv
B;G001219;4132;michelle;lee;gant;43;f;w;stony point;mountain aire;46;28678;wv
A;G001219;4133;michelle;lee;gant;43;f;w;statesville;delight;139;28677;wv
A;G002147;4134;xavier;joseph;williams;29;m;b;fayetteville;cedar creek;8262;28312;nc
A;G002147;4135;xavier;joseph;williams;29;m;b;fayetteville;cedar creek;8262;28312;nc
B;G002147;4136;xavier;joseph;williams;29;m;b;fayetteville;cedar creek;8262;28312;nc
B;G005467;4137;dianna;lee;tolliver;49;f;w;kure beach;fort fisher;113;28449;wv
A;G005467;4138;dianna;lee;tolliver;49;f;w;cary;collier;113;27513;wv
A;G005467;4139;dianna;lee;tolliver;49;f;w;cary;wicklow;1101;27511;wv
B;G005398;4140;aaron;donald;damon;33;m;w;wilmington;bloomington;231;28411;va
A;G005398;4141;aaron;donald;damon;33;m;w;wilmington;bloomington;231;28411;va
A;G005398;4142;aaron;donald;damon;33;m;w;wilmington;eastwood;1800;28403;va
B;G002816;4143;natalie;carroll;beasley;34;f;w;magnolia;beasleys;259;28453;nc
A;G002816;4144;natalie;carroll beasley;brantley;34;f;w;wallace;winding way;211;28466;nc
A;G002816;4145;natalie;carroll;beasley;34;f;w;raleigh;silver moon;5435;27606;nc
B;G003427;4146;glenda;michelle;holmes;46;f;w;tarboro;raccoon branch;27;27886;nc
A;G003427;4147;glenda;michelle;reams mercer;46;f;w;rocky mount;green forest;4028;27804;nc
A;G003427;4148;glenda;michelle;holmes;46;f;w;raleigh;six forks;900;27604;nc
B;G006484;4149;zachary;henderson;stirewalt;27;u;u;cary;spivey;102;27513;
A;G006484;4150;zachary;henderson;stirewalt;27;m;w;cary;spivey;102;27513;nc
A;G006484;4151;zachary;henderson;stirewalt;27;u;u;boone;cecil miller;186;28607;
B;G003269;4152;christiane;rachel;regelbrugge;32;f;w;durham;morreene;929;27705;nc
A;G003269;4153;christiane;rachel;regelbrugge;32;f;w;charlotte;fox brook;4315;28211;nc
A;G003269;4154;christiane;regelbrugge;felts;32;f;w;charlotte;tranquil;225;28209;nc
A;G004353;4155;michael;lynn;james;51;m;w;garner;crows view;29;27529;oh
B;G004353;4156;michael;lynn;james;51;m;w;raleigh;valley edge;2210;27614;oh
A;G004353;4157;michael;lynn;james;51;m;w;raleigh;diamond creek;12020;27614;oh
A;G005262;4158;james;allen;davis;65;m;w;mt gilead;roberts ridge;168;27306;
B;G005262;4159;james;allen;davis;65;m;w;wingate;old williams;810;28174;
A;G005262;4160;james;allen;davis;65;m;w;monroe;franklin;802;28112;nc
B;G004100;4161;jamie;diane;lambe;32;u;u;jefferson;dishman severt;471;28640;nc
A;G004100;4162;jamie;diane;absher;32;f;w;asheboro;elm;512;27203;nc
A;G004100;4163;jamie;diane;lambe;32;f;w;elkin;walsh;371;28621;
B;G006311;4164;delton;larod;lyons;36;m;b;apex;arrowhead;4617;27539;nc
A;G006311;4165;delton;larod;lyors;36;m;b;apex;arrowhead;4617;27539;
A;G006311;4166;delton;larod;lyons;36;m;b;apex;arrowhead;4617;27539;nc
A;G000930;4167;alvin;;hinnant;35;m;b;morganton;cascade;100;28655;ny
A;G000930;4168;alvin;;hinnant;35;m;b;lenoir;grandfather;2462;28645;ny
B;G000930;4169;alvin;;hinnant;35;m;b;lenoir;grandfather;2462;28645;ny
B;G005044;4170;corinne;eileen;zeller knuth;39;f;w;charlotte;haven;3708;28209;ca
A;G005044;4171;corinne;eileen;zeller;39;f;w;chapel hill;sonoma;125;27516;ca
A;G005044;4172;corinne;e;zeller;39;f;w;chapel hill;conner;212;27514;ca
B;G001086;4173;larry;wayne;white;40;m;w;concord;westgate;1437;28027;
A;G001086;4174;larry;wayne;white;39;m;w;kannapolis;bailey;1300;28081;nc
A;G001086;4175;larry;wayne;white;39;m;w;troutman;church;134;28166;nc
B;G006673;4176;jerome;wilson;crouse;45;m;w;ronda;wilkes yadkin;6004;28670;nc
A;G006673;4177;jerome;wilson;crouse;45;m;w;jonesville;swan creek;3609;28642;nc
A;G006673;4178;jerome;wilson;crouse;45;m;w;hamptonville;king;4413;27020;nc
A;G004461;4179;kenyatta;latreyvea;best;29;f;b;grifton;skeeter pond;6646;28530;nc
B;G004461;4180;kenyatta;latreyvea;best;29;f;b;grifton;skeeter pond;6646;28530;nc
A;G004461;4181;kenyatta;latreyvea;best;29;f;b;greenville;keys;171;27858;
B;G000953;4182;faith;allison;draper;26;f;w;connelly springs;emerson;1920;28612;nc
A;G000953;4183;faith;allison;draper;26;f;w;hudson;dogwood;474;28638;nc
A;G000953;4184;faith;allison;draper;26;f;w;lenoir;cove mountain;1832;28645;nc
B;G001578;4185;douglas;sean;lecompte;37;m;w;hickory;12th;1783;28601;ny
A;G001578;4186;douglas;sean;lecompte;37;m;w;charlotte;destin;11532;28277;ny
A;G001578;4187;douglas;sean;lecompte;37;m;w;waxhaw;carver pond;803;28173;ny
B;G001785;4188;robert;theodore;schwachenwald;39;m;w;apex;batchelor;1125;27523;fl
A;G001785;4189;robert;theodore;schwachenwald;39;m;w;apex;poets corner;2406;27523;fl
A;G001785;4190;robert;theodore;schwachenwald;39;m;w;cary;sugar hill;100;27519;fl
A;G001517;4191;ann;whaley;semones;44;f;w;newport;scot;508;28570;nc
B;G001517;4192;ann;whaley;semones;44;f;w;clemmons;dock davis;4912;27012;
A;G001517;4193;ann;whaley;semones;44;f;w;north wilkesboro;mountain view;1480;28659;ne
A;G001236;4194;hazel;wilhoit;love;78;f;w;concord;piney church;1329;28025;nc
A;G001236;4195;hazel;wilhoit;love;78;f;w;rockwell;organ church;3625;28138;nc
B;G001236;4196;hazel;wilhoit;love;78;u;w;albemarle;st martin;24352;28001;
A;G005416;4197;misty;lynn;mills;43;f;w;wilmington;thurgood;7130;28411;nc
B;G005416;4198;misty;lynn;mills;43;f;w;ayden;marvin taylor;4940;28513;nc
A;G005416;4199;misty;mills;pellington;43;f;w;winterville;crimson;327;28590;nc
B;G000795;4200;carley;;johnson haber;34;f;w;asheville;merrimon;600;28804;
A;G000795;4201;carley;brooke;white;34;f;w;raleigh;springlawn;1314;27609;mn
A;G000795;4202;carley;brooke;haber;34;f;u;raleigh;knickerbocker;3904;27612;oc
A;G002843;4203;lakenya;starn;alexander;34;f;b;durham;erlwood;215;27704;nc
B;G002843;4204;lakenya;alexander;lewis;34;f;b;charlotte;david jennings;13418;28213;nc
A;G002843;4205;lakenya;starn;alexander;34;f;b;cary;talking rock;2623;27519;nc
B;G003957;4206;shelley;renee;rogers;34;f;w;statesville;spring valley;1040;28677;nc
A;G003957;4207;shelley;renee;rogers;34;f;w;carrboro;hillsborough;404;27510;nc
A;G003957;4208;shelley;renee;rogers;34;f;w;cedar grove;lynch creek farm;980;27231;nc
A;G003876;4209;eric;charles;benjamin;33;m;m;etowah;mckinney;192;28729;nc
A;G003876;4210;eric;charles;benjamin;33;m;m;charlotte;tryon;1210;28206;nc
B;G003876;4211;eric;charles;benjamin;33;m;m;pisgah forest;kemp;991;28768;nc
B;G002160;4212;ashley;;bratcher;30;f;b;fayetteville;murchison;1200;28301;
A;G002160;4213;ashley;;bratcher;30;f;b;raeford;iris;337;28376;nc
A;G002160;4214;ashley;;bratcher;30;f;b;raeford;iris;337;28376;nc
A;G005946;4215;jaresa;perette;simmons;48;f;b;greenville;kristin;307;27834;nc
B;G005946;4216;jaresa;;simmons;48;f;b;goldsboro;stephens;1402;27530;nc
A;G005946;4217;jaresa;;simmons;48;f;b;stantonsburg;kingswood;7017;27883;nc
B;G000022;4218;phillip;scott;smith;56;m;w;liberty;moody;8338;27298;nc
A;G000022;4219;phillip;s;smith;56;m;w;charlotte;benita;7223;28212;
A;G000022;4220;phillip;scott;smith;56;m;w;oakboro;oak ridge;708;28129;nc
A;G002932;4221;shanika;sade;paylor;32;f;b;durham;holly grove;1607;27713;nc
B;G002932;4222;shanika;s;paylor;32;f;b;roxboro;jones;414;27573;nc
A;G002932;4223;shanika;sade;paylor;32;f;b;raleigh;limebay;12200;27613;nc
B;G004275;4224;angela;e;devone;58;f;o;clayton;ashby;48;27527;va
A;G004275;4225;angela;elizabeth;devone;58;f;b;raleigh;loch raven pointe;5890;27604;va
A;G004275;4226;angela;e;devone;58;f;b;knightdale;mailwood;925;27545;va
B;G002635;4227;sheryl;greene;pate;54;f;w;lexington;4th;205;27292;va
A;G002635;4228;sheryl;patricia;greene;54;f;w;asheboro;fayetteville;2280;27203;va
A;G002635;4229;sheryl;greene;pate;54;f;w;sophia;level plains;4127;27350;va
A;G003275;4230;kasey;c;smith;78;f;w;durham;glenn;3809;27704;va
B;G003275;4231;kasey;;croslin;78;f;w;sanford;lansing;908;27330;va
A;G003275;4232;kasey;croslin;smith;78;f;w;raleigh;darwin;6221;27612;tn
A;G003166;4233;william;paul;brennan;30;m;w;durham;exchange;1101;27713;
A;G003166;4234;william;paul;brennan;30;m;w;cary;montford hall;201;27519;nc
B;G003166;4235;william;paul;brennan;30;m;w;boone;furman;204;28607;nc
A;G001765;4236;rachel;anne;schlosser;23;f;w;chapel hill;brittany;67;27517;nc
B;G001765;4237;rachel;anne;schlosser;23;f;w;durham;milan;1512;27704;
A;G001765;4238;rachel;anne;schlosser;23;f;w;hillsborough;orange grove;6932;27278;nc
B;G003814;4239;jennifer;nichole;stevens;33;f;w;waynesville;wilkinson pass;60;28786;nc
A;G003814;4240;jennifer;nichole;stevens;33;f;w;wendell;bristle bark;6813;27591;nc
A;G003814;4241;jennifer;nichole;stevens;33;f;w;boone;woodland;353;28607;nc
A;G006419;4242;david;leon;ortiz;59;m;w;raleigh;millbrook woods;2911;27604;ny
A;G006419;4243;david;leon;ortiz;59;m;w;raleigh;millbrook woods;2911;27604;ny
B;G006419;4244;david;;leon;59;m;u;raleigh;millbrook woods;2911;27604;
A;G005615;4245;aolani;nicole;summerlin;23;f;w;tarawa terrace;koval;953;28543;
B;G005615;4246;aolani;nicole;summerlin;23;f;w;mcgrady;lauri;307;28649;
A;G005615;4247;aolani;nicole;summerlin;23;f;w;mcgrady;lauri;307;28649;fl
A;G003314;4248;susan;teresa;murphy;50;f;w;durham;october;2062;27703;ct
A;G003314;4249;susan;teresa;murphy;50;f;w;cary;grande meadow;109;27513;ct
B;G003314;4250;susan;teresa;murphy;50;f;w;morrisville;sterling green;1927;27560;ct
A;G003279;4251;scott;;painter;38;m;w;durham;sawmill;10;27712;nc
B;G003279;4252;dean;scott;painter;38;m;w;charlotte;gardner;6619;28270;
A;G003279;4253;dean;scott;painter;38;m;w;raleigh;jasmine cove;12217;27614;nc
B;G005599;4254;brian;patrick;king;46;m;w;maysville;deppe loop;1394;28555;nc
A;G005599;4255;brian;patrick;king;46;m;w;maysville;deppe loop;1394;28555;nc
A;G005599;4256;brian;patrick;king;46;m;w;maysville;deppe loop;1436;28555;nc
A;G003654;4257;bryan;lee;buckingham;34;m;o;winston salem;creekshire;1315;27103;
A;G003654;4258;bryan;lee;buckingham;34;m;w;matthews;cameron village;930;28105;nc
B;G003654;4259;bryan;lee;buckingham;34;m;w;chapel hill;mangum dorm;408;27514;nc
A;G001558;4260;kristin;townsend;fulcher;40;f;w;hickory;7th av;421;28601;nc
A;G001558;4261;kristin;townsend;fulcher;40;f;w;charlotte;ivy meadow;1605;28213;nc
B;G001558;4262;kristin;townsend;fulcher;40;f;w;indian trail;breeze;3008;28079;nc
A;G002108;4263;vanessa;wagner;potter;47;f;w;new bern;winchester;103;28562;nc
A;G002108;4264;vanessa;wagner;potter;47;f;w;kinston;crooms;114;28504;nc
B;G002108;4265;vanessa;wagner;bryant;47;f;w;winterville;blackwater;136;28590;nc
B;G001155;4266;anita;thomas;ballard;64;f;b;concord;cloister;761;28027;nc
A;G001155;4267;anita;thomas;ballard;64;f;b;kannapolis;copel;517;28083;
A;G001155;4268;anita;thomas;ballard;64;f;b;kannapolis;21st;204;28083;nc
A;G000137;4269;anna;lee;smith;37;f;w;elon;woodale;120;27244;nc
B;G000137;4270;anna;lee;stubblefield;37;f;m;burlington;rockwood;1209;27215;nc
A;G000137;4271;anna;;stubblefield;37;f;w;winston salem;scholastic;831;27106;nc
A;G000681;4272;inna;;zhuravleva;28;u;u;asheville;parkwood;35;28804;
B;G000681;4273;inna;olegovna;zhuravleva;28;f;w;asheville;parkwood;35;28804;oc
A;G000681;4274;inna;;zhuravleva;28;f;w;chapel hill;paul hardin;560;27514;
A;G003642;4275;joshua;garrett;williams;40;m;w;winston salem;old vineyard;3401;27103;sc
A;G003642;4276;joshua;garrett;williams;40;m;w;statesville;scott;1802;28625;sc
B;G003642;4277;joshua;garrett;williams;40;m;w;charlotte;featherbrook;11115;28262;sc
B;G005822;4278;amanda;burnside;boykin;42;f;w;burgaw;new savannah;1568;28425;oh
A;G005822;4279;amanda;burnside;barbee;42;f;w;burgaw;bottle branch;240;28425;oh
A;G005822;4280;amanda;burnside;barbee;42;f;w;burgaw;fremont;606;28425;oh
A;G000660;4281;rebecca;phelps;campbell;31;f;w;asheville;starnes cove;817;28806;nc
B;G000660;4282;rebecca;ellen;phelps;31;f;w;denver;birchwood;3669;28037;nc
A;G000660;4283;rebecca;phelps;campbell;31;f;w;denver;cedar run;5778;28037;nc
B;G004689;4284;shanna;louisa;wylie;39;f;b;charlotte;woodscape;8030;28212;nc
A;G004689;4285;shanna;louisa;wylie;39;f;b;charlotte;caudell;6605;28215;nc
A;G004689;4286;shanna;louisa;wylie;39;f;b;charlotte;caudell;6605;28215;nc
A;G003337;4287;sarah;lynne;wolf;48;f;w;durham;windsong;629;27713;mi
A;G003337;4288;sarah;lynne;wolf;48;f;w;west jefferson;woodie;413;28694;mi
B;G003337;4289;sarah;lynne;wolf;48;f;w;raleigh;greywood;3513;27604;mi
A;G004474;4290;shannon;kaye;horne;50;f;w;deep run;mark n smith;4315;28525;ca
B;G004474;4291;shannon;kaye;horne;50;f;w;richlands;beulaville;371;28574;ca
A;G004474;4292;shannon;kaye;wallace;50;f;w;hampstead;bay harbor;667;28443;ca
B;G000527;4293;melissa;beth;johnson;37;u;w;asheville;lookout;65;28804;
A;G000527;4294;melissa;beth johnson;dobbins;37;f;w;asheville;lamancha;102;28805;il
A;G000527;4295;melissa;beth johnson;dobbins;37;f;w;black mountain;miller cove;65;28711;il
B;G001184;4296;courtney;lynn;newton;23;f;w;harrisburg;town center;4020;28075;nc
A;G001184;4297;courtney;lynn;newton;23;f;w;mooresville;angler;112;28117;nc
A;G001184;4298;courtney;lynn;newton;23;f;u;new london;watermelon;39164;28127;
A;G005627;4299;william;allen;duncan;29;m;w;jacksonville;hedgerow;402;28546;nc
A;G005627;4300;william;allen;duncan;29;m;w;randleman;fred lineberry;6003;27317;nc
B;G005627;4301;william;allen;duncan;29;m;w;randleman;fred lineberry;6003;27317;
B;G004609;4302;matthew;paul;wiseman;38;m;w;newland;ash;116;28657;nc
A;G004609;4303;matthew;paul;wiseman;38;m;w;newland;stamey branch;23;28657;nc
A;G004609;4304;matthew;paul;wiseman;38;m;w;boone;still lake;166;28607;nc
B;G002208;4305;audrey;bennett;rodriguez;62;f;b;fayetteville;daybrook;5929;28314;
A;G002208;4306;audrey;priscilla;rodriquez;62;u;b;fayetteville;daybrook;5929;28314;nc
A;G002208;4307;audrey;bennett;rodriguez;62;f;b;fayetteville;daybrook;5929;28314;
B;G006296;4308;marion;tyrone;covington;64;m;b;raleigh;blue blossom;3648;27616;nc
A;G006296;4309;marion;tyrone;covington;64;m;b;raleigh;madison ridge;6800;27613;nc
A;G006296;4310;marion;t;covington;64;m;b;raleigh;pendleton lake;649;27614;nc
B;G005283;4311;meredith;rochelle;roberts;45;f;w;pinehurst;quail;125;28374;nc
A;G005283;4312;meredith;rochelle;roberts;45;f;w;wilmington;portofino;3808;28412;nc
A;G005283;4313;meredith;rochelle;roberts;45;f;w;zionville;castle;119;28698;nc
A;G006440;4314;jonathan;jason;van orden;33;m;w;raleigh;benedict;100;27614;fl
A;G006440;4315;jonathan;jason;vanorden;33;m;w;raleigh;genford;830;27609;fl
B;G006440;4316;jonathan;jason;van orden;33;m;w;raleigh;forest mill;3201;27616;fl
A;G001228;4317;marvin;roddell;alexander;54;m;b;kannapolis;odessa;1612;28083;
A;G001228;4318;marvin;roddell;alexander;54;m;b;eden;b austin;170;27288;nc
B;G001228;4319;marvin;roddell;alexander;54;m;b;princeton;wakefield;310;27569;nc
A;G002951;4320;sarah;louise;weiner;27;u;u;chapel hill;spring meadow;12101;27517;oc
B;G002951;4321;sarah;louise;hart;27;f;w;chapel hill;martin luther king jr;708;27514;oc
A;G002951;4322;sarah;louise;weiner;27;f;w;asheboro;anns;797;27205;oc
B;G005547;4323;zachary;brandt;hudson sorrell;33;m;w;wilmington;monlandil;335;28403;nc
A;G005547;4324;zachary;brandt;hudson sorrell;33;m;w;raleigh;ashe;109;27605;nc
A;G005547;4325;zachary;brandt;hudson sorrell;33;m;w;boone;camp rock;449;28607;nc
A;G003226;4326;allen;nelson;sharpe;77;m;w;chapel hill;bearkling;1917;27517;nc
A;G003226;4327;allen;nelson;sharpe;77;m;w;pinehurst;pinehurst trace;225;28374;nc
B;G003226;4328;allen;nelson;sharpe;77;m;w;brevard;lake house;185;28712;nc
A;G006463;4329;tyliyah;;winstead;21;u;u;raleigh;south;118;27601;
A;G006463;4330;tyliyah;dashantaye;winstead;21;u;u;raleigh;south;118;27601;
B;G006463;4331;tyliyah;;winstead;21;u;u;raleigh;south;118;27601;
A;G001663;4332;ashlee;rae;cook;32;f;w;maiden;four c s;3993;28650;nc
A;G001663;4333;ashlee;rae;cook;32;u;w;maiden;grange;3918;28650;
B;G001663;4334;ashlee;rae;cook;32;f;w;charlotte;sudbury;3713;28205;nc
B;G004107;4335;wendy;buffaloe;waring;55;f;w;west jefferson;indian lake;289;28694;nc
A;G004107;4336;wendy;buffaloe;waring;55;f;w;raleigh;delta ridge;4712;27612;nc
A;G004107;4337;wendy;buffaloe;waring;55;f;w;raleigh;clear brook;8216;27615;
B;G001343;4338;caleb;levi;hobbs;23;m;w;granite falls;warren;3966;28630;va
A;G001343;4339;caleb;levi;hobbs;23;m;w;wilmington;shannon;226;28409;va
A;G001343;4340;caleb;levi;hobbs;23;m;w;randleman;brown oaks;4268;27317;va
A;G003836;4341;shannon;standley;cotton;44;f;w;waynesville;rolling;263;28786;nc
A;G003836;4342;shannon;standley;williams;44;f;w;matthews;terra glen;3109;28105;nc
B;G003836;4343;shannon;standley;cotton;44;f;w;seven lakes;smathers;135;27376;nc
B;G000356;4344;donna;bradford;bridges;53;f;w;leland;robert luke;1915;28451;nc
A;G000356;4345;donna;bradford;bridges;53;u;w;shelby;lenick;65;28152;
A;G000356;4346;donna;bradford;bridges;53;f;w;shelby;mcswain;614;28150;nc
A;G002812;4347;christopher;randy;holmes;42;m;w;kenansville;summerlin;130;28349;nc
B;G002812;4348;christopher;randy;holmes;42;m;w;richlands;fire tower;514;28574;nc
A;G002812;4349;christopher;randy;holmes;42;m;w;lagrange;dobbs county courthouse;118;28551;nc
A;G002161;4350;marquis;antwan;lambert;43;m;b;fayetteville;dominion;4714;28306;va
A;G002161;4351;marquis;antwan;lambert;43;m;b;fayetteville;dominion;4714;28306;va
B;G002161;4352;marquis;antwan;lambert;43;m;b;fayetteville;dominion;4714;28306;ma
B;G000422;4353;charnetta;denise;frye;31;f;b;leland;church;908;28451;nc
A;G000422;4354;charnetta;denise leslie;frye;31;f;b;southern pines;rothney;495;28387;nc
A;G000422;4355;charnetta;denise leslie;frye;31;f;b;aberdeen;walnut;307;28315;nc
A;G001859;4356;sara;elizabeth;sneed;45;f;w;murphy;steertown;390;28906;ne
A;G001859;4357;sara;elizabeth;sneed;45;u;w;brasstown;reese;472;28902;
B;G001859;4358;sara;elizabeth;adamovich;45;f;w;raeford;rockfish;7084;28376;ne
A;G004380;4359;tamia;eaton;ray;38;f;b;garner;outwater ridge;108;27529;md
A;G004380;4360;tamia;lacha;eaton;38;f;b;raleigh;cane garden;4000;27610;md
B;G004380;4361;tamia;eaton;ray;38;f;b;garner;wickerleaf;337;27529;md
A;G001603;4362;sallie;lee;geyer;59;f;w;maiden;sierra;5010;28650;va
A;G001603;4363;sallie;lee;geyer;59;f;w;maiden;sierra;5010;28650;va
B;G001603;4364;sallie;lee;geyer;59;f;w;clayton;vinson;2377;27527;va
B;G005055;4365;john;sutter;curtiss;30;m;w;matthews;elmsford;1416;28105;tx
A;G005055;4366;john;sutter;curtiss;30;m;w;matthews;elmsford;1416;28105;tx
A;G005055;4367;john;sutter;curtiss;30;u;w;chapel hill;edwards;712;27516;tx
A;G002212;4368;burrell;van;hubbs;61;m;b;parkton;parkton;6976;28371;
B;G002212;4369;burrell;van;hubbs;61;m;b;charlotte;yateswood;6609;28212;ny
A;G002212;4370;burrell;van;hubbs;61;m;b;parkton;leeper;1399;28371;ny
B;G001811;4371;james;allen;cochie;61;m;w;chapel hill;wildwind;165;27516;oh
A;G001811;4372;james;allen;cochie;61;m;w;advance;old march;156;27006;oh
A;G001811;4373;james;allen;cochie;61;m;u;winston salem;park vista;1;27101;oh
B;G003167;4374;jean;paul;dame;52;m;u;durham;ibis;205;27703;ca
A;G003167;4375;jean;paul;dame;52;m;w;durham;brier crossing;712;27703;ca
A;G003167;4376;jean;paul;dame;52;m;w;durham;brier crossings;712;27703;ca
A;G003355;4377;courtney;alexis;scott;32;f;b;durham;woodway club;1508;27713;nc
B;G003355;4378;courtney;alexis;scott;32;f;b;gaston;clanton garner;131;27832;
A;G003355;4379;courtney;alexis;scott;32;f;b;raleigh;kassia;5208;27616;nc
B;G005537;4380;heather;marie;spence;33;f;w;wilmington;mcclelland;4611;28405;nc
A;G005537;4381;heather;marie;spence;33;f;w;apex;splitrock;6009;27539;nc
A;G005537;4382;heather;marie;spence;33;f;w;fuquay varina;maizefield;2145;27526;nc
A;G002568;4383;jonathan;daniel;gentry;42;m;w;thomasville;ball park;1038;27360;in
A;G002568;4384;jonathan;daniel;gentry;42;m;w;greenville;hollow;1637;27858;in
B;G002568;4385;jonathan;daniel;gentry;42;m;w;salisbury;gold hill;521;28146;in
A;G003066;4386;jaleesa;morrissa;mccoy;24;f;b;durham;lasalle;311;27705;va
A;G003066;4387;jaleessa;morrissa;mccoy;24;f;b;dunn;saint;311;28334;va
B;G003066;4388;jaleesa;morrisa;mccoy;24;f;b;jacksonville;hines farm;2156;28540;va
A;G004137;4389;colin;ewing;stewart;24;m;w;cullowhee;central;551;28723;nc
B;G004137;4390;colin;ewing;stewart;24;m;w;charlotte;fellsway;3818;28209;nc
A;G004137;4391;colin;ewing;stewart;24;m;w;charlotte;kylemore;3509;28210;nc
A;G004208;4392;danny;allen;maynard;43;m;w;benson;rhea;104;27504;nc
A;G004208;4393;danny;allen;maynard;43;m;w;dunn;harnett dunn;5037;28334;nc
B;G004208;4394;danny;allen;maynard;43;m;w;raleigh;rangeley;5913;27609;nc
B;G006374;4395;sheila;renee;cassady;45;f;b;raleigh;hayling;3024;27610;nc
A;G006374;4396;sheila;wall;cassady;45;f;b;raleigh;malone;1819;27610;nc
A;G006374;4397;sheila;renee;cassady;45;f;b;raleigh;cricket ridge;1517;27610;nc
B;G001222;4398;amy;beth;frankenstein;39;f;w;concord;union cemetery;448;28027;
A;G001222;4399;amy;beth;frankenstein;39;f;w;charlotte;english setter;10551;28269;va
A;G001222;4400;amy;beth;frankenstein;39;f;w;raleigh;dunwoody;504;27615;va
A;G002017;4401;diana;aqvino;davis;64;f;w;new bern;bowline;102;28562;ny
A;G002017;4402;diana;;aquino ahkao;64;f;w;new bern;country club;4401;28562;ny
B;G002017;4403;diana;aquino;davis;64;f;w;durham;shoreham;2627;27707;ny
A;G002179;4404;monica;;showell thomas;54;f;b;fayetteville;old farm;242;28314;va
A;G002179;4405;monica;;showell thomas;54;f;b;fayetteville;daytona;4001;28311;va
B;G002179;4406;monica;;thomas;54;f;b;fayetteville;daytona;4001;28311;pa
B;G006102;4407;brandi;alexus;hargon;23;f;b;salisbury;foxfire;2611;28147;
A;G006102;4408;brandi;alexus;hargon;23;f;b;salisbury;foxfire;2611;28147;
A;G006102;4409;brandi;alexis;hargon;23;f;b;salisbury;foxfire;2611;28147;
B;G003140;4410;kayla;anne;mallon;36;f;w;durham;gregson;610;27701;nm
A;G003140;4411;kayla;anne;fuga;36;f;w;chapel hill;baity hill;1700;27514;
A;G003140;4412;kayla;anne;fuga;36;f;w;raleigh;arrow creek;10301;27617;nm
B;G003127;4413;derick;lynn;shepherd;39;m;w;durham;slateworth;505;27703;
A;G003127;4414;derick;lynn;shepherd;39;m;w;efland;sunglow;508;27243;oh
A;G003127;4415;derick;lynn;shepherd;39;m;w;raleigh;cameron crest;6902;27613;oh
A;G003948;4416;brandon;paul;ash;26;m;w;belhaven;squires;249;27810;
B;G003948;4417;brandon;paul;ash;26;m;w;goldsboro;martin;110;27530;oc
A;G003948;4418;brandon;paul;ash;26;u;u;pikeville;oak summit;112;27863;
B;G001827;4419;samantha;lynn;duke;47;f;w;pittsboro;cotton;54;27312;nc
A;G001827;4420;samantha;lynn;duke;47;f;w;pisgah forest;lazy branch;264;28768;nc
A;G001827;4421;samanatha;lynn;duke;47;f;u;pisgah forest;lazy branch;254;28768;
A;G004182;4422;kyle;davis;barefoot;39;m;w;garner;adams point;723;27529;nc
B;G004182;4423;kyle;davis;barefoot;39;u;u;raleigh;whistling duck;5412;27603;
A;G004182;4424;kyle;davis;barefoot;39;m;w;raleigh;chalcedony;124;27603;nc
A;G003228;4425;kevin;r;hoyle;29;m;b;durham;emerald forest;4304;27713;
A;G003228;4426;kevin;raynard;hoyle;29;m;u;clayton;averasboro;364;27520;
B;G003228;4427;kevin;raynard;hoyle;29;m;b;cary;dove cottage;222;27519;va
A;G001100;4428;ricardo;tate;teal;38;m;b;concord;fingerlake;6500;28027;nc
B;G001100;4429;ricardo;tate;teal;38;m;b;charlotte;edgeworth;7608;28213;nc
A;G001100;4430;ricardo;tate;teal;38;m;b;badin;marion;622;28009;nc
A;G003745;4431;april;nicole;chandler;24;f;b;lillington;dr mckoy;87;27546;nc
B;G003745;4432;april;nicole;chandler;24;f;b;semora;the johnson;65;27343;nc
A;G003745;4433;april;nicole;chandler;24;f;b;roxboro;person;107;27573;nc
A;G000484;4434;lance;james;mcdonald;51;m;w;arden;thoroughbred;35;28704;wi
B;G000484;4435;lance;james;mcdonald;51;m;w;hendersonville;pait;113;28791;wi
A;G000484;4436;lance;james;mcdonald;51;m;w;wilkesboro;nc hwy 268;3200;28697;wi
A;G000285;4437;bruce;george;mabey;40;m;w;supply;waterscape;2625;28462;nj
B;G000285;4438;bruce;george;mabey;40;m;w;southport;club villas;3350;28461;nj
A;G000285;4439;bruce;george;mabey;40;m;w;durham;james;1820;27707;nj
A;G004578;4440;heather;christine;whitley;32;f;b;williamston;bell town;1810;27892;nc
A;G004578;4441;heather;;harrell;32;f;b;greenville;allen;1218;27834;nc
B;G004578;4442;heather;christine;whitley;32;f;b;raleigh;millbrook village;2731;27604;nc
A;G000446;4443;soyna;ann;vess;55;f;w;burnsville;hickory;317;28714;nc
B;G000446;4444;sonya;ann;vess;55;f;w;burnsville;hickory;317;28714;nc
A;G000446;4445;sonya;ann;vess;55;f;w;burnsville;hickory;317;28714;nc
A;G001049;4446;shirley;bade;duff;72;f;w;concord;basswood;5101;28025;va
A;G001049;4447;shirley;bade;duff;72;f;w;concord;basswood;5101;28025;va
B;G001049;4448;shirley;bade;duff;72;u;u;locust;ardsley;317;28097;
A;G005279;4449;ray;thomas;mahon;67;m;w;seven lakes;morris;105;27376;pa
A;G005279;4450;ray;thomas;mahon;67;m;w;carolina beach;carolina sands;932;28428;pa
B;G005279;4451;ray;t;mahon;67;m;w;knightdale;willow ridge;902;27545;pa
A;G003673;4452;stephanie;marie;knight;41;f;w;winston salem;forsyth;2377;27103;nc
A;G003673;4453;stephanie;knight;phipps;41;f;w;wilmington;lenoir;6341;28412;nc
B;G003673;4454;stephanie;knight;phipps;41;f;w;chapel hill;shadowood;116;27514;nc
B;G000123;4455;shani;renee;riley;30;f;b;burlington;cleveland;1410;27217;nc
A;G000123;4456;shani;renee;riley;30;f;b;durham;duke university;1505;27701;
A;G000123;4457;shani;renee;riley;30;f;b;raleigh;south;118;27601;nc
B;G003365;4458;alex;;shafir;71;m;w;chapel hill;lancaster;208;27517;oc
A;G003365;4459;alex;;shafir;71;m;w;chapel hill;providence glen;1524;27514;oc
A;G003365;4460;alex;;shafir;71;m;w;chapel hill;providence glen;1524;27514;oc
B;G000790;4461;sarah;ashley;reeves;29;f;w;asheville;panola;44;28801;va
A;G000790;4462;sarah;ashley;reeves;29;f;w;charlotte;fellsway;3921;28209;va
A;G000790;4463;sarah;ashley;reeves;29;f;w;charlotte;fellsway;3921;28209;
A;G004170;4464;patricia;carolyn;avery;69;f;w;kenly;flower hill;6099;27542;
B;G004170;4465;patricia;carolyn;avery;69;f;w;wendell;academy;120;27591;nc
A;G004170;4466;patricia;carter;avery;69;f;w;wendell;academy;202;27591;nc
B;G000975;4467;candace;;storey;43;f;w;concord;yorke;5640;28027;dc
A;G000975;4468;candace;rae oneil;storey;43;f;w;denver;parsons;1199;28037;dc
A;G000975;4469;candace rae;o neil;storey;43;f;w;davidson;jetton;930;28036;dc
B;G002323;4470;willis;allen;edge;30;m;w;fayetteville;bucknell;1001;28311;nc
A;G002323;4471;willis;allen;edge;30;m;w;fayetteville;scotty hill;3017;28303;nc
A;G002323;4472;willis;allen;edge;30;m;w;burgaw;pinkney;1547;28425;nc
B;G000760;4473;renee;marie;cooper;35;f;w;asheville;sand hill;673;28806;or
A;G000760;4474;renee;marie;reece;35;f;w;hickory;5th av;228;28601;or
A;G000760;4475;renee;marie;reece;35;f;w;hickory;shady falls;95;28601;or
A;G004049;4476;ivan;forrest;loftin;48;m;w;statesville;kings grant;478;28625;nc
A;G004049;4477;ivan;forrest;loftin;48;m;w;statesville;kings grant;421;28625;nc
B;G004049;4478;ivan;forrest;loftin;48;m;w;statesville;kings grant;421;28625;nc
A;G006313;4479;delton;;brown;57;m;b;raleigh;spring glen;5904;27616;nc
A;G006313;4480;delton;wayne;brown;57;m;b;raleigh;spring glen;5904;27616;nc
B;G006313;4481;delton;wayne;brown;57;m;b;raleigh;spring glen;5904;27616;nc
A;G004190;4482;sharissa;leanne terpronce;bridges;26;f;b;smithfield;abbey;138;27577;ga
A;G004190;4483;sharissa;;bridges;26;f;b;charlotte;rebecca bailey;1400;28262;
B;G004190;4484;sharissa;leanne;bridges;26;f;b;garner;springview;617;27529;ga
B;G004443;4485;katrina;turnage;rouse;55;f;b;la grange;boundary;405;28551;nc
A;G004443;4486;katrina;turnage;rouse;55;f;b;kinston;west;2002;28501;nc
A;G004443;4487;katrina;turnage;rouse;55;f;b;kinston;west;2002;28501;nc
A;G006293;4488;kandi;l;privette;49;f;w;wake forest;purnell;4800;27587;oc
B;G006293;4489;kandi;privette;bailey;49;f;w;wake forest;stony hill;7641;27587;wa
A;G006293;4490;kandi;privette;bailey;49;f;w;wake forest;stony hill;7641;27587;wa
B;G003764;4491;carisa;n;shaw;39;f;w;lillington;mitchell;760;27546;nc
A;G003764;4492;carisa;nichole;peterson;39;f;w;four oaks;joyner bridge;339;27524;nc
A;G003764;4493;carisa;nichole;peterson;39;f;w;holly springs;stable ridge;900;27540;nc
B;G000242;4494;crystal;diane;murawsky;35;f;w;leland;hidden branches;10033;28451;nc
A;G000242;4495;crystal;diane;murawsky;35;f;w;granite falls;archer;22;28630;nc
A;G000242;4496;crystal;diane;murawsky;35;f;w;taylorsville;cedar valley;176;28681;nc
A;G006395;4497;yazmari;;matos rodriguez;31;f;o;raleigh;quail hollow;3302;27609;oc
B;G006395;4498;yazmari;;matos rodriguez;31;f;o;raleigh;hensley;409;27615;oc
A;G006395;4499;yazmari;;matos;31;f;w;raleigh;quail hollow;3302;27609;pr
A;G003104;4500;erin;elizabeth;morton;29;f;w;durham;duke;1000;27701;
B;G003104;4501;erin;elizabeth;morton;29;f;w;china grove;main;410;28023;nc
A;G003104;4502;erin;elizabeth;morton;29;f;w;raleigh;silver sage;1340;27606;nc
A;G005030;4503;rebecca;lynn;debuhr;42;f;w;charlotte;mallard glen;9801;28262;va
A;G005030;4504;rebecca;debuhr;jones;42;f;w;charlotte;country club;3629;28205;va
B;G005030;4505;rebecca;debuhr;jones;42;f;w;waxhaw;wesley glen;6702;28173;va
A;G005219;4506;anne;sterling;murchison;36;f;w;charlotte;ebb;600;28210;
A;G005219;4507;anne;murchison;williams;36;f;w;wilmington;brookhaven;1944;28403;nc
B;G005219;4508;anne;sterling;murchison;36;f;w;wilmington;columbia;2826;28403;nc
B;G004005;4509;dorene;carol;mazza;47;f;w;statesville;harbor ridge;168;28677;nj
A;G004005;4510;dorene;carol zenatti;mazza;47;f;w;huntersville;rolling meadows;8220;28078;nj
A;G004005;4511;dorene;c;mazza;47;f;u;wake forest;heritage club;1400;27587;nj
B;G004905;4512;casey;bailey;kreuziger;37;f;w;charlotte;selwyn oaks;813;28209;fl
A;G004905;4513;casey;bailey;kreuziger;37;f;w;boone;potter;198;28607;fl
A;G004905;4514;casey;bailey;kreuziger;37;f;w;boone;red feather;270;28607;fl
B;G003637;4515;dana;martin;elmore;39;f;w;winston salem;water lily;216;27107;sc
A;G003637;4516;dana;martin;morris;39;f;w;lincolnton;taswell;148;28092;sc
A;G003637;4517;dana;martin;morris;39;f;w;lincolnton;asbury church;3065;28092;sc
A;G002745;4518;rebecca;barnes;jones;41;f;w;sparta;briarwood;132;28675;nc
A;G002745;4519;rebecca;barnes;jones;41;f;w;piney creek;white oak;91;28663;
B;G002745;4520;rebecca;barnes;jones;41;f;w;boone;laurel reach;167;28607;
B;G003476;4521;jennifer;;dominguez ayona;19;f;o;winston salem;union cross;2024;27107;nc
A;G003476;4522;jennifer;;dominguez ayona;19;f;o;winston salem;union cross;2024;27107;nc
A;G003476;4523;jennifer;;dominguez ayona;19;f;o;winston salem;union cross;2024;27107;nc
A;G002091;4524;carla;herman;soule;45;f;w;havelock;roosevelt;4;28532;nc
B;G002091;4525;carla;herman;soule;45;f;w;mebane;yarborough;7020;27302;
A;G002091;4526;carla;herman;soule;45;f;w;cary;grande harmony;1916;27513;nc
A;G003046;4527;gena;renee;nolan;35;f;w;durham;jonquil;723;27712;nc
B;G003046;4528;gena;nolan;waller;35;f;w;raeford;sage creek;119;28376;nc
A;G003046;4529;gena;nolan;waller;35;f;w;salisbury;balfour quarry;1050;28146;nc
A;G000547;4530;jason;alan;putnam;42;m;w;arden;heywood;110;28704;ct
A;G000547;4531;jason;alan;putnam;42;m;w;arden;heywood;110;28704;ct
B;G000547;4532;jason;alan;putnam;42;m;w;asheville;ascot point;19;28803;ct
B;G004179;4533;kathy;johnson;ammons;68;f;w;clayton;denby;175;27527;nc
A;G004179;4534;kathy;johnson;ammons;68;f;w;wilmington;antoinette;109;28412;nc
A;G004179;4535;kathy;johnson;ammons;68;f;w;currie;parkton;73;28435;nc
B;G005103;4536;kelli;joan;wofford;24;f;w;charlotte;barnsdale;5529;28227;
A;G005103;4537;kelli;joan;wofford;24;f;w;charlotte;barnsdale;5529;28227;nc
A;G005103;4538;kelli;joan;wofford;24;f;w;wilmington;market;1902;28403;nc
A;G005446;4539;felicia;jamara;lynch;29;f;b;wilmington;wilderness;4925;28412;
A;G005446;4540;felicia;jamara;lynch;29;u;u;morrisville;carrington park;1101;27560;nc
B;G005446;4541;felicia;jamara;lynch;29;f;u;morrisville;carrington park;1700;27560;
B;G006442;4542;dana;nacole;griffin;41;f;b;raleigh;winter;6713;27616;nj
A;G006442;4543;dana;nacole;caldwell;41;f;b;knightdale;sandy;217;27545;nj
A;G006442;4544;dana;;caldwell;41;f;b;raleigh;winter;6713;27616;nj
A;G003817;4545;alexandra;j;smith;68;f;w;waynesville;crymes cove;1592;28786;nj
B;G003817;4546;alexandra;jean;smith;68;f;w;charlotte;nolley;9131;28270;nj
A;G003817;4547;alexandra;jean;smith;68;u;w;wilmington;capeside;540;28412;
A;G002412;4548;breona;marchae;jenkins;29;u;u;fayetteville;murchison;1200;28301;nc
A;G002412;4549;breona;marchae;jenkins;29;f;b;spring lake;tryon;55;28390;nc
B;G002412;4550;breona;marchae;jenkins;29;f;b;bladenboro;gowens;113;28320;nc
A;G002637;4551;jill;lynn;allen;51;f;w;lexington;veterans;185;27292;nc
B;G002637;4552;jill;lynn;york;51;f;w;linwood;jubilee;1491;27299;
A;G002637;4553;jill;lynn;allen;51;f;w;lexington;veterans;185;27292;nc
B;G006181;4554;jamie;renee;jones;29;f;w;king;antique;108;27021;
A;G006181;4555;jamie;renee;ball;29;f;w;siloam;quaker church;1149;27047;nc
A;G006181;4556;jamie;renee;inman;29;f;w;mount airy;starwood;241;27030;nc
A;G003758;4557;tommy;wayne;turpin;63;m;w;dunn;holmes;109;28334;nc
A;G003758;4558;tommy;wayne;turpin;63;m;w;dunn;holmes;109;28334;nc
B;G003758;4559;tommy;wayne;turpin;63;m;w;dunn;benson;2215;28334;
B;G003940;4560;walter;martin;rea;55;m;w;raeford;crescent;213;28376;nc
A;G003940;4561;walter;martin;rea;55;f;w;carthage;crabtree;264;28327;nc
A;G003940;4562;walter;martin;rea;55;m;w;lake lure;pearson;152;28746;nc
A;G003289;4563;matthew;robert;strickland;33;m;w;durham;moorefield;9;27705;mi
B;G003289;4564;matthew;robert;strickland;33;m;w;durham;vanguard;1413;27713;mo
A;G003289;4565;matthew;robert;strickland;33;m;w;winston salem;turkey hill;3190;27106;mi
B;G003289;4566;matthew;robert;strickland;33;m;w;fuquay varina;devonridge;1911;27526;mo
A;G005892;4567;irene;gillian;bauer;21;f;w;greenville;jones hall;460;27858;
A;G005892;4568;irene;gillian;bauer;21;f;w;knightdale;wellington;109;27545;
B;G005892;4569;irene;gillian;bauer;21;u;u;knightdale;wellington;109;27545;
B;G005892;4570;irene;gillian;baver;21;u;u;knightdale;wellington;109;27545;
A;G002105;4571;james;christopher;wright;34;m;w;new bern;bayberry park;5308;28562;il
A;G002105;4572;james;christopher;wright;34;m;w;richlands;gum branch;6766;28574;il
B;G002105;4573;james;christopher;wright;34;m;w;raleigh;auston grove;1120;27610;il
B;G002105;4574;james;christopher;wright;34;m;w;wake forest;forbes;250;27587;il
A;G005380;4575;eric;johnson;batchelor;51;m;w;rocky mount;waterloo;1248;27804;nc
A;G005380;4576;eric;johnson;batchelor;51;m;w;rocky mount;waterloo;1248;27804;nc
B;G005380;4577;eric;johnson;batchelor;51;m;w;greenville;fire tower;1211;27858;nc
B;G005380;4578;eric;johnson;batchelor;51;m;w;zebulon;church;811;27597;nc
B;G005252;4579;marvin;lee;bennett;64;m;a;mt gilead;larboard;126;27306;nc
B;G005252;4580;marvin;lee;bennett;64;m;a;rockingham;garrett;144;28379;nc
A;G005252;4581;marvin;lee;bennett;64;m;a;rockingham;shannon;171;28379;nc
A;G005252;4582;marvin;lee;bennett;64;m;i;raleigh;new bern;1901;27610;
B;G004185;4583;richard;allen;hodges;39;m;u;smithfield;breadnut;127;27577;nc
A;G004185;4584;richard;allen;hodges;39;m;b;kinston;fox run;3118;28504;nc
B;G004185;4585;richard;allen;hodges;39;m;b;winterville;vicksburg;1029;28590;
A;G004185;4586;richard;allen;hodges;39;m;b;grifton;dogwood;6563;28530;nc
B;G001291;4587;angela;plyler;talley;48;f;w;midland;clydesdale;12856;28107;nc
B;G001291;4588;angela;plyler;talley;48;f;w;oakboro;st martin;12792;28129;nc
A;G001291;4589;angela;plyler;talley;48;f;w;stanfield;math;8592;28163;
A;G001291;4590;angela;plyler;talley;48;f;w;stanfield;math;8592;28163;
B;G000927;4591;merrick;duane;smith;48;m;b;morganton;valdese;607;28655;nc
A;G000927;4592;merrick;duane;smith;48;m;b;winston salem;brownsboro;4217;27106;nc
B;G000927;4593;merrick;duane;smith;48;m;b;winston salem;goldfloss;825;27107;nc
A;G000927;4594;merrick;duane;smith;48;m;b;wilson;wembly;3407;27896;nc
B;G000385;4595;jarrod;;richardson;30;m;w;caswell beach;caswell beach;1000;28465;
A;G000385;4596;jarrod;hoke;richardson;30;m;w;troutman;wagner;360;28166;nc
A;G000385;4597;jarrod;hoke;richardson;30;m;w;troutman;wagner;360;28166;nc
B;G000385;4598;jarrod;hoke;richardson;30;m;w;charlotte;mary alexander;9824;28262;nc
A;G005218;4599;elisabeth;f;ward;29;f;w;charlotte;university city;9201;28223;nc
B;G005218;4600;elisabeth;forrest;ward;29;f;w;wilmington;reed;4317;28405;
A;G005218;4601;elisabeth;forrest;ward;29;f;w;wilmington;reed;4317;28405;nc
B;G005218;4602;elisabeth;forrest;ward;29;f;w;raleigh;princeton mill;3310;27612;nc
A;G000837;4603;britney;acosta;clubb;28;u;u;asheville;sydney;16;28806;
B;G000837;4604;britney;acosta;clubb;28;f;w;waynesville;wilkinson pass;86;28786;fl
B;G000837;4605;britney;lynn;acosta;28;f;w;sapphire;carefree;59;28774;fl
A;G000837;4606;britney;lynn;acosta;28;f;w;sapphire;carefree;59;28774;
A;G001342;4607;lawrence;eugene;laws;40;f;w;hickory;gold creek bay;5669;28601;nc
B;G001342;4608;lawrence;eugene;laws;40;m;w;granite falls;connelly springs;2490;28630;nc
B;G001342;4609;lawrence;eugene;laws;40;m;w;hickory;7th;412;28601;nc
A;G001342;4610;lawrence;eugene;laws;40;u;u;hickory;7th;412;28601;
A;G000616;4611;lance;alan;armstrong;44;m;w;asheville;shadowlawn;143;28806;fl
B;G000616;4612;lance;armstrong;wisely;44;m;w;sylva;us hwy 441;6858;28779;fl
A;G000616;4613;lance;armstrong;wisely;44;m;w;marshall;foster creek;411;28753;fl
B;G000616;4614;lance;armstrong;wisely;44;m;w;garner;rose common;108;27529;fl
B;G002320;4615;cindy;kay;hickox;41;f;w;fort bragg;cargomaster;59;28307;nc
A;G002320;4616;cindy;kay;hickox;41;f;w;thomasville;bell;220;27360;nc
B;G002320;4617;cindy;kay;hickox;41;f;w;randleman;caudle;613;27317;nc
A;G002320;4618;cindy;kay;hickox;41;f;w;randleman;caudle;613;27317;nc
B;G003247;4619;william;rudolph;garfield;61;m;w;durham;sherbon;3204;27707;oh
B;G003247;4620;william;rudolph;garfield;61;m;w;wilmington;channel haven;115;28409;oh
A;G003247;4621;william;hills;garfield;61;m;w;burgaw;old river;9054;28425;oh
A;G003247;4622;william;rudolph;garfield;61;m;w;garner;garner;1412;27529;oh
A;G003454;4623;johnnie;earl;lucas;54;m;b;rocky mount;eastern;927;27801;nc
B;G003454;4624;johnnie;earl;lucas;118;m;b;spring hope;bergeron;2875;27882;
A;G003454;4625;johnnie;earl;lucas;54;m;b;spring hope;bergeron;2875;27882;nc
B;G003454;4626;johnnie;earl;lucas;54;m;b;spring hope;bergeron;2875;27882;nc
B;G001070;4627;martha;jean;strahan;51;f;w;davidson;traders;10834;28036;nc
B;G001070;4628;martha;bates;lang;51;f;w;vale;howards creek mill;1185;28168;nc
A;G001070;4629;martha;bates;strahan;51;f;w;charlotte;alydar;6837;28216;nc
A;G001070;4630;martha;bates;lang;51;f;w;charlotte;shady oak;7988;28210;nc
B;G005659;4631;samuel;wentworth;ward;29;m;w;chapel hill;bolton;112;27516;nc
B;G005659;4632;samuel;wentworth;ward;29;m;w;carrboro;fidelity;119;27510;nc
A;G005659;4633;samuel;wentworth;ward;29;u;w;chapel hill;bolton;112;27516;
A;G005659;4634;samuel;wentworth;ward;29;m;w;boone;canterbury;281;28607;nc
B;G000783;4635;timothy;lee;shivers;60;m;b;asheville;flint;191;28801;
A;G000783;4636;timothy;lee;shivers;60;m;b;asheville;caribou;542;28803;nc
B;G000783;4637;timothy;lee;shivers;60;m;b;asheville;klondyke;86;28801;nc
A;G000783;4638;timothy;l;shivers;60;m;b;asheville;taft;76;28803;
A;G006157;4639;anthony;;johnson;37;f;b;laurinburg;vance;113;28352;nc
B;G006157;4640;anthony;rasheim;johnson;37;m;b;raleigh;offshore;4225;27610;nc
A;G006157;4641;anthony;rasheim;johnson;37;m;b;raleigh;offshore;4229;27610;nc
B;G006157;4642;anthony;;johnston;37;m;b;raleigh;melrose ridge;3411;27603;nc
A;G000830;4643;donya;sarell;surrett;42;f;b;arden;rosetta;21;28704;nc
B;G000830;4644;donya;sarell coleman;surrett;42;f;b;fletcher;roberts;2;28732;nc
B;G000830;4645;donya;sarell;surrett;42;f;w;old fort;salisbury;19;28762;nc
A;G000830;4646;donya;sarell;surrett;42;f;b;pisgah forest;hudlin gap;238;28768;nc
A;G003712;4647;jennifer;adele;masterson;32;f;w;winston salem;white rock;4446;27105;nc
B;G003712;4648;jennifer;adele;wood;32;f;w;raeford;lindsay;3219;28376;nc
B;G003712;4649;jennifer;adele;masterson;32;f;w;charlotte;windy creek;11712;28262;ca
A;G003712;4650;jennifer;adele;masterson;32;f;w;faison;dave bright;6045;28341;nc
A;G000330;4651;paul;alcinor;louis;38;u;u;leland;elsie;1909;28451;
A;G000330;4652;paul;alcinor;louis;38;m;b;durham;beaver dam run;411;27703;ny
B;G000330;4653;paul;alcinor;louis;38;m;b;wilmington;spring valley;1101;28405;ny
B;G000330;4654;paul;alcinor;louis;38;m;o;wilmington;spring valley;1101;28405;ny
A;G002671;4655;tracy;lea;tracy;45;f;w;thomasville;meadow wood;124;27360;fl
B;G002671;4656;tracy;lea;tracy;45;f;w;statesville;starbuck;121;28625;fl
A;G002671;4657;tracy;lea;tracy;45;f;w;trinity;huckleberry;5754;27370;fl
B;G002671;4658;tracy;lea;tracy;45;f;w;thomasville;jades;1719;27360;fl
B;G000922;4659;jessica;griggs;carpenter;29;f;w;morganton;st marys church;1035;28655;nc
A;G000922;4660;jessica;whitney;griggs;29;f;w;salisbury;dunns mountain;3020;28146;nc
B;G000922;4661;jessica;griggs;carpenter;29;f;w;salisbury;dunns mountain;3290;28146;nc
A;G000922;4662;jessica;whitney;griggs;29;f;w;albemarle;tom;30431;28001;nc
A;G000578;4663;robert;frank;fullbright;49;m;w;asheville;laurel;66;28806;nc
B;G000578;4664;robert;frank;fullbright;49;m;w;leicester;quinn;43;28748;nc
A;G000578;4665;robert;frank;fullbright;49;m;w;clyde;cedar bend;38;28721;nc
B;G000578;4666;robert;frank;fullbright;49;m;w;waynesville;jims cove;134;28786;nc
A;G006139;4667;latoya;shemia;petty;30;f;b;forest city;buck collins;603;28043;sc
A;G006139;4668;latoya;shemia;petty;30;f;b;raleigh;crossroads vista;1731;27606;sc
B;G006139;4669;latoya;shemia;petty;30;f;b;knightdale;plexor;1605;27545;sc
B;G006139;4670;la toya;shemia;petty;30;u;u;raleigh;crossroads vista;1731;27606;
B;G006393;4671;faye;nante;knight;41;u;u;raleigh;chenault;3104;27604;
A;G006393;4672;faye;n;knight;41;f;b;raleigh;falls of neuse;5608;27609;nc
B;G006393;4673;faye;nant e;knight;41;f;b;plymouth;clark;112;27962;nc
A;G006393;4674;faye;n;knight;41;f;b;goldsboro;autumn winds;116;27530;nc
B;G004200;4675;michelle;smith;hinnant;45;f;w;smithfield;braswell;130;27577;nc
A;G004200;4676;michelle;smith;partridge;45;f;w;clayton;kintyre;669;27520;nc
B;G004200;4677;michelle;smith;hinnant;45;f;w;winterville;pocosin;1475;28590;nc
A;G004200;4678;michelle;smith;hinnant;45;f;w;cary;havers;40103;27518;nc
A;G000152;4679;randall;keith;summers;62;m;w;burlington;roger;2133;27217;mi
A;G000152;4680;randall;keith;summers;62;m;w;kernersville;abbotts lake;4124;27284;mi
B;G000152;4681;randall;keith;summers;62;m;w;mooresboro;hines;1030;28114;mi
B;G000152;4682;randall;keith;summers;62;m;w;mooresboro;hines;1030;28114;mi
A;G003102;4683;david;michael;fleming;53;m;w;durham;epping;17;27703;ny
A;G003102;4684;david;michael;fleming;53;m;w;clayton;swann;417;27527;ny
B;G003102;4685;david;michael;fleming;53;u;u;wilmington;old garden;5617;28403;
B;G003102;4686;david;michael;fleming;53;m;w;cary;millhous;1123;27513;ny
B;G004138;4687;george;warner;brown;78;m;w;sylva;monroe buchanan;169;28779;nc
B;G004138;4688;george;warner;brown;78;m;w;sylva;landmark;32;28779;nc
A;G004138;4689;george;warner;brown;78;m;w;franklin;meadow wood;46;28734;nc
A;G004138;4690;george;warner;brown;78;m;w;franklin;bidwell;191;28734;
B;G004462;4691;mattie;williamson;sowers;30;f;w;kinston;jericho;1070;28501;nc
A;G004462;4692;mattie;jean;sowers;30;f;w;kinston;jericho;1067;28501;nc
A;G004462;4693;mattie;jean;williamson;30;f;w;kure beach;fifth;329;28449;nc
B;G004462;4694;mattie;jean;sowers;30;f;w;winterville;sterling pointe;3830;28590;nc
A;G002460;4695;natalie;michelle;jefferies;37;f;b;hope mills;pecan grove;932;28348;nc
A;G002460;4696;natalie;michelle;jefferies;37;f;b;sanford;blackstone;166;27330;nc
B;G002460;4697;natalie;michelle;jefferies;37;f;b;sanford;blackstone;166;27330;nc
B;G002460;4698;natalie;michelle;jefferies;37;f;b;apex;windy creek;208;27502;nc
B;G001980;4699;sue;davis;ward;65;f;w;lake waccamaw;waccamaw shores;2072;28450;nc
B;G001980;4700;sue;davis;ward;65;f;w;clinton;boykin;193;28328;nc
A;G001980;4701;sue;davis;ward;65;f;w;clinton;boykin;193;28328;nc
A;G001980;4702;sue;davis;ward;65;f;w;warrenton;hazelwood;326;27589;nc
A;G000984;4703;amber;cruse;martin;36;f;w;concord;sir raleigh;789;28025;
B;G000984;4704;amber;leigh;cruse;36;f;w;charlotte;featherbrook;11021;28262;nc
B;G000984;4705;amber;leigh;cruse;36;f;w;pinehurst;topaz;1;28374;nc
A;G000984;4706;amber;cruse;martin;36;f;w;foxfire village;ridge;2;27281;nc
B;G000308;4707;william;jackson;braswell;68;m;w;shallotte;village point;1619;28470;nc
A;G000308;4708;william;jackson;braswell;68;m;w;wilmington;wrightsville;5113;28403;nc
A;G000308;4709;william;jackson;braswell;68;m;w;wilmington;anne;5802;28403;nc
B;G000308;4710;william;jackson;braswell;68;m;w;lumberton;21st;306;28358;nc
B;G001170;4711;benjamin;white;icard;69;m;w;midland;troutman;9939;28107;nc
A;G001170;4712;benjamin;white;icard;69;m;w;charlotte;pine lake;7010;28227;
A;G001170;4713;benjamin;white;icard;69;m;w;charlotte;sardis oaks;10139;28270;nc
B;G001170;4714;benjamin;white;icard;69;m;w;indian trail;filly;7005;28079;nc
A;G001091;4715;cynthia;denise;eudy;40;f;w;concord;rama wood;674;28025;nc
A;G001091;4716;cynthia;eudy;gigandet;40;f;w;apex;heritage;453;27523;nc
B;G001091;4717;cynthia;denise;gigandet;40;f;w;apex;chapel valley;207;27502;nc
B;G001091;4718;cynthia;denise;gigandet;40;f;w;cary;carolina rose;6217;27519;nc
B;G003024;4719;lovie;geraldlisia;matthews;26;f;b;durham;fayetteville;1801;27707;tn
A;G003024;4720;lovie;geraldlisia;matthews;26;f;b;durham;chalk level;901;27704;tn
A;G003024;4721;lovie;geraldlisia;matthews;26;f;b;charlotte;via romano;5652;28270;tn
B;G003024;4722;lovie;geraldlisia;matthews;26;f;b;charlotte;via romano;5634;28270;tn
B;G005927;4723;carly;danielle;templeton;30;f;w;greenville;copper beech;2061;27858;nc
B;G005927;4724;carly;danielle;powell;30;f;w;rolesville;marshcroft;309;27571;nc
A;G005927;4725;carly;danielle;templeton;30;f;w;raleigh;falls landing;1911;27614;nc
A;G005927;4726;carly;danielle;powell;30;f;w;raleigh;falls landing;1911;27614;nc
B;G002818;4727;darrel;lee;rivenbark;40;m;w;wallace;murray;408;28466;nc
A;G002818;4728;darrel;lee;rivenbark;40;m;w;wallace;murray;408;28466;nc
A;G002818;4729;darrel;lee;rivenbark;40;m;w;wilmington;sapling;2203;28411;nc
B;G002818;4730;darrel;lee;rivenbark;40;m;w;hampstead;lantana;103;28443;nc
B;G001789;4731;randy;ray;sharp;63;m;w;cary;painted turtle;104;27519;mt
A;G001789;4732;randy;ray;sharp;63;m;w;chapel hill;hamilton;14;27517;mo
B;G001789;4733;randy;ray;sharp;63;m;w;raleigh;northbrook;108;27609;mo
A;G001789;4734;randy;ray;sharp;63;m;w;raleigh;towneley;8500;27615;mo
A;G005403;4735;jessica;leigh;desnoyers;34;f;w;wilmington;crosswinds;5032;28409;ny
B;G005403;4736;jessica;leigh;desnoyers;34;f;w;matthews;wade hampton;317;28104;nj
B;G005403;4737;jessica;desnoyers;farrell;34;f;w;apex;handel;807;27502;ny
A;G005403;4738;jessica;leigh;desnoyers;34;f;w;raleigh;walnut creek;3030;27606;ny
B;G004510;4739;d;christopher;duplessis;49;u;u;denver;bridge;5060;28037;
B;G004510;4740;d;christopher;duplessis;49;m;w;waxhaw;groves edge;2025;28173;id
A;G004510;4741;d;christopher;duplessis;49;m;w;waxhaw;groves edge;2025;28173;id
A;G004510;4742;d;christopher;duplessis;49;m;w;waxhaw;pembroke;405;28173;id
A;G005517;4743;lindsey;rhae;rawls;36;f;w;wilmington;autumn leaves;811;28411;nc
B;G005517;4744;lindsey;rhae;rawls;36;f;w;wilmington;sequoia;4237;28403;nc
B;G005517;4745;lindsey;rhae;rawls;36;f;w;hampstead;scotlands;49;28443;nc
A;G005517;4746;lindsey;rhae;rawls;36;f;w;raleigh;hanover;1531;27608;nc
B;G002432;4747;naomi;alohalni;roberts;40;f;o;fayetteville;treeside;552;28312;hi
B;G002432;4748;tashika;rashawnda;basemore;41;f;b;whitakers;cutchin;304;27891;nc
A;G002432;4749;tashika;rashawnda;basemore;41;f;b;whitakers;new;301;27891;ma
A;G002432;4750;tashika;rashawnda;basemore;41;f;b;raleigh;woods of north bend;428;27609;oc
A;G003180;4751;aysha;janet;evans;47;f;w;durham;sarah;2705;27707;nc
B;G003180;4752;aysha;evans;ault;47;f;w;wilmington;ivydale;2001;28405;nc
B;G003180;4753;aysha;;ault;47;u;u;wrightsville beach;lookout harbor;12;28480;
A;G003180;4754;aysha;evans;ault;47;f;w;wrightsville beach;lookout harbor;12;28480;nc
A;G000631;4755;donna;webb;russell;53;f;w;asheville;waters;70;28805;
A;G000631;4756;donna;rene;greenberg;53;f;w;arden;sleepy gap;184;28704;sc
B;G000631;4757;donna;rene;greenberg;53;f;w;waynesville;falcon ridge;195;28786;sc
B;G000631;4758;donna;webb;russell;53;f;w;fletcher;wiltshire;389;28732;sc
A;G000879;4759;emily;ann;lyford;30;f;w;morganton;carl freeman;2699;28655;ma
B;G000879;4760;emily;ann;lyford;30;f;w;conover;15th;3250;28613;ma
A;G000879;4761;emily;;lyford;30;f;w;conover;15th;3250;28613;ma
B;G000879;4762;emily;;lyford;30;u;w;raleigh;wolf park;6108;27606;
B;G001399;4763;marty;dean;warren;52;m;w;beaufort;eastern;304;28516;nc
A;G001399;4764;marty;dean;warren;52;m;w;vanceboro;stewart;328;28586;nc
A;G001399;4765;marty;dean;warren;52;m;w;vanceboro;stewart;328;28586;nc
B;G001399;4766;marty;dean;warren;52;m;w;falcon;west;7207;28342;nc
A;G003383;4767;ruby;williams;godette;70;f;w;pinetops;brown farm;761;27864;nc
B;G003383;4768;ruby;williams;godette;70;f;w;greenville;wimbledon;1656;27858;
B;G003383;4769;ruby;williams;godette;70;f;w;raleigh;proprietor;3502;27612;nc
A;G003383;4770;ruby;williams;godette;70;f;w;raleigh;proprietor;3502;27612;nc
B;G004130;4771;william;andrew;furse;32;m;w;cullowhee;tilley creek;4084;28723;sc
A;G004130;4772;william;andrew;furse;32;m;w;rutherfordton;southridge;127;28139;sc
A;G004130;4773;william;andrew;furse;32;m;w;waxhaw;abbeywood;912;28173;sc
B;G004130;4774;william;andrew;furse;32;m;w;willow spring;yellow aster;8337;27592;sc
B;G002991;4775;tadeusz;edward;kleindienst;68;m;w;durham;wineberry;5116;27713;ca
A;G002991;4776;tadeusz;e;kleindienst;68;m;w;durham;wineberry;5116;27713;ca
B;G002991;4777;tadeusz;edward;kleindienst;68;m;w;hillsborough;cheyenne;1705;27278;ca
A;G002991;4778;tadeusz;edward;kleindienst;68;m;w;rougemont;hill;495;27572;ca
B;G002213;4779;deseray;;fridia;30;f;b;fayetteville;grove view;234;28301;
A;G002213;4780;deseray;;jarideau;30;f;b;fayetteville;brookstone;6532;28314;nc
B;G002213;4781;deseray;;fridia;30;f;b;sylva;music;31;28779;nc
A;G002213;4782;deseray;;fridia;30;u;b;smithfield;cambridge;109;27577;nc
A;G000993;4783;lindsey;billings;kells;28;f;w;concord;woodlawn;2122;28025;
B;G000993;4784;lindsey;billings;kells;28;f;w;rockwell;lower stone church;5588;28138;nc
A;G000993;4785;lindsey;beth;billings;28;f;w;concord;cress;7313;28025;nc
B;G000993;4786;lindsey;billings;kells;28;f;w;kannapolis;woodlawn;2122;28083;
A;G000722;4787;lauren;michael;flynn;32;f;w;asheville;grove;55;28801;nc
B;G000722;4788;lauren;michael;flynn;32;f;w;brevard;country club;1005;28712;nc
B;G000722;4789;lauren;michael;flynn;32;f;w;brevard;country club;1659;28712;nc
A;G000722;4790;lauren;michael;flynn;32;f;w;boone;meadowview;247;28607;nc
B;G003552;4791;faye;annette;covington;48;f;w;walkertown;main;5395;27051;nc
A;G003552;4792;faye;annette;covington;48;f;w;tobaccoville;rhonswood;2940;27050;nc
B;G003552;4793;faye;annette;covington;48;f;w;king;eaglecrest;9;27021;nc
A;G003552;4794;faye;annette;frye;48;f;w;king;newsome;604;27021;nc
A;G001404;4795;daniel;patrick;clark;55;m;w;beaufort;pine;310;28516;va
A;G001404;4796;daniel;patrick;clark;55;m;w;beaufort;riverside;101;28516;va
B;G001404;4797;daniel;patrick;clark;55;m;w;mocksville;crestview;154;27028;va
B;G001404;4798;daniel;patrick;clark;55;m;w;greenville;us 13;5186;27834;
A;G001600;4799;shelly;;meadows;46;f;w;catawba;buffalo shoals;1312;28609;
B;G001600;4800;shelly;e;meadows;46;f;w;maiden;blackburn bridge;2299;28650;wv
B;G001600;4801;shelly;elizabeth;meadows;46;f;w;mooresville;jocelyn;149;28117;wv
A;G001600;4802;shelly;elizabeth;meadows;46;f;w;lincolnton;angela;1485;28092;wv
B;G006648;4803;samuel;wayne;english;56;m;w;goldsboro;carlyle;102;27530;tx
A;G006648;4804;samuel;wayne;english;56;m;w;dudley;genoa;248;28333;tx
A;G006648;4805;samuel;wayne;english;56;m;w;kenly;boswell;604;27542;tx
B;G006648;4806;samuel;wayne;english;56;m;w;wilson;millbrook;3420;27893;tx
A;G001408;4807;kaylin;michelle;hoeflaak;29;f;w;stella;stella;311;28582;
B;G001408;4808;kaylin;michelle;hoeflaak;29;f;w;morehead city;bridges;2720;28557;
A;G001408;4809;kaylin;michelle;hoeflaak;29;f;w;wilmington;honey wood;908;28405;va
B;G001408;4810;kaylin;michelle;hoeflaak;29;f;w;jacksonville;beech tree;1015;28546;va
B;G002753;4811;jeremiah;lloyd;johnson;37;m;w;sparta;us highway 21 south;1438;28675;
B;G002753;4812;jeremiah;lloyd;johnson;37;m;w;winston salem;bedford park;306;27107;va
A;G002753;4813;jeremiah;l;johnson;37;u;w;north topsail beach;sandpiper;237;28460;
A;G002753;4814;jeremiah;;johnson;37;m;u;reidsville;butter;1036;27320;
A;G005681;4815;william;wedel;mcinerney;29;m;w;chapel hill;severin;265;27516;nc
A;G005681;4816;william;wedel;mcinerney;29;m;w;chapel hill;creekstone;622;27516;nc
B;G005681;4817;william;wedel;mcinerney;29;m;u;raleigh;mckimmon view;1120;27606;nc
B;G005681;4818;william;wedel;mcinerney;29;m;w;raleigh;independence;710;27603;nc
A;G000333;4819;stephen;paul;prokop;49;m;w;shallotte;country club;159;28470;md
A;G000333;4820;stephen;paul;prokop;49;m;w;shallotte;country club;159;28470;
B;G000333;4821;stephen;paul;prokop;49;m;w;durham;somerknoll;6711;27713;md
B;G000333;4822;stephen;paul;prokop;49;m;w;wilmington;hearthside;4155;28412;md
B;G000079;4823;robert;wayne;blankenship;25;u;u;mebane;village;102;27302;
B;G000079;4824;robert;wayne;blankenship;25;m;w;concord;amarillo;4153;28027;nc
A;G000079;4825;robert;wayne;blankenship;25;m;w;concord;amarillo;4153;28027;nc
A;G000079;4826;robert;wayne;blankenship;25;u;u;raleigh;diploma;1811;27606;
A;G001536;4827;gregory;lamont;lee;39;m;b;ruffin;kylemack;99;27326;
B;G001536;4828;gregory;lamont;lee;39;m;b;pelham;allison;4935;27311;nc
A;G001536;4829;gregory;lamont;lee;39;m;b;reidsville;scales;1726;27320;nc
B;G001536;4830;gregory;lamont;lee;39;m;b;reidsville;hilltop;913;27320;nc
A;G005715;4831;leanne;;langley;65;f;w;chapel hill;maxwell;79;27517;
B;G005715;4832;leanne;;langley;65;f;u;chapel hill;maxwell;79;27517;
B;G005715;4833;leanne;;langley;65;f;w;chapel hill;maxwell;79;27517;
A;G005715;4834;leanne;;langley;65;f;w;chapel hill;maxwell;79;27517;
A;G000201;4835;david;akers;hosford;63;m;w;mebane;longleaf pine;874;27302;ga
A;G000201;4836;david;akers;hosford;63;m;w;durham;cottonwood;3412;27707;ga
B;G000201;4837;david;akers;hosford;63;m;w;durham;cottonwood;3412;27707;ga
B;G000201;4838;davis;akers;hosford;63;u;w;winston salem;fourth;310;27101;ga
B;G002858;4839;shawmonique;trichelle;malone;28;f;b;durham;weather hill;14;27705;nc
B;G002858;4840;shawmonique;trichelle;malone;28;f;m;durham;singing woods;4908;27712;nc
A;G002858;4841;shawmonique;trichelle;malone;28;f;m;four oaks;coty;131;27524;nc
A;G002858;4842;shawmonique;trichelle;malone;28;f;b;charlotte;sherington;8009;28227;nc
B;G004795;4843;andrew;patrick;robinson;35;m;w;charlotte;asherton;4309;28226;nc
A;G004795;4844;andrew;patrick;robinson;35;m;w;wilmington;tarin;6000;28409;nc
A;G004795;4845;andrew;patrick;robinson;35;m;w;greenville;kent;504;27858;nc
B;G004795;4846;andrew;patrick;robinson;35;m;w;raleigh;brookmont;7301;27613;nc
B;G004827;4847;alison;hoggard;moody;29;f;w;huntersville;hillspring;9840;28078;
B;G004827;4848;alison;aldridge;hoggard;29;f;w;wilmington;cobblestone;509;28405;nc
A;G004827;4849;alison;aldridge;hoggard;29;f;w;raleigh;onslow;1320;27606;nc
A;G004827;4850;alison;aldridge;hoggard;29;f;w;raleigh;onslow;1320;27606;
B;G004302;4851;lisa;margaret;rhew;46;f;w;garner;todd;101;27529;ma
A;G004302;4852;lisa;margaret;rhew;46;f;w;raleigh;mary lou;10723;27603;ma
B;G004302;4853;lisa;margaret;rhew;46;f;w;raleigh;mary lou;10723;27603;ma
A;G004302;4854;lisa;m;kellogg;46;f;w;knightdale;todd;1108;27545;ma
A;G002219;4855;rebecca;sabel;wilkins;49;f;w;fort bragg;commando;24;28307;
B;G002219;4856;rebecca;sabel;wilkins;49;f;w;rocky mount;lafayette;1501;27803;
A;G002219;4857;rebecca;ann sabel;wilkins;49;f;w;carolina beach;magnolia;811;28428;nc
B;G002219;4858;rebecca;ann;wilkins;49;f;w;raleigh;saint pauls;2404;27614;nc
B;G000884;4859;monica;ann;mcgee;31;f;w;morganton;ada charlie;3376;28655;nc
A;G000884;4860;monica;ann;mcgee;31;f;w;hickory;20th av;1655;28601;nc
B;G000884;4861;monica;;mcgee;31;f;w;durham;holly berry;122;27703;
A;G000884;4862;monica;ann;mcgee;31;f;w;raleigh;river oak turn;3105;27613;nc
A;G000693;4863;howard;gregory;schwartz;57;u;u;black mountain;iroquois;2;28711;
B;G000693;4864;howard;gregory;schwartz;57;u;u;asheville;wyoming;76;28803;
B;G000693;4865;howard;gregory;schwartz;57;m;w;canton;creative;105;28716;va
A;G000693;4866;howard;gregory;schwartz;57;m;w;marshall;wehler mountain;264;28753;va
B;G004656;4867;preston;garrett;hines;30;m;w;charlotte;hillingdon;5200;28226;nc
B;G004656;4868;preston;garrett;hines;30;m;w;charlotte;academy;917;28205;
A;G004656;4869;preston;;hines;30;m;w;indian trail;birch;9016;28079;
A;G004656;4870;preston;garret;hines;30;m;w;boone;yosef;389;28607;nc
A;G002941;4871;marquis;james;pullen;29;m;b;durham;eastman;14106;27705;ct
B;G002941;4872;marquis;james;pullen;29;m;b;winston salem;northwood;3030;27106;ct
B;G002941;4873;marquis;james;pullen;29;m;b;charlotte;5th;828;28202;ct
A;G002941;4874;marquis;james;pullen;29;m;b;goldsboro;walnut;404;27530;
B;G005331;4875;margaret;brittany;stone pruitt;32;f;w;wilson;nc 97;1132;27896;
B;G005331;4876;margaret;brittany;stone;32;f;w;middlesex;denton;4800;27557;nc
A;G005331;4877;margaret;brittany;stone pruitt;32;f;w;greenville;ellsworth;3357;27834;nc
A;G005331;4878;margaret;brittany;stone pruitt;32;f;w;greenville;ellsworth;3357;27834;nc
A;G005331;4879;margaret;brittany;stone pruitt;32;f;w;greenville;ellsworth;3357;27834;nc
A;G002668;4880;lisa;barefoot;gobble;56;f;w;lexington;radds;6302;27295;nc
A;G002668;4881;lisa;barefoot;gobble;56;f;w;high point;glyn water;1047;27265;
B;G002668;4882;lisa;barefoot;gobble;56;f;w;winston salem;west;941;27101;nc
B;G002668;4883;lisa;barefoot;gobble;56;f;w;kernersville;timber ridge;472;27284;nc
A;G002668;4884;lisa;barefoot;gobble;56;f;w;kernersville;timber ridge;472;27284;nc
A;G000464;4885;hannah;elizabeth;levin;40;f;w;burnsville;ams;60;28714;nc
B;G000464;4886;hannah;elizabeth;levin;40;f;w;brasstown;weber;90;28902;nc
A;G000464;4887;hannah;elizabeth;levin;40;f;w;sylva;perley hyatt;324;28779;nc
B;G000464;4888;hannah;elizabeth;levin;40;f;w;whittier;groundhog mountain;90;28789;nc
A;G000464;4889;hannah;elizabeth;levin;40;f;w;pisgah forest;hart;43;28768;nc
A;G000096;4890;whitney;ellen;baker;29;f;w;graham;gilbreath;321;27253;in
A;G000096;4891;whitney;ellen;baker;29;f;w;durham;trinity;214;27701;in
A;G000096;4892;whitney;ellen;baker;29;f;w;durham;green;709;27701;in
B;G000096;4893;whitney;ellen;baker;29;f;w;carrboro;poplar;400;27510;in
B;G000096;4894;whitney;ellen;baker;29;f;w;carrboro;greensboro;506;27510;in
A;G002329;4895;roxanne;marie;lyons;33;f;w;fayetteville;odom;1021;28304;nc
B;G002329;4896;roxanne;marie;lyons;33;f;w;hope mills;round grove;3151;28348;nc
A;G002329;4897;roxanne;marie;lyons;33;f;w;lakeview;camp easter;285;28350;nc
A;G002329;4898;roxanne;marie;lyons;33;f;w;greenville;flows;2805;27834;nc
B;G002329;4899;roxanne;marie;lyons;33;f;u;lumberton;meadowview;3750;28358;
A;G001079;4900;lanaire;cerita;lindo;30;f;b;concord;ravenscroft;9771;28027;ny
B;G001079;4901;lanaire;cerita;lindo;30;f;b;charlotte;pike;8110;28262;ny
B;G001079;4902;lonaire;cerita;lindo;30;f;b;charlotte;berkeley hill;520;28262;ny
A;G001079;4903;lanaire;cerita;lindo;30;f;b;greenville;10th;3325;27858;ny
A;G001079;4904;lanaire;;lindo;30;f;b;matthews;scenic view;238;28104;ny
B;G002934;4905;sylvia;gabriela;sonnenberg;84;f;w;chapel hill;thorncroft;5;27517;oc
A;G002934;4906;sylvia;gabriela;sonnenberg;84;f;w;chapel hill;thorncroft;5;27517;oc
B;G002934;4907;sylvia;gabriela;sonnenberg;84;f;w;chapel hill;thorncroft;5;27517;oc
A;G002934;4908;sylvia;gabriela;sonnenberg;84;f;w;chapel hill;thorncroft;5;27517;oc
A;G002934;4909;sylvia;gabriela;sonnenberg;84;f;w;chapel hill;thorncroft;5;27517;oc
A;G000555;4910;jeffrey;;lynch;52;m;w;asheville;windswept;405;28801;nc
A;G000555;4911;jeffrey;harold;lynch;52;m;w;asheville;broad;49;28801;
B;G000555;4912;jeffrey;harold;lynch;52;m;w;asheville;forest hill;222;28803;
B;G000555;4913;jeffrey;harold;lynch;52;m;w;vale;plateau;2983;28168;nc
A;G000555;4914;jeffrey;harold;lynch;52;m;w;charlotte;8th;208;28202;nc
A;G001003;4915;jenneffer;;richardson;52;f;b;concord;hillandale;571;28025;ny
A;G001003;4916;jenneffer;;richardson;52;f;u;concord;winecoff;171;28025;ny
B;G001003;4917;jenneffer;;richardson;52;f;b;concord;hillandale;571;28025;ny
A;G001003;4918;jenneffer;;richardson;52;f;b;durham;buchanan;1807;27705;ny
B;G001003;4919;jenneffer;;richardson;52;f;b;charlotte;camp greene;1502;28208;ny
B;G005795;4920;emma;;perkins yarbaugh;73;f;b;elizabeth city;broad;119;27909;nc
A;G005795;4921;emma;;perkins yarbaugh;73;u;b;elizabeth city;salem;309;27909;
B;G005795;4922;emma;;perkins yarbaugh;73;u;u;elizabeth city;salem;309;27909;
A;G005795;4923;emma;;yarbaugh;73;u;u;elizabeth city;salem;309;27909;
A;G005795;4924;emma;;perkins yarbaugh;73;u;b;elizabeth city;salem;309;27909;
A;G005721;4925;abbington;kimball;pope;23;f;w;chapel hill;cameron;110;27516;nc
B;G005721;4926;abbington;kimball;pope;23;f;w;raleigh;westview;1221;27605;nc
A;G005721;4927;abbington;kimball;pope;23;f;w;goldsboro;breezewood;104;27534;nc
A;G005721;4928;abbington;kimball;pope;23;f;w;goldsboro;breezewood;104;27534;nc
B;G005721;4929;abbington;kimball;pope;23;f;w;goldsboro;breezewood;104;27534;nc
A;G003063;4930;matthew;lynn;tomsic;31;m;w;chapel hill;summerwalk;178;27517;nc
A;G003063;4931;matthew;lynn;tomsic;31;m;w;durham;old chapel hill;5110;27707;nc
B;G003063;4932;matthew;lynn;tomsic;31;m;w;charlotte;redcoat;1707;28211;nc
B;G003063;4933;matthew;lynn;tomsic;31;m;w;wilmington;towles;6576;28409;nc
A;G003063;4934;matthew;lynn;tomsic;31;m;w;wilmington;brookwood;215;28403;nc
B;G001447;4935;joseph;harvey;peltier;55;m;w;pine knoll shores;hemlock;105;28512;va
A;G001447;4936;joseph;harvey;peltier;55;m;w;atlantic beach;atlantic;301;28512;
A;G001447;4937;joseph;harvey;peltier;55;m;w;jacksonville;mendover;106;28546;va
A;G001447;4938;joseph;harvey;peltier;55;m;w;pleasant garden;whitt hunt;2159;27313;va
B;G001447;4939;joseph;harvey;peltier;55;m;w;pleasant garden;whitt hunt;2159;27313;va
A;G003290;4940;courtney;little;shelton;37;f;w;durham;suda;5103;27703;nc
B;G003290;4941;courtney;little;shelton;37;f;w;matthews;savannah hills;2113;28105;nc
A;G003290;4942;courtney;little;shelton;37;f;w;indian trail;hyde park;7039;28079;nc
B;G003290;4943;courtney;little;shelton;37;f;w;wake forest;mcdowell;220;27587;nc
A;G003290;4944;courtney;little;shelton;37;f;w;raleigh;englehardt;6504;27617;nc
B;G003776;4945;sydney;cara;burton;23;f;m;angier;high meadow;195;27501;va
A;G003776;4946;sydney;cara;burton;23;f;m;wilmington;clearwater;711;28405;va
A;G003776;4947;sydney;cara;burton;23;f;m;wilmington;college acres;4825;28403;va
A;G003776;4948;sydney;cora;burton;23;f;m;raleigh;millstone harbour;2405;27603;va
B;G003776;4949;sydney;cara;burton;23;f;m;boone;living and learning center;0;28608;
A;G003891;4950;sheila;baysden;guthrie;65;f;w;hendersonville;lake;49;28739;nc
A;G003891;4951;sheila;baysden;canady;65;f;w;clayton;ridge;1112;27520;nc
B;G003891;4952;sheila;bayden;guthrie;65;f;w;jacksonville;streamwood;404;28546;nc
B;G003891;4953;sheila;baysden;guthrie;65;f;w;saluda;us hwy 176;7449;28773;nc
A;G003891;4954;sheila;baysden;guthrie;65;f;w;raleigh;hunters bluff;3121;27606;nc
A;G000465;4955;linda;mallonee;hovis;72;f;w;green mountain;waterwheel;121;28740;nc
B;G000465;4956;linda;mallonee;hovis;72;f;w;green mountain;waterwheel dr;121;28740;nc
A;G000465;4957;linda;mallonee;hovis;72;f;w;tryon;howard;201;28782;nc
A;G000465;4958;linda;mallonee;hovis;72;f;w;tryon;grady;305;28782;nc
B;G000465;4959;linda;mallonee;hovis;72;f;w;tryon;eargle;104;28782;nc
B;G006384;4960;tracy;annette;millard;37;f;b;raleigh;ripley station;3021;27610;dc
A;G006384;4961;tracy;annette;hillard;37;f;b;raleigh;marble;523;27603;dc
A;G006384;4962;tracy;annette;millard;37;f;b;raleigh;cox;112;27605;dc
A;G006384;4963;tracy;annette;millard;37;f;b;raleigh;marble;523;27603;dc
B;G006384;4964;tracy;annette;hillard;37;f;b;raleigh;cox;112;27605;
A;G004441;4965;cynthia;gayle;eads;61;f;w;sanford;franklin;302;27330;fl
A;G004441;4966;cynthia;gayle;eads;61;f;u;hillsborough;orange heights;425;27278;
B;G004441;4967;cynthia;gayle;eads;61;f;w;cary;gregory;105;27513;
B;G004441;4968;cynthia;gayle;eads;61;f;w;raleigh;holly springs;6125;27606;fl
B;G004441;4969;cynthia;gayle;eads;61;f;w;raleigh;fieldspring;190;27606;fl
A;G004441;4970;cynthia;gayle;eads;61;f;w;raleigh;new hope;4723;27604;fl
A;G000949;4971;kimberly;hayes;bennett;47;u;w;morganton;hopewell;994;28655;nc
A;G000949;4972;kimberly;dawn;hayes;47;f;w;morganton;wesley;1713;28655;nc
A;G000949;4973;kimberly;hayes;bennett;47;f;w;hudson;delmar;312;28638;nc
B;G000949;4974;kimberly;hayes;bennett;47;f;w;nebo;cedar brook;55;28761;nc
B;G000949;4975;kimberly;dawn;hayes;47;f;w;nebo;cedar brook;55;28761;
B;G000949;4976;kimberly;dawn hayes;bennett;47;f;w;nebo;cedar brook;55;28761;
A;G003265;4977;christopher;sherwin;graham;36;m;m;durham;morreene;700;27705;nc
B;G003265;4978;christopher;sherwin;graham;36;m;b;clemmons;willow trace;117;27012;nc
B;G003265;4979;christopher;sherwin;graham;36;m;u;mooresville;bogey;106;28117;
A;G003265;4980;christopher;sherwin;graham;36;m;m;huntersville;merry chase;13410;28078;nc
B;G003265;4981;christopher;sherwin;graham;36;u;u;charlotte;ivy meadow;1425;28213;
A;G003265;4982;christopher;sherwin;graham;36;m;m;pinehurst;holly pines;22;28374;nc
B;G002192;4983;kamari;nicole;haskins;23;f;b;fayetteville;corrinna;2006;28301;nc
A;G002192;4984;kamari;nicole;haulcy;23;f;b;raeford;dunrobin;641;28376;nc
A;G002192;4985;kamari;nicole;haskins;23;f;b;raeford;dunrobin;641;28376;
A;G002192;4986;kamari;nicole;haskins;23;f;b;raleigh;viewmont;4312;27610;nc
B;G002192;4987;kamari;nicole;haskins;23;f;b;raleigh;viewmont;4312;27610;nc
B;G002192;4988;kamari;nicole;haskins;23;f;b;raleigh;viewmont;4312;27610;nc
B;G000372;4989;timothy;charles;pigford;42;m;m;leland;evanston;410;28451;nc
B;G000372;4990;timothy;charles;pigford;42;m;b;wilmington;anderson;507;28401;nc
A;G000372;4991;timothy;charles;pigford;42;m;i;washington;smaw;201;27889;
A;G000372;4992;timothy;charles;pigford;42;m;b;washington;smaw;201;27889;nc
B;G000372;4993;timothy;charles;pigford;42;m;b;greenville;allen;1228;27834;nc
A;G000372;4994;timothy;charles;pigford;42;m;i;council;agnes russ;228;28434;nc
A;G001138;4995;james;christopher;louis;55;m;w;concord;robin s nest;4412;28027;ma
A;G001138;4996;james;christopher;louis;55;m;w;pine knoll shores;salter path;650;28512;ma
A;G001138;4997;james;christopher;louis;55;m;w;durham;old chapel hill;5110;27707;ma
B;G001138;4998;james;christopher;louis;55;m;w;statesville;brandenburg;198;28677;ma
B;G001138;4999;james;;louis;55;m;w;pollocksville;barrus;105;28573;nc
B;G001138;5000;james;christopher;louis;55;m;w;chapel hill;nc hwy 54;4911;27516;ma
A;G003788;5001;roychelle;felicia;williams;45;f;b;spring lake;jeff;55;28390;nc
A;G003788;5002;roychelle;felicia;williams;45;f;b;selma;sharon;107;27576;nc
A;G003788;5003;raychelle;whack;williams;45;f;b;kenly;maple;316;27542;nc
B;G003788;5004;roychelle;whack;williams;45;f;b;goldsboro;maple;1721;27530;nc
A;G003788;5005;roychelle;felicia;williams;45;f;b;lucama;oscar;7415;27851;nc
B;G003788;5006;roychelle;felicia;williams;45;f;b;lucama;st marys church;7244;27851;nc
B;G003788;5007;roychelle;felicia;williams;45;f;b;lucama;monique;7507;27851;nc
B;G005767;5008;lauya;monique;boston;41;f;b;washington;yonkers;193;27889;
B;G005767;5009;lauya;monique;boston;41;f;b;washington;baker;205;27889;nc
B;G005767;5010;lauya;monique;boston;41;f;b;washington;minuteman;200;27889;nc
A;G005767;5011;lauya;monique;boston;41;f;b;washington;baker;137;27889;nc
A;G005767;5012;lauya;monique;boston;41;f;b;garner;seventh;917;27529;nc
A;G005767;5013;lauya;monique;boston;41;f;b;raleigh;tischer;1909;27603;nc
A;G005767;5014;lanya;monique;boston;41;f;b;raleigh;woodpecker;3119;27610;nc
B;G005767;5015;lauya;monique;boston;41;f;b;garner;seventh;917;27529;nc
