A;G006326;1;kelly;louise;fisher;36;f;w;raleigh;chester;1341;27608;nc
A;G004517;2;donna;bindas;randall;63;f;w;denver;seipel;802;28037;ct
A;G004422;3;faolan;ember;brooks;19;f;w;sanford;clearwater;1531;27330;nc
A;G003053;4;katy;elizabeth;osborne;34;f;w;charlotte;sidney crest;11717;28213;
A;G001766;5;thomas;a;kovacik;70;m;w;cary;palace;118;27518;pa
A;G003000;6;robert;l;bishop;44;m;w;morrisville;molesworth;406;27560;tn
A;G001614;7;julia;elisabeth anne;morency;27;f;w;taylorsville;devil track;277;28681;fl
A;G000641;8;jeanne;michele;burnette;74;f;w;mills river;sweetwater;238;28759;ar
A;G002826;9;edward;c;mikolaitis;84;m;w;morrisville;cary;1995;27560;pa
A;G002109;10;pattie;b;king;69;f;w;grifton;grainger station;3575;28530;nc
A;G001273;11;courtney;nicole;agee;26;f;w;charlotte;barossa valley;15508;28277;nc
A;G005854;12;sarah;crile;bienkowski;33;f;w;greenville;mulberry;2607;27858;ca
A;G001965;13;jacob;anderson;edmund;25;m;w;cerro gordo;braswell;5890;28430;nc
A;G001985;14;richard;gene;reynolds;52;m;w;wilmington;rossmore;1528;28405;nc
A;G005093;15;holly;m;curtis;45;f;w;raleigh;memory;3713;27604;ny
A;G005441;16;benjamin;beck;allen;45;m;w;burgaw;horseshoe;30;28425;nc
A;G004507;17;janel;p;trzaskos;43;f;w;huntersville;willow breeze;13610;28078;ct
A;G003585;18;kathleen;june;kirk;44;f;w;winston salem;gloucestershire;310;27104;oh
A;G002458;19;krinton;lamont;riggins;38;m;b;rowland;union school;714;28383;nc
A;G000625;20;amanda;nicole;waldrop;34;f;w;durham;willowhaven;5146;27712;
A;G002509;21;billy;kevin;rhodes;53;m;w;spindale;yelton;205;28160;nc
A;G005436;22;cameron;russell;benton;26;m;w;hampstead;lands end;104;28443;nc
A;G002507;23;crystal;dae;swain;45;f;w;durham;glen eden;220;27713;nc
A;G005624;24;queenie;e;johns;72;f;b;greenville;saint andrews;107;27834;nc
A;G001950;25;karen;;falls;49;f;w;kings mountain;first;914;28086;in
A;G004817;26;linda;c;holland;60;f;b;charlotte;olde savannah;6606;28227;
A;G002341;27;thomas;lee;thigpen;38;m;w;lagrange;new hope;1243;28551;nc
A;G005597;28;shirley;ann;neal;69;f;w;jacksonville;dennis;203;28546;il
A;G000329;29;jeremy;lee;walters;47;m;w;boiling spring lakes;lumberton;2509;28461;pa
A;G004119;30;ralph;dalton;cline;85;m;w;west jefferson;riverside;464;28694;nc
A;G002762;31;wilma;jean;baer;89;f;w;west jefferson;walter;265;28694;in
A;G004351;32;danny;michael;pravlik;65;m;w;willow springs;james helen;112;27592;
A;G004463;33;steven;lane;hooks;59;m;b;kinston;king;907;28501;nc
A;G004082;34;brinsley;morgan;stewart;24;f;w;statesville;meadowview;150;28625;nc
A;G000374;35;malinda;;miller;30;f;w;shallotte;willard;503;28470;mi
A;G002517;36;amy;williams;halker;32;f;w;kill devil hills;colington pointe;109;27948;sc
A;G001174;37;ibn;zawdie abdul malik;stevenson;46;m;o;kannapolis;poppy;1907;28083;pa
A;G001125;38;darlene;k;smith;70;f;w;salisbury;wedgewood;2405;28146;nc
A;G004395;39;jeleisha;danielle;wooten;25;f;b;kinston;waters;805;28501;nc
A;G003999;40;david;curtis;bowers;41;m;w;mooresville;whitman;122;28115;nc
A;G003808;41;robert;glenn;henderson;73;m;w;fuquay varina;grayson senters;311;27526;nc
A;G000394;42;curtis;mark;garst;43;m;u;carolina beach;tennessee;206;28428;
A;G005280;43;harriett;yvette;thompson;45;f;b;southern pines;loden;154;28387;nc
A;G002996;44;kenndra;kamelah;quiles;44;f;b;durham;rosedale;1301;27707;nj
A;G001621;45;steven;eugene;anderson;50;m;b;hickory;8th av;122;28602;nc
A;G005837;46;blair;secrest;price;72;m;w;hertford;waterview;106;27944;nc
A;G002188;47;nicolas;michael;lazatin;20;m;a;boone;stadium justice dorm;189;28608;
A;G002346;48;nathan;joseph;tyron;24;u;u;wilmington;racine;418;28403;
A;G002665;49;robert;leon;loflin;75;m;w;winston salem;brookdale;328;27107;nc
A;G003036;50;travis;ezekiel joel;johnson;26;m;b;durham;huntsman;1015;27713;mi
A;G001235;51;vanaye;janece;hamilton;32;f;b;charlotte;reafield;6616;28226;
A;G003555;52;joseph;donald;vegerano;28;m;w;winston salem;woodspring;5580;27106;ct
A;G002369;53;joni;elizabeth;wiles;48;f;w;fuquay varina;sunset;301;27526;va
A;G004174;54;jan;marie;kelley;61;f;w;kenly;gardner;300;27542;pa
A;G002790;55;phyllis;ann;smith;55;f;b;statesville;cherry;803;28677;nc
A;G005159;56;phillip;weaver;henderson;39;m;w;charlotte;ridgeway;315;28204;oh
A;G001728;57;valentina;moreno;tengono;21;f;m;charlotte;vinca;9629;28213;oc
A;G004575;58;derkayla;jeriesha;bell;25;f;b;jacksonville;marlene;174;28546;nc
A;G004720;59;steven;joseph;gerardi;30;m;w;charlotte;selwyn farms;3718;28209;va
A;G005784;60;khoa;michael;tran;48;m;a;washington;ore;101;27889;
A;G004847;61;gary;j;kroeger;62;m;w;indian trail;courtfield;5347;28079;nj
A;G002952;62;ashley;renee;brown;32;f;b;elizabethtown;us 701;9473;28337;nc
A;G000662;63;ceyanne;elizabeth;brooks;44;f;w;asheville;forest run;14;28803;ms
A;G001656;64;timothy;alan;phelps;40;m;w;mount ulla;childers;285;28125;
A;G005879;65;vrushhik;;borad;22;m;a;wilkesboro;oak hill;1300;28697;
A;G002196;66;stacie;marie;carter;37;f;i;rowland;donald terry;195;28383;
A;G003266;67;malinda;teeter;pennington;49;f;w;wilson;westbrook;1904;27896;nc
A;G003936;68;victoria;nashe;mcrae;28;f;b;raeford;main;1393;28376;nc
A;G006480;69;beverly;ann;yearwood;55;f;b;fuquay varina;highrock lake;509;27526;
A;G003055;70;traci;jean;tiemann;32;f;w;durham;millspring;1122;27705;tx
A;G000354;71;carol;johanna;bowman;71;f;w;sunset beach;twisted oak;524;28468;pa
A;G002029;72;steven;lee;doin;61;m;w;vanceboro;winn;200;28586;ny
A;G001836;73;robert;charles;nelson;48;m;w;asheboro;dusty path;990;27205;nc
A;G004022;74;james;lewis;marshall;71;m;w;davidson;river ford;18516;28036;ny
A;G004001;75;ricky;lynn;summers;58;m;b;statesville;crosby;141;28625;nc
A;G001628;76;eugene;raymond;fernandez;39;m;o;sherrills ford;ridgeview;7918;28673;ny
A;G001260;77;kevin;scott;lott;31;m;w;kannapolis;rainbow;4410;28081;
A;G003562;78;douglas;walter;briggs;60;m;w;pfafftown;millwheel;2920;27040;ny
A;G001387;79;melanie;brite;murphy;43;f;w;south mills;keeter barn;138;27976;va
A;G005496;80;andrew;daniel;rabon;33;m;w;raleigh;busted rock;5133;27610;tx
A;G003407;81;david;braxton;jones;57;m;w;tarboro;walnut creek;191;27886;nc
A;G005887;82;shannon;renee;wahlen;35;f;w;greenville;barnes;71;27858;nc
A;G002370;83;jeffery;leon;scott;36;m;b;fayetteville;cliffdale;8581;28314;pa
A;G003160;84;andrew;ali;aghapour;33;m;m;durham;willoughby;6;27713;sc
A;G006605;85;teresa;fowler;harris;57;f;w;macon;us highway 158;1544;27551;va
A;G005739;86;evelyn;brooks;terry;65;f;w;timberlake;paradise cove;326;27583;mi
A;G000462;87;travis;caleb;wright;37;m;w;weaverville;northview;4;28787;ok
A;G001817;88;joshua;grant;hawk;37;m;w;chapel hill;dalton;591;27517;in
A;G003573;89;christine;marie;tozier;48;f;w;walkertown;darrow;2540;27051;ca
A;G001954;90;henry;brian;leonard;43;m;w;clarendon;butler town;1040;28432;sc
A;G005066;91;mabelene;d;young;70;u;b;raleigh;primanti;8352;27612;
A;G006494;92;alexandra;cain;olney;34;f;w;raleigh;bledsoe;314;27601;ca
A;G006188;93;james;r;joyce;69;m;w;madison;k fork;1761;27025;nc
A;G000523;94;jon;reed;gallimore;63;m;w;stokesdale;albert;413;27357;nc
A;G000227;95;mark;elliott;young;45;m;b;burlington;mebane;1524;27215;nc
A;G000208;96;anna;w;friddle;39;f;w;burlington;st mark s church;1720;27215;
A;G000992;97;gwendolynn;amber;markolf;27;f;w;concord;cloister;751;28027;sc
A;G000473;98;thomas;wayne;defrange;66;m;w;asheville;governors view;214;28805;
A;G004026;99;carol;irvin;mitchell;75;f;w;mooresville;cypress cove;113;28117;in
A;G003278;100;terrance;lee;williams;47;m;b;durham;wiltshire;4;27713;nc
A;G002132;101;gary;joseph;groder;48;m;w;wilmington;spartan;330;28405;nc
A;G004427;102;douglas;cain;garner;23;f;u;cameron;mclauchlin;344;28326;
A;G003780;103;revera;;arkell;69;f;o;cameron;forest;29;28326;ny
A;G005192;104;debra;l;bloom;58;f;w;monroe;commerce;2159;28110;ny
A;G004304;105;curtis;allen;clark;33;m;b;raleigh;trailwood;1820;27606;nc
A;G002795;106;david;robert;halliday;84;m;w;bermuda run;oleander;217;27006;il
A;G001334;107;elizabeth;;baker;47;f;w;granite falls;sue s mobile home;4700;28630;nc
A;G000898;108;vang;;vang;54;m;a;claremont;bunker hill school;3458;28610;oc
A;G003933;109;tora;sharquise;edwards;38;f;b;monroe;lind point;219;28110;nc
A;G000408;110;norman;marshall;gore;56;m;w;riegelwood;justice flynn;692;28456;nc
A;G000891;111;david;saint john;hennessee;75;m;b;morganton;concord;331;28655;dc
A;G003611;112;megan;kimberly;riddle;32;f;w;raleigh;wirewood;1071;27605;nc
A;G001684;113;thomas;patrick;thornton;44;m;w;statesville;coolwood;125;28625;fl
A;G002764;114;sarah;gillespie;bodin;49;f;w;winston salem;autumn park;1478;27106;tn
A;G001810;115;carol;elizabeth;eberle;73;f;w;pittsboro;log barn;134;27312;fl
A;G004044;116;victoria;;turner;59;f;b;statesville;rimrock;482;28625;nc
A;G002136;117;juan;;santiago;55;m;w;fayetteville;wimbledon;6849;28314;il
A;G003622;118;dahiana;mercedes;valerio;40;f;o;winston salem;orchard creek;2869;27127;
A;G000810;119;janae;elisabeth;foster;29;f;w;asheville;cumberland;343;28801;ga
A;G003790;120;laura;h;brown;52;f;w;rolesville;staples;316;27571;nc
A;G001011;121;akhil;;gundabathula;20;m;a;harrisburg;carnation;2501;28075;tx
A;G003599;122;robin;elizabeth;donahue;20;f;w;clemmons;maidwood;7535;27012;
A;G003147;123;mary;elizabeth;georger;30;f;w;raleigh;brokers tip;10211;27617;ny
A;G005045;124;justin;marshall;mauney;24;m;w;raleigh;twisted oaks;4611;27612;
A;G001473;125;david;windsor;barringer;52;m;w;morehead city;bay view;118;28557;nc
A;G000924;126;anthony;miguel;carbonetti;35;m;w;bostic;pleasant view;164;28018;fl
A;G005839;127;lisa;efigenia;romero;39;f;o;pembroke;jones;502;28372;fl
A;G004205;128;pamela;d;gunter;64;f;w;raleigh;branchview;1009;27610;nc
A;G002350;129;altavier;jovante;young;22;m;b;greenville;10th;1108;27858;md
A;G004489;130;carol;ann;girardi;66;f;w;huntersville;new oak;8525;28078;ny
A;G003288;131;aurora;d;pryor;49;f;o;durham;taproot;4809;27705;mi
A;G006260;132;lisa;dawn;hatley;56;f;w;monroe;hopewood;2517;28110;
A;G000764;133;kimberly;d berry;woodard;39;f;w;valdese;katherine;1220;28690;nc
A;G003929;134;carl;cleveland;manning;71;m;w;raeford;fairfield;645;28376;nc
A;G003648;135;matthew;james;rave;50;m;w;winston salem;hawthorne;1239;27103;va
A;G004830;136;chevone;d;falls;32;u;b;charlotte;idlewild;5524;28227;
A;G004965;137;brenda;kay;richardson;36;f;b;salisbury;standish;1614;28144;nc
A;G000030;138;billie;emma;dodson;42;f;w;mebane;pine valley;2652;27302;ct
A;G003284;139;karen;lorraine;wielunski;36;f;w;durham;stillhouse;4;27704;oh
A;G001439;140;amanda;nicole;pauli;31;f;w;havelock;cedar ridge;217;28532;
A;G001217;141;robin;marie;morris;34;f;w;concord;miller;98;28025;nc
A;G003348;142;valerie;jean;everhart;36;f;w;chapel hill;nc hwy 54;1100;27516;ny
A;G006446;143;laura;ann;frey;44;f;w;wake forest;old dairy;513;27587;nh
A;G000628;144;beth;ann;phipps;41;f;w;asheville;hillside;205;28801;nc
A;G001014;145;patsy;daniel;waldrop;73;f;w;denver;three wood;3080;28037;al
A;G004671;146;howard;;johnson;75;u;u;charlotte;echo cove;709;28273;
A;G005679;147;jody;;lennon;52;f;w;wake forest;old keith;1321;27587;ny
A;G003118;148;willa;marie;wilkinson;78;f;w;cary;grande valley;3114;27513;ca
A;G003238;149;cynthia;m;hamrick;53;f;w;charlotte;par cove;10713;28277;nc
A;G001389;150;eric;glenn;warren;37;m;w;camden;japonica;302;27921;nc
A;G002182;151;trisha;;slehria;22;u;a;raleigh;park;109;27605;
A;G003911;152;shavon;diana;moody;36;f;b;ahoskie;liverman mill;917;27910;va
A;G000254;153;vickie;surrell;robbins;47;f;w;leland;judy;3805;28451;nc
A;G005186;154;william;clifford;coley;42;m;w;charlotte;water oak;4333;28211;nc
A;G001309;155;lisa;hollaway;stancil;54;f;w;locust;creekview;17047;28097;
A;G003334;156;meredyth;stewart;albright;21;f;w;durham;duke university west campus;1;27708;nc
A;G003455;157;keyona;;briscoe;26;f;b;rocky mount;windsor;1728;27801;md
A;G002345;158;hanha;lee;hobson;24;f;o;fayetteville;kennybunk;7813;28304;nc
A;G002056;159;carol;yevette;long;36;f;w;maysville;nc hwy 58;6637;28555;nc
A;G001630;160;charles;franklin;williams;67;m;w;denver;red hill;4500;28037;nc
A;G004921;161;sydney;marie;respass;26;f;b;raleigh;crescent creek;2310;27606;pa
A;G002839;162;brittany;sharay;elliote;30;f;w;wallace;nc 41;5368;28466;ga
A;G003051;163;jason;patrick;page;44;m;w;carrboro;hanna;107;27510;pa
A;G002294;164;darnell;devon;oatman;48;m;b;fayetteville;ivyridge;5482;28314;dc
A;G005563;165;chelsea;lynn;donovan;36;f;w;wilmington;2nd;509;28401;il
A;G002087;166;paula;gaskins;adams;42;f;w;new bern;myrtle grove;101;28562;nc
A;G006628;167;rebecca;elizabeth;rubio serrano;27;f;w;millers creek;piney top;118;28651;nc
A;G000917;168;moua;;lor;36;m;o;glen alpine;scott;106;28628;ca
A;G002908;169;benjamin;joseph;berenfield;24;m;w;durham;solterra;142;27705;oh
A;G005962;170;donald;kevin;kearns;41;m;w;asheboro;country;2034;27205;nc
A;G006349;171;samantha;faye;wathen;24;u;w;raleigh;oak meadow;5720;27612;
A;G003653;172;lee;ann;athey;37;f;w;winston salem;northampton;4348;27105;nc
A;G002053;173;calton;grover;cannon;37;m;w;durham;james;1820;27707;
A;G003850;174;randolph;meade;williams;74;m;w;maggie valley;alexander;264;28751;md
A;G002326;175;robert;lee;carr;52;m;b;fayetteville;cumberland;3030;28306;nc
A;G005774;176;luis;anthony;torres;29;m;o;raleigh;armstrong;1205;27610;ct
A;G003657;177;lisa;renea;guthrie;46;f;w;asheboro;atlantic;110;27205;ga
A;G001664;178;crystal;carswell;feimster;34;f;w;stony point;rosemont;89;28678;nc
A;G003016;179;persal;;bethune;65;m;b;durham;cascade falls;500;27713;nc
A;G006389;180;christopher;levon;mcnair;40;m;b;raleigh;method;718;27607;nc
A;G004244;181;john;darnell;green;44;m;b;middlesex;smith;10279;27557;dc
A;G003625;182;mark;ellis;podlaski;31;m;w;cornelius;rio oro;20525;28031;nc
A;G005803;183;tobechi;anuli;nwamara;25;f;b;raleigh;st regis;6221;27606;nc
A;G003367;184;veronica;l;rorie;39;f;b;durham;woodcroft;801;27713;nc
A;G003753;185;veronica;louise;meert;30;f;w;wilmington;alpine;525;28403;al
A;G004785;186;erin;jerolimic;moore;39;f;w;indian trail;equipoise;1025;28079;ny
A;G000618;187;anna;elise;godden;29;f;w;asheville;pinners cove;657;28803;nc
A;G001850;188;kathryn;elizabeth;hartley;26;f;w;blowing rock;hartley hl;382;28605;nc
A;G005128;189;laurie;janine;halley;52;f;o;charlotte;blackmuir wood;4531;28270;ca
A;G006178;190;kenneth;stephen;hopkins;29;m;w;king;natalie;224;27021;nc
A;G000276;191;sylvia;d;liner;65;f;w;charlotte;kilborne;2735;28205;
A;G001475;192;alan;spencer;hill;28;m;w;raleigh;valley run;7616;27615;nc
A;G000846;193;billy;ray;carter;78;m;w;flat rock;eagle crest;38;28731;nc
A;G004937;194;jonathan;scott;whitaker;34;m;w;asheboro;filler rd;1346;27205;nc
A;G005746;195;robin;martin;pate;62;f;w;zebulon;car kare;9505;27597;ca
A;G005634;196;nicole;darlene;bono;36;f;w;maple hill;nc hwy 50;7075;28454;ny
A;G004192;197;barbara;perry;guiterrez;79;f;w;garner;telluride;129;27529;nc
A;G003592;198;howard;m;bost;53;m;w;east bend;millcreek;1125;27018;
A;G004047;199;karen;ann;nattinger;52;f;w;mooresville;castles gate;272;28117;tx
A;G000483;200;douglas;scott;west;61;m;w;fletcher;sterling run;31;28732;
A;G004051;201;kyle;lang;houston;28;m;w;matthews;woodbend;12308;28105;nc
A;G005740;202;michael;foley;askew;25;m;w;oriental;skipper;106;28571;nc
A;G002752;203;marcella;elisa;caudill;26;f;m;wilmington;market;420;28401;va
A;G004389;204;fleming;cecil;jones;46;m;w;trenton;chinquapin chapel;1523;28585;nc
A;G000772;205;laura;venning;wilson;38;f;w;asheville;alexander;10;28801;nc
A;G000274;206;eleanor;marie;sullivan;68;f;w;caswell beach;fairway;19;28465;ny
A;G005610;207;mary;kate;haren;23;f;w;swansboro;camp queen;154;28584;ny
A;G001594;208;mary;bryant;harwell;35;f;w;claremont;hall dairy;4440;28610;nc
A;G004412;209;adrienne;leigh;walters;45;f;w;fuquay varina;barn view;429;27526;nc
A;G002079;210;william;h;berkey;35;m;w;chocowinity;taylor;316;27817;mi
A;G000895;211;glenn;scott;colwell;47;m;w;morganton;race track;2398;28655;pa
A;G003534;212;cristina;nicole;dalton;37;f;b;raleigh;calvary;3123;27604;nc
A;G001308;213;andre;len;cottrell;52;u;u;kannapolis;29th;109;28083;
A;G004683;214;walid;omer;yussuf;36;m;b;charlotte;double creek crossing;4115;28269;va
A;G002198;215;patrick;joseph;martin;22;m;w;cameron;atlantic coast;19;28326;pa
A;G000753;216;christopher;douglas;webster;44;m;w;marshall;eddie cody;53;28753;nc
A;G004556;217;laura;jean;schrader;36;f;w;denver;stonesthrow;4600;28037;il
A;G000883;218;joshua;william;kincaid;40;m;w;greenville;mulberry;2715;27858;nc
A;G006191;219;mary;elizabeth;brewster;40;f;w;pilot mtn;lonesome;1040;27041;nc
A;G004486;220;breiyanna;joan;stevermer;23;f;w;stanley;ivey meadow;7779;28164;ia
A;G001047;221;judith;ann;small;48;u;u;concord;bartram;776;28025;
A;G002305;222;adrienne;graye;ezzell;31;f;w;woodlake;river birch;759;28394;nc
A;G004023;223;amy;leigh;galliher;48;f;w;wilmington;blue tick;1607;28411;nc
A;G003403;224;eddie;a;roach;57;m;b;greenville;clairmont;320;27834;nc
A;G004041;225;stephen;thomas;cline;42;m;w;kannapolis;jaybird;1216;28081;nc
A;G005549;226;andrew;james;cooke;23;m;w;raleigh;fig vine;411;27609;oc
A;G001324;227;hollie;roper;pennell;41;f;w;lenoir;champion;3222;28645;nc
A;G005621;228;kassondra;nickole;scheidt;28;f;w;richlands;classy;211;28574;
A;G002775;229;samuel;louis;petro;64;m;w;advance;riverbend;451;27006;oc
A;G002901;230;brandon;montae;james;33;m;b;raleigh;star sapphire;2100;27610;nc
A;G005372;231;lori;beth;kropp;35;f;w;wilmington;brandy;804;28405;nc
A;G005932;232;harry;neil;thompson;77;m;w;sims;crushed stone;7067;27880;nc
A;G004171;233;brittney;rye;walker;31;f;w;benson;south walden pond;115;27504;
A;G004491;234;maribeth;dobbins;hughes;46;f;w;cornelius;chandlers landing;19225;28031;ct
A;G000611;235;fiora;beveridge;lizak;62;f;w;raleigh;bremerton;11108;27613;nc
A;G002035;236;jason;alexander;hancock;32;m;o;new bern;arbor green;4012;28562;va
A;G005858;237;felicia;denise;cherry dixon;46;f;b;farmville;ghost hollow;3686;27828;nc
A;G000133;238;ashley;marie;bishop;31;f;w;graham;kernodle;423;27253;nc
A;G002290;239;april;mcgirt;henderson;39;f;b;fayetteville;toledo;1792;28306;nc
A;G005562;240;timothy;keith;raab;35;m;w;wilmington;penny;5221;28405;az
A;G001358;241;jarrett;william;bradley;78;m;i;cherokee;acquoni;1108;28719;nc
A;G001803;242;dana;petty;sheffield;34;f;w;asheboro;friendly acres;640;27205;nc
A;G005358;243;rodell;austin;spake;53;m;w;jacksonville;greenway;909;28546;or
A;G000037;244;darryl;raynard;moye;53;m;b;mebane;dogwood;1007;27302;nc
A;G000316;245;sarah;beth;wise;34;f;w;boiling spring lakes;redwood;208;28461;ms
A;G002076;246;leander;;forbes;71;m;b;swansboro;whistling heron;415;28584;nc
A;G006359;247;jaeyeon;;kim;35;f;o;raleigh;calliope;2820;27616;oc
A;G005387;248;ashley;ann;atkinson;33;f;w;littleton;eaton ferry;1831;27850;ny
A;G005301;249;beverly;zhalontay;butler;40;f;b;rockwell;west park;640;28138;nc
A;G006269;250;marie;diane;hilliard;61;f;w;henderson;cooper;613;27536;
A;G000866;251;gregory;price;benton;57;m;w;asheville;windswept;405;28801;ga
A;G001120;252;donophan;;clyburn;67;m;b;charlotte;toxaway;7223;28269;sc
A;G002048;253;courtney;l;cooper;22;u;b;new bern;morton;5309;28562;
A;G005804;254;danielle;nicole;green;32;f;b;raleigh;rockglen;6721;27615;nc
A;G005040;255;adam;c;allen;32;m;w;mooresboro;kanipe ranch;262;28114;tx
A;G004373;256;christian;e;banks;52;m;b;turkey;beulah church;2386;28393;
A;G006572;257;paul;eugene;artis;36;u;u;goldsboro;hart;1515;27530;
A;G005651;258;kristopher;brian;smith;43;m;w;mebane;high ridge;1323;27302;nc
A;G001585;259;norma;scalf;wright;66;f;w;claremont;harwell;2736;28610;
A;G004298;260;esthephanie;;chavira;22;f;o;four oaks;webb mill;866;27524;nc
A;G005807;261;kirk;j;cepavicius;46;m;o;elizabeth city;timothy;504;27909;ca
A;G000935;262;brittany;marie;rydzfski;28;f;w;high point;sink lake;629;27265;fl
A;G003019;263;angelica;jeannette;curry;27;f;b;durham;park ridge;900;27713;ne
A;G004080;264;jacob;chase;chandler;26;m;w;lowgap;ivy green;248;27024;nc
A;G003904;265;dorothy;cagle;carmean;77;f;w;rocky mount;brandywine;1113;27804;
A;G004600;266;danny;billy poe;jones;62;m;w;nebo;harmony grove;6988;28761;sc
A;G006556;267;manaka;angela;green;23;u;u;raleigh;ncsu alexander;0;27607;oc
A;G006236;268;laura;marie;turner;32;f;w;waxhaw;rockwood;4520;28173;oh
A;G005552;269;jeffrey;scott;lyle;58;m;w;garner;broughton;117;27529;al
A;G001248;270;daniel;robert;fellenzer;21;m;w;concord;dunberry;4606;28027;oc
A;G004635;271;bruce;scott;perkins;53;m;w;matthews;matthews mint hill;4049;28105;in
A;G002594;272;charles;hubert allen;lance;50;m;w;thomasville;paul kennedy;146;27360;
A;G005061;273;michael;richard;krasuski;19;m;w;chapel hill;hansen creek;105;27516;nc
A;G005814;274;michael;john;terry;34;m;w;randleman;branson davis;6339;27317;
A;G002550;275;kirby;wayne;garner;52;m;w;thomasville;lacy hepler;1320;27360;nc
A;G006220;276;garry;steven;cardwell;71;m;w;elkin;harris;154;28621;nc
A;G003658;277;donald;carl;stogner;56;m;w;cary;giverny;302;27513;al
A;G000727;278;michael;james;brasunas;37;m;w;black mountain;another;42;28711;wv
A;G003715;279;melvyn;james;austin;70;u;u;statesville;catspaw;520;28677;
A;G003099;280;sabonia;nicole;stewart;44;f;b;durham;maymount;501;27703;nj
A;G005729;281;michael;stevenson;mcglinchey;41;m;w;raleigh;westgrove;4700;27606;md
A;G000646;282;david;patrick;conley;39;m;w;asheville;river ridge;2204;28803;ny
A;G000655;283;lyudmila;anatolyevna;tirgoala;28;f;o;asheville;moss pink;2;28806;oc
A;G003033;284;john;serge;taylor;73;m;w;chapel hill;lancaster;300;27517;ny
A;G003068;285;jerome;mcarther;scott;22;m;b;raleigh;cardinal grove;5220;27616;ny
A;G002925;286;julie;marie;lowe;37;f;w;apex;oak stream;2213;27523;la
A;G000744;287;jacob;james;mcmahan;20;m;w;weaverville;northview park;135;28787;nc
A;G004749;288;goldee;marquie;payton;40;f;w;matthews;delamere;3103;28104;co
A;G001640;289;david;michael;boldon;41;m;w;marion;clear creek;1179;28752;nc
A;G001970;290;shannon;rose;king fowler;44;f;w;lincolnton;jacks;1493;28092;nc
A;G004731;291;leslie;brafford;threatt;57;f;w;charlotte;peverell;2618;28270;
A;G004555;292;nicholas;david;reid;31;m;w;denver;nautical view;7693;28037;
A;G005792;293;cecil;verlin;cherry;76;m;w;washington;voice of america;5108;27889;nc
A;G004161;294;felicia;michele;boyette;42;f;w;clayton;gracie;131;27520;nc
A;G004321;295;teona;michelle;bannerman;20;u;u;raleigh;lake ridge;4270;27604;
A;G002014;296;william;andrew;gower;68;m;w;new bern;rivertide;128;28562;nc
A;G001989;297;yolanda;patrece;stephens;28;f;u;whiteville;martin luther king;108;28472;
A;G001296;298;joclynne;elaina;byers;40;f;b;mooresville;logan;742;28115;tn
A;G001108;299;jimmie;lee;cranfield;50;m;w;salisbury;peach orchard;1800;28146;nc
A;G001773;300;sarah;rachel;howard;44;f;u;siler city;wellaway;493;27344;ct
A;G004366;301;melissa;cashwell;spain;51;f;w;angier;paula;170;27501;nc
A;G006017;302;deanna;marie;sturdivant;45;f;b;laurinburg;wilmington;502;28352;nc
A;G005250;303;henry;nicholas;mcgovern;64;m;w;asheboro;kingsway;16;27203;de
A;G003318;304;william;douglas;wallace;31;m;w;raleigh;collection river;7711;27617;oh
A;G006557;305;donald;george;dehart;35;u;u;raleigh;pickwick;4016;27613;
A;G003253;306;paula;;siwek;59;f;w;carrboro;old fayetteville;222;27510;ny
A;G000353;307;charles;joseph;novotney;66;m;w;lake waccamaw;central;203;28450;dc
A;G005866;308;ted;lee;murchison;86;m;w;elm city;rosebud church;4832;27822;
A;G001734;309;katherine;;goldston;62;f;u;cary;applecross;302;27511;
A;G002376;310;karolyn;sue;martin;33;f;w;hope mills;timber grove;4429;28348;ks
A;G001816;311;james;bernard;delpapa;56;m;w;raleigh;st marys;2514;27609;nc
A;G005338;312;amber;kay;williams;34;f;w;raleigh;anthony;3215;27603;nc
A;G001175;313;dianna;drayson;singler;52;f;w;charlotte;trotter;8018;28216;md
A;G002520;314;nancy;elian;vaughn;55;f;w;kill devil hills;ketch;1602;27948;oc
A;G004636;315;rachelle;a;gualtieri;48;f;w;charlotte;royal scot;8800;28227;ct
A;G001579;316;carole;morgan;knowles;81;f;w;hickory;26th;479;28601;nc
A;G001359;317;larry;joseph;phillips;53;m;w;lenoir;old north;1013;28645;nc
A;G002810;318;gregory;angelo;yacullo;75;m;w;holly ridge;lloyd;213;28445;nj
A;G000113;319;leta;naomi;falls;64;f;w;newton grove;homewood;43;28366;nc
A;G006067;320;claudia;r;stevens;54;f;w;salisbury;partridge;120;28147;nc
A;G002216;321;shaneka;n;allen;38;f;b;fayetteville;king george;1937;28303;il
A;G000958;322;jonathan;james;allen;40;m;w;connelly springs;bailey;8161;28612;nc
A;G001393;323;ellis;wade;dunn;66;m;w;morehead city;arendell;4004;28557;nc
A;G001906;324;anita;mae;dexter;78;f;w;shelby;warren;934;28150;ma
A;G000928;325;joseph;daniel;tallent;33;m;w;morganton;dale;103;28655;nc
A;G004473;326;kevin;dewayne;newborn;46;u;u;kinston;fox run;2169;28504;
A;G005404;327;kelli;elizabeth;kiger;35;f;w;wilmington;amberleigh;240;28411;nc
A;G003578;328;livingseon;jack;loizeaux;25;m;w;charlotte;rocky falls;7053;28211;de
A;G006474;329;timothy;todd;o boyle;36;m;w;elm city;branch;206;27822;sc
A;G000665;330;charles;taylor;jensen;28;m;w;boone;university hall;361;28607;nc
A;G002824;331;victoria;ann louise;nason;23;f;w;beulaville;old nc 24;358;28518;nc
A;G000345;332;vernon;pierre;smith;56;m;b;wilmington;orange;1717;28403;nc
A;G002303;333;derrick;vaughn;mcneill;48;u;u;fayetteville;oakland;308;28301;
A;G000215;334;wendy;evans;franks;45;f;w;burlington;deepwood;2933;27215;nc
A;G001521;335;angela;marie;gates;46;f;w;beaufort;hwy 70 beaufort;2516;28516;mi
A;G000309;336;george;w;wells;74;m;w;cary;scots cove;105;27518;tx
A;G001041;337;timothy;jackson;snodgrass;62;m;w;charlotte;armitage;3915;28269;va
A;G006029;338;margaret;short;gaddy;71;f;b;hoffman;us 1;3770;28347;nc
A;G001993;339;dina;elaine;terry;46;f;b;council;boggy branch;2073;28434;nc
A;G005731;340;lorcan;gearoid;farrell;20;m;w;chapel hill;stadium;101;27514;nc
A;G004438;341;suzanne;nassif;felton;72;f;w;matthews;millbank;1140;28104;ma
A;G006041;342;cryshona;peacola;mcmillan;36;f;b;laurinburg;terrace;1425;28352;nj
A;G004445;343;david;r;carter;33;m;w;kinston;nc hwy 55;1511;28501;nc
A;G006429;344;josephine;;byers;75;f;w;apex;beckwith;2501;27523;
A;G004663;345;phillip;michael;james;29;m;b;charlotte;fairwood;414;28203;nc
A;G003004;346;lashawn;miata;mcfarland;46;f;b;durham;ashe;2824;27703;
A;G000919;347;anthony;david;mesa;25;m;w;boone;locust summit dorm;240;28608;or
A;G006027;348;michael;darrell;hinson;22;m;b;ellerbe;nc 73;727;28338;nc
A;G000392;349;thaddeus;mark;zych;71;m;w;southport;summerswell;4942;28461;oc
A;G006235;350;chelsea;dawn;bates;31;f;w;indian trail;indian trail fairview;127;28079;nc
A;G000119;351;robert;stanley;allen;68;m;w;burlington;judy;2619;27217;nc
A;G003406;352;tyler;;davis;35;m;b;rocky mount;discovery;306;27801;nc
A;G001008;353;logan;morgan;shuman;30;f;w;kannapolis;eastwood;1628;28083;nc
A;G003233;354;sharon;gaynell;crawford;49;f;b;durham;wiggins;3615;27704;nc
A;G001042;355;murray;clay;taylor;45;m;b;pineville;pinewell;12910;28134;il
A;G001518;356;amber;taylor;raynor;36;f;w;newport;pearson;469;28570;
A;G005844;357;carole;monk;thomas;62;f;w;raleigh;banbury;1925;27608;nc
A;G004158;358;samuel;christian;tingler;50;m;w;spring hope;branch;221;27882;nc
A;G001208;359;kristen;margaret;cozart;26;f;w;concord;spring;331;28025;
A;G003323;360;katia;marie;mottert;26;u;u;morrisville;neighborly;1205;27560;
A;G005292;361;sydney;sharon;brown;84;f;w;southern pines;garden villa;46;28387;il
A;G006143;362;johnnie;harold;mcphail;69;m;b;newton grove;alex benton;82;28366;nc
A;G005880;363;mary;grace;bodmer;21;f;u;apex;chilcott;103;27502;vi
A;G002304;364;jerahmie;;arrington;31;m;m;raleigh;ncsu metcalf;0;27607;dc
A;G005453;365;cynthia;sandlin;stout;51;f;w;hampstead;windward landing;406;28443;fl
A;G005954;366;vergil;nelson;slee;101;m;w;columbus;laurel lake;621;28722;mi
A;G000739;367;christopher;steven;mills;55;m;w;arden;holly ridge;8;28704;fl
A;G002159;368;jason;ernest;person;49;m;w;fayetteville;larwood;2438;28306;oc
A;G000362;369;elizabeth;brooke;wilson;38;f;w;wake forest;mitchell mill;4201;27587;nc
A;G004433;370;benita;r;jones;64;f;b;charlotte;margate;1957;28205;
A;G005944;371;hannah;kathileen;jones;28;f;w;greenville;tyler hall;818;27858;nc
A;G000823;372;katie;lynn;burleson;29;f;w;lexington;becky hill;1569;27295;nc
A;G000363;373;sarah;suzann;laprade;38;f;w;wilmington;white ibis;4610;28412;ia
A;G002158;374;patricia;leighann;barr;30;f;w;raeford;magnolia;907;28376;nc
A;G005038;375;martin;vitaya;mitravijarn;37;m;m;charlotte;lorden;11911;28213;nc
A;G003190;376;carolean;;craig;67;f;b;durham;north exeter;12311;27703;nc
A;G003601;377;kayla;danielle;dineen;29;f;w;winston salem;yadkinville;4269;27106;va
A;G005402;378;jonathan;reece;counts;35;m;w;wilmington;yorkshire;213;28409;oh
A;G002404;379;andera;michele;grove;56;f;b;raeford;harvest;111;28376;ga
A;G000516;380;alisa;dawn;brown;50;f;w;candler;hurst;42;28715;oh
A;G006604;381;jennifer;blake;parker;45;f;w;raleigh;bedell;5121;27616;nc
A;G000873;382;john;wilbur;sidel;36;m;w;morganton;shady rest;500;28655;mi
A;G000487;383;richard;daniel;baldasaro;48;m;w;leicester;georgetown;17;28748;nc
A;G003209;384;catherine;d;holland;93;f;w;chapel hill;woodbine;910;27517;nc
A;G001077;385;kenneth;edward;sparr;41;m;w;charlotte;robin s nest;12129;28269;ny
A;G003787;386;amanda;lynn;musolino;37;f;w;fuquay varina;quest ridge;500;27526;oh
A;G005699;387;david;hamilton;page;23;m;w;waxhaw;cecily;2702;28173;tx
A;G005791;388;tina;elizabeth;morris;38;f;w;greenville;wards bridge;3887;27834;nc
A;G005479;389;madison;rae;padgett;26;f;w;wilmington;cadfel;1505;28412;nc
A;G005115;390;charles;christopher;pflum;34;m;w;waxhaw;crane;2607;28173;nc
A;G000059;391;ronnie;jonathan;jeffries;42;m;m;burlington;glenkirk;1977;27215;nc
A;G003219;392;brenn;andrew;hill;36;m;w;carrboro;rock haven;100;27510;
A;G001607;393;judith;mcree;harman;79;f;w;maiden;thunder;3573;28650;
A;G004257;394;heidi;florentina;williams;28;f;w;raleigh;ransdell;9133;27603;oc
A;G000348;395;larry;d;lemon;63;m;w;charlotte;camp stewart;4604;28215;ia
A;G000168;396;kameka;lashelle;springfield;40;f;b;burlington;jeffries;437;27217;nc
A;G004360;397;paul;edward;hensley;89;m;w;clayton;cameo;82;27527;wv
A;G003448;398;quinton;laray;jenkins;35;m;b;rocky mount;gay;1032;27801;nc
A;G004994;399;kyerra;myree;gibson;24;f;b;salisbury;strawberry;278;28147;pa
A;G001520;400;tarla;ezzell;howard;52;f;w;wilson;garrett;2000;27896;nc
A;G001670;401;angel;william;laboy;21;m;m;cullowhee;central;490;28723;nc
A;G000252;402;kimberly;d;glenn;48;f;w;leland;huckabee;9498;28451;
A;G002737;403;adam;neal;koontz;37;m;w;clemmons;bickerstaff;156;27012;
A;G001503;404;roberta;;gelin desrivieres;43;f;b;morehead city;bridges;612;28557;oc
A;G005302;405;tara;shenell;thompson;33;f;b;goldsboro;spence;702;27534;nc
A;G005832;406;sidney;harris;bearden;40;m;w;albemarle;old aquadale;24192;28001;
A;G001559;407;jerisha;vonketria;farrer;28;f;b;hickory;9th av;625;28602;nc
A;G006198;408;misty;nixon;lynch;39;f;w;elkin;victoria;198;28621;nc
A;G004885;409;kyle;matthew;anderson;42;m;w;charlotte;conestoga;724;28270;la
A;G000143;410;lillie;mae;moore;59;f;b;charlotte;eastwycke place;4707;28215;nc
A;G003076;411;karlton;webster;creech;46;m;w;durham;somerdale;8003;27713;nc
A;G002067;412;ginny;ragan;ellis;44;f;w;timberlake;ned moore;905;27583;
A;G004117;413;jamie;dale;bare;38;m;w;jefferson;friendship;2103;28640;nc
A;G005535;414;charlene;reynolds;pate;50;u;u;wilmington;sky crest;7400;28411;
A;G005078;415;shane;adrian;lunsford;45;m;w;charlotte;crosshaven;16821;28278;nc
A;G004362;416;john;thomas;mitchell;65;m;u;clayton;timothy ridge;109;27520;nc
A;G000549;417;daniel;leslie;dockery;49;m;w;candler;j r estates;20;28715;nc
A;G001237;418;betsy;anne;kaiser;33;f;w;concord;montgrove;505;28027;nc
A;G005674;419;jeffrey;lynn;tilley;65;m;w;durham;jomali;5912;27705;nc
A;G005056;420;arthur;emil;townend;20;m;w;charlotte;university city;9201;28223;
A;G003230;421;mindy;sue;morgan;43;f;w;durham;grosmont;4;27704;ia
A;G000413;422;vernon;c;rudolph;71;m;w;winston salem;westview;222;27104;dc
A;G004818;423;johnny;lee;jones;26;m;b;battleboro;jamie;6284;27809;nc
A;G002937;424;alexander;heracles;kolyer;41;u;u;carrboro;jones ferry;605;27510;ny
A;G000622;425;jennifer;monroe;johnson;32;f;w;asheville;fairway;70;28805;nc
A;G002465;426;tiffany;suzanne;zellner;28;f;w;currituck;bell s island;180;27929;wv
A;G002999;427;naomi;denise;dolby;48;f;b;durham;buffalo;2026;27704;nc
A;G002194;428;keith;adrian;davis;25;m;b;kinston;michelle;2110;28504;nj
A;G003526;429;paul;eugene;douthit;43;u;u;winston salem;claremont;2626;27105;nc
A;G002746;430;david;stafford;hedrick;76;m;w;sparta;westwood;266;28675;va
A;G005985;431;chrystal;elisabeth;dowd;42;f;b;asheboro;fayetteville;1819;27203;nc
A;G005152;432;john;david;wallace;49;m;w;matthews;freemont;446;28105;pa
A;G002443;433;damien;jevon;haywood;29;m;b;fayetteville;coley;1310;28301;
A;G002120;434;theresa;ann;britt;55;f;w;fayetteville;graysville;3183;28306;
A;G006319;435;jaikira;alicze;rasberry;20;u;b;raleigh;south;118;27601;
A;G004378;436;edward;turner;dalton;44;m;w;smithfield;stoneview;104;27577;fl
A;G001904;437;carrie;elizabeth;johnson;35;f;w;charlotte;bordeaux;12013;28277;sc
A;G006149;438;malinda;anne;newman;40;f;w;dunn;aman dairy;586;28334;fl
A;G002704;439;jason;;shaver;34;m;w;lexington;j m penninger;529;27292;
A;G003280;440;april;renee;packer;43;f;w;wilmington;richardson;4917;28405;nc
A;G000697;441;jessica;saams;metcalf;27;f;w;asheville;bear creek;109;28806;nc
A;G003979;442;alison;ann;goodson;36;f;w;mooresville;brawley school;506;28117;oc
A;G006080;443;benjamin;porter;fraser;28;m;w;reidsville;pennington;411;27320;pa
A;G004488;444;michelle;nichole;mannchen;28;f;w;denver;hagers hollow;7243;28037;wi
A;G004007;445;michael;irving;dietrich;73;m;w;mooresville;savannah crossing;161;28115;ca
A;G005345;446;susan;hope;porch;60;f;w;battleboro;red oak battleboro;5369;27809;
A;G000491;447;laurinda;kirsten;anderson;49;f;u;arden;glen cove;28;28704;ct
A;G002168;448;haley;mcpherson;edwards;27;f;w;dunn;courtney;189;28334;nc
A;G000956;449;angel;dion;johnson;41;f;w;valdese;ribet;135;28690;
A;G001966;450;jaimie;dare;harwood;29;f;u;wilmington;13th;205;28401;nc
A;G002117;451;lyn;n;bluford;33;f;b;fayetteville;mars;3105;28301;nj
A;G000241;452;charles;braddy;corbett;39;m;w;bolivia;goose marsh;2588;28422;nc
A;G001424;453;alan;marshall;horton;56;m;w;newport;avis;180;28570;or
A;G001669;454;nicki;rae;walker;28;f;w;vale;highway 10;9419;28168;nc
A;G002521;455;judith;hancock;rosenberger;65;f;w;hillsborough;blue heron;131;27278;tn
A;G000862;456;chelsey;ann;wilson;33;f;w;charlotte;providence;4028;28211;
A;G002448;457;phylisicia;nicole;carter;39;f;b;fayetteville;old vander;1335;28312;nc
A;G000502;458;hilliary;shea;begley;32;f;w;brevard;country club;728;28712;nc
A;G001851;459;ronald;kevin;ross;61;m;w;charlotte;old providence;6101;28226;ok
A;G004394;460;leslie;smith;jones;62;f;w;trenton;stroud;440;28585;nc
A;G002377;461;kimberly;renee;jackson;50;f;b;knightdale;carrington;401;27545;ny
A;G000705;462;sean;allen;safrit;31;m;w;asheville;nicholas;204;28806;fl
A;G002084;463;william;earl;long;59;m;w;new bern;glenburnie;211;28560;nc
A;G004991;464;eman;mahmud;mahmud;30;f;o;matthews;brenham;914;28105;ny
A;G005257;465;faye;a;dye;53;f;b;mt gilead;white tail;127;27306;nc
A;G004218;466;judith;williams;kuykendall;70;f;w;clayton;congress;36;27527;nc
A;G002624;467;mark;alan;bowling;57;m;w;clemmons;keswick;1006;27012;ky
A;G002111;468;john;lee;gardner;44;m;w;vanceboro;bailey;255;28586;nc
A;G001402;469;gregory;paul;novicki;61;m;w;emerald isle;emerald;7309;28594;nc
A;G003473;470;madison;quinn;nommsen;18;f;w;raleigh;ncsu bragaw;0;27607;
A;G001703;471;marielle;elizabeth;yohe;41;f;w;chapel hill;canterbury;1066;27517;ct
A;G003202;472;justine;laurel;shook;34;f;w;clayton;naples;280;27527;fl
A;G002574;473;timothy;lee;brinkley;39;m;w;lexington;craver;1335;27295;nc
A;G005588;474;ashley;;khan;30;f;w;camp lejeune;eden;2914;28547;
A;G001066;475;robert;burns;roberts;59;m;w;concord;bondale;8850;28025;nc
A;G003709;476;brittany;n;good;20;f;w;greenville;5th;505;27858;
A;G004878;477;amanda;jean;cude;32;f;w;charlotte;chapman;8019;28216;va
A;G002666;478;brenda;kay;wade;66;f;w;westfield;king;2086;27053;nc
A;G006452;479;sharon;denise;thompson;49;f;b;raleigh;hargett;128;27601;nc
A;G001568;480;wayne;g;lentz;80;m;w;huntersville;swansboro;11718;28078;
A;G005701;481;kendra;shantel;fleming;28;f;b;chapel hill;hinton james;515;27514;nc
A;G002215;482;deborah;ann;baysore;54;f;w;fayetteville;park;216;28305;mi
A;G004949;483;amy;slice;shea;27;u;u;huntersville;pinnacle cross;8714;28078;
A;G000652;484;matthew;ross;gregg;36;m;w;asheville;peach knob;22;28804;
A;G000954;485;donald;neal;tucker;61;m;b;hickory;19th;504;28602;nc
A;G003539;486;kevin;brett;karpinski;43;m;w;pfafftown;stimpson ridge;4667;27040;nc
A;G005842;487;candace;tandeleyo;bumpass;33;f;b;roxboro;brookstone;122;27573;nc
A;G001365;488;pamela;rae;dehlin;64;f;w;statesville;east elementary;605;28625;ca
A;G003880;489;mason;erick;kropp;23;m;w;marion;thole;92;28752;nc
A;G004215;490;belinda;jones;kiziah;55;f;w;benson;phyllis;116;27504;nc
A;G003062;491;ariel;catherine;reynolds;36;f;w;chapel hill;wesley;304;27516;tx
A;G006213;492;jonathon;kendall;cawley;27;m;w;boone;king;300;28607;
A;G000657;493;andrew;robert;lawson;29;m;w;sylva;mountain forest;475;28779;nc
A;G001485;494;ana;marie;johnson;36;f;w;rocky point;nc hwy 210;19210;28457;nc
A;G003723;495;ryan;lee;bonifay;28;m;w;raleigh;markridge;5451;27607;pa
A;G002987;496;alya;suad;anderson;27;f;w;raleigh;reedy ridge;8473;27613;md
A;G000998;497;ryan;patrick;ivers;38;m;w;harrisburg;dorchester;5606;28075;ct
A;G001659;498;leah;boggs;williams;48;f;u;maiden;lilly;170;28650;
A;G004327;499;michael;kevin;mcphatter;52;m;b;raleigh;bergstrom;7821;27616;nc
A;G005859;500;justin;robert;best;30;m;w;ayden;gum swamp;4818;28513;nc
A;G005401;501;rebekah;avery;hickmon;30;f;w;wilmington;riverwoods;6260;28412;ar
A;G003818;502;robert;dennis;curtin;61;m;w;clyde;ingram;107;28721;va
A;G002754;503;rochelle;elizabeth;gamble;32;f;w;sparta;reid;64;28675;
A;G005348;504;lauren;knight;pike;27;f;w;nashville;sherrod;2935;27856;nc
A;G000833;505;carey;leigh;west;45;f;w;asheville;beverly;224;28805;nc
A;G000438;506;david;bradley;purvis;34;m;w;supply;sand hill;729;28462;ga
A;G000909;507;lois;janet;baker;71;f;w;drexel;poteat;303;28619;nc
A;G000797;508;douglas;james;metcalf;47;m;w;arden;yorktown;63;28704;nc
A;G001643;509;stephanie;gregory;tyson;35;f;w;iron station;arden gate;4988;28080;nc
A;G000222;510;roger;brice;vandling;51;m;w;elon;shepherd;3437;27244;mi
A;G001920;511;jeremy;curtis;johnson;41;m;w;kings mountain;harbor springs;213;28086;nc
A;G002388;512;jamaal;ishmiel;griffin;29;u;u;fayetteville;chason ridge;5908;28314;oc
A;G000809;513;erin;denise;varvel;40;f;w;swannanoa;bridgestone;3;28778;ny
A;G003451;514;ladonna;emerson;french;50;f;w;rocky mount;batchelor;408;27801;nc
A;G004615;515;victoria;jean;vinke;31;f;w;banner elk;horney hollow;100;28604;il
A;G006364;516;delwynne;t;lennon;58;m;b;raleigh;cahaba;5412;27616;nc
A;G002478;517;sara;justine;fassett;26;f;w;indian trail;third;6705;28079;nc
A;G000213;518;beverly;moody;bridges;63;f;w;graham;whispering oaks;4072;27253;nc
A;G005273;519;christopher;wayne;jackson;46;m;w;farmville;horne;4017;27828;nc
A;G000136;520;brittany;jo;gerringer;26;f;w;wilmington;hunters;5010;28405;
A;G004020;521;amy;lynn;st clair;44;f;w;waxhaw;wall;1378;28173;va
A;G001021;522;kirsen;seritta;mckeithan;34;f;b;durham;hwy 55;5523;27713;mi
A;G003894;523;marie;;archer;88;u;w;hendersonville;freedom;131;28792;
A;G000728;524;donna;evans;may;60;f;w;huntersville;maxwelton;8007;28078;fl
A;G001372;525;robert;bradley;miller;39;m;w;lenoir;jason;526;28645;nc
A;G003846;526;michelle;l;jacobs;49;f;w;canton;bearwallow;47;28716;
A;G000559;527;eric;dwayne;winebarger;45;u;w;asheville;reddick;5;28805;
A;G006254;528;charles;jerome;myers;43;m;b;raleigh;sunny madison;2707;27604;va
A;G001498;529;barbara;kay;brun;36;f;w;newport;walking leaf;107;28570;nc
A;G000640;530;alfred;frank;vetere;67;m;w;fletcher;wiltshire;392;28732;ny
A;G003905;531;nancy;jo;smith;69;f;w;lake lure;mcowenben;434;28746;in
A;G000595;532;jennifer;marie;puglisi;37;f;w;marshall;upper brush creek;2725;28753;la
A;G002220;533;paul;andrew;schulken;27;m;w;fayetteville;countryside;6549;28311;nc
A;G000720;534;marian;camille;cruz bergollo;33;f;u;hendersonville;ethan;162;28792;pr
A;G003810;535;riley;lenward;allen;70;m;b;raleigh;plentywood;800;27615;nc
A;G003901;536;caitlin;elizabeth;klassovity;32;f;w;lake toxaway;lakeside;454;28747;ny
A;G001432;537;kristen;morton;turney;33;f;w;smithfield;brazil nut;122;27577;nc
A;G001800;538;katie;;garland;31;f;w;apex;grassy point;100;27502;ny
A;G002411;539;tahirah;mcneil;ravenell;41;u;b;hope mills;meteor;3841;28348;
A;G000282;540;mildred;edwards;goodwin;63;f;w;laurel hill;omah hill;21621;28351;sc
A;G004542;541;michael;edward;brenneman;40;m;w;stanley;haley;8021;28164;co
A;G005845;542;raynard;keith;blackwell;58;u;b;roxboro;flat river church;1984;27574;
A;G004874;543;omari;lamonte;stewart;38;m;b;charlotte;troon;9115;28214;nc
A;G004702;544;gustavo;e;serrano ferreras;34;u;u;charlotte;kings creek;8241;28273;
A;G004210;545;martin;lee;shank;48;m;w;raleigh;wood valley;4400;27613;oh
A;G001973;546;ashley;nicole;rouse;30;f;w;knightdale;aragon;1301;27545;va
A;G001080;547;kara;ann;williams;24;f;w;mount pleasant;brackenberry;112;28124;nc
A;G003363;548;michelle;;kelly;31;f;u;durham;chapel hill;2920;27707;
A;G001596;549;carla;lois;van zandt;64;f;w;hickory;2nd;2220;28601;tx
A;G003575;550;leah;darlene;epling;41;f;w;winston salem;turtle rock;1023;27104;ca
A;G003192;551;grant;thomas;cruise;38;m;w;durham;otters;15;27712;nc
A;G006473;552;tracey;clayton;barker;53;m;w;goldsboro;us 13;3658;27530;nc
A;G001698;553;anna;scarlett;meade;22;f;w;hickory;5th av;1072;28601;nc
A;G004950;554;jessica;elizabeth;hartman;33;f;w;charlotte;martin luther king jr;355;28202;pa
A;G004750;555;daniel;david;jones;48;m;w;monroe;silver run;2401;28110;tx
A;G006008;556;blake;garon;salmons;36;m;w;randleman;windsor place;320;27317;nc
A;G003549;557;jarrod;tanner;may;40;m;w;winston salem;bethany trace;2049;27127;va
A;G000062;558;jennifer;clayton;virginia;45;f;w;hurdle mills;hawkins;2206;27541;nc
A;G002964;559;mericul;leshall;moore;31;f;b;raleigh;magellan;5704;27612;in
A;G003096;560;jonathan;;granger;24;m;b;durham;fayetteville;2112;27707;nc
A;G003902;561;diana;candell;kostigen;48;f;w;morrisville;grace park;2301;27560;ca
A;G003691;562;denise;arnette;mathews;55;f;b;winston salem;janita;1522;27127;ok
A;G004250;563;mary;alice;cruz;56;f;w;clayton;averasboro;306;27520;nj
A;G005243;564;ana;lynne;townsend;34;f;w;raleigh;townesbury;4606;27612;nc
A;G004263;565;liliana;zuniga;contreras;24;f;o;kenly;glendale;5311;27542;nc
A;G005526;566;julian;elijah;morris;23;m;b;apex;chimney hill;1217;27502;ca
A;G001546;567;michelle;clark;helton;27;f;w;pelham;lake;318;27311;nc
A;G006121;568;robyn;brown;medina;55;f;w;salisbury;settlers grove;162;28146;nc
A;G001708;569;michael;eugene;beck;48;m;w;charlotte;scott gate;10318;28277;mi
A;G005812;570;kyree;;jackson;27;m;b;rocky point;fennell town;1762;28457;nc
A;G000712;571;ellen;beth;richard;58;f;w;asheville;springwood;55;28805;ca
A;G001198;572;amanda;nicole;baldwin;27;f;w;rockwell;cardinal;117;28138;oc
A;G005523;573;megan;paige;turner;26;f;w;greenville;6th;1805;27858;nc
A;G000226;574;doris;curl;tillman;88;f;w;graham;lindley mill;7622;27253;nc
A;G003361;575;irene;m;watkins;64;f;u;durham;cottondale;4601;27703;
A;G003064;576;si yang;;miao;29;m;a;chapel hill;spring meadow;3201;27517;oc
A;G003232;577;laura;marie;sheridan;22;u;u;;confidential;0;;nc
A;G003243;578;monique;;hall;53;f;b;chapel hill;pinegate;212;27514;nj
A;G003994;579;conrad;darnell;wilson;68;m;b;salisbury;independence;245;28147;nc
A;G002426;580;maya;janese;atkins;24;f;b;fayetteville;deep creek;805;28312;nc
A;G001529;581;heather;renae;janney;34;f;w;cedar grove;hurdle mills;2418;27231;mo
A;G005326;582;dorcas;;foy;69;m;o;zebulon;staghound;10764;27597;oc
A;G004798;583;kieran;joseph;kessler;50;m;w;charlotte;wilklee;10804;28277;ny
A;G006063;584;judy;marie;poole;54;f;b;reidsville;craddock;719;27320;nc
A;G004338;585;megan;haseley;guild;36;f;w;raleigh;dutchman;3445;27610;ny
A;G003639;586;lorraine;kathryn;mabe;64;f;w;winston salem;olivet church;2208;27106;pa
A;G002673;587;tommie;nelson;brittle;32;m;w;chapel hill;creel;109;27516;nc
A;G006013;588;travis;edward;suits;27;m;w;trinity;cedarberry;6527;27370;nc
A;G000264;589;gregory;trelle;stackhouse;48;m;b;leland;old fayetteville;150;28451;nc
A;G005003;590;timothy;allen;faugl;30;m;w;raleigh;avent;1041;27606;sc
A;G000742;591;vivian;anne;lutz;83;f;w;hendersonville;perseverance pathway;45;28739;mi
A;G005915;592;caitlin;;humes;33;f;w;greenville;summit;112;27858;
A;G000427;593;sandra;june;becker;70;f;w;leland;guyton;3433;28451;wi
A;G000560;594;patricia;ann;obrien;53;f;w;weaverville;union chapel;21;28787;ga
A;G000421;595;richard;george;dolan;63;m;w;leland;oak;120;28451;wv
A;G000588;596;lydia;lynn;manhold;44;f;w;marshall;robert s hill;298;28753;ca
A;G004745;597;michelle;loretta;fox;44;f;w;charlotte;pineburr;6405;28211;pa
A;G001812;598;marsha;hayes;henthorn;73;f;w;cary;beckingham;213;27519;nc
A;G001672;599;juliet;sharon;armold;80;f;w;lincolnton;hillside;149;28092;mi
A;G001861;600;jamie;lynn;hackett;41;f;w;elizabeth city;county;2008;27909;la
A;G002199;601;cleva;mae;blue;81;f;b;fayetteville;partners;246;28314;nc
A;G002119;602;alyson;courtney;beavers;32;f;w;cameron;fernandez;258;28326;nc
A;G005069;603;alexandra;victoria;belk;35;f;w;charlotte;lisa;7541;28215;nc
A;G000961;604;haylea;nicole;workman;26;f;w;boone;margo;373;28607;nc
A;G001968;605;lori;foronda;gaskin;51;f;m;tabor city;forest;31;28463;hi
A;G002363;606;lakisha;monique;hearon;34;f;b;fayetteville;devoe;607;28314;
A;G005893;607;amanda;lee;senatore;36;f;w;winterville;chatham;2741;28590;md
A;G005534;608;roger;o;strong;85;m;u;wilmington;arbor oaks;7132;28411;nh
A;G001251;609;jennifer;neubacher;rogers;45;f;w;salisbury;partridge;170;28147;oh
A;G006401;610;reginald;;howard;46;m;b;morrisville;old savannah;141;27560;nc
A;G006255;611;bryan;edward;stover;49;m;w;waxhaw;bent creek;8505;28173;nj
A;G001292;612;rondel;lamon;epps;35;m;b;concord;crown point;613;28027;ok
A;G004508;613;brian;thomas;parry;45;m;w;stanley;oxford bluff;7355;28164;nc
A;G003394;614;james;gray;griffin;33;m;w;pinetops;jocelyn;67;27864;nc
A;G006202;615;marty;andrews;cave;33;m;w;state road;gramar;375;28676;nc
A;G002868;616;jason;jamier;bethea;31;m;b;raleigh;lynnberry;10017;27617;sc
A;G005933;617;adam;garrett;thompson;31;m;w;holly springs;sturminster;301;27540;fl
A;G001141;618;patricia;pryor;buck;71;f;b;charlotte;caldwell ridge;4207;28213;va
A;G006189;619;riley;wade;shaw;21;m;w;king;robertson ridge;1770;27021;va
A;G000470;620;william;jeffrey;austin;29;m;w;vilas;tom brown;221;28692;nc
A;G004342;621;shannon;m;smith;38;f;w;raleigh;winding arbor;1211;27606;ny
A;G000989;622;william;dale;rice;34;m;w;kannapolis;freeze;8161;28081;nc
A;G002921;623;chazle;nashea;lassiter;28;f;b;durham;ravenstone;505;27703;nc
A;G003449;624;george;franklin;young;62;m;w;rocky mount;timberlane;317;27804;tx
A;G006684;625;ericka;elizabeth;arias;33;f;o;wilson;jayne;3609;27896;
A;G004529;626;wendy;rebecca;johnson;41;f;w;huntersville;rolling meadows;7536;28078;nc
A;G004704;627;garrett;patrick;clark;21;m;w;charlotte;wheat ridge;11525;28277;fl
A;G003058;628;david;morton;freedman;89;m;w;morrisville;jeremiah;11001;27560;ny
A;G003176;629;christina;margaret;nix;53;f;w;raleigh;wakespring;2201;27614;nj
A;G003950;630;julie;elizabeth;gourlay;30;f;w;wilmington;mako;5153;28409;sc
A;G005468;631;brittany;renee;stoots;27;f;w;boone;psi;186;28607;nc
A;G003740;632;james;edward;atha;75;m;w;raleigh;spring garden;1174;27603;ga
A;G005339;633;melinda;faye;perry;39;f;w;nashville;pleasant hollow;1907;27856;nc
A;G005913;634;william;frank;newman;57;m;o;greenville;courtney;14;27858;
A;G001744;635;elvin;;munn;63;m;b;sanford;hickory hill;3109;27330;nc
A;G003833;636;aaron;william;herbertson;25;m;w;sylva;us hwy 74;9059;28779;fl
A;G005632;637;lakesha;renee;edwards;29;f;m;jacksonville;meadowbrook;210;28546;nc
A;G005617;638;tyler;gregory;ludlum;23;m;w;seven springs;mark herring;1544;28578;nc
A;G005779;639;linda;hamlin;titus;72;f;w;greenville;hickory;100;27858;nc
A;G003707;640;jaquetta;sharice;turner;32;f;b;winston salem;plantation;5645;27105;ca
A;G005411;641;meghan;lynsi;smith;26;f;w;chapel hill;big meadows;107;27514;
A;G004708;642;brian;christopher;price;37;m;w;raleigh;pineland;156;27606;nj
A;G000524;643;carolyn;waldron;sheets;72;f;w;huntersville;sky vista;9818;28078;fl
A;G004262;644;hunter;obrien;smoak;20;u;w;knightdale;emerald common;1110;27545;
A;G004199;645;leslie;brook;faircloth;34;f;w;wilmington;bors;320;28403;
A;G005891;646;adonica;;scott;46;f;b;red springs;westgate;7;28377;ny
A;G004233;647;emily;amber;vandusen;37;f;w;garner;shady lawn;115;27529;ok
A;G003248;648;tonina;garvin;vaughan;52;f;b;durham;crossing;623;27703;nc
A;G000612;649;peter;schuyler;forfa;59;m;w;canton;skyline;55;28716;ny
A;G002831;650;henry;tyler;jones;55;m;w;hendersonville;whisperwood;109;28791;nc
A;G001480;651;james;willie;mcrae;50;m;b;fairmont;turkey branch;1527;28340;nc
A;G003514;652;robert;william;smith;34;m;w;greenville;hearthside;109;27834;nc
A;G001147;653;michael;;morici;44;m;w;harrisburg;annelise;4804;28075;ny
A;G002334;654;mark;joseph;wisniewski;56;m;w;spring lake;verlie;1407;28390;
A;G001028;655;andrew;thomas;hinsley;38;m;w;lillington;downing;46;27546;mi
A;G002279;656;jenny;leigh;barnett;21;f;w;hendersonville;morningside;103;28792;ga
A;G003364;657;tammy;shanee;hodge;33;f;b;morrisville;denali;107;27560;dc
A;G006155;658;micialea;sharda;terry;33;f;b;laurinburg;salley mcnair;21621;28352;
A;G001690;659;claude;stevenson;beam;53;m;w;cornelius;bailey;12570;28031;nc
A;G002653;660;reitzel;azer;ligon;80;m;w;lexington;gordon;221;27292;nc
A;G002133;661;daniel;wayne;rogers;44;m;w;parkton;glenn;3619;28371;nc
A;G000758;662;michael;eugene;elliott;65;m;w;arden;colony;144;28704;
A;G005117;663;alexander;ivan;krnic;38;m;w;waxhaw;nablus;3116;28173;ct
A;G001059;664;richard;alan;stanchek;43;m;w;concord;bay meadows;1564;28027;ny
A;G000505;665;laura;michelle;galloway;50;f;w;canton;pioneer ridge;286;28716;ga
A;G004533;666;curt;hall;peterson;67;m;w;marion;choctaw;165;28752;ma
A;G003374;667;melissa;a;mikell;53;f;b;winston salem;buick;452;27101;sc
A;G006286;668;shirley;jones;fuller;71;u;b;raleigh;calliope;2701;27616;nc
A;G001176;669;lance;steven;shinn;34;m;w;charlotte;hanberry;9613;28213;al
A;G004484;670;keenan;jerome;parks;44;m;b;grifton;brewer;5912;28530;ma
A;G001566;671;dana;kanipe;hoyle;49;f;w;newton;maple;1032;28658;
A;G005623;672;janette;marie;moore;51;f;w;raleigh;broomfield;7154;27615;nc
A;G005847;673;travis;earl;vaughan;25;m;w;raleigh;hunt club;105;27606;nc
A;G002125;674;phillip;hughes;collins;54;m;w;hope mills;connaly;625;28348;nc
A;G000544;675;caroline;elizabeth;odell;32;f;w;asheville;coley s;40;28806;nc
A;G000160;676;briana;paige;lefler;26;f;w;cedar grove;mill creek;4206;27231;nc
A;G004305;677;susan;;savage;80;f;w;raleigh;horton;3608;27607;il
A;G005460;678;tina;inman;hood;30;f;w;raleigh;nazareth;621;27606;nc
A;G000856;679;rhett;churchill;mays;39;m;w;asheville;watauga;20;28801;ar
A;G005666;680;alexander;renzo;sereno;33;m;w;carrboro;simpson;213;27510;nc
A;G005725;681;darryl;;locklear;34;u;u;chapel hill;hamilton;91;27517;
A;G000537;682;maggie;canipe;smith;59;f;w;conover;stafford;1440;28613;nc
A;G002565;683;kate;chere;belvin;25;f;w;thomasville;biggs;404;27360;nc
A;G005458;684;sandra;lynn;dick;40;f;w;castle hayne;larry ann;5;28429;ny
A;G006346;685;chon;oneil;eason;50;m;b;garner;lane of tristram;213;27529;nc
A;G001220;686;jody;phillip;barbee;43;m;w;mount pleasant;lorelei;1876;28124;nc
A;G003811;687;timothy;lee;johnson;64;m;b;sanford;farrell;235;27330;nc
A;G002587;688;penny;gail;bare;49;f;w;lexington;hallmark;103;27292;nc
A;G005048;689;ricardo;;morales;47;m;o;monroe;nottingham;2737;28110;ny
A;G003396;690;yvonne;dew;foushee;64;f;b;whitakers;ward;11258;27891;nc
A;G005631;691;timothy;daniel;brault;37;m;w;jacksonville;holly shelter;577;28540;ma
A;G006101;692;clifton;alden;early;27;m;w;aulander;pine;301;27805;nc
A;G004260;693;martha;;perry;62;f;b;benson;shade tree;571;27504;va
A;G003587;694;delana;lynne;harvick;45;f;w;charlotte;bent branch;1917;28226;nc
A;G000551;695;terry;lee;houser;53;m;w;surf city;topsail;1203;28445;nc
A;G000991;696;mildred;mack;ellis;89;f;b;salisbury;joe lewis;130;28146;nc
A;G003002;697;jenni;arlene;rasnake;40;f;w;durham;southpoint crossing;613;27713;tn
A;G004447;698;dawn;sugg;cromer;46;f;w;kinston;buckingham;2722;28504;nc
A;G004953;699;roland;theophilus;barnes;65;m;b;cary;high pine;103;27513;oc
A;G002267;700;tammy;lynn;stewart;51;f;w;fayetteville;lull water;2466;28306;
A;G003210;701;keisha;;underdue;49;f;b;raleigh;pomegranate;3213;27616;nj
A;G001597;702;danny;odell;whitfield;46;m;w;sugar grove;john t;171;28679;tx
A;G004319;703;blair;alexandria;jordan;36;f;b;garner;kaspurr;137;27529;nj
A;G003346;704;lois;marie;hamm;50;f;w;durham;sherwood;1021;27705;nc
A;G000815;705;christin;lea;riddle;33;f;w;weaverville;locust grove;234;28787;nc
A;G000020;706;carol;fiske;gates;66;f;w;hickory;kings;1476;28602;vt
A;G002744;707;tera;lewis;shaw;39;u;w;jefferson;don bare;1328;28640;nc
A;G000952;708;dakota;william;effler;24;m;w;morganton;willow run;121;28655;nc
A;G004657;709;mark;anderson;taylor;49;m;w;monroe;carroll;2526;28110;
A;G005572;710;kennisha;leanna;patterson;29;f;b;seaboard;king;400;27876;nc
A;G001665;711;dana;alisha;hawkins;48;f;w;sherrills ford;berne;2590;28673;ny
A;G000167;712;adriene;hagan;murphy;44;f;b;morrisville;star magnolia;224;27560;ms
A;G004763;713;susan;ann;dowd;62;f;w;matthews;hammond;1509;28104;nj
A;G003624;714;ashley;ormand;thrift;72;m;w;lake lure;snug harbor;304;28746;nc
A;G000701;715;jennifer;ruth;biggs;29;f;w;asheville;deaver;74;28806;nc
A;G000304;716;jerry;paul;fowler;64;m;w;oak island;74th;128;28465;nc
A;G004420;717;roland;joseph;berube;83;m;w;seven lakes;berwick;101;27376;me
A;G000526;718;jesseca;mae;randall;32;f;w;hubert;quail creek;125;28539;sc
A;G003910;719;courtney;renee;jones;36;f;w;murfreesboro;benthall bridge;543;27855;nc
A;G000323;720;elizabeth;sheehan;zwolinski;68;f;w;wilmington;cavalier;124;28403;ct
A;G002708;721;brittany;michelle;bundy;24;f;w;lexington;nc highway 109;11578;27292;nc
A;G002390;722;cyrus;;suiter;56;m;b;margarettsville;high bridge;2179;27853;nc
A;G001412;723;david;brian;dunlow;49;m;w;vanceboro;buck;4211;28586;va
A;G002886;724;peter;artur;mcdaniel;47;m;w;durham;larchmont;4225;27707;va
A;G000632;725;cathleen;forester;rosenfeldt;57;f;w;asheville;foxfire;15;28803;nc
A;G003317;726;gregory;michael;walter;35;m;w;durham;broomstraw;4405;27704;mt
A;G001917;727;sandra;barger;todd;70;f;w;fayetteville;lainey;3421;28314;tn
A;G002879;728;donna;e;hales;66;f;w;durham;dial;1805;27713;nc
A;G002475;729;michelle;woodell;oxendine;45;f;i;poplar branch;caroon;161;27965;nc
A;G001574;730;shiu hui;;chuang;31;f;a;chapel hill;union grove church;8609;27516;oc
A;G002289;731;joesph;john;kucan;43;m;w;durham;newhall;6016;27713;
A;G003985;732;ruth;shores;denton;67;f;w;forest city;firethorne;149;28043;tn
A;G005033;733;lauren;graham;kaczmarski;33;f;w;waxhaw;verrazano;5505;28173;nc
A;G003106;734;elizabeth;kendall;weaver;22;f;w;salisbury;riverwalk;729;28146;nc
A;G001107;735;james;branson;heishman;63;m;w;gold hill;bridlewood;399;28071;va
A;G002642;736;april;dawn;brown;33;f;w;thomasville;holly grove;8159;27360;nc
A;G002539;737;jean;ray;wong;54;f;w;huntersville;three greens;332;28078;oh
A;G002373;738;anthony;david;mendez;32;m;o;raeford;castle creek;236;28376;oc
A;G001644;739;nita;claire;hames;34;f;w;statesville;turnersburg;1373;28625;nc
A;G004315;740;nicholas;cevaston;massey;34;m;w;elizabeth city;bonney;109;27909;nc
A;G005763;741;christina;berry;baker;34;f;w;washington;jimmy;211;27889;nc
A;G002584;742;kimberly;leonard;flippen;58;f;w;denton;potters;303;27239;nc
A;G001437;743;joan;elizabeth;bank;72;f;w;morehead city;35th;804;28557;mn
A;G005142;744;deborah;ann;fisher;36;f;w;charlotte;arista;7122;28214;md
A;G004281;745;rodney;neil;harris;53;u;u;zebulon;old eason;506;27597;nc
A;G004610;746;shirli;joyce;howell;50;f;w;newland;braswell;182;28657;ca
A;G002512;747;mildred;lane;carlisle;96;f;w;jacksonville;raintree;161;28540;va
A;G003456;748;kimberly;andrews;johnson;45;f;m;tarboro;nc 42;7986;27886;nc
A;G002225;749;amanda;may;young;31;f;w;wake forest;golden star;1045;27587;pa
A;G001183;750;bipin;ratilal;parekh;73;m;o;concord;barley;4290;28027;
A;G002461;751;regina;mullen;lee;51;f;b;powells point;wild geese;131;27966;nc
A;G000688;752;dawn;marie;kochevar;26;f;w;asheville;hiawassee;37;28801;
A;G001623;753;william;bryan;lentz;41;m;w;boone;parkcrest;245;28607;nc
A;G002489;754;lioubov;a;wescott;58;f;w;wake forest;moultonboro;621;27587;oc
A;G005956;755;kristin;leigh;phillips;44;f;w;sophia;flint hill;7615;27350;nc
A;G003203;756;huiman;xie;barnhart;53;f;a;chapel hill;kensington;631;27514;oc
A;G006498;757;laura;ann;carathanasis;54;f;w;cary;mclean;100;27513;nj
A;G002462;758;sally;carnahan;wagner;58;f;w;kill devil hills;cambridge;1108;27948;pa
A;G004276;759;mary;kathleen;fleming;63;f;w;selma;lynch;476;27576;nc
A;G000566;760;michael;benjamin;boyd;33;m;w;asheville;shorewood;55;28804;nc
A;G001288;761;christina;marie;greenlaw;54;f;w;concord;old airport;117;28025;ca
A;G001983;762;christina;charnetta;small;28;f;b;raleigh;burtons barn;3738;27610;nc
A;G003015;763;richard;darrius;thompson;33;m;b;durham;brier crossings;813;27703;nc
A;G003184;764;mattie;;arnold;88;f;b;durham;corona;901;27707;va
A;G006134;765;evelyn;ann;polly;52;f;w;bostic;depriest;1561;28018;nc
A;G003157;766;samuel;andrew michael;duncan;30;m;w;raleigh;berry crest;7768;27617;ny
A;G003402;767;veronica;summrell;hill;51;f;b;rocky mount;cascade;617;27803;nc
A;G001231;768;meredith;graham;robb;32;f;w;chapel hill;umstead;500;27516;nc
A;G005498;769;sarah;kathryn;harris;26;f;w;washington;leigh;102;27889;nc
A;G005821;770;wesley;c;miles;35;m;w;raleigh;wolftech;2130;27603;il
A;G005024;771;robert;;silva;50;m;u;charlotte;willow bend;10402;28210;
A;G004132;772;christine;emma;lossiah;69;f;w;whittier;herron branch;1312;28789;oh
A;G005313;773;leah;kristin;beers;21;f;w;pinehurst;troy;1;28374;ny
A;G001842;774;cynthia;beaver;herndon;59;f;w;hickory;hughes;470;28601;oc
A;G003436;775;joice;ann;tabron;58;f;b;tarboro;baker;414;27886;nc
A;G005444;776;rebecca;dubay;thompson;54;f;w;wilmington;blue tick;1611;28411;me
A;G005635;777;alyssa;jean;rochelle;28;f;w;greenville;locksley woods;2207;27858;nc
A;G005371;778;hugh;timothy;brinn;34;m;w;rocky mount;acorn ridge;1803;27804;tx
A;G001216;779;anthony;joseph;prieto;28;m;o;charlotte;balancing rock;7403;28262;fl
A;G002260;780;darnell;thomas;brown;29;m;b;hampstead;union bethel;856;28443;nc
A;G005450;781;david;thomas;brown;51;m;u;wilmington;myrtle grove;7410;28409;
A;G000286;782;john;barton;felts;33;m;w;wilmington;wilshire;4230;28403;tx
A;G005464;783;julia;versteeg;bice;45;f;w;wilmington;amber;3709;28409;co
A;G006185;784;robert;thomas;jones;41;m;w;yadkinville;wilson;105;27055;nc
A;G005334;785;jackson;powell;russell;25;m;w;rocky mount;whitby;120;27804;nc
A;G005882;786;margaret;scott;djernes;23;f;w;greenville;10th;3535;27858;
A;G003754;787;adan;rico;muniz;47;m;o;sanford;mallard cove;2620;27330;oc
A;G003750;788;justin;aric;basham;37;m;w;fuquay varina;avery spence;449;27526;tx
A;G003939;789;jordan;michael;andrews;30;m;w;monroe;deer track;3224;28110;fl
A;G004485;790;benjamin;franklin;bruton;47;m;b;kinston;capitola;112;28501;nj
A;G002355;791;eric;devone;sanders;32;m;b;clinton;crumpler lake;60;28328;nc
A;G002793;792;othoniel;;cruz rondon;37;m;u;boonville;charity ch;1444;27011;pr
A;G002544;793;maggie;suzanne;rumley;28;f;w;archdale;huff;4228;27263;nc
A;G000250;794;douglas;james;siler;53;m;w;shallotte;boone;4388;28470;mi
A;G001894;795;hanna;mackenzie;bales;24;f;w;cherryville;sador;130;28021;
A;G001085;796;jennifer;faith;lane;43;f;w;charlotte;pimpernel;2313;28213;pa
A;G001967;797;raymond;mcarthur;hill;75;m;w;chadbourn;peacock;12100;28431;nc
A;G006011;798;sierra;dawn;kearns;21;u;u;raleigh;wolf park;6108;27606;
A;G003506;799;erick;fernando;balseca;30;m;u;raleigh;collegeview;1611;27606;nj
A;G004637;800;corinne;veronica;lorenz;53;f;w;matthews;cedar chase;2832;28105;il
A;G004048;801;john;locke;milholland;71;m;w;statesville;green;130;28677;al
A;G002500;802;daniel;armando;garcia colon;21;m;o;manteo;hammock;44;27954;oc
A;G001007;803;bria;shanette;mosby;25;f;b;concord;hydrangea;726;28027;ny
A;G004525;804;david;leon;moliis;76;m;w;denver;graham point;8870;28037;ca
A;G000522;805;robert;joseph;worrell;43;m;w;candler;conard;55;28715;nc
A;G000439;806;barbara;dillard;rogers;79;f;u;oak island;beach;6901;28465;sc
A;G001255;807;kenneth;matthew;griffin;32;m;w;concord;archibald;380;28025;nc
A;G001043;808;monica;josephine;grant;83;f;b;charlotte;veckman;6035;28269;oc
A;G000653;809;thomas;edward;dillard;88;m;w;asheville;bevlyn;17;28803;
A;G001495;810;jennifer;ann weaver;duff;30;f;w;morehead city;mayberry loop;2202;28557;nc
A;G005749;811;cougar;lee;caroon;27;m;w;greenville;horseshoe;306;27834;wa
A;G003861;812;jimmy;lewis;burgess;48;m;b;charlotte;anderson;1708;28205;nc
A;G002911;813;christopher;charles;martin;37;m;w;durham;north creek;1034;27707;mi
A;G006691;814;hannah;marie;boles;30;f;w;yadkinville;snider;3001;27055;nc
A;G006264;815;tara;kathleen;brelinsky;47;f;m;zebulon;nc 39;2425;27597;nj
A;G003908;816;leslie;jerome;howington;51;m;b;ahoskie;boone farm;413;27910;nc
A;G000897;817;megan;marie;suber;30;f;w;cornelius;ogden cove;21532;28031;nc
A;G001764;818;j;david;henry;66;m;w;pittsboro;hudson woods;281;27312;va
A;G006655;819;brittany;nichole;lawrence;27;f;w;lucama;wheat swamp;7641;27851;nc
A;G004014;820;vicky;elaine;connelly;48;f;w;salisbury;briggs;2380;28147;nc
A;G003387;821;jameka;j;battle;37;f;b;rocky mount;windsor;1804;27801;nc
A;G005660;822;avery;alden;earwood;46;m;w;rougemont;berea;1715;27572;tx
A;G000920;823;katlin;paige;canipe;25;f;w;morganton;lost corner;100;28655;nc
A;G001710;824;laura;hardman;irvin;67;f;w;chapel hill;butternut;104;27514;sc
A;G001717;825;joseph;malcolm;dunn;70;m;b;pittsboro;woodbury;578;27312;va
A;G000231;826;thomas;joseph;patterson;75;m;w;elizabeth city;adelaide;100;27909;in
A;G001771;827;marian;beth;powell;41;f;w;chapel hill;franklin;1513;27514;wv
A;G003050;828;martin;alan;mattson;42;m;w;morrisville;arringdon park;5710;27560;la
A;G002178;829;andrew;richard;distell;22;m;w;durham;duke university west campus;1;27708;fl
A;G006108;830;charlena;marie;herron;30;f;w;salisbury;mountain view;275;28147;nc
A;G004857;831;brian;d;mobley;52;m;w;charlotte;persimmon creek;11100;28227;ar
A;G005433;832;richard;james;lynch;96;m;w;wilmington;blue heron;8117;28411;nj
A;G000507;833;jeffrey;warren;lavoie;41;m;u;weaverville;hillside;45;28787;ny
A;G004701;834;kerry;ann;cunniff;56;f;w;monroe;kingstree;1919;28112;ma
A;G000690;835;angel;myria;hensley;18;f;w;asheville;concord;117;28803;
A;G002636;836;ollie;denise;williams;54;f;b;lexington;pennington;328;27292;
A;G004866;837;joanna;walker;holder;42;f;w;matthews;new towne;9334;28105;tx
A;G002855;838;mowafag;awad;abdalla;55;m;b;durham;morreene;700;27705;oc
A;G001845;839;darius;alexander;byers;38;m;w;statesville;hedrick;618;28677;nc
A;G000046;840;judith;eleanor;filbey;72;f;w;gibsonville;alyssa;105;27249;ny
A;G006432;841;sondra;favor;shepley;36;f;w;apex;checker;109;27502;pa
A;G003293;842;john;patrick;parker;77;m;w;chapel hill;abernathy;51;27517;wv
A;G003085;843;gerri;marcia;harris;41;f;b;wilmington;darlington;425;28403;va
A;G006021;844;kathryn;lynn;ashton;32;f;w;rockingham;oakdale;102;28379;wv
A;G000733;845;michael;andrew;mahoney;39;m;w;hillsborough;calvert;504;27278;ky
A;G006450;846;chianti;sheantrease;williams;39;f;b;raleigh;wayne;5414;27606;fl
A;G001746;847;dale;randall;zuckert;48;m;w;pittsboro;persimmon hill;107;27312;or
A;G004085;848;randel;l;rutledge;53;m;w;mooresville;fieldstone;406;28115;ks
A;G003079;849;kari;laurel;breed;39;f;w;garner;glen creek;5029;27529;tx
A;G000648;850;maria;;muscarella;44;f;w;chapel hill;peeler creek;4205;27516;nh
A;G003761;851;robert;lee;pearson;50;m;b;dunn;jupiter;113;28334;nc
A;G003450;852;douglas;jonathan;flinn;43;m;w;raleigh;dahlgreen;2512;27615;pa
A;G003256;853;elijah;lee;dixon;41;m;b;durham;sugar pine;3200;27713;mi
A;G001149;854;joshua;adam;rollins;33;m;w;charlotte;founders club;7104;28269;nc
A;G004929;855;danny;lee;eakle;49;m;w;charlotte;south;1100;28203;wv
A;G003771;856;latifah;arnice;mcdougald;28;f;b;spring lake;betty;28;28390;nc
A;G003571;857;james;evan;hughes;22;m;w;charlotte;windward;13416;28278;wv
A;G004223;858;antione;depric;berry;35;m;b;clayton;hillcrest;116;27520;md
A;G001441;859;ruth;brainard;matthews;69;f;w;swansboro;creekside woods;14;28584;nc
A;G000396;860;melinda;kay;edge;35;f;w;calabash;south crow creek;395;28467;md
A;G005249;861;jennifer;brown;christy;57;f;w;china grove;shue;406;28023;
A;G003048;862;william;joseph;stager;71;m;w;chapel hill;forest glen;29;27517;oh
A;G005769;863;julia;ann;graves;43;f;b;greenville;manhattan;207;27834;ny
A;G004997;864;aubrey;jonrichard;elam;20;m;w;boone;pine;305;28607;nc
A;G000926;865;amanda;louise;evans;34;f;w;hickory;9th;437;28602;wv
A;G005248;866;colleen;suzzanne;clark;54;f;w;midland;mattie;12408;28107;in
A;G005732;867;charles;eugene;nurmi;39;m;w;chapel hill;ukiah;208;27514;co
A;G004387;868;sonya;marlynn;brooker;53;f;w;trenton;briar patch;154;28585;ca
A;G004495;869;kathy;;keller;59;f;w;denver;golf course;7515;28037;nc
A;G004053;870;rebecca;jo;kaplan;31;f;o;charlotte;wendover;748;28211;oc
A;G002978;871;alexis;sierra;walker;23;f;b;durham;snow hill;1100;27712;nc
A;G001618;872;aaron;tanner;mundy;27;m;w;maiden;oak valley;2474;28650;nc
A;G006581;873;archie;delmer;king;67;m;w;littleton;cedar pointe;128;27850;nc
A;G002453;874;linda;margaret;giesecke;67;f;w;clayton;cotton gin;3598;27527;ny
A;G004811;875;pierre;laclay melvin;adams;35;m;b;elizabethtown;sand pit;76;28337;nc
A;G003577;876;joseph;e;layton;80;m;w;king;marshall smith;2066;27021;nc
A;G005026;877;carrie;leigh rodman;brondyke;41;f;w;waxhaw;methodist church;3722;28173;il
A;G001154;878;todd;lee;drye;34;m;w;whitakers;bellamy mill;14068;27891;nc
A;G002044;879;christopher;j;maroules;63;m;w;new bern;brices creek;1508;28562;
A;G003414;880;donald;ray;harrison;52;m;b;rocky mount;arlington;153;27801;nc
A;G005200;881;kathleen;megan;fleming;35;f;w;charlotte;buckingham;4807;28209;fl
A;G002031;882;tonja;foye;staton;49;f;b;new bern;ashley;108;28562;nc
A;G000859;883;olivia;;vanderelzen;28;f;w;marshall;anderson oaks;81;28753;
A;G003263;884;michele;lea;dew;45;f;w;durham;sherbon;3201;27707;oh
A;G001713;885;william;daniel;crocker;41;m;w;apex;churchill falls;5006;27539;nc
A;G004982;886;joseph;carthell;burkett;62;m;w;charlotte;quail ridge;5108;28227;nc
A;G002850;887;william;mark;hodan;46;m;w;durham;waterford valley;4301;27713;mi
A;G002631;888;talise;monet;fulmore;29;f;b;durham;meadowcrest;18;27703;nc
A;G004429;889;marlene;robbins;walsh;80;f;w;carthage;mcneill;820;28327;ny
A;G000586;890;matthew;erik;silver;23;m;w;cullowhee;central;554;28723;co
A;G005397;891;nicholas;gregory;gianoplus;20;u;u;raleigh;hillsborough;1301;27605;
A;G004341;892;gay;belinda;grandison;48;f;b;raleigh;elmwood view;2612;27614;oh
A;G000983;893;joseph;emido;strefezza;42;m;w;charlotte;prindle lake;7736;28227;ny
A;G006460;894;rocco;steven;strazzella;44;m;w;cary;bordeaux;304;27511;nj
A;G003853;895;james;eddie;brooks;69;m;w;balsam;hutchinson;287;28707;oh
A;G005652;896;chavarro;;floyd;41;m;u;raleigh;kedvale;2116;27617;
A;G000630;897;verba;stamey;brister;60;f;w;clyde;wild cherry;52;28721;nc
A;G004515;898;cynthia;marie;norman;50;f;w;denver;ashley;4676;28037;
A;G001098;899;robert;joseph;gibson;68;m;w;concord;storybook;9640;28027;nj
A;G002590;900;terri;spencer;henderson;56;f;w;new london;nc highway 49;2057;28127;va
A;G003398;901;brenda;j;stokes;60;f;b;rocky mount;travis;1904;27804;nc
A;G001956;902;angela;denise;legette;59;f;b;fayetteville;apache;220;28303;ny
A;G000784;903;john;david;patterson;46;m;w;alexander;white thorn;53;28701;oh
A;G000569;904;apryl;turner;frady;38;f;w;asheville;clubhouse;10;28803;nc
A;G005378;905;donnie;eugene;clark;44;m;w;battleboro;wollett mill;4617;27809;nc
A;G005274;906;cassandra;lashawn;williams;38;f;b;goldsboro;us 13;3548;27534;nc
A;G003324;907;julius;antonio;stokes;42;m;b;durham;newby;4524;27704;nc
A;G004093;908;chantel;elaine;akers;31;f;b;wingate;main;205;28174;nc
A;G003075;909;ruth;elizabeth;jaworski;45;f;w;cary;new rail;403;27513;nc
A;G002138;910;rae;n;welsh;74;f;w;fayetteville;clarendon;906;28305;nc
A;G000092;911;jerry;nolan;thomas;75;m;w;burlington;barham;1123;27215;nc
A;G001341;912;megan;courtney;deal;27;f;w;granite falls;westwood;5408;28630;
A;G004110;913;lori;lynn;caffey;49;f;w;west jefferson;old obids;714;28694;pa
A;G004781;914;thomas;j;reese;75;m;w;charlotte;oakmeade;2607;28270;pa
A;G000428;915;margaret;mary;isbell;55;f;w;leland;lincoln place;101;28451;mi
A;G002104;916;laurie;;howard;21;u;u;raleigh;bothwell;9321;27617;
A;G002224;917;lester;leroy;marois;66;m;w;raleigh;waterford club;4811;27612;oh
A;G004253;918;kathleen;margaret;capps;63;f;w;princeton;rains mill;1391;27569;vt
A;G005247;919;undre;dajuan;ross;45;m;b;reidsville;lawndale;806;27320;nj
A;G001285;920;timothy;scott;woody;40;m;w;stanfield;party;9622;28163;nc
A;G005222;921;jason;stuart;lubeznik;33;m;w;boone;eggers dorm;0;28608;va
A;G000097;922;mandrell;edward;davis;28;m;b;burlington;graham;921;27217;nc
A;G005394;923;marcus;weston;dellinger;23;m;w;matthews;stirrup;7111;28104;nc
A;G002965;924;crystal;;hunter;31;f;b;durham;slateworth;1000;27703;va
A;G005230;925;anita;sue;brandau;51;f;i;waxhaw;shaker pond;8015;28173;
A;G003235;926;elisabeth;kiser;jones;38;f;w;holly springs;wanderview;601;27540;nc
A;G001460;927;areial;gayle;arnold;26;f;w;salisbury;pickler;255;28144;nc
A;G002229;928;juliet;lopez;mayoras;52;f;w;fayetteville;mirror lake;2425;28303;ca
A;G004570;929;aleesa;joyner;jones;26;f;w;jamesville;lee holliday;1635;27846;nc
A;G003899;930;nicole;walker;parker;40;f;w;brevard;sega;32;28712;la
A;G003676;931;rusty;lee;west;32;m;w;kernersville;stanley farm;121;27284;nc
A;G002806;932;amy;campbell;parsons;54;f;w;pinehurst;sawmill;20;28374;dc
A;G002447;933;chet;heath;steen;45;m;w;wilmington;winter moss;2118;28411;fl
A;G004593;934;abby;michelle;brown;25;f;w;winterville;winterfield;888;28590;nc
A;G001749;935;molly;colleen;luby;44;f;w;sanford;woody dam;947;27330;
A;G005377;936;kenneth;douglas;davidson;51;m;w;sims;old smithfield;15821;27880;ga
A;G000219;937;bobby;ray;horne;67;m;b;burlington;sherry;22;27215;nc
A;G005439;938;phyllis;thompson;yow;70;f;w;norwood;south stanly school;33563;28128;nc
A;G006209;939;tommy;jackson;rucker;63;m;w;elkin;elk court;150;28621;nc
A;G001033;940;patricia;ann;radney;60;f;w;norwood;pee dee;444;28128;la
A;G003267;941;daun;jvon;brown;37;f;b;raleigh;orwin manor;10805;27617;va
A;G003886;942;david;leroy;smith;79;m;w;salisbury;stafford estates;267;28146;me
A;G001666;943;margaret;louise;mills;41;f;w;mocksville;wandering;166;27028;ma
A;G004072;944;marcus;ashton;washington;45;m;b;clinton;challenge club;98;28328;mi
A;G004159;945;david;jonathan;tear;39;m;w;raleigh;kennington park;14113;27614;mi
A;G004061;946;david;scott;adams;65;m;w;davidson;robert walker;13267;28036;oh
A;G004853;947;patricia;sue;zahn;61;f;w;matthews;blarney;956;28104;mi
A;G000731;948;debra;ann;gann;40;f;w;fletcher;matthews;7;28732;nc
A;G000287;949;wiley;truett;brooks;66;m;w;ocean isle beach;castlebrook;6453;28469;nc
A;G000094;950;rosemary;ann;lentzen;75;f;w;burlington;wade coble;3749;27215;nc
A;G001298;951;frank;charles;revels;68;m;w;harrisburg;piccadily;8613;28075;
A;G005018;952;ross;fuller;brigman;90;m;u;matthews;fox run;3816;28104;nc
A;G002954;953;susan;marie;mrache;62;f;w;durham;woodway club;1501;27713;mn
A;G002815;954;sherri;creel;king;33;f;w;deep run;tyndall williams;3135;28525;nc
A;G001022;955;peter;;carlyle;43;m;w;kannapolis;danlow;121;28081;me
A;G002157;956;marquita;shena;wells;38;f;b;fayetteville;cumberland creek;2520;28306;nc
A;G001249;957;barbara;pearson;glascoe;51;f;b;mt pleasant;finger;34927;28124;nc
A;G001310;958;andy;;elseman;35;m;w;huntersville;newstead;12509;28078;ia
A;G003336;959;rosemary;kavanagh;mclaughlin;66;f;w;durham;minuteman;8;27705;oc
A;G006085;960;kathryn;burleson;womble;37;f;w;morrisville;shining wire;959;27560;nc
A;G001699;961;tiffany;ann;hammonds;31;f;w;taylorsville;basin creek;28;28681;oh
A;G004368;962;james;herrill;bryan;35;m;w;four oaks;pine;416;27524;nc
A;G001037;963;jasmine;janay;rucker;29;f;b;kannapolis;akron;110;28081;nc
A;G006282;964;geneva;d;davis;88;f;b;henderson;parkview;230;27536;
A;G000561;965;jaslyn;tiara ilene;russell;32;f;b;black mountain;college;201;28711;nc
A;G001778;966;sean;michael;dillon;27;m;w;chapel hill;cedar lake;618;27516;pa
A;G004527;967;noah;ryan;cooper;19;m;w;asheboro;old liberty;1208;27203;nc
A;G004367;968;lisa;strum;allen;56;f;w;nashville;nc 58;7335;27856;va
A;G002977;969;jennifer;lenora;stutzman;37;f;w;raleigh;meredith anne;524;27606;ca
A;G001271;970;kyle;ian;hansen;32;m;w;charlotte;amberly;5904;28213;tx
A;G000932;971;david;lee;revis;67;m;w;morganton;bryant;475;28655;
A;G005722;972;robert;scott;mcclellan;60;m;w;cary;honeysuckle;200;27513;va
A;G004410;973;sherry;jalynn;mcdonald;50;f;w;sanford;morning star;421;27330;nc
A;G004892;974;salvatore;;laterra;97;m;w;pineville;dorman;12920;28134;ny
A;G005694;975;aqeelah;bint haneef;tarver;24;f;b;carrboro;bim;118;27510;ny
A;G000910;976;allison;elizabeth;joseph;26;f;w;hickory;paige;7365;28602;ny
A;G002910;977;stephanie;jane;tepper;24;f;u;chapel hill;mccauley;235;27516;
A;G005802;978;dustin;james;luton;31;m;w;elizabeth city;tuscarora;905;27909;nc
A;G004977;979;vanessa;blise;venning;50;f;b;charlotte;plum creek;10317;28210;ga
A;G003572;980;kimberly;ward;sturman;51;f;w;winston salem;old pfafftown;3540;27106;ut
A;G000197;981;machara;jo nae;street;19;f;b;graham;ivey;1087;27253;nc
A;G003855;982;thomas;alvin;butler;49;m;w;waynesville;crestmont;463;28786;nc
A;G004796;983;pleshatta;lanesse;miller;35;f;b;charlotte;19th;424;28206;
A;G002664;984;joseph;patrick;needles;54;m;w;thomasville;edgewood;519;27360;ca
A;G003377;985;john;herbert;carter;59;m;b;raleigh;krume;7315;27613;dc
A;G001221;986;jared;bruce;thompson;29;m;u;concord;falcon chase;4601;28027;al
A;G002672;987;jessica;elizabeth;hargett;26;f;w;mooresville;town;126;28117;nc
A;G003122;988;kent;robert;lytle;29;m;w;hillsborough;shady glen;6300;27278;ny
A;G002280;989;gabrielle;latricie;james;23;f;b;fayetteville;flanagan;2224;28304;wa
A;G003736;990;christopher;eugene;stewart;51;m;w;raleigh;virginia;3905;27610;nc
A;G003697;991;kristen;wooten;erdman;47;f;w;clemmons;ammons;1845;27012;wv
A;G002918;992;tamara;a;reichert;59;f;w;durham;newquay;2614;27705;oh
A;G006622;993;patrick;nolan;belk;46;u;w;boone;jesse brown;235;28607;
A;G005241;994;daniel;;everhart;32;m;w;charlotte;davidson;3310;28205;
A;G002232;995;juan;m;guzman;31;m;u;charlotte;kelden walker;5717;28269;
A;G001263;996;marjorie;ellen;weiland;61;f;w;concord;mark;1516;28025;nj
A;G003195;997;ivy;gould;fowler;59;f;w;durham;culpepper;304;27712;nj
A;G002935;998;quistina;cherrell;cheek;47;f;b;durham;main;2206;27703;nc
A;G000699;999;montoya;denise;maxwell;29;f;b;forest city;piney ridge;1496;28043;nc
A;G004927;1000;william;winston;bullock;55;m;w;charlotte;loch;2701;28226;nc
A;G002337;1001;joyce;cross;alford;73;f;b;fayetteville;graham;2520;28304;ms
A;G001346;1002;angela;lail;yi;46;f;w;hickory;14th av;1215;28601;nc
A;G002251;1003;sabrina;zabline;bennett;45;f;b;jackson springs;water oak;132;27281;nc
A;G000556;1004;matthew;adam;toms;33;m;w;asheville;north ridge;106;28804;nc
A;G002195;1005;andrea;ruth;tam;70;f;w;spring lake;wilderness;1209;28390;nc
A;G000377;1006;martin;bradford;comuzie;40;m;w;mebane;cummings;7507;27302;wv
A;G000860;1007;caitlin;marie;vorst;30;f;w;fairview;secretariat;311;28730;il
A;G001135;1008;kristina;leigh;holcomb;40;f;w;kannapolis;stratton;1974;28081;
A;G001012;1009;gordon;al;edwards;84;m;w;concord;branchview;240;28025;vi
A;G005451;1010;geraldine;teresa;rabaglia;67;f;w;wilmington;porters neck;813;28411;ny
A;G006150;1011;meredith;boyette;hill;33;f;w;raleigh;reedy ridge;8462;27613;nc
A;G006562;1012;michael;d;waters;47;m;w;holly springs;stone hedge;224;27540;ny
A;G004998;1013;stephanie;boatmaa;ntim;21;f;b;waxhaw;funny cide;1506;28173;
A;G001182;1014;sandra;susan;morici;47;f;w;charlotte;owen;1121;28213;ny
A;G000386;1015;river;matthew;granton;23;m;w;wilmington;covey;1605;28411;sc
A;G005604;1016;patricia;ann;duling;54;f;w;raleigh;winding bluffs;5027;27613;nj
A;G002115;1017;benjamin;scott;walther;37;m;w;fort bragg;grimes;108;28307;mn
A;G003782;1018;james;allen;grace;68;m;w;cameron;morganton;129;28326;ny
A;G000773;1019;billie;marie;lowery;70;f;w;weaverville;reeves;18;28787;ks
A;G000131;1020;david;s;sutter;57;m;w;advance;renee;130;27006;
A;G005239;1021;john;james;lanze;56;m;w;charlotte;fort;2541;28205;ny
A;G005029;1022;charles;eric;chandler;43;m;b;matthews;macraes;606;28104;ny
A;G000501;1023;brenda;l;wade;55;f;w;asheville;governors view;162;28805;
A;G000903;1024;jacquelyn;sue;price;60;f;w;huntersville;church;111;28078;ky
A;G005169;1025;robert;michael;wint;57;m;w;charlotte;kilberry;6705;28277;pa
A;G002154;1026;christopher;olodjuwan;bass;32;m;b;fayetteville;northumberland;409;28314;sc
A;G003237;1027;emily;jeanne;blanchard;30;f;w;durham;campus walk;2750;27705;oh
A;G001504;1028;katherine;victoria;barthel;20;f;w;greenville;jones hall;223;27858;
A;G000865;1029;harlan;roger;tallman;74;m;w;fletcher;carter crest;2;28732;wv
A;G002055;1030;kathryn;hopkins;benson;29;f;w;raleigh;terra verde;6311;27609;oh
A;G005233;1031;douglas;mclean;mcgarry;29;m;o;charlotte;doncaster;5310;28211;nc
A;G004187;1032;johnny;virl;hughes;49;m;w;raleigh;tawny view;1305;27603;ga
A;G005344;1033;aaron;lawrence;crisafulli;33;m;w;apex;riley oaks;109;27539;nc
A;G000755;1034;sarah;henry;wickers;39;f;w;candler;glady;10;28715;fl
A;G001561;1035;jessica;shan;perz;31;f;w;chapel hill;elderberry;201;27517;nc
A;G000981;1036;emogene;mitchell;butler;91;f;w;charlotte;asheby;7900;28213;nc
A;G001413;1037;matthew;vincent;delsignore;32;m;w;chapel hill;smith level;1629;27516;fl
A;G004311;1038;george;thomas;white;63;m;b;raleigh;beverly;706;27610;ms
A;G001127;1039;cheryl;anne;bowker;58;f;w;charlotte;east lake;10807;28215;
A;G002600;1040;kristi;carlin;shoaf;32;f;w;clemmons;mallard landing;309;27012;nc
A;G004108;1041;shana;elaine;walser;40;f;w;millers creek;boone trl;3270;28651;ny
A;G001651;1042;jerry;lee;eckard;70;m;w;lincolnton;poplar;308;28092;nc
A;G000994;1043;carlos;alberto;godinez;23;m;o;east spencer;spencer;110;28039;ca
A;G002425;1044;jeffery;keith;thomas;47;m;w;dunn;blackman;1847;28334;va
A;G000696;1045;ernest;charles;drake;60;u;u;arden;cranbrook;1109;28704;
A;G002093;1046;barry;hensley;hattaway;55;m;w;new bern;satterfield;411;28560;ga
A;G003890;1047;ellen;doolittle;maday;69;f;w;hendersonville;scarlet oak;205;28791;nj
A;G005565;1048;george;lundy;sadler;38;m;w;greenville;breezewood;101;27858;nc
A;G004975;1049;rajani;thellapalli;reddy;47;f;a;indian trail;elk;3704;28079;oc
A;G002118;1050;rashauna;lynique;bethea;32;f;b;fayetteville;skyline;1226;28314;nc
A;G004706;1051;nalinbhai;manilal;patel;51;m;o;elizabeth city;chancey;133;27909;oc
A;G004384;1052;teri;lynn;morris;42;f;w;trenton;nc hwy 41;1069;28585;va
A;G003151;1053;colin;andrew;lavigne;33;m;w;durham;pegram;13;27703;ia
A;G002820;1054;regina;diane;whaley;70;f;w;warsaw;dogwood;245;28398;nc
A;G002788;1055;garrett;;beck;20;m;w;mocksville;becktown;592;27028;
A;G001522;1056;rex;wayne;bowman;32;m;w;newport;pine grove;158;28570;hi
A;G002626;1057;darren;scott;rippy;51;m;w;clemmons;hampton;7302;27012;nc
A;G003225;1058;perry;marshall;jones;42;m;b;durham;haventree;1208;27713;oc
A;G002287;1059;brett;michael;gibbens;33;m;w;raleigh;trillium;1251;27606;il
A;G001534;1060;ernest;gilbert;anderson;61;m;w;yanceyville;court;166;27379;va
A;G004337;1061;michael;adam;dubinsky;32;m;w;raleigh;banks;500;27604;oc
A;G000121;1062;lloyd;r;gilliam;81;m;w;cary;livingstone;211;27513;nc
A;G004436;1063;brian;jon;reynolds;38;m;w;sanford;cross;208;27330;wa
A;G004588;1064;detrick;m;woolard;42;m;b;jamesville;nc highway 171;13677;27846;nc
A;G005594;1065;janel;lisa;tolar;35;f;w;jacksonville;dockside;174;28546;ny
A;G001484;1066;margie;grissett;tyndall;64;f;w;jacksonville;shenandoah;105;28546;nc
A;G000918;1067;shannon;dale;sigmon;43;m;w;conover;woodleaf;1836;28613;nc
A;G000695;1068;brenda;;frizzell;58;f;w;weaverville;ashleigh grove;28;28787;ky
A;G004748;1069;william;francis;bordsen;33;m;w;charlotte;coronado;4600;28212;in
A;G002258;1070;christina;marie;allen;40;f;w;raeford;lochwood;138;28376;oh
A;G004458;1071;shannon;f;foster;47;m;w;kinston;queen;1120;28501;nc
A;G001677;1072;david;mabry;legrand;33;m;w;shelby;hunter valley;1016;28150;nc
A;G006111;1073;dorothy;marie;campbell;56;f;b;salisbury;woodleaf;2205;28147;
A;G005709;1074;miranda;nicole;mcnear;27;f;b;apex;wellonsburg;1015;27502;in
A;G006621;1075;james;michael;vivona;33;m;w;north wilkesboro;baptist home;201;28659;nc
A;G005798;1076;christina;lizotte;daniel;42;f;w;elizabeth city;prince william;601;27909;ma
A;G000568;1077;leslie;helen;klein;34;f;w;charlotte;lions mane;11159;28273;nc
A;G000058;1078;tracy;lynn;mack;45;f;w;mebane;mebane airport;1055;27302;oh
A;G004839;1079;joel;david;nelson;35;m;w;charlotte;thompson;15513;28227;nc
A;G002440;1080;christopher;;bridgeman;40;m;b;raeford;lake ridge;388;28376;
A;G004897;1081;vernon;e;crawford;31;m;b;charlotte;elmwood;6408;28214;
A;G000749;1082;shawn;lee;wheeler;26;m;w;candler;audria;36;28715;fl
A;G005955;1083;tina;denise;hutchins;57;f;w;rutherfordton;j hutchins;131;28139;nc
A;G005463;1084;william;james;stanford;31;m;w;carrboro;robert hunt;201;27510;nc
A;G000189;1085;jesse;william;lawless;37;m;w;providence;foster;4728;27315;va
A;G002972;1086;nicholas;daniel;faber;39;m;w;durham;minuteman;8;27705;va
A;G003728;1087;lynne;hatch;wells;87;f;w;yadkinville;old us 421;3603;27055;me
A;G001177;1088;jamilah;teresa;dolaballie;33;f;m;kannapolis;mission oaks;1834;28083;nc
A;G004598;1089;sarah;marie;davis;26;f;w;marion;deacon;118;28752;nc
A;G001179;1090;kelli;nicole;christian;34;f;w;harrisburg;sweethaven;10682;28075;
A;G002059;1091;jonathan;clayton;simms;34;m;w;wilmington;park;5715;28403;pa
A;G003206;1092;jared;michael;gibson;31;m;b;durham;duke;1000;27701;nc
A;G005633;1093;marie;menz;king;102;f;w;jacksonville;gaitway;3118;28546;nd
A;G006531;1094;cody;josiah;chamberlain;24;m;w;cary;schubauer;100;27513;la
A;G001961;1095;emily;annett;smith;41;f;b;whiteville;lewis;410;28472;
A;G002155;1096;cosmos;james;williamson;58;m;u;raeford;windover;434;28376;
A;G003432;1097;tina;mills;armstrong;51;f;b;rocky mount;river run;267;27801;nc
A;G004667;1098;adrianne;kotras;leonardelli;44;f;w;charlotte;shadow grove;10911;28277;il
A;G002127;1099;haywood;;edge;71;m;b;charlotte;kiev;5318;28216;nc
A;G003426;1100;lucy;handsome;hinton;67;f;b;rocky mount;travis;2021;27804;
A;G002299;1101;sam;chandler;weaver;32;m;w;davidson;magnolia;333;28036;dc
A;G000750;1102;jeffrey;heber;coward;59;m;w;hendersonville;bumont;116;28739;nc
A;G004933;1103;alec;brandon;murphy;28;m;w;greenville;exchange;1920;27858;ny
A;G003241;1104;stella;;distefano;89;f;w;raleigh;donerail;10150;27617;ny
A;G002026;1105;joan;mary;arnath;75;f;w;raleigh;cashew;4229;27616;nj
A;G002510;1106;lisa;lamb;basnight;49;f;w;manns harbor;shipyard;7680;27953;nc
A;G002571;1107;randre;lequon;allen;32;m;b;archdale;west brook;1008;27263;sc
A;G003873;1108;victor;eugene;brogdon;48;m;w;mill spring;chimney rock;891;28756;sc
A;G002094;1109;maggie;may stewart;warren;34;f;w;new bern;trent woods;5107;28562;
A;G002589;1110;andrew;james;smith;32;m;w;china grove;moose;4350;28023;nc
A;G004439;1111;nakesha;cotton;williams;42;f;b;aberdeen;saratoga;4106;28315;nc
A;G005493;1112;kelly;holt;braun;34;f;w;wilmington;jackson;2148;28401;nc
A;G000182;1113;genie;rae;moore;24;f;w;burlington;carolina;2238;27217;nc
A;G002998;1114;galen;lashaun;elliott;37;m;a;charlotte;village green;7134;28215;
A;G000676;1115;elizabeth;grace;stephens;20;f;w;weaverville;parker;11;28787;
A;G001821;1116;pamela;fay;ciambotti;68;f;w;cary;zumbach;1613;27513;il
A;G001893;1117;oceanous;timothy;hardin;60;m;w;fayetteville;beaubien;4035;28306;sc
A;G006356;1118;lorrin;elizabeth;plyler;29;f;w;boone;blowing rock panhellenic;949;28608;nc
A;G005575;1119;lakisha;vernice;davis;39;f;b;gaston;lincoln;109;27832;pa
A;G000393;1120;casey;delashmutt;nolan;27;m;w;wilmington;hearthside;4173;28412;md
A;G001575;1121;christi;rhoades;connor;45;f;w;conover;7th st;319;28613;nc
A;G006505;1122;kelly;jones;urban;53;f;w;yadkinville;union grove ch;2244;27055;oh
A;G005146;1123;solomon;emeruo;oduh;34;m;b;monroe;lexington;2114;28112;ms
A;G002974;1124;nicole;ashley;rice clewell;24;f;w;durham;william penn;215;27704;fl
A;G004721;1125;katherine;margaret;sutcliffe;19;f;w;charlotte;beacon forest;2514;28270;va
A;G005684;1126;myrna;covault;macfarquhar;71;f;w;hillsborough;remington;3927;27278;oh
A;G006468;1127;david;a;krabacher;76;m;w;raleigh;bartons creek;9412;27615;ct
A;G003508;1128;patricia;ann;leathers;56;f;b;winston salem;walsh;3030;27107;
A;G002915;1129;fern;may;braun;31;f;w;durham;kingsbury;612;27712;nc
A;G002032;1130;laura;a;vanfleet;42;u;w;jacksonville;ramsey;407;28540;
A;G005682;1131;lisa;pauline;boyd;55;f;w;raleigh;springsweet;2901;27612;ma
A;G001052;1132;christopher;lemarc;wattie;38;m;b;harrisburg;hammermill;5669;28075;
A;G004033;1133;raymond;thomas;devoe;28;m;w;mooresville;beachview;116;28117;ny
A;G002804;1134;kelley;sue;brown;25;f;w;goldsboro;scotland;110;27530;pa
A;G004958;1135;kevin;;johnson;45;m;b;charlotte;morson;2817;28208;ny
A;G001783;1136;francine;m;gray;30;f;u;siler city;sixth;323;27344;
A;G000867;1137;joseph;patrick;fleming;49;m;w;hickory;rh;7547;28602;
A;G001256;1138;diane;elizabeth;cummis;46;f;w;harrisburg;sequoia hills;6736;28075;ca
A;G002151;1139;kirk;michael;mcginley;40;m;w;raleigh;crab orchard;1331;27606;ny
A;G000689;1140;meghan;perry;lafave;27;f;w;weaverville;nicole;4;28787;ca
A;G001316;1141;norman;benton;galloway;70;m;w;kannapolis;pearl;507;28083;nc
A;G002961;1142;curtis;allan;barbee;32;m;w;raleigh;walnut creek;3011;27606;
A;G004479;1143;aaryn;ashley;deal;26;f;w;raleigh;bloodworth;309;27601;nc
A;G004688;1144;justin;oliver;branch;36;m;w;charlotte;landerwood;3341;28210;az
A;G000682;1145;amber;nicole;white;21;f;b;marshall;anderson branch;3005;28753;oh
A;G002296;1146;michelle;loyd;thompson;51;f;w;apex;goliath;1111;27502;nc
A;G001946;1147;david;franklin;brown;63;m;w;shelby;fallston waco;3226;28150;nc
A;G000449;1148;brandi;marie;peterson;37;f;w;bakersville;homer young;145;28705;nc
A;G005815;1149;ginger;michelle;fussell;42;f;w;hampstead;candlewood;104;28443;nc
A;G004860;1150;brodie;joe;levadnuk;45;u;u;matthews;graham hall;109;28104;
A;G003859;1151;betty;ann;greer;36;f;w;fletcher;hoopers creek;97;28732;mi
A;G004125;1152;lenette;;cisneros;50;f;w;sylva;laser;61;28779;
A;G003470;1153;jared;elton;pridgen;24;m;w;rocky mount;pleasant hill;953;27801;nc
A;G003026;1154;christian;james;parent;33;m;w;durham;glade aster;711;27704;ny
A;G002900;1155;ashley;monique;myers;29;f;o;raleigh;springsweet;2911;27612;ca
A;G000813;1156;oana;carmen adina;devera;42;f;w;black mountain;roselyn;4;28711;oc
A;G005143;1157;frances;dwight;faison;71;f;w;charlotte;meadow vista;9117;28213;nc
A;G005805;1158;joseph;james;forbes;68;m;w;hertford;rivershore;158;27944;nc
A;G004144;1159;lc;;anders;30;m;w;tuckasegee;pinhook;197;28783;
A;G004584;1160;robert;lee;fletcher;61;m;w;williamston;church;106;27892;nc
A;G003914;1161;jamal;lashawn;deloatch;20;m;b;murfreesboro;university;1;27855;nc
A;G001320;1162;steven;nicholas;walters;29;m;w;raleigh;royal coach;5927;27612;nc
A;G005885;1163;david;donovan;bunn;50;m;w;walstonburg;stantonsburg;9320;27888;va
A;G004896;1164;asrat;yemane;kidane;46;m;b;charlotte;biscayne;3419;28205;oc
A;G001570;1165;amy;stiles;brendle;36;f;w;hayesville;fires creek wildlife;897;28904;nc
A;G001233;1166;donna;bland;warner;56;f;b;salisbury;shue;3625;28147;va
A;G003898;1167;jan;hollifield;parker;57;f;w;tryon;melrose;336;28782;nc
A;G003565;1168;arnt;j;sundseth;62;m;w;danbury;juniper;1140;27016;az
A;G003703;1169;barbara;joy;morgan;42;f;b;clemmons;brewer;6345;27012;ny
A;G002659;1170;brandy;ree;brewer;29;f;w;winston salem;reynolda;5760;27106;nc
A;G000234;1171;robert;ashby;grant;29;m;w;durham;fayetteville;1801;27707;nc
A;G002063;1172;greg;allen;morton;41;m;w;new bern;pilot;105;28562;nc
A;G000312;1173;laurie;ann;gallo;69;f;w;bolivia;zion hill;1611;28422;ny
A;G003608;1174;nikolas;;johansen;29;m;w;pfafftown;turfwood;1912;27040;
A;G005079;1175;takieah;johnson;flax;35;f;b;charlotte;silvermere;4137;28269;nc
A;G003030;1176;rosie;jane;australie;30;f;w;durham;garrett;4011;27707;ga
A;G001189;1177;renee;antoinette;thompson;47;f;b;charlotte;mill cove;3528;28262;ny
A;G004655;1178;kathleen;marie;hale;62;f;w;tryon;dug hill;161;28782;ny
A;G000406;1179;david;wayne;rhew;71;m;w;burgaw;union chapel;790;28425;
A;G002515;1180;katherine;ruth;price;65;f;w;greenville;avalon;213;27858;va
A;G000114;1181;evan;william;burkhart;32;m;w;raleigh;taylor;213;27607;tx
A;G001332;1182;david;boyd;whisnant;44;m;w;andrews;wilmont;27;28901;nc
A;G001822;1183;chad;randall;oates;43;m;w;siler city;old coleridge;1702;27344;nc
A;G002825;1184;myra;craddock;turner;68;f;w;beulaville;cotton top;105;28518;nc
A;G005063;1185;nicholas;jacob;brummitt;21;m;w;waxhaw;madeira;1914;28173;
A;G000253;1186;leroy;christopher;dowless;56;m;w;tar heel;bethel church;2420;28392;nc
A;G005288;1187;broadus;m;riggins;58;m;w;raleigh;andrea;8111;27613;nc
A;G003816;1188;cathy;goodman;gignilliat;65;f;w;waynesville;country club;1082;28786;ga
A;G004229;1189;julie;anne;baker;42;f;w;wake forest;stearns;304;27587;nc
A;G001103;1190;holly;elizabeth;roberts;51;f;w;cornelius;rio oro;21428;28031;md
A;G002324;1191;monica danielle;belin;pridgen;37;f;b;durham;elmsford;117;27703;nc
A;G003040;1192;emily;claire;withers;32;f;w;durham;price;402;27707;nc
A;G000332;1193;betty;gatewood;walker;84;f;w;eden;hillside;1319;27288;nc
A;G002393;1194;clark;c;burns;36;m;b;raeford;wedgefield;316;28376;la
A;G000948;1195;margaret;christina;gardner;28;f;w;charlotte;eastport;2700;28205;nc
A;G003807;1196;kadijah;lashae;simms;24;f;b;lillington;bryson;115;27546;nc
A;G004930;1197;lisa;anne duncan;hanami;32;f;b;charlotte;andover creek;8009;28210;ny
A;G005391;1198;tony;matthew;burnett millage;34;m;w;wilmington;island creek;449;28411;il
A;G006331;1199;samuel;taylor;erving;41;m;b;raleigh;smoke;2808;27610;co
A;G006219;1200;paige;gilbert;nance;48;m;w;elkin;hillcrest;315;28621;nc
A;G004970;1201;david;jerome;littman;56;m;b;charlotte;westridge;4442;28208;sc
A;G004692;1202;margo;lynn;dixon;40;f;w;charlotte;mirow;2109;28270;tx
A;G001067;1203;michael;john;primerano;48;m;w;indian trail;lindley crescent;5714;28079;pa
A;G001892;1204;robert;wayne;gammons;32;m;w;shelby;spake;1337;28150;nc
A;G000674;1205;milton;james;canupp;25;m;w;newland;teaster vance;38;28657;nc
A;G003946;1206;susan;denise;jones;49;f;w;greenville;l t hardee;2351;27858;nc
A;G000540;1207;joshua;cameron;young;39;m;w;asheville;merrimon;600;28804;ky
A;G002536;1208;amber;louise;byerly;35;f;w;winston salem;oak arbor;303;27104;nc
A;G003088;1209;lauren;katherine;efird;34;f;w;apex;pondside;116;27539;sc
A;G003162;1210;joan;marie;edmiston;52;f;w;denver;bay pointe;7965;28037;ne
A;G005953;1211;christopher;lawrence;ogles;58;m;u;mill spring;nc hwy 9;6802;28756;fl
A;G006019;1212;jalen;khalil;legrand;24;m;b;hamlet;hamlet;223;28345;nc
A;G004841;1213;george;dewey;mabes;28;m;w;eden;meadow;351;27288;nc
A;G004286;1214;victoria;lynn;vaughn;40;f;b;zebulon;braemar highland;1235;27597;ky
A;G004339;1215;jane;lynn;gillespie;50;f;w;angier;broadleaf;120;27501;va
A;G002434;1216;eric;brandon;bradford;36;m;b;fayetteville;greenleaf;911;28314;in
A;G003945;1217;domonic;kidean;farrow;31;m;b;swan quarter;mapletown;624;27885;nc
A;G003463;1218;ervin;ray;vaughn;72;u;b;rocky mount;harper;1645;27801;
A;G001824;1219;robert;peter;henning;59;m;w;cary;clarksville;102;27513;ny
A;G003593;1220;leslie;jo;craig;48;f;w;winston salem;crusade;3801;27101;pa
A;G005620;1221;gino;dordines;coelho;33;m;o;jacksonville;belmont;3108;28546;nc
A;G001653;1222;william;gaston;morrison;61;m;w;chapel hill;mill chapel;205;27517;nc
A;G004549;1223;suzanne;louise;jones;54;f;w;mt gilead;indian harbor;107;27306;ny
A;G004113;1224;scott;nolan;gregory;50;m;w;banner elk;grandfather;388;28604;
A;G005336;1225;anna;marie davis;towne;27;f;w;knightdale;st johns;104;27545;nc
A;G001075;1226;sean;edward;johnson;29;m;w;concord;lily green;109;28027;mi
A;G001073;1227;christina;bond;wilson;55;f;w;harrisburg;hounslow;3908;28075;sc
A;G006305;1228;ajani;quinzel;rumph;27;m;b;raleigh;brentwood;3830;27604;ny
A;G004596;1229;virginia;ann;lipps;24;f;w;newland;us hwy 19e;5330;28657;nc
A;G004265;1230;albert;antonio;noel;79;m;w;sanford;south park;106;27332;vt
A;G004678;1231;michael;;morris;35;f;b;charlotte;moores chapel;9216;28214;
A;G002180;1232;nicholas;diandra;williams;46;m;b;hope mills;pringle;5225;28348;ga
A;G001524;1233;melissa;may;marsh;56;f;w;richlands;fire tower;273;28574;ca
A;G005841;1234;tamika;lashaunta;poole;41;f;b;raleigh;stream side;3220;27613;nc
A;G003186;1235;eileen;marie;rankin;56;f;w;hillsborough;fawnbrook;7810;27278;ny
A;G001866;1236;kent;lee;tucker;49;m;w;salisbury;sherrills ford;2170;28147;mi
A;G002244;1237;jessica;lynn;alexander;32;f;w;southern pines;grampian;110;28387;mi
A;G001577;1238;eugene;charles;williams;83;m;w;denver;sweet cherry;8891;28037;nc
A;G001531;1239;timothy;j;powell;55;m;w;matthews;wester ross;13414;28105;ky
A;G004133;1240;heather;ann;bartko;40;f;w;cullowhee;helen zachary;180;28723;ms
A;G001333;1241;ashley;wilson;bumgarner;33;f;w;lenoir;fairview;259;28645;
A;G005630;1242;tyler;s;marrs;28;f;w;littleton;songbird;252;27850;
A;G005189;1243;khari;edward;smith;40;m;b;waxhaw;monarda;2113;28173;wa
A;G000802;1244;ashlan;n;hendricks;32;f;w;asheville;brevard;83;28806;nc
A;G003744;1245;charles;gray;creson;66;m;w;cameron;ponderosa;660;28326;dc
A;G004752;1246;carolyn;renee;mcgill;34;f;b;charlotte;raintree;8316;28277;il
A;G004012;1247;amanda;ann;bothe;38;f;w;mooresville;grayland;199;28115;ia
A;G002629;1248;rose;marie;greear;49;f;w;lexington;riverwood;902;27292;il
A;G000946;1249;contessa;bowers;ramseur;46;f;b;drexel;drexel;103;28619;nc
A;G006509;1250;homayun;ethan;azargoon;33;m;a;raleigh;blue ridge;3638;27612;ma
A;G005613;1251;jared;richard;smith;38;m;w;jacksonville;hampton;626;28546;nj
A;G000198;1252;pamela;;keith;33;f;b;mebane;fair oaks;237;27302;nc
A;G002176;1253;alexandria;powers;ross;28;f;w;seven lakes;pleasant view;133;27376;sc
A;G001929;1254;william;joseph;elliott;45;m;w;charlotte;kimmel;9419;28216;az
A;G004665;1255;linda;f;ellis;38;f;b;charlotte;willow haven;1710;28262;
A;G002903;1256;kiya jade;pender;pate;25;f;b;wilson;kenan;1104;27893;nc
A;G001928;1257;kelly;jean;robinson;43;f;w;kings mountain;meadow;412;28086;
A;G006600;1258;angela;renee;goldsby;35;f;b;goldsboro;whitfield;500;27530;nc
A;G001422;1259;anna;delong;jones;76;f;w;kitty hawk;elm;4726;27949;va
A;G005488;1260;jimmy;jay;jones;62;m;w;wilmington;lyrebird;611;28412;oc
A;G000384;1261;kathy;morris;hall;66;f;w;leland;pine harbor;1538;28451;sc
A;G001694;1262;roger;neal;staley;66;m;w;cornelius;mariner cove;7615;28031;nc
A;G003930;1263;mark;alan;denney;39;m;w;pinehurst;cone;4;28374;fl
A;G004401;1264;christine;sarah;soto;35;f;o;aberdeen;fayetteville;302;28315;nj
A;G002424;1265;tonya;lynn;greene;24;f;w;hope mills;oak haven;3828;28348;nc
A;G005765;1266;quanmesha;lasha;peterson;27;f;b;greenville;kristin;309;27834;nc
A;G005515;1267;juanita;ann;sheppard;64;f;w;wilmington;evergreen;3909;28403;nc
A;G005593;1268;yajaira;;diaz;38;f;u;jacksonville;croatan;119;28546;
A;G002420;1269;niel;alexander;johnson;24;m;w;fort bragg;donelson;17;28307;ga
A;G001768;1270;jaclyn;myers;johnson;39;f;w;raleigh;athens;844;27606;nc
A;G006542;1271;tyronne;cecil;cabell;47;m;b;plymouth;welcome;70;27962;ny
A;G002995;1272;alexandra;marianna;kisiel;33;f;w;raleigh;bluebird;4705;27606;ca
A;G004718;1273;adrienne;nicole;moorefield;27;f;w;raleigh;oberlin;1028;27605;
A;G002682;1274;lori;jan;hawkins;53;f;w;winston salem;sagebrush;749;27101;
A;G001820;1275;william;roy;pohlman;77;m;w;wilmington;regatta;1427;28405;ne
A;G002902;1276;vonzella;bonetia;hood;53;f;b;durham;callandale;540;27703;
A;G004168;1277;cori;ellen;clemmer;37;f;w;garner;pale stone;22;27529;
A;G006113;1278;leslie;sharon;king;57;f;w;salisbury;hawks nest;1234;28146;ny
A;G002177;1279;tina;montrice;smith;30;f;b;fayetteville;bristol;6229;28314;nc
A;G005176;1280;catherine;retha;whitney;29;f;w;monroe;winburn;214;28112;oh
A;G002106;1281;dorothy;moore;mearidy;72;f;b;new bern;helen;1305;28560;nc
A;G001230;1282;gregory;nye;curtis;53;m;w;concord;greystone;4472;28027;nc
A;G005276;1283;donnie;edward;shaffer;42;m;w;southern pines;murray hill;186;28387;nc
A;G003615;1284;krishauna;renee;rolle;38;f;b;winston salem;wake;212;27106;nc
A;G003359;1285;terryca;chenay;taylor;32;f;b;durham;williamsburg;1800;27707;nc
A;G002040;1286;carlton;lee;drake;71;m;w;new bern;esquire;206;28562;nc
A;G005686;1287;james;clayton;sasaki adams;42;m;w;chapel hill;forbush mountain;226;27514;wi
A;G002674;1288;deanna;rae;davis;38;f;w;sophia;sharon acres;3167;27350;ky
A;G002549;1289;katherine;stuart;oliver;47;f;w;kernersville;cameronden;400;27284;va
A;G004361;1290;james;randall;stanberry;61;m;w;willow springs;hillgrove;101;27592;nc
A;G003119;1291;thomas;benjamin;gill;44;m;o;raleigh;codes ridge;6101;27612;il
A;G000520;1292;jane;harmon;wilson;63;f;w;taylorsville;sam poole;678;28681;
A;G004506;1293;michael;david;trent;44;m;w;charlotte;closeburn;5425;28210;va
A;G002940;1294;kristina;michelle;krzywonos;30;u;u;durham;william penn;215;27704;
A;G004858;1295;tina;h;vickers;51;f;w;charlotte;cassio;5716;28227;nc
A;G002450;1296;dewayne;gray;perdue;25;m;w;warsaw;college;554;28398;nc
A;G003924;1297;lanita;estelle;moore;31;f;b;charlotte;kadey;3729;28208;nc
A;G003372;1298;julie;ann;nguyen;30;f;o;winston salem;tangle;3880;27106;nc
A;G003472;1299;terri;coleman;woods;56;f;b;rocky mount;tiffany;754;27804;fl
A;G006518;1300;jacob;alan;hartley;38;m;w;wake forest;studbury hall;4701;27587;ca
A;G004957;1301;carolyn;west;jones;57;f;w;matthews;hickory lake;5010;28105;nc
A;G004111;1302;alyssa;mariah;lopez;19;u;u;creston;sutherland;314;28615;oc
A;G003083;1303;james;;corken;51;m;w;durham;rose garden;1102;27707;il
A;G001634;1304;shirena;andra;james;37;f;b;charlotte;misty brook;14215;28273;nc
A;G005874;1305;beth;abigail;meaux;34;f;u;greenville;spring forest;965;27834;
A;G001786;1306;ellison;saharna;howard;40;f;b;durham;perfect moment;40;27713;ny
A;G004728;1307;sarah;;dempsey;31;f;w;cary;haddington;1236;27511;nc
A;G001943;1308;garron;ernel;pressley;33;m;w;shelby;bear creek;400;28152;nc
A;G005110;1309;rhabiya;alexandria;alhassan;20;f;b;wilmington;seahawk landing;5110;28403;nc
A;G004252;1310;dominique;latricia;ellis;25;u;u;clayton;big pine;296;27520;
A;G000420;1311;donna;vandergrift;tankersley;78;f;w;ocean isle beach;maple;1574;28469;nc
A;G003974;1312;mark;andrew;durstewitz;60;u;u;cornelius;cadman;9725;28031;
A;G000944;1313;christina;ricketts;franklin;35;f;w;jonas ridge;cold springs lodge;5853;28641;nc
A;G004627;1314;thayer;j;lavielle;47;f;w;cornelius;spring grove;20653;28031;ma
A;G005716;1315;justina;monae anais camille;foy;29;f;b;hillsborough;dairyland;3900;27278;pa
A;G001704;1316;karamarie;;fecho;50;f;w;chapel hill;wolfs;103;27516;nj
A;G003921;1317;katie;marie;wood;26;u;u;wilmington;excalibur;3738;28403;nc
A;G001599;1318;david;alexander;hudson;47;m;w;maiden;island ford;403;28650;nc
A;G006563;1319;christopher;scott;balboni;53;m;w;raleigh;old stage;5612;27603;ny
A;G004756;1320;stephanie;victoria heilke;sebero;37;f;w;charlotte;denning;701;28227;nc
A;G003532;1321;ashley;cook;vaughan;32;f;w;raleigh;van thomas;717;27615;nc
A;G000702;1322;andrew;john;douglas;54;m;w;fletcher;burney mountain;83;28732;in
A;G003423;1323;amanda;tripp;mayer;43;f;w;pinetops;rural rte 1;167;27864;nc
A;G001340;1324;steve;raymond;helderman;64;m;w;goldsboro;april;105;27530;
A;G000217;1325;rhonda;melissa;teague;56;f;w;liberty;pleasant hill church;8749;27298;nc
A;G003907;1326;brittany;chavone;stewart;29;f;b;woodland;peartree;106;27897;
A;G001569;1327;christian;mark alan;freitag;24;m;w;hickory;mulberry;1161;28602;mn
A;G002389;1328;alexander;william;cline;60;m;w;fayetteville;stoney point;6236;28306;nj
A;G000454;1329;crystal;michele;beaver;41;f;w;burnsville;molly;270;28714;nc
A;G001897;1330;emily;church;fowler;76;f;w;shelby;padgett;844;28150;nc
A;G000684;1331;uriel;edmond;velandia;86;m;w;wilmington;arboretum;1173;28405;oc
A;G004254;1332;jennifer;cherie;staggers;30;f;b;selma;taft;805;27576;
A;G005362;1333;brenda;lee;wynne;50;f;w;spring hope;dalmar;3299;27882;va
A;G004862;1334;christina;r;hargrove;39;f;w;matthews;john;735;28105;nc
A;G002556;1335;mary;sharon;ellis;65;f;w;lexington;whispering oaks;284;27292;nc
A;G003965;1336;robert;mark;shepherd;55;m;w;mooresville;emerald;147;28117;fl
A;G003262;1337;michael;lawrence;grooms;48;m;w;raleigh;cluette;2401;27615;sc
A;G001129;1338;terry;danita;mcconneaughey;58;f;b;kannapolis;forest pond;207;28083;nc
A;G004729;1339;david;jackson;kerr;39;m;w;boone;cara;280;28607;nc
A;G002596;1340;domingo;;marroquin;28;m;m;winston salem;high point;3820;27107;
A;G004813;1341;christopher;wayne;hunt;35;m;b;charlotte;phillips;2830;28208;ny
A;G002317;1342;shaquana;rochelle;jones;30;f;b;cameron;heritage;818;28326;nc
A;G002248;1343;delores;angella michelle;revell;43;f;w;fayetteville;cherokee;1917;28303;al
A;G004647;1344;christopher;julian;white;33;m;w;charlotte;abbotsford;506;28270;nc
A;G001056;1345;janette;chanene;pullen;28;f;b;charlotte;clanton;1611;28208;fl
A;G001729;1346;larry;;bissette;66;m;w;durham;dixon;3109;27707;nc
A;G006081;1347;justin;alexander;parris;38;m;b;stoneville;young;288;27048;nc
A;G005697;1348;mary;virginia;davis;53;f;w;chapel hill;hillsborough;1209;27516;md
A;G002494;1349;jeffrey;parnell;wrenn;59;m;w;hatteras;nc hwy 12;37397;27943;fl
A;G005149;1350;ryan;john;schuetz;34;m;w;charlotte;commons crossing;17222;28277;nd
A;G005889;1351;megan;renee;gelety;30;f;w;cary;huntsmoor;110;27513;oh
A;G005365;1352;robin;michelle;cooper;27;f;b;rocky mount;sled;452;27803;md
A;G006093;1353;robert;allen;thornton;39;m;w;eden;turner;522;27288;wv
A;G000049;1354;linda;ann;krug;71;f;w;mebane;st croix;4030;27302;pa
A;G001383;1355;morris;ruffen;jones;72;m;w;camden;jordan;124;27921;nc
A;G002234;1356;carmen;yuki;graybeal;51;f;o;hope mills;pristine;1707;28348;az
A;G003988;1357;charlise;levan;clark;48;f;w;denver;denver shores;4068;28037;nc
A;G003095;1358;jeannette;mar sha;brown;24;f;b;durham;fayetteville;1801;27707;
A;G000691;1359;joyce;pearl;roberts;62;f;w;candler;brookstone;8;28715;
A;G001206;1360;emily;kathrine;snider;29;f;w;mount pleasant;nc hwy 73;9820;28124;nc
A;G000338;1361;pamela;lynn;maines;59;f;w;wilmington;inverary;608;28405;pa
A;G001641;1362;ruthann;elizabeth;cline;21;f;w;claremont;julia;3400;28610;nc
A;G003349;1363;jason;;morningstar;49;m;u;durham;scaresdale;10;27707;mi
A;G000916;1364;justin;tommie;brittain;39;m;w;morganton;sara;105;28655;nc
A;G000621;1365;ricky;dean;jolly;35;m;w;asheville;lorena;28;28806;sc
A;G005748;1366;carl;j;bryant;32;m;b;bayboro;fairview;1;28515;nc
A;G005242;1367;stephen;mccrae;sloan;29;m;w;mt olive;chestnut;615;28365;nc
A;G005923;1368;shaunita;leara;ervin;32;f;b;greenville;aycock hall;212;27858;nc
A;G006649;1369;brian;christopher;massey;35;m;w;goldsboro;rustic field;212;27530;nc
A;G003805;1370;britta;lankford;threshie;35;u;u;fuquay varina;spring;608;27526;
A;G003803;1371;carma;lynn;locklear;55;f;w;willow springs;penwood;49;27592;id
A;G004127;1372;morgan;ann;morton;20;f;m;sims;flat rock;6848;27880;nc
A;G001761;1373;george;andrew;matroni;57;m;w;apex;tunstall;206;27502;ny
A;G000368;1374;madison;nicole;pigott;23;f;w;ocean isle beach;plantation;63;28469;sc
A;G003306;1375;taylor;bennett;austin;42;m;w;durham;bungalow;1309;27703;nc
A;G001164;1376;jeremy;;klipp;39;m;w;concord;high ridge;8531;28027;fl
A;G001113;1377;annie;maheailani;nance;50;f;o;concord;fallwood;526;28025;hi
A;G002413;1378;germaine;john ross;mccalla;33;m;b;cameron;hayden;270;28326;oc
A;G005121;1379;jennifer;jan;flaherty;31;f;w;charlotte;palm;3020;28205;co
A;G001312;1380;dwayne;;lawson;57;m;b;concord;brookwood;260;28025;ny
A;G003857;1381;edith;kalmowitz;verber;75;f;w;tryon;woody;100;28782;fl
A;G003150;1382;kyle;;jackson;34;m;w;durham;duke of gloucester;24;27713;
A;G003870;1383;amber;nicole;heckart;28;f;w;holly ridge;bethea;245;28445;nc
A;G004693;1384;marianne;lazzaro;mulligan;66;f;u;cary;sealine;602;27519;ny
A;G001090;1385;mark;alan;andrews;60;m;w;charlotte;greencastle;8232;28210;nc
A;G005833;1386;allena;alizebeth;james;20;f;w;burgaw;nc hwy 53;6845;28425;nc
A;G001444;1387;jimmy;hugh;sebren;75;m;w;littleton;lonsdale;280;27850;la
A;G000120;1388;david;spencer;brenner;29;m;w;burlington;atwood;2330;27215;nc
A;G005914;1389;christopher;ryan;jewett;36;m;w;raleigh;river bank;10221;27614;nc
A;G002498;1390;robert;jaames;obrien;42;m;w;kill devil hills;airstrip;104;27948;mi
A;G003794;1391;kristin;dawn;baker;37;f;w;dunn;grubbs dale;221;28334;nc
A;G001199;1392;samara;alicia;colon;22;f;b;concord;courage;3590;28027;nc
A;G000291;1393;brenda;l;everhart;62;f;w;charlotte;sandy;112;28213;
A;G003666;1394;martha;muir;swaim;36;f;w;lewisville;summerglen;270;27023;va
A;G005221;1395;elizabeth;shaw;murray;33;f;w;charlotte;kings canyon;9116;28210;nc
A;G001688;1396;necole;elizabeth;lusk;29;f;w;catawba;murray;1440;28609;nc
A;G003249;1397;jeannetta;e;day;39;f;b;durham;matilene;2009;27707;nc
A;G001130;1398;julie;krista;young;41;f;w;wilmington;wilshire;3507;28403;va
A;G000124;1399;michael;anthony;pierce;59;m;w;mebane;jones;1941;27302;ca
A;G003012;1400;jessica;leigh;powell;35;f;w;durham;willow bridge;56;27707;tn
A;G001471;1401;eileen;muldoon;boone;46;f;w;morehead city;widgeon;1905;28557;ct
A;G005375;1402;harold;dempsey;battle;63;m;i;greenville;memorial;2521;27834;nc
A;G004308;1403;morgan;brooke;matthews;23;f;w;clayton;hibiscus;108;27527;nc
A;G003537;1404;kay;speas;brown;83;f;w;yadkinville;speer bridge;1916;27055;nc
A;G003258;1405;ernest;zachary;alderman;59;m;b;durham;arrowwood;24;27712;nc
A;G004370;1406;steven;ray;rhodes;29;m;w;clayton;creekside;804;27520;nc
A;G001709;1407;ellen;forderhase;de graffenreid;49;f;u;pittsboro;spindlewood;652;27312;ky
A;G003074;1408;janiece;latwan;ross;36;f;b;durham;chapel hill;2836;27707;nc
A;G004114;1409;sarah;beth;mcspadden;31;f;w;west jefferson;collins;173;28694;nc
A;G001860;1410;misty;dawn;williams;44;f;w;marble;lee williams;210;28905;nc
A;G003820;1411;clinton;leroy;mathis;53;m;w;waynesville;kimberly;135;28786;nc
A;G004058;1412;carey;allen;evick;61;m;w;statesville;winchester;3325;28625;ma
A;G002141;1413;william;christopher;basmagy;59;m;w;sanford;oak branch;241;27330;ny
A;G001832;1414;monica;;bintz;37;f;w;durham;mallard;609;27701;ny
A;G003928;1415;donald;james;forbus;58;m;w;raeford;myra;979;28376;ca
A;G002382;1416;becky;lynn;lesane;48;f;i;fayetteville;bridgeton;1514;28312;nc
A;G003409;1417;gale;patrick;shaw;63;f;b;rocky mount;pickwick;101;27801;nc
A;G002473;1418;alexa;arielle;king;26;f;w;maple;ed sawyer;128;27956;fl
A;G002533;1419;carroll;douglas;holden;76;m;w;thomasville;stemp everhart;1823;27360;
A;G000768;1420;chloe;nicole;satter;26;f;w;durham;duke;1000;27701;nc
A;G003319;1421;taylor;marie;henning;26;f;w;chapel hill;spring meadow;6104;27517;ks
A;G006660;1422;sherone;michelle;johnson;42;f;b;kenly;frank;9001;27542;va
A;G004266;1423;edgardo;;agosto;53;f;w;clayton;forest glade;39;27527;pr
A;G005290;1424;anita;rochelle;deegan;75;f;w;aberdeen;lighthorse;430;28315;nj
A;G004650;1425;thomas;lee;anderson;43;m;w;hillsborough;patrick henry;1706;27278;il
A;G005470;1426;janice;beth;van amberg;67;f;w;wilmington;sirius;5429;28405;il
A;G003082;1427;harriett;jones;partlow;62;u;b;morrisville;kudrow;2921;27560;
A;G001245;1428;devaughn;joseph;keith;69;m;w;concord;irish potato;540;28025;tn
A;G003835;1429;joy;felicia;lunn;77;f;w;waynesville;dolata;157;28786;il
A;G000017;1430;bethany;elizabeth;gilmore;22;f;b;graham;main;217;27253;nc
A;G006544;1431;stephen;;petitjean;27;m;w;raleigh;neuse ridge;5304;27610;nj
A;G004934;1432;sandra;jean;austin;68;f;b;charlotte;oasis;2629;28214;wv
A;G002089;1433;amjad;;hussain;67;m;o;eden;kennedy;127;27288;oc
A;G000577;1434;phillip;nathaniel;purcell;33;m;w;asheville;reed;1016;28804;nc
A;G006190;1435;hailey;samantha;chilton;28;f;w;pilot mountain;club house;295;27041;nc
A;G002854;1436;lance;adam;odvody;40;m;w;durham;dudley;21;27703;ne
A;G001259;1437;jordan;scott;deloach;29;m;w;wendell;wall;1119;27591;la
A;G004040;1438;katherine;michelle;hough;33;f;w;troutman;deer run;172;28166;nc
A;G000498;1439;james;robert;denny;43;m;w;fletcher;briarwood;6;28732;fl
A;G000326;1440;robert;g;hunt;60;m;w;huntersville;wedgewood;9240;28078;
A;G005888;1441;john;kenneth;mitchelson;34;m;w;apex;rowanwood;405;27523;ga
A;G005601;1442;lauren;michele;jordan;28;f;w;boone;king;422;28607;ca
A;G004340;1443;nicole;erin;luck;26;f;w;willow springs;pebblestone;104;27592;nc
A;G000942;1444;gary;lamar;ray;59;m;w;morganton;causby;3976;28655;tn
A;G000990;1445;gary;;panepinto;63;m;w;concord;wellington chase;2455;28027;ny
A;G001523;1446;tia;danielle;jones;37;f;w;lexington;pearl;243;27292;nc
A;G000013;1447;gloria;mae;schweitzer;53;f;w;graham;sun;1203;27253;oh
A;G002409;1448;allison;paige;phillips;35;f;w;hillsborough;livia;1521;27278;nc
A;G006458;1449;victor;geronie;mccanelley;28;u;b;raleigh;hopson;4401;27604;
A;G006541;1450;monique;nicole;bell;43;f;b;goldsboro;rosewood;1301;27530;nc
A;G002840;1451;charles;thomas;anderson;38;m;w;mt olive;ivey;316;28365;nc
A;G002976;1452;nancy;elizabeth;leavell;65;f;w;durham;denise;3213;27704;nc
A;G003510;1453;ebony;nicole;watkins;22;f;m;chapel hill;old mill;806;27514;nc
A;G002632;1454;tiffany;stewart;mcguinn;37;f;w;winston salem;meadowlands;862;27107;nc
A;G004070;1455;grace;calabrese;benfield;70;f;w;troutman;park vista;111;28166;ny
A;G001194;1456;jeffrey;l;munn;48;m;w;charlotte;sutters hill;12200;28269;nc
A;G000148;1457;daryl;wayne;clark;51;m;b;mebane;pleasant woods;5508;27302;nc
A;G001921;1458;citori;nicole;swink;21;f;w;fairmont;iona;1004;28340;
A;G004590;1459;zachary;austin;boswell;26;m;w;williamston;hidden lakes;1135;27892;va
A;G004042;1460;robert;michael;page;42;m;w;davidson;easter;125;28036;de
A;G002878;1461;jeffrey;michael;perlstein;41;m;w;durham;hope valley;3118;27707;
A;G004539;1462;katie;marie;zeiher;37;f;w;charlotte;cliffside;8101;28270;mn
A;G005008;1463;perla;samantha;castro;22;f;o;charlotte;waterford lakes;7607;28210;ca
A;G005133;1464;breanna;marie;ponzi;27;f;w;goldsboro;handley acres;506;27534;nc
A;G000999;1465;donald;wesley;lockhart;71;m;w;harrisburg;kensington;8113;28075;wa
A;G005399;1466;douglas;raymond;cressy;69;m;w;wilmington;kenningston;1005;28405;ny
A;G003727;1467;tiffany;renae;oden;34;f;w;salisbury;ellis;631;28144;va
A;G001088;1468;thomas;tracy;hosbein;60;m;w;concord;stacybrook;107;28025;
A;G001794;1469;margaret;ann;stone;70;f;b;cameron;bryant;814;28326;nc
A;G003132;1470;paul;;cameron;56;m;w;durham;sprunt;2308;27705;nc
A;G004668;1471;sedrick;ray;jordon;33;m;b;charlotte;willow;2852;28208;
A;G005787;1472;courtney;love;clodfelter foreman;25;f;b;washington;dana;502;27889;nc
A;G006552;1473;tammy;lowraine;lynch;55;f;b;garner;forestwood;105;27529;nc
A;G001215;1474;pamela;greene;cannon;52;f;w;charlotte;spratt;534;28206;nc
A;G004292;1475;jessica;martha;hammonds;36;f;w;garner;fawnlilly;105;27529;pa
A;G002738;1476;john;phillip;hobbs;47;m;w;thomasville;oak meadow;10;27360;nc
A;G006546;1477;donielle;monique;mattis;26;f;b;morrisville;huntersville;104;27560;va
A;G005244;1478;matthew;alan;carslaw;31;m;w;wilmington;4th;709;28401;oc
A;G001430;1479;charles;brooks;marriner;57;m;w;beaufort;comet;722;28516;nc
A;G006292;1480;adaryll;b;windley;42;m;b;raleigh;dudley;1505;27610;nc
A;G000581;1481;derek;james;ibarguen;43;m;w;brevard;millbrook;81;28712;me
A;G000342;1482;calvin;phillip;frady;70;m;w;greenville;river chase;2610;27858;nc
A;G004622;1483;czarina;geneva;moore;31;f;b;charlotte;beatties ford;100;28216;nc
A;G000885;1484;cindy;;yang;28;f;a;connelly springs;knobs;7224;28612;ca
A;G002384;1485;aracelis;;pabon ramos;44;f;o;fort bragg;martin;131;28307;pr
A;G000184;1486;jeremy;leighton;wells;41;m;w;burlington;maple ridge;1204;27217;nc
A;G006151;1487;george;nathan;lee;56;m;w;dunn;stone place;60;28334;nc
A;G003632;1488;ashley;v;clark;39;f;w;winston salem;dewsbury;3707;27104;nc
A;G003631;1489;shakela;taquana;simmons;27;f;b;winston salem;glendare;320;27104;nc
A;G006183;1490;kelly;erin;graham;32;f;u;king;maple;138;27021;
A;G005856;1491;melissa;sheridan;horsman;51;f;w;greenville;turtle creek;1110;27858;ma
A;G005988;1492;crystal;brummett;talent;40;f;w;archdale;aldridge;307;27263;nc
A;G006265;1493;daniel;;elliott;45;m;b;henderson;lynn haven;147;27536;nc
A;G006169;1494;curt;taylor;suneson;27;m;w;richfield;high rock;48400;28137;mn
A;G004735;1495;george;a;tolley;53;m;w;charlotte;canterwood;2107;28213;va
A;G005750;1496;richard;;cushing;71;m;w;oriental;whittaker point;415;28571;mi
A;G002767;1497;huldah;norma jo;johnson;44;f;w;mocksville;stone wood;148;27028;nc
A;G006316;1498;kathryn;michelle;sayre;35;f;w;raleigh;caspan;1125;27610;ga
A;G000004;1499;alyssa;danielle;marion;30;f;w;burlington;spring;852;27215;ny
A;G002295;1500;jason;paul;dellarusso;39;m;w;hope mills;maidstone;5915;28348;nc
A;G003027;1501;wanda;marie;cothern;62;f;w;durham;ross;2551;27703;nc
A;G002794;1502;william;hampton;andrews;33;m;w;advance;kingsmill;415;27006;al
A;G006062;1503;deborah;adams;blackwell;61;f;b;reidsville;stewart store;293;27320;va
A;G005958;1504;ariel;ann;gordon;27;f;w;randleman;applewood;3736;27317;nc
A;G004859;1505;brian;w;koonce;42;m;w;charlotte;edindale;15011;28277;fl
A;G005775;1506;paul;wendell;mickler;76;m;w;belhaven;water;100;27810;ga
A;G004356;1507;sergio;;chavez;26;m;o;angier;happy trails;149;27501;ca
A;G006410;1508;dene;rogier;perry;49;f;w;wendell;commander;105;27591;sc
A;G002583;1509;david;brian;seus;40;m;w;high point;long leaf;6320;27265;ny
A;G006587;1510;kimberly;a;kramer;43;f;w;raleigh;davidson;900;27609;nc
A;G005116;1511;jamie;lee;mccoy;37;m;w;charlotte;hawk roost;11408;28214;ky
A;G004784;1512;john;harold;wilkes;45;m;w;charlotte;whitlock crossing;11171;28273;sc
A;G006152;1513;john;marks;cooper;79;m;w;newton grove;roanoke;6551;28366;nc
A;G005714;1514;derek;john;holmgren;33;m;w;carrboro;eugene;108;27510;co
A;G006681;1515;jared;blake;williamson;33;m;w;walstonburg;nc hwy 91;7319;27888;nc
A;G000367;1516;amy;lynn;boltz;34;f;w;bolivia;breezewood;797;28422;nc
A;G003408;1517;arnetrius;;applewhite;41;f;b;rocky mount;farmington;1705;27801;nc
A;G006582;1518;charles;joseph;smith;36;m;w;raleigh;kaplan;5521;27606;nc
A;G004983;1519;tameisha;yvette;bell;44;f;b;charlotte;hackberry grove;4650;28269;co
A;G005360;1520;jangi;jasmine;hamby;26;f;b;rocky mount;deerchase;1129;27804;nc
A;G000819;1521;natalie;dawn;wise;32;f;w;asheville;stratford;412;28804;nc
A;G003674;1522;james;raeford;parrish;79;m;w;winston salem;brockton;1535;27106;nc
A;G002822;1523;nathaniel;xavier;mcclamb;20;m;b;warsaw;gum;729;28398;nc
A;G002135;1524;rodric;earl;drake;49;m;w;spring lake;pine knoll;1151;28390;wi
A;G003576;1525;situ;;shrestha;34;f;o;winston salem;first;614;27101;oc
A;G002693;1526;rebekah;lynn;newsome;48;f;w;clemmons;frye bridge;708;27012;nc
A;G002634;1527;rebecca;jean;jackson;33;f;w;high point;election oak;5913;27265;ny
A;G002374;1528;clinetta;antoinette;silver;28;f;b;fayetteville;crescent commons;921;28314;nc
A;G003373;1529;brenda;tracey anne;patterson;52;f;b;durham;fenimore;3023;27703;ny
A;G004641;1530;william;ryan;clark;40;m;w;huntersville;bluff meadow;12405;28078;va
A;G006225;1531;cheryl;jean;winn;58;u;w;brevard;johnson;44;28712;in
A;G006451;1532;kendall;dickens;walls;31;f;u;raleigh;crescentview;5405;27606;nc
A;G004183;1533;beatrice;;naquin;89;f;w;benson;nc 242;2315;27504;nc
A;G005920;1534;abigail;russell;parker;33;f;w;greenville;old creek;2201;27834;nc
A;G006070;1535;lawrence;louis;shornack;82;m;w;madison;hawks nest;141;27025;nj
A;G003849;1536;charles;thomas;grice;35;m;w;maggie valley;dogwood;926;28751;nc
A;G004242;1537;eric;dale;charlton;54;m;w;clayton;farmington;116;27520;ky
A;G004791;1538;stephen;c;ryan;45;m;w;charlotte;canterbury hill;1317;28211;al
A;G006291;1539;emily;evans;barneycastle;29;f;w;henderson;carolina;935;27536;nc
A;G005452;1540;annette;teresa;adams;64;f;w;wilmington;shipwatch;8811;28412;nc
A;G004428;1541;kirk;karl;kindl;28;m;w;sanford;creekview;1148;27330;
A;G004709;1542;mary;cale;heisey;25;f;m;charlotte;7th;2108;28204;pa
A;G006644;1543;kaleb;seth;chaparro;18;m;m;boone;locust east dorm;175;28608;
A;G005702;1544;david;paul;krivonak;66;f;w;chapel hill;dogwood;522;27516;ri
A;G003447;1545;makeisha;sherrell;pittman;30;f;b;rocky mount;otis;114;27801;nc
A;G003028;1546;anna;michelle;crane;31;f;w;durham;clarion;803;27705;va
A;G003459;1547;kevin;omega;speight;24;m;b;whitakers;speight chapel;3334;27891;nc
A;G005978;1548;barbara;;brailsford green;62;f;b;archdale;ashbrook;6136;27263;sc
A;G000140;1549;joseph;williamson;stewart;47;m;w;burlington;huntington;710;27215;nc
A;G002528;1550;patsy;gale;jones;70;f;w;lexington;jolly;1092;27292;nc
A;G004691;1551;valerie;pearl;owens;40;f;o;charlotte;illoria;10126;28273;nj
A;G002650;1552;larry;macks;owen;60;m;w;lexington;travis;138;27295;nc
A;G004726;1553;mildred;;olivera;57;f;o;charlotte;amber glen;11206;28269;pr
A;G001142;1554;jacqueline;;campbell;57;f;b;kannapolis;wood;404;28083;ga
A;G002662;1555;mary;allison;quinn;62;f;w;winston salem;meadowlands;1089;27107;pa
A;G001082;1556;pamela;renee;taylor;48;f;w;kannapolis;desoto;1004;28083;
A;G004938;1557;tiffany;crystal;meyers;35;u;u;charlotte;tryon;3815;28206;
A;G001622;1558;philip;albert taylor;dellinger;45;m;w;hickory;9th st;1913;28602;nc
A;G004500;1559;la paris;deshawn;crawford;31;f;b;stanley;sifford;7511;28164;nc
A;G005997;1560;bethany;mitchell;solberg;45;f;w;randleman;teal;4872;27317;nc
A;G006166;1561;kymberlee;charmayne;bradley;26;f;b;norwood;clearview;100;28128;nc
A;G006594;1562;lucia;fernanda;doss;49;f;w;wake forest;pearce;430;27587;nc
A;G003580;1563;joseph;randolph;rumley;37;m;w;kernersville;fall;408;27284;nc
A;G005905;1564;alexcia;grant;gill;21;f;b;greenville;gateway west hall;569;27858;nc
A;G000780;1565;james;ranelins;mayberry;55;m;w;candler;glider;316;28715;nc
A;G006412;1566;christin;kiel;johnson;33;f;w;raleigh;makena;5104;27615;wv
A;G005902;1567;sharde;yvetta mae;jones;33;f;b;greenville;norcott;1814;27834;nc
A;G003556;1568;janice;marie;mbaye;54;f;b;winston salem;moses lucas;290;27101;oc
A;G006504;1569;teon;keshaw;parker;22;m;b;raleigh;willowglen;8200;27616;
A;G001868;1570;elliott;leroy;jones;59;m;b;edenton;kimberly;407;27932;
A;G000125;1571;robert;james;muszynski;75;m;w;gibsonville;alyssa;104;27249;ct
A;G004476;1572;bethany;grace;rouse;35;f;w;grifton;skeeter pond;6563;28530;wv
A;G004920;1573;rhonda;annette;young;53;f;w;matthews;savannah hills;3409;28105;nc
A;G004828;1574;cathy;blanton;carpenter;60;f;w;charlotte;long creek green;9506;28216;
A;G001583;1575;jason;scott;byrd;48;m;w;hickory;20th av;1655;28601;oh
A;G003554;1576;solomon;;colvin jones;29;m;b;kernersville;tom;103;27284;nc
A;G006671;1577;monica;elizabeth;doyle;29;f;w;wilkesboro;alpine;212;28697;nc
A;G005168;1578;alisa;tisdale;ewald;33;f;w;charlotte;wensley;2227;28210;sc
A;G006048;1579;kristin;arelia;brewington;27;f;i;pembroke;stanley;49;28372;nc
A;G006585;1580;james;clifford;cobbett;51;m;w;wendell;woodie;2709;27591;nh
A;G001414;1581;thomas;brungart;keefer;52;m;w;morehead city;pamlico;210;28557;nc
A;G006130;1582;james;rayford;cartner;70;m;w;salisbury;waters;430;28146;nc
A;G004684;1583;morghan;kyla;day;27;f;b;charlotte;jessica leigh;4039;28269;
A;G006579;1584;audrey;p;moorefield;47;f;w;raleigh;shanda;6209;27609;nc
A;G006126;1585;joseph;;eaddy;50;m;b;salisbury;ashwood;1030;28146;sc
A;G006642;1586;erik;pearce;sommers;35;m;w;boone;glendamere;111;28607;nc
A;G006218;1587;mildred;brantley;williams;69;f;w;elkin;ivy;200;28621;nc
A;G005581;1588;crystal;patrice;denson;36;f;b;jackson;church;502;27845;va
A;G005938;1589;michael;david;galligan;23;m;w;greenville;treybrooke;800;27834;nc
A;G006083;1590;theresa;f;woodle;60;f;w;reidsville;wheeler;439;27320;nc
A;G006239;1591;anna;michelle;boswell;45;f;w;wingate;belk mill;3322;28174;nc
A;G002690;1592;grace;;duarte;33;f;w;thomasville;doak;1004;27360;tx
A;G006426;1593;gail;;flowers;61;f;b;raleigh;gateway park;730;27601;nc
A;G005120;1594;natalee;;nieves;29;f;o;charlotte;endolwood;5002;28215;ny
A;G003983;1595;leanne;elizabeth;king;25;f;w;mooresville;blackberry creek;152;28115;nc
A;G006578;1596;sheila;r;gooding;59;f;w;raleigh;timber;5805;27606;nc
A;G006233;1597;rickey;dale;brockington;33;m;b;elizabethtown;owen hill;3570;28337;nc
A;G006653;1598;leonard;duane;glance;75;m;w;goldsboro;tinderwood;104;27534;mi
A;G006120;1599;sarah;lane;lawrence;26;f;w;china grove;daugherty;1930;28023;sc
A;G005961;1600;letreya;antoinette;parker;34;f;b;archdale;brookwood;809;27263;wy
A;G002947;1601;raymond;melton javon;summerville;39;m;b;durham;joel;27;27703;fl
A;G002786;1602;jessica;smith;mendoza;35;f;w;advance;beauchamp;1259;27006;nc
A;G005359;1603;linda;faye;arrington;43;f;b;rocky mount;meredith;109;27804;
A;G004867;1604;badeer;m;bizri;39;m;w;charlotte;lansdale;1833;28205;nc
A;G002560;1605;joshua;robert;bush;37;m;w;high point;jennifer;806;27265;pa
A;G005830;1606;william;h;lueckenbach;59;m;w;hampstead;windsor;123;28443;wi
A;G006277;1607;katherine;anna;gerber;31;f;w;henderson;clark;124;27537;nc
A;G003528;1608;sean;lamont;thompson;37;m;b;kernersville;cherry cove;451;27284;nj
A;G006540;1609;don;;fick;50;m;w;cary;gallberry;503;27519;ny
A;G003683;1610;curtis;dwight;stone;68;u;u;winston salem;falcon tree;1801;27127;va
A;G005051;1611;fred;clinton;christon;30;m;b;charlotte;charleston place;1800;28212;nc
A;G000740;1612;james;travis;keefer;52;m;a;leicester;colton;78;28748;in
A;G002566;1613;hali;ann;bateman;29;f;w;winston salem;aztec;119;27107;nc
A;G004854;1614;estella;m;johnson;47;f;i;charlotte;choyce;1229;28217;ca
A;G000224;1615;eddie;michael;headen;64;m;b;graham;parker;207;27253;nc
A;G002613;1616;stephen;clark;anderson;32;m;w;thomasville;deerfield;18;27360;va
A;G000185;1617;jason;;mccrimmon;36;m;b;burlington;dorsett;2201;27215;nc
A;G002890;1618;rogers;;miller;69;m;b;durham;plum;1023;27701;sc
A;G005973;1619;terry;white;worrell;58;f;w;asheboro;cranford;164;27203;nc
A;G004765;1620;melody;renee;pace;62;f;w;charlotte;riverhaven;11625;28214;nc
A;G000038;1621;jeffrey;alan;apple;47;m;w;gibsonville;park;823;27249;nc
A;G001978;1622;jasmine;yvette;mcclendon;26;f;b;chadbourn;brown;321;28431;nc
A;G004700;1623;brandon;lamar;gause;27;m;b;charlotte;wagon oak;6608;28212;
A;G003495;1624;alex;vernon;starbuck;31;m;w;kernersville;oakhurst;302;27284;nc
A;G005827;1625;paul;scott;faris;77;m;w;surf city;sea urchin;105;28445;sc
A;G003490;1626;jerome;antione;davis;53;m;b;winston salem;patterson;3035;27105;nc
A;G005770;1627;bonnie;kostello;rhudy;50;f;w;washington;simmons;214;27889;nc
A;G000170;1628;charles;phillip;jordan;45;m;w;burlington;nc hwy 62;6166;27215;nc
A;G005585;1629;barbara;shipe;mullin;69;f;w;jacksonville;christine;721;28540;ny
A;G004699;1630;emerson;lee;claypoole;53;m;w;charlotte;alexander martin;10484;28277;ky
A;G004521;1631;michael;shane;picklesimer;62;m;w;iron station;highway 27;4400;28080;nc
A;G004989;1632;katharine;shuster;correll;35;f;w;charlotte;greentree;1037;28211;
A;G001909;1633;alba;;mendez;72;f;o;kings mountain;erskine;714;28086;oc
A;G004528;1634;caleb;wiley;cato;30;m;w;lincolnton;palisades;214;28092;nc
A;G001852;1635;arlene;riddle;dockery;58;f;w;andrews;aquone;635;28901;nc
A;G004768;1636;jesse;kenneth;clark;35;m;w;charlotte;olmsted;9225;28262;nc
A;G000536;1637;william;bachus;westall;70;m;w;candler;laurel hill;38;28715;nc
A;G006003;1638;michael;aaron;yuhasz;44;m;w;thomasville;new york;106;27360;oh
A;G002630;1639;ronald;paul;notarianni;60;m;u;high point;forester;758;27265;ri
A;G006110;1640;brianna;nichole;el;24;f;b;salisbury;innes;2300;28144;
A;G005145;1641;james;b;linder;88;m;w;charlotte;34th;1215;28205;
A;G004644;1642;holly;lynn;haas;39;f;w;charlotte;open field;3331;28226;il
A;G001939;1643;amanda;sue;kohl;51;f;w;lawndale;casar belwood;927;28090;
A;G003670;1644;addison;davis;oliver;56;m;w;kernersville;tulane;900;27284;ks
A;G006658;1645;charles;lavern;edmundson;54;m;b;goldsboro;dixie;600;27530;
A;G004490;1646;chazz;jamahl;surratt;21;m;b;lincolnton;arbor run;207;28092;nc
A;G005975;1647;andrew;perry;nelson;45;m;w;randleman;old castle;659;27317;nc
A;G003869;1648;jayme;dale;mallindine;29;f;w;hendersonville;creekwalk;135;28792;nc
A;G002882;1649;marcus;james;dillon;39;m;w;durham;horseshoe;1032;27703;nc
A;G000721;1650;margaret;lynne;smith;73;f;w;asheville;pace;300;28806;oh
A;G003675;1651;melanie;hoffman;morris;44;f;w;kernersville;coltsgate;189;27284;nc
A;G006574;1652;hampton;gantt;apple;27;m;w;raleigh;scarlet maple;2119;27606;
A;G005304;1653;evelyn;champ;mead;96;f;w;southern pines;tanglewood;43;28387;ny
A;G005974;1654;courtney;michelle;foster;38;f;w;randleman;stout;112;27317;fl
A;G005064;1655;braulio;;culcay;23;m;u;huntersville;bryton;11216;28078;ny
A;G004846;1656;roberta;b;underhill;78;f;w;charlotte;dunaire;3121;28205;
A;G004766;1657;elizabeth;anne;watkins;58;f;w;charlotte;sardis oaks;10135;28270;
A;G001544;1658;harold;ross;corbett;30;m;w;providence;park springs;1074;27315;nh
A;G006035;1659;marlene;nicole;miles;39;f;b;maxton;mccallum;311;28364;ny
A;G006094;1660;thomas;b;brown;67;m;b;eden;ridge;1304;27288;nj
A;G006456;1661;brian;eugene;montgomery;58;m;w;raleigh;summit arbor;4805;27612;in
A;G006403;1662;laura;anne;wilt;46;f;w;wake forest;stroud;860;27587;il
A;G006242;1663;michelle;lee;goelzer;45;f;w;monroe;prospect pointe;6828;28112;nc
A;G004672;1664;gaetano;guy;ranno;36;m;w;charlotte;eastcrest;1507;28205;ma
A;G004969;1665;kia;jean;ellington;48;f;b;charlotte;glenfiddich;1108;28215;
A;G006123;1666;daniel;marcos;torres;33;m;w;salisbury;airport;2867;28147;ny
A;G004987;1667;lauren;elizabeth;seeley;36;f;w;charlotte;hackberry creek;6240;28269;ny
A;G001814;1668;sandra;;gonzalez;50;f;u;siler city;olympia;114;27344;oc
A;G005021;1669;shelia;r;jackson;40;f;b;charlotte;mt kisco;1313;28213;nc
A;G004794;1670;devin;marie;andre;39;f;w;charlotte;pheasant glen;1912;28214;ny
A;G005618;1671;brenda sue;cox;mintz;73;f;w;swansboro;old hammock;238;28584;
A;G006464;1672;jaleel;james;johnson;24;m;b;raleigh;collegiate;1441;27606;nj
A;G005968;1673;vickie;may;gallimore;51;f;w;archdale;jessica;5243;27263;nc
A;G002250;1674;jalene;marie;griffith;39;f;w;fayetteville;sawtooth;320;28314;ca
A;G002768;1675;richard;wade;vaughan;67;m;w;advance;rainbow;466;27006;fl
A;G003767;1676;adam;patrick;kemblowski;33;m;w;sanford;fox wood south;138;27332;ny
A;G003561;1677;stacey;m;ladd;44;f;w;kernersville;bent creek;376;27284;fl
A;G006090;1678;john;sylvester;wheeler;70;m;b;reidsville;lala;270;27320;nc
A;G006184;1679;brenda;;lapeyrolerie;59;f;i;walnut cove;old plantation;1377;27052;la
A;G001002;1680;jennifer;elaine;bullock;38;f;w;concord;dunberry;4613;28027;ny
A;G001002;1681;jennifer;elaine;bullock;38;f;w;charlotte;valcourt;5130;28216;ny
A;G006413;1682;kathryn;marie;meyer;43;f;w;raleigh;astro;3412;27604;nj
A;G006413;1683;kathryn;m;conlin;43;f;w;raleigh;plainview;210;27604;nj
A;G004864;1684;daniel;sebastian;huffenus;54;m;w;charlotte;clavemorr glenn;8717;28226;nj
A;G004864;1685;daniel;sebastian;huffenus;54;m;u;charlotte;clavemorr glenn;8717;28226;nj
A;G003763;1686;emily;anne;woodrum;33;f;w;greenville;brownlea;117;27858;
A;G003763;1687;emily;woodrum;dejesus;33;f;w;fuquay varina;wilkes lake;2957;27526;nc
A;G004972;1688;sherri;belles;yager;49;f;w;charlotte;mahonia;10317;28277;pa
A;G004972;1689;sherri;belles;yager;49;f;w;waxhaw;summit view;1905;28173;pa
A;G004823;1690;melissa;leigh;brown;39;f;w;matthews;cedar chase;2813;28105;
A;G004823;1691;melissa;leigh;brown;39;f;w;matthews;matthews commons;915;28105;nc
A;G004642;1692;olga;julia;goodman;33;f;w;charlotte;vinca;9630;28213;ny
A;G004642;1693;olga;julia;cortez;33;f;u;charlotte;silverberry;1621;28214;ny
A;G000519;1694;gay;ray;huff;80;f;w;leicester;green valley;367;28748;nc
A;G000519;1695;gay;ray;huff;80;f;w;leicester;green valley;367;28748;nc
A;G000673;1696;jamie;leanne;gosey;24;f;w;mooresboro;lake;223;28114;nc
A;G000673;1697;jamie;leanne;gosey;24;f;w;boone;ambling way;289;28607;nc
A;G000709;1698;joseph;;scheliga;66;m;w;garner;pisgah;104;27529;ny
A;G000709;1699;joseph;;scheliga;66;m;w;hampstead;topsail greens;127;28443;ny
A;G001449;1700;charlza;lynn;babcock;71;f;w;newport;chatham;154;28570;la
A;G001449;1701;charlza;lynn;babcock;71;f;w;waynesville;crawford;410;28785;la
A;G003838;1702;weaver;ballou;haney;53;m;w;canton;cruso;14374;28716;nc
A;G003838;1703;weaver;ballou;haney;53;m;w;raleigh;ligon;2921;27607;nc
A;G002403;1704;johnathan;blair;ledford;31;u;u;fayetteville;pepperwood;947;28311;
A;G002403;1705;johnathan;blair;ledford;31;m;w;boone;glendamere;118;28607;nc
A;G006447;1706;kevin;m;joesph;41;m;b;raleigh;elizabeth bennet;8823;27616;oc
A;G006447;1707;kevin;marcus;joseph;41;m;b;raleigh;adian;401;27606;la
A;G002599;1708;victoria;;chappell;26;f;w;lexington;forest hill;24;27295;
A;G002599;1709;victoria;chappell;shelton;26;f;w;liberty;nc hwy 49;2931;27298;nc
A;G004613;1710;candace;ann;solomon;50;f;w;banner elk;sugar top;303;28604;nc
A;G004613;1711;candace;ann;solomon;50;f;w;banner elk;shawnee;2711;28604;nc
A;G005855;1712;brigid;matheson;o boyle;29;f;w;greenville;bostic;3960;27834;nc
A;G005855;1713;brigid;matheson;oboyle;29;f;w;raleigh;morgans;8508;27613;nc
A;G005178;1714;ginny;johnson;lewis;27;f;w;charlotte;saxonbury;4326;28269;nc
A;G005178;1715;ginny;johnson;lewis;27;f;w;asheboro;westmont;749;27205;nc
A;G003521;1716;robert;kevin;owens;26;m;w;clemmons;harper;3210;27012;nc
A;G003521;1717;robert;kevin;owens;26;m;w;wilmington;greens ferry;4211;28409;nc
A;G003882;1718;michelle;ann;terenzi;27;f;w;fletcher;stoney brook;51;28732;
A;G003882;1719;michelle;ann;terenzi;27;f;w;boone;king;229;28607;fl
A;G001105;1720;joshua;darren;sanders;30;m;w;landis;zion;511;28088;nc
A;G001105;1721;joshua;darren;sanders;30;m;w;kannapolis;westen acres;260;28081;nc
A;G003773;1722;andrew;james;rubley;30;m;w;angier;nicholas;87;27501;in
A;G003773;1723;andrew;james;rubley;30;m;w;fuquay varina;larktree;331;27526;in
A;G001045;1724;rasheika;sade;oneal;28;f;b;kannapolis;rogers lake;804;28081;nc
A;G001045;1725;rasheika;sade;o neal;28;f;b;concord;carrie;218;28027;nc
A;G004118;1726;jeffrey;vincent;cox;37;m;w;fleetwood;sunnyview;441;28626;fl
A;G004118;1727;jeffrey;vincent;cox;37;m;w;denver;smith cove;2351;28037;fl
A;G004681;1728;arsena;stephanie;schroeder;27;f;b;charlotte;craighead;433;28206;pa
A;G004681;1729;arsena;stephanie;schroeder;27;f;b;charlotte;craighead;433;28206;pa
A;G004482;1730;joseph;cameron;justice;31;m;w;kinston;king william;2831;28504;va
A;G004482;1731;joseph;cameron;justice;31;m;w;wake forest;durham;801;27587;va
A;G004787;1732;heather;gragnani;wheatley;40;f;w;wilmington;bayshore;237;28411;va
A;G004787;1733;heather;marie;hipple;40;f;w;waxhaw;glynwater;1107;28173;
A;G003719;1734;william;ryan;boone;39;m;w;smithfield;tralee;642;27577;nc
A;G003719;1735;william;ryan;boone;39;m;w;garner;benson;4401;27529;nc
A;G005760;1736;melvin;randy;sawyer;28;m;w;washington;blake;473;27889;nc
A;G005760;1737;melvin;randy;sawyer;28;m;w;washington;rivercreek;5505;27889;nc
A;G003944;1738;justin;kyle;gibbs;28;m;w;fairfield;north lake;7334;27826;nc
A;G003944;1739;justin;kyle;gibbs;28;m;w;greenville;5th;2901;27858;nc
A;G001411;1740;cameron;shanne;thompson;31;m;w;cedar point;vfw;194;28584;nc
A;G001411;1741;cameron;s;thompson;31;m;w;hubert;abbitts branch;150;28539;
A;G003090;1742;tremaine;jerome;baker;34;m;b;morrisville;keystone park;705;27560;nc
A;G003090;1743;tremaine;jerome;baker;34;m;b;wake forest;bramden;9320;27587;nc
A;G005006;1744;rene;;couret;39;f;m;charlotte;southwest;3112;28216;ca
A;G005006;1745;rene;elaine;couret;39;f;o;raleigh;hills;6204;27609;ca
A;G001777;1746;john;reeves;carpenter;38;m;w;apex;chapel view;230;27523;nc
A;G001777;1747;john;reeves;carpenter;38;m;w;lincolnton;springs;999;28092;nc
A;G002830;1748;patricia;parker;frazier;72;f;w;rocky point;arlington;196;28457;nc
A;G002830;1749;patricia;aacker;conway;72;f;w;rocky point;arlington;196;28457;nc
A;G006040;1750;anniatha;shepard;frazier;67;f;b;lumberton;parrot;91;28360;nc
A;G006040;1751;anniatha;s;frazier mcmillan;67;f;b;lumberton;parrot;91;28360;nc
A;G000317;1752;jahson;hashim ojore ro;jno baptiste;25;m;b;leland;gum branch;3970;28451;ma
A;G000317;1753;jahson;;jno baptiste;25;m;b;leland;gum branch;3970;28451;ma
A;G001890;1754;morgan;clay;morrison;30;f;w;fallston;ross;131;28042;nc
A;G001890;1755;morgan;clay;morrison;30;f;w;brevard;shepard;30;28712;nc
A;G006506;1756;elena;;kyriakoulis;25;f;w;raleigh;laurnet;10833;27614;vt
A;G006506;1757;elena;;kyriakoulis;25;f;u;boone;brown white dorm;140;28608;
A;G005540;1758;diretta;williams;robinson;62;f;b;hampstead;leeward;127;28443;nc
A;G005540;1759;diretta;williams;robinson;62;f;b;rocky point;harrison creek;1146;28457;
A;G005443;1760;patrick;carter;ledbetter;28;m;w;wilmington;ingleside;6246;28409;nc
A;G005443;1761;patrick;carter;ledbetter;28;m;w;greenville;fleming hall;151;27858;nc
A;G001963;1762;santeidra;eunae;bland;34;f;b;bolton;sam potts;15133;28423;nc
A;G001963;1763;santeidra;eunae;bland cherry;34;f;b;riegelwood;canal;100;28456;nc
A;G002714;1764;steven;gale;godwin;34;m;w;clemmons;meadowfield;204;27012;nc
A;G002714;1765;steven;gale;godwin;34;m;w;pfafftown;bramblewood;1913;27040;nc
A;G000963;1766;timothy;webb;davis;58;m;w;morganton;anderson;204;28655;nc
A;G000963;1767;timothy;webb;davis;58;m;w;ellenboro;hollis;1323;28040;nc
A;G002881;1768;garriel;kenneth;griffin;37;m;w;durham;ninth;1013;27705;wa
A;G002881;1769;gabriel;k;griffin;37;m;w;durham;rosemary;1301;27705;wa
A;G003478;1770;shanesha;denise;walker;25;f;m;kernersville;oakhurst;227;27284;
A;G003478;1771;shanesha;denise;walker;25;f;m;winston salem;granite;1622;27107;nc
A;G001202;1772;julie;shawn;milligan;44;f;w;davidson;traders;10846;28036;ma
A;G001202;1773;julie;shawn;milligan;44;f;w;hamptonville;overland;1014;27020;ma
A;G003331;1774;lisa;ann;pressley;51;f;w;morrisville;princess;206;27560;md
A;G003331;1775;lisa;ann;pressley;51;f;w;holly springs;braedenfield;2120;27540;md
A;G005050;1776;allison;jennifer;young;37;f;w;chapel hill;estes;250;27514;nc
A;G005050;1777;allison;jennifer;young;37;f;w;chapel hill;melanie;469;27514;nc
A;G002333;1778;philip;christopher;hall;47;m;w;fayetteville;mccloskey;736;28311;wv
A;G002333;1779;philip;christopher;hall;47;m;w;dunn;newton grove;7541;28334;wv
A;G003694;1780;benjamin;alexander;melton;30;m;w;tobaccoville;rolling view;6900;27050;nc
A;G003694;1781;benjamin;alexander;melton;30;m;w;sylva;treehaven;63;28779;nc
A;G005131;1782;shamarion;drummer;attaway;29;f;b;charlotte;killarney;2106;28262;nc
A;G005131;1783;shamarion;drummer;attaway;29;f;b;salisbury;henderlite;219;28144;nc
A;G003499;1784;stacy;michelle;mccuen;39;f;w;winston salem;country club;4755;27104;nc
A;G003499;1785;stacy;michelle;mccuen;39;f;w;charlotte;meadow lakes;8337;28210;nc
A;G005753;1786;donald;earl;smith;59;m;w;belhaven;smith shore;493;27810;nc
A;G005753;1787;donald;earl;smith;59;m;w;hampstead;bishop;625;28443;nc
A;G000546;1788;jonathan;marshall;jones;35;m;w;asheville;kensington;2000;28803;nc
A;G000546;1789;jonathan;marshall;jones;35;m;w;valdese;gardiol;805;28690;nc
A;G000424;1790;katherine;dare;harrison;55;f;w;oak island;trott;313;28465;nc
A;G000424;1791;katherine;dare;harrison;55;f;w;new bern;lynn;902;28560;nc
A;G004219;1792;michelle;williams;wallace;48;f;b;selma;brentwood;51;27576;nj
A;G004219;1793;michelle;williams;wallace;48;f;b;garner;abberly crest;335;27529;nj
A;G002828;1794;daniel;alan;tyndall;40;m;w;mt olive;north duplin school;233;28365;nc
A;G002828;1795;daniel;alan;tyndall;40;m;w;wilmington;willoughby park;1410;28412;nc
A;G002276;1796;thomas;warren;baker;68;m;w;fayetteville;dunn;2224;28312;nc
A;G002276;1797;thomas;warren;baker;68;m;w;white lake;pine cove;89;28337;nc
A;G002958;1798;jessica;thompson;wells;39;f;w;durham;holt school;4301;27704;nc
A;G002958;1799;jessica;ruth;thompson;39;f;w;raleigh;sunny corners;2710;27614;nc
A;G002904;1800;naisha;dimples;mcmillan;23;f;b;durham;pritchard;1801;27707;nc
A;G002904;1801;naisha;d;mcmillan;23;f;b;durham;broad;2112;27705;nc
A;G001089;1802;christopher;s;crutchfield;40;m;w;concord;thompson;1815;28025;
A;G001089;1803;christopher;stephen;crutchfield;40;m;w;charlotte;old concord;9405;28213;ny
A;G005314;1804;deirdre;anne;donoghue;55;f;w;whispering pines;lakeshore;90;28327;ny
A;G005314;1805;deirdre;a;donoghue;55;f;w;raleigh;cart track;7712;27615;ny
A;G003517;1806;trevia;michelle;brim;42;f;b;winston salem;vista;350;27106;nc
A;G003517;1807;trevia;michelle;brim;42;f;b;eden;chestnut;115;27288;nc
A;G003031;1808;danny;christopher;hill;59;m;w;timberlake;derwin;173;27583;nc
A;G003031;1809;danny;christopher;hill;59;m;w;raleigh;tetbury;4504;27613;nc
A;G003391;1810;donnell;ward;sedgwick;62;m;b;rocky mount;charity;106;27801;va
A;G003391;1811;donnell;ward;sedgwick;62;m;b;rocky mount;woods walk;3036;27804;va
A;G000388;1812;jimmy;lewis;tatum;46;m;w;ocean isle beach;ocean haven;1860;28469;nc
A;G000388;1813;jimmy;lewis;tatum;46;m;w;fayetteville;camden;3858;28306;nc
A;G004576;1814;ebonie;markeeta;brown;31;f;b;williamston;carolina pines;103;27892;nc
A;G004576;1815;ebonie;;murphy;31;f;b;greenville;brook creek;4120;27858;
A;G001238;1816;megan;rhoda;hughes;46;f;b;charlotte;m;423;28204;ks
A;G001238;1817;megan;rhoda;allison;46;f;b;davidson;stuttgart;17508;28036;ks
A;G001755;1818;debra;ann;sawyer;50;f;w;moncure;mill stone rd;261;27559;ny
A;G001755;1819;debra;ann;lefton;50;f;w;clayton;wyndfall;234;27527;ny
A;G001479;1820;jeremiah;daniel;bunting;31;m;w;havelock;china;109;28532;va
A;G001479;1821;jeremiah;daniel;bunting;31;m;w;holly springs;jasper point;140;27540;va
A;G002347;1822;mathew;loyal;fitch;49;m;w;hope mills;rossendale;404;28348;ca
A;G002347;1823;mathew;loyal;fitch;49;m;w;charlotte;tunston;6429;28269;ca
A;G001979;1824;eric;hubert;jenkins;44;m;w;whiteville;hallsboro;8363;28472;nc
A;G001979;1825;eric;hubert;jenkins;44;m;w;chadbourn;rough and ready;6729;28431;nc
A;G002072;1826;lloyd;sterling;bennett;59;m;w;new bern;us 17;2958;28560;nc
A;G002072;1827;lloyd;sterling;bennett;59;m;w;burgaw;malpass corner;256;28425;nc
A;G005474;1828;rhonda;yvonne;vega;57;f;o;wilmington;hooker;206;28403;
A;G005474;1829;rhonda;yvonne;vega;57;f;w;holly springs;goosehaven;4505;27540;oc
A;G000423;1830;nancy;r;padgett;76;f;w;carolina beach;rocky mount;805;28428;nc
A;G000423;1831;nancy;russell;padgett;76;f;w;wilmington;alder ridge;4520;28412;nc
A;G001150;1832;otis;john;huntley;26;m;b;concord;amber;309;28025;ny
A;G001150;1833;otis;john;huntley;26;m;b;carthage;needmore;395;28327;ny
A;G002967;1834;kylie;edwards;harris;44;f;w;chapel hill;north hill;7201;27514;nc
A;G002967;1835;kylie;edwards;harris;44;f;w;chapel hill;kenmore;729;27514;nc
A;G000239;1836;nancy;anne;depalma;57;f;w;mebane;fifth;505;27302;ny
A;G000239;1837;nancy;anne;depalma;57;f;w;pittsboro;sunny ridge;94;27312;ny
A;G005539;1838;john;albert;temple;44;m;w;wilmington;wagon;1430;28412;nj
A;G005539;1839;john;albert;temple;44;m;w;hampstead;highlands;346;28443;nj
A;G002986;1840;juan;carlos;verdin;39;m;u;durham;shiley;1319;27704;
A;G002986;1841;juan;carlos;verdin;39;m;u;cary;dominion oak;727;27519;in
A;G001879;1842;e;steve;smith;72;m;w;mooresboro;mckinney;3520;28114;nc
A;G001879;1843;ernest;steve;smith;72;m;w;mooresboro;mckinney;3520;28114;nc
A;G004497;1844;wayne;edward;young;60;m;w;iron station;orchard;4255;28080;nc
A;G004497;1845;wayne;edward;young;60;m;w;vale;bill ledford;6320;28168;nc
A;G002043;1846;melvin;thomas;hardy;35;m;w;fort bragg;arnhem;37;28307;nc
A;G002043;1847;melvin;thomas;hardy;35;m;w;oriental;nc hwy 55;22728;28571;nc
A;G001284;1848;lydia;madaris;efird;34;f;w;harrisburg;camelot;8406;28075;nc
A;G001284;1849;lydia;madaris;efird;34;f;w;harrisburg;camelot;8406;28075;nc
A;G002233;1850;ivey;;cherry;46;m;b;fayetteville;carver oaks;6320;28311;nj
A;G002233;1851;ivey;;cherry;46;m;u;elizabethtown;wilton;141;28337;
A;G004855;1852;darryl;;rone;53;m;b;huntersville;sweetfield;6816;28078;tn
A;G004855;1853;darryl;;rone;53;u;u;matthews;parrish;10809;28105;
A;G006329;1854;trenae;;cash;23;f;b;apex;cortland;2909;27539;sc
A;G006329;1855;trenae;deatrice;cash;23;f;b;apex;cortland;2909;27539;sc
A;G004580;1856;rayford;dale;williams;56;m;b;williamston;sandy hill;1245;27892;nc
A;G004580;1857;rayford;dale;williams;56;m;b;blounts creek;williams;106;27814;nc
A;G006369;1858;kurt;robert;blomquist;34;m;w;cary;old bridge;108;27518;md
A;G006369;1859;kurt;robert;blomywist;34;m;w;raleigh;claiborne;1629;27606;md
A;G001562;1860;wesley;scott;dial;53;m;w;hickory;section house;3987;28601;nc
A;G001562;1861;wesley;scott;dial;53;m;w;hickory;section house;3987;28601;nc
A;G005182;1862;christopher;scott;broach;46;m;w;monroe;jones;619;28110;tx
A;G005182;1863;christopher;scott;broach;46;m;w;waxhaw;rehobeth;5618;28173;tx
A;G006205;1864;doris;ann;mckay;46;f;w;elkin;mining ridge ch;4616;28621;sc
A;G006205;1865;doris;ann;mckay;46;f;w;state road;mining ridge church;4616;28676;sc
A;G006414;1866;dulcie;lee;carter;52;f;i;cary;alexan;1112;27519;
A;G006414;1867;dulcie;lee;carter;52;f;i;apex;sunny creek;4304;27502;nc
A;G006047;1868;juan;javier;larregur;27;m;b;red springs;lewis mcneill;1370;28377;nc
A;G006047;1869;juan;javier;lerregon;27;m;b;raleigh;south;118;27601;nc
A;G003827;1870;william;ricky;hemphill;61;m;w;maggie valley;mountain;64;28751;fl
A;G003827;1871;william;ricky;hemphill;61;m;w;maggie valley;aquina mountain;64;28751;fl
A;G004566;1872;george;m;stephens;59;m;w;spruce pine;grassy creek falls;812;28777;nc
A;G004566;1873;george;myers;stephens;59;m;w;raleigh;wycliff;2923;27607;nc
A;G002502;1874;robert;raymond;schlegel;41;m;w;frisco;lassiter;51164;27936;nj
A;G002502;1875;robert;raymond;schlegel;41;m;w;rocky mount;pebble brook;7008;27804;nj
A;G003487;1876;shakira;minaya;howard;28;f;b;winston salem;kellys;4645;27101;nc
A;G003487;1877;shakira;minaya;howard;28;f;b;charlotte;walland;11227;28273;nc
A;G006523;1878;yara;oraina;nevarez darr;47;f;u;wendell;todd hill;406;27591;oc
A;G006523;1879;yara;oraina;nevarez darr;47;f;w;wendell;todd hill;406;27591;oc
A;G003976;1880;stacey;ann;elliott;45;f;w;mooresville;oates;189;28117;ny
A;G003976;1881;stacey;ann;smith;45;f;w;troutman;trae;111;28166;ny
A;G003513;1882;vernon;lee;burrow;74;m;w;rural hall;norman;5969;27045;nc
A;G003513;1883;vernon;lee;burrow;74;m;w;walnut cove;sheppard;1180;27052;
A;G003710;1884;karen;marie;anderson;55;f;w;winston salem;brownsboro;4260;27106;va
A;G003710;1885;karen;marie;anderson;55;f;w;east bend;main;461;27018;va
A;G000159;1886;treyvon;ishmeal;alston;25;m;b;burlington;anthony;531;27215;
A;G000159;1887;treyvon;ishmeal;alston;25;m;b;burlington;anthony;531;27215;nc
A;G001115;1888;brian;glynn;adlerstein;29;m;w;charlotte;taranasay;1128;28269;ny
A;G001115;1889;brian;glynn;adlerstein;29;m;w;raleigh;ncsu sullivan;0;27607;ny
A;G004799;1890;scott;brian;hoopingarner;43;m;w;charlotte;hinsdale;2912;28210;fl
A;G004799;1891;scott;brian;hoopingarner;43;m;w;east bend;forbush;5015;27018;fl
A;G005903;1892;shelby;nicole;beltran;27;f;w;greenville;10th;3329;27858;
A;G005903;1893;shelby;nicole;beltran;27;f;w;marshville;elm;516;28103;nc
A;G004221;1894;danielle;francoise;barbour;32;f;w;kenly;jerusalem church;963;27542;nc
A;G004221;1895;danielle;francoise;smith;32;f;w;bailey;windy;7161;27807;nc
A;G000044;1896;andrew;lee;mcclanahan;36;m;w;durham;courtney creek;200;27713;nc
A;G000044;1897;andrew;lee;mcclanahan;36;m;w;wilmington;mcquillan;318;28412;nc
A;G000980;1898;michael;travis;blanton;32;m;w;midland;valley acres;3011;28107;nc
A;G000980;1899;michael;travis;blanton;32;m;w;marion;rocky spur;48;28752;nc
A;G005960;1900;stacy;donise goins;moore;39;f;w;archdale;knollwood;4502;27263;nc
A;G005960;1901;stacy;goins;moore;39;f;w;archdale;huff;4121;27263;nc
A;G002920;1902;micholas;anshon;credle;37;m;b;durham;citrine;112;27703;nc
A;G002920;1903;micholas;a;credle;37;m;b;apex;colony woods;2607;27523;nc
A;G000283;1904;kristie;michelle;watson;36;f;w;shallotte;invishield;711;28470;ky
A;G000283;1905;kristie;michelle;watson;36;f;w;taylorsville;paul payne store;720;28681;ky
A;G006304;1906;shamar;anthony;herndon;34;m;b;raleigh;labrador;4429;27616;va
A;G006304;1907;shamar;anthony;herndon;34;m;b;wendell;raven perch;1133;27591;va
A;G006647;1908;jessica;lynn;harrell;37;f;w;mt olive;corbett hill;593;28365;nc
A;G006647;1909;jessica;lynn;anderson;37;f;w;goldsboro;ebenezer church;671;27530;nc
A;G006492;1910;angela;marie;coticchio;38;f;w;raleigh;asterwood;4603;27606;ny
A;G006492;1911;angela;marie;cotiechio;38;f;w;raleigh;barrington manor;2103;27612;oc
A;G000678;1912;carolyn;sprinkle;bagby;53;f;w;candler;hookers gap;332;28715;nc
A;G000678;1913;carolyn;s;sluder;53;f;w;candler;hookers gap;344;28715;
A;G002145;1914;sandra;;jones;51;f;o;fayetteville;rim;915;28314;
A;G002145;1915;sandra;gomez;jones;51;f;o;fayetteville;cora lee;915;28303;
A;G000378;1916;margaret;proctor;swann;70;f;w;leland;lillibridge;1166;28451;nc
A;G000378;1917;margaret;proctor;swann;70;f;w;wilmington;plantation landing;8613;28411;nc
A;G005590;1918;heather;nicole;kawalski;42;f;w;jacksonville;winn;151;28540;nc
A;G005590;1919;heather;nicole;sasser;42;f;w;fremont;wayne;200;27830;nc
A;G006046;1920;vernon;david;mcallister;55;m;b;white oak;b melvin;133;28399;nc
A;G006046;1921;vernon;david;mcallister;55;m;u;raleigh;pineland;109;27606;nc
A;G002582;1922;timothy;edward;cox;53;m;w;lexington;welcome bethesda;2107;27295;nc
A;G002582;1923;timothy;edward;cox;53;m;w;lexington;welcome bethesda;2107;27295;nc
A;G006380;1924;eric;allen;mann;47;m;w;morrisville;claret;2114;27560;oc
A;G006380;1925;eric;allen;mann;47;m;w;wilson;winding ridge;2703;27893;ri
A;G006052;1926;chad;john;wells;39;m;w;reidsville;flat rock;1617;27320;nc
A;G006052;1927;chad;john;wells;39;m;w;reidsville;holiday loop;2497;27320;nc
A;G002956;1928;zachary;mark;bennett;31;m;w;durham;cove hollow;511;27703;
A;G002956;1929;zachary;mark;bennett;31;m;w;raleigh;james;4111;27604;nc
A;G002049;1930;julieanna;elizabeth;harris;22;f;w;new bern;madam moores;903;28562;nc
A;G002049;1931;julieanna;elizabeth;heririven;22;f;w;new bern;fort;308;28560;nc
A;G001910;1932;kristian;leigh;deaton;24;f;w;shelby;biggers lake;2070;28152;nc
A;G001910;1933;kristian;leigh;deaton;24;f;w;lincolnton;baxter deaton;3111;28092;nc
A;G004652;1934;margaret;m;anderson;66;f;b;charlotte;bridle ridge;4722;28269;ar
A;G004652;1935;margaret;miller;anderson;66;f;b;albemarle;badin;2109;28001;ak
A;G004349;1936;charles;edward;ward;54;m;w;wilmington;fazio;8420;28411;nc
A;G004349;1937;charles;edward;ward;54;m;w;cary;hilltop view;426;27513;nc
A;G005325;1938;essence;tikeria;henderson;24;f;b;rocky mount;haggerty;704;27803;
A;G005325;1939;essence;tikeria;henderson;24;f;b;chapel hill;baity hill;1800;27514;nc
A;G005930;1940;nicholus;lamar;cureton;29;m;b;monroe;confederate;2010;28110;nc
A;G005930;1941;nicholus;lamar;cureton;29;m;b;raleigh;ray;6926;27613;nc
A;G002971;1942;brittany;michelle;edney;32;f;w;durham;albritton;3723;27705;nc
A;G002971;1943;brittany;;edney;32;f;w;wilmington;pierpoint;400;28405;nc
A;G005037;1944;max;a;diggs;57;m;w;matthews;hunters bluff;2307;28105;nc
A;G005037;1945;max;allen;diggs;57;m;w;boone;longview;252;28607;nc
A;G003397;1946;ensurado;tomey;williams;37;m;b;tarboro;mooring;776;27886;nc
A;G003397;1947;ensurado;tomey;williams;37;m;b;rocky mount;peachtree;823;27804;nc
A;G002622;1948;megan;nicole;scouten;28;f;w;lexington;oakwood;844;27295;ny
A;G002622;1949;megan;nicole;hammond;28;f;w;charlotte;stone bluff;5530;28214;ny
A;G005426;1950;debra;gardner;statum;45;f;b;wilmington;10th;607;28401;ga
A;G005426;1951;debra;ann;statum;45;f;b;wilmington;10th;607;28401;
A;G004698;1952;nishant;;sachdev;26;m;o;charlotte;martin luther king jr;255;28202;nj
A;G004698;1953;nishant;;sachdev;26;m;o;charlotte;martin luther king jr;255;28202;nc
A;G004128;1954;robert;bright;elliott;25;m;w;cullowhee;speedwell;237;28723;nc
A;G004128;1955;robert;bright;elliott;25;u;u;forest city;tanners grove;695;28043;
A;G003535;1956;lashawnda;rene;hylton;51;f;b;winston salem;waughtown;2629;27107;nc
A;G003535;1957;lashawnda;rene;hylton;51;f;b;raleigh;pettigrew;203;27610;nc
A;G002975;1958;courtney;olivia;brewington;26;f;m;raleigh;lenoxplace;1024;27603;va
A;G002975;1959;courtney;olivia;brewington;26;f;m;raleigh;barnhill;2200;27603;va
A;G006358;1960;janice;ruth;lassiter;55;u;u;raleigh;swain;420;27601;
A;G006358;1961;janice;s;lassiter;65;f;b;raleigh;swain;420;27601;nc
A;G000667;1962;ashley;davell;edwards;32;f;w;asheville;lee s creek;88;28806;va
A;G000667;1963;ashley;dowell;edwards;32;f;w;piney creek;nc highway 113;10629;28663;va
A;G005195;1964;eric;michael;metcalf;34;m;w;huntersville;carlos;105;28078;nc
A;G005195;1965;eric;michael;metcalf;34;m;w;boone;campus ridge;155;28607;nc
A;G003839;1966;lynda;clark;johnson;51;f;w;waynesville;happy hollow access;102;28786;md
A;G003839;1967;lynda;clark;johnson;51;f;w;waynesville;peters cove;313;28786;md
A;G001922;1968;tara;ellen;mauney;38;f;w;lawndale;charlie elliott;3450;28090;nc
A;G001922;1969;tara;ellen;mauney;38;f;w;ellenboro;old us 74;1169;28040;nc
A;G001161;1970;logan;james;maletta;18;m;w;concord;piper;1471;28025;nc
A;G001161;1971;logan;james;maletta;18;m;w;concord;piper;1471;28025;nc
A;G005419;1972;brent;wayne;mcghee;37;m;w;wilmington;ilex;5118;28412;nc
A;G005419;1973;brent;wayne;mcghee;37;m;w;wilmington;tahoe;417;28412;nc
A;G000872;1974;elizabeth;lawson;dann;90;f;w;morganton;emerald;2862;28655;
A;G000872;1975;elizabeth;lawson;dann;90;f;w;charlotte;walnut springs;10710;28277;oh
A;G001328;1976;andrea;nicole;pennell;34;f;w;lenoir;grandin;4390;28645;nc
A;G001328;1977;andrea;nicole;pennell;34;f;w;crumpler;old hwy 16;8271;28617;nc
A;G002491;1978;johnny;cameron;bryant;56;m;w;robersonville;prison camp;7984;27871;nc
A;G002491;1979;johnny;cameron;bryant;56;m;w;pilot mountain;black mountain;1221;27041;nc
A;G000719;1980;lashawn;michele;horton;49;f;b;arden;sweeten creek;3970;28704;nc
A;G000719;1981;lashawn;michele;horton;49;f;b;asheboro;park;360;27203;nc
A;G001932;1982;tina;brooks;culver;44;f;w;lincolnton;highway 150;5423;28092;nc
A;G001932;1983;tina;brooks;bryant;44;f;w;vale;howard lingerfelt;444;28168;nc
A;G002844;1984;sheila;gail;buckhorn;40;f;w;durham;spinnaker;1;27703;ok
A;G002844;1985;sheila;;jarvis;40;f;a;durham;spinnaker;1;27703;ok
A;G004954;1986;sherrell;nicole;brown;32;f;b;charlotte;armour ridge;13613;28273;nc
A;G004954;1987;sherial;nicole;brown;32;f;b;charlotte;kingspark;2513;28208;nc
A;G002872;1988;lauren;remsen;habel;33;f;w;durham;seeman;120;27701;va
A;G002872;1989;lauren;remsen;habel;33;f;w;raleigh;tallowtree;5200;27613;va
A;G004814;1990;tina;elaine;detorio easter;48;f;w;huntersville;lyman oak;8516;28078;ny
A;G004814;1991;tina;elaine;detorio easter;48;f;w;kannapolis;fairway;1061;28081;ny
A;G004974;1992;jessica;lanee bennett;stafford;33;f;w;charlotte;taos;12209;28277;tn
A;G004974;1993;jessica;lanee bennett;stafford;33;f;w;green mountain;griffith branch;558;28740;tn
A;G006367;1994;juliette;;evans;71;f;b;raleigh;tee dee;1913;27610;nc
A;G006367;1995;juliette;e;steward;71;f;b;raleigh;tee dee;1913;27610;oc
A;G003035;1996;ronnie;lee;daniels;60;m;b;durham;elizabeth;208;27701;nc
A;G003035;1997;ronnie;l;daniels;60;m;b;goldsboro;ash;1300;27530;nc
A;G001269;1998;jessica;martinson;carter;36;u;w;carrboro;old fayetteville;222;27510;
A;G001269;1999;jessica;martinson;carter;36;f;w;winterville;saddleback;2312;28590;nc
A;G000965;2000;vivian;wingate;woodbury;79;f;w;morganton;elm;123;28655;ga
A;G000965;2001;vivian;wingate;brown;79;f;w;asheboro;kenmore;904;27203;ga
A;G004733;2002;marcellie;;young;60;f;b;charlotte;fannie;426;28205;
A;G004733;2003;marcellie;;johnson;60;f;u;charlotte;royal celadon;6304;28269;nc
A;G001844;2004;glenn;franklin;linney;61;m;b;hiddenite;hill river;2054;28636;nc
A;G001844;2005;glenn;franklin;linney;61;m;b;fayetteville;gooden;9455;28314;nc
A;G004278;2006;tonja;felicia;bowser;45;f;b;angier;bounty;65;27501;nc
A;G004278;2007;tonja;felicia;bowser;45;f;b;garner;coalyard;150;27529;nc
A;G000620;2008;emily;louise;weber;44;f;w;asheville;merchant;54;28803;md
A;G000620;2009;emily;louise weber;thome;44;f;w;asheville;merchant;54;28803;md
A;G003457;2010;kim;armstrong;winn;50;f;b;rocky mount;eastern;918;27801;nc
A;G003457;2011;kim;armstrong;winn;50;f;b;rocky point;nc hwy 210;15255;28457;
A;G005603;2012;bobby;gene;mcallister;70;m;b;jacksonville;delight;12;28546;nc
A;G005603;2013;bobby;gene;mcallister;70;m;b;clayton;forty niners;4044;27520;nc
A;G003362;2014;long;thanh;bach;86;m;a;cary;amberglow;228;27513;oc
A;G003362;2015;long;thanh;bach;86;m;a;cary;reed;302;27511;oc
A;G006247;2016;susan;carol;copeland;76;f;w;monroe;willoughby;1101;28110;
A;G006247;2017;susan;carol;copeland;76;f;w;monroe;lexington;2204;28112;mn
A;G005286;2018;denise;jolynn;rivers;63;f;b;carthage;grady w;190;28327;ne
A;G005286;2019;denise;jolynn;rivers;63;f;b;carthage;grady w;190;28327;ne
A;G002456;2020;moira;caitlin;trott;30;f;o;fayetteville;valmont;428;28301;nj
A;G002456;2021;moira;trott;gilbert;30;f;o;cameron;blue bay;90;28326;nj
A;G003877;2022;michael;anthony;russell;35;m;w;flat rock;english heifer cove;152;28731;ma
A;G003877;2023;michael;anthony;russell;35;m;w;flat rock;english heifer cove;152;28731;ma
A;G005559;2024;katherine;ann;lumb;56;f;w;wilmington;wrightsville;5813;28403;pa
A;G005559;2025;katherine;ann;lumb;56;f;w;cary;stonewater glen;2103;27519;pa
A;G004881;2026;matthew;lamar;burns;33;m;w;charlotte;town and country;4441;28226;ga
A;G004881;2027;matthew;lamarr;burns;33;m;w;boone;king;358;28607;ga
A;G006476;2028;sheree;elaine;jackson;26;f;w;cary;searstone;17001;27513;nc
A;G006476;2029;sheree;elaine;jackson;26;f;w;cary;searstone;17001;27513;ga
A;G000039;2030;sierra;;cousin;28;f;b;durham;snowcrest;1507;27707;nc
A;G000039;2031;sierra;s;cousin;28;f;b;mebane;lancaster;221;27302;nc
A;G003518;2032;julie;ann;klever;51;f;w;hendersonville;surry;173;28791;oh
A;G003518;2033;julie;ann;klever;51;f;w;huntersville;salem ridge;14814;28078;oh
A;G004116;2034;michael;wayne;fink;41;m;w;charlotte;shenandoah;2020;28205;
A;G004116;2035;michael;wayne;fink;41;m;w;boone;woodbury;105;28607;
A;G002126;2036;angela;taylor;sydnor;52;f;b;fayetteville;shaw road;2239;28311;sc
A;G002126;2037;angela;joyce;sydnor;52;f;b;fayetteville;shaw road;2239;28311;sc
A;G002506;2038;patricia;virili;gannon;65;f;w;garner;meridian;190;27529;nj
A;G002506;2039;patricia;ann;gannon;65;f;w;wilmington;azalea;341;28409;nj
A;G004877;2040;jesse;boykin;kimmel;32;m;w;davidson;thompson;226;28036;nc
A;G004877;2041;jesse;boykin;kimmel;32;m;w;davidson;houston;303;28036;nc
A;G005049;2042;shardisa;renae;benjamin;24;f;b;charlotte;hilo;418;28206;
A;G005049;2043;shardisa;renae;benjamin;24;u;u;new london;rose;36417;28127;nc
A;G004472;2044;clara;nicole;hart;39;f;b;kinston;fletcher;301;28504;nc
A;G004472;2045;clara;nicole;hart;39;f;b;seven springs;billy price;160;28578;nc
A;G004805;2046;elizabeth;walker;howson;37;f;w;charlotte;fountain view;1711;28203;sc
A;G004805;2047;elizabeth;walker;howson;37;f;w;chapel hill;pritchard;411;27516;sc
A;G002092;2048;joseph;cortez;blount;28;m;b;new bern;hills;2605;28562;nc
A;G002092;2049;joseph;cortez;blount;28;m;b;raleigh;crab orchard;1351;27606;nc
A;G002819;2050;chauncey;william;barnes;52;m;w;jacksonville;oci;513;28540;me
A;G002819;2051;chauncey;william;barnes;52;m;w;jacksonville;glendale;12;28540;me
A;G000842;2052;cecil;junior;owenby;63;m;w;candler;mountain;54;28715;nc
A;G000842;2053;cecil;junior;owenby;63;m;w;hendersonville;starlight;36;28792;nc
A;G001886;2054;fentricia;enzor;beaver;48;f;w;kings mountain;goforth;200;28086;ks
A;G001886;2055;fentricia;enzor;beaver;48;f;w;east flat rock;blue ridge;402;28726;ks
A;G003087;2056;shiva;rena;liverman;37;f;b;durham;cherry creek;2652;27703;nj
A;G003087;2057;shiva;rena;liverman;37;f;b;durham;balfour east;3408;27713;
A;G000263;2058;lydia;marie;robinson;62;f;b;shallotte;holmes;303;28470;ca
A;G000263;2059;lydia;marie;robinson;62;f;b;shallotte;holmes;303;28470;ca
A;G003425;2060;maxine;renee;hinton;53;f;b;tarboro;king;921;27886;nc
A;G003425;2061;maxine;renee;hinton;53;f;b;tarboro;king;921;27886;nc
A;G004140;2062;donald;taliaferro;pole;72;m;w;cashiers;ledgeview;72;28717;wa
A;G004140;2063;donald;taliaferro;pole;72;m;w;wilmington;johnston;329;28412;dc
A;G003368;2064;jonathan;robert;reda;33;m;w;durham;ellis;1533;27703;ny
A;G003368;2065;jonathan;robert;reda;33;m;u;winston salem;echo glen;109;27106;
A;G002110;2066;khadijah;patrice;bryant;24;f;b;new bern;wahoo;106;28562;nc
A;G002110;2067;khadijah;patrice;bryant;24;f;b;goldsboro;benton;308;27530;nc
A;G002474;2068;matthew;robert;krause;22;m;w;moyock;summit farms;236;27958;nj
A;G002474;2069;matthew;rubert;krause;22;m;w;chapel hill;stadium;109;27514;nj
A;G001062;2070;timothy;jason;andrews;35;m;w;concord;lynwood;6400;28027;mo
A;G001062;2071;timothy;jason;andrews;35;m;w;maiden;briar creek;4421;28650;
A;G001160;2072;tyler;ashleigh;shrader;25;f;b;charlotte;danae;6804;28216;nc
A;G001160;2073;tyler;ashleigh;broadnax;25;f;b;charlotte;cypress view;11102;28262;nc
A;G004372;2074;mark;quinto;caccio;64;m;w;clayton;forest oaks;370;27527;ct
A;G004372;2075;mark;quinto;caccio;64;m;w;wilmington;scottsdale;213;28411;ct
A;G004820;2076;kate;rose;mather;40;f;w;charlotte;alexa;5832;28277;
A;G004820;2077;kate;rose;mather;40;f;w;charlotte;alexa;5832;28277;
A;G000272;2078;rachael;lynn;cushing;43;f;w;oak island;11th;150;28465;nh
A;G000272;2079;rachael;lynn;cushing;43;f;w;hendersonville;kanuga;1412;28739;nh
A;G001463;2080;jameson;elaine;whitfield;30;f;b;newport;canton;251;28570;nc
A;G001463;2081;jameson;elaine;whitfield;30;f;b;newport;canton;251;28570;nc
A;G000799;2082;elizabeth;faith;king;30;f;w;leicester;bear creek;2354;28748;nc
A;G000799;2083;elizabeth;faith;king;30;f;w;cullowhee;bonanza;207;28723;nc
A;G000553;2084;nikunj;hasmukh;patel;37;m;a;black mountain;state;600;28711;oc
A;G000553;2085;nikunj;hasmukh;patel;37;m;a;morrisville;arringdon park;5710;27560;oc
A;G001374;2086;sandra;lee;arnold;46;f;w;hudson;wheeling mobile home;1024;28638;md
A;G001374;2087;sandra;lee;arnold;46;u;w;hickory;10th;462;28602;md
A;G000508;2088;vera;argoe;minton;69;f;w;asheville;aiken;315;28804;sc
A;G000508;2089;vera;argoe;minton;69;f;w;winston salem;dunwoody;100;27127;sc
A;G003522;2090;kristin;sue;ayers;28;f;w;winston salem;darwick;1935;27127;
A;G003522;2091;kristin;sue;ayers;28;f;w;greenville;holly glenn;2853;27834;
A;G006023;2092;valerie;marie;gerald;59;f;b;fairmont;private;39;28340;
A;G006023;2093;valerie;marie;gerald;59;f;b;fairmont;lewis;108;28340;pa
A;G003023;2094;thomas;michael;gallagher;24;m;w;hillsborough;hardscrabble;1615;27278;nc
A;G003023;2095;thomas;michael;gallagher;24;m;w;boone;yosef;389;28607;nc
A;G002123;2096;mary;elizabeth;mcintosh;49;f;w;fayetteville;marsh;5566;28306;oc
A;G002123;2097;elizabeth;g;mcintosh;49;f;w;fayetteville;marsh;5566;28306;oc
A;G002960;2098;joanna;haiyoung;yu;37;f;a;durham;big bluff;4;27712;nc
A;G002960;2099;joanna;haiyoung;yu;37;f;a;winston salem;kenwood;1442;27103;nc
A;G001335;2100;daniel;ray;keller;30;m;w;lenoir;virginia;125;28645;nc
A;G001335;2101;daniel;ray;keller;30;m;w;lenoir;virginia;125;28645;nc
A;G004423;2102;richard;alan;lord;67;m;w;sanford;sandalwood;2020;27332;ny
A;G004423;2103;richard;alan;lord;67;m;w;raleigh;morgan;317;27601;ny
A;G004217;2104;ronald;gerald;hinton;50;m;b;smithfield;edgewater;8;27577;nc
A;G004217;2105;ronald;gerald;hinton;50;m;b;clayton;fontana;177;27527;nc
A;G000510;2106;shelly;lynn;mathis;51;f;w;black mountain;azalea;522;28711;ca
A;G000510;2107;shelly;lynn;mathis;51;f;w;hendersonville;davis mountain;1286;28739;ca
A;G000031;2108;stephen;emory;hurysz;28;m;w;graham;old farm;112;27253;nc
A;G000031;2109;stephen;emory;hurysz;28;m;w;greenville;mulberry;1149;27858;nc
A;G000099;2110;craig;leroy;jackson;27;m;b;elon;danieley center;203;27244;
A;G000099;2111;craig;leroy;jackson;27;m;b;wake forest;thompson glenn;920;27587;ca
A;G000288;2112;thomas;alvin;reebel;71;m;w;oak island;13th;119;28465;oh
A;G000288;2113;thomas;alvin;reebel;71;m;w;denton;rima landing;380;27239;oh
A;G002585;2114;lauren;elizabeth;hill;34;f;w;wilmington;tesla park;4522;28412;nc
A;G002585;2115;lauren;elizabeth;hill;34;f;w;asheboro;idlebrook;1623;27205;
A;G005319;2116;matthew;charles;kannan;33;m;w;nashville;benton;3099;27856;nc
A;G005319;2117;matthew;charles;kannan;33;m;w;wilmington;college;4804;28412;nc
A;G003216;2118;james;vernon;johnston;82;m;w;tarboro;nc 42;6812;27886;ky
A;G003216;2119;james;vernon;johnston;82;m;w;winterville;circle;2516;28590;ky
A;G002780;2120;deborah;heaton;whitley;55;u;u;charlotte;brittany;5709;28270;
A;G002780;2121;deborah;heaton;whitley;55;f;w;norwood;nc 138 hwy;12448;28128;nc
A;G002488;2122;william;thomas;bunting;36;m;w;manteo;washington;916;27954;
A;G002488;2123;william;thomas;bunting;36;m;w;winterville;pinetops;2454;28590;nc
A;G001201;2124;tiesha;colleen;lowery;36;f;b;concord;bright orchid;669;28025;nc
A;G001201;2125;tiesha;colleen;lowery;36;f;b;charlotte;williams;6041;28215;nc
A;G001959;2126;kevin;grant;williamson;35;m;w;chadbourn;shade fisher;1243;28431;nc
A;G001959;2127;kevin;grant;williamson;35;m;w;whiteville;maple;203;28472;nc
A;G004377;2128;timmie;wilson;chester;46;m;w;raleigh;turtle point;2332;27604;nc
A;G004377;2129;timmie;wilson;chester;46;m;w;pikeville;crossbow;117;27863;nc
A;G000482;2130;spencer;norman;scheidt;29;m;w;asheville;fulton;19;28801;ca
A;G000482;2131;spencer;norman;scheidt;29;m;w;chapel hill;raleigh;213;27514;ca
A;G004739;2132;catherine;ann;bullock;47;f;b;charlotte;phillips;2625;28208;nc
A;G004739;2133;catherine;ann;soumano;47;f;b;charlotte;phillips;2625;28208;
A;G004648;2134;rebekah;joy;griffin;34;f;w;charlotte;pinewood;7901;28227;sc
A;G004648;2135;rebekah;joy;griffin;34;f;w;charlotte;pinewood;7901;28227;sc
A;G001024;2136;alicia;ja quan;gaddy;30;f;b;kannapolis;mallard pointe;2117;28083;nc
A;G001024;2137;alicia;j;gaddy;30;f;b;charlotte;chelveston;1418;28208;
A;G001111;2138;billie;benfield;atwell;73;f;w;concord;bishop;220;28025;nc
A;G001111;2139;billie;a;kerwin;73;f;w;indian trail;fairington;3601;28079;nc
A;G006545;2140;maria;magdalena;panaro;45;f;w;raleigh;benhart;7105;27613;tx
A;G006545;2141;maria;magdalena;panaro;45;f;w;raleigh;inglehurst;12101;27613;tx
A;G000743;2142;shirlene;r;byas;51;f;w;fairview;old fort;1606;28730;nc
A;G000743;2143;shirlene;renee;byas;51;f;w;marion;mud cut;403;28752;nc
A;G000889;2144;tammy;garland;horne;54;f;w;morganton;us 70;2953;28655;nc
A;G000889;2145;tammy;garland;setzer;54;f;w;morganton;nuckolls;6992;28655;nc
A;G004167;2146;heather;michelle;anderson;30;f;w;middlesex;barnes;885;27557;nc
A;G004167;2147;heather;michelle;anderson;30;f;w;wendell;todd;225;27591;nc
A;G001914;2148;krista;annette;parker;29;f;w;lawndale;kent;111;28090;nc
A;G001914;2149;krista;annette;smith;29;f;w;raleigh;ncsu wood;0;27607;nc
A;G004831;2150;diontray;divan;adams;26;m;b;charlotte;barcliff;6908;28212;dc
A;G004831;2151;diontray;divan;adams;26;m;b;charlotte;barcliff;6908;28212;dc
A;G000899;2152;jody;tyler;deaton;32;m;w;morganton;myrtle;207;28655;nc
A;G000899;2153;jody;tyler;deaton;32;u;w;wilmington;piner;721;28409;
A;G003656;2154;parvin;rafiee;amiri;58;f;w;winston salem;cherryhill;4650;27106;oc
A;G003656;2155;parvin;rafiee;amiri;58;f;u;charlotte;kenilworth;1218;28204;
A;G005648;2156;mahria;frances;crawford;35;f;w;chapel hill;martin luther king jr;875;27514;
A;G005648;2157;maria;frances;crawford;35;f;m;chapel hill;columbia;1006;27514;fl
A;G005422;2158;brendan;seamus;mcgarry;37;m;w;wilmington;long leaf hills;4720;28409;vt
A;G005422;2159;brendan;seamus;mcgarry;37;m;w;wilmington;long leaf hills;4720;28409;vt
A;G000076;2160;patricia;constance;kurt;58;f;w;pittsboro;castle rock farm;5004;27312;ny
A;G000076;2161;patricia;constance;kurt;58;f;w;chapel hill;churchill;716;27517;ny
A;G002655;2162;nancy;lynn;stafford;56;f;w;linwood;clay;243;27299;nc
A;G002655;2163;nancy;lynn;stafford;56;f;w;holly springs;little leaf;720;27540;nc
A;G000238;2164;dwayne;eric;artis;46;u;u;mebane;mcpherson;451;27302;nc
A;G000238;2165;dwayne;eric;artis;46;m;b;raleigh;twickenham;4008;27613;nc
A;G003564;2166;steven;paul;zamorano;34;m;w;clemmons;blakeney;3108;27012;ga
A;G003564;2167;steven;raul;zamorano;34;m;w;charlotte;ashley hill;8460;28262;ga
A;G000848;2168;katherine;virginia;downey;71;f;w;asheville;century;2;28803;ct
A;G000848;2169;katherine;virginia;martin;71;f;w;hendersonville;main;125;28792;ct
A;G002676;2170;mary;elizabeth davis;gordon;67;f;b;thomasville;cable;605;27360;
A;G002676;2171;mary;elizabeth;gordon;67;f;b;winston salem;thurmond;2024;27105;nc
A;G003714;2172;meg;mcintyre;perry;50;f;w;winston salem;redwing;3709;27106;ga
A;G003714;2173;meg;mcintyre;sileo;50;f;w;huntersville;lyon hill;14327;28078;ga
A;G000249;2174;candice;michelle;hodgson;31;f;w;oak island;23rd;105;28465;nc
A;G000249;2175;candice;michelle;hodgson abouelazm;31;f;w;norwood;deland;13318;28128;nc
A;G002187;2176;genea;devon;rahodes;49;f;b;fayetteville;surrey;7023;28306;
A;G002187;2177;genea;devon;rhodes;49;f;b;fayetteville;surrey;7023;28306;nc
A;G002503;2178;bessie;rae;blankenship;71;f;w;thomasville;noahtown;925;27360;dc
A;G002503;2179;bessie;rae;blankenship;71;f;w;roseboro;clinton;807;28382;dc
A;G002469;2180;kent;leonard;olson;48;m;w;grandy;evans;101;27939;mi
A;G002469;2181;kent;leonard;olson;48;m;w;kill devil hills;colington;1017;27948;mi
A;G001431;2182;teresa;starnes;pender;63;f;w;newport;avis;136;28570;nc
A;G001431;2183;teresa;gail;starnes;63;f;w;newport;pearson;635;28570;nc
A;G001805;2184;cynthia;jane;parker;60;f;w;siler city;fritts family;68;27344;vt
A;G001805;2185;cynthia;jane;parker;60;u;u;franklinville;kings way;3730;27248;
A;G002861;2186;traci;renee;thorne;44;f;w;durham;wake forest;5448;27703;nc
A;G002861;2187;traci;renee;thorne;44;f;w;morrisville;darby creek;300;27560;nc
A;G003516;2188;joshua;melvin;baker;28;m;b;winston salem;twenty third;2048;27105;nc
A;G003516;2189;joshua;;baker;28;m;b;winston salem;rich;1121;27101;nc
A;G005308;2190;john;jacob;heckman;83;m;w;pinehurst;lake forest;120;28374;pa
A;G005308;2191;john;jacob;heckman;83;m;w;apex;greymoss;5252;27539;pa
A;G004139;2192;emily;erin;ostrander;24;u;u;cullowhee;joyner;275;28723;
A;G004139;2193;emily;erin;ostrander;24;f;w;rutherfordton;carolina paradise;111;28139;va
A;G000634;2194;terri;smith;preston;37;f;w;boone;fawn;439;28607;
A;G000634;2195;terri;lynn;smith;37;f;w;boone;fieldstream;192;28607;va
A;G000726;2196;aleesa;thomas;conner;44;f;w;mills river;pennsylvania;193;28759;nc
A;G000726;2197;aleesa;michelle;thomas;44;f;w;mills river;pennsylvania;157;28759;nc
A;G005427;2198;thomas;edward;brennan;34;m;w;wilmington;deacon;6913;28411;nj
A;G005427;2199;thomas;edward;brennan;34;m;w;wilmington;masonboro loop;4300;28409;nj
A;G005407;2200;corey;devon;sutton;40;m;b;raleigh;hollenden;4911;27616;
A;G005407;2201;corey;devon;sutton;40;m;b;raleigh;brentwood;3827;27604;nc
A;G000108;2202;tracy;;llewellyn;30;f;w;elon;jennings berry;801;27244;sc
A;G000108;2203;tracy;anne;llewellyn;30;f;w;matthews;fawn hill;3305;28105;sc
A;G000896;2204;jason;larry;ross;33;u;u;morganton;powerhouse;1973;28655;
A;G000896;2205;jason;larry;ross;33;m;w;marion;oak;410;28752;nc
A;G002394;2206;shaphaun;t;black;37;f;b;charlotte;woodlawn;1351;28209;wa
A;G002394;2207;shaphaun;tammara;black;37;f;b;charlotte;fawn view;6638;28216;dc
A;G000855;2208;delaney;reeves christen;kloesel;32;f;w;asheville;driftwood;15;28805;tx
A;G000855;2209;delaney;reeves;kloesel;32;f;w;carrboro;greensboro;407;27510;tx
A;G001336;2210;mark;thomas;aubrey;44;m;w;hudson;laurel;339;28638;nc
A;G001336;2211;mark;thomas;aubrey;44;m;w;hudson;helena;4276;28638;nc
A;G001878;2212;robert;scott;beasley;26;m;w;lexington;green heron;148;27292;nc
A;G001878;2213;robert;scott;beasley;26;m;w;raleigh;resolution;3202;27603;nc
A;G001219;2214;michelle;lee;gant;43;f;w;concord;lyla;2551;28027;wv
A;G001219;2215;michelle;lee;gant;43;f;w;statesville;delight;139;28677;wv
A;G002147;2216;xavier;joseph;williams;29;m;b;fayetteville;cedar creek;8262;28312;nc
A;G002147;2217;xavier;joseph;williams;29;m;b;fayetteville;cedar creek;8262;28312;nc
A;G005467;2218;dianna;lee;tolliver;49;f;w;cary;collier;113;27513;wv
A;G005467;2219;dianna;lee;tolliver;49;f;w;cary;wicklow;1101;27511;wv
A;G005398;2220;aaron;donald;damon;33;m;w;wilmington;bloomington;231;28411;va
A;G005398;2221;aaron;donald;damon;33;m;w;wilmington;eastwood;1800;28403;va
A;G002816;2222;natalie;carroll beasley;brantley;34;f;w;wallace;winding way;211;28466;nc
A;G002816;2223;natalie;carroll;beasley;34;f;w;raleigh;silver moon;5435;27606;nc
A;G003427;2224;glenda;michelle;reams mercer;46;f;w;rocky mount;green forest;4028;27804;nc
A;G003427;2225;glenda;michelle;holmes;46;f;w;raleigh;six forks;900;27604;nc
A;G006484;2226;zachary;henderson;stirewalt;27;m;w;cary;spivey;102;27513;nc
A;G006484;2227;zachary;henderson;stirewalt;27;u;u;boone;cecil miller;186;28607;
A;G003269;2228;christiane;rachel;regelbrugge;32;f;w;charlotte;fox brook;4315;28211;nc
A;G003269;2229;christiane;regelbrugge;felts;32;f;w;charlotte;tranquil;225;28209;nc
A;G004353;2230;michael;lynn;james;51;m;w;garner;crows view;29;27529;oh
A;G004353;2231;michael;lynn;james;51;m;w;raleigh;diamond creek;12020;27614;oh
A;G005262;2232;james;allen;davis;65;m;w;mt gilead;roberts ridge;168;27306;
A;G005262;2233;james;allen;davis;65;m;w;monroe;franklin;802;28112;nc
A;G004100;2234;jamie;diane;absher;32;f;w;asheboro;elm;512;27203;nc
A;G004100;2235;jamie;diane;lambe;32;f;w;elkin;walsh;371;28621;
A;G006311;2236;delton;larod;lyors;36;m;b;apex;arrowhead;4617;27539;
A;G006311;2237;delton;larod;lyons;36;m;b;apex;arrowhead;4617;27539;nc
A;G000930;2238;alvin;;hinnant;35;m;b;morganton;cascade;100;28655;ny
A;G000930;2239;alvin;;hinnant;35;m;b;lenoir;grandfather;2462;28645;ny
A;G005044;2240;corinne;eileen;zeller;39;f;w;chapel hill;sonoma;125;27516;ca
A;G005044;2241;corinne;e;zeller;39;f;w;chapel hill;conner;212;27514;ca
A;G001086;2242;larry;wayne;white;39;m;w;kannapolis;bailey;1300;28081;nc
A;G001086;2243;larry;wayne;white;39;m;w;troutman;church;134;28166;nc
A;G006673;2244;jerome;wilson;crouse;45;m;w;jonesville;swan creek;3609;28642;nc
A;G006673;2245;jerome;wilson;crouse;45;m;w;hamptonville;king;4413;27020;nc
A;G004461;2246;kenyatta;latreyvea;best;29;f;b;grifton;skeeter pond;6646;28530;nc
A;G004461;2247;kenyatta;latreyvea;best;29;f;b;greenville;keys;171;27858;
A;G000953;2248;faith;allison;draper;26;f;w;hudson;dogwood;474;28638;nc
A;G000953;2249;faith;allison;draper;26;f;w;lenoir;cove mountain;1832;28645;nc
A;G001578;2250;douglas;sean;lecompte;37;m;w;charlotte;destin;11532;28277;ny
A;G001578;2251;douglas;sean;lecompte;37;m;w;waxhaw;carver pond;803;28173;ny
A;G001785;2252;robert;theodore;schwachenwald;39;m;w;apex;poets corner;2406;27523;fl
A;G001785;2253;robert;theodore;schwachenwald;39;m;w;cary;sugar hill;100;27519;fl
A;G001517;2254;ann;whaley;semones;44;f;w;newport;scot;508;28570;nc
A;G001517;2255;ann;whaley;semones;44;f;w;north wilkesboro;mountain view;1480;28659;ne
A;G001236;2256;hazel;wilhoit;love;78;f;w;concord;piney church;1329;28025;nc
A;G001236;2257;hazel;wilhoit;love;78;f;w;rockwell;organ church;3625;28138;nc
A;G005416;2258;misty;lynn;mills;43;f;w;wilmington;thurgood;7130;28411;nc
A;G005416;2259;misty;mills;pellington;43;f;w;winterville;crimson;327;28590;nc
A;G000795;2260;carley;brooke;white;34;f;w;raleigh;springlawn;1314;27609;mn
A;G000795;2261;carley;brooke;haber;34;f;u;raleigh;knickerbocker;3904;27612;oc
A;G002843;2262;lakenya;starn;alexander;34;f;b;durham;erlwood;215;27704;nc
A;G002843;2263;lakenya;starn;alexander;34;f;b;cary;talking rock;2623;27519;nc
A;G003957;2264;shelley;renee;rogers;34;f;w;carrboro;hillsborough;404;27510;nc
A;G003957;2265;shelley;renee;rogers;34;f;w;cedar grove;lynch creek farm;980;27231;nc
A;G003876;2266;eric;charles;benjamin;33;m;m;etowah;mckinney;192;28729;nc
A;G003876;2267;eric;charles;benjamin;33;m;m;charlotte;tryon;1210;28206;nc
A;G002160;2268;ashley;;bratcher;30;f;b;raeford;iris;337;28376;nc
A;G002160;2269;ashley;;bratcher;30;f;b;raeford;iris;337;28376;nc
A;G005946;2270;jaresa;perette;simmons;48;f;b;greenville;kristin;307;27834;nc
A;G005946;2271;jaresa;;simmons;48;f;b;stantonsburg;kingswood;7017;27883;nc
A;G000022;2272;phillip;s;smith;56;m;w;charlotte;benita;7223;28212;
A;G000022;2273;phillip;scott;smith;56;m;w;oakboro;oak ridge;708;28129;nc
A;G002932;2274;shanika;sade;paylor;32;f;b;durham;holly grove;1607;27713;nc
A;G002932;2275;shanika;sade;paylor;32;f;b;raleigh;limebay;12200;27613;nc
A;G004275;2276;angela;elizabeth;devone;58;f;b;raleigh;loch raven pointe;5890;27604;va
A;G004275;2277;angela;e;devone;58;f;b;knightdale;mailwood;925;27545;va
A;G002635;2278;sheryl;patricia;greene;54;f;w;asheboro;fayetteville;2280;27203;va
A;G002635;2279;sheryl;greene;pate;54;f;w;sophia;level plains;4127;27350;va
A;G003275;2280;kasey;c;smith;78;f;w;durham;glenn;3809;27704;va
A;G003275;2281;kasey;croslin;smith;78;f;w;raleigh;darwin;6221;27612;tn
A;G003166;2282;william;paul;brennan;30;m;w;durham;exchange;1101;27713;
A;G003166;2283;william;paul;brennan;30;m;w;cary;montford hall;201;27519;nc
A;G001765;2284;rachel;anne;schlosser;23;f;w;chapel hill;brittany;67;27517;nc
A;G001765;2285;rachel;anne;schlosser;23;f;w;hillsborough;orange grove;6932;27278;nc
A;G003814;2286;jennifer;nichole;stevens;33;f;w;wendell;bristle bark;6813;27591;nc
A;G003814;2287;jennifer;nichole;stevens;33;f;w;boone;woodland;353;28607;nc
A;G006419;2288;david;leon;ortiz;59;m;w;raleigh;millbrook woods;2911;27604;ny
A;G006419;2289;david;leon;ortiz;59;m;w;raleigh;millbrook woods;2911;27604;ny
A;G005615;2290;aolani;nicole;summerlin;23;f;w;tarawa terrace;koval;953;28543;
A;G005615;2291;aolani;nicole;summerlin;23;f;w;mcgrady;lauri;307;28649;fl
A;G003314;2292;susan;teresa;murphy;50;f;w;durham;october;2062;27703;ct
A;G003314;2293;susan;teresa;murphy;50;f;w;cary;grande meadow;109;27513;ct
A;G003279;2294;scott;;painter;38;m;w;durham;sawmill;10;27712;nc
A;G003279;2295;dean;scott;painter;38;m;w;raleigh;jasmine cove;12217;27614;nc
A;G005599;2296;brian;patrick;king;46;m;w;maysville;deppe loop;1394;28555;nc
A;G005599;2297;brian;patrick;king;46;m;w;maysville;deppe loop;1436;28555;nc
A;G003654;2298;bryan;lee;buckingham;34;m;o;winston salem;creekshire;1315;27103;
A;G003654;2299;bryan;lee;buckingham;34;m;w;matthews;cameron village;930;28105;nc
A;G001558;2300;kristin;townsend;fulcher;40;f;w;hickory;7th av;421;28601;nc
A;G001558;2301;kristin;townsend;fulcher;40;f;w;charlotte;ivy meadow;1605;28213;nc
A;G002108;2302;vanessa;wagner;potter;47;f;w;new bern;winchester;103;28562;nc
A;G002108;2303;vanessa;wagner;potter;47;f;w;kinston;crooms;114;28504;nc
A;G001155;2304;anita;thomas;ballard;64;f;b;kannapolis;copel;517;28083;
A;G001155;2305;anita;thomas;ballard;64;f;b;kannapolis;21st;204;28083;nc
A;G000137;2306;anna;lee;smith;37;f;w;elon;woodale;120;27244;nc
A;G000137;2307;anna;;stubblefield;37;f;w;winston salem;scholastic;831;27106;nc
A;G000681;2308;inna;;zhuravleva;28;u;u;asheville;parkwood;35;28804;
A;G000681;2309;inna;;zhuravleva;28;f;w;chapel hill;paul hardin;560;27514;
A;G003642;2310;joshua;garrett;williams;40;m;w;winston salem;old vineyard;3401;27103;sc
A;G003642;2311;joshua;garrett;williams;40;m;w;statesville;scott;1802;28625;sc
A;G005822;2312;amanda;burnside;barbee;42;f;w;burgaw;bottle branch;240;28425;oh
A;G005822;2313;amanda;burnside;barbee;42;f;w;burgaw;fremont;606;28425;oh
A;G000660;2314;rebecca;phelps;campbell;31;f;w;asheville;starnes cove;817;28806;nc
A;G000660;2315;rebecca;phelps;campbell;31;f;w;denver;cedar run;5778;28037;nc
A;G004689;2316;shanna;louisa;wylie;39;f;b;charlotte;caudell;6605;28215;nc
A;G004689;2317;shanna;louisa;wylie;39;f;b;charlotte;caudell;6605;28215;nc
A;G003337;2318;sarah;lynne;wolf;48;f;w;durham;windsong;629;27713;mi
A;G003337;2319;sarah;lynne;wolf;48;f;w;west jefferson;woodie;413;28694;mi
A;G004474;2320;shannon;kaye;horne;50;f;w;deep run;mark n smith;4315;28525;ca
A;G004474;2321;shannon;kaye;wallace;50;f;w;hampstead;bay harbor;667;28443;ca
A;G000527;2322;melissa;beth johnson;dobbins;37;f;w;asheville;lamancha;102;28805;il
A;G000527;2323;melissa;beth johnson;dobbins;37;f;w;black mountain;miller cove;65;28711;il
A;G001184;2324;courtney;lynn;newton;23;f;w;mooresville;angler;112;28117;nc
A;G001184;2325;courtney;lynn;newton;23;f;u;new london;watermelon;39164;28127;
A;G005627;2326;william;allen;duncan;29;m;w;jacksonville;hedgerow;402;28546;nc
A;G005627;2327;william;allen;duncan;29;m;w;randleman;fred lineberry;6003;27317;nc
A;G004609;2328;matthew;paul;wiseman;38;m;w;newland;stamey branch;23;28657;nc
A;G004609;2329;matthew;paul;wiseman;38;m;w;boone;still lake;166;28607;nc
A;G002208;2330;audrey;priscilla;rodriquez;62;u;b;fayetteville;daybrook;5929;28314;nc
A;G002208;2331;audrey;bennett;rodriguez;62;f;b;fayetteville;daybrook;5929;28314;
A;G006296;2332;marion;tyrone;covington;64;m;b;raleigh;madison ridge;6800;27613;nc
A;G006296;2333;marion;t;covington;64;m;b;raleigh;pendleton lake;649;27614;nc
A;G005283;2334;meredith;rochelle;roberts;45;f;w;wilmington;portofino;3808;28412;nc
A;G005283;2335;meredith;rochelle;roberts;45;f;w;zionville;castle;119;28698;nc
A;G006440;2336;jonathan;jason;van orden;33;m;w;raleigh;benedict;100;27614;fl
A;G006440;2337;jonathan;jason;vanorden;33;m;w;raleigh;genford;830;27609;fl
A;G001228;2338;marvin;roddell;alexander;54;m;b;kannapolis;odessa;1612;28083;
A;G001228;2339;marvin;roddell;alexander;54;m;b;eden;b austin;170;27288;nc
A;G002951;2340;sarah;louise;weiner;27;u;u;chapel hill;spring meadow;12101;27517;oc
A;G002951;2341;sarah;louise;weiner;27;f;w;asheboro;anns;797;27205;oc
A;G005547;2342;zachary;brandt;hudson sorrell;33;m;w;raleigh;ashe;109;27605;nc
A;G005547;2343;zachary;brandt;hudson sorrell;33;m;w;boone;camp rock;449;28607;nc
A;G003226;2344;allen;nelson;sharpe;77;m;w;chapel hill;bearkling;1917;27517;nc
A;G003226;2345;allen;nelson;sharpe;77;m;w;pinehurst;pinehurst trace;225;28374;nc
A;G006463;2346;tyliyah;;winstead;21;u;u;raleigh;south;118;27601;
A;G006463;2347;tyliyah;dashantaye;winstead;21;u;u;raleigh;south;118;27601;
A;G001663;2348;ashlee;rae;cook;32;f;w;maiden;four c s;3993;28650;nc
A;G001663;2349;ashlee;rae;cook;32;u;w;maiden;grange;3918;28650;
A;G004107;2350;wendy;buffaloe;waring;55;f;w;raleigh;delta ridge;4712;27612;nc
A;G004107;2351;wendy;buffaloe;waring;55;f;w;raleigh;clear brook;8216;27615;
A;G001343;2352;caleb;levi;hobbs;23;m;w;wilmington;shannon;226;28409;va
A;G001343;2353;caleb;levi;hobbs;23;m;w;randleman;brown oaks;4268;27317;va
A;G003836;2354;shannon;standley;cotton;44;f;w;waynesville;rolling;263;28786;nc
A;G003836;2355;shannon;standley;williams;44;f;w;matthews;terra glen;3109;28105;nc
A;G000356;2356;donna;bradford;bridges;53;u;w;shelby;lenick;65;28152;
A;G000356;2357;donna;bradford;bridges;53;f;w;shelby;mcswain;614;28150;nc
A;G002812;2358;christopher;randy;holmes;42;m;w;kenansville;summerlin;130;28349;nc
A;G002812;2359;christopher;randy;holmes;42;m;w;lagrange;dobbs county courthouse;118;28551;nc
A;G002161;2360;marquis;antwan;lambert;43;m;b;fayetteville;dominion;4714;28306;va
A;G002161;2361;marquis;antwan;lambert;43;m;b;fayetteville;dominion;4714;28306;va
A;G000422;2362;charnetta;denise leslie;frye;31;f;b;southern pines;rothney;495;28387;nc
A;G000422;2363;charnetta;denise leslie;frye;31;f;b;aberdeen;walnut;307;28315;nc
A;G001859;2364;sara;elizabeth;sneed;45;f;w;murphy;steertown;390;28906;ne
A;G001859;2365;sara;elizabeth;sneed;45;u;w;brasstown;reese;472;28902;
A;G004380;2366;tamia;eaton;ray;38;f;b;garner;outwater ridge;108;27529;md
A;G004380;2367;tamia;lacha;eaton;38;f;b;raleigh;cane garden;4000;27610;md
A;G001603;2368;sallie;lee;geyer;59;f;w;maiden;sierra;5010;28650;va
A;G001603;2369;sallie;lee;geyer;59;f;w;maiden;sierra;5010;28650;va
A;G005055;2370;john;sutter;curtiss;30;m;w;matthews;elmsford;1416;28105;tx
A;G005055;2371;john;sutter;curtiss;30;u;w;chapel hill;edwards;712;27516;tx
A;G002212;2372;burrell;van;hubbs;61;m;b;parkton;parkton;6976;28371;
A;G002212;2373;burrell;van;hubbs;61;m;b;parkton;leeper;1399;28371;ny
A;G001811;2374;james;allen;cochie;61;m;w;advance;old march;156;27006;oh
A;G001811;2375;james;allen;cochie;61;m;u;winston salem;park vista;1;27101;oh
A;G003167;2376;jean;paul;dame;52;m;w;durham;brier crossing;712;27703;ca
A;G003167;2377;jean;paul;dame;52;m;w;durham;brier crossings;712;27703;ca
A;G003355;2378;courtney;alexis;scott;32;f;b;durham;woodway club;1508;27713;nc
A;G003355;2379;courtney;alexis;scott;32;f;b;raleigh;kassia;5208;27616;nc
A;G005537;2380;heather;marie;spence;33;f;w;apex;splitrock;6009;27539;nc
A;G005537;2381;heather;marie;spence;33;f;w;fuquay varina;maizefield;2145;27526;nc
A;G002568;2382;jonathan;daniel;gentry;42;m;w;thomasville;ball park;1038;27360;in
A;G002568;2383;jonathan;daniel;gentry;42;m;w;greenville;hollow;1637;27858;in
A;G003066;2384;jaleesa;morrissa;mccoy;24;f;b;durham;lasalle;311;27705;va
A;G003066;2385;jaleessa;morrissa;mccoy;24;f;b;dunn;saint;311;28334;va
A;G004137;2386;colin;ewing;stewart;24;m;w;cullowhee;central;551;28723;nc
A;G004137;2387;colin;ewing;stewart;24;m;w;charlotte;kylemore;3509;28210;nc
A;G004208;2388;danny;allen;maynard;43;m;w;benson;rhea;104;27504;nc
A;G004208;2389;danny;allen;maynard;43;m;w;dunn;harnett dunn;5037;28334;nc
A;G006374;2390;sheila;wall;cassady;45;f;b;raleigh;malone;1819;27610;nc
A;G006374;2391;sheila;renee;cassady;45;f;b;raleigh;cricket ridge;1517;27610;nc
A;G001222;2392;amy;beth;frankenstein;39;f;w;charlotte;english setter;10551;28269;va
A;G001222;2393;amy;beth;frankenstein;39;f;w;raleigh;dunwoody;504;27615;va
A;G002017;2394;diana;aqvino;davis;64;f;w;new bern;bowline;102;28562;ny
A;G002017;2395;diana;;aquino ahkao;64;f;w;new bern;country club;4401;28562;ny
A;G002179;2396;monica;;showell thomas;54;f;b;fayetteville;old farm;242;28314;va
A;G002179;2397;monica;;showell thomas;54;f;b;fayetteville;daytona;4001;28311;va
A;G006102;2398;brandi;alexus;hargon;23;f;b;salisbury;foxfire;2611;28147;
A;G006102;2399;brandi;alexis;hargon;23;f;b;salisbury;foxfire;2611;28147;
A;G003140;2400;kayla;anne;fuga;36;f;w;chapel hill;baity hill;1700;27514;
A;G003140;2401;kayla;anne;fuga;36;f;w;raleigh;arrow creek;10301;27617;nm
A;G003127;2402;derick;lynn;shepherd;39;m;w;efland;sunglow;508;27243;oh
A;G003127;2403;derick;lynn;shepherd;39;m;w;raleigh;cameron crest;6902;27613;oh
A;G003948;2404;brandon;paul;ash;26;m;w;belhaven;squires;249;27810;
A;G003948;2405;brandon;paul;ash;26;u;u;pikeville;oak summit;112;27863;
A;G001827;2406;samantha;lynn;duke;47;f;w;pisgah forest;lazy branch;264;28768;nc
A;G001827;2407;samanatha;lynn;duke;47;f;u;pisgah forest;lazy branch;254;28768;
A;G004182;2408;kyle;davis;barefoot;39;m;w;garner;adams point;723;27529;nc
A;G004182;2409;kyle;davis;barefoot;39;m;w;raleigh;chalcedony;124;27603;nc
A;G003228;2410;kevin;r;hoyle;29;m;b;durham;emerald forest;4304;27713;
A;G003228;2411;kevin;raynard;hoyle;29;m;u;clayton;averasboro;364;27520;
A;G001100;2412;ricardo;tate;teal;38;m;b;concord;fingerlake;6500;28027;nc
A;G001100;2413;ricardo;tate;teal;38;m;b;badin;marion;622;28009;nc
A;G003745;2414;april;nicole;chandler;24;f;b;lillington;dr mckoy;87;27546;nc
A;G003745;2415;april;nicole;chandler;24;f;b;roxboro;person;107;27573;nc
A;G000484;2416;lance;james;mcdonald;51;m;w;arden;thoroughbred;35;28704;wi
A;G000484;2417;lance;james;mcdonald;51;m;w;wilkesboro;nc hwy 268;3200;28697;wi
A;G000285;2418;bruce;george;mabey;40;m;w;supply;waterscape;2625;28462;nj
A;G000285;2419;bruce;george;mabey;40;m;w;durham;james;1820;27707;nj
A;G004578;2420;heather;christine;whitley;32;f;b;williamston;bell town;1810;27892;nc
A;G004578;2421;heather;;harrell;32;f;b;greenville;allen;1218;27834;nc
A;G000446;2422;soyna;ann;vess;55;f;w;burnsville;hickory;317;28714;nc
A;G000446;2423;sonya;ann;vess;55;f;w;burnsville;hickory;317;28714;nc
A;G001049;2424;shirley;bade;duff;72;f;w;concord;basswood;5101;28025;va
A;G001049;2425;shirley;bade;duff;72;f;w;concord;basswood;5101;28025;va
A;G005279;2426;ray;thomas;mahon;67;m;w;seven lakes;morris;105;27376;pa
A;G005279;2427;ray;thomas;mahon;67;m;w;carolina beach;carolina sands;932;28428;pa
A;G003673;2428;stephanie;marie;knight;41;f;w;winston salem;forsyth;2377;27103;nc
A;G003673;2429;stephanie;knight;phipps;41;f;w;wilmington;lenoir;6341;28412;nc
A;G000123;2430;shani;renee;riley;30;f;b;durham;duke university;1505;27701;
A;G000123;2431;shani;renee;riley;30;f;b;raleigh;south;118;27601;nc
A;G003365;2432;alex;;shafir;71;m;w;chapel hill;providence glen;1524;27514;oc
A;G003365;2433;alex;;shafir;71;m;w;chapel hill;providence glen;1524;27514;oc
A;G000790;2434;sarah;ashley;reeves;29;f;w;charlotte;fellsway;3921;28209;va
A;G000790;2435;sarah;ashley;reeves;29;f;w;charlotte;fellsway;3921;28209;
A;G004170;2436;patricia;carolyn;avery;69;f;w;kenly;flower hill;6099;27542;
A;G004170;2437;patricia;carter;avery;69;f;w;wendell;academy;202;27591;nc
A;G000975;2438;candace;rae oneil;storey;43;f;w;denver;parsons;1199;28037;dc
A;G000975;2439;candace rae;o neil;storey;43;f;w;davidson;jetton;930;28036;dc
A;G002323;2440;willis;allen;edge;30;m;w;fayetteville;scotty hill;3017;28303;nc
A;G002323;2441;willis;allen;edge;30;m;w;burgaw;pinkney;1547;28425;nc
A;G000760;2442;renee;marie;reece;35;f;w;hickory;5th av;228;28601;or
A;G000760;2443;renee;marie;reece;35;f;w;hickory;shady falls;95;28601;or
A;G004049;2444;ivan;forrest;loftin;48;m;w;statesville;kings grant;478;28625;nc
A;G004049;2445;ivan;forrest;loftin;48;m;w;statesville;kings grant;421;28625;nc
A;G006313;2446;delton;;brown;57;m;b;raleigh;spring glen;5904;27616;nc
A;G006313;2447;delton;wayne;brown;57;m;b;raleigh;spring glen;5904;27616;nc
A;G004190;2448;sharissa;leanne terpronce;bridges;26;f;b;smithfield;abbey;138;27577;ga
A;G004190;2449;sharissa;;bridges;26;f;b;charlotte;rebecca bailey;1400;28262;
A;G004443;2450;katrina;turnage;rouse;55;f;b;kinston;west;2002;28501;nc
A;G004443;2451;katrina;turnage;rouse;55;f;b;kinston;west;2002;28501;nc
A;G006293;2452;kandi;l;privette;49;f;w;wake forest;purnell;4800;27587;oc
A;G006293;2453;kandi;privette;bailey;49;f;w;wake forest;stony hill;7641;27587;wa
A;G003764;2454;carisa;nichole;peterson;39;f;w;four oaks;joyner bridge;339;27524;nc
A;G003764;2455;carisa;nichole;peterson;39;f;w;holly springs;stable ridge;900;27540;nc
A;G000242;2456;crystal;diane;murawsky;35;f;w;granite falls;archer;22;28630;nc
A;G000242;2457;crystal;diane;murawsky;35;f;w;taylorsville;cedar valley;176;28681;nc
A;G006395;2458;yazmari;;matos rodriguez;31;f;o;raleigh;quail hollow;3302;27609;oc
A;G006395;2459;yazmari;;matos;31;f;w;raleigh;quail hollow;3302;27609;pr
A;G003104;2460;erin;elizabeth;morton;29;f;w;durham;duke;1000;27701;
A;G003104;2461;erin;elizabeth;morton;29;f;w;raleigh;silver sage;1340;27606;nc
A;G005030;2462;rebecca;lynn;debuhr;42;f;w;charlotte;mallard glen;9801;28262;va
A;G005030;2463;rebecca;debuhr;jones;42;f;w;charlotte;country club;3629;28205;va
A;G005219;2464;anne;sterling;murchison;36;f;w;charlotte;ebb;600;28210;
A;G005219;2465;anne;murchison;williams;36;f;w;wilmington;brookhaven;1944;28403;nc
A;G004005;2466;dorene;carol zenatti;mazza;47;f;w;huntersville;rolling meadows;8220;28078;nj
A;G004005;2467;dorene;c;mazza;47;f;u;wake forest;heritage club;1400;27587;nj
A;G004905;2468;casey;bailey;kreuziger;37;f;w;boone;potter;198;28607;fl
A;G004905;2469;casey;bailey;kreuziger;37;f;w;boone;red feather;270;28607;fl
A;G003637;2470;dana;martin;morris;39;f;w;lincolnton;taswell;148;28092;sc
A;G003637;2471;dana;martin;morris;39;f;w;lincolnton;asbury church;3065;28092;sc
A;G002745;2472;rebecca;barnes;jones;41;f;w;sparta;briarwood;132;28675;nc
A;G002745;2473;rebecca;barnes;jones;41;f;w;piney creek;white oak;91;28663;
A;G003476;2474;jennifer;;dominguez ayona;19;f;o;winston salem;union cross;2024;27107;nc
A;G003476;2475;jennifer;;dominguez ayona;19;f;o;winston salem;union cross;2024;27107;nc
A;G002091;2476;carla;herman;soule;45;f;w;havelock;roosevelt;4;28532;nc
A;G002091;2477;carla;herman;soule;45;f;w;cary;grande harmony;1916;27513;nc
A;G003046;2478;gena;renee;nolan;35;f;w;durham;jonquil;723;27712;nc
A;G003046;2479;gena;nolan;waller;35;f;w;salisbury;balfour quarry;1050;28146;nc
A;G000547;2480;jason;alan;putnam;42;m;w;arden;heywood;110;28704;ct
A;G000547;2481;jason;alan;putnam;42;m;w;arden;heywood;110;28704;ct
A;G004179;2482;kathy;johnson;ammons;68;f;w;wilmington;antoinette;109;28412;nc
A;G004179;2483;kathy;johnson;ammons;68;f;w;currie;parkton;73;28435;nc
A;G005103;2484;kelli;joan;wofford;24;f;w;charlotte;barnsdale;5529;28227;nc
A;G005103;2485;kelli;joan;wofford;24;f;w;wilmington;market;1902;28403;nc
A;G005446;2486;felicia;jamara;lynch;29;f;b;wilmington;wilderness;4925;28412;
A;G005446;2487;felicia;jamara;lynch;29;u;u;morrisville;carrington park;1101;27560;nc
A;G006442;2488;dana;nacole;caldwell;41;f;b;knightdale;sandy;217;27545;nj
A;G006442;2489;dana;;caldwell;41;f;b;raleigh;winter;6713;27616;nj
A;G003817;2490;alexandra;j;smith;68;f;w;waynesville;crymes cove;1592;28786;nj
A;G003817;2491;alexandra;jean;smith;68;u;w;wilmington;capeside;540;28412;
A;G002412;2492;breona;marchae;jenkins;29;u;u;fayetteville;murchison;1200;28301;nc
A;G002412;2493;breona;marchae;jenkins;29;f;b;spring lake;tryon;55;28390;nc
A;G002637;2494;jill;lynn;allen;51;f;w;lexington;veterans;185;27292;nc
A;G002637;2495;jill;lynn;allen;51;f;w;lexington;veterans;185;27292;nc
A;G006181;2496;jamie;renee;ball;29;f;w;siloam;quaker church;1149;27047;nc
A;G006181;2497;jamie;renee;inman;29;f;w;mount airy;starwood;241;27030;nc
A;G003758;2498;tommy;wayne;turpin;63;m;w;dunn;holmes;109;28334;nc
A;G003758;2499;tommy;wayne;turpin;63;m;w;dunn;holmes;109;28334;nc
A;G003940;2500;walter;martin;rea;55;f;w;carthage;crabtree;264;28327;nc
A;G003940;2501;walter;martin;rea;55;m;w;lake lure;pearson;152;28746;nc
A;G003289;2502;matthew;robert;strickland;33;m;w;durham;moorefield;9;27705;mi
A;G003289;2503;matthew;robert;strickland;33;m;w;winston salem;turkey hill;3190;27106;mi
A;G005892;2504;irene;gillian;bauer;21;f;w;greenville;jones hall;460;27858;
A;G005892;2505;irene;gillian;bauer;21;f;w;knightdale;wellington;109;27545;
A;G002105;2506;james;christopher;wright;34;m;w;new bern;bayberry park;5308;28562;il
A;G002105;2507;james;christopher;wright;34;m;w;richlands;gum branch;6766;28574;il
A;G005380;2508;eric;johnson;batchelor;51;m;w;rocky mount;waterloo;1248;27804;nc
A;G005380;2509;eric;johnson;batchelor;51;m;w;rocky mount;waterloo;1248;27804;nc
A;G005252;2510;marvin;lee;bennett;64;m;a;rockingham;shannon;171;28379;nc
A;G005252;2511;marvin;lee;bennett;64;m;i;raleigh;new bern;1901;27610;
A;G004185;2512;richard;allen;hodges;39;m;b;kinston;fox run;3118;28504;nc
A;G004185;2513;richard;allen;hodges;39;m;b;grifton;dogwood;6563;28530;nc
A;G001291;2514;angela;plyler;talley;48;f;w;stanfield;math;8592;28163;
A;G001291;2515;angela;plyler;talley;48;f;w;stanfield;math;8592;28163;
A;G000927;2516;merrick;duane;smith;48;m;b;winston salem;brownsboro;4217;27106;nc
A;G000927;2517;merrick;duane;smith;48;m;b;wilson;wembly;3407;27896;nc
A;G000385;2518;jarrod;hoke;richardson;30;m;w;troutman;wagner;360;28166;nc
A;G000385;2519;jarrod;hoke;richardson;30;m;w;troutman;wagner;360;28166;nc
A;G005218;2520;elisabeth;f;ward;29;f;w;charlotte;university city;9201;28223;nc
A;G005218;2521;elisabeth;forrest;ward;29;f;w;wilmington;reed;4317;28405;nc
A;G000837;2522;britney;acosta;clubb;28;u;u;asheville;sydney;16;28806;
A;G000837;2523;britney;lynn;acosta;28;f;w;sapphire;carefree;59;28774;
A;G001342;2524;lawrence;eugene;laws;40;f;w;hickory;gold creek bay;5669;28601;nc
A;G001342;2525;lawrence;eugene;laws;40;u;u;hickory;7th;412;28601;
A;G000616;2526;lance;alan;armstrong;44;m;w;asheville;shadowlawn;143;28806;fl
A;G000616;2527;lance;armstrong;wisely;44;m;w;marshall;foster creek;411;28753;fl
A;G002320;2528;cindy;kay;hickox;41;f;w;thomasville;bell;220;27360;nc
A;G002320;2529;cindy;kay;hickox;41;f;w;randleman;caudle;613;27317;nc
A;G003247;2530;william;hills;garfield;61;m;w;burgaw;old river;9054;28425;oh
A;G003247;2531;william;rudolph;garfield;61;m;w;garner;garner;1412;27529;oh
A;G003454;2532;johnnie;earl;lucas;54;m;b;rocky mount;eastern;927;27801;nc
A;G003454;2533;johnnie;earl;lucas;54;m;b;spring hope;bergeron;2875;27882;nc
A;G001070;2534;martha;bates;strahan;51;f;w;charlotte;alydar;6837;28216;nc
A;G001070;2535;martha;bates;lang;51;f;w;charlotte;shady oak;7988;28210;nc
A;G005659;2536;samuel;wentworth;ward;29;u;w;chapel hill;bolton;112;27516;
A;G005659;2537;samuel;wentworth;ward;29;m;w;boone;canterbury;281;28607;nc
A;G000783;2538;timothy;lee;shivers;60;m;b;asheville;caribou;542;28803;nc
A;G000783;2539;timothy;l;shivers;60;m;b;asheville;taft;76;28803;
A;G006157;2540;anthony;;johnson;37;f;b;laurinburg;vance;113;28352;nc
A;G006157;2541;anthony;rasheim;johnson;37;m;b;raleigh;offshore;4229;27610;nc
A;G000830;2542;donya;sarell;surrett;42;f;b;arden;rosetta;21;28704;nc
A;G000830;2543;donya;sarell;surrett;42;f;b;pisgah forest;hudlin gap;238;28768;nc
A;G003712;2544;jennifer;adele;masterson;32;f;w;winston salem;white rock;4446;27105;nc
A;G003712;2545;jennifer;adele;masterson;32;f;w;faison;dave bright;6045;28341;nc
A;G000330;2546;paul;alcinor;louis;38;u;u;leland;elsie;1909;28451;
A;G000330;2547;paul;alcinor;louis;38;m;b;durham;beaver dam run;411;27703;ny
A;G002671;2548;tracy;lea;tracy;45;f;w;thomasville;meadow wood;124;27360;fl
A;G002671;2549;tracy;lea;tracy;45;f;w;trinity;huckleberry;5754;27370;fl
A;G000922;2550;jessica;whitney;griggs;29;f;w;salisbury;dunns mountain;3020;28146;nc
A;G000922;2551;jessica;whitney;griggs;29;f;w;albemarle;tom;30431;28001;nc
A;G000578;2552;robert;frank;fullbright;49;m;w;asheville;laurel;66;28806;nc
A;G000578;2553;robert;frank;fullbright;49;m;w;clyde;cedar bend;38;28721;nc
A;G006139;2554;latoya;shemia;petty;30;f;b;forest city;buck collins;603;28043;sc
A;G006139;2555;latoya;shemia;petty;30;f;b;raleigh;crossroads vista;1731;27606;sc
A;G006393;2556;faye;n;knight;41;f;b;raleigh;falls of neuse;5608;27609;nc
A;G006393;2557;faye;n;knight;41;f;b;goldsboro;autumn winds;116;27530;nc
A;G004200;2558;michelle;smith;partridge;45;f;w;clayton;kintyre;669;27520;nc
A;G004200;2559;michelle;smith;hinnant;45;f;w;cary;havers;40103;27518;nc
A;G000152;2560;randall;keith;summers;62;m;w;burlington;roger;2133;27217;mi
A;G000152;2561;randall;keith;summers;62;m;w;kernersville;abbotts lake;4124;27284;mi
A;G003102;2562;david;michael;fleming;53;m;w;durham;epping;17;27703;ny
A;G003102;2563;david;michael;fleming;53;m;w;clayton;swann;417;27527;ny
A;G004138;2564;george;warner;brown;78;m;w;franklin;meadow wood;46;28734;nc
A;G004138;2565;george;warner;brown;78;m;w;franklin;bidwell;191;28734;
A;G004462;2566;mattie;jean;sowers;30;f;w;kinston;jericho;1067;28501;nc
A;G004462;2567;mattie;jean;williamson;30;f;w;kure beach;fifth;329;28449;nc
A;G002460;2568;natalie;michelle;jefferies;37;f;b;hope mills;pecan grove;932;28348;nc
A;G002460;2569;natalie;michelle;jefferies;37;f;b;sanford;blackstone;166;27330;nc
A;G001980;2570;sue;davis;ward;65;f;w;clinton;boykin;193;28328;nc
A;G001980;2571;sue;davis;ward;65;f;w;warrenton;hazelwood;326;27589;nc
A;G000984;2572;amber;cruse;martin;36;f;w;concord;sir raleigh;789;28025;
A;G000984;2573;amber;cruse;martin;36;f;w;foxfire village;ridge;2;27281;nc
A;G000308;2574;william;jackson;braswell;68;m;w;wilmington;wrightsville;5113;28403;nc
A;G000308;2575;william;jackson;braswell;68;m;w;wilmington;anne;5802;28403;nc
A;G001170;2576;benjamin;white;icard;69;m;w;charlotte;pine lake;7010;28227;
A;G001170;2577;benjamin;white;icard;69;m;w;charlotte;sardis oaks;10139;28270;nc
A;G001091;2578;cynthia;denise;eudy;40;f;w;concord;rama wood;674;28025;nc
A;G001091;2579;cynthia;eudy;gigandet;40;f;w;apex;heritage;453;27523;nc
A;G003024;2580;lovie;geraldlisia;matthews;26;f;b;durham;chalk level;901;27704;tn
A;G003024;2581;lovie;geraldlisia;matthews;26;f;b;charlotte;via romano;5652;28270;tn
A;G005927;2582;carly;danielle;templeton;30;f;w;raleigh;falls landing;1911;27614;nc
A;G005927;2583;carly;danielle;powell;30;f;w;raleigh;falls landing;1911;27614;nc
A;G002818;2584;darrel;lee;rivenbark;40;m;w;wallace;murray;408;28466;nc
A;G002818;2585;darrel;lee;rivenbark;40;m;w;wilmington;sapling;2203;28411;nc
A;G001789;2586;randy;ray;sharp;63;m;w;chapel hill;hamilton;14;27517;mo
A;G001789;2587;randy;ray;sharp;63;m;w;raleigh;towneley;8500;27615;mo
A;G005403;2588;jessica;leigh;desnoyers;34;f;w;wilmington;crosswinds;5032;28409;ny
A;G005403;2589;jessica;leigh;desnoyers;34;f;w;raleigh;walnut creek;3030;27606;ny
A;G004510;2590;d;christopher;duplessis;49;m;w;waxhaw;groves edge;2025;28173;id
A;G004510;2591;d;christopher;duplessis;49;m;w;waxhaw;pembroke;405;28173;id
A;G005517;2592;lindsey;rhae;rawls;36;f;w;wilmington;autumn leaves;811;28411;nc
A;G005517;2593;lindsey;rhae;rawls;36;f;w;raleigh;hanover;1531;27608;nc
A;G002432;2594;tashika;rashawnda;basemore;41;f;b;whitakers;new;301;27891;ma
A;G002432;2595;tashika;rashawnda;basemore;41;f;b;raleigh;woods of north bend;428;27609;oc
A;G003180;2596;aysha;janet;evans;47;f;w;durham;sarah;2705;27707;nc
A;G003180;2597;aysha;evans;ault;47;f;w;wrightsville beach;lookout harbor;12;28480;nc
A;G000631;2598;donna;webb;russell;53;f;w;asheville;waters;70;28805;
A;G000631;2599;donna;rene;greenberg;53;f;w;arden;sleepy gap;184;28704;sc
A;G000879;2600;emily;ann;lyford;30;f;w;morganton;carl freeman;2699;28655;ma
A;G000879;2601;emily;;lyford;30;f;w;conover;15th;3250;28613;ma
A;G001399;2602;marty;dean;warren;52;m;w;vanceboro;stewart;328;28586;nc
A;G001399;2603;marty;dean;warren;52;m;w;vanceboro;stewart;328;28586;nc
A;G003383;2604;ruby;williams;godette;70;f;w;pinetops;brown farm;761;27864;nc
A;G003383;2605;ruby;williams;godette;70;f;w;raleigh;proprietor;3502;27612;nc
A;G004130;2606;william;andrew;furse;32;m;w;rutherfordton;southridge;127;28139;sc
A;G004130;2607;william;andrew;furse;32;m;w;waxhaw;abbeywood;912;28173;sc
A;G002991;2608;tadeusz;e;kleindienst;68;m;w;durham;wineberry;5116;27713;ca
A;G002991;2609;tadeusz;edward;kleindienst;68;m;w;rougemont;hill;495;27572;ca
A;G002213;2610;deseray;;jarideau;30;f;b;fayetteville;brookstone;6532;28314;nc
A;G002213;2611;deseray;;fridia;30;u;b;smithfield;cambridge;109;27577;nc
A;G000993;2612;lindsey;billings;kells;28;f;w;concord;woodlawn;2122;28025;
A;G000993;2613;lindsey;beth;billings;28;f;w;concord;cress;7313;28025;nc
A;G000722;2614;lauren;michael;flynn;32;f;w;asheville;grove;55;28801;nc
A;G000722;2615;lauren;michael;flynn;32;f;w;boone;meadowview;247;28607;nc
A;G003552;2616;faye;annette;covington;48;f;w;tobaccoville;rhonswood;2940;27050;nc
A;G003552;2617;faye;annette;frye;48;f;w;king;newsome;604;27021;nc
A;G001404;2618;daniel;patrick;clark;55;m;w;beaufort;pine;310;28516;va
A;G001404;2619;daniel;patrick;clark;55;m;w;beaufort;riverside;101;28516;va
A;G001600;2620;shelly;;meadows;46;f;w;catawba;buffalo shoals;1312;28609;
A;G001600;2621;shelly;elizabeth;meadows;46;f;w;lincolnton;angela;1485;28092;wv
A;G006648;2622;samuel;wayne;english;56;m;w;dudley;genoa;248;28333;tx
A;G006648;2623;samuel;wayne;english;56;m;w;kenly;boswell;604;27542;tx
A;G001408;2624;kaylin;michelle;hoeflaak;29;f;w;stella;stella;311;28582;
A;G001408;2625;kaylin;michelle;hoeflaak;29;f;w;wilmington;honey wood;908;28405;va
A;G002753;2626;jeremiah;l;johnson;37;u;w;north topsail beach;sandpiper;237;28460;
A;G002753;2627;jeremiah;;johnson;37;m;u;reidsville;butter;1036;27320;
A;G005681;2628;william;wedel;mcinerney;29;m;w;chapel hill;severin;265;27516;nc
A;G005681;2629;william;wedel;mcinerney;29;m;w;chapel hill;creekstone;622;27516;nc
A;G000333;2630;stephen;paul;prokop;49;m;w;shallotte;country club;159;28470;md
A;G000333;2631;stephen;paul;prokop;49;m;w;shallotte;country club;159;28470;
A;G000079;2632;robert;wayne;blankenship;25;m;w;concord;amarillo;4153;28027;nc
A;G000079;2633;robert;wayne;blankenship;25;u;u;raleigh;diploma;1811;27606;
A;G001536;2634;gregory;lamont;lee;39;m;b;ruffin;kylemack;99;27326;
A;G001536;2635;gregory;lamont;lee;39;m;b;reidsville;scales;1726;27320;nc
A;G005715;2636;leanne;;langley;65;f;w;chapel hill;maxwell;79;27517;
A;G005715;2637;leanne;;langley;65;f;w;chapel hill;maxwell;79;27517;
A;G000201;2638;david;akers;hosford;63;m;w;mebane;longleaf pine;874;27302;ga
A;G000201;2639;david;akers;hosford;63;m;w;durham;cottonwood;3412;27707;ga
A;G002858;2640;shawmonique;trichelle;malone;28;f;m;four oaks;coty;131;27524;nc
A;G002858;2641;shawmonique;trichelle;malone;28;f;b;charlotte;sherington;8009;28227;nc
A;G004795;2642;andrew;patrick;robinson;35;m;w;wilmington;tarin;6000;28409;nc
A;G004795;2643;andrew;patrick;robinson;35;m;w;greenville;kent;504;27858;nc
A;G004827;2644;alison;aldridge;hoggard;29;f;w;raleigh;onslow;1320;27606;nc
A;G004827;2645;alison;aldridge;hoggard;29;f;w;raleigh;onslow;1320;27606;
A;G004302;2646;lisa;margaret;rhew;46;f;w;raleigh;mary lou;10723;27603;ma
A;G004302;2647;lisa;m;kellogg;46;f;w;knightdale;todd;1108;27545;ma
A;G002219;2648;rebecca;sabel;wilkins;49;f;w;fort bragg;commando;24;28307;
A;G002219;2649;rebecca;ann sabel;wilkins;49;f;w;carolina beach;magnolia;811;28428;nc
A;G000884;2650;monica;ann;mcgee;31;f;w;hickory;20th av;1655;28601;nc
A;G000884;2651;monica;ann;mcgee;31;f;w;raleigh;river oak turn;3105;27613;nc
A;G000693;2652;howard;gregory;schwartz;57;u;u;black mountain;iroquois;2;28711;
A;G000693;2653;howard;gregory;schwartz;57;m;w;marshall;wehler mountain;264;28753;va
A;G004656;2654;preston;;hines;30;m;w;indian trail;birch;9016;28079;
A;G004656;2655;preston;garret;hines;30;m;w;boone;yosef;389;28607;nc
A;G002941;2656;marquis;james;pullen;29;m;b;durham;eastman;14106;27705;ct
A;G002941;2657;marquis;james;pullen;29;m;b;goldsboro;walnut;404;27530;
A;G005331;2658;margaret;brittany;stone pruitt;32;f;w;greenville;ellsworth;3357;27834;nc
A;G005331;2659;margaret;brittany;stone pruitt;32;f;w;greenville;ellsworth;3357;27834;nc
A;G005331;2660;margaret;brittany;stone pruitt;32;f;w;greenville;ellsworth;3357;27834;nc
A;G002668;2661;lisa;barefoot;gobble;56;f;w;lexington;radds;6302;27295;nc
A;G002668;2662;lisa;barefoot;gobble;56;f;w;high point;glyn water;1047;27265;
A;G002668;2663;lisa;barefoot;gobble;56;f;w;kernersville;timber ridge;472;27284;nc
A;G000464;2664;hannah;elizabeth;levin;40;f;w;burnsville;ams;60;28714;nc
A;G000464;2665;hannah;elizabeth;levin;40;f;w;sylva;perley hyatt;324;28779;nc
A;G000464;2666;hannah;elizabeth;levin;40;f;w;pisgah forest;hart;43;28768;nc
A;G000096;2667;whitney;ellen;baker;29;f;w;graham;gilbreath;321;27253;in
A;G000096;2668;whitney;ellen;baker;29;f;w;durham;trinity;214;27701;in
A;G000096;2669;whitney;ellen;baker;29;f;w;durham;green;709;27701;in
A;G002329;2670;roxanne;marie;lyons;33;f;w;fayetteville;odom;1021;28304;nc
A;G002329;2671;roxanne;marie;lyons;33;f;w;lakeview;camp easter;285;28350;nc
A;G002329;2672;roxanne;marie;lyons;33;f;w;greenville;flows;2805;27834;nc
A;G001079;2673;lanaire;cerita;lindo;30;f;b;concord;ravenscroft;9771;28027;ny
A;G001079;2674;lanaire;cerita;lindo;30;f;b;greenville;10th;3325;27858;ny
A;G001079;2675;lanaire;;lindo;30;f;b;matthews;scenic view;238;28104;ny
A;G002934;2676;sylvia;gabriela;sonnenberg;84;f;w;chapel hill;thorncroft;5;27517;oc
A;G002934;2677;sylvia;gabriela;sonnenberg;84;f;w;chapel hill;thorncroft;5;27517;oc
A;G002934;2678;sylvia;gabriela;sonnenberg;84;f;w;chapel hill;thorncroft;5;27517;oc
A;G000555;2679;jeffrey;;lynch;52;m;w;asheville;windswept;405;28801;nc
A;G000555;2680;jeffrey;harold;lynch;52;m;w;asheville;broad;49;28801;
A;G000555;2681;jeffrey;harold;lynch;52;m;w;charlotte;8th;208;28202;nc
A;G001003;2682;jenneffer;;richardson;52;f;b;concord;hillandale;571;28025;ny
A;G001003;2683;jenneffer;;richardson;52;f;u;concord;winecoff;171;28025;ny
A;G001003;2684;jenneffer;;richardson;52;f;b;durham;buchanan;1807;27705;ny
A;G005795;2685;emma;;perkins yarbaugh;73;u;b;elizabeth city;salem;309;27909;
A;G005795;2686;emma;;yarbaugh;73;u;u;elizabeth city;salem;309;27909;
A;G005795;2687;emma;;perkins yarbaugh;73;u;b;elizabeth city;salem;309;27909;
A;G005721;2688;abbington;kimball;pope;23;f;w;chapel hill;cameron;110;27516;nc
A;G005721;2689;abbington;kimball;pope;23;f;w;goldsboro;breezewood;104;27534;nc
A;G005721;2690;abbington;kimball;pope;23;f;w;goldsboro;breezewood;104;27534;nc
A;G003063;2691;matthew;lynn;tomsic;31;m;w;chapel hill;summerwalk;178;27517;nc
A;G003063;2692;matthew;lynn;tomsic;31;m;w;durham;old chapel hill;5110;27707;nc
A;G003063;2693;matthew;lynn;tomsic;31;m;w;wilmington;brookwood;215;28403;nc
A;G001447;2694;joseph;harvey;peltier;55;m;w;atlantic beach;atlantic;301;28512;
A;G001447;2695;joseph;harvey;peltier;55;m;w;jacksonville;mendover;106;28546;va
A;G001447;2696;joseph;harvey;peltier;55;m;w;pleasant garden;whitt hunt;2159;27313;va
A;G003290;2697;courtney;little;shelton;37;f;w;durham;suda;5103;27703;nc
A;G003290;2698;courtney;little;shelton;37;f;w;indian trail;hyde park;7039;28079;nc
A;G003290;2699;courtney;little;shelton;37;f;w;raleigh;englehardt;6504;27617;nc
A;G003776;2700;sydney;cara;burton;23;f;m;wilmington;clearwater;711;28405;va
A;G003776;2701;sydney;cara;burton;23;f;m;wilmington;college acres;4825;28403;va
A;G003776;2702;sydney;cora;burton;23;f;m;raleigh;millstone harbour;2405;27603;va
A;G003891;2703;sheila;baysden;guthrie;65;f;w;hendersonville;lake;49;28739;nc
A;G003891;2704;sheila;baysden;canady;65;f;w;clayton;ridge;1112;27520;nc
A;G003891;2705;sheila;baysden;guthrie;65;f;w;raleigh;hunters bluff;3121;27606;nc
A;G000465;2706;linda;mallonee;hovis;72;f;w;green mountain;waterwheel;121;28740;nc
A;G000465;2707;linda;mallonee;hovis;72;f;w;tryon;howard;201;28782;nc
A;G000465;2708;linda;mallonee;hovis;72;f;w;tryon;grady;305;28782;nc
A;G006384;2709;tracy;annette;hillard;37;f;b;raleigh;marble;523;27603;dc
A;G006384;2710;tracy;annette;millard;37;f;b;raleigh;cox;112;27605;dc
A;G006384;2711;tracy;annette;millard;37;f;b;raleigh;marble;523;27603;dc
A;G004441;2712;cynthia;gayle;eads;61;f;w;sanford;franklin;302;27330;fl
A;G004441;2713;cynthia;gayle;eads;61;f;u;hillsborough;orange heights;425;27278;
A;G004441;2714;cynthia;gayle;eads;61;f;w;raleigh;new hope;4723;27604;fl
A;G000949;2715;kimberly;hayes;bennett;47;u;w;morganton;hopewell;994;28655;nc
A;G000949;2716;kimberly;dawn;hayes;47;f;w;morganton;wesley;1713;28655;nc
A;G000949;2717;kimberly;hayes;bennett;47;f;w;hudson;delmar;312;28638;nc
A;G003265;2718;christopher;sherwin;graham;36;m;m;durham;morreene;700;27705;nc
A;G003265;2719;christopher;sherwin;graham;36;m;m;huntersville;merry chase;13410;28078;nc
A;G003265;2720;christopher;sherwin;graham;36;m;m;pinehurst;holly pines;22;28374;nc
A;G002192;2721;kamari;nicole;haulcy;23;f;b;raeford;dunrobin;641;28376;nc
A;G002192;2722;kamari;nicole;haskins;23;f;b;raeford;dunrobin;641;28376;
A;G002192;2723;kamari;nicole;haskins;23;f;b;raleigh;viewmont;4312;27610;nc
A;G000372;2724;timothy;charles;pigford;42;m;i;washington;smaw;201;27889;
A;G000372;2725;timothy;charles;pigford;42;m;b;washington;smaw;201;27889;nc
A;G000372;2726;timothy;charles;pigford;42;m;i;council;agnes russ;228;28434;nc
A;G001138;2727;james;christopher;louis;55;m;w;concord;robin s nest;4412;28027;ma
A;G001138;2728;james;christopher;louis;55;m;w;pine knoll shores;salter path;650;28512;ma
A;G001138;2729;james;christopher;louis;55;m;w;durham;old chapel hill;5110;27707;ma
A;G003788;2730;roychelle;felicia;williams;45;f;b;spring lake;jeff;55;28390;nc
A;G003788;2731;roychelle;felicia;williams;45;f;b;selma;sharon;107;27576;nc
A;G003788;2732;raychelle;whack;williams;45;f;b;kenly;maple;316;27542;nc
A;G003788;2733;roychelle;felicia;williams;45;f;b;lucama;oscar;7415;27851;nc
A;G005767;2734;lauya;monique;boston;41;f;b;washington;baker;137;27889;nc
A;G005767;2735;lauya;monique;boston;41;f;b;garner;seventh;917;27529;nc
A;G005767;2736;lauya;monique;boston;41;f;b;raleigh;tischer;1909;27603;nc
A;G005767;2737;lanya;monique;boston;41;f;b;raleigh;woodpecker;3119;27610;nc
