cluster_id,party,record_id,global_id,party_dirty
0,"org","orgrec-662-org","662",false
0,"org1","org1rec-662-dup-0","662",true
1,"org1","org1rec-7-dup-0","7",true
1,"org1","org1rec-7-org","7",true
2,"org1","org1rec-2704-dup-0","2704",true
3,"org1","org1rec-240-dup-0","240",true
4,"org","orgrec-1564-org","1564",false
4,"org1","org1rec-1564-dup-0","1564",true
5,"org1","org1rec-367-org","367",true
6,"org1","org1rec-2501-dup-0","2501",true
7,"org1","org1rec-1362-dup-0","1362",true
7,"org","orgrec-1362-org","1362",false
8,"org1","org1rec-1018-dup-0","1018",true
9,"org","orgrec-4330-org","4330",false
10,"org","orgrec-4560-org","4560",false
10,"org1","org1rec-4560-dup-0","4560",true
11,"org1","org1rec-513-dup-0","513",true
12,"org1","org1rec-2740-dup-0","2740",true
12,"org","orgrec-2740-org","2740",false
13,"org","orgrec-388-org","388",false
14,"org1","org1rec-3095-dup-0","3095",true
14,"org1","org1rec-3095-org","3095",true
15,"org1","org1rec-1543-dup-0","1543",true
16,"org1","org1rec-4044-dup-0","4044",true
17,"org","orgrec-1239-org","1239",false
17,"org1","org1rec-1239-dup-0","1239",true
18,"org1","org1rec-3873-org","3873",true
18,"org1","org1rec-3873-dup-0","3873",true
19,"org1","org1rec-4711-dup-0","4711",true
20,"org1","org1rec-1178-dup-0","1178",true
21,"org","orgrec-2476-org","2476",false
21,"org1","org1rec-2476-dup-0","2476",true
22,"org1","org1rec-294-dup-0","294",true
22,"org","orgrec-294-org","294",false
23,"org","orgrec-245-org","245",false
23,"org1","org1rec-245-dup-0","245",true
24,"org1","org1rec-1781-dup-0","1781",true
25,"org1","org1rec-813-dup-0","813",true
25,"org1","org1rec-813-org","813",true
26,"org","orgrec-463-org","463",false
27,"org1","org1rec-4623-dup-0","4623",true
27,"org1","org1rec-4623-org","4623",true
28,"org1","org1rec-3810-dup-0","3810",true
29,"org","orgrec-4206-org","4206",false
30,"org1","org1rec-3871-dup-0","3871",true
30,"org","orgrec-3871-org","3871",false
31,"org1","org1rec-3877-dup-0","3877",true
31,"org","orgrec-3877-org","3877",false
32,"org1","org1rec-290-dup-0","290",true
32,"org","orgrec-290-org","290",false
33,"org1","org1rec-3942-dup-0","3942",true
33,"org","orgrec-3942-org","3942",false
34,"org1","org1rec-3865-dup-0","3865",true
35,"org","orgrec-511-org","511",false
36,"org","orgrec-4847-org","4847",false
36,"org1","org1rec-4847-dup-0","4847",true
37,"org1","org1rec-3899-dup-0","3899",true
37,"org","orgrec-3899-org","3899",false
38,"org1","org1rec-2462-dup-0","2462",true
38,"org","orgrec-2462-org","2462",false
39,"org1","org1rec-2230-dup-0","2230",true
40,"org","orgrec-4120-org","4120",false
41,"org","orgrec-4222-org","4222",false
41,"org1","org1rec-4222-dup-0","4222",true
42,"org1","org1rec-4855-org","4855",true
42,"org1","org1rec-4855-dup-0","4855",true
43,"org1","org1rec-455-org","455",true
44,"org1","org1rec-4755-dup-0","4755",true
45,"org1","org1rec-1649-org","1649",true
45,"org1","org1rec-1649-dup-0","1649",true
46,"org1","org1rec-3927-org","3927",true
47,"org1","org1rec-2578-dup-0","2578",true
47,"org","orgrec-2578-org","2578",false
48,"org","orgrec-4908-org","4908",false
49,"org1","org1rec-4018-dup-0","4018",true
50,"org","orgrec-3501-org","3501",false
50,"org1","org1rec-3501-dup-0","3501",true
51,"org1","org1rec-404-dup-0","404",true
51,"org","orgrec-404-org","404",false
52,"org1","org1rec-1146-org","1146",true
53,"org1","org1rec-23-org","23",true
53,"org1","org1rec-23-dup-0","23",true
54,"org1","org1rec-335-dup-0","335",true
54,"org","orgrec-335-org","335",false
55,"org1","org1rec-2305-org","2305",true
56,"org1","org1rec-756-dup-0","756",true
57,"org","orgrec-1191-org","1191",false
57,"org1","org1rec-1191-dup-0","1191",true
58,"org1","org1rec-2081-dup-0","2081",true
58,"org","orgrec-2081-org","2081",false
59,"org","orgrec-3854-org","3854",false
60,"org1","org1rec-4753-dup-0","4753",true
60,"org","orgrec-4753-org","4753",false
61,"org","orgrec-4326-org","4326",false
62,"org1","org1rec-3002-dup-0","3002",true
63,"org1","org1rec-115-dup-0","115",true
64,"org1","org1rec-437-dup-0","437",true
65,"org1","org1rec-541-dup-0","541",true
65,"org","orgrec-541-org","541",false
66,"org1","org1rec-3845-org","3845",true
67,"org","orgrec-2102-org","2102",false
67,"org1","org1rec-2102-dup-0","2102",true
68,"org1","org1rec-3952-org","3952",true
68,"org1","org1rec-3952-dup-0","3952",true
69,"org1","org1rec-2439-dup-0","2439",true
69,"org","orgrec-2439-org","2439",false
70,"org","orgrec-2780-org","2780",false
71,"org1","org1rec-718-dup-0","718",true
71,"org","orgrec-718-org","718",false
72,"org1","org1rec-2822-dup-0","2822",true
72,"org","orgrec-2822-org","2822",false
73,"org1","org1rec-4679-dup-0","4679",true
73,"org","orgrec-4679-org","4679",false
74,"org1","org1rec-4450-dup-0","4450",true
74,"org","orgrec-4450-org","4450",false
75,"org1","org1rec-3935-dup-0","3935",true
76,"org1","org1rec-530-org","530",true
77,"org1","org1rec-4083-dup-0","4083",true
78,"org1","org1rec-43-dup-0","43",true
79,"org1","org1rec-4327-org","4327",true
80,"org","orgrec-536-org","536",false
80,"org1","org1rec-536-dup-0","536",true
81,"org1","org1rec-3144-dup-0","3144",true
81,"org","orgrec-3144-org","3144",false
82,"org1","org1rec-1588-org","1588",true
82,"org1","org1rec-1588-dup-0","1588",true
83,"org1","org1rec-55-dup-0","55",true
84,"org1","org1rec-1827-dup-0","1827",true
84,"org","orgrec-1827-org","1827",false
85,"org1","org1rec-1395-org","1395",true
86,"org","orgrec-2153-org","2153",false
87,"org","orgrec-2369-org","2369",false
87,"org1","org1rec-2369-dup-0","2369",true
88,"org1","org1rec-3128-dup-0","3128",true
88,"org","orgrec-3128-org","3128",false
89,"org1","org1rec-2705-dup-0","2705",true
89,"org1","org1rec-2705-org","2705",true
90,"org","orgrec-171-org","171",false
90,"org1","org1rec-171-dup-0","171",true
91,"org","orgrec-241-org","241",false
91,"org1","org1rec-241-dup-0","241",true
92,"org","orgrec-459-org","459",false
93,"org","orgrec-2257-org","2257",false
94,"org1","org1rec-3738-org","3738",true
94,"org1","org1rec-3738-dup-0","3738",true
95,"org1","org1rec-2535-dup-0","2535",true
96,"org1","org1rec-1910-dup-0","1910",true
96,"org","orgrec-1910-org","1910",false
97,"org1","org1rec-277-dup-0","277",true
98,"org1","org1rec-4156-dup-0","4156",true
99,"org","orgrec-2154-org","2154",false
100,"org","orgrec-2263-org","2263",false
100,"org1","org1rec-2263-dup-0","2263",true
101,"org","orgrec-4591-org","4591",false
101,"org1","org1rec-4591-dup-0","4591",true
102,"org1","org1rec-3833-dup-0","3833",true
102,"org","orgrec-3833-org","3833",false
103,"org1","org1rec-2679-org","2679",true
104,"org","orgrec-2925-org","2925",false
104,"org1","org1rec-2925-dup-0","2925",true
105,"org1","org1rec-2400-dup-0","2400",true
106,"org1","org1rec-353-dup-0","353",true
107,"org","orgrec-2419-org","2419",false
108,"org1","org1rec-2100-dup-0","2100",true
108,"org","orgrec-2100-org","2100",false
109,"org","orgrec-3946-org","3946",false
109,"org1","org1rec-3946-dup-0","3946",true
110,"org","orgrec-1890-org","1890",false
111,"org1","org1rec-504-org","504",true
112,"org","orgrec-4135-org","4135",false
113,"org1","org1rec-4100-dup-0","4100",true
113,"org1","org1rec-4100-org","4100",true
114,"org","orgrec-1956-org","1956",false
114,"org1","org1rec-1956-dup-0","1956",true
115,"org1","org1rec-60-dup-0","60",true
115,"org1","org1rec-60-org","60",true
116,"org","orgrec-3021-org","3021",false
116,"org1","org1rec-3021-dup-0","3021",true
117,"org1","org1rec-1390-dup-0","1390",true
118,"org","orgrec-4863-org","4863",false
119,"org1","org1rec-3309-dup-0","3309",true
120,"org1","org1rec-3972-dup-0","3972",true
121,"org1","org1rec-1120-dup-0","1120",true
121,"org","orgrec-1120-org","1120",false
122,"org","orgrec-3943-org","3943",false
122,"org1","org1rec-3943-dup-0","3943",true
123,"org1","org1rec-927-dup-0","927",true
123,"org","orgrec-927-org","927",false
124,"org","orgrec-4226-org","4226",false
125,"org","orgrec-424-org","424",false
126,"org","orgrec-4962-org","4962",false
127,"org1","org1rec-1177-dup-0","1177",true
128,"org1","org1rec-4283-org","4283",true
129,"org1","org1rec-3938-dup-0","3938",true
129,"org","orgrec-3938-org","3938",false
130,"org","orgrec-3990-org","3990",false
130,"org1","org1rec-3990-dup-0","3990",true
131,"org1","org1rec-556-dup-0","556",true
131,"org","orgrec-556-org","556",false
132,"org1","org1rec-1256-dup-0","1256",true
132,"org1","org1rec-1256-org","1256",true
133,"org1","org1rec-1848-dup-0","1848",true
133,"org1","org1rec-1848-org","1848",true
134,"org1","org1rec-3934-org","3934",true
134,"org1","org1rec-3934-dup-0","3934",true
135,"org1","org1rec-1741-dup-0","1741",true
135,"org1","org1rec-1741-org","1741",true
136,"org1","org1rec-3211-dup-0","3211",true
136,"org1","org1rec-3211-org","3211",true
137,"org1","org1rec-2844-dup-0","2844",true
138,"org","orgrec-4844-org","4844",false
138,"org1","org1rec-4844-dup-0","4844",true
139,"org1","org1rec-728-org","728",true
139,"org1","org1rec-728-dup-0","728",true
140,"org1","org1rec-518-dup-0","518",true
140,"org","orgrec-518-org","518",false
141,"org1","org1rec-3472-dup-0","3472",true
142,"org","orgrec-1401-org","1401",false
143,"org","orgrec-2310-org","2310",false
143,"org1","org1rec-2310-dup-0","2310",true
144,"org","orgrec-2766-org","2766",false
145,"org1","org1rec-930-dup-0","930",true
146,"org1","org1rec-707-org","707",true
146,"org1","org1rec-707-dup-0","707",true
147,"org","orgrec-984-org","984",false
147,"org1","org1rec-984-dup-0","984",true
148,"org","orgrec-1831-org","1831",false
148,"org1","org1rec-1831-dup-0","1831",true
149,"org","orgrec-2668-org","2668",false
149,"org1","org1rec-2668-dup-0","2668",true
150,"org1","org1rec-1281-dup-0","1281",true
150,"org","orgrec-1281-org","1281",false
151,"org","orgrec-3083-org","3083",false
152,"org1","org1rec-188-dup-0","188",true
153,"org1","org1rec-2536-dup-0","2536",true
153,"org","orgrec-2536-org","2536",false
154,"org1","org1rec-2376-dup-0","2376",true
155,"org1","org1rec-3829-dup-0","3829",true
156,"org1","org1rec-1678-dup-0","1678",true
156,"org","orgrec-1678-org","1678",false
157,"org","orgrec-2329-org","2329",false
157,"org1","org1rec-2329-dup-0","2329",true
158,"org1","org1rec-3028-dup-0","3028",true
159,"org","orgrec-4275-org","4275",false
159,"org1","org1rec-4275-dup-0","4275",true
160,"org1","org1rec-2013-dup-0","2013",true
160,"org","orgrec-2013-org","2013",false
161,"org1","org1rec-4191-org","4191",true
161,"org1","org1rec-4191-dup-0","4191",true
162,"org1","org1rec-367-dup-0","367",true
163,"org","orgrec-2691-org","2691",false
164,"org1","org1rec-3867-dup-0","3867",true
165,"org1","org1rec-891-dup-0","891",true
166,"org1","org1rec-221-dup-0","221",true
166,"org","orgrec-221-org","221",false
167,"org","orgrec-805-org","805",false
167,"org1","org1rec-805-dup-0","805",true
168,"org1","org1rec-4966-dup-0","4966",true
168,"org","orgrec-4966-org","4966",false
169,"org1","org1rec-3532-dup-0","3532",true
169,"org1","org1rec-3532-org","3532",true
170,"org","orgrec-1097-org","1097",false
170,"org1","org1rec-1097-dup-0","1097",true
171,"org1","org1rec-1265-dup-0","1265",true
171,"org","orgrec-1265-org","1265",false
172,"org1","org1rec-1412-dup-0","1412",true
172,"org","orgrec-1412-org","1412",false
173,"org1","org1rec-1201-dup-0","1201",true
173,"org","orgrec-1201-org","1201",false
174,"org1","org1rec-2893-dup-0","2893",true
175,"org1","org1rec-4654-dup-0","4654",true
176,"org","orgrec-3671-org","3671",false
176,"org1","org1rec-3671-dup-0","3671",true
177,"org","orgrec-3894-org","3894",false
177,"org1","org1rec-3894-dup-0","3894",true
178,"org1","org1rec-1840-org","1840",true
179,"org","orgrec-992-org","992",false
180,"org1","org1rec-806-dup-0","806",true
180,"org","orgrec-806-org","806",false
181,"org1","org1rec-4440-dup-0","4440",true
181,"org1","org1rec-4440-org","4440",true
182,"org","orgrec-2243-org","2243",false
183,"org","orgrec-3104-org","3104",false
183,"org1","org1rec-3104-dup-0","3104",true
184,"org1","org1rec-4646-dup-0","4646",true
185,"org1","org1rec-2131-dup-0","2131",true
185,"org","orgrec-2131-org","2131",false
186,"org","orgrec-209-org","209",false
187,"org1","org1rec-1756-dup-0","1756",true
187,"org","orgrec-1756-org","1756",false
188,"org1","org1rec-3413-dup-0","3413",true
188,"org","orgrec-3413-org","3413",false
189,"org1","org1rec-2204-dup-0","2204",true
189,"org","orgrec-2204-org","2204",false
190,"org1","org1rec-2075-dup-0","2075",true
191,"org1","org1rec-3862-dup-0","3862",true
191,"org","orgrec-3862-org","3862",false
192,"org","orgrec-188-org","188",false
193,"org","orgrec-637-org","637",false
194,"org1","org1rec-2760-dup-0","2760",true
195,"org","orgrec-2756-org","2756",false
196,"org","orgrec-3667-org","3667",false
196,"org1","org1rec-3667-dup-0","3667",true
197,"org","orgrec-2169-org","2169",false
197,"org1","org1rec-2169-dup-0","2169",true
198,"org1","org1rec-1646-org","1646",true
199,"org1","org1rec-768-dup-0","768",true
199,"org","orgrec-768-org","768",false
200,"org1","org1rec-1936-org","1936",true
201,"org1","org1rec-1442-dup-0","1442",true
201,"org1","org1rec-1442-org","1442",true
202,"org1","org1rec-3053-dup-0","3053",true
202,"org","orgrec-3053-org","3053",false
203,"org","orgrec-3843-org","3843",false
204,"org1","org1rec-751-org","751",true
204,"org1","org1rec-751-dup-0","751",true
205,"org","orgrec-2727-org","2727",false
206,"org1","org1rec-2882-dup-0","2882",true
206,"org","orgrec-2882-org","2882",false
207,"org","orgrec-2833-org","2833",false
207,"org1","org1rec-2833-dup-0","2833",true
208,"org","orgrec-228-org","228",false
208,"org1","org1rec-228-dup-0","228",true
209,"org1","org1rec-1966-dup-0","1966",true
210,"org1","org1rec-2294-dup-0","2294",true
210,"org","orgrec-2294-org","2294",false
211,"org1","org1rec-1502-org","1502",true
211,"org1","org1rec-1502-dup-0","1502",true
212,"org1","org1rec-4283-dup-0","4283",true
213,"org","orgrec-975-org","975",false
213,"org1","org1rec-975-dup-0","975",true
214,"org1","org1rec-643-dup-0","643",true
214,"org1","org1rec-643-org","643",true
215,"org1","org1rec-554-dup-0","554",true
216,"org","orgrec-1908-org","1908",false
216,"org1","org1rec-1908-dup-0","1908",true
217,"org1","org1rec-2582-dup-0","2582",true
217,"org1","org1rec-2582-org","2582",true
218,"org1","org1rec-2091-dup-0","2091",true
218,"org","orgrec-2091-org","2091",false
219,"org","orgrec-892-org","892",false
220,"org1","org1rec-3848-dup-0","3848",true
220,"org","orgrec-3848-org","3848",false
221,"org","orgrec-561-org","561",false
222,"org1","org1rec-3367-dup-0","3367",true
222,"org","orgrec-3367-org","3367",false
223,"org","orgrec-2954-org","2954",false
223,"org1","org1rec-2954-dup-0","2954",true
224,"org","orgrec-2016-org","2016",false
225,"org","orgrec-2768-org","2768",false
225,"org1","org1rec-2768-dup-0","2768",true
226,"org1","org1rec-3313-dup-0","3313",true
226,"org","orgrec-3313-org","3313",false
227,"org1","org1rec-1013-dup-0","1013",true
227,"org","orgrec-1013-org","1013",false
228,"org1","org1rec-2012-org","2012",true
228,"org1","org1rec-2012-dup-0","2012",true
229,"org1","org1rec-4059-org","4059",true
229,"org1","org1rec-4059-dup-0","4059",true
230,"org1","org1rec-3136-dup-0","3136",true
230,"org1","org1rec-3136-org","3136",true
231,"org1","org1rec-2177-dup-0","2177",true
232,"org1","org1rec-618-org","618",true
233,"org1","org1rec-296-dup-0","296",true
233,"org1","org1rec-296-org","296",true
234,"org1","org1rec-1765-org","1765",true
235,"org","orgrec-3504-org","3504",false
236,"org1","org1rec-873-org","873",true
237,"org","orgrec-2003-org","2003",false
237,"org1","org1rec-2003-dup-0","2003",true
238,"org1","org1rec-4307-dup-0","4307",true
238,"org1","org1rec-4307-org","4307",true
239,"org1","org1rec-1451-dup-0","1451",true
239,"org","orgrec-1451-org","1451",false
240,"org1","org1rec-3512-dup-0","3512",true
240,"org1","org1rec-3512-org","3512",true
241,"org","orgrec-1636-org","1636",false
242,"org1","org1rec-893-dup-0","893",true
242,"org1","org1rec-893-org","893",true
243,"org1","org1rec-161-dup-0","161",true
244,"org","orgrec-3149-org","3149",false
244,"org1","org1rec-3149-dup-0","3149",true
245,"org","orgrec-3886-org","3886",false
245,"org1","org1rec-3886-dup-0","3886",true
246,"org1","org1rec-1022-dup-0","1022",true
247,"org1","org1rec-3051-dup-0","3051",true
248,"org","orgrec-2733-org","2733",false
248,"org1","org1rec-2733-dup-0","2733",true
249,"org1","org1rec-1565-org","1565",true
249,"org1","org1rec-1565-dup-0","1565",true
250,"org1","org1rec-327-dup-0","327",true
250,"org1","org1rec-327-org","327",true
251,"org1","org1rec-1439-dup-0","1439",true
251,"org","orgrec-1439-org","1439",false
252,"org","orgrec-1938-org","1938",false
252,"org1","org1rec-1938-dup-0","1938",true
253,"org1","org1rec-4837-dup-0","4837",true
253,"org","orgrec-4837-org","4837",false
254,"org1","org1rec-4951-org","4951",true
255,"org1","org1rec-2149-dup-0","2149",true
256,"org1","org1rec-1175-org","1175",true
257,"org1","org1rec-636-dup-0","636",true
258,"org1","org1rec-4601-dup-0","4601",true
259,"org1","org1rec-2155-dup-0","2155",true
259,"org","orgrec-2155-org","2155",false
260,"org1","org1rec-2154-dup-0","2154",true
261,"org1","org1rec-4670-dup-0","4670",true
261,"org","orgrec-4670-org","4670",false
262,"org1","org1rec-4486-dup-0","4486",true
263,"org","orgrec-3945-org","3945",false
263,"org1","org1rec-3945-dup-0","3945",true
264,"org1","org1rec-3824-org","3824",true
264,"org1","org1rec-3824-dup-0","3824",true
265,"org","orgrec-1007-org","1007",false
266,"org1","org1rec-2029-dup-0","2029",true
266,"org","orgrec-2029-org","2029",false
267,"org1","org1rec-4335-dup-0","4335",true
268,"org","orgrec-3034-org","3034",false
268,"org1","org1rec-3034-dup-0","3034",true
269,"org1","org1rec-2878-dup-0","2878",true
269,"org","orgrec-2878-org","2878",false
270,"org1","org1rec-407-org","407",true
270,"org1","org1rec-407-dup-0","407",true
271,"org1","org1rec-4741-dup-0","4741",true
271,"org1","org1rec-4741-org","4741",true
272,"org1","org1rec-3944-dup-0","3944",true
272,"org","orgrec-3944-org","3944",false
273,"org1","org1rec-4749-dup-0","4749",true
274,"org1","org1rec-2110-dup-0","2110",true
275,"org","orgrec-4179-org","4179",false
275,"org1","org1rec-4179-dup-0","4179",true
276,"org1","org1rec-2321-org","2321",true
276,"org1","org1rec-2321-dup-0","2321",true
277,"org","orgrec-3143-org","3143",false
277,"org1","org1rec-3143-dup-0","3143",true
278,"org","orgrec-4351-org","4351",false
279,"org","orgrec-2377-org","2377",false
279,"org1","org1rec-2377-dup-0","2377",true
280,"org","orgrec-3316-org","3316",false
280,"org1","org1rec-3316-dup-0","3316",true
281,"org1","org1rec-2076-org","2076",true
281,"org1","org1rec-2076-dup-0","2076",true
282,"org1","org1rec-3219-dup-0","3219",true
283,"org","orgrec-4481-org","4481",false
284,"org1","org1rec-3705-org","3705",true
285,"org1","org1rec-2905-dup-0","2905",true
285,"org1","org1rec-2905-org","2905",true
286,"org1","org1rec-1481-dup-0","1481",true
286,"org","orgrec-1481-org","1481",false
287,"org","orgrec-4474-org","4474",false
287,"org1","org1rec-4474-dup-0","4474",true
288,"org1","org1rec-2346-dup-0","2346",true
288,"org1","org1rec-2346-org","2346",true
289,"org1","org1rec-3957-dup-0","3957",true
289,"org","orgrec-3957-org","3957",false
290,"org1","org1rec-4151-dup-0","4151",true
290,"org","orgrec-4151-org","4151",false
291,"org1","org1rec-4256-org","4256",true
291,"org1","org1rec-4256-dup-0","4256",true
292,"org","orgrec-972-org","972",false
292,"org1","org1rec-972-dup-0","972",true
293,"org1","org1rec-3435-dup-0","3435",true
293,"org","orgrec-3435-org","3435",false
294,"org","orgrec-4858-org","4858",false
294,"org1","org1rec-4858-dup-0","4858",true
295,"org1","org1rec-1856-dup-0","1856",true
296,"org","orgrec-4094-org","4094",false
297,"org","orgrec-706-org","706",false
297,"org1","org1rec-706-dup-0","706",true
298,"org1","org1rec-3774-dup-0","3774",true
298,"org","orgrec-3774-org","3774",false
299,"org","orgrec-3039-org","3039",false
300,"org1","org1rec-4460-dup-0","4460",true
301,"org1","org1rec-3383-org","3383",true
301,"org1","org1rec-3383-dup-0","3383",true
302,"org1","org1rec-903-dup-0","903",true
303,"org1","org1rec-4949-org","4949",true
303,"org1","org1rec-4949-dup-0","4949",true
304,"org","orgrec-4831-org","4831",false
304,"org1","org1rec-4831-dup-0","4831",true
305,"org","orgrec-363-org","363",false
305,"org1","org1rec-363-dup-0","363",true
306,"org1","org1rec-1279-dup-0","1279",true
307,"org","orgrec-1513-org","1513",false
307,"org1","org1rec-1513-dup-0","1513",true
308,"org","orgrec-3682-org","3682",false
308,"org1","org1rec-3682-dup-0","3682",true
309,"org","orgrec-4766-org","4766",false
309,"org1","org1rec-4766-dup-0","4766",true
310,"org1","org1rec-311-dup-0","311",true
311,"org","orgrec-4112-org","4112",false
311,"org1","org1rec-4112-dup-0","4112",true
312,"org","orgrec-513-org","513",false
313,"org1","org1rec-4924-dup-0","4924",true
314,"org1","org1rec-3912-dup-0","3912",true
314,"org1","org1rec-3912-org","3912",true
315,"org1","org1rec-588-dup-0","588",true
315,"org","orgrec-588-org","588",false
316,"org","orgrec-4947-org","4947",false
316,"org1","org1rec-4947-dup-0","4947",true
317,"org1","org1rec-699-dup-0","699",true
318,"org1","org1rec-3937-dup-0","3937",true
318,"org1","org1rec-3937-org","3937",true
319,"org","orgrec-2230-org","2230",false
320,"org1","org1rec-2685-dup-0","2685",true
321,"org","orgrec-3250-org","3250",false
321,"org1","org1rec-3250-dup-0","3250",true
322,"org","orgrec-1903-org","1903",false
322,"org1","org1rec-1903-dup-0","1903",true
323,"org1","org1rec-2107-dup-0","2107",true
323,"org1","org1rec-2107-org","2107",true
324,"org1","org1rec-2660-dup-0","2660",true
325,"org1","org1rec-3672-dup-0","3672",true
326,"org1","org1rec-3962-org","3962",true
327,"org","orgrec-2621-org","2621",false
327,"org1","org1rec-2621-dup-0","2621",true
328,"org1","org1rec-1328-org","1328",true
328,"org1","org1rec-1328-dup-0","1328",true
329,"org1","org1rec-4975-dup-0","4975",true
329,"org1","org1rec-4975-org","4975",true
330,"org1","org1rec-4981-dup-0","4981",true
330,"org","orgrec-4981-org","4981",false
331,"org1","org1rec-2361-org","2361",true
332,"org","orgrec-3680-org","3680",false
332,"org1","org1rec-3680-dup-0","3680",true
333,"org1","org1rec-1385-dup-0","1385",true
334,"org1","org1rec-4463-org","4463",true
334,"org1","org1rec-4463-dup-0","4463",true
335,"org1","org1rec-3480-org","3480",true
335,"org1","org1rec-3480-dup-0","3480",true
336,"org1","org1rec-3798-dup-0","3798",true
337,"org1","org1rec-3490-dup-0","3490",true
338,"org","orgrec-765-org","765",false
338,"org1","org1rec-765-dup-0","765",true
339,"org1","org1rec-2604-dup-0","2604",true
339,"org","orgrec-2604-org","2604",false
340,"org","orgrec-2388-org","2388",false
341,"org1","org1rec-4877-dup-0","4877",true
342,"org1","org1rec-2493-dup-0","2493",true
343,"org","orgrec-4789-org","4789",false
343,"org1","org1rec-4789-dup-0","4789",true
344,"org","orgrec-3366-org","3366",false
344,"org1","org1rec-3366-dup-0","3366",true
345,"org1","org1rec-4182-dup-0","4182",true
345,"org1","org1rec-4182-org","4182",true
346,"org","orgrec-2311-org","2311",false
346,"org1","org1rec-2311-dup-0","2311",true
347,"org1","org1rec-4202-org","4202",true
348,"org","orgrec-2445-org","2445",false
348,"org1","org1rec-2445-dup-0","2445",true
349,"org1","org1rec-3026-dup-0","3026",true
350,"org1","org1rec-3906-dup-0","3906",true
350,"org","orgrec-3906-org","3906",false
351,"org","orgrec-4628-org","4628",false
352,"org","orgrec-4230-org","4230",false
352,"org1","org1rec-4230-dup-0","4230",true
353,"org","orgrec-2285-org","2285",false
354,"org1","org1rec-601-dup-0","601",true
354,"org1","org1rec-601-org","601",true
355,"org1","org1rec-1932-dup-0","1932",true
356,"org1","org1rec-2738-org","2738",true
356,"org1","org1rec-2738-dup-0","2738",true
357,"org","orgrec-562-org","562",false
357,"org1","org1rec-562-dup-0","562",true
358,"org1","org1rec-1964-dup-0","1964",true
358,"org","orgrec-1964-org","1964",false
359,"org","orgrec-2411-org","2411",false
360,"org1","org1rec-3071-dup-0","3071",true
361,"org","orgrec-1746-org","1746",false
361,"org1","org1rec-1746-dup-0","1746",true
362,"org","orgrec-3529-org","3529",false
362,"org1","org1rec-3529-dup-0","3529",true
363,"org1","org1rec-746-dup-0","746",true
364,"org1","org1rec-727-org","727",true
364,"org1","org1rec-727-dup-0","727",true
365,"org1","org1rec-1477-dup-0","1477",true
366,"org","orgrec-2563-org","2563",false
366,"org1","org1rec-2563-dup-0","2563",true
367,"org","orgrec-1764-org","1764",false
368,"org","orgrec-1089-org","1089",false
368,"org1","org1rec-1089-dup-0","1089",true
369,"org1","org1rec-503-dup-0","503",true
370,"org1","org1rec-3312-dup-0","3312",true
371,"org1","org1rec-1818-org","1818",true
372,"org1","org1rec-4791-dup-0","4791",true
373,"org1","org1rec-515-dup-0","515",true
373,"org","orgrec-515-org","515",false
374,"org","orgrec-2926-org","2926",false
374,"org1","org1rec-2926-dup-0","2926",true
375,"org1","org1rec-4423-dup-0","4423",true
375,"org","orgrec-4423-org","4423",false
376,"org","orgrec-3429-org","3429",false
376,"org1","org1rec-3429-dup-0","3429",true
377,"org","orgrec-2249-org","2249",false
377,"org1","org1rec-2249-dup-0","2249",true
378,"org","orgrec-4056-org","4056",false
379,"org","orgrec-2999-org","2999",false
379,"org1","org1rec-2999-dup-0","2999",true
380,"org1","org1rec-4358-dup-0","4358",true
381,"org1","org1rec-581-dup-0","581",true
381,"org","orgrec-581-org","581",false
382,"org1","org1rec-1278-org","1278",true
383,"org","orgrec-4431-org","4431",false
383,"org1","org1rec-4431-dup-0","4431",true
384,"org1","org1rec-347-org","347",true
384,"org1","org1rec-347-dup-0","347",true
385,"org1","org1rec-1323-org","1323",true
386,"org1","org1rec-2814-dup-0","2814",true
387,"org","orgrec-3792-org","3792",false
387,"org1","org1rec-3792-dup-0","3792",true
388,"org1","org1rec-2253-dup-0","2253",true
389,"org1","org1rec-178-dup-0","178",true
389,"org","orgrec-178-org","178",false
390,"org1","org1rec-3039-dup-0","3039",true
391,"org1","org1rec-1068-dup-0","1068",true
392,"org","orgrec-1483-org","1483",false
393,"org1","org1rec-2317-org","2317",true
394,"org1","org1rec-4215-dup-0","4215",true
395,"org","orgrec-2205-org","2205",false
395,"org1","org1rec-2205-dup-0","2205",true
396,"org","orgrec-4246-org","4246",false
397,"org","orgrec-2183-org","2183",false
397,"org1","org1rec-2183-dup-0","2183",true
398,"org","orgrec-3058-org","3058",false
398,"org1","org1rec-3058-dup-0","3058",true
399,"org","orgrec-2365-org","2365",false
400,"org1","org1rec-432-dup-0","432",true
400,"org","orgrec-432-org","432",false
401,"org1","org1rec-1285-dup-0","1285",true
401,"org1","org1rec-1285-org","1285",true
402,"org1","org1rec-70-dup-0","70",true
403,"org1","org1rec-2770-dup-0","2770",true
404,"org1","org1rec-4145-dup-0","4145",true
404,"org","orgrec-4145-org","4145",false
405,"org1","org1rec-251-dup-0","251",true
406,"org1","org1rec-1897-dup-0","1897",true
407,"org1","org1rec-1921-org","1921",true
407,"org1","org1rec-1921-dup-0","1921",true
408,"org1","org1rec-784-dup-0","784",true
408,"org1","org1rec-784-org","784",true
409,"org1","org1rec-4133-dup-0","4133",true
409,"org","orgrec-4133-org","4133",false
410,"org","orgrec-3225-org","3225",false
411,"org","orgrec-1812-org","1812",false
412,"org1","org1rec-4639-dup-0","4639",true
412,"org","orgrec-4639-org","4639",false
413,"org","orgrec-2190-org","2190",false
413,"org1","org1rec-2190-dup-0","2190",true
414,"org1","org1rec-2343-dup-0","2343",true
414,"org","orgrec-2343-org","2343",false
415,"org1","org1rec-4385-dup-0","4385",true
415,"org1","org1rec-4385-org","4385",true
416,"org1","org1rec-86-dup-0","86",true
417,"org1","org1rec-3563-dup-0","3563",true
417,"org","orgrec-3563-org","3563",false
418,"org1","org1rec-1829-org","1829",true
419,"org1","org1rec-2303-dup-0","2303",true
420,"org","orgrec-3829-org","3829",false
421,"org","orgrec-2793-org","2793",false
421,"org1","org1rec-2793-dup-0","2793",true
422,"org","orgrec-2608-org","2608",false
423,"org","orgrec-2660-org","2660",false
424,"org","orgrec-3213-org","3213",false
425,"org","orgrec-4041-org","4041",false
425,"org1","org1rec-4041-dup-0","4041",true
426,"org","orgrec-812-org","812",false
426,"org1","org1rec-812-dup-0","812",true
427,"org1","org1rec-957-dup-0","957",true
427,"org","orgrec-957-org","957",false
428,"org1","org1rec-2232-org","2232",true
429,"org1","org1rec-1668-dup-0","1668",true
430,"org1","org1rec-2243-dup-0","2243",true
431,"org","orgrec-4019-org","4019",false
431,"org1","org1rec-4019-dup-0","4019",true
432,"org","orgrec-827-org","827",false
432,"org1","org1rec-827-dup-0","827",true
433,"org1","org1rec-602-dup-0","602",true
433,"org","orgrec-602-org","602",false
434,"org1","org1rec-1125-dup-0","1125",true
434,"org","orgrec-1125-org","1125",false
435,"org1","org1rec-4420-dup-0","4420",true
435,"org1","org1rec-4420-org","4420",true
436,"org","orgrec-1153-org","1153",false
436,"org1","org1rec-1153-dup-0","1153",true
437,"org1","org1rec-4890-dup-0","4890",true
438,"org1","org1rec-2895-dup-0","2895",true
439,"org1","org1rec-3507-dup-0","3507",true
439,"org1","org1rec-3507-org","3507",true
440,"org1","org1rec-1864-org","1864",true
440,"org1","org1rec-1864-dup-0","1864",true
441,"org","orgrec-2489-org","2489",false
442,"org1","org1rec-2754-dup-0","2754",true
442,"org","orgrec-2754-org","2754",false
443,"org1","org1rec-3783-dup-0","3783",true
444,"org","orgrec-4790-org","4790",false
445,"org","orgrec-2544-org","2544",false
446,"org1","org1rec-941-dup-0","941",true
446,"org","orgrec-941-org","941",false
447,"org","orgrec-2554-org","2554",false
447,"org1","org1rec-2554-dup-0","2554",true
448,"org1","org1rec-3347-dup-0","3347",true
448,"org","orgrec-3347-org","3347",false
449,"org","orgrec-4140-org","4140",false
449,"org1","org1rec-4140-dup-0","4140",true
450,"org","orgrec-3865-org","3865",false
451,"org1","org1rec-1027-dup-0","1027",true
451,"org","orgrec-1027-org","1027",false
452,"org1","org1rec-4324-dup-0","4324",true
453,"org","orgrec-3385-org","3385",false
454,"org","orgrec-1340-org","1340",false
454,"org1","org1rec-1340-dup-0","1340",true
455,"org1","org1rec-3545-dup-0","3545",true
455,"org","orgrec-3545-org","3545",false
456,"org1","org1rec-4245-org","4245",true
456,"org1","org1rec-4245-dup-0","4245",true
457,"org1","org1rec-1593-dup-0","1593",true
457,"org","orgrec-1593-org","1593",false
458,"org","orgrec-2030-org","2030",false
459,"org","orgrec-3841-org","3841",false
460,"org1","org1rec-3677-dup-0","3677",true
460,"org","orgrec-3677-org","3677",false
461,"org1","org1rec-3860-dup-0","3860",true
461,"org1","org1rec-3860-org","3860",true
462,"org","orgrec-1440-org","1440",false
463,"org1","org1rec-3291-dup-0","3291",true
464,"org","orgrec-2641-org","2641",false
464,"org1","org1rec-2641-dup-0","2641",true
465,"org","orgrec-2739-org","2739",false
465,"org1","org1rec-2739-dup-0","2739",true
466,"org","orgrec-2835-org","2835",false
466,"org1","org1rec-2835-dup-0","2835",true
467,"org","orgrec-2281-org","2281",false
467,"org1","org1rec-2281-dup-0","2281",true
468,"org","orgrec-2618-org","2618",false
468,"org1","org1rec-2618-dup-0","2618",true
469,"org","orgrec-4594-org","4594",false
469,"org1","org1rec-4594-dup-0","4594",true
470,"org1","org1rec-2000-dup-0","2000",true
470,"org","orgrec-2000-org","2000",false
471,"org1","org1rec-2044-org","2044",true
471,"org1","org1rec-2044-dup-0","2044",true
472,"org","orgrec-849-org","849",false
472,"org1","org1rec-849-dup-0","849",true
473,"org1","org1rec-3394-dup-0","3394",true
474,"org1","org1rec-14-dup-0","14",true
475,"org","orgrec-1697-org","1697",false
475,"org1","org1rec-1697-dup-0","1697",true
476,"org","orgrec-1522-org","1522",false
476,"org1","org1rec-1522-dup-0","1522",true
477,"org1","org1rec-1180-org","1180",true
477,"org1","org1rec-1180-dup-0","1180",true
478,"org","orgrec-2799-org","2799",false
479,"org","orgrec-715-org","715",false
479,"org1","org1rec-715-dup-0","715",true
480,"org1","org1rec-830-org","830",true
480,"org1","org1rec-830-dup-0","830",true
481,"org","orgrec-4700-org","4700",false
481,"org1","org1rec-4700-dup-0","4700",true
482,"org1","org1rec-1625-dup-0","1625",true
482,"org","orgrec-1625-org","1625",false
483,"org1","org1rec-4227-dup-0","4227",true
484,"org1","org1rec-179-dup-0","179",true
484,"org1","org1rec-179-org","179",true
485,"org1","org1rec-4272-dup-0","4272",true
486,"org1","org1rec-939-dup-0","939",true
486,"org","orgrec-939-org","939",false
487,"org","orgrec-2984-org","2984",false
488,"org1","org1rec-2164-dup-0","2164",true
488,"org","orgrec-2164-org","2164",false
489,"org","orgrec-4521-org","4521",false
489,"org1","org1rec-4521-dup-0","4521",true
490,"org1","org1rec-4794-dup-0","4794",true
490,"org","orgrec-4794-org","4794",false
491,"org1","org1rec-4305-dup-0","4305",true
491,"org1","org1rec-4305-org","4305",true
492,"org1","org1rec-4476-dup-0","4476",true
492,"org1","org1rec-4476-org","4476",true
493,"org","orgrec-1517-org","1517",false
493,"org1","org1rec-1517-dup-0","1517",true
494,"org1","org1rec-3475-dup-0","3475",true
494,"org","orgrec-3475-org","3475",false
495,"org1","org1rec-4507-dup-0","4507",true
495,"org","orgrec-4507-org","4507",false
496,"org","orgrec-1062-org","1062",false
497,"org","orgrec-3289-org","3289",false
497,"org1","org1rec-3289-dup-0","3289",true
498,"org1","org1rec-410-dup-0","410",true
498,"org","orgrec-410-org","410",false
499,"org1","org1rec-1209-org","1209",true
499,"org1","org1rec-1209-dup-0","1209",true
500,"org1","org1rec-2533-dup-0","2533",true
500,"org1","org1rec-2533-org","2533",true
501,"org1","org1rec-867-dup-0","867",true
501,"org","orgrec-867-org","867",false
502,"org1","org1rec-2287-org","2287",true
502,"org1","org1rec-2287-dup-0","2287",true
503,"org1","org1rec-1597-dup-0","1597",true
504,"org1","org1rec-3509-dup-0","3509",true
504,"org1","org1rec-3509-org","3509",true
505,"org1","org1rec-1399-dup-0","1399",true
506,"org","orgrec-368-org","368",false
507,"org","orgrec-1273-org","1273",false
507,"org1","org1rec-1273-dup-0","1273",true
508,"org1","org1rec-3553-dup-0","3553",true
508,"org1","org1rec-3553-org","3553",true
509,"org1","org1rec-3061-dup-0","3061",true
510,"org","orgrec-431-org","431",false
510,"org1","org1rec-431-dup-0","431",true
511,"org1","org1rec-1558-dup-0","1558",true
511,"org","orgrec-1558-org","1558",false
512,"org","orgrec-3283-org","3283",false
513,"org1","org1rec-1531-dup-0","1531",true
513,"org","orgrec-1531-org","1531",false
514,"org","orgrec-1661-org","1661",false
514,"org1","org1rec-1661-dup-0","1661",true
515,"org","orgrec-4549-org","4549",false
515,"org1","org1rec-4549-dup-0","4549",true
516,"org","orgrec-904-org","904",false
517,"org1","org1rec-3409-dup-0","3409",true
517,"org","orgrec-3409-org","3409",false
518,"org1","org1rec-3337-dup-0","3337",true
519,"org","orgrec-4146-org","4146",false
519,"org1","org1rec-4146-dup-0","4146",true
520,"org","orgrec-1444-org","1444",false
521,"org1","org1rec-4176-dup-0","4176",true
521,"org","orgrec-4176-org","4176",false
522,"org","orgrec-4171-org","4171",false
523,"org","orgrec-644-org","644",false
523,"org1","org1rec-644-dup-0","644",true
524,"org1","org1rec-4119-dup-0","4119",true
525,"org1","org1rec-2758-dup-0","2758",true
526,"org1","org1rec-4231-dup-0","4231",true
526,"org","orgrec-4231-org","4231",false
527,"org","orgrec-2561-org","2561",false
527,"org1","org1rec-2561-dup-0","2561",true
528,"org1","org1rec-4080-dup-0","4080",true
528,"org","orgrec-4080-org","4080",false
529,"org1","org1rec-3253-dup-0","3253",true
529,"org","orgrec-3253-org","3253",false
530,"org1","org1rec-1441-org","1441",true
531,"org1","org1rec-1315-dup-0","1315",true
531,"org1","org1rec-1315-org","1315",true
532,"org1","org1rec-2179-dup-0","2179",true
532,"org1","org1rec-2179-org","2179",true
533,"org","orgrec-2704-org","2704",false
534,"org1","org1rec-3406-dup-0","3406",true
534,"org","orgrec-3406-org","3406",false
535,"org1","org1rec-690-dup-0","690",true
536,"org1","org1rec-3859-org","3859",true
536,"org1","org1rec-3859-dup-0","3859",true
537,"org1","org1rec-963-dup-0","963",true
538,"org","orgrec-3437-org","3437",false
538,"org1","org1rec-3437-dup-0","3437",true
539,"org1","org1rec-390-dup-0","390",true
539,"org","orgrec-390-org","390",false
540,"org","orgrec-4096-org","4096",false
541,"org","orgrec-2637-org","2637",false
542,"org1","org1rec-2743-dup-0","2743",true
543,"org","orgrec-2271-org","2271",false
543,"org1","org1rec-2271-dup-0","2271",true
544,"org1","org1rec-3300-dup-0","3300",true
544,"org1","org1rec-3300-org","3300",true
545,"org","orgrec-2600-org","2600",false
545,"org1","org1rec-2600-dup-0","2600",true
546,"org1","org1rec-4782-dup-0","4782",true
546,"org","orgrec-4782-org","4782",false
547,"org","orgrec-1824-org","1824",false
547,"org1","org1rec-1824-dup-0","1824",true
548,"org1","org1rec-405-org","405",true
549,"org1","org1rec-2143-dup-0","2143",true
549,"org","orgrec-2143-org","2143",false
550,"org1","org1rec-698-dup-0","698",true
551,"org1","org1rec-4657-dup-0","4657",true
551,"org","orgrec-4657-org","4657",false
552,"org1","org1rec-4857-org","4857",true
552,"org1","org1rec-4857-dup-0","4857",true
553,"org1","org1rec-2073-dup-0","2073",true
554,"org1","org1rec-298-dup-0","298",true
554,"org1","org1rec-298-org","298",true
555,"org1","org1rec-3411-dup-0","3411",true
555,"org","orgrec-3411-org","3411",false
556,"org","orgrec-2503-org","2503",false
557,"org1","org1rec-1719-dup-0","1719",true
557,"org1","org1rec-1719-org","1719",true
558,"org1","org1rec-4461-org","4461",true
558,"org1","org1rec-4461-dup-0","4461",true
559,"org1","org1rec-17-dup-0","17",true
560,"org1","org1rec-150-dup-0","150",true
561,"org1","org1rec-2508-dup-0","2508",true
562,"org","orgrec-4248-org","4248",false
562,"org1","org1rec-4248-dup-0","4248",true
563,"org1","org1rec-2864-dup-0","2864",true
563,"org1","org1rec-2864-org","2864",true
564,"org1","org1rec-914-dup-0","914",true
564,"org","orgrec-914-org","914",false
565,"org","orgrec-1596-org","1596",false
565,"org1","org1rec-1596-dup-0","1596",true
566,"org","orgrec-4533-org","4533",false
566,"org1","org1rec-4533-dup-0","4533",true
567,"org1","org1rec-3483-dup-0","3483",true
567,"org1","org1rec-3483-org","3483",true
568,"org1","org1rec-4439-dup-0","4439",true
569,"org","orgrec-2406-org","2406",false
570,"org1","org1rec-520-org","520",true
570,"org1","org1rec-520-dup-0","520",true
571,"org1","org1rec-4360-org","4360",true
571,"org1","org1rec-4360-dup-0","4360",true
572,"org","orgrec-606-org","606",false
573,"org1","org1rec-3447-org","3447",true
573,"org1","org1rec-3447-dup-0","3447",true
574,"org1","org1rec-4094-dup-0","4094",true
575,"org1","org1rec-4894-org","4894",true
576,"org1","org1rec-3351-org","3351",true
576,"org1","org1rec-3351-dup-0","3351",true
577,"org","orgrec-2662-org","2662",false
577,"org1","org1rec-2662-dup-0","2662",true
578,"org","orgrec-2394-org","2394",false
578,"org1","org1rec-2394-dup-0","2394",true
579,"org","orgrec-3798-org","3798",false
580,"org1","org1rec-2319-dup-0","2319",true
581,"org1","org1rec-2162-dup-0","2162",true
581,"org","orgrec-2162-org","2162",false
582,"org1","org1rec-3883-dup-0","3883",true
582,"org","orgrec-3883-org","3883",false
583,"org1","org1rec-4894-dup-0","4894",true
584,"org1","org1rec-3722-org","3722",true
584,"org1","org1rec-3722-dup-0","3722",true
585,"org","orgrec-2124-org","2124",false
586,"org","orgrec-2964-org","2964",false
586,"org1","org1rec-2964-dup-0","2964",true
587,"org1","org1rec-2398-dup-0","2398",true
588,"org1","org1rec-3251-dup-0","3251",true
588,"org","orgrec-3251-org","3251",false
589,"org","orgrec-3151-org","3151",false
589,"org1","org1rec-3151-dup-0","3151",true
590,"org1","org1rec-1453-dup-0","1453",true
591,"org","orgrec-4986-org","4986",false
592,"org1","org1rec-285-dup-0","285",true
593,"org","orgrec-3905-org","3905",false
593,"org1","org1rec-3905-dup-0","3905",true
594,"org1","org1rec-187-org","187",true
594,"org1","org1rec-187-dup-0","187",true
595,"org","orgrec-1063-org","1063",false
596,"org1","org1rec-2983-dup-0","2983",true
596,"org","orgrec-2983-org","2983",false
597,"org","orgrec-401-org","401",false
597,"org1","org1rec-401-dup-0","401",true
598,"org","orgrec-3568-org","3568",false
598,"org1","org1rec-3568-dup-0","3568",true
599,"org","orgrec-2784-org","2784",false
599,"org1","org1rec-2784-dup-0","2784",true
600,"org1","org1rec-305-dup-0","305",true
600,"org","orgrec-305-org","305",false
601,"org1","org1rec-1208-dup-0","1208",true
601,"org","orgrec-1208-org","1208",false
602,"org1","org1rec-3179-org","3179",true
602,"org1","org1rec-3179-dup-0","3179",true
603,"org1","org1rec-1550-org","1550",true
603,"org1","org1rec-1550-dup-0","1550",true
604,"org1","org1rec-156-org","156",true
604,"org1","org1rec-156-dup-0","156",true
605,"org","orgrec-3940-org","3940",false
605,"org1","org1rec-3940-dup-0","3940",true
606,"org1","org1rec-604-org","604",true
607,"org","orgrec-3027-org","3027",false
607,"org1","org1rec-3027-dup-0","3027",true
608,"org","orgrec-567-org","567",false
609,"org1","org1rec-1489-org","1489",true
609,"org1","org1rec-1489-dup-0","1489",true
610,"org","orgrec-1098-org","1098",false
610,"org1","org1rec-1098-dup-0","1098",true
611,"org","orgrec-987-org","987",false
611,"org1","org1rec-987-dup-0","987",true
612,"org","orgrec-2526-org","2526",false
612,"org1","org1rec-2526-dup-0","2526",true
613,"org1","org1rec-3436-dup-0","3436",true
613,"org1","org1rec-3436-org","3436",true
614,"org1","org1rec-4903-dup-0","4903",true
615,"org1","org1rec-3876-org","3876",true
615,"org1","org1rec-3876-dup-0","3876",true
616,"org1","org1rec-3064-dup-0","3064",true
617,"org1","org1rec-48-dup-0","48",true
617,"org","orgrec-48-org","48",false
618,"org1","org1rec-2035-dup-0","2035",true
619,"org1","org1rec-979-dup-0","979",true
620,"org1","org1rec-2422-dup-0","2422",true
621,"org","orgrec-789-org","789",false
621,"org1","org1rec-789-dup-0","789",true
622,"org1","org1rec-403-dup-0","403",true
623,"org1","org1rec-1073-dup-0","1073",true
624,"org","orgrec-2021-org","2021",false
625,"org","orgrec-3257-org","3257",false
625,"org1","org1rec-3257-dup-0","3257",true
626,"org1","org1rec-747-org","747",true
626,"org1","org1rec-747-dup-0","747",true
627,"org1","org1rec-3044-dup-0","3044",true
627,"org","orgrec-3044-org","3044",false
628,"org","orgrec-638-org","638",false
629,"org1","org1rec-822-org","822",true
629,"org1","org1rec-822-dup-0","822",true
630,"org1","org1rec-1731-dup-0","1731",true
630,"org","orgrec-1731-org","1731",false
631,"org1","org1rec-4792-org","4792",true
631,"org1","org1rec-4792-dup-0","4792",true
632,"org1","org1rec-2056-org","2056",true
632,"org1","org1rec-2056-dup-0","2056",true
633,"org","orgrec-4772-org","4772",false
634,"org","orgrec-1642-org","1642",false
635,"org1","org1rec-3190-org","3190",true
635,"org1","org1rec-3190-dup-0","3190",true
636,"org1","org1rec-165-dup-0","165",true
637,"org1","org1rec-25-dup-0","25",true
637,"org","orgrec-25-org","25",false
638,"org","orgrec-2902-org","2902",false
639,"org1","org1rec-4506-dup-0","4506",true
639,"org","orgrec-4506-org","4506",false
640,"org1","org1rec-4338-dup-0","4338",true
640,"org","orgrec-4338-org","4338",false
641,"org1","org1rec-674-org","674",true
641,"org1","org1rec-674-dup-0","674",true
642,"org","orgrec-3142-org","3142",false
642,"org1","org1rec-3142-dup-0","3142",true
643,"org1","org1rec-1814-dup-0","1814",true
643,"org1","org1rec-1814-org","1814",true
644,"org1","org1rec-885-dup-0","885",true
644,"org1","org1rec-885-org","885",true
645,"org1","org1rec-89-dup-0","89",true
646,"org1","org1rec-4318-dup-0","4318",true
646,"org","orgrec-4318-org","4318",false
647,"org1","org1rec-3324-dup-0","3324",true
648,"org1","org1rec-1786-dup-0","1786",true
648,"org","orgrec-1786-org","1786",false
649,"org1","org1rec-2697-dup-0","2697",true
650,"org1","org1rec-1708-dup-0","1708",true
651,"org1","org1rec-1918-dup-0","1918",true
651,"org","orgrec-1918-org","1918",false
652,"org1","org1rec-4216-dup-0","4216",true
652,"org","orgrec-4216-org","4216",false
653,"org1","org1rec-3762-dup-0","3762",true
653,"org1","org1rec-3762-org","3762",true
654,"org","orgrec-4903-org","4903",false
655,"org1","org1rec-606-dup-0","606",true
656,"org1","org1rec-2125-dup-0","2125",true
656,"org1","org1rec-2125-org","2125",true
657,"org1","org1rec-2712-dup-0","2712",true
657,"org","orgrec-2712-org","2712",false
658,"org","orgrec-828-org","828",false
659,"org","orgrec-3812-org","3812",false
659,"org1","org1rec-3812-dup-0","3812",true
660,"org1","org1rec-4943-dup-0","4943",true
661,"org1","org1rec-1567-dup-0","1567",true
661,"org","orgrec-1567-org","1567",false
662,"org1","org1rec-2534-dup-0","2534",true
662,"org","orgrec-2534-org","2534",false
663,"org","orgrec-257-org","257",false
663,"org1","org1rec-257-dup-0","257",true
664,"org","orgrec-1924-org","1924",false
664,"org1","org1rec-1924-dup-0","1924",true
665,"org1","org1rec-1210-dup-0","1210",true
665,"org","orgrec-1210-org","1210",false
666,"org","orgrec-666-org","666",false
667,"org1","org1rec-4095-org","4095",true
667,"org1","org1rec-4095-dup-0","4095",true
668,"org1","org1rec-273-dup-0","273",true
669,"org1","org1rec-4384-org","4384",true
669,"org1","org1rec-4384-dup-0","4384",true
670,"org","orgrec-4238-org","4238",false
670,"org1","org1rec-4238-dup-0","4238",true
671,"org","orgrec-600-org","600",false
672,"org1","org1rec-1635-dup-0","1635",true
672,"org","orgrec-1635-org","1635",false
673,"org1","org1rec-322-dup-0","322",true
674,"org1","org1rec-4045-dup-0","4045",true
675,"org1","org1rec-1211-dup-0","1211",true
676,"org","orgrec-3587-org","3587",false
676,"org1","org1rec-3587-dup-0","3587",true
677,"org1","org1rec-883-org","883",true
677,"org1","org1rec-883-dup-0","883",true
678,"org1","org1rec-4781-dup-0","4781",true
678,"org1","org1rec-4781-org","4781",true
679,"org","orgrec-4437-org","4437",false
680,"org1","org1rec-1283-org","1283",true
680,"org1","org1rec-1283-dup-0","1283",true
681,"org","orgrec-3702-org","3702",false
682,"org1","org1rec-4447-dup-0","4447",true
683,"org1","org1rec-2147-dup-0","2147",true
684,"org1","org1rec-1277-dup-0","1277",true
685,"org1","org1rec-2122-dup-0","2122",true
685,"org","orgrec-2122-org","2122",false
686,"org","orgrec-2933-org","2933",false
686,"org1","org1rec-2933-dup-0","2933",true
687,"org1","org1rec-2545-dup-0","2545",true
687,"org","orgrec-2545-org","2545",false
688,"org","orgrec-434-org","434",false
688,"org1","org1rec-434-dup-0","434",true
689,"org","orgrec-968-org","968",false
689,"org1","org1rec-968-dup-0","968",true
690,"org","orgrec-4952-org","4952",false
690,"org1","org1rec-4952-dup-0","4952",true
691,"org1","org1rec-4213-dup-0","4213",true
692,"org1","org1rec-3294-org","3294",true
693,"org","orgrec-1122-org","1122",false
693,"org1","org1rec-1122-dup-0","1122",true
694,"org1","org1rec-3514-org","3514",true
694,"org1","org1rec-3514-dup-0","3514",true
695,"org1","org1rec-1090-dup-0","1090",true
695,"org","orgrec-1090-org","1090",false
696,"org","orgrec-1702-org","1702",false
697,"org","orgrec-3884-org","3884",false
698,"org","orgrec-1906-org","1906",false
699,"org","orgrec-3111-org","3111",false
699,"org1","org1rec-3111-dup-0","3111",true
700,"org1","org1rec-3135-dup-0","3135",true
700,"org","orgrec-3135-org","3135",false
701,"org1","org1rec-4546-dup-0","4546",true
702,"org","orgrec-133-org","133",false
702,"org1","org1rec-133-dup-0","133",true
703,"org1","org1rec-1093-dup-0","1093",true
703,"org","orgrec-1093-org","1093",false
704,"org","orgrec-3951-org","3951",false
704,"org1","org1rec-3951-dup-0","3951",true
705,"org1","org1rec-3267-dup-0","3267",true
705,"org","orgrec-3267-org","3267",false
706,"org1","org1rec-1830-dup-0","1830",true
707,"org1","org1rec-2187-dup-0","2187",true
707,"org","orgrec-2187-org","2187",false
708,"org1","org1rec-3049-org","3049",true
708,"org1","org1rec-3049-dup-0","3049",true
709,"org1","org1rec-3650-dup-0","3650",true
710,"org1","org1rec-4734-dup-0","4734",true
710,"org1","org1rec-4734-org","4734",true
711,"org1","org1rec-1790-dup-0","1790",true
712,"org1","org1rec-4495-org","4495",true
712,"org1","org1rec-4495-dup-0","4495",true
713,"org","orgrec-3564-org","3564",false
713,"org1","org1rec-3564-dup-0","3564",true
714,"org","orgrec-2906-org","2906",false
715,"org","orgrec-4229-org","4229",false
715,"org1","org1rec-4229-dup-0","4229",true
716,"org1","org1rec-647-dup-0","647",true
716,"org","orgrec-647-org","647",false
717,"org","orgrec-3844-org","3844",false
717,"org1","org1rec-3844-dup-0","3844",true
718,"org","orgrec-4116-org","4116",false
718,"org1","org1rec-4116-dup-0","4116",true
719,"org","orgrec-2627-org","2627",false
720,"org","orgrec-4258-org","4258",false
720,"org1","org1rec-4258-dup-0","4258",true
721,"org1","org1rec-2380-org","2380",true
721,"org1","org1rec-2380-dup-0","2380",true
722,"org","orgrec-3116-org","3116",false
722,"org1","org1rec-3116-dup-0","3116",true
723,"org","orgrec-3555-org","3555",false
724,"org1","org1rec-2061-dup-0","2061",true
724,"org","orgrec-2061-org","2061",false
725,"org","orgrec-3209-org","3209",false
725,"org1","org1rec-3209-dup-0","3209",true
726,"org","orgrec-3756-org","3756",false
727,"org1","org1rec-199-dup-0","199",true
727,"org","orgrec-199-org","199",false
728,"org1","org1rec-4756-dup-0","4756",true
728,"org","orgrec-4756-org","4756",false
729,"org1","org1rec-1478-dup-0","1478",true
729,"org1","org1rec-1478-org","1478",true
730,"org1","org1rec-775-org","775",true
730,"org1","org1rec-775-dup-0","775",true
731,"org1","org1rec-2150-dup-0","2150",true
731,"org","orgrec-2150-org","2150",false
732,"org1","org1rec-3692-dup-0","3692",true
733,"org1","org1rec-1498-dup-0","1498",true
733,"org","orgrec-1498-org","1498",false
734,"org1","org1rec-297-dup-0","297",true
734,"org","orgrec-297-org","297",false
735,"org1","org1rec-419-org","419",true
735,"org1","org1rec-419-dup-0","419",true
736,"org1","org1rec-1868-dup-0","1868",true
737,"org","orgrec-3772-org","3772",false
737,"org1","org1rec-3772-dup-0","3772",true
738,"org","orgrec-4954-org","4954",false
738,"org1","org1rec-4954-dup-0","4954",true
739,"org","orgrec-2763-org","2763",false
740,"org","orgrec-3552-org","3552",false
740,"org1","org1rec-3552-dup-0","3552",true
741,"org","orgrec-1470-org","1470",false
742,"org1","org1rec-1977-dup-0","1977",true
742,"org","orgrec-1977-org","1977",false
743,"org1","org1rec-1259-dup-0","1259",true
743,"org","orgrec-1259-org","1259",false
744,"org1","org1rec-1702-dup-0","1702",true
745,"org1","org1rec-317-dup-0","317",true
745,"org","orgrec-317-org","317",false
746,"org1","org1rec-3012-dup-0","3012",true
747,"org","orgrec-3639-org","3639",false
747,"org1","org1rec-3639-dup-0","3639",true
748,"org1","org1rec-268-dup-0","268",true
748,"org","orgrec-268-org","268",false
749,"org1","org1rec-3719-dup-0","3719",true
749,"org","orgrec-3719-org","3719",false
750,"org","orgrec-4377-org","4377",false
750,"org1","org1rec-4377-dup-0","4377",true
751,"org1","org1rec-3390-dup-0","3390",true
752,"org1","org1rec-1010-org","1010",true
753,"org1","org1rec-2723-dup-0","2723",true
754,"org","orgrec-777-org","777",false
754,"org1","org1rec-777-dup-0","777",true
755,"org1","org1rec-4013-dup-0","4013",true
755,"org","orgrec-4013-org","4013",false
756,"org","orgrec-4821-org","4821",false
757,"org1","org1rec-2366-dup-0","2366",true
758,"org1","org1rec-2828-dup-0","2828",true
758,"org","orgrec-2828-org","2828",false
759,"org1","org1rec-264-org","264",true
759,"org1","org1rec-264-dup-0","264",true
760,"org1","org1rec-1523-dup-0","1523",true
761,"org1","org1rec-270-dup-0","270",true
761,"org1","org1rec-270-org","270",true
762,"org1","org1rec-1143-dup-0","1143",true
762,"org","orgrec-1143-org","1143",false
763,"org1","org1rec-2866-org","2866",true
763,"org1","org1rec-2866-dup-0","2866",true
764,"org1","org1rec-1260-dup-0","1260",true
764,"org","orgrec-1260-org","1260",false
765,"org","orgrec-597-org","597",false
766,"org","orgrec-4575-org","4575",false
766,"org1","org1rec-4575-dup-0","4575",true
767,"org","orgrec-1168-org","1168",false
767,"org1","org1rec-1168-dup-0","1168",true
768,"org","orgrec-2486-org","2486",false
768,"org1","org1rec-2486-dup-0","2486",true
769,"org1","org1rec-4240-dup-0","4240",true
769,"org","orgrec-4240-org","4240",false
770,"org","orgrec-1787-org","1787",false
770,"org1","org1rec-1787-dup-0","1787",true
771,"org1","org1rec-3225-dup-0","3225",true
772,"org","orgrec-4567-org","4567",false
773,"org1","org1rec-1991-org","1991",true
773,"org1","org1rec-1991-dup-0","1991",true
774,"org","orgrec-3238-org","3238",false
774,"org1","org1rec-3238-dup-0","3238",true
775,"org1","org1rec-4291-dup-0","4291",true
775,"org","orgrec-4291-org","4291",false
776,"org","orgrec-1830-org","1830",false
777,"org","orgrec-2647-org","2647",false
778,"org1","org1rec-56-dup-0","56",true
778,"org","orgrec-56-org","56",false
779,"org1","org1rec-3080-dup-0","3080",true
779,"org","orgrec-3080-org","3080",false
780,"org","orgrec-2524-org","2524",false
780,"org1","org1rec-2524-dup-0","2524",true
781,"org","orgrec-4802-org","4802",false
781,"org1","org1rec-4802-dup-0","4802",true
782,"org","orgrec-723-org","723",false
783,"org","orgrec-930-org","930",false
784,"org","orgrec-2265-org","2265",false
784,"org1","org1rec-2265-dup-0","2265",true
785,"org1","org1rec-4610-dup-0","4610",true
785,"org1","org1rec-4610-org","4610",true
786,"org1","org1rec-1360-dup-0","1360",true
786,"org1","org1rec-1360-org","1360",true
787,"org","orgrec-2939-org","2939",false
788,"org1","org1rec-4905-dup-0","4905",true
789,"org1","org1rec-900-dup-0","900",true
789,"org","orgrec-900-org","900",false
790,"org1","org1rec-3754-dup-0","3754",true
790,"org1","org1rec-3754-org","3754",true
791,"org1","org1rec-2816-dup-0","2816",true
791,"org","orgrec-2816-org","2816",false
792,"org1","org1rec-3550-dup-0","3550",true
792,"org1","org1rec-3550-org","3550",true
793,"org","orgrec-4631-org","4631",false
793,"org1","org1rec-4631-dup-0","4631",true
794,"org1","org1rec-3344-dup-0","3344",true
795,"org1","org1rec-132-dup-0","132",true
795,"org","orgrec-132-org","132",false
796,"org1","org1rec-2073-org","2073",true
797,"org1","org1rec-2927-dup-0","2927",true
797,"org1","org1rec-2927-org","2927",true
798,"org1","org1rec-3403-dup-0","3403",true
799,"org1","org1rec-1433-dup-0","1433",true
800,"org1","org1rec-2233-dup-0","2233",true
801,"org","orgrec-2765-org","2765",false
802,"org1","org1rec-3826-org","3826",true
802,"org1","org1rec-3826-dup-0","3826",true
803,"org1","org1rec-1192-dup-0","1192",true
803,"org","orgrec-1192-org","1192",false
804,"org1","org1rec-2689-dup-0","2689",true
805,"org1","org1rec-1985-dup-0","1985",true
805,"org","orgrec-1985-org","1985",false
806,"org1","org1rec-2530-dup-0","2530",true
806,"org1","org1rec-2530-org","2530",true
807,"org1","org1rec-926-org","926",true
808,"org1","org1rec-2670-dup-0","2670",true
809,"org1","org1rec-2046-dup-0","2046",true
809,"org","orgrec-2046-org","2046",false
810,"org1","org1rec-3252-dup-0","3252",true
810,"org","orgrec-3252-org","3252",false
811,"org1","org1rec-3968-dup-0","3968",true
811,"org","orgrec-3968-org","3968",false
812,"org","orgrec-4339-org","4339",false
813,"org","orgrec-1482-org","1482",false
813,"org1","org1rec-1482-dup-0","1482",true
814,"org1","org1rec-1850-dup-0","1850",true
815,"org1","org1rec-2981-dup-0","2981",true
815,"org","orgrec-2981-org","2981",false
816,"org1","org1rec-2808-dup-0","2808",true
816,"org","orgrec-2808-org","2808",false
817,"org","orgrec-1211-org","1211",false
818,"org","orgrec-2755-org","2755",false
819,"org1","org1rec-4169-dup-0","4169",true
820,"org1","org1rec-4667-dup-0","4667",true
820,"org","orgrec-4667-org","4667",false
821,"org","orgrec-3264-org","3264",false
821,"org1","org1rec-3264-dup-0","3264",true
822,"org1","org1rec-2487-dup-0","2487",true
823,"org","orgrec-4899-org","4899",false
823,"org1","org1rec-4899-dup-0","4899",true
824,"org","orgrec-216-org","216",false
824,"org1","org1rec-216-dup-0","216",true
825,"org","orgrec-244-org","244",false
825,"org1","org1rec-244-dup-0","244",true
826,"org1","org1rec-4190-dup-0","4190",true
827,"org1","org1rec-4783-dup-0","4783",true
827,"org","orgrec-4783-org","4783",false
828,"org","orgrec-4459-org","4459",false
828,"org1","org1rec-4459-dup-0","4459",true
829,"org","orgrec-2508-org","2508",false
830,"org1","org1rec-4945-dup-0","4945",true
830,"org","orgrec-4945-org","4945",false
831,"org1","org1rec-3837-dup-0","3837",true
831,"org","orgrec-3837-org","3837",false
832,"org1","org1rec-3955-dup-0","3955",true
833,"org","orgrec-4272-org","4272",false
834,"org1","org1rec-4366-org","4366",true
834,"org1","org1rec-4366-dup-0","4366",true
835,"org1","org1rec-3001-dup-0","3001",true
835,"org","orgrec-3001-org","3001",false
836,"org1","org1rec-1028-dup-0","1028",true
836,"org","orgrec-1028-org","1028",false
837,"org","orgrec-825-org","825",false
837,"org1","org1rec-825-dup-0","825",true
838,"org","orgrec-3664-org","3664",false
838,"org1","org1rec-3664-dup-0","3664",true
839,"org1","org1rec-3066-dup-0","3066",true
840,"org","orgrec-2488-org","2488",false
840,"org1","org1rec-2488-dup-0","2488",true
841,"org1","org1rec-3565-dup-0","3565",true
841,"org","orgrec-3565-org","3565",false
842,"org","orgrec-202-org","202",false
842,"org1","org1rec-202-dup-0","202",true
843,"org","orgrec-702-org","702",false
843,"org1","org1rec-702-dup-0","702",true
844,"org","orgrec-529-org","529",false
845,"org1","org1rec-1817-dup-0","1817",true
845,"org1","org1rec-1817-org","1817",true
846,"org1","org1rec-315-dup-0","315",true
846,"org","orgrec-315-org","315",false
847,"org1","org1rec-1320-org","1320",true
847,"org1","org1rec-1320-dup-0","1320",true
848,"org1","org1rec-1990-org","1990",true
849,"org1","org1rec-3956-dup-0","3956",true
849,"org","orgrec-3956-org","3956",false
850,"org1","org1rec-3463-dup-0","3463",true
851,"org","orgrec-1592-org","1592",false
851,"org1","org1rec-1592-dup-0","1592",true
852,"org1","org1rec-1715-org","1715",true
853,"org1","org1rec-3012-org","3012",true
854,"org1","org1rec-1323-dup-0","1323",true
855,"org","orgrec-693-org","693",false
855,"org1","org1rec-693-dup-0","693",true
856,"org1","org1rec-499-dup-0","499",true
857,"org1","org1rec-3950-org","3950",true
857,"org1","org1rec-3950-dup-0","3950",true
858,"org1","org1rec-2942-org","2942",true
858,"org1","org1rec-2942-dup-0","2942",true
859,"org","orgrec-493-org","493",false
859,"org1","org1rec-493-dup-0","493",true
860,"org","orgrec-2483-org","2483",false
861,"org1","org1rec-3158-dup-0","3158",true
861,"org","orgrec-3158-org","3158",false
862,"org1","org1rec-2448-org","2448",true
862,"org1","org1rec-2448-dup-0","2448",true
863,"org1","org1rec-2755-dup-0","2755",true
864,"org1","org1rec-1602-org","1602",true
864,"org1","org1rec-1602-dup-0","1602",true
865,"org1","org1rec-478-dup-0","478",true
865,"org","orgrec-478-org","478",false
866,"org","orgrec-1668-org","1668",false
867,"org1","org1rec-645-dup-0","645",true
867,"org","orgrec-645-org","645",false
868,"org1","org1rec-4972-org","4972",true
868,"org1","org1rec-4972-dup-0","4972",true
869,"org1","org1rec-4188-dup-0","4188",true
870,"org","orgrec-4047-org","4047",false
870,"org1","org1rec-4047-dup-0","4047",true
871,"org1","org1rec-546-org","546",true
871,"org1","org1rec-546-dup-0","546",true
872,"org1","org1rec-4780-dup-0","4780",true
872,"org1","org1rec-4780-org","4780",true
873,"org","orgrec-2089-org","2089",false
873,"org1","org1rec-2089-dup-0","2089",true
874,"org1","org1rec-3764-dup-0","3764",true
875,"org1","org1rec-76-dup-0","76",true
875,"org1","org1rec-76-org","76",true
876,"org1","org1rec-429-dup-0","429",true
876,"org","orgrec-429-org","429",false
877,"org1","org1rec-203-org","203",true
877,"org1","org1rec-203-dup-0","203",true
878,"org","orgrec-4699-org","4699",false
878,"org1","org1rec-4699-dup-0","4699",true
879,"org1","org1rec-3948-dup-0","3948",true
880,"org1","org1rec-2014-dup-0","2014",true
880,"org","orgrec-2014-org","2014",false
881,"org","orgrec-4300-org","4300",false
882,"org1","org1rec-1559-dup-0","1559",true
882,"org","orgrec-1559-org","1559",false
883,"org","orgrec-4813-org","4813",false
883,"org1","org1rec-4813-dup-0","4813",true
884,"org1","org1rec-230-org","230",true
885,"org1","org1rec-3140-dup-0","3140",true
886,"org","orgrec-652-org","652",false
886,"org1","org1rec-652-dup-0","652",true
887,"org1","org1rec-2286-dup-0","2286",true
887,"org","orgrec-2286-org","2286",false
888,"org","orgrec-4538-org","4538",false
889,"org1","org1rec-1409-dup-0","1409",true
890,"org1","org1rec-2703-dup-0","2703",true
890,"org","orgrec-2703-org","2703",false
891,"org1","org1rec-4536-dup-0","4536",true
892,"org1","org1rec-3604-dup-0","3604",true
892,"org","orgrec-3604-org","3604",false
893,"org","orgrec-3978-org","3978",false
893,"org1","org1rec-3978-dup-0","3978",true
894,"org1","org1rec-2374-dup-0","2374",true
895,"org","orgrec-164-org","164",false
895,"org1","org1rec-164-dup-0","164",true
896,"org1","org1rec-2469-dup-0","2469",true
896,"org","orgrec-2469-org","2469",false
897,"org","orgrec-4953-org","4953",false
897,"org1","org1rec-4953-dup-0","4953",true
898,"org1","org1rec-3208-dup-0","3208",true
898,"org","orgrec-3208-org","3208",false
899,"org","orgrec-3720-org","3720",false
900,"org1","org1rec-3043-org","3043",true
900,"org1","org1rec-3043-dup-0","3043",true
901,"org1","org1rec-4838-dup-0","4838",true
901,"org1","org1rec-4838-org","4838",true
902,"org","orgrec-1396-org","1396",false
902,"org1","org1rec-1396-dup-0","1396",true
903,"org","orgrec-1351-org","1351",false
903,"org1","org1rec-1351-dup-0","1351",true
904,"org1","org1rec-1604-dup-0","1604",true
905,"org","orgrec-14-org","14",false
906,"org","orgrec-4034-org","4034",false
906,"org1","org1rec-4034-dup-0","4034",true
907,"org1","org1rec-4295-dup-0","4295",true
908,"org","orgrec-4557-org","4557",false
909,"org","orgrec-537-org","537",false
910,"org","orgrec-572-org","572",false
910,"org1","org1rec-572-dup-0","572",true
911,"org","orgrec-4084-org","4084",false
911,"org1","org1rec-4084-dup-0","4084",true
912,"org1","org1rec-2787-dup-0","2787",true
913,"org1","org1rec-631-dup-0","631",true
913,"org1","org1rec-631-org","631",true
914,"org1","org1rec-4197-org","4197",true
914,"org1","org1rec-4197-dup-0","4197",true
915,"org1","org1rec-1872-dup-0","1872",true
916,"org","orgrec-4065-org","4065",false
917,"org","orgrec-1675-org","1675",false
917,"org1","org1rec-1675-dup-0","1675",true
918,"org1","org1rec-158-dup-0","158",true
918,"org","orgrec-158-org","158",false
919,"org","orgrec-4028-org","4028",false
919,"org1","org1rec-4028-dup-0","4028",true
920,"org1","org1rec-2546-dup-0","2546",true
920,"org","orgrec-2546-org","2546",false
921,"org1","org1rec-3720-dup-0","3720",true
922,"org1","org1rec-998-org","998",true
922,"org1","org1rec-998-dup-0","998",true
923,"org1","org1rec-4906-dup-0","4906",true
923,"org1","org1rec-4906-org","4906",true
924,"org1","org1rec-1750-dup-0","1750",true
924,"org","orgrec-1750-org","1750",false
925,"org1","org1rec-2674-dup-0","2674",true
925,"org1","org1rec-2674-org","2674",true
926,"org1","org1rec-3154-org","3154",true
926,"org1","org1rec-3154-dup-0","3154",true
927,"org1","org1rec-1768-org","1768",true
928,"org1","org1rec-745-dup-0","745",true
929,"org1","org1rec-1461-dup-0","1461",true
929,"org1","org1rec-1461-org","1461",true
930,"org","orgrec-190-org","190",false
930,"org1","org1rec-190-dup-0","190",true
931,"org","orgrec-802-org","802",false
931,"org1","org1rec-802-dup-0","802",true
932,"org1","org1rec-2607-dup-0","2607",true
933,"org1","org1rec-892-dup-0","892",true
934,"org1","org1rec-4736-dup-0","4736",true
935,"org1","org1rec-4663-dup-0","4663",true
935,"org","orgrec-4663-org","4663",false
936,"org1","org1rec-2596-dup-0","2596",true
936,"org","orgrec-2596-org","2596",false
937,"org1","org1rec-3806-org","3806",true
937,"org1","org1rec-3806-dup-0","3806",true
938,"org1","org1rec-4630-org","4630",true
938,"org1","org1rec-4630-dup-0","4630",true
939,"org1","org1rec-135-org","135",true
940,"org1","org1rec-4584-dup-0","4584",true
940,"org1","org1rec-4584-org","4584",true
941,"org1","org1rec-2550-dup-0","2550",true
941,"org","orgrec-2550-org","2550",false
942,"org","orgrec-690-org","690",false
943,"org1","org1rec-3701-dup-0","3701",true
943,"org","orgrec-3701-org","3701",false
944,"org","orgrec-2728-org","2728",false
945,"org1","org1rec-4573-dup-0","4573",true
946,"org1","org1rec-1837-org","1837",true
947,"org1","org1rec-4940-dup-0","4940",true
947,"org","orgrec-4940-org","4940",false
948,"org","orgrec-1591-org","1591",false
949,"org1","org1rec-3835-dup-0","3835",true
949,"org","orgrec-3835-org","3835",false
950,"org","orgrec-4444-org","4444",false
950,"org1","org1rec-4444-dup-0","4444",true
951,"org","orgrec-2862-org","2862",false
952,"org","orgrec-584-org","584",false
952,"org1","org1rec-584-dup-0","584",true
953,"org1","org1rec-4619-dup-0","4619",true
954,"org1","org1rec-2447-org","2447",true
954,"org1","org1rec-2447-dup-0","2447",true
955,"org","orgrec-3661-org","3661",false
955,"org1","org1rec-3661-dup-0","3661",true
956,"org1","org1rec-1557-dup-0","1557",true
957,"org1","org1rec-1507-dup-0","1507",true
957,"org","orgrec-1507-org","1507",false
958,"org1","org1rec-364-dup-0","364",true
958,"org","orgrec-364-org","364",false
959,"org1","org1rec-1231-dup-0","1231",true
960,"org1","org1rec-3472-org","3472",true
961,"org","orgrec-443-org","443",false
962,"org1","org1rec-1652-dup-0","1652",true
962,"org","orgrec-1652-org","1652",false
963,"org1","org1rec-3430-org","3430",true
963,"org1","org1rec-3430-dup-0","3430",true
964,"org1","org1rec-4996-dup-0","4996",true
964,"org1","org1rec-4996-org","4996",true
965,"org","orgrec-1151-org","1151",false
966,"org","orgrec-3184-org","3184",false
966,"org1","org1rec-3184-dup-0","3184",true
967,"org1","org1rec-3508-dup-0","3508",true
967,"org","orgrec-3508-org","3508",false
968,"org","orgrec-2721-org","2721",false
968,"org1","org1rec-2721-dup-0","2721",true
969,"org1","org1rec-3010-org","3010",true
969,"org1","org1rec-3010-dup-0","3010",true
970,"org","orgrec-3280-org","3280",false
971,"org1","org1rec-4707-dup-0","4707",true
971,"org1","org1rec-4707-org","4707",true
972,"org","orgrec-997-org","997",false
972,"org1","org1rec-997-dup-0","997",true
973,"org1","org1rec-4125-dup-0","4125",true
973,"org","orgrec-4125-org","4125",false
974,"org1","org1rec-4493-dup-0","4493",true
974,"org","orgrec-4493-org","4493",false
975,"org","orgrec-2732-org","2732",false
976,"org1","org1rec-3106-dup-0","3106",true
976,"org","orgrec-3106-org","3106",false
977,"org1","org1rec-4055-dup-0","4055",true
977,"org","orgrec-4055-org","4055",false
978,"org1","org1rec-1901-dup-0","1901",true
979,"org","orgrec-919-org","919",false
980,"org","orgrec-4297-org","4297",false
980,"org1","org1rec-4297-dup-0","4297",true
981,"org","orgrec-570-org","570",false
981,"org1","org1rec-570-dup-0","570",true
982,"org1","org1rec-3880-org","3880",true
982,"org1","org1rec-3880-dup-0","3880",true
983,"org1","org1rec-12-dup-0","12",true
983,"org","orgrec-12-org","12",false
984,"org1","org1rec-3779-org","3779",true
984,"org1","org1rec-3779-dup-0","3779",true
985,"org","orgrec-2680-org","2680",false
985,"org1","org1rec-2680-dup-0","2680",true
986,"org1","org1rec-749-dup-0","749",true
987,"org","orgrec-2297-org","2297",false
987,"org1","org1rec-2297-dup-0","2297",true
988,"org1","org1rec-687-dup-0","687",true
988,"org","orgrec-687-org","687",false
989,"org1","org1rec-3370-org","3370",true
990,"org1","org1rec-3145-dup-0","3145",true
991,"org1","org1rec-3988-dup-0","3988",true
992,"org1","org1rec-4250-dup-0","4250",true
992,"org","orgrec-4250-org","4250",false
993,"org1","org1rec-786-org","786",true
993,"org1","org1rec-786-dup-0","786",true
994,"org1","org1rec-1047-dup-0","1047",true
994,"org1","org1rec-1047-org","1047",true
995,"org1","org1rec-4737-dup-0","4737",true
995,"org","orgrec-4737-org","4737",false
996,"org1","org1rec-1069-dup-0","1069",true
996,"org","orgrec-1069-org","1069",false
997,"org1","org1rec-4673-dup-0","4673",true
997,"org","orgrec-4673-org","4673",false
998,"org1","org1rec-2241-dup-0","2241",true
999,"org","orgrec-1922-org","1922",false
1000,"org1","org1rec-3468-dup-0","3468",true
1000,"org","orgrec-3468-org","3468",false
1001,"org1","org1rec-4349-dup-0","4349",true
1001,"org","orgrec-4349-org","4349",false
1002,"org","orgrec-1364-org","1364",false
1002,"org1","org1rec-1364-dup-0","1364",true
1003,"org1","org1rec-4042-dup-0","4042",true
1003,"org","orgrec-4042-org","4042",false
1004,"org1","org1rec-376-dup-0","376",true
1005,"org1","org1rec-3911-org","3911",true
1005,"org1","org1rec-3911-dup-0","3911",true
1006,"org1","org1rec-638-dup-0","638",true
1007,"org1","org1rec-839-org","839",true
1008,"org1","org1rec-4378-dup-0","4378",true
1008,"org","orgrec-4378-org","4378",false
1009,"org1","org1rec-4298-dup-0","4298",true
1009,"org","orgrec-4298-org","4298",false
1010,"org1","org1rec-604-dup-0","604",true
1011,"org","orgrec-4998-org","4998",false
1011,"org1","org1rec-4998-dup-0","4998",true
1012,"org","orgrec-3395-org","3395",false
1013,"org1","org1rec-4040-dup-0","4040",true
1013,"org","orgrec-4040-org","4040",false
1014,"org","orgrec-1434-org","1434",false
1014,"org1","org1rec-1434-dup-0","1434",true
1015,"org1","org1rec-1690-dup-0","1690",true
1015,"org","orgrec-1690-org","1690",false
1016,"org1","org1rec-2522-org","2522",true
1016,"org1","org1rec-2522-dup-0","2522",true
1017,"org1","org1rec-480-dup-0","480",true
1017,"org1","org1rec-480-org","480",true
1018,"org1","org1rec-1465-dup-0","1465",true
1019,"org1","org1rec-2314-dup-0","2314",true
1020,"org","orgrec-4069-org","4069",false
1021,"org","orgrec-1707-org","1707",false
1021,"org1","org1rec-1707-dup-0","1707",true
1022,"org","orgrec-4021-org","4021",false
1022,"org1","org1rec-4021-dup-0","4021",true
1023,"org","orgrec-2687-org","2687",false
1023,"org1","org1rec-2687-dup-0","2687",true
1024,"org","orgrec-3730-org","3730",false
1024,"org1","org1rec-3730-dup-0","3730",true
1025,"org","orgrec-641-org","641",false
1025,"org1","org1rec-641-dup-0","641",true
1026,"org","orgrec-4814-org","4814",false
1026,"org1","org1rec-4814-dup-0","4814",true
1027,"org1","org1rec-3189-dup-0","3189",true
1028,"org1","org1rec-2696-dup-0","2696",true
1029,"org1","org1rec-3591-dup-0","3591",true
1030,"org1","org1rec-704-dup-0","704",true
1031,"org1","org1rec-3317-dup-0","3317",true
1032,"org","orgrec-4009-org","4009",false
1032,"org1","org1rec-4009-dup-0","4009",true
1033,"org1","org1rec-1174-dup-0","1174",true
1033,"org","orgrec-1174-org","1174",false
1034,"org","orgrec-1223-org","1223",false
1035,"org1","org1rec-696-dup-0","696",true
1036,"org1","org1rec-637-dup-0","637",true
1037,"org1","org1rec-3199-org","3199",true
1037,"org1","org1rec-3199-dup-0","3199",true
1038,"org1","org1rec-310-dup-0","310",true
1038,"org","orgrec-310-org","310",false
1039,"org","orgrec-1243-org","1243",false
1039,"org1","org1rec-1243-dup-0","1243",true
1040,"org1","org1rec-855-dup-0","855",true
1040,"org","orgrec-855-org","855",false
1041,"org1","org1rec-1224-org","1224",true
1041,"org1","org1rec-1224-dup-0","1224",true
1042,"org1","org1rec-3395-dup-0","3395",true
1043,"org1","org1rec-4393-org","4393",true
1044,"org1","org1rec-467-dup-0","467",true
1044,"org1","org1rec-467-org","467",true
1045,"org1","org1rec-1452-dup-0","1452",true
1045,"org","orgrec-1452-org","1452",false
1046,"org1","org1rec-901-org","901",true
1046,"org1","org1rec-901-dup-0","901",true
1047,"org1","org1rec-102-dup-0","102",true
1047,"org","orgrec-102-org","102",false
1048,"org","orgrec-2551-org","2551",false
1048,"org1","org1rec-2551-dup-0","2551",true
1049,"org","orgrec-4785-org","4785",false
1049,"org1","org1rec-4785-dup-0","4785",true
1050,"org","orgrec-346-org","346",false
1050,"org1","org1rec-346-dup-0","346",true
1051,"org1","org1rec-4184-org","4184",true
1052,"org1","org1rec-1030-dup-0","1030",true
1052,"org","orgrec-1030-org","1030",false
1053,"org1","org1rec-483-dup-0","483",true
1053,"org","orgrec-483-org","483",false
1054,"org1","org1rec-2588-dup-0","2588",true
1054,"org","orgrec-2588-org","2588",false
1055,"org1","org1rec-1136-dup-0","1136",true
1055,"org1","org1rec-1136-org","1136",true
1056,"org","orgrec-1280-org","1280",false
1056,"org1","org1rec-1280-dup-0","1280",true
1057,"org1","org1rec-2415-dup-0","2415",true
1058,"org","orgrec-4880-org","4880",false
1058,"org1","org1rec-4880-dup-0","4880",true
1059,"org1","org1rec-2791-dup-0","2791",true
1060,"org1","org1rec-1704-dup-0","1704",true
1061,"org","orgrec-3879-org","3879",false
1061,"org1","org1rec-3879-dup-0","3879",true
1062,"org1","org1rec-3570-dup-0","3570",true
1062,"org1","org1rec-3570-org","3570",true
1063,"org1","org1rec-4722-dup-0","4722",true
1063,"org","orgrec-4722-org","4722",false
1064,"org","orgrec-1832-org","1832",false
1064,"org1","org1rec-1832-dup-0","1832",true
1065,"org1","org1rec-3581-org","3581",true
1066,"org1","org1rec-2299-dup-0","2299",true
1067,"org1","org1rec-2693-org","2693",true
1067,"org1","org1rec-2693-dup-0","2693",true
1068,"org1","org1rec-3041-dup-0","3041",true
1069,"org1","org1rec-3032-dup-0","3032",true
1069,"org","orgrec-3032-org","3032",false
1070,"org","orgrec-4761-org","4761",false
1071,"org1","org1rec-534-dup-0","534",true
1071,"org","orgrec-534-org","534",false
1072,"org","orgrec-2607-org","2607",false
1073,"org1","org1rec-355-dup-0","355",true
1074,"org","orgrec-1886-org","1886",false
1074,"org1","org1rec-1886-dup-0","1886",true
1075,"org1","org1rec-1233-org","1233",true
1075,"org1","org1rec-1233-dup-0","1233",true
1076,"org","orgrec-3286-org","3286",false
1076,"org1","org1rec-3286-dup-0","3286",true
1077,"org1","org1rec-2940-dup-0","2940",true
1077,"org1","org1rec-2940-org","2940",true
1078,"org1","org1rec-3408-dup-0","3408",true
1078,"org","orgrec-3408-org","3408",false
1079,"org1","org1rec-3714-dup-0","3714",true
1079,"org","orgrec-3714-org","3714",false
1080,"org1","org1rec-3805-org","3805",true
1080,"org1","org1rec-3805-dup-0","3805",true
1081,"org","orgrec-2375-org","2375",false
1081,"org1","org1rec-2375-dup-0","2375",true
1082,"org","orgrec-3590-org","3590",false
1083,"org1","org1rec-1968-dup-0","1968",true
1084,"org1","org1rec-3971-org","3971",true
1084,"org1","org1rec-3971-dup-0","3971",true
1085,"org","orgrec-785-org","785",false
1086,"org","orgrec-688-org","688",false
1087,"org1","org1rec-1518-dup-0","1518",true
1088,"org1","org1rec-848-dup-0","848",true
1089,"org","orgrec-3378-org","3378",false
1090,"org","orgrec-4303-org","4303",false
1090,"org1","org1rec-4303-dup-0","4303",true
1091,"org","orgrec-1604-org","1604",false
1092,"org","orgrec-1110-org","1110",false
1092,"org1","org1rec-1110-dup-0","1110",true
1093,"org1","org1rec-847-org","847",true
1093,"org1","org1rec-847-dup-0","847",true
1094,"org","orgrec-3958-org","3958",false
1095,"org1","org1rec-1345-dup-0","1345",true
1096,"org","orgrec-4563-org","4563",false
1096,"org1","org1rec-4563-dup-0","4563",true
1097,"org1","org1rec-2650-dup-0","2650",true
1097,"org","orgrec-2650-org","2650",false
1098,"org","orgrec-4675-org","4675",false
1099,"org","orgrec-3424-org","3424",false
1099,"org1","org1rec-3424-dup-0","3424",true
1100,"org","orgrec-4843-org","4843",false
1101,"org","orgrec-4020-org","4020",false
1101,"org1","org1rec-4020-dup-0","4020",true
1102,"org1","org1rec-622-org","622",true
1102,"org1","org1rec-622-dup-0","622",true
1103,"org1","org1rec-3334-dup-0","3334",true
1103,"org1","org1rec-3334-org","3334",true
1104,"org1","org1rec-3140-org","3140",true
1105,"org1","org1rec-4650-dup-0","4650",true
1105,"org1","org1rec-4650-org","4650",true
1106,"org1","org1rec-552-dup-0","552",true
1106,"org","orgrec-552-org","552",false
1107,"org","orgrec-4856-org","4856",false
1107,"org1","org1rec-4856-dup-0","4856",true
1108,"org1","org1rec-1316-dup-0","1316",true
1108,"org1","org1rec-1316-org","1316",true
1109,"org1","org1rec-4051-dup-0","4051",true
1109,"org","orgrec-4051-org","4051",false
1110,"org","orgrec-3243-org","3243",false
1110,"org1","org1rec-3243-dup-0","3243",true
1111,"org1","org1rec-395-org","395",true
1112,"org","orgrec-3146-org","3146",false
1113,"org1","org1rec-1790-org","1790",true
1114,"org","orgrec-4523-org","4523",false
1114,"org1","org1rec-4523-dup-0","4523",true
1115,"org","orgrec-2218-org","2218",false
1116,"org1","org1rec-994-dup-0","994",true
1117,"org1","org1rec-551-dup-0","551",true
1118,"org1","org1rec-4354-dup-0","4354",true
1118,"org1","org1rec-4354-org","4354",true
1119,"org","orgrec-1643-org","1643",false
1119,"org1","org1rec-1643-dup-0","1643",true
1120,"org1","org1rec-2978-dup-0","2978",true
1121,"org1","org1rec-3901-org","3901",true
1121,"org1","org1rec-3901-dup-0","3901",true
1122,"org1","org1rec-2216-dup-0","2216",true
1122,"org","orgrec-2216-org","2216",false
1123,"org","orgrec-4342-org","4342",false
1123,"org1","org1rec-4342-dup-0","4342",true
1124,"org","orgrec-3904-org","3904",false
1125,"org1","org1rec-4690-org","4690",true
1125,"org1","org1rec-4690-dup-0","4690",true
1126,"org","orgrec-4868-org","4868",false
1127,"org1","org1rec-3726-dup-0","3726",true
1127,"org","orgrec-3726-org","3726",false
1128,"org1","org1rec-3992-dup-0","3992",true
1129,"org1","org1rec-3476-dup-0","3476",true
1130,"org1","org1rec-3258-dup-0","3258",true
1130,"org1","org1rec-3258-org","3258",true
1131,"org","orgrec-3004-org","3004",false
1131,"org1","org1rec-3004-dup-0","3004",true
1132,"org","orgrec-2989-org","2989",false
1132,"org1","org1rec-2989-dup-0","2989",true
1133,"org","orgrec-3433-org","3433",false
1133,"org1","org1rec-3433-dup-0","3433",true
1134,"org1","org1rec-2858-dup-0","2858",true
1134,"org","orgrec-2858-org","2858",false
1135,"org1","org1rec-2752-dup-0","2752",true
1136,"org1","org1rec-3618-org","3618",true
1136,"org1","org1rec-3618-dup-0","3618",true
1137,"org1","org1rec-4531-dup-0","4531",true
1137,"org","orgrec-4531-org","4531",false
1138,"org1","org1rec-3326-dup-0","3326",true
1138,"org","orgrec-3326-org","3326",false
1139,"org","orgrec-3828-org","3828",false
1139,"org1","org1rec-3828-dup-0","3828",true
1140,"org1","org1rec-609-dup-0","609",true
1140,"org","orgrec-609-org","609",false
1141,"org","orgrec-2787-org","2787",false
1142,"org1","org1rec-4232-dup-0","4232",true
1142,"org","orgrec-4232-org","4232",false
1143,"org1","org1rec-4925-dup-0","4925",true
1143,"org1","org1rec-4925-org","4925",true
1144,"org","orgrec-2050-org","2050",false
1144,"org1","org1rec-2050-dup-0","2050",true
1145,"org1","org1rec-4412-dup-0","4412",true
1145,"org","orgrec-4412-org","4412",false
1146,"org","orgrec-3688-org","3688",false
1146,"org1","org1rec-3688-dup-0","3688",true
1147,"org1","org1rec-49-dup-0","49",true
1147,"org","orgrec-49-org","49",false
1148,"org","orgrec-4622-org","4622",false
1148,"org1","org1rec-4622-dup-0","4622",true
1149,"org1","org1rec-1425-dup-0","1425",true
1149,"org","orgrec-1425-org","1425",false
1150,"org","orgrec-3603-org","3603",false
1150,"org1","org1rec-3603-dup-0","3603",true
1151,"org","orgrec-393-org","393",false
1151,"org1","org1rec-393-dup-0","393",true
1152,"org1","org1rec-3384-dup-0","3384",true
1152,"org1","org1rec-3384-org","3384",true
1153,"org1","org1rec-2372-dup-0","2372",true
1153,"org","orgrec-2372-org","2372",false
1154,"org1","org1rec-3858-org","3858",true
1155,"org1","org1rec-946-dup-0","946",true
1156,"org","orgrec-3910-org","3910",false
1156,"org1","org1rec-3910-dup-0","3910",true
1157,"org","orgrec-4527-org","4527",false
1157,"org1","org1rec-4527-dup-0","4527",true
1158,"org1","org1rec-2997-dup-0","2997",true
1158,"org","orgrec-2997-org","2997",false
1159,"org1","org1rec-1324-dup-0","1324",true
1160,"org1","org1rec-4195-dup-0","4195",true
1160,"org","orgrec-4195-org","4195",false
1161,"org1","org1rec-3206-dup-0","3206",true
1162,"org1","org1rec-808-dup-0","808",true
1163,"org1","org1rec-2368-org","2368",true
1164,"org","orgrec-3168-org","3168",false
1164,"org1","org1rec-3168-dup-0","3168",true
1165,"org","orgrec-4225-org","4225",false
1165,"org1","org1rec-4225-dup-0","4225",true
1166,"org1","org1rec-633-dup-0","633",true
1166,"org","orgrec-633-org","633",false
1167,"org","orgrec-4791-org","4791",false
1168,"org1","org1rec-24-dup-0","24",true
1168,"org","orgrec-24-org","24",false
1169,"org","orgrec-452-org","452",false
1169,"org1","org1rec-452-dup-0","452",true
1170,"org1","org1rec-4583-dup-0","4583",true
1170,"org","orgrec-4583-org","4583",false
1171,"org1","org1rec-981-dup-0","981",true
1172,"org1","org1rec-2043-dup-0","2043",true
1172,"org","orgrec-2043-org","2043",false
1173,"org1","org1rec-1840-dup-0","1840",true
1174,"org1","org1rec-779-dup-0","779",true
1174,"org","orgrec-779-org","779",false
1175,"org","orgrec-947-org","947",false
1176,"org1","org1rec-2967-dup-0","2967",true
1176,"org","orgrec-2967-org","2967",false
1177,"org1","org1rec-3998-org","3998",true
1177,"org1","org1rec-3998-dup-0","3998",true
1178,"org1","org1rec-4965-dup-0","4965",true
1179,"org1","org1rec-3374-dup-0","3374",true
1179,"org","orgrec-3374-org","3374",false
1180,"org1","org1rec-4807-org","4807",true
1180,"org1","org1rec-4807-dup-0","4807",true
1181,"org1","org1rec-326-dup-0","326",true
1181,"org1","org1rec-326-org","326",true
1182,"org1","org1rec-1139-org","1139",true
1182,"org1","org1rec-1139-dup-0","1139",true
1183,"org1","org1rec-3641-org","3641",true
1183,"org1","org1rec-3641-dup-0","3641",true
1184,"org1","org1rec-2464-org","2464",true
1185,"org","orgrec-4777-org","4777",false
1186,"org1","org1rec-2272-dup-0","2272",true
1187,"org","orgrec-54-org","54",false
1187,"org1","org1rec-54-dup-0","54",true
1188,"org1","org1rec-225-dup-0","225",true
1188,"org","orgrec-225-org","225",false
1189,"org","orgrec-2978-org","2978",false
1190,"org1","org1rec-2496-org","2496",true
1191,"org","orgrec-2566-org","2566",false
1191,"org1","org1rec-2566-dup-0","2566",true
1192,"org1","org1rec-598-dup-0","598",true
1192,"org","orgrec-598-org","598",false
1193,"org1","org1rec-3188-dup-0","3188",true
1194,"org1","org1rec-4478-dup-0","4478",true
1195,"org1","org1rec-3918-dup-0","3918",true
1195,"org","orgrec-3918-org","3918",false
1196,"org","orgrec-1302-org","1302",false
1197,"org1","org1rec-2749-dup-0","2749",true
1197,"org","orgrec-2749-org","2749",false
1198,"org1","org1rec-1884-dup-0","1884",true
1199,"org","orgrec-3353-org","3353",false
1199,"org1","org1rec-3353-dup-0","3353",true
1200,"org","orgrec-3502-org","3502",false
1200,"org1","org1rec-3502-dup-0","3502",true
1201,"org1","org1rec-1610-dup-0","1610",true
1201,"org","orgrec-1610-org","1610",false
1202,"org1","org1rec-1307-dup-0","1307",true
1202,"org","orgrec-1307-org","1307",false
1203,"org1","org1rec-1984-dup-0","1984",true
1203,"org","orgrec-1984-org","1984",false
1204,"org","orgrec-3867-org","3867",false
1205,"org1","org1rec-2202-dup-0","2202",true
1205,"org","orgrec-2202-org","2202",false
1206,"org1","org1rec-3616-org","3616",true
1206,"org1","org1rec-3616-dup-0","3616",true
1207,"org1","org1rec-869-dup-0","869",true
1207,"org","orgrec-869-org","869",false
1208,"org","orgrec-1645-org","1645",false
1208,"org1","org1rec-1645-dup-0","1645",true
1209,"org1","org1rec-4049-dup-0","4049",true
1210,"org1","org1rec-409-org","409",true
1211,"org","orgrec-2290-org","2290",false
1212,"org1","org1rec-86-org","86",true
1213,"org1","org1rec-1056-dup-0","1056",true
1214,"org1","org1rec-4649-dup-0","4649",true
1214,"org1","org1rec-4649-org","4649",true
1215,"org1","org1rec-3228-dup-0","3228",true
1215,"org1","org1rec-3228-org","3228",true
1216,"org1","org1rec-2383-dup-0","2383",true
1217,"org1","org1rec-4593-dup-0","4593",true
1218,"org","orgrec-3094-org","3094",false
1219,"org1","org1rec-965-dup-0","965",true
1219,"org","orgrec-965-org","965",false
1220,"org1","org1rec-1016-dup-0","1016",true
1220,"org","orgrec-1016-org","1016",false
1221,"org","orgrec-2759-org","2759",false
1221,"org1","org1rec-2759-dup-0","2759",true
1222,"org1","org1rec-1839-dup-0","1839",true
1222,"org1","org1rec-1839-org","1839",true
1223,"org","orgrec-362-org","362",false
1224,"org","orgrec-2959-org","2959",false
1225,"org1","org1rec-1706-org","1706",true
1226,"org","orgrec-3060-org","3060",false
1227,"org1","org1rec-1590-dup-0","1590",true
1227,"org","orgrec-1590-org","1590",false
1228,"org1","org1rec-654-org","654",true
1228,"org1","org1rec-654-dup-0","654",true
1229,"org","orgrec-4369-org","4369",false
1229,"org1","org1rec-4369-dup-0","4369",true
1230,"org1","org1rec-1556-dup-0","1556",true
1230,"org","orgrec-1556-org","1556",false
1231,"org","orgrec-2256-org","2256",false
1232,"org","orgrec-4085-org","4085",false
1232,"org1","org1rec-4085-dup-0","4085",true
1233,"org","orgrec-3467-org","3467",false
1234,"org1","org1rec-1092-dup-0","1092",true
1234,"org","orgrec-1092-org","1092",false
1235,"org1","org1rec-4220-org","4220",true
1235,"org1","org1rec-4220-dup-0","4220",true
1236,"org1","org1rec-1768-dup-0","1768",true
1237,"org1","org1rec-837-dup-0","837",true
1237,"org","orgrec-837-org","837",false
1238,"org1","org1rec-4547-org","4547",true
1238,"org1","org1rec-4547-dup-0","4547",true
1239,"org","orgrec-4892-org","4892",false
1239,"org1","org1rec-4892-dup-0","4892",true
1240,"org1","org1rec-661-dup-0","661",true
1240,"org","orgrec-661-org","661",false
1241,"org","orgrec-4341-org","4341",false
1241,"org1","org1rec-4341-dup-0","4341",true
1242,"org1","org1rec-2766-dup-0","2766",true
1243,"org","orgrec-4937-org","4937",false
1243,"org1","org1rec-4937-dup-0","4937",true
1244,"org1","org1rec-4187-dup-0","4187",true
1244,"org","orgrec-4187-org","4187",false
1245,"org","orgrec-4265-org","4265",false
1245,"org1","org1rec-4265-dup-0","4265",true
1246,"org","orgrec-3627-org","3627",false
1246,"org1","org1rec-3627-dup-0","3627",true
1247,"org1","org1rec-3276-dup-0","3276",true
1248,"org1","org1rec-1429-dup-0","1429",true
1248,"org1","org1rec-1429-org","1429",true
1249,"org","orgrec-4448-org","4448",false
1250,"org","orgrec-1986-org","1986",false
1250,"org1","org1rec-1986-dup-0","1986",true
1251,"org1","org1rec-1348-org","1348",true
1252,"org","orgrec-3129-org","3129",false
1252,"org1","org1rec-3129-dup-0","3129",true
1253,"org","orgrec-3758-org","3758",false
1254,"org","orgrec-1197-org","1197",false
1255,"org1","org1rec-385-dup-0","385",true
1255,"org","orgrec-385-org","385",false
1256,"org","orgrec-3673-org","3673",false
1256,"org1","org1rec-3673-dup-0","3673",true
1257,"org","orgrec-1771-org","1771",false
1257,"org1","org1rec-1771-dup-0","1771",true
1258,"org","orgrec-4252-org","4252",false
1259,"org","orgrec-3204-org","3204",false
1259,"org1","org1rec-3204-dup-0","3204",true
1260,"org","orgrec-3538-org","3538",false
1260,"org1","org1rec-3538-dup-0","3538",true
1261,"org1","org1rec-2913-dup-0","2913",true
1261,"org","orgrec-2913-org","2913",false
1262,"org1","org1rec-3796-org","3796",true
1263,"org1","org1rec-3345-dup-0","3345",true
1263,"org","orgrec-3345-org","3345",false
1264,"org","orgrec-1788-org","1788",false
1264,"org1","org1rec-1788-dup-0","1788",true
1265,"org1","org1rec-1515-dup-0","1515",true
1265,"org","orgrec-1515-org","1515",false
1266,"org1","org1rec-2237-dup-0","2237",true
1266,"org1","org1rec-2237-org","2237",true
1267,"org1","org1rec-1881-dup-0","1881",true
1267,"org","orgrec-1881-org","1881",false
1268,"org1","org1rec-4489-dup-0","4489",true
1268,"org","orgrec-4489-org","4489",false
1269,"org","orgrec-3544-org","3544",false
1269,"org1","org1rec-3544-dup-0","3544",true
1270,"org","orgrec-4711-org","4711",false
1271,"org1","org1rec-1606-org","1606",true
1271,"org1","org1rec-1606-dup-0","1606",true
1272,"org1","org1rec-2558-org","2558",true
1273,"org1","org1rec-729-dup-0","729",true
1273,"org","orgrec-729-org","729",false
1274,"org1","org1rec-4824-dup-0","4824",true
1275,"org1","org1rec-160-dup-0","160",true
1276,"org","orgrec-3851-org","3851",false
1277,"org","orgrec-1504-org","1504",false
1277,"org1","org1rec-1504-dup-0","1504",true
1278,"org","orgrec-859-org","859",false
1278,"org1","org1rec-859-dup-0","859",true
1279,"org1","org1rec-2433-dup-0","2433",true
1280,"org1","org1rec-1198-dup-0","1198",true
1280,"org","orgrec-1198-org","1198",false
1281,"org1","org1rec-918-dup-0","918",true
1282,"org1","org1rec-717-dup-0","717",true
1283,"org","orgrec-2398-org","2398",false
1284,"org","orgrec-4210-org","4210",false
1285,"org1","org1rec-3019-dup-0","3019",true
1285,"org","orgrec-3019-org","3019",false
1286,"org","orgrec-4012-org","4012",false
1286,"org1","org1rec-4012-dup-0","4012",true
1287,"org1","org1rec-1339-dup-0","1339",true
1288,"org1","org1rec-2292-dup-0","2292",true
1288,"org","orgrec-2292-org","2292",false
1289,"org1","org1rec-4015-dup-0","4015",true
1289,"org","orgrec-4015-org","4015",false
1290,"org1","org1rec-3783-org","3783",true
1291,"org1","org1rec-181-dup-0","181",true
1292,"org1","org1rec-39-dup-0","39",true
1292,"org","orgrec-39-org","39",false
1293,"org","orgrec-4904-org","4904",false
1293,"org1","org1rec-4904-dup-0","4904",true
1294,"org1","org1rec-4363-dup-0","4363",true
1294,"org1","org1rec-4363-org","4363",true
1295,"org1","org1rec-1330-dup-0","1330",true
1295,"org","orgrec-1330-org","1330",false
1296,"org","orgrec-4014-org","4014",false
1297,"org1","org1rec-3878-dup-0","3878",true
1297,"org","orgrec-3878-org","3878",false
1298,"org","orgrec-4597-org","4597",false
1298,"org1","org1rec-4597-dup-0","4597",true
1299,"org","orgrec-4848-org","4848",false
1300,"org","orgrec-1410-org","1410",false
1301,"org","orgrec-1516-org","1516",false
1302,"org","orgrec-413-org","413",false
1302,"org1","org1rec-413-dup-0","413",true
1303,"org","orgrec-3645-org","3645",false
1303,"org1","org1rec-3645-dup-0","3645",true
1304,"org","orgrec-3832-org","3832",false
1305,"org1","org1rec-2924-dup-0","2924",true
1305,"org","orgrec-2924-org","2924",false
1306,"org","orgrec-2803-org","2803",false
1306,"org1","org1rec-2803-dup-0","2803",true
1307,"org","orgrec-4979-org","4979",false
1307,"org1","org1rec-4979-dup-0","4979",true
1308,"org1","org1rec-2040-dup-0","2040",true
1309,"org1","org1rec-3855-org","3855",true
1309,"org1","org1rec-3855-dup-0","3855",true
1310,"org","orgrec-267-org","267",false
1311,"org1","org1rec-243-dup-0","243",true
1311,"org","orgrec-243-org","243",false
1312,"org","orgrec-599-org","599",false
1312,"org1","org1rec-599-dup-0","599",true
1313,"org1","org1rec-2165-dup-0","2165",true
1314,"org","orgrec-2460-org","2460",false
1314,"org1","org1rec-2460-dup-0","2460",true
1315,"org1","org1rec-2255-dup-0","2255",true
1316,"org1","org1rec-100-dup-0","100",true
1316,"org","orgrec-100-org","100",false
1317,"org1","org1rec-725-org","725",true
1317,"org1","org1rec-725-dup-0","725",true
1318,"org","orgrec-1231-org","1231",false
1319,"org1","org1rec-1154-dup-0","1154",true
1319,"org","orgrec-1154-org","1154",false
1320,"org1","org1rec-1179-dup-0","1179",true
1320,"org","orgrec-1179-org","1179",false
1321,"org","orgrec-4950-org","4950",false
1322,"org","orgrec-3965-org","3965",false
1322,"org1","org1rec-3965-dup-0","3965",true
1323,"org1","org1rec-4400-org","4400",true
1323,"org1","org1rec-4400-dup-0","4400",true
1324,"org","orgrec-2562-org","2562",false
1324,"org1","org1rec-2562-dup-0","2562",true
1325,"org","orgrec-902-org","902",false
1325,"org1","org1rec-902-dup-0","902",true
1326,"org","orgrec-4816-org","4816",false
1326,"org1","org1rec-4816-dup-0","4816",true
1327,"org","orgrec-2800-org","2800",false
1328,"org1","org1rec-1318-dup-0","1318",true
1329,"org","orgrec-4071-org","4071",false
1330,"org","orgrec-1220-org","1220",false
1330,"org1","org1rec-1220-dup-0","1220",true
1331,"org1","org1rec-1157-dup-0","1157",true
1332,"org1","org1rec-3320-dup-0","3320",true
1332,"org","orgrec-3320-org","3320",false
1333,"org","orgrec-1683-org","1683",false
1334,"org1","org1rec-2212-org","2212",true
1335,"org1","org1rec-665-dup-0","665",true
1336,"org1","org1rec-4111-dup-0","4111",true
1337,"org1","org1rec-3515-dup-0","3515",true
1337,"org","orgrec-3515-org","3515",false
1338,"org1","org1rec-3404-dup-0","3404",true
1339,"org","orgrec-1944-org","1944",false
1340,"org","orgrec-2471-org","2471",false
1340,"org1","org1rec-2471-dup-0","2471",true
1341,"org","orgrec-1578-org","1578",false
1341,"org1","org1rec-1578-dup-0","1578",true
1342,"org1","org1rec-3930-dup-0","3930",true
1342,"org1","org1rec-3930-org","3930",true
1343,"org","orgrec-4960-org","4960",false
1343,"org1","org1rec-4960-dup-0","4960",true
1344,"org1","org1rec-3847-dup-0","3847",true
1344,"org","orgrec-3847-org","3847",false
1345,"org","orgrec-2875-org","2875",false
1345,"org1","org1rec-2875-dup-0","2875",true
1346,"org1","org1rec-4869-org","4869",true
1346,"org1","org1rec-4869-dup-0","4869",true
1347,"org1","org1rec-1749-dup-0","1749",true
1348,"org1","org1rec-668-dup-0","668",true
1349,"org","orgrec-386-org","386",false
1349,"org1","org1rec-386-dup-0","386",true
1350,"org","orgrec-3311-org","3311",false
1350,"org1","org1rec-3311-dup-0","3311",true
1351,"org","orgrec-2853-org","2853",false
1351,"org1","org1rec-2853-dup-0","2853",true
1352,"org1","org1rec-976-dup-0","976",true
1352,"org","orgrec-976-org","976",false
1353,"org1","org1rec-1465-org","1465",true
1354,"org1","org1rec-4496-dup-0","4496",true
1355,"org","orgrec-4443-org","4443",false
1355,"org1","org1rec-4443-dup-0","4443",true
1356,"org1","org1rec-4544-dup-0","4544",true
1356,"org","orgrec-4544-org","4544",false
1357,"org1","org1rec-2944-dup-0","2944",true
1358,"org1","org1rec-4281-org","4281",true
1358,"org1","org1rec-4281-dup-0","4281",true
1359,"org1","org1rec-31-dup-0","31",true
1359,"org","orgrec-31-org","31",false
1360,"org1","org1rec-1245-dup-0","1245",true
1360,"org","orgrec-1245-org","1245",false
1361,"org1","org1rec-3900-dup-0","3900",true
1361,"org","orgrec-3900-org","3900",false
1362,"org","orgrec-1806-org","1806",false
1362,"org1","org1rec-1806-dup-0","1806",true
1363,"org1","org1rec-4003-dup-0","4003",true
1364,"org1","org1rec-2235-dup-0","2235",true
1364,"org1","org1rec-2235-org","2235",true
1365,"org","orgrec-4260-org","4260",false
1366,"org1","org1rec-3195-org","3195",true
1367,"org","orgrec-134-org","134",false
1368,"org","orgrec-2390-org","2390",false
1368,"org1","org1rec-2390-dup-0","2390",true
1369,"org","orgrec-3288-org","3288",false
1369,"org1","org1rec-3288-dup-0","3288",true
1370,"org1","org1rec-1915-dup-0","1915",true
1370,"org","orgrec-1915-org","1915",false
1371,"org1","org1rec-4393-dup-0","4393",true
1372,"org1","org1rec-3638-dup-0","3638",true
1372,"org1","org1rec-3638-org","3638",true
1373,"org1","org1rec-3108-dup-0","3108",true
1373,"org1","org1rec-3108-org","3108",true
1374,"org1","org1rec-3174-dup-0","3174",true
1374,"org1","org1rec-3174-org","3174",true
1375,"org","orgrec-4841-org","4841",false
1375,"org1","org1rec-4841-dup-0","4841",true
1376,"org","orgrec-2521-org","2521",false
1376,"org1","org1rec-2521-dup-0","2521",true
1377,"org","orgrec-394-org","394",false
1377,"org1","org1rec-394-dup-0","394",true
1378,"org1","org1rec-3364-dup-0","3364",true
1378,"org1","org1rec-3364-org","3364",true
1379,"org","orgrec-4392-org","4392",false
1379,"org1","org1rec-4392-dup-0","4392",true
1380,"org1","org1rec-3705-dup-0","3705",true
1381,"org1","org1rec-2256-dup-0","2256",true
1382,"org","orgrec-2423-org","2423",false
1382,"org1","org1rec-2423-dup-0","2423",true
1383,"org1","org1rec-504-dup-0","504",true
1384,"org1","org1rec-2636-dup-0","2636",true
1385,"org1","org1rec-3016-dup-0","3016",true
1385,"org","orgrec-3016-org","3016",false
1386,"org1","org1rec-4951-dup-0","4951",true
1387,"org1","org1rec-4938-dup-0","4938",true
1387,"org","orgrec-4938-org","4938",false
1388,"org1","org1rec-420-dup-0","420",true
1388,"org","orgrec-420-org","420",false
1389,"org1","org1rec-4025-dup-0","4025",true
1389,"org","orgrec-4025-org","4025",false
1390,"org1","org1rec-464-org","464",true
1390,"org1","org1rec-464-dup-0","464",true
1391,"org1","org1rec-2633-org","2633",true
1392,"org","orgrec-895-org","895",false
1392,"org1","org1rec-895-dup-0","895",true
1393,"org1","org1rec-1401-dup-0","1401",true
1394,"org1","org1rec-4896-dup-0","4896",true
1395,"org","orgrec-4965-org","4965",false
1396,"org1","org1rec-948-org","948",true
1396,"org1","org1rec-948-dup-0","948",true
1397,"org","orgrec-1326-org","1326",false
1397,"org1","org1rec-1326-dup-0","1326",true
1398,"org1","org1rec-1997-org","1997",true
1399,"org","orgrec-3306-org","3306",false
1399,"org1","org1rec-3306-dup-0","3306",true
1400,"org","orgrec-3830-org","3830",false
1400,"org1","org1rec-3830-dup-0","3830",true
1401,"org","orgrec-3220-org","3220",false
1401,"org1","org1rec-3220-dup-0","3220",true
1402,"org","orgrec-4862-org","4862",false
1403,"org1","org1rec-1306-dup-0","1306",true
1404,"org1","org1rec-1763-dup-0","1763",true
1404,"org","orgrec-1763-org","1763",false
1405,"org1","org1rec-1043-dup-0","1043",true
1405,"org","orgrec-1043-org","1043",false
1406,"org1","org1rec-2647-dup-0","2647",true
1407,"org","orgrec-85-org","85",false
1408,"org1","org1rec-1546-dup-0","1546",true
1408,"org1","org1rec-1546-org","1546",true
1409,"org1","org1rec-3895-dup-0","3895",true
1409,"org","orgrec-3895-org","3895",false
1410,"org1","org1rec-4433-dup-0","4433",true
1410,"org","orgrec-4433-org","4433",false
1411,"org","orgrec-1694-org","1694",false
1411,"org1","org1rec-1694-dup-0","1694",true
1412,"org1","org1rec-1145-dup-0","1145",true
1412,"org","orgrec-1145-org","1145",false
1413,"org","orgrec-1953-org","1953",false
1413,"org1","org1rec-1953-dup-0","1953",true
1414,"org","orgrec-860-org","860",false
1414,"org1","org1rec-860-dup-0","860",true
1415,"org","orgrec-3510-org","3510",false
1415,"org1","org1rec-3510-dup-0","3510",true
1416,"org1","org1rec-4376-dup-0","4376",true
1417,"org1","org1rec-2318-dup-0","2318",true
1417,"org","orgrec-2318-org","2318",false
1418,"org","orgrec-879-org","879",false
1418,"org1","org1rec-879-dup-0","879",true
1419,"org","orgrec-722-org","722",false
1419,"org1","org1rec-722-dup-0","722",true
1420,"org1","org1rec-1170-dup-0","1170",true
1420,"org","orgrec-1170-org","1170",false
1421,"org1","org1rec-1740-org","1740",true
1421,"org1","org1rec-1740-dup-0","1740",true
1422,"org1","org1rec-1605-dup-0","1605",true
1422,"org","orgrec-1605-org","1605",false
1423,"org","orgrec-2947-org","2947",false
1423,"org1","org1rec-2947-dup-0","2947",true
1424,"org1","org1rec-1074-dup-0","1074",true
1424,"org","orgrec-1074-org","1074",false
1425,"org","orgrec-4746-org","4746",false
1425,"org1","org1rec-4746-dup-0","4746",true
1426,"org1","org1rec-2560-org","2560",true
1427,"org","orgrec-4092-org","4092",false
1427,"org1","org1rec-4092-dup-0","4092",true
1428,"org","orgrec-962-org","962",false
1429,"org","orgrec-3836-org","3836",false
1429,"org1","org1rec-3836-dup-0","3836",true
1430,"org","orgrec-4119-org","4119",false
1431,"org1","org1rec-635-dup-0","635",true
1431,"org","orgrec-635-org","635",false
1432,"org","orgrec-2892-org","2892",false
1432,"org1","org1rec-2892-dup-0","2892",true
1433,"org1","org1rec-4159-dup-0","4159",true
1433,"org","orgrec-4159-org","4159",false
1434,"org1","org1rec-842-dup-0","842",true
1434,"org","orgrec-842-org","842",false
1435,"org","orgrec-2189-org","2189",false
1435,"org1","org1rec-2189-dup-0","2189",true
1436,"org1","org1rec-2769-dup-0","2769",true
1437,"org","orgrec-496-org","496",false
1438,"org","orgrec-4432-org","4432",false
1438,"org1","org1rec-4432-dup-0","4432",true
1439,"org","orgrec-1345-org","1345",false
1440,"org1","org1rec-4725-dup-0","4725",true
1440,"org","orgrec-4725-org","4725",false
1441,"org","orgrec-3707-org","3707",false
1441,"org1","org1rec-3707-dup-0","3707",true
1442,"org1","org1rec-3628-dup-0","3628",true
1442,"org1","org1rec-3628-org","3628",true
1443,"org1","org1rec-3432-org","3432",true
1444,"org","orgrec-3342-org","3342",false
1445,"org1","org1rec-1257-dup-0","1257",true
1446,"org","orgrec-2370-org","2370",false
1446,"org1","org1rec-2370-dup-0","2370",true
1447,"org1","org1rec-4616-dup-0","4616",true
1447,"org1","org1rec-4616-org","4616",true
1448,"org","orgrec-1389-org","1389",false
1449,"org","orgrec-2314-org","2314",false
1450,"org1","org1rec-157-org","157",true
1450,"org1","org1rec-157-dup-0","157",true
1451,"org","orgrec-1684-org","1684",false
1451,"org1","org1rec-1684-dup-0","1684",true
1452,"org1","org1rec-3920-org","3920",true
1453,"org1","org1rec-1080-dup-0","1080",true
1453,"org","orgrec-1080-org","1080",false
1454,"org","orgrec-91-org","91",false
1454,"org1","org1rec-91-dup-0","91",true
1455,"org","orgrec-4235-org","4235",false
1455,"org1","org1rec-4235-dup-0","4235",true
1456,"org1","org1rec-4839-dup-0","4839",true
1457,"org1","org1rec-2846-dup-0","2846",true
1457,"org","orgrec-2846-org","2846",false
1458,"org1","org1rec-8-dup-0","8",true
1458,"org1","org1rec-8-org","8",true
1459,"org","orgrec-126-org","126",false
1459,"org1","org1rec-126-dup-0","126",true
1460,"org1","org1rec-3453-org","3453",true
1460,"org1","org1rec-3453-dup-0","3453",true
1461,"org","orgrec-4152-org","4152",false
1461,"org1","org1rec-4152-dup-0","4152",true
1462,"org1","org1rec-1183-dup-0","1183",true
1462,"org","orgrec-1183-org","1183",false
1463,"org1","org1rec-3067-dup-0","3067",true
1463,"org1","org1rec-3067-org","3067",true
1464,"org","orgrec-3991-org","3991",false
1464,"org1","org1rec-3991-dup-0","3991",true
1465,"org1","org1rec-3903-dup-0","3903",true
1466,"org1","org1rec-4587-org","4587",true
1466,"org1","org1rec-4587-dup-0","4587",true
1467,"org1","org1rec-3522-dup-0","3522",true
1468,"org1","org1rec-2795-org","2795",true
1468,"org1","org1rec-2795-dup-0","2795",true
1469,"org1","org1rec-1252-dup-0","1252",true
1469,"org","orgrec-1252-org","1252",false
1470,"org1","org1rec-500-org","500",true
1470,"org1","org1rec-500-dup-0","500",true
1471,"org","orgrec-1049-org","1049",false
1471,"org1","org1rec-1049-dup-0","1049",true
1472,"org","orgrec-4451-org","4451",false
1473,"org","orgrec-18-org","18",false
1474,"org1","org1rec-1765-dup-0","1765",true
1475,"org1","org1rec-3493-dup-0","3493",true
1475,"org","orgrec-3493-org","3493",false
1476,"org1","org1rec-2051-dup-0","2051",true
1477,"org","orgrec-2017-org","2017",false
1478,"org1","org1rec-4942-org","4942",true
1478,"org1","org1rec-4942-dup-0","4942",true
1479,"org1","org1rec-2410-org","2410",true
1479,"org1","org1rec-2410-dup-0","2410",true
1480,"org1","org1rec-3152-org","3152",true
1480,"org1","org1rec-3152-dup-0","3152",true
1481,"org","orgrec-4758-org","4758",false
1481,"org1","org1rec-4758-dup-0","4758",true
1482,"org","orgrec-1665-org","1665",false
1482,"org1","org1rec-1665-dup-0","1665",true
1483,"org","orgrec-4612-org","4612",false
1484,"org1","org1rec-3791-org","3791",true
1484,"org1","org1rec-3791-dup-0","3791",true
1485,"org1","org1rec-709-dup-0","709",true
1486,"org1","org1rec-593-dup-0","593",true
1486,"org","orgrec-593-org","593",false
1487,"org1","org1rec-4570-dup-0","4570",true
1487,"org","orgrec-4570-org","4570",false
1488,"org1","org1rec-1563-dup-0","1563",true
1489,"org1","org1rec-440-dup-0","440",true
1490,"org1","org1rec-3431-dup-0","3431",true
1490,"org","orgrec-3431-org","3431",false
1491,"org1","org1rec-1160-dup-0","1160",true
1491,"org","orgrec-1160-org","1160",false
1492,"org1","org1rec-124-dup-0","124",true
1492,"org","orgrec-124-org","124",false
1493,"org1","org1rec-6-dup-0","6",true
1493,"org","orgrec-6-org","6",false
1494,"org1","org1rec-2675-org","2675",true
1494,"org1","org1rec-2675-dup-0","2675",true
1495,"org","orgrec-2880-org","2880",false
1496,"org1","org1rec-3375-dup-0","3375",true
1496,"org","orgrec-3375-org","3375",false
1497,"org","orgrec-2897-org","2897",false
1497,"org1","org1rec-2897-dup-0","2897",true
1498,"org1","org1rec-3756-dup-0","3756",true
1499,"org1","org1rec-1339-org","1339",true
1500,"org","orgrec-2585-org","2585",false
1501,"org1","org1rec-3793-dup-0","3793",true
1502,"org","orgrec-4496-org","4496",false
1503,"org1","org1rec-832-dup-0","832",true
1503,"org","orgrec-832-org","832",false
1504,"org","orgrec-877-org","877",false
1505,"org","orgrec-1095-org","1095",false
1506,"org","orgrec-4438-org","4438",false
1506,"org1","org1rec-4438-dup-0","4438",true
1507,"org1","org1rec-3795-dup-0","3795",true
1507,"org","orgrec-3795-org","3795",false
1508,"org","orgrec-4447-org","4447",false
1509,"org1","org1rec-1015-dup-0","1015",true
1510,"org1","org1rec-2074-org","2074",true
1511,"org","orgrec-4408-org","4408",false
1511,"org1","org1rec-4408-dup-0","4408",true
1512,"org1","org1rec-106-dup-0","106",true
1513,"org1","org1rec-83-org","83",true
1513,"org1","org1rec-83-dup-0","83",true
1514,"org","orgrec-922-org","922",false
1515,"org1","org1rec-191-dup-0","191",true
1515,"org","orgrec-191-org","191",false
1516,"org1","org1rec-1234-dup-0","1234",true
1516,"org","orgrec-1234-org","1234",false
1517,"org1","org1rec-1801-dup-0","1801",true
1517,"org","orgrec-1801-org","1801",false
1518,"org1","org1rec-2054-dup-0","2054",true
1518,"org1","org1rec-2054-org","2054",true
1519,"org1","org1rec-4424-dup-0","4424",true
1519,"org1","org1rec-4424-org","4424",true
1520,"org1","org1rec-4308-dup-0","4308",true
1520,"org","orgrec-4308-org","4308",false
1521,"org1","org1rec-3760-org","3760",true
1521,"org1","org1rec-3760-dup-0","3760",true
1522,"org1","org1rec-3389-dup-0","3389",true
1523,"org1","org1rec-92-dup-0","92",true
1523,"org","orgrec-92-org","92",false
1524,"org","orgrec-465-org","465",false
1524,"org1","org1rec-465-dup-0","465",true
1525,"org","orgrec-4939-org","4939",false
1525,"org1","org1rec-4939-dup-0","4939",true
1526,"org","orgrec-2931-org","2931",false
1527,"org","orgrec-1421-org","1421",false
1527,"org1","org1rec-1421-dup-0","1421",true
1528,"org1","org1rec-524-org","524",true
1529,"org","orgrec-949-org","949",false
1530,"org1","org1rec-1437-org","1437",true
1530,"org1","org1rec-1437-dup-0","1437",true
1531,"org1","org1rec-781-dup-0","781",true
1532,"org1","org1rec-2459-dup-0","2459",true
1532,"org1","org1rec-2459-org","2459",true
1533,"org","orgrec-2771-org","2771",false
1533,"org1","org1rec-2771-dup-0","2771",true
1534,"org1","org1rec-1835-dup-0","1835",true
1534,"org","orgrec-1835-org","1835",false
1535,"org","orgrec-833-org","833",false
1536,"org1","org1rec-4526-org","4526",true
1536,"org1","org1rec-4526-dup-0","4526",true
1537,"org1","org1rec-333-dup-0","333",true
1538,"org","orgrec-469-org","469",false
1539,"org","orgrec-4340-org","4340",false
1540,"org1","org1rec-314-dup-0","314",true
1541,"org","orgrec-4927-org","4927",false
1541,"org1","org1rec-4927-dup-0","4927",true
1542,"org","orgrec-2609-org","2609",false
1542,"org1","org1rec-2609-dup-0","2609",true
1543,"org1","org1rec-4193-dup-0","4193",true
1544,"org1","org1rec-3884-dup-0","3884",true
1545,"org1","org1rec-2254-org","2254",true
1545,"org1","org1rec-2254-dup-0","2254",true
1546,"org","orgrec-246-org","246",false
1547,"org1","org1rec-1923-dup-0","1923",true
1548,"org","orgrec-523-org","523",false
1549,"org1","org1rec-3318-dup-0","3318",true
1550,"org1","org1rec-4135-dup-0","4135",true
1551,"org1","org1rec-2678-dup-0","2678",true
1551,"org1","org1rec-2678-org","2678",true
1552,"org1","org1rec-2918-dup-0","2918",true
1553,"org1","org1rec-1508-dup-0","1508",true
1554,"org","orgrec-2236-org","2236",false
1554,"org1","org1rec-2236-dup-0","2236",true
1555,"org","orgrec-3357-org","3357",false
1556,"org1","org1rec-666-dup-0","666",true
1557,"org1","org1rec-673-dup-0","673",true
1557,"org","orgrec-673-org","673",false
1558,"org1","org1rec-2304-dup-0","2304",true
1558,"org1","org1rec-2304-org","2304",true
1559,"org1","org1rec-2715-dup-0","2715",true
1559,"org","orgrec-2715-org","2715",false
1560,"org1","org1rec-4086-dup-0","4086",true
1560,"org1","org1rec-4086-org","4086",true
1561,"org1","org1rec-4764-dup-0","4764",true
1562,"org","orgrec-4148-org","4148",false
1562,"org1","org1rec-4148-dup-0","4148",true
1563,"org1","org1rec-2681-dup-0","2681",true
1563,"org","orgrec-2681-org","2681",false
1564,"org1","org1rec-2016-dup-0","2016",true
1565,"org1","org1rec-1295-dup-0","1295",true
1565,"org","orgrec-1295-org","1295",false
1566,"org1","org1rec-2639-org","2639",true
1566,"org1","org1rec-2639-dup-0","2639",true
1567,"org1","org1rec-196-dup-0","196",true
1567,"org1","org1rec-196-org","196",true
1568,"org1","org1rec-4561-dup-0","4561",true
1568,"org","orgrec-4561-org","4561",false
1569,"org1","org1rec-1479-dup-0","1479",true
1570,"org1","org1rec-3999-org","3999",true
1570,"org1","org1rec-3999-dup-0","3999",true
1571,"org","orgrec-4602-org","4602",false
1571,"org1","org1rec-4602-dup-0","4602",true
1572,"org1","org1rec-365-dup-0","365",true
1572,"org","orgrec-365-org","365",false
1573,"org","orgrec-490-org","490",false
1573,"org1","org1rec-490-dup-0","490",true
1574,"org1","org1rec-1500-dup-0","1500",true
1574,"org","orgrec-1500-org","1500",false
1575,"org","orgrec-1734-org","1734",false
1575,"org1","org1rec-1734-dup-0","1734",true
1576,"org","orgrec-1162-org","1162",false
1576,"org1","org1rec-1162-dup-0","1162",true
1577,"org1","org1rec-557-dup-0","557",true
1577,"org","orgrec-557-org","557",false
1578,"org","orgrec-614-org","614",false
1578,"org1","org1rec-614-dup-0","614",true
1579,"org1","org1rec-3-dup-0","3",true
1579,"org","orgrec-3-org","3",false
1580,"org","orgrec-3465-org","3465",false
1581,"org","orgrec-559-org","559",false
1581,"org1","org1rec-559-dup-0","559",true
1582,"org","orgrec-2207-org","2207",false
1582,"org1","org1rec-2207-dup-0","2207",true
1583,"org1","org1rec-107-org","107",true
1583,"org1","org1rec-107-dup-0","107",true
1584,"org1","org1rec-1269-dup-0","1269",true
1585,"org1","org1rec-3146-dup-0","3146",true
1586,"org1","org1rec-1289-dup-0","1289",true
1587,"org","orgrec-2340-org","2340",false
1587,"org1","org1rec-2340-dup-0","2340",true
1588,"org","orgrec-1617-org","1617",false
1588,"org1","org1rec-1617-dup-0","1617",true
1589,"org1","org1rec-416-dup-0","416",true
1590,"org1","org1rec-1614-dup-0","1614",true
1591,"org","orgrec-4738-org","4738",false
1592,"org1","org1rec-2118-dup-0","2118",true
1592,"org","orgrec-2118-org","2118",false
1593,"org1","org1rec-4348-dup-0","4348",true
1593,"org","orgrec-4348-org","4348",false
1594,"org1","org1rec-3875-dup-0","3875",true
1595,"org1","org1rec-2763-dup-0","2763",true
1596,"org1","org1rec-681-dup-0","681",true
1597,"org1","org1rec-1428-dup-0","1428",true
1598,"org1","org1rec-80-org","80",true
1598,"org1","org1rec-80-dup-0","80",true
1599,"org","orgrec-4170-org","4170",false
1600,"org1","org1rec-113-dup-0","113",true
1601,"org","orgrec-3471-org","3471",false
1602,"org1","org1rec-3414-dup-0","3414",true
1602,"org1","org1rec-3414-org","3414",true
1603,"org","orgrec-1674-org","1674",false
1603,"org1","org1rec-1674-dup-0","1674",true
1604,"org","orgrec-3101-org","3101",false
1605,"org1","org1rec-4328-org","4328",true
1605,"org1","org1rec-4328-dup-0","4328",true
1606,"org","orgrec-3477-org","3477",false
1607,"org","orgrec-1681-org","1681",false
1607,"org1","org1rec-1681-dup-0","1681",true
1608,"org1","org1rec-3735-org","3735",true
1609,"org1","org1rec-2751-org","2751",true
1610,"org1","org1rec-1718-dup-0","1718",true
1610,"org","orgrec-1718-org","1718",false
1611,"org1","org1rec-1695-dup-0","1695",true
1611,"org1","org1rec-1695-org","1695",true
1612,"org1","org1rec-4263-dup-0","4263",true
1612,"org","orgrec-4263-org","4263",false
1613,"org1","org1rec-3060-dup-0","3060",true
1614,"org1","org1rec-949-dup-0","949",true
1615,"org1","org1rec-2477-dup-0","2477",true
1616,"org","orgrec-3580-org","3580",false
1616,"org1","org1rec-3580-dup-0","3580",true
1617,"org1","org1rec-2658-dup-0","2658",true
1618,"org","orgrec-2852-org","2852",false
1619,"org1","org1rec-1012-org","1012",true
1620,"org","orgrec-4046-org","4046",false
1620,"org1","org1rec-4046-dup-0","4046",true
1621,"org1","org1rec-3656-dup-0","3656",true
1622,"org1","org1rec-4515-dup-0","4515",true
1623,"org","orgrec-931-org","931",false
1623,"org1","org1rec-931-dup-0","931",true
1624,"org1","org1rec-3925-dup-0","3925",true
1624,"org1","org1rec-3925-org","3925",true
1625,"org","orgrec-4024-org","4024",false
1625,"org1","org1rec-4024-dup-0","4024",true
1626,"org1","org1rec-3200-org","3200",true
1626,"org1","org1rec-3200-dup-0","3200",true
1627,"org1","org1rec-772-dup-0","772",true
1627,"org","orgrec-772-org","772",false
1628,"org","orgrec-3415-org","3415",false
1628,"org1","org1rec-3415-dup-0","3415",true
1629,"org1","org1rec-2653-dup-0","2653",true
1629,"org1","org1rec-2653-org","2653",true
1630,"org","orgrec-3051-org","3051",false
1631,"org1","org1rec-3924-org","3924",true
1632,"org1","org1rec-1067-dup-0","1067",true
1632,"org","orgrec-1067-org","1067",false
1633,"org1","org1rec-380-dup-0","380",true
1634,"org","orgrec-3932-org","3932",false
1635,"org1","org1rec-1373-dup-0","1373",true
1635,"org1","org1rec-1373-org","1373",true
1636,"org","orgrec-1337-org","1337",false
1636,"org1","org1rec-1337-dup-0","1337",true
1637,"org1","org1rec-3802-org","3802",true
1637,"org1","org1rec-3802-dup-0","3802",true
1638,"org1","org1rec-3625-dup-0","3625",true
1638,"org1","org1rec-3625-org","3625",true
1639,"org","orgrec-2758-org","2758",false
1640,"org","orgrec-4372-org","4372",false
1640,"org1","org1rec-4372-dup-0","4372",true
1641,"org1","org1rec-4332-dup-0","4332",true
1642,"org","orgrec-1963-org","1963",false
1643,"org1","org1rec-3432-dup-0","3432",true
1644,"org1","org1rec-4239-org","4239",true
1645,"org1","org1rec-3548-org","3548",true
1645,"org1","org1rec-3548-dup-0","3548",true
1646,"org1","org1rec-736-dup-0","736",true
1646,"org","orgrec-736-org","736",false
1647,"org1","org1rec-330-dup-0","330",true
1647,"org","orgrec-330-org","330",false
1648,"org1","org1rec-512-dup-0","512",true
1648,"org","orgrec-512-org","512",false
1649,"org","orgrec-3285-org","3285",false
1649,"org1","org1rec-3285-dup-0","3285",true
1650,"org","orgrec-1331-org","1331",false
1651,"org1","org1rec-3323-dup-0","3323",true
1651,"org","orgrec-3323-org","3323",false
1652,"org1","org1rec-2883-org","2883",true
1652,"org1","org1rec-2883-dup-0","2883",true
1653,"org","orgrec-2972-org","2972",false
1653,"org1","org1rec-2972-dup-0","2972",true
1654,"org","orgrec-4514-org","4514",false
1655,"org","orgrec-2313-org","2313",false
1655,"org1","org1rec-2313-dup-0","2313",true
1656,"org1","org1rec-4345-dup-0","4345",true
1656,"org","orgrec-4345-org","4345",false
1657,"org1","org1rec-4158-org","4158",true
1657,"org1","org1rec-4158-dup-0","4158",true
1658,"org","orgrec-1583-org","1583",false
1659,"org1","org1rec-354-dup-0","354",true
1659,"org","orgrec-354-org","354",false
1660,"org1","org1rec-1336-dup-0","1336",true
1660,"org","orgrec-1336-org","1336",false
1661,"org1","org1rec-2406-dup-0","2406",true
1662,"org1","org1rec-4745-dup-0","4745",true
1662,"org","orgrec-4745-org","4745",false
1663,"org","orgrec-4720-org","4720",false
1664,"org1","org1rec-1253-dup-0","1253",true
1664,"org","orgrec-1253-org","1253",false
1665,"org1","org1rec-3457-dup-0","3457",true
1666,"org","orgrec-3898-org","3898",false
1666,"org1","org1rec-3898-dup-0","3898",true
1667,"org1","org1rec-1648-org","1648",true
1667,"org1","org1rec-1648-dup-0","1648",true
1668,"org","orgrec-3216-org","3216",false
1668,"org1","org1rec-3216-dup-0","3216",true
1669,"org","orgrec-4198-org","4198",false
1670,"org1","org1rec-896-dup-0","896",true
1670,"org","orgrec-896-org","896",false
1671,"org1","org1rec-4913-dup-0","4913",true
1671,"org1","org1rec-4913-org","4913",true
1672,"org","orgrec-3123-org","3123",false
1673,"org","orgrec-3461-org","3461",false
1673,"org1","org1rec-3461-dup-0","3461",true
1674,"org1","org1rec-3196-dup-0","3196",true
1675,"org","orgrec-1759-org","1759",false
1676,"org","orgrec-4689-org","4689",false
1677,"org","orgrec-2180-org","2180",false
1677,"org1","org1rec-2180-dup-0","2180",true
1678,"org1","org1rec-2625-dup-0","2625",true
1678,"org","orgrec-2625-org","2625",false
1679,"org","orgrec-2130-org","2130",false
1679,"org1","org1rec-2130-dup-0","2130",true
1680,"org1","org1rec-3017-dup-0","3017",true
1681,"org","orgrec-2553-org","2553",false
1681,"org1","org1rec-2553-dup-0","2553",true
1682,"org1","org1rec-51-dup-0","51",true
1683,"org","orgrec-978-org","978",false
1683,"org1","org1rec-978-dup-0","978",true
1684,"org1","org1rec-919-dup-0","919",true
1685,"org1","org1rec-192-dup-0","192",true
1686,"org1","org1rec-1860-org","1860",true
1686,"org1","org1rec-1860-dup-0","1860",true
1687,"org","orgrec-3371-org","3371",false
1688,"org1","org1rec-4704-dup-0","4704",true
1688,"org","orgrec-4704-org","4704",false
1689,"org1","org1rec-384-dup-0","384",true
1690,"org1","org1rec-4943-org","4943",true
1691,"org1","org1rec-1491-dup-0","1491",true
1691,"org","orgrec-1491-org","1491",false
1692,"org","orgrec-550-org","550",false
1693,"org","orgrec-564-org","564",false
1693,"org1","org1rec-564-dup-0","564",true
1694,"org1","org1rec-2635-dup-0","2635",true
1694,"org1","org1rec-2635-org","2635",true
1695,"org","orgrec-372-org","372",false
1695,"org1","org1rec-372-dup-0","372",true
1696,"org1","org1rec-732-org","732",true
1696,"org1","org1rec-732-dup-0","732",true
1697,"org1","org1rec-2279-dup-0","2279",true
1698,"org1","org1rec-1410-dup-0","1410",true
1699,"org1","org1rec-1743-dup-0","1743",true
1699,"org","orgrec-1743-org","1743",false
1700,"org1","org1rec-1626-dup-0","1626",true
1700,"org1","org1rec-1626-org","1626",true
1701,"org1","org1rec-3068-org","3068",true
1702,"org1","org1rec-2239-dup-0","2239",true
1703,"org1","org1rec-1761-dup-0","1761",true
1704,"org1","org1rec-29-dup-0","29",true
1705,"org1","org1rec-2709-dup-0","2709",true
1705,"org","orgrec-2709-org","2709",false
1706,"org1","org1rec-3517-dup-0","3517",true
1706,"org","orgrec-3517-org","3517",false
1707,"org1","org1rec-597-dup-0","597",true
1708,"org1","org1rec-3589-dup-0","3589",true
1708,"org1","org1rec-3589-org","3589",true
1709,"org1","org1rec-382-dup-0","382",true
1709,"org","orgrec-382-org","382",false
1710,"org1","org1rec-1188-dup-0","1188",true
1711,"org","orgrec-526-org","526",false
1711,"org1","org1rec-526-dup-0","526",true
1712,"org","orgrec-101-org","101",false
1712,"org1","org1rec-101-dup-0","101",true
1713,"org1","org1rec-1978-org","1978",true
1713,"org1","org1rec-1978-dup-0","1978",true
1714,"org1","org1rec-345-dup-0","345",true
1714,"org","orgrec-345-org","345",false
1715,"org1","org1rec-1532-dup-0","1532",true
1715,"org","orgrec-1532-org","1532",false
1716,"org","orgrec-1573-org","1573",false
1716,"org1","org1rec-1573-dup-0","1573",true
1717,"org","orgrec-2374-org","2374",false
1718,"org1","org1rec-639-dup-0","639",true
1718,"org","orgrec-639-org","639",false
1719,"org1","org1rec-4950-dup-0","4950",true
1720,"org1","org1rec-656-org","656",true
1721,"org1","org1rec-1736-dup-0","1736",true
1721,"org","orgrec-1736-org","1736",false
1722,"org","orgrec-338-org","338",false
1722,"org1","org1rec-338-dup-0","338",true
1723,"org","orgrec-3928-org","3928",false
1724,"org","orgrec-1670-org","1670",false
1724,"org1","org1rec-1670-dup-0","1670",true
1725,"org1","org1rec-2517-dup-0","2517",true
1725,"org","orgrec-2517-org","2517",false
1726,"org","orgrec-4571-org","4571",false
1727,"org","orgrec-2221-org","2221",false
1727,"org1","org1rec-2221-dup-0","2221",true
1728,"org1","org1rec-3691-dup-0","3691",true
1728,"org","orgrec-3691-org","3691",false
1729,"org1","org1rec-4900-dup-0","4900",true
1729,"org","orgrec-4900-org","4900",false
1730,"org","orgrec-165-org","165",false
1731,"org","orgrec-519-org","519",false
1731,"org1","org1rec-519-dup-0","519",true
1732,"org1","org1rec-168-dup-0","168",true
1732,"org","orgrec-168-org","168",false
1733,"org","orgrec-993-org","993",false
1733,"org1","org1rec-993-dup-0","993",true
1734,"org1","org1rec-4936-dup-0","4936",true
1734,"org","orgrec-4936-org","4936",false
1735,"org","orgrec-3381-org","3381",false
1736,"org","orgrec-2159-org","2159",false
1736,"org1","org1rec-2159-dup-0","2159",true
1737,"org","orgrec-1577-org","1577",false
1737,"org1","org1rec-1577-dup-0","1577",true
1738,"org1","org1rec-140-dup-0","140",true
1738,"org1","org1rec-140-org","140",true
1739,"org","orgrec-1230-org","1230",false
1739,"org1","org1rec-1230-dup-0","1230",true
1740,"org1","org1rec-3489-dup-0","3489",true
1741,"org1","org1rec-223-org","223",true
1741,"org1","org1rec-223-dup-0","223",true
1742,"org1","org1rec-2378-dup-0","2378",true
1742,"org","orgrec-2378-org","2378",false
1743,"org","orgrec-4101-org","4101",false
1743,"org1","org1rec-4101-dup-0","4101",true
1744,"org","orgrec-1615-org","1615",false
1745,"org1","org1rec-586-dup-0","586",true
1745,"org1","org1rec-586-org","586",true
1746,"org1","org1rec-865-dup-0","865",true
1746,"org1","org1rec-865-org","865",true
1747,"org","orgrec-3487-org","3487",false
1747,"org1","org1rec-3487-dup-0","3487",true
1748,"org","orgrec-2432-org","2432",false
1749,"org","orgrec-1946-org","1946",false
1749,"org1","org1rec-1946-dup-0","1946",true
1750,"org1","org1rec-3358-dup-0","3358",true
1751,"org1","org1rec-2280-dup-0","2280",true
1752,"org1","org1rec-1078-dup-0","1078",true
1752,"org1","org1rec-1078-org","1078",true
1753,"org1","org1rec-4314-dup-0","4314",true
1753,"org","orgrec-4314-org","4314",false
1754,"org1","org1rec-435-dup-0","435",true
1754,"org1","org1rec-435-org","435",true
1755,"org1","org1rec-1306-org","1306",true
1756,"org","orgrec-2895-org","2895",false
1757,"org1","org1rec-1660-dup-0","1660",true
1757,"org","orgrec-1660-org","1660",false
1758,"org1","org1rec-3014-dup-0","3014",true
1758,"org","orgrec-3014-org","3014",false
1759,"org","orgrec-804-org","804",false
1759,"org1","org1rec-804-dup-0","804",true
1760,"org1","org1rec-167-dup-0","167",true
1760,"org1","org1rec-167-org","167",true
1761,"org","orgrec-4980-org","4980",false
1762,"org","orgrec-2919-org","2919",false
1762,"org1","org1rec-2919-dup-0","2919",true
1763,"org","orgrec-2515-org","2515",false
1763,"org1","org1rec-2515-dup-0","2515",true
1764,"org1","org1rec-3269-dup-0","3269",true
1765,"org1","org1rec-1997-dup-0","1997",true
1766,"org1","org1rec-4512-dup-0","4512",true
1766,"org","orgrec-4512-org","4512",false
1767,"org1","org1rec-3294-dup-0","3294",true
1768,"org1","org1rec-4269-org","4269",true
1769,"org1","org1rec-4132-dup-0","4132",true
1769,"org","orgrec-4132-org","4132",false
1770,"org","orgrec-1104-org","1104",false
1770,"org1","org1rec-1104-dup-0","1104",true
1771,"org1","org1rec-4323-org","4323",true
1771,"org1","org1rec-4323-dup-0","4323",true
1772,"org1","org1rec-3732-org","3732",true
1773,"org","orgrec-4988-org","4988",false
1773,"org1","org1rec-4988-dup-0","4988",true
1774,"org1","org1rec-4815-dup-0","4815",true
1775,"org","orgrec-1774-org","1774",false
1775,"org1","org1rec-1774-dup-0","1774",true
1776,"org","orgrec-2353-org","2353",false
1776,"org1","org1rec-2353-dup-0","2353",true
1777,"org1","org1rec-826-dup-0","826",true
1777,"org","orgrec-826-org","826",false
1778,"org","orgrec-351-org","351",false
1779,"org1","org1rec-2500-org","2500",true
1779,"org1","org1rec-2500-dup-0","2500",true
1780,"org","orgrec-2908-org","2908",false
1780,"org1","org1rec-2908-dup-0","2908",true
1781,"org1","org1rec-2432-dup-0","2432",true
1782,"org1","org1rec-2519-dup-0","2519",true
1782,"org","orgrec-2519-org","2519",false
1783,"org1","org1rec-321-org","321",true
1783,"org1","org1rec-321-dup-0","321",true
1784,"org","orgrec-1115-org","1115",false
1785,"org1","org1rec-668-org","668",true
1786,"org1","org1rec-1851-dup-0","1851",true
1786,"org","orgrec-1851-org","1851",false
1787,"org1","org1rec-3586-dup-0","3586",true
1788,"org1","org1rec-2203-dup-0","2203",true
1789,"org1","org1rec-1003-dup-0","1003",true
1790,"org1","org1rec-3533-dup-0","3533",true
1790,"org","orgrec-3533-org","3533",false
1791,"org","orgrec-1523-org","1523",false
1792,"org","orgrec-1506-org","1506",false
1793,"org1","org1rec-3065-dup-0","3065",true
1794,"org1","org1rec-3741-dup-0","3741",true
1794,"org","orgrec-3741-org","3741",false
1795,"org1","org1rec-1642-dup-0","1642",true
1796,"org1","org1rec-2594-dup-0","2594",true
1796,"org","orgrec-2594-org","2594",false
1797,"org","orgrec-1166-org","1166",false
1797,"org1","org1rec-1166-dup-0","1166",true
1798,"org1","org1rec-3771-dup-0","3771",true
1798,"org","orgrec-3771-org","3771",false
1799,"org1","org1rec-1826-org","1826",true
1800,"org","orgrec-2487-org","2487",false
1801,"org","orgrec-4651-org","4651",false
1802,"org1","org1rec-1870-dup-0","1870",true
1803,"org","orgrec-1943-org","1943",false
1803,"org1","org1rec-1943-dup-0","1943",true
1804,"org1","org1rec-3980-dup-0","3980",true
1804,"org","orgrec-3980-org","3980",false
1805,"org","orgrec-1834-org","1834",false
1805,"org1","org1rec-1834-dup-0","1834",true
1806,"org","orgrec-3312-org","3312",false
1807,"org1","org1rec-3419-dup-0","3419",true
1808,"org","orgrec-2136-org","2136",false
1808,"org1","org1rec-2136-dup-0","2136",true
1809,"org","orgrec-1054-org","1054",false
1810,"org1","org1rec-4609-dup-0","4609",true
1810,"org","orgrec-4609-org","4609",false
1811,"org1","org1rec-2260-org","2260",true
1811,"org1","org1rec-2260-dup-0","2260",true
1812,"org1","org1rec-1468-dup-0","1468",true
1812,"org","orgrec-1468-org","1468",false
1813,"org1","org1rec-2776-dup-0","2776",true
1813,"org","orgrec-2776-org","2776",false
1814,"org","orgrec-2843-org","2843",false
1814,"org1","org1rec-2843-dup-0","2843",true
1815,"org1","org1rec-2283-dup-0","2283",true
1815,"org","orgrec-2283-org","2283",false
1816,"org","orgrec-2376-org","2376",false
1817,"org","orgrec-1202-org","1202",false
1817,"org1","org1rec-1202-dup-0","1202",true
1818,"org1","org1rec-4714-dup-0","4714",true
1819,"org","orgrec-2144-org","2144",false
1820,"org1","org1rec-4675-dup-0","4675",true
1821,"org1","org1rec-3872-dup-0","3872",true
1821,"org1","org1rec-3872-org","3872",true
1822,"org","orgrec-3201-org","3201",false
1822,"org1","org1rec-3201-dup-0","3201",true
1823,"org","orgrec-3606-org","3606",false
1823,"org1","org1rec-3606-dup-0","3606",true
1824,"org","orgrec-3484-org","3484",false
1824,"org1","org1rec-3484-dup-0","3484",true
1825,"org1","org1rec-4370-dup-0","4370",true
1826,"org1","org1rec-3752-dup-0","3752",true
1826,"org","orgrec-3752-org","3752",false
1827,"org1","org1rec-4788-dup-0","4788",true
1827,"org","orgrec-4788-org","4788",false
1828,"org1","org1rec-530-dup-0","530",true
1829,"org1","org1rec-3987-org","3987",true
1829,"org1","org1rec-3987-dup-0","3987",true
1830,"org1","org1rec-695-dup-0","695",true
1830,"org","orgrec-695-org","695",false
1831,"org1","org1rec-2307-org","2307",true
1831,"org1","org1rec-2307-dup-0","2307",true
1832,"org","orgrec-820-org","820",false
1832,"org1","org1rec-820-dup-0","820",true
1833,"org","orgrec-4295-org","4295",false
1834,"org","orgrec-3882-org","3882",false
1834,"org1","org1rec-3882-dup-0","3882",true
1835,"org","orgrec-3344-org","3344",false
1836,"org1","org1rec-2455-dup-0","2455",true
1836,"org","orgrec-2455-org","2455",false
1837,"org1","org1rec-2916-dup-0","2916",true
1837,"org","orgrec-2916-org","2916",false
1838,"org","orgrec-2341-org","2341",false
1838,"org1","org1rec-2341-dup-0","2341",true
1839,"org1","org1rec-1172-dup-0","1172",true
1839,"org1","org1rec-1172-org","1172",true
1840,"org1","org1rec-3681-org","3681",true
1840,"org1","org1rec-3681-dup-0","3681",true
1841,"org1","org1rec-3040-dup-0","3040",true
1841,"org","orgrec-3040-org","3040",false
1842,"org1","org1rec-2146-dup-0","2146",true
1842,"org","orgrec-2146-org","2146",false
1843,"org1","org1rec-2095-dup-0","2095",true
1843,"org","orgrec-2095-org","2095",false
1844,"org","orgrec-1634-org","1634",false
1845,"org1","org1rec-79-dup-0","79",true
1845,"org","orgrec-79-org","79",false
1846,"org","orgrec-2855-org","2855",false
1846,"org1","org1rec-2855-dup-0","2855",true
1847,"org1","org1rec-2560-dup-0","2560",true
1848,"org","orgrec-626-org","626",false
1848,"org1","org1rec-626-dup-0","626",true
1849,"org","orgrec-878-org","878",false
1849,"org1","org1rec-878-dup-0","878",true
1850,"org","orgrec-4111-org","4111",false
1851,"org","orgrec-1895-org","1895",false
1852,"org","orgrec-3197-org","3197",false
1852,"org1","org1rec-3197-dup-0","3197",true
1853,"org1","org1rec-2821-dup-0","2821",true
1853,"org","orgrec-2821-org","2821",false
1854,"org1","org1rec-4036-dup-0","4036",true
1855,"org1","org1rec-1853-org","1853",true
1855,"org1","org1rec-1853-dup-0","1853",true
1856,"org","orgrec-2839-org","2839",false
1856,"org1","org1rec-2839-dup-0","2839",true
1857,"org","orgrec-20-org","20",false
1857,"org1","org1rec-20-dup-0","20",true
1858,"org","orgrec-1150-org","1150",false
1858,"org1","org1rec-1150-dup-0","1150",true
1859,"org","orgrec-951-org","951",false
1860,"org1","org1rec-430-dup-0","430",true
1861,"org","orgrec-2531-org","2531",false
1862,"org1","org1rec-4518-dup-0","4518",true
1863,"org1","org1rec-1011-dup-0","1011",true
1864,"org","orgrec-4194-org","4194",false
1865,"org1","org1rec-2984-dup-0","2984",true
1866,"org","orgrec-2857-org","2857",false
1866,"org1","org1rec-2857-dup-0","2857",true
1867,"org1","org1rec-1621-dup-0","1621",true
1867,"org","orgrec-1621-org","1621",false
1868,"org","orgrec-4685-org","4685",false
1868,"org1","org1rec-4685-dup-0","4685",true
1869,"org1","org1rec-1510-dup-0","1510",true
1869,"org","orgrec-1510-org","1510",false
1870,"org1","org1rec-152-dup-0","152",true
1870,"org1","org1rec-152-org","152",true
1871,"org1","org1rec-4247-dup-0","4247",true
1872,"org1","org1rec-1509-dup-0","1509",true
1872,"org","orgrec-1509-org","1509",false
1873,"org","orgrec-4912-org","4912",false
1873,"org1","org1rec-4912-dup-0","4912",true
1874,"org1","org1rec-4614-org","4614",true
1874,"org1","org1rec-4614-dup-0","4614",true
1875,"org1","org1rec-3827-dup-0","3827",true
1875,"org","orgrec-3827-org","3827",false
1876,"org1","org1rec-1622-org","1622",true
1877,"org","orgrec-3725-org","3725",false
1877,"org1","org1rec-3725-dup-0","3725",true
1878,"org1","org1rec-1305-dup-0","1305",true
1879,"org","orgrec-4633-org","4633",false
1879,"org1","org1rec-4633-dup-0","4633",true
1880,"org1","org1rec-3459-dup-0","3459",true
1881,"org1","org1rec-1070-dup-0","1070",true
1882,"org1","org1rec-2282-org","2282",true
1883,"org1","org1rec-3098-dup-0","3098",true
1883,"org","orgrec-3098-org","3098",false
1884,"org1","org1rec-2393-org","2393",true
1885,"org1","org1rec-2264-dup-0","2264",true
1885,"org","orgrec-2264-org","2264",false
1886,"org1","org1rec-4777-dup-0","4777",true
1887,"org1","org1rec-2976-dup-0","2976",true
1888,"org","orgrec-2417-org","2417",false
1888,"org1","org1rec-2417-dup-0","2417",true
1889,"org1","org1rec-910-dup-0","910",true
1889,"org","orgrec-910-org","910",false
1890,"org1","org1rec-3716-org","3716",true
1891,"org1","org1rec-2133-dup-0","2133",true
1891,"org","orgrec-2133-org","2133",false
1892,"org1","org1rec-3686-org","3686",true
1892,"org1","org1rec-3686-dup-0","3686",true
1893,"org","orgrec-4023-org","4023",false
1893,"org1","org1rec-4023-dup-0","4023",true
1894,"org1","org1rec-4356-dup-0","4356",true
1894,"org1","org1rec-4356-org","4356",true
1895,"org1","org1rec-4934-org","4934",true
1896,"org","orgrec-299-org","299",false
1896,"org1","org1rec-299-dup-0","299",true
1897,"org","orgrec-1268-org","1268",false
1897,"org1","org1rec-1268-dup-0","1268",true
1898,"org1","org1rec-861-dup-0","861",true
1899,"org1","org1rec-422-dup-0","422",true
1899,"org","orgrec-422-org","422",false
1900,"org1","org1rec-3585-org","3585",true
1900,"org1","org1rec-3585-dup-0","3585",true
1901,"org1","org1rec-3656-org","3656",true
1902,"org","orgrec-3169-org","3169",false
1902,"org1","org1rec-3169-dup-0","3169",true
1903,"org","orgrec-4776-org","4776",false
1903,"org1","org1rec-4776-dup-0","4776",true
1904,"org","orgrec-3611-org","3611",false
1904,"org1","org1rec-3611-dup-0","3611",true
1905,"org","orgrec-780-org","780",false
1906,"org1","org1rec-3092-dup-0","3092",true
1906,"org","orgrec-3092-org","3092",false
1907,"org1","org1rec-375-dup-0","375",true
1908,"org1","org1rec-220-dup-0","220",true
1909,"org","orgrec-3709-org","3709",false
1909,"org1","org1rec-3709-dup-0","3709",true
1910,"org1","org1rec-4466-dup-0","4466",true
1911,"org","orgrec-3423-org","3423",false
1911,"org1","org1rec-3423-dup-0","3423",true
1912,"org","orgrec-2327-org","2327",false
1913,"org1","org1rec-4985-dup-0","4985",true
1913,"org","orgrec-4985-org","4985",false
1914,"org","orgrec-737-org","737",false
1914,"org1","org1rec-737-dup-0","737",true
1915,"org1","org1rec-4064-org","4064",true
1916,"org1","org1rec-2584-org","2584",true
1917,"org1","org1rec-1422-dup-0","1422",true
1918,"org1","org1rec-2898-dup-0","2898",true
1919,"org","orgrec-3133-org","3133",false
1919,"org1","org1rec-3133-dup-0","3133",true
1920,"org","orgrec-2867-org","2867",false
1920,"org1","org1rec-2867-dup-0","2867",true
1921,"org1","org1rec-2312-dup-0","2312",true
1921,"org","orgrec-2312-org","2312",false
1922,"org","orgrec-4467-org","4467",false
1922,"org1","org1rec-4467-dup-0","4467",true
1923,"org1","org1rec-2975-dup-0","2975",true
1923,"org1","org1rec-2975-org","2975",true
1924,"org","orgrec-4555-org","4555",false
1924,"org1","org1rec-4555-dup-0","4555",true
1925,"org1","org1rec-3849-dup-0","3849",true
1926,"org","orgrec-1716-org","1716",false
1927,"org1","org1rec-2317-dup-0","2317",true
1928,"org1","org1rec-200-dup-0","200",true
1928,"org1","org1rec-200-org","200",true
1929,"org1","org1rec-131-dup-0","131",true
1929,"org","orgrec-131-org","131",false
1930,"org1","org1rec-1585-dup-0","1585",true
1930,"org1","org1rec-1585-org","1585",true
1931,"org1","org1rec-3586-org","3586",true
1932,"org1","org1rec-3694-dup-0","3694",true
1932,"org","orgrec-3694-org","3694",false
1933,"org1","org1rec-1612-dup-0","1612",true
1933,"org","orgrec-1612-org","1612",false
1934,"org","orgrec-2736-org","2736",false
1934,"org1","org1rec-2736-dup-0","2736",true
1935,"org1","org1rec-3731-dup-0","3731",true
1935,"org","orgrec-3731-org","3731",false
1936,"org1","org1rec-4026-org","4026",true
1937,"org1","org1rec-4287-dup-0","4287",true
1938,"org","orgrec-748-org","748",false
1939,"org","orgrec-4646-org","4646",false
1940,"org1","org1rec-4054-dup-0","4054",true
1940,"org1","org1rec-4054-org","4054",true
1941,"org","orgrec-1126-org","1126",false
1941,"org1","org1rec-1126-dup-0","1126",true
1942,"org1","org1rec-1654-org","1654",true
1943,"org1","org1rec-982-dup-0","982",true
1943,"org1","org1rec-982-org","982",true
1944,"org1","org1rec-1816-dup-0","1816",true
1945,"org","orgrec-4693-org","4693",false
1946,"org","orgrec-1018-org","1018",false
1947,"org1","org1rec-3271-dup-0","3271",true
1947,"org","orgrec-3271-org","3271",false
1948,"org1","org1rec-3370-dup-0","3370",true
1949,"org","orgrec-2322-org","2322",false
1950,"org","orgrec-4579-org","4579",false
1950,"org1","org1rec-4579-dup-0","4579",true
1951,"org1","org1rec-4534-dup-0","4534",true
1951,"org","orgrec-4534-org","4534",false
1952,"org","orgrec-4049-org","4049",false
1953,"org","orgrec-4714-org","4714",false
1954,"org","orgrec-1738-org","1738",false
1954,"org1","org1rec-1738-dup-0","1738",true
1955,"org1","org1rec-4643-dup-0","4643",true
1955,"org1","org1rec-4643-org","4643",true
1956,"org1","org1rec-248-dup-0","248",true
1957,"org","orgrec-814-org","814",false
1957,"org1","org1rec-814-dup-0","814",true
1958,"org1","org1rec-4353-org","4353",true
1958,"org1","org1rec-4353-dup-0","4353",true
1959,"org","orgrec-4234-org","4234",false
1959,"org1","org1rec-4234-dup-0","4234",true
1960,"org","orgrec-4161-org","4161",false
1960,"org1","org1rec-4161-dup-0","4161",true
1961,"org","orgrec-251-org","251",false
1962,"org1","org1rec-4681-org","4681",true
1962,"org1","org1rec-4681-dup-0","4681",true
1963,"org","orgrec-3571-org","3571",false
1964,"org1","org1rec-4888-dup-0","4888",true
1964,"org","orgrec-4888-org","4888",false
1965,"org1","org1rec-1574-org","1574",true
1965,"org1","org1rec-1574-dup-0","1574",true
1966,"org1","org1rec-166-dup-0","166",true
1966,"org","orgrec-166-org","166",false
1967,"org1","org1rec-4672-dup-0","4672",true
1968,"org","orgrec-4251-org","4251",false
1968,"org1","org1rec-4251-dup-0","4251",true
1969,"org","orgrec-426-org","426",false
1969,"org1","org1rec-426-dup-0","426",true
1970,"org","orgrec-4958-org","4958",false
1970,"org1","org1rec-4958-dup-0","4958",true
1971,"org1","org1rec-1760-dup-0","1760",true
1972,"org1","org1rec-4006-dup-0","4006",true
1972,"org","orgrec-4006-org","4006",false
1973,"org1","org1rec-2381-dup-0","2381",true
1974,"org1","org1rec-441-dup-0","441",true
1975,"org1","org1rec-4321-dup-0","4321",true
1975,"org","orgrec-4321-org","4321",false
1976,"org1","org1rec-4864-dup-0","4864",true
1976,"org1","org1rec-4864-org","4864",true
1977,"org","orgrec-3038-org","3038",false
1977,"org1","org1rec-3038-dup-0","3038",true
1978,"org1","org1rec-3710-org","3710",true
1978,"org1","org1rec-3710-dup-0","3710",true
1979,"org","orgrec-3394-org","3394",false
1980,"org1","org1rec-2362-dup-0","2362",true
1981,"org1","org1rec-760-dup-0","760",true
1982,"org1","org1rec-57-org","57",true
1983,"org1","org1rec-539-dup-0","539",true
1983,"org","orgrec-539-org","539",false
1984,"org1","org1rec-2570-dup-0","2570",true
1984,"org","orgrec-2570-org","2570",false
1985,"org","orgrec-3676-org","3676",false
1985,"org1","org1rec-3676-dup-0","3676",true
1986,"org","orgrec-1229-org","1229",false
1986,"org1","org1rec-1229-dup-0","1229",true
1987,"org1","org1rec-3068-dup-0","3068",true
1988,"org1","org1rec-2010-org","2010",true
1988,"org1","org1rec-2010-dup-0","2010",true
1989,"org1","org1rec-3416-dup-0","3416",true
1990,"org1","org1rec-3708-dup-0","3708",true
1990,"org","orgrec-3708-org","3708",false
1991,"org","orgrec-1651-org","1651",false
1992,"org1","org1rec-3670-dup-0","3670",true
1993,"org1","org1rec-2074-dup-0","2074",true
1994,"org","orgrec-551-org","551",false
1995,"org1","org1rec-3660-dup-0","3660",true
1996,"org","orgrec-1614-org","1614",false
1997,"org","orgrec-4147-org","4147",false
1998,"org1","org1rec-763-dup-0","763",true
1999,"org1","org1rec-271-dup-0","271",true
2000,"org1","org1rec-3575-dup-0","3575",true
2001,"org1","org1rec-1175-dup-0","1175",true
2002,"org1","org1rec-3266-dup-0","3266",true
2003,"org","orgrec-2246-org","2246",false
2003,"org1","org1rec-2246-dup-0","2246",true
2004,"org1","org1rec-2631-dup-0","2631",true
2005,"org1","org1rec-4134-dup-0","4134",true
2005,"org","orgrec-4134-org","4134",false
2006,"org1","org1rec-3822-dup-0","3822",true
2006,"org","orgrec-3822-org","3822",false
2007,"org1","org1rec-711-dup-0","711",true
2007,"org","orgrec-711-org","711",false
2008,"org","orgrec-3575-org","3575",false
2009,"org","orgrec-3622-org","3622",false
2009,"org1","org1rec-3622-dup-0","3622",true
2010,"org1","org1rec-4329-org","4329",true
2010,"org1","org1rec-4329-dup-0","4329",true
2011,"org1","org1rec-3063-dup-0","3063",true
2011,"org","orgrec-3063-org","3063",false
2012,"org1","org1rec-61-dup-0","61",true
2013,"org","orgrec-2666-org","2666",false
2013,"org1","org1rec-2666-dup-0","2666",true
2014,"org1","org1rec-3094-dup-0","3094",true
2015,"org1","org1rec-4730-org","4730",true
2015,"org1","org1rec-4730-dup-0","4730",true
2016,"org1","org1rec-3572-dup-0","3572",true
2016,"org1","org1rec-3572-org","3572",true
2017,"org1","org1rec-1430-dup-0","1430",true
2017,"org1","org1rec-1430-org","1430",true
2018,"org1","org1rec-332-dup-0","332",true
2018,"org1","org1rec-332-org","332",true
2019,"org1","org1rec-2780-dup-0","2780",true
2020,"org","orgrec-565-org","565",false
2020,"org1","org1rec-565-dup-0","565",true
2021,"org","orgrec-2549-org","2549",false
2021,"org1","org1rec-2549-dup-0","2549",true
2022,"org1","org1rec-2305-dup-0","2305",true
2023,"org1","org1rec-2450-dup-0","2450",true
2023,"org","orgrec-2450-org","2450",false
2024,"org","orgrec-583-org","583",false
2025,"org","orgrec-476-org","476",false
2025,"org1","org1rec-476-dup-0","476",true
2026,"org","orgrec-4502-org","4502",false
2026,"org1","org1rec-4502-dup-0","4502",true
2027,"org","orgrec-2762-org","2762",false
2027,"org1","org1rec-2762-dup-0","2762",true
2028,"org1","org1rec-4375-dup-0","4375",true
2029,"org","orgrec-2338-org","2338",false
2029,"org1","org1rec-2338-dup-0","2338",true
2030,"org1","org1rec-26-dup-0","26",true
2031,"org1","org1rec-1692-dup-0","1692",true
2031,"org","orgrec-1692-org","1692",false
2032,"org","orgrec-854-org","854",false
2032,"org1","org1rec-854-dup-0","854",true
2033,"org","orgrec-3097-org","3097",false
2033,"org1","org1rec-3097-dup-0","3097",true
2034,"org","orgrec-679-org","679",false
2034,"org1","org1rec-679-dup-0","679",true
2035,"org1","org1rec-262-dup-0","262",true
2035,"org","orgrec-262-org","262",false
2036,"org1","org1rec-1193-org","1193",true
2036,"org1","org1rec-1193-dup-0","1193",true
2037,"org","orgrec-3526-org","3526",false
2037,"org1","org1rec-3526-dup-0","3526",true
2038,"org","orgrec-3078-org","3078",false
2038,"org1","org1rec-3078-dup-0","3078",true
2039,"org1","org1rec-381-dup-0","381",true
2040,"org1","org1rec-3821-dup-0","3821",true
2041,"org1","org1rec-2854-dup-0","2854",true
2041,"org","orgrec-2854-org","2854",false
2042,"org1","org1rec-4828-dup-0","4828",true
2042,"org","orgrec-4828-org","4828",false
2043,"org1","org1rec-3690-dup-0","3690",true
2044,"org1","org1rec-2440-dup-0","2440",true
2044,"org1","org1rec-2440-org","2440",true
2045,"org1","org1rec-3446-dup-0","3446",true
2046,"org1","org1rec-863-dup-0","863",true
2047,"org1","org1rec-3683-org","3683",true
2047,"org1","org1rec-3683-dup-0","3683",true
2048,"org1","org1rec-4712-org","4712",true
2048,"org1","org1rec-4712-dup-0","4712",true
2049,"org","orgrec-3459-org","3459",false
2050,"org","orgrec-925-org","925",false
2051,"org1","org1rec-4347-dup-0","4347",true
2051,"org","orgrec-4347-org","4347",false
2052,"org1","org1rec-2934-dup-0","2934",true
2053,"org","orgrec-1391-org","1391",false
2054,"org1","org1rec-3005-dup-0","3005",true
2054,"org1","org1rec-3005-org","3005",true
2055,"org1","org1rec-4269-dup-0","4269",true
2056,"org1","org1rec-692-dup-0","692",true
2056,"org1","org1rec-692-org","692",true
2057,"org","orgrec-1529-org","1529",false
2058,"org1","org1rec-1228-dup-0","1228",true
2059,"org1","org1rec-3620-dup-0","3620",true
2059,"org","orgrec-3620-org","3620",false
2060,"org","orgrec-3196-org","3196",false
2061,"org1","org1rec-3769-dup-0","3769",true
2062,"org1","org1rec-577-dup-0","577",true
2063,"org","orgrec-3260-org","3260",false
2063,"org1","org1rec-3260-dup-0","3260",true
2064,"org1","org1rec-411-dup-0","411",true
2064,"org","orgrec-411-org","411",false
2065,"org1","org1rec-2542-dup-0","2542",true
2065,"org","orgrec-2542-org","2542",false
2066,"org","orgrec-1296-org","1296",false
2066,"org1","org1rec-1296-dup-0","1296",true
2067,"org1","org1rec-5-dup-0","5",true
2068,"org1","org1rec-3808-dup-0","3808",true
2068,"org1","org1rec-3808-org","3808",true
2069,"org1","org1rec-492-dup-0","492",true
2070,"org1","org1rec-689-dup-0","689",true
2070,"org1","org1rec-689-org","689",true
2071,"org1","org1rec-255-dup-0","255",true
2071,"org1","org1rec-255-org","255",true
2072,"org","orgrec-3703-org","3703",false
2073,"org1","org1rec-74-dup-0","74",true
2073,"org1","org1rec-74-org","74",true
2074,"org","orgrec-4003-org","4003",false
2075,"org1","org1rec-2568-dup-0","2568",true
2075,"org1","org1rec-2568-org","2568",true
2076,"org1","org1rec-3360-dup-0","3360",true
2076,"org1","org1rec-3360-org","3360",true
2077,"org1","org1rec-4163-dup-0","4163",true
2077,"org","orgrec-4163-org","4163",false
2078,"org1","org1rec-1186-dup-0","1186",true
2078,"org","orgrec-1186-org","1186",false
2079,"org1","org1rec-1181-dup-0","1181",true
2079,"org","orgrec-1181-org","1181",false
2080,"org1","org1rec-3009-dup-0","3009",true
2080,"org","orgrec-3009-org","3009",false
2081,"org","orgrec-4779-org","4779",false
2081,"org1","org1rec-4779-dup-0","4779",true
2082,"org1","org1rec-4624-dup-0","4624",true
2082,"org","orgrec-4624-org","4624",false
2083,"org1","org1rec-4868-dup-0","4868",true
2084,"org1","org1rec-4769-dup-0","4769",true
2084,"org","orgrec-4769-org","4769",false
2085,"org1","org1rec-808-org","808",true
2086,"org1","org1rec-888-dup-0","888",true
2086,"org","orgrec-888-org","888",false
2087,"org1","org1rec-1603-dup-0","1603",true
2087,"org","orgrec-1603-org","1603",false
2088,"org1","org1rec-2862-dup-0","2862",true
2089,"org1","org1rec-4554-dup-0","4554",true
2089,"org","orgrec-4554-org","4554",false
2090,"org","orgrec-1257-org","1257",false
2091,"org","orgrec-2392-org","2392",false
2091,"org1","org1rec-2392-dup-0","2392",true
2092,"org","orgrec-617-org","617",false
2092,"org1","org1rec-617-dup-0","617",true
2093,"org","orgrec-2752-org","2752",false
2094,"org","orgrec-4641-org","4641",false
2094,"org1","org1rec-4641-dup-0","4641",true
2095,"org","orgrec-2349-org","2349",false
2095,"org1","org1rec-2349-dup-0","2349",true
2096,"org1","org1rec-2020-org","2020",true
2097,"org","orgrec-30-org","30",false
2097,"org1","org1rec-30-dup-0","30",true
2098,"org","orgrec-4488-org","4488",false
2098,"org1","org1rec-4488-dup-0","4488",true
2099,"org1","org1rec-2651-dup-0","2651",true
2100,"org1","org1rec-2465-dup-0","2465",true
2100,"org","orgrec-2465-org","2465",false
2101,"org1","org1rec-21-dup-0","21",true
2101,"org","orgrec-21-org","21",false
2102,"org1","org1rec-2160-dup-0","2160",true
2102,"org1","org1rec-2160-org","2160",true
2103,"org1","org1rec-4916-org","4916",true
2104,"org1","org1rec-4992-org","4992",true
2104,"org1","org1rec-4992-dup-0","4992",true
2105,"org","orgrec-1700-org","1700",false
2105,"org1","org1rec-1700-dup-0","1700",true
2106,"org1","org1rec-4253-dup-0","4253",true
2106,"org","orgrec-4253-org","4253",false
2107,"org","orgrec-4083-org","4083",false
2108,"org1","org1rec-4475-dup-0","4475",true
2108,"org1","org1rec-4475-org","4475",true
2109,"org1","org1rec-1508-org","1508",true
2110,"org","orgrec-392-org","392",false
2110,"org1","org1rec-392-dup-0","392",true
2111,"org","orgrec-4214-org","4214",false
2112,"org","orgrec-2026-org","2026",false
2112,"org1","org1rec-2026-dup-0","2026",true
2113,"org1","org1rec-3927-dup-0","3927",true
2114,"org1","org1rec-964-dup-0","964",true
2114,"org","orgrec-964-org","964",false
2115,"org","orgrec-146-org","146",false
2115,"org1","org1rec-146-dup-0","146",true
2116,"org","orgrec-824-org","824",false
2116,"org1","org1rec-824-dup-0","824",true
2117,"org1","org1rec-669-dup-0","669",true
2118,"org","orgrec-3113-org","3113",false
2118,"org1","org1rec-3113-dup-0","3113",true
2119,"org1","org1rec-2658-org","2658",true
2120,"org1","org1rec-1789-dup-0","1789",true
2121,"org","orgrec-2760-org","2760",false
2122,"org","orgrec-3454-org","3454",false
2122,"org1","org1rec-3454-dup-0","3454",true
2123,"org1","org1rec-4069-dup-0","4069",true
2124,"org1","org1rec-1057-dup-0","1057",true
2125,"org","orgrec-4008-org","4008",false
2125,"org1","org1rec-4008-dup-0","4008",true
2126,"org","orgrec-3354-org","3354",false
2126,"org1","org1rec-3354-dup-0","3354",true
2127,"org1","org1rec-2694-org","2694",true
2127,"org1","org1rec-2694-dup-0","2694",true
2128,"org1","org1rec-2717-dup-0","2717",true
2128,"org1","org1rec-2717-org","2717",true
2129,"org","orgrec-254-org","254",false
2129,"org1","org1rec-254-dup-0","254",true
2130,"org1","org1rec-2620-org","2620",true
2130,"org1","org1rec-2620-dup-0","2620",true
2131,"org","orgrec-4072-org","4072",false
2131,"org1","org1rec-4072-dup-0","4072",true
2132,"org","orgrec-1045-org","1045",false
2132,"org1","org1rec-1045-dup-0","1045",true
2133,"org1","org1rec-472-dup-0","472",true
2134,"org1","org1rec-3845-dup-0","3845",true
2135,"org","orgrec-4090-org","4090",false
2136,"org1","org1rec-1278-dup-0","1278",true
2137,"org1","org1rec-925-dup-0","925",true
2138,"org1","org1rec-2163-dup-0","2163",true
2138,"org","orgrec-2163-org","2163",false
2139,"org1","org1rec-2510-dup-0","2510",true
2139,"org1","org1rec-2510-org","2510",true
2140,"org","orgrec-1630-org","1630",false
2140,"org1","org1rec-1630-dup-0","1630",true
2141,"org1","org1rec-1314-dup-0","1314",true
2142,"org","orgrec-280-org","280",false
2142,"org1","org1rec-280-dup-0","280",true
2143,"org1","org1rec-3782-dup-0","3782",true
2143,"org","orgrec-3782-org","3782",false
2144,"org1","org1rec-2436-dup-0","2436",true
2145,"org1","org1rec-2962-dup-0","2962",true
2146,"org","orgrec-1134-org","1134",false
2147,"org","orgrec-3457-org","3457",false
2148,"org1","org1rec-2407-dup-0","2407",true
2148,"org","orgrec-2407-org","2407",false
2149,"org1","org1rec-4684-dup-0","4684",true
2150,"org","orgrec-2614-org","2614",false
2151,"org1","org1rec-3284-dup-0","3284",true
2151,"org","orgrec-3284-org","3284",false
2152,"org1","org1rec-4708-org","4708",true
2152,"org1","org1rec-4708-dup-0","4708",true
2153,"org","orgrec-2834-org","2834",false
2154,"org1","org1rec-1161-dup-0","1161",true
2154,"org1","org1rec-1161-org","1161",true
2155,"org","orgrec-181-org","181",false
2156,"org1","org1rec-2350-dup-0","2350",true
2157,"org1","org1rec-1432-dup-0","1432",true
2157,"org","orgrec-1432-org","1432",false
2158,"org1","org1rec-1270-dup-0","1270",true
2159,"org1","org1rec-2393-dup-0","2393",true
2160,"org","orgrec-3469-org","3469",false
2160,"org1","org1rec-3469-dup-0","3469",true
2161,"org1","org1rec-3465-dup-0","3465",true
2162,"org1","org1rec-3340-org","3340",true
2162,"org1","org1rec-3340-dup-0","3340",true
2163,"org","orgrec-110-org","110",false
2163,"org1","org1rec-110-dup-0","110",true
2164,"org1","org1rec-2015-dup-0","2015",true
2164,"org","orgrec-2015-org","2015",false
2165,"org1","org1rec-4043-org","4043",true
2166,"org1","org1rec-2838-dup-0","2838",true
2166,"org","orgrec-2838-org","2838",false
2167,"org1","org1rec-2481-dup-0","2481",true
2168,"org1","org1rec-3888-dup-0","3888",true
2168,"org","orgrec-3888-org","3888",false
2169,"org1","org1rec-3626-org","3626",true
2169,"org1","org1rec-3626-dup-0","3626",true
2170,"org","orgrec-3788-org","3788",false
2171,"org","orgrec-840-org","840",false
2171,"org1","org1rec-840-dup-0","840",true
2172,"org","orgrec-1457-org","1457",false
2173,"org","orgrec-4497-org","4497",false
2173,"org1","org1rec-4497-dup-0","4497",true
2174,"org1","org1rec-796-dup-0","796",true
2175,"org","orgrec-1570-org","1570",false
2176,"org1","org1rec-2732-dup-0","2732",true
2177,"org","orgrec-206-org","206",false
2177,"org1","org1rec-206-dup-0","206",true
2178,"org1","org1rec-4405-dup-0","4405",true
2178,"org","orgrec-4405-org","4405",false
2179,"org1","org1rec-3881-org","3881",true
2179,"org1","org1rec-3881-dup-0","3881",true
2180,"org1","org1rec-3042-dup-0","3042",true
2180,"org","orgrec-3042-org","3042",false
2181,"org1","org1rec-3746-org","3746",true
2181,"org1","org1rec-3746-dup-0","3746",true
2182,"org1","org1rec-3800-dup-0","3800",true
2183,"org1","org1rec-4717-dup-0","4717",true
2183,"org","orgrec-4717-org","4717",false
2184,"org1","org1rec-800-dup-0","800",true
2185,"org","orgrec-2514-org","2514",false
2185,"org1","org1rec-2514-dup-0","2514",true
2186,"org1","org1rec-3277-dup-0","3277",true
2186,"org","orgrec-3277-org","3277",false
2187,"org","orgrec-4893-org","4893",false
2187,"org1","org1rec-4893-dup-0","4893",true
2188,"org","orgrec-234-org","234",false
2188,"org1","org1rec-234-dup-0","234",true
2189,"org1","org1rec-566-dup-0","566",true
2189,"org1","org1rec-566-org","566",true
2190,"org","orgrec-625-org","625",false
2191,"org","orgrec-953-org","953",false
2191,"org1","org1rec-953-dup-0","953",true
2192,"org1","org1rec-4931-dup-0","4931",true
2192,"org1","org1rec-4931-org","4931",true
2193,"org1","org1rec-3831-org","3831",true
2193,"org1","org1rec-3831-dup-0","3831",true
2194,"org","orgrec-756-org","756",false
2195,"org","orgrec-1671-org","1671",false
2195,"org1","org1rec-1671-dup-0","1671",true
2196,"org","orgrec-945-org","945",false
2197,"org","orgrec-721-org","721",false
2197,"org1","org1rec-721-dup-0","721",true
2198,"org1","org1rec-98-dup-0","98",true
2199,"org","orgrec-4017-org","4017",false
2200,"org","orgrec-3818-org","3818",false
2200,"org1","org1rec-3818-dup-0","3818",true
2201,"org","orgrec-383-org","383",false
2202,"org","orgrec-4114-org","4114",false
2202,"org1","org1rec-4114-dup-0","4114",true
2203,"org","orgrec-2053-org","2053",false
2204,"org1","org1rec-1944-dup-0","1944",true
2205,"org","orgrec-2382-org","2382",false
2205,"org1","org1rec-2382-dup-0","2382",true
2206,"org1","org1rec-4692-dup-0","4692",true
2206,"org","orgrec-4692-org","4692",false
2207,"org1","org1rec-369-dup-0","369",true
2207,"org","orgrec-369-org","369",false
2208,"org","orgrec-924-org","924",false
2209,"org1","org1rec-4974-dup-0","4974",true
2209,"org","orgrec-4974-org","4974",false
2210,"org1","org1rec-527-org","527",true
2210,"org1","org1rec-527-dup-0","527",true
2211,"org","orgrec-3011-org","3011",false
2211,"org1","org1rec-3011-dup-0","3011",true
2212,"org1","org1rec-3090-dup-0","3090",true
2212,"org1","org1rec-3090-org","3090",true
2213,"org","orgrec-468-org","468",false
2213,"org1","org1rec-468-dup-0","468",true
2214,"org1","org1rec-2139-dup-0","2139",true
2214,"org","orgrec-2139-org","2139",false
2215,"org","orgrec-1859-org","1859",false
2215,"org1","org1rec-1859-dup-0","1859",true
2216,"org1","org1rec-2485-dup-0","2485",true
2216,"org1","org1rec-2485-org","2485",true
2217,"org1","org1rec-4676-dup-0","4676",true
2217,"org","orgrec-4676-org","4676",false
2218,"org","orgrec-1816-org","1816",false
2219,"org","orgrec-440-org","440",false
2220,"org1","org1rec-4264-dup-0","4264",true
2221,"org1","org1rec-2860-dup-0","2860",true
2221,"org","orgrec-2860-org","2860",false
2222,"org1","org1rec-334-dup-0","334",true
2223,"org","orgrec-2101-org","2101",false
2224,"org1","org1rec-4290-dup-0","4290",true
2224,"org","orgrec-4290-org","4290",false
2225,"org1","org1rec-3036-dup-0","3036",true
2226,"org1","org1rec-4160-dup-0","4160",true
2226,"org","orgrec-4160-org","4160",false
2227,"org1","org1rec-4691-dup-0","4691",true
2227,"org1","org1rec-4691-org","4691",true
2228,"org","orgrec-3167-org","3167",false
2228,"org1","org1rec-3167-dup-0","3167",true
2229,"org1","org1rec-1420-dup-0","1420",true
2229,"org","orgrec-1420-org","1420",false
2230,"org","orgrec-2083-org","2083",false
2230,"org1","org1rec-2083-dup-0","2083",true
2231,"org1","org1rec-958-org","958",true
2231,"org1","org1rec-958-dup-0","958",true
2232,"org1","org1rec-3352-org","3352",true
2232,"org1","org1rec-3352-dup-0","3352",true
2233,"org1","org1rec-1711-dup-0","1711",true
2233,"org1","org1rec-1711-org","1711",true
2234,"org1","org1rec-1111-org","1111",true
2234,"org1","org1rec-1111-dup-0","1111",true
2235,"org","orgrec-2135-org","2135",false
2235,"org1","org1rec-2135-dup-0","2135",true
2236,"org1","org1rec-2006-dup-0","2006",true
2237,"org1","org1rec-2270-dup-0","2270",true
2237,"org","orgrec-2270-org","2270",false
2238,"org","orgrec-4808-org","4808",false
2238,"org1","org1rec-4808-dup-0","4808",true
2239,"org","orgrec-2644-org","2644",false
2239,"org1","org1rec-2644-dup-0","2644",true
2240,"org","orgrec-4715-org","4715",false
2241,"org1","org1rec-143-org","143",true
2241,"org1","org1rec-143-dup-0","143",true
2242,"org1","org1rec-2850-dup-0","2850",true
2242,"org1","org1rec-2850-org","2850",true
2243,"org1","org1rec-1833-dup-0","1833",true
2243,"org","orgrec-1833-org","1833",false
2244,"org","orgrec-1549-org","1549",false
2244,"org1","org1rec-1549-dup-0","1549",true
2245,"org","orgrec-4124-org","4124",false
2245,"org1","org1rec-4124-dup-0","4124",true
2246,"org1","org1rec-1972-dup-0","1972",true
2246,"org","orgrec-1972-org","1972",false
2247,"org","orgrec-875-org","875",false
2247,"org1","org1rec-875-dup-0","875",true
2248,"org1","org1rec-4980-dup-0","4980",true
2249,"org1","org1rec-1897-org","1897",true
2250,"org","orgrec-773-org","773",false
2250,"org1","org1rec-773-dup-0","773",true
2251,"org","orgrec-3202-org","3202",false
2251,"org1","org1rec-3202-dup-0","3202",true
2252,"org1","org1rec-4165-dup-0","4165",true
2252,"org","orgrec-4165-org","4165",false
2253,"org","orgrec-4382-org","4382",false
2253,"org1","org1rec-4382-dup-0","4382",true
2254,"org","orgrec-430-org","430",false
2255,"org1","org1rec-455-dup-0","455",true
2256,"org","orgrec-3275-org","3275",false
2256,"org1","org1rec-3275-dup-0","3275",true
2257,"org1","org1rec-653-dup-0","653",true
2257,"org","orgrec-653-org","653",false
2258,"org1","org1rec-3663-dup-0","3663",true
2258,"org","orgrec-3663-org","3663",false
2259,"org1","org1rec-4123-dup-0","4123",true
2259,"org","orgrec-4123-org","4123",false
2260,"org","orgrec-2669-org","2669",false
2260,"org1","org1rec-2669-dup-0","2669",true
2261,"org1","org1rec-723-dup-0","723",true
2262,"org1","org1rec-781-org","781",true
2263,"org1","org1rec-501-dup-0","501",true
2263,"org","orgrec-501-org","501",false
2264,"org1","org1rec-4336-dup-0","4336",true
2265,"org1","org1rec-3176-dup-0","3176",true
2265,"org","orgrec-3176-org","3176",false
2266,"org1","org1rec-3758-dup-0","3758",true
2267,"org1","org1rec-2581-dup-0","2581",true
2267,"org","orgrec-2581-org","2581",false
2268,"org1","org1rec-351-dup-0","351",true
2269,"org1","org1rec-1407-dup-0","1407",true
2269,"org","orgrec-1407-org","1407",false
2270,"org1","org1rec-3613-dup-0","3613",true
2270,"org","orgrec-3613-org","3613",false
2271,"org1","org1rec-1237-dup-0","1237",true
2271,"org1","org1rec-1237-org","1237",true
2272,"org1","org1rec-1862-dup-0","1862",true
2272,"org1","org1rec-1862-org","1862",true
2273,"org1","org1rec-569-dup-0","569",true
2273,"org","orgrec-569-org","569",false
2274,"org","orgrec-3554-org","3554",false
2274,"org1","org1rec-3554-dup-0","3554",true
2275,"org1","org1rec-4118-org","4118",true
2276,"org1","org1rec-4322-dup-0","4322",true
2277,"org1","org1rec-2373-dup-0","2373",true
2277,"org","orgrec-2373-org","2373",false
2278,"org1","org1rec-3839-org","3839",true
2279,"org","orgrec-1883-org","1883",false
2279,"org1","org1rec-1883-dup-0","1883",true
2280,"org","orgrec-1644-org","1644",false
2280,"org1","org1rec-1644-dup-0","1644",true
2281,"org","orgrec-2409-org","2409",false
2281,"org1","org1rec-2409-dup-0","2409",true
2282,"org","orgrec-1137-org","1137",false
2282,"org1","org1rec-1137-dup-0","1137",true
2283,"org1","org1rec-3155-org","3155",true
2283,"org1","org1rec-3155-dup-0","3155",true
2284,"org","orgrec-3633-org","3633",false
2285,"org","orgrec-194-org","194",false
2285,"org1","org1rec-194-dup-0","194",true
2286,"org1","org1rec-1212-dup-0","1212",true
2286,"org1","org1rec-1212-org","1212",true
2287,"org","orgrec-111-org","111",false
2287,"org1","org1rec-111-dup-0","111",true
2288,"org1","org1rec-4088-dup-0","4088",true
2289,"org1","org1rec-339-dup-0","339",true
2290,"org1","org1rec-4404-dup-0","4404",true
2290,"org","orgrec-4404-org","4404",false
2291,"org1","org1rec-658-org","658",true
2291,"org1","org1rec-658-dup-0","658",true
2292,"org1","org1rec-4033-org","4033",true
2293,"org1","org1rec-1581-dup-0","1581",true
2293,"org","orgrec-1581-org","1581",false
2294,"org1","org1rec-4881-dup-0","4881",true
2295,"org1","org1rec-2623-dup-0","2623",true
2295,"org","orgrec-2623-org","2623",false
2296,"org1","org1rec-3315-org","3315",true
2296,"org1","org1rec-3315-dup-0","3315",true
2297,"org1","org1rec-4600-dup-0","4600",true
2298,"org","orgrec-4062-org","4062",false
2299,"org1","org1rec-4541-org","4541",true
2299,"org1","org1rec-4541-dup-0","4541",true
2300,"org1","org1rec-139-org","139",true
2301,"org1","org1rec-2532-dup-0","2532",true
2301,"org","orgrec-2532-org","2532",false
2302,"org","orgrec-4398-org","4398",false
2302,"org1","org1rec-4398-dup-0","4398",true
2303,"org1","org1rec-414-org","414",true
2303,"org1","org1rec-414-dup-0","414",true
2304,"org1","org1rec-2531-dup-0","2531",true
2305,"org1","org1rec-2692-org","2692",true
2305,"org1","org1rec-2692-dup-0","2692",true
2306,"org1","org1rec-1551-dup-0","1551",true
2306,"org1","org1rec-1551-org","1551",true
2307,"org1","org1rec-460-dup-0","460",true
2307,"org","orgrec-460-org","460",false
2308,"org","orgrec-1737-org","1737",false
2308,"org1","org1rec-1737-dup-0","1737",true
2309,"org1","org1rec-288-dup-0","288",true
2309,"org","orgrec-288-org","288",false
2310,"org1","org1rec-1669-dup-0","1669",true
2311,"org1","org1rec-473-dup-0","473",true
2312,"org1","org1rec-3924-dup-0","3924",true
2313,"org","orgrec-1189-org","1189",false
2313,"org1","org1rec-1189-dup-0","1189",true
2314,"org","orgrec-861-org","861",false
2315,"org1","org1rec-4608-org","4608",true
2316,"org1","org1rec-172-dup-0","172",true
2316,"org","orgrec-172-org","172",false
2317,"org1","org1rec-141-dup-0","141",true
2318,"org1","org1rec-4284-dup-0","4284",true
2318,"org","orgrec-4284-org","4284",false
2319,"org1","org1rec-4505-dup-0","4505",true
2319,"org","orgrec-4505-org","4505",false
2320,"org1","org1rec-1783-dup-0","1783",true
2320,"org1","org1rec-1783-org","1783",true
2321,"org","orgrec-113-org","113",false
2322,"org1","org1rec-150-org","150",true
2323,"org1","org1rec-1615-dup-0","1615",true
2324,"org1","org1rec-2718-dup-0","2718",true
2324,"org","orgrec-2718-org","2718",false
2325,"org1","org1rec-4984-dup-0","4984",true
2326,"org1","org1rec-4325-dup-0","4325",true
2327,"org1","org1rec-3757-dup-0","3757",true
2327,"org","orgrec-3757-org","3757",false
2328,"org1","org1rec-2419-dup-0","2419",true
2329,"org1","org1rec-2876-dup-0","2876",true
2329,"org","orgrec-2876-org","2876",false
2330,"org","orgrec-311-org","311",false
2331,"org1","org1rec-1662-org","1662",true
2332,"org","orgrec-1805-org","1805",false
2332,"org1","org1rec-1805-dup-0","1805",true
2333,"org1","org1rec-3541-dup-0","3541",true
2333,"org","orgrec-3541-org","3541",false
2334,"org1","org1rec-1301-dup-0","1301",true
2335,"org","orgrec-2899-org","2899",false
2335,"org1","org1rec-2899-dup-0","2899",true
2336,"org1","org1rec-2511-dup-0","2511",true
2336,"org","orgrec-2511-org","2511",false
2337,"org","orgrec-3969-org","3969",false
2338,"org1","org1rec-2679-dup-0","2679",true
2339,"org","orgrec-1199-org","1199",false
2340,"org1","org1rec-197-dup-0","197",true
2340,"org","orgrec-197-org","197",false
2341,"org1","org1rec-580-org","580",true
2341,"org1","org1rec-580-dup-0","580",true
2342,"org1","org1rec-485-org","485",true
2342,"org1","org1rec-485-dup-0","485",true
2343,"org1","org1rec-2836-dup-0","2836",true
2343,"org","orgrec-2836-org","2836",false
2344,"org","orgrec-115-org","115",false
2345,"org","orgrec-1699-org","1699",false
2346,"org1","org1rec-4296-dup-0","4296",true
2346,"org1","org1rec-4296-org","4296",true
2347,"org","orgrec-2280-org","2280",false
2348,"org","orgrec-4262-org","4262",false
2349,"org1","org1rec-2559-dup-0","2559",true
2350,"org1","org1rec-4510-dup-0","4510",true
2351,"org1","org1rec-4811-dup-0","4811",true
2351,"org","orgrec-4811-org","4811",false
2352,"org","orgrec-2238-org","2238",false
2353,"org1","org1rec-2572-dup-0","2572",true
2353,"org","orgrec-2572-org","2572",false
2354,"org","orgrec-1400-org","1400",false
2355,"org1","org1rec-1536-org","1536",true
2355,"org1","org1rec-1536-dup-0","1536",true
2356,"org1","org1rec-3478-dup-0","3478",true
2356,"org1","org1rec-3478-org","3478",true
2357,"org1","org1rec-894-dup-0","894",true
2358,"org1","org1rec-4518-org","4518",true
2359,"org","orgrec-2688-org","2688",false
2359,"org1","org1rec-2688-dup-0","2688",true
2360,"org1","org1rec-1133-dup-0","1133",true
2360,"org","orgrec-1133-org","1133",false
2361,"org1","org1rec-2112-org","2112",true
2362,"org","orgrec-1408-org","1408",false
2362,"org1","org1rec-1408-dup-0","1408",true
2363,"org1","org1rec-1484-dup-0","1484",true
2363,"org1","org1rec-1484-org","1484",true
2364,"org","orgrec-2066-org","2066",false
2364,"org1","org1rec-2066-dup-0","2066",true
2365,"org1","org1rec-1976-org","1976",true
2365,"org1","org1rec-1976-dup-0","1976",true
2366,"org1","org1rec-2334-dup-0","2334",true
2366,"org","orgrec-2334-org","2334",false
2367,"org","orgrec-1664-org","1664",false
2368,"org1","org1rec-4872-dup-0","4872",true
2368,"org","orgrec-4872-org","4872",false
2369,"org1","org1rec-1812-dup-0","1812",true
2370,"org1","org1rec-2266-dup-0","2266",true
2370,"org1","org1rec-2266-org","2266",true
2371,"org","orgrec-1894-org","1894",false
2371,"org1","org1rec-1894-dup-0","1894",true
2372,"org1","org1rec-1505-dup-0","1505",true
2373,"org1","org1rec-1342-dup-0","1342",true
2373,"org1","org1rec-1342-org","1342",true
2374,"org1","org1rec-3547-dup-0","3547",true
2375,"org","orgrec-4117-org","4117",false
2376,"org","orgrec-703-org","703",false
2376,"org1","org1rec-703-dup-0","703",true
2377,"org","orgrec-1968-org","1968",false
2378,"org","orgrec-2538-org","2538",false
2378,"org1","org1rec-2538-dup-0","2538",true
2379,"org1","org1rec-82-org","82",true
2379,"org1","org1rec-82-dup-0","82",true
2380,"org1","org1rec-308-org","308",true
2380,"org1","org1rec-308-dup-0","308",true
2381,"org","orgrec-3261-org","3261",false
2381,"org1","org1rec-3261-dup-0","3261",true
2382,"org","orgrec-3244-org","3244",false
2383,"org","orgrec-3246-org","3246",false
2383,"org1","org1rec-3246-dup-0","3246",true
2384,"org1","org1rec-3379-dup-0","3379",true
2384,"org","orgrec-3379-org","3379",false
2385,"org","orgrec-4620-org","4620",false
2385,"org1","org1rec-4620-dup-0","4620",true
2386,"org1","org1rec-954-org","954",true
2387,"org1","org1rec-3567-org","3567",true
2387,"org1","org1rec-3567-dup-0","3567",true
2388,"org1","org1rec-371-dup-0","371",true
2389,"org1","org1rec-1961-org","1961",true
2389,"org1","org1rec-1961-dup-0","1961",true
2390,"org1","org1rec-621-dup-0","621",true
2390,"org","orgrec-621-org","621",false
2391,"org1","org1rec-792-org","792",true
2392,"org1","org1rec-4967-dup-0","4967",true
2392,"org","orgrec-4967-org","4967",false
2393,"org1","org1rec-3091-org","3091",true
2393,"org1","org1rec-3091-dup-0","3091",true
2394,"org1","org1rec-1666-dup-0","1666",true
2395,"org1","org1rec-3048-dup-0","3048",true
2396,"org1","org1rec-213-dup-0","213",true
2396,"org","orgrec-213-org","213",false
2397,"org","orgrec-1749-org","1749",false
2398,"org","orgrec-1207-org","1207",false
2399,"org1","org1rec-1411-dup-0","1411",true
2399,"org","orgrec-1411-org","1411",false
2400,"org1","org1rec-1466-dup-0","1466",true
2401,"org1","org1rec-205-dup-0","205",true
2402,"org","orgrec-72-org","72",false
2402,"org1","org1rec-72-dup-0","72",true
2403,"org1","org1rec-2540-dup-0","2540",true
2403,"org","orgrec-2540-org","2540",false
2404,"org","orgrec-1520-org","1520",false
2405,"org1","org1rec-1563-org","1563",true
2406,"org","orgrec-444-org","444",false
2406,"org1","org1rec-444-dup-0","444",true
2407,"org1","org1rec-3373-dup-0","3373",true
2407,"org","orgrec-3373-org","3373",false
2408,"org","orgrec-427-org","427",false
2408,"org1","org1rec-427-dup-0","427",true
2409,"org1","org1rec-973-dup-0","973",true
2409,"org","orgrec-973-org","973",false
2410,"org1","org1rec-1784-dup-0","1784",true
2410,"org","orgrec-1784-org","1784",false
2411,"org1","org1rec-1579-dup-0","1579",true
2411,"org","orgrec-1579-org","1579",false
2412,"org1","org1rec-2903-dup-0","2903",true
2412,"org","orgrec-2903-org","2903",false
2413,"org1","org1rec-2278-dup-0","2278",true
2413,"org","orgrec-2278-org","2278",false
2414,"org","orgrec-531-org","531",false
2414,"org1","org1rec-531-dup-0","531",true
2415,"org","orgrec-2138-org","2138",false
2415,"org1","org1rec-2138-dup-0","2138",true
2416,"org","orgrec-2922-org","2922",false
2416,"org1","org1rec-2922-dup-0","2922",true
2417,"org1","org1rec-2209-dup-0","2209",true
2417,"org","orgrec-2209-org","2209",false
2418,"org1","org1rec-1929-dup-0","1929",true
2418,"org","orgrec-1929-org","1929",false
2419,"org1","org1rec-2490-dup-0","2490",true
2419,"org","orgrec-2490-org","2490",false
2420,"org1","org1rec-2048-dup-0","2048",true
2420,"org","orgrec-2048-org","2048",false
2421,"org1","org1rec-4118-dup-0","4118",true
2422,"org1","org1rec-537-dup-0","537",true
2423,"org1","org1rec-139-dup-0","139",true
2424,"org","orgrec-70-org","70",false
2425,"org","orgrec-794-org","794",false
2425,"org1","org1rec-794-dup-0","794",true
2426,"org","orgrec-4565-org","4565",false
2426,"org1","org1rec-4565-dup-0","4565",true
2427,"org1","org1rec-851-dup-0","851",true
2427,"org","orgrec-851-org","851",false
2428,"org1","org1rec-1355-dup-0","1355",true
2428,"org","orgrec-1355-org","1355",false
2429,"org","orgrec-141-org","141",false
2430,"org","orgrec-1114-org","1114",false
2430,"org1","org1rec-1114-dup-0","1114",true
2431,"org1","org1rec-4219-org","4219",true
2431,"org1","org1rec-4219-dup-0","4219",true
2432,"org1","org1rec-796-org","796",true
2433,"org1","org1rec-417-dup-0","417",true
2434,"org","orgrec-4018-org","4018",false
2435,"org","orgrec-3188-org","3188",false
2436,"org","orgrec-1843-org","1843",false
2436,"org1","org1rec-1843-dup-0","1843",true
2437,"org","orgrec-4793-org","4793",false
2438,"org1","org1rec-2778-dup-0","2778",true
2439,"org1","org1rec-3029-dup-0","3029",true
2439,"org","orgrec-3029-org","3029",false
2440,"org1","org1rec-563-dup-0","563",true
2441,"org1","org1rec-3809-dup-0","3809",true
2441,"org1","org1rec-3809-org","3809",true
2442,"org","orgrec-2077-org","2077",false
2442,"org1","org1rec-2077-dup-0","2077",true
2443,"org","orgrec-438-org","438",false
2444,"org1","org1rec-227-dup-0","227",true
2445,"org1","org1rec-344-org","344",true
2445,"org1","org1rec-344-dup-0","344",true
2446,"org1","org1rec-89-org","89",true
2447,"org1","org1rec-843-dup-0","843",true
2447,"org","orgrec-843-org","843",false
2448,"org","orgrec-3057-org","3057",false
2449,"org1","org1rec-50-org","50",true
2449,"org1","org1rec-50-dup-0","50",true
2450,"org","orgrec-2350-org","2350",false
2451,"org","orgrec-671-org","671",false
2452,"org1","org1rec-1496-dup-0","1496",true
2452,"org1","org1rec-1496-org","1496",true
2453,"org1","org1rec-208-dup-0","208",true
2453,"org","orgrec-208-org","208",false
2454,"org","orgrec-439-org","439",false
2454,"org1","org1rec-439-dup-0","439",true
2455,"org","orgrec-1038-org","1038",false
2455,"org1","org1rec-1038-dup-0","1038",true
2456,"org1","org1rec-4359-dup-0","4359",true
2457,"org1","org1rec-1528-dup-0","1528",true
2457,"org","orgrec-1528-org","1528",false
2458,"org","orgrec-71-org","71",false
2458,"org1","org1rec-71-dup-0","71",true
2459,"org","orgrec-3672-org","3672",false
2460,"org1","org1rec-1424-dup-0","1424",true
2460,"org","orgrec-1424-org","1424",false
2461,"org","orgrec-4747-org","4747",false
2461,"org1","org1rec-4747-dup-0","4747",true
2462,"org1","org1rec-1889-dup-0","1889",true
2462,"org","orgrec-1889-org","1889",false
2463,"org","orgrec-2339-org","2339",false
2463,"org1","org1rec-2339-dup-0","2339",true
2464,"org","orgrec-2832-org","2832",false
2464,"org1","org1rec-2832-dup-0","2832",true
2465,"org1","org1rec-1662-dup-0","1662",true
2466,"org","orgrec-694-org","694",false
2467,"org1","org1rec-834-org","834",true
2467,"org1","org1rec-834-dup-0","834",true
2468,"org","orgrec-3593-org","3593",false
2468,"org1","org1rec-3593-dup-0","3593",true
2469,"org1","org1rec-1148-dup-0","1148",true
2469,"org1","org1rec-1148-org","1148",true
2470,"org1","org1rec-2210-dup-0","2210",true
2470,"org1","org1rec-2210-org","2210",true
2471,"org","orgrec-281-org","281",false
2471,"org1","org1rec-281-dup-0","281",true
2472,"org1","org1rec-1497-dup-0","1497",true
2473,"org1","org1rec-2037-dup-0","2037",true
2474,"org1","org1rec-4920-dup-0","4920",true
2474,"org","orgrec-4920-org","4920",false
2475,"org1","org1rec-1654-dup-0","1654",true
2476,"org1","org1rec-1772-dup-0","1772",true
2477,"org1","org1rec-1724-dup-0","1724",true
2477,"org","orgrec-1724-org","1724",false
2478,"org","orgrec-3247-org","3247",false
2478,"org1","org1rec-3247-dup-0","3247",true
2479,"org","orgrec-1002-org","1002",false
2479,"org1","org1rec-1002-dup-0","1002",true
2480,"org1","org1rec-62-dup-0","62",true
2480,"org","orgrec-62-org","62",false
2481,"org1","org1rec-3171-dup-0","3171",true
2481,"org","orgrec-3171-org","3171",false
2482,"org1","org1rec-3241-dup-0","3241",true
2482,"org","orgrec-3241-org","3241",false
2483,"org1","org1rec-791-dup-0","791",true
2483,"org1","org1rec-791-org","791",true
2484,"org1","org1rec-1289-org","1289",true
2485,"org1","org1rec-2597-dup-0","2597",true
2485,"org1","org1rec-2597-org","2597",true
2486,"org","orgrec-3100-org","3100",false
2486,"org1","org1rec-3100-dup-0","3100",true
2487,"org1","org1rec-4228-dup-0","4228",true
2487,"org1","org1rec-4228-org","4228",true
2488,"org1","org1rec-764-dup-0","764",true
2488,"org1","org1rec-764-org","764",true
2489,"org1","org1rec-1467-org","1467",true
2489,"org1","org1rec-1467-dup-0","1467",true
2490,"org1","org1rec-1852-dup-0","1852",true
2490,"org","orgrec-1852-org","1852",false
2491,"org1","org1rec-4471-dup-0","4471",true
2491,"org","orgrec-4471-org","4471",false
2492,"org","orgrec-2316-org","2316",false
2492,"org1","org1rec-2316-dup-0","2316",true
2493,"org1","org1rec-2421-dup-0","2421",true
2493,"org1","org1rec-2421-org","2421",true
2494,"org1","org1rec-1825-dup-0","1825",true
2495,"org","orgrec-3328-org","3328",false
2495,"org1","org1rec-3328-dup-0","3328",true
2496,"org","orgrec-1177-org","1177",false
2497,"org1","org1rec-3368-dup-0","3368",true
2498,"org1","org1rec-2745-dup-0","2745",true
2498,"org","orgrec-2745-org","2745",false
2499,"org1","org1rec-2429-dup-0","2429",true
2499,"org1","org1rec-2429-org","2429",true
2500,"org","orgrec-316-org","316",false
2500,"org1","org1rec-316-dup-0","316",true
2501,"org","orgrec-981-org","981",false
2502,"org1","org1rec-1685-dup-0","1685",true
2502,"org","orgrec-1685-org","1685",false
2503,"org1","org1rec-4784-dup-0","4784",true
2503,"org","orgrec-4784-org","4784",false
2504,"org1","org1rec-528-dup-0","528",true
2505,"org1","org1rec-2036-dup-0","2036",true
2505,"org","orgrec-2036-org","2036",false
2506,"org","orgrec-745-org","745",false
2507,"org1","org1rec-1103-dup-0","1103",true
2507,"org","orgrec-1103-org","1103",false
2508,"org1","org1rec-2901-dup-0","2901",true
2508,"org","orgrec-2901-org","2901",false
2509,"org","orgrec-2195-org","2195",false
2510,"org1","org1rec-1040-dup-0","1040",true
2511,"org1","org1rec-739-dup-0","739",true
2512,"org1","org1rec-4732-dup-0","4732",true
2513,"org","orgrec-1279-org","1279",false
2514,"org1","org1rec-3659-dup-0","3659",true
2514,"org","orgrec-3659-org","3659",false
2515,"org","orgrec-1865-org","1865",false
2516,"org","orgrec-3653-org","3653",false
2516,"org1","org1rec-3653-dup-0","3653",true
2517,"org","orgrec-4930-org","4930",false
2517,"org1","org1rec-4930-dup-0","4930",true
2518,"org1","org1rec-2096-org","2096",true
2518,"org1","org1rec-2096-dup-0","2096",true
2519,"org1","org1rec-4337-dup-0","4337",true
2519,"org1","org1rec-4337-org","4337",true
2520,"org1","org1rec-1275-org","1275",true
2521,"org","orgrec-4374-org","4374",false
2521,"org1","org1rec-4374-dup-0","4374",true
2522,"org","orgrec-2301-org","2301",false
2523,"org","orgrec-3753-org","3753",false
2523,"org1","org1rec-3753-dup-0","3753",true
2524,"org1","org1rec-4989-dup-0","4989",true
2524,"org","orgrec-4989-org","4989",false
2525,"org1","org1rec-3854-dup-0","3854",true
2526,"org1","org1rec-1672-dup-0","1672",true
2526,"org","orgrec-1672-org","1672",false
2527,"org1","org1rec-3148-dup-0","3148",true
2527,"org","orgrec-3148-org","3148",false
2528,"org","orgrec-2921-org","2921",false
2528,"org1","org1rec-2921-dup-0","2921",true
2529,"org1","org1rec-3329-dup-0","3329",true
2529,"org","orgrec-3329-org","3329",false
2530,"org1","org1rec-1460-dup-0","1460",true
2531,"org1","org1rec-3332-dup-0","3332",true
2531,"org","orgrec-3332-org","3332",false
2532,"org1","org1rec-4625-dup-0","4625",true
2532,"org","orgrec-4625-org","4625",false
2533,"org1","org1rec-4448-dup-0","4448",true
2534,"org","orgrec-2737-org","2737",false
2534,"org1","org1rec-2737-dup-0","2737",true
2535,"org1","org1rec-523-dup-0","523",true
2536,"org1","org1rec-785-dup-0","785",true
2537,"org1","org1rec-4052-org","4052",true
2537,"org1","org1rec-4052-dup-0","4052",true
2538,"org1","org1rec-575-dup-0","575",true
2538,"org","orgrec-575-org","575",false
2539,"org","orgrec-2726-org","2726",false
2539,"org1","org1rec-2726-dup-0","2726",true
2540,"org","orgrec-2142-org","2142",false
2540,"org1","org1rec-2142-dup-0","2142",true
2541,"org1","org1rec-4214-dup-0","4214",true
2542,"org1","org1rec-4532-dup-0","4532",true
2542,"org","orgrec-4532-org","4532",false
2543,"org","orgrec-1710-org","1710",false
2543,"org1","org1rec-1710-dup-0","1710",true
2544,"org","orgrec-744-org","744",false
2545,"org1","org1rec-858-dup-0","858",true
2545,"org","orgrec-858-org","858",false
2546,"org","orgrec-51-org","51",false
2547,"org1","org1rec-4469-dup-0","4469",true
2547,"org","orgrec-4469-org","4469",false
2548,"org","orgrec-2111-org","2111",false
2548,"org1","org1rec-2111-dup-0","2111",true
2549,"org","orgrec-1270-org","1270",false
2550,"org1","org1rec-3579-dup-0","3579",true
2551,"org1","org1rec-1896-dup-0","1896",true
2552,"org1","org1rec-3434-org","3434",true
2552,"org1","org1rec-3434-dup-0","3434",true
2553,"org","orgrec-1276-org","1276",false
2553,"org1","org1rec-1276-dup-0","1276",true
2554,"org","orgrec-4257-org","4257",false
2554,"org1","org1rec-4257-dup-0","4257",true
2555,"org","orgrec-2275-org","2275",false
2555,"org1","org1rec-2275-dup-0","2275",true
2556,"org1","org1rec-450-org","450",true
2556,"org1","org1rec-450-dup-0","450",true
2557,"org1","org1rec-2720-dup-0","2720",true
2557,"org1","org1rec-2720-org","2720",true
2558,"org","orgrec-4815-org","4815",false
2559,"org","orgrec-2436-org","2436",false
2560,"org","orgrec-4322-org","4322",false
2561,"org","orgrec-4941-org","4941",false
2562,"org1","org1rec-106-org","106",true
2563,"org1","org1rec-672-dup-0","672",true
2563,"org","orgrec-672-org","672",false
2564,"org1","org1rec-4674-dup-0","4674",true
2565,"org1","org1rec-246-dup-0","246",true
2566,"org1","org1rec-4801-dup-0","4801",true
2566,"org","orgrec-4801-org","4801",false
2567,"org1","org1rec-4796-dup-0","4796",true
2567,"org1","org1rec-4796-org","4796",true
2568,"org1","org1rec-962-dup-0","962",true
2569,"org1","org1rec-368-dup-0","368",true
2570,"org1","org1rec-2645-dup-0","2645",true
2570,"org1","org1rec-2645-org","2645",true
2571,"org1","org1rec-408-dup-0","408",true
2572,"org1","org1rec-2093-dup-0","2093",true
2572,"org","orgrec-2093-org","2093",false
2573,"org","orgrec-3075-org","3075",false
2573,"org1","org1rec-3075-dup-0","3075",true
2574,"org1","org1rec-2605-dup-0","2605",true
2575,"org","orgrec-2537-org","2537",false
2576,"org1","org1rec-1416-org","1416",true
2577,"org1","org1rec-2174-dup-0","2174",true
2577,"org","orgrec-2174-org","2174",false
2578,"org1","org1rec-4454-dup-0","4454",true
2579,"org1","org1rec-2969-dup-0","2969",true
2579,"org","orgrec-2969-org","2969",false
2580,"org1","org1rec-2482-dup-0","2482",true
2580,"org","orgrec-2482-org","2482",false
2581,"org1","org1rec-3239-dup-0","3239",true
2581,"org1","org1rec-3239-org","3239",true
2582,"org","orgrec-1222-org","1222",false
2582,"org1","org1rec-1222-dup-0","1222",true
2583,"org1","org1rec-2109-org","2109",true
2584,"org1","org1rec-1164-org","1164",true
2584,"org1","org1rec-1164-dup-0","1164",true
2585,"org","orgrec-4525-org","4525",false
2585,"org1","org1rec-4525-dup-0","4525",true
2586,"org","orgrec-3234-org","3234",false
2586,"org1","org1rec-3234-dup-0","3234",true
2587,"org1","org1rec-3401-dup-0","3401",true
2587,"org","orgrec-3401-org","3401",false
2588,"org","orgrec-613-org","613",false
2588,"org1","org1rec-613-dup-0","613",true
2589,"org","orgrec-3737-org","3737",false
2589,"org1","org1rec-3737-dup-0","3737",true
2590,"org","orgrec-4036-org","4036",false
2591,"org1","org1rec-1397-dup-0","1397",true
2591,"org","orgrec-1397-org","1397",false
2592,"org1","org1rec-2173-dup-0","2173",true
2592,"org","orgrec-2173-org","2173",false
2593,"org1","org1rec-3330-dup-0","3330",true
2593,"org","orgrec-3330-org","3330",false
2594,"org1","org1rec-4327-dup-0","4327",true
2595,"org","orgrec-3767-org","3767",false
2595,"org1","org1rec-3767-dup-0","3767",true
2596,"org","orgrec-271-org","271",false
2597,"org1","org1rec-4651-dup-0","4651",true
2598,"org1","org1rec-2664-dup-0","2664",true
2599,"org","orgrec-3191-org","3191",false
2599,"org1","org1rec-3191-dup-0","3191",true
2600,"org1","org1rec-1982-dup-0","1982",true
2600,"org","orgrec-1982-org","1982",false
2601,"org1","org1rec-2168-dup-0","2168",true
2602,"org","orgrec-2778-org","2778",false
2603,"org","orgrec-2178-org","2178",false
2604,"org","orgrec-936-org","936",false
2604,"org1","org1rec-936-dup-0","936",true
2605,"org","orgrec-4264-org","4264",false
2606,"org1","org1rec-671-dup-0","671",true
2607,"org1","org1rec-4719-dup-0","4719",true
2607,"org","orgrec-4719-org","4719",false
2608,"org1","org1rec-1795-dup-0","1795",true
2609,"org1","org1rec-787-dup-0","787",true
2609,"org","orgrec-787-org","787",false
2610,"org","orgrec-4185-org","4185",false
2610,"org1","org1rec-4185-dup-0","4185",true
2611,"org1","org1rec-1377-dup-0","1377",true
2611,"org","orgrec-1377-org","1377",false
2612,"org1","org1rec-1042-dup-0","1042",true
2612,"org1","org1rec-1042-org","1042",true
2613,"org","orgrec-3185-org","3185",false
2613,"org1","org1rec-3185-dup-0","3185",true
2614,"org","orgrec-1552-org","1552",false
2614,"org1","org1rec-1552-dup-0","1552",true
2615,"org1","org1rec-2956-org","2956",true
2616,"org1","org1rec-3816-dup-0","3816",true
2617,"org1","org1rec-88-dup-0","88",true
2617,"org","orgrec-88-org","88",false
2618,"org","orgrec-3717-org","3717",false
2618,"org1","org1rec-3717-dup-0","3717",true
2619,"org","orgrec-4859-org","4859",false
2619,"org1","org1rec-4859-dup-0","4859",true
2620,"org1","org1rec-4839-org","4839",true
2621,"org1","org1rec-4983-dup-0","4983",true
2622,"org","orgrec-1755-org","1755",false
2622,"org1","org1rec-1755-dup-0","1755",true
2623,"org","orgrec-1419-org","1419",false
2624,"org1","org1rec-3784-dup-0","3784",true
2625,"org1","org1rec-3212-dup-0","3212",true
2626,"org1","org1rec-289-dup-0","289",true
2626,"org","orgrec-289-org","289",false
2627,"org1","org1rec-1250-dup-0","1250",true
2628,"org1","org1rec-1633-dup-0","1633",true
2629,"org","orgrec-4334-org","4334",false
2629,"org1","org1rec-4334-dup-0","4334",true
2630,"org1","org1rec-293-org","293",true
2631,"org1","org1rec-3721-dup-0","3721",true
2631,"org","orgrec-3721-org","3721",false
2632,"org1","org1rec-130-dup-0","130",true
2632,"org","orgrec-130-org","130",false
2633,"org","orgrec-1544-org","1544",false
2634,"org1","org1rec-287-dup-0","287",true
2634,"org1","org1rec-287-org","287",true
2635,"org1","org1rec-3969-dup-0","3969",true
2636,"org","orgrec-4032-org","4032",false
2637,"org1","org1rec-2880-dup-0","2880",true
2638,"org","orgrec-334-org","334",false
2639,"org","orgrec-979-org","979",false
2640,"org1","org1rec-4391-dup-0","4391",true
2640,"org","orgrec-4391-org","4391",false
2641,"org1","org1rec-778-dup-0","778",true
2641,"org","orgrec-778-org","778",false
2642,"org","orgrec-3147-org","3147",false
2642,"org1","org1rec-3147-dup-0","3147",true
2643,"org1","org1rec-1589-dup-0","1589",true
2643,"org","orgrec-1589-org","1589",false
2644,"org1","org1rec-2109-dup-0","2109",true
2645,"org","orgrec-905-org","905",false
2645,"org1","org1rec-905-dup-0","905",true
2646,"org1","org1rec-2783-org","2783",true
2646,"org1","org1rec-2783-dup-0","2783",true
2647,"org","orgrec-1119-org","1119",false
2647,"org1","org1rec-1119-dup-0","1119",true
2648,"org1","org1rec-4644-dup-0","4644",true
2648,"org","orgrec-4644-org","4644",false
2649,"org","orgrec-477-org","477",false
2649,"org1","org1rec-477-dup-0","477",true
2650,"org1","org1rec-2792-dup-0","2792",true
2650,"org","orgrec-2792-org","2792",false
2651,"org1","org1rec-325-dup-0","325",true
2652,"org","orgrec-3799-org","3799",false
2653,"org","orgrec-2957-org","2957",false
2653,"org1","org1rec-2957-dup-0","2957",true
2654,"org","orgrec-4566-org","4566",false
2655,"org","orgrec-2128-org","2128",false
2655,"org1","org1rec-2128-dup-0","2128",true
2656,"org1","org1rec-4087-dup-0","4087",true
2656,"org1","org1rec-4087-org","4087",true
2657,"org","orgrec-4732-org","4732",false
2658,"org1","org1rec-4456-dup-0","4456",true
2659,"org","orgrec-574-org","574",false
2659,"org1","org1rec-574-dup-0","574",true
2660,"org1","org1rec-1689-dup-0","1689",true
2660,"org","orgrec-1689-org","1689",false
2661,"org","orgrec-4562-org","4562",false
2661,"org1","org1rec-4562-dup-0","4562",true
2662,"org1","org1rec-3889-dup-0","3889",true
2662,"org","orgrec-3889-org","3889",false
2663,"org1","org1rec-4173-org","4173",true
2664,"org","orgrec-4684-org","4684",false
2665,"org","orgrec-3539-org","3539",false
2665,"org1","org1rec-3539-dup-0","3539",true
2666,"org1","org1rec-4144-dup-0","4144",true
2666,"org","orgrec-4144-org","4144",false
2667,"org","orgrec-1003-org","1003",false
2668,"org","orgrec-3923-org","3923",false
2668,"org1","org1rec-3923-dup-0","3923",true
2669,"org","orgrec-1666-org","1666",false
2670,"org1","org1rec-4698-dup-0","4698",true
2670,"org","orgrec-4698-org","4698",false
2671,"org1","org1rec-1583-dup-0","1583",true
2672,"org1","org1rec-1419-dup-0","1419",true
2673,"org1","org1rec-3231-org","3231",true
2673,"org1","org1rec-3231-dup-0","3231",true
2674,"org","orgrec-4902-org","4902",false
2674,"org1","org1rec-4902-dup-0","4902",true
2675,"org1","org1rec-2075-org","2075",true
2676,"org","orgrec-2215-org","2215",false
2677,"org","orgrec-1361-org","1361",false
2677,"org1","org1rec-1361-dup-0","1361",true
2678,"org1","org1rec-217-org","217",true
2679,"org1","org1rec-571-org","571",true
2680,"org","orgrec-3623-org","3623",false
2680,"org1","org1rec-3623-dup-0","3623",true
2681,"org","orgrec-3161-org","3161",false
2681,"org1","org1rec-3161-dup-0","3161",true
2682,"org1","org1rec-96-dup-0","96",true
2683,"org","orgrec-587-org","587",false
2683,"org1","org1rec-587-dup-0","587",true
2684,"org","orgrec-3187-org","3187",false
2685,"org","orgrec-1778-org","1778",false
2685,"org1","org1rec-1778-dup-0","1778",true
2686,"org","orgrec-4383-org","4383",false
2686,"org1","org1rec-4383-dup-0","4383",true
2687,"org1","org1rec-2528-dup-0","2528",true
2687,"org","orgrec-2528-org","2528",false
2688,"org","orgrec-4881-org","4881",false
2689,"org1","org1rec-1503-dup-0","1503",true
2689,"org1","org1rec-1503-org","1503",true
2690,"org","orgrec-1733-org","1733",false
2690,"org1","org1rec-1733-dup-0","1733",true
2691,"org1","org1rec-4388-dup-0","4388",true
2691,"org","orgrec-4388-org","4388",false
2692,"org1","org1rec-4292-dup-0","4292",true
2693,"org","orgrec-1721-org","1721",false
2694,"org","orgrec-2652-org","2652",false
2694,"org1","org1rec-2652-dup-0","2652",true
2695,"org1","org1rec-265-dup-0","265",true
2695,"org1","org1rec-265-org","265",true
2696,"org1","org1rec-3788-dup-0","3788",true
2697,"org1","org1rec-1372-dup-0","1372",true
2697,"org","orgrec-1372-org","1372",false
2698,"org","orgrec-2184-org","2184",false
2698,"org1","org1rec-2184-dup-0","2184",true
2699,"org","orgrec-1813-org","1813",false
2699,"org1","org1rec-1813-dup-0","1813",true
2700,"org1","org1rec-4529-dup-0","4529",true
2700,"org","orgrec-4529-org","4529",false
2701,"org1","org1rec-2218-dup-0","2218",true
2702,"org1","org1rec-1311-dup-0","1311",true
2702,"org","orgrec-1311-org","1311",false
2703,"org","orgrec-769-org","769",false
2703,"org1","org1rec-769-dup-0","769",true
2704,"org","orgrec-1669-org","1669",false
2705,"org","orgrec-3850-org","3850",false
2705,"org1","org1rec-3850-dup-0","3850",true
2706,"org1","org1rec-1226-dup-0","1226",true
2706,"org","orgrec-1226-org","1226",false
2707,"org","orgrec-956-org","956",false
2708,"org1","org1rec-2214-dup-0","2214",true
2708,"org","orgrec-2214-org","2214",false
2709,"org","orgrec-2992-org","2992",false
2710,"org","orgrec-4629-org","4629",false
2710,"org1","org1rec-4629-dup-0","4629",true
2711,"org1","org1rec-2145-dup-0","2145",true
2711,"org","orgrec-2145-org","2145",false
2712,"org1","org1rec-1438-dup-0","1438",true
2712,"org","orgrec-1438-org","1438",false
2713,"org1","org1rec-2911-dup-0","2911",true
2713,"org1","org1rec-2911-org","2911",true
2714,"org","orgrec-2743-org","2743",false
2715,"org","orgrec-3249-org","3249",false
2715,"org1","org1rec-3249-dup-0","3249",true
2716,"org","orgrec-3804-org","3804",false
2716,"org1","org1rec-3804-dup-0","3804",true
2717,"org","orgrec-1158-org","1158",false
2717,"org1","org1rec-1158-dup-0","1158",true
2718,"org1","org1rec-4129-org","4129",true
2718,"org1","org1rec-4129-dup-0","4129",true
2719,"org1","org1rec-4626-dup-0","4626",true
2719,"org","orgrec-4626-org","4626",false
2720,"org","orgrec-2844-org","2844",false
2721,"org","orgrec-1842-org","1842",false
2722,"org1","org1rec-2258-dup-0","2258",true
2722,"org","orgrec-2258-org","2258",false
2723,"org1","org1rec-2185-dup-0","2185",true
2723,"org","orgrec-2185-org","2185",false
2724,"org1","org1rec-683-dup-0","683",true
2724,"org1","org1rec-683-org","683",true
2725,"org","orgrec-760-org","760",false
2726,"org","orgrec-1217-org","1217",false
2726,"org1","org1rec-1217-dup-0","1217",true
2727,"org","orgrec-3684-org","3684",false
2727,"org1","org1rec-3684-dup-0","3684",true
2728,"org1","org1rec-4399-org","4399",true
2729,"org1","org1rec-4826-org","4826",true
2729,"org1","org1rec-4826-dup-0","4826",true
2730,"org1","org1rec-1807-dup-0","1807",true
2730,"org","orgrec-1807-org","1807",false
2731,"org","orgrec-734-org","734",false
2732,"org1","org1rec-2348-dup-0","2348",true
2732,"org1","org1rec-2348-org","2348",true
2733,"org","orgrec-1704-org","1704",false
2734,"org1","org1rec-508-org","508",true
2734,"org1","org1rec-508-dup-0","508",true
2735,"org1","org1rec-4592-dup-0","4592",true
2735,"org","orgrec-4592-org","4592",false
2736,"org","orgrec-3337-org","3337",false
2737,"org","orgrec-3181-org","3181",false
2738,"org1","org1rec-1747-org","1747",true
2738,"org1","org1rec-1747-dup-0","1747",true
2739,"org1","org1rec-980-org","980",true
2739,"org1","org1rec-980-dup-0","980",true
2740,"org1","org1rec-1890-dup-0","1890",true
2741,"org1","org1rec-1680-org","1680",true
2741,"org1","org1rec-1680-dup-0","1680",true
2742,"org1","org1rec-457-dup-0","457",true
2742,"org1","org1rec-457-org","457",true
2743,"org1","org1rec-127-dup-0","127",true
2743,"org1","org1rec-127-org","127",true
2744,"org1","org1rec-37-org","37",true
2744,"org1","org1rec-37-dup-0","37",true
2745,"org1","org1rec-2078-dup-0","2078",true
2746,"org","orgrec-2022-org","2022",false
2746,"org1","org1rec-2022-dup-0","2022",true
2747,"org1","org1rec-186-dup-0","186",true
2747,"org","orgrec-186-org","186",false
2748,"org1","org1rec-3704-dup-0","3704",true
2748,"org","orgrec-3704-org","3704",false
2749,"org1","org1rec-1906-dup-0","1906",true
2750,"org","orgrec-1717-org","1717",false
2751,"org1","org1rec-1128-dup-0","1128",true
2751,"org1","org1rec-1128-org","1128",true
2752,"org1","org1rec-2789-dup-0","2789",true
2753,"org1","org1rec-1017-dup-0","1017",true
2753,"org","orgrec-1017-org","1017",false
2754,"org1","org1rec-2337-dup-0","2337",true
2754,"org","orgrec-2337-org","2337",false
2755,"org1","org1rec-2775-org","2775",true
2755,"org1","org1rec-2775-dup-0","2775",true
2756,"org1","org1rec-104-dup-0","104",true
2756,"org","orgrec-104-org","104",false
2757,"org","orgrec-3002-org","3002",false
2758,"org1","org1rec-2786-dup-0","2786",true
2759,"org1","org1rec-1374-org","1374",true
2759,"org1","org1rec-1374-dup-0","1374",true
2760,"org1","org1rec-1949-dup-0","1949",true
2760,"org","orgrec-1949-org","1949",false
2761,"org1","org1rec-2896-org","2896",true
2762,"org1","org1rec-275-dup-0","275",true
2762,"org","orgrec-275-org","275",false
2763,"org1","org1rec-3022-org","3022",true
2763,"org1","org1rec-3022-dup-0","3022",true
2764,"org1","org1rec-890-dup-0","890",true
2764,"org","orgrec-890-org","890",false
2765,"org1","org1rec-3121-dup-0","3121",true
2765,"org","orgrec-3121-org","3121",false
2766,"org1","org1rec-445-dup-0","445",true
2767,"org1","org1rec-2624-dup-0","2624",true
2768,"org1","org1rec-3357-dup-0","3357",true
2769,"org","orgrec-4415-org","4415",false
2769,"org1","org1rec-4415-dup-0","4415",true
2770,"org","orgrec-4760-org","4760",false
2770,"org1","org1rec-4760-dup-0","4760",true
2771,"org1","org1rec-3693-org","3693",true
2771,"org1","org1rec-3693-dup-0","3693",true
2772,"org1","org1rec-2496-dup-0","2496",true
2773,"org","orgrec-2729-org","2729",false
2773,"org1","org1rec-2729-dup-0","2729",true
2774,"org","orgrec-3993-org","3993",false
2775,"org1","org1rec-4117-dup-0","4117",true
2776,"org","orgrec-856-org","856",false
2776,"org1","org1rec-856-dup-0","856",true
2777,"org1","org1rec-4402-dup-0","4402",true
2778,"org1","org1rec-4834-dup-0","4834",true
2778,"org","orgrec-4834-org","4834",false
2779,"org","orgrec-3224-org","3224",false
2779,"org1","org1rec-3224-dup-0","3224",true
2780,"org1","org1rec-3213-dup-0","3213",true
2781,"org","orgrec-1882-org","1882",false
2781,"org1","org1rec-1882-dup-0","1882",true
2782,"org1","org1rec-2384-dup-0","2384",true
2782,"org","orgrec-2384-org","2384",false
2783,"org1","org1rec-1963-dup-0","1963",true
2784,"org1","org1rec-3109-dup-0","3109",true
2785,"org1","org1rec-472-org","472",true
2786,"org1","org1rec-4928-dup-0","4928",true
2787,"org1","org1rec-4823-dup-0","4823",true
2787,"org","orgrec-4823-org","4823",false
2788,"org","orgrec-757-org","757",false
2789,"org","orgrec-1385-org","1385",false
2790,"org","orgrec-717-org","717",false
2791,"org1","org1rec-4207-dup-0","4207",true
2792,"org1","org1rec-57-dup-0","57",true
2793,"org","orgrec-1031-org","1031",false
2793,"org1","org1rec-1031-dup-0","1031",true
2794,"org","orgrec-2579-org","2579",false
2794,"org1","org1rec-2579-dup-0","2579",true
2795,"org","orgrec-3419-org","3419",false
2796,"org","orgrec-3291-org","3291",false
2797,"org1","org1rec-236-dup-0","236",true
2797,"org","orgrec-236-org","236",false
2798,"org1","org1rec-4716-dup-0","4716",true
2798,"org","orgrec-4716-org","4716",false
2799,"org1","org1rec-3451-dup-0","3451",true
2799,"org","orgrec-3451-org","3451",false
2800,"org","orgrec-1219-org","1219",false
2800,"org1","org1rec-1219-dup-0","1219",true
2801,"org1","org1rec-809-dup-0","809",true
2802,"org1","org1rec-3177-dup-0","3177",true
2803,"org1","org1rec-2697-org","2697",true
2804,"org","orgrec-2938-org","2938",false
2804,"org1","org1rec-2938-dup-0","2938",true
2805,"org","orgrec-3500-org","3500",false
2805,"org1","org1rec-3500-dup-0","3500",true
2806,"org1","org1rec-3470-dup-0","3470",true
2806,"org","orgrec-3470-org","3470",false
2807,"org1","org1rec-2282-dup-0","2282",true
2808,"org1","org1rec-4481-dup-0","4481",true
2809,"org","orgrec-3236-org","3236",false
2810,"org","orgrec-3405-org","3405",false
2811,"org1","org1rec-3941-dup-0","3941",true
2811,"org","orgrec-3941-org","3941",false
2812,"org","orgrec-2966-org","2966",false
2812,"org1","org1rec-2966-dup-0","2966",true
2813,"org1","org1rec-2084-dup-0","2084",true
2813,"org","orgrec-2084-org","2084",false
2814,"org1","org1rec-231-dup-0","231",true
2814,"org","orgrec-231-org","231",false
2815,"org","orgrec-3697-org","3697",false
2816,"org1","org1rec-3458-org","3458",true
2817,"org1","org1rec-4852-dup-0","4852",true
2817,"org1","org1rec-4852-org","4852",true
2818,"org","orgrec-1761-org","1761",false
2819,"org","orgrec-3486-org","3486",false
2820,"org1","org1rec-3744-dup-0","3744",true
2820,"org1","org1rec-3744-org","3744",true
2821,"org1","org1rec-2065-dup-0","2065",true
2821,"org","orgrec-2065-org","2065",false
2822,"org1","org1rec-4233-org","4233",true
2822,"org1","org1rec-4233-dup-0","4233",true
2823,"org","orgrec-17-org","17",false
2824,"org1","org1rec-3646-dup-0","3646",true
2824,"org1","org1rec-3646-org","3646",true
2825,"org1","org1rec-3790-org","3790",true
2825,"org1","org1rec-3790-dup-0","3790",true
2826,"org1","org1rec-4862-dup-0","4862",true
2827,"org","orgrec-1167-org","1167",false
2827,"org1","org1rec-1167-dup-0","1167",true
2828,"org1","org1rec-4361-dup-0","4361",true
2829,"org","orgrec-55-org","55",false
2830,"org1","org1rec-3727-org","3727",true
2830,"org1","org1rec-3727-dup-0","3727",true
2831,"org","orgrec-3020-org","3020",false
2831,"org1","org1rec-3020-dup-0","3020",true
2832,"org1","org1rec-1334-dup-0","1334",true
2832,"org1","org1rec-1334-org","1334",true
2833,"org1","org1rec-45-org","45",true
2833,"org1","org1rec-45-dup-0","45",true
2834,"org","orgrec-4726-org","4726",false
2834,"org1","org1rec-4726-dup-0","4726",true
2835,"org1","org1rec-2148-dup-0","2148",true
2835,"org1","org1rec-2148-org","2148",true
2836,"org","orgrec-2400-org","2400",false
2837,"org1","org1rec-2052-dup-0","2052",true
2838,"org1","org1rec-1327-dup-0","1327",true
2838,"org1","org1rec-1327-org","1327",true
2839,"org1","org1rec-1647-dup-0","1647",true
2839,"org","orgrec-1647-org","1647",false
2840,"org1","org1rec-1190-org","1190",true
2841,"org1","org1rec-2442-org","2442",true
2841,"org1","org1rec-2442-dup-0","2442",true
2842,"org","orgrec-3629-org","3629",false
2843,"org","orgrec-4082-org","4082",false
2843,"org1","org1rec-4082-dup-0","4082",true
2844,"org1","org1rec-4138-org","4138",true
2844,"org1","org1rec-4138-dup-0","4138",true
2845,"org1","org1rec-1007-dup-0","1007",true
2846,"org1","org1rec-3405-dup-0","3405",true
2847,"org1","org1rec-2315-org","2315",true
2848,"org","orgrec-4395-org","4395",false
2848,"org1","org1rec-4395-dup-0","4395",true
2849,"org1","org1rec-453-org","453",true
2849,"org1","org1rec-453-dup-0","453",true
2850,"org","orgrec-651-org","651",false
2850,"org1","org1rec-651-dup-0","651",true
2851,"org1","org1rec-3922-dup-0","3922",true
2851,"org","orgrec-3922-org","3922",false
2852,"org1","org1rec-1370-dup-0","1370",true
2852,"org","orgrec-1370-org","1370",false
2853,"org","orgrec-889-org","889",false
2853,"org1","org1rec-889-dup-0","889",true
2854,"org","orgrec-1804-org","1804",false
2854,"org1","org1rec-1804-dup-0","1804",true
2855,"org1","org1rec-451-dup-0","451",true
2855,"org","orgrec-451-org","451",false
2856,"org1","org1rec-2456-dup-0","2456",true
2856,"org","orgrec-2456-org","2456",false
2857,"org1","org1rec-2443-dup-0","2443",true
2857,"org","orgrec-2443-org","2443",false
2858,"org","orgrec-1344-org","1344",false
2858,"org1","org1rec-1344-dup-0","1344",true
2859,"org1","org1rec-1130-dup-0","1130",true
2859,"org","orgrec-1130-org","1130",false
2860,"org","orgrec-943-org","943",false
2860,"org1","org1rec-943-dup-0","943",true
2861,"org","orgrec-378-org","378",false
2861,"org1","org1rec-378-dup-0","378",true
2862,"org1","org1rec-3796-dup-0","3796",true
2863,"org","orgrec-1258-org","1258",false
2863,"org1","org1rec-1258-dup-0","1258",true
2864,"org1","org1rec-767-org","767",true
2864,"org1","org1rec-767-dup-0","767",true
2865,"org","orgrec-3961-org","3961",false
2865,"org1","org1rec-3961-dup-0","3961",true
2866,"org1","org1rec-1793-org","1793",true
2867,"org","orgrec-4089-org","4089",false
2867,"org1","org1rec-4089-dup-0","4089",true
2868,"org","orgrec-3712-org","3712",false
2868,"org1","org1rec-3712-dup-0","3712",true
2869,"org1","org1rec-2413-dup-0","2413",true
2869,"org","orgrec-2413-org","2413",false
2870,"org","orgrec-1789-org","1789",false
2871,"org1","org1rec-211-dup-0","211",true
2871,"org","orgrec-211-org","211",false
2872,"org","orgrec-3397-org","3397",false
2872,"org1","org1rec-3397-dup-0","3397",true
2873,"org","orgrec-1352-org","1352",false
2873,"org1","org1rec-1352-dup-0","1352",true
2874,"org","orgrec-1284-org","1284",false
2874,"org1","org1rec-1284-dup-0","1284",true
2875,"org1","org1rec-2082-dup-0","2082",true
2876,"org","orgrec-4011-org","4011",false
2876,"org1","org1rec-4011-dup-0","4011",true
2877,"org1","org1rec-833-dup-0","833",true
2878,"org1","org1rec-3981-dup-0","3981",true
2879,"org1","org1rec-3266-org","3266",true
2880,"org","orgrec-1382-org","1382",false
2880,"org1","org1rec-1382-dup-0","1382",true
2881,"org","orgrec-1376-org","1376",false
2882,"org1","org1rec-428-dup-0","428",true
2882,"org","orgrec-428-org","428",false
2883,"org1","org1rec-629-dup-0","629",true
2883,"org","orgrec-629-org","629",false
2884,"org","orgrec-2229-org","2229",false
2885,"org1","org1rec-2968-org","2968",true
2885,"org1","org1rec-2968-dup-0","2968",true
2886,"org1","org1rec-748-dup-0","748",true
2887,"org1","org1rec-2643-dup-0","2643",true
2887,"org","orgrec-2643-org","2643",false
2888,"org1","org1rec-4669-dup-0","4669",true
2888,"org","orgrec-4669-org","4669",false
2889,"org1","org1rec-929-dup-0","929",true
2889,"org","orgrec-929-org","929",false
2890,"org","orgrec-423-org","423",false
2890,"org1","org1rec-423-dup-0","423",true
2891,"org1","org1rec-4031-dup-0","4031",true
2891,"org","orgrec-4031-org","4031",false
2892,"org1","org1rec-1356-dup-0","1356",true
2892,"org","orgrec-1356-org","1356",false
2893,"org1","org1rec-227-org","227",true
2894,"org","orgrec-996-org","996",false
2894,"org1","org1rec-996-dup-0","996",true
2895,"org1","org1rec-4273-dup-0","4273",true
2896,"org","orgrec-3212-org","3212",false
2897,"org1","org1rec-547-dup-0","547",true
2897,"org1","org1rec-547-org","547",true
2898,"org1","org1rec-3308-org","3308",true
2898,"org1","org1rec-3308-dup-0","3308",true
2899,"org","orgrec-1204-org","1204",false
2899,"org1","org1rec-1204-dup-0","1204",true
2900,"org","orgrec-1896-org","1896",false
2901,"org1","org1rec-4908-dup-0","4908",true
2902,"org","orgrec-1800-org","1800",false
2902,"org1","org1rec-1800-dup-0","1800",true
2903,"org","orgrec-1611-org","1611",false
2903,"org1","org1rec-1611-dup-0","1611",true
2904,"org1","org1rec-4113-dup-0","4113",true
2904,"org1","org1rec-4113-org","4113",true
2905,"org1","org1rec-1540-dup-0","1540",true
2905,"org","orgrec-1540-org","1540",false
2906,"org","orgrec-2910-org","2910",false
2907,"org1","org1rec-4194-dup-0","4194",true
2908,"org","orgrec-2577-org","2577",false
2909,"org","orgrec-2396-org","2396",false
2909,"org1","org1rec-2396-dup-0","2396",true
2910,"org","orgrec-4292-org","4292",false
2911,"org1","org1rec-4310-org","4310",true
2911,"org1","org1rec-4310-dup-0","4310",true
2912,"org1","org1rec-309-dup-0","309",true
2912,"org","orgrec-309-org","309",false
2913,"org1","org1rec-3703-dup-0","3703",true
2914,"org1","org1rec-2852-dup-0","2852",true
2915,"org1","org1rec-3153-dup-0","3153",true
2916,"org1","org1rec-279-dup-0","279",true
2917,"org","orgrec-1950-org","1950",false
2917,"org1","org1rec-1950-dup-0","1950",true
2918,"org","orgrec-3376-org","3376",false
2918,"org1","org1rec-3376-dup-0","3376",true
2919,"org","orgrec-2203-org","2203",false
2920,"org","orgrec-3055-org","3055",false
2920,"org1","org1rec-3055-dup-0","3055",true
2921,"org1","org1rec-2577-dup-0","2577",true
2922,"org1","org1rec-154-dup-0","154",true
2923,"org1","org1rec-511-dup-0","511",true
2924,"org1","org1rec-2963-org","2963",true
2924,"org1","org1rec-2963-dup-0","2963",true
2925,"org","orgrec-13-org","13",false
2925,"org1","org1rec-13-dup-0","13",true
2926,"org1","org1rec-754-dup-0","754",true
2926,"org","orgrec-754-org","754",false
2927,"org1","org1rec-148-dup-0","148",true
2928,"org","orgrec-1427-org","1427",false
2928,"org1","org1rec-1427-dup-0","1427",true
2929,"org1","org1rec-2306-dup-0","2306",true
2929,"org","orgrec-2306-org","2306",false
2930,"org1","org1rec-3412-dup-0","3412",true
2931,"org1","org1rec-1917-dup-0","1917",true
2932,"org1","org1rec-2506-dup-0","2506",true
2933,"org","orgrec-470-org","470",false
2933,"org1","org1rec-470-dup-0","470",true
2934,"org","orgrec-4483-org","4483",false
2934,"org1","org1rec-4483-dup-0","4483",true
2935,"org","orgrec-3591-org","3591",false
2936,"org1","org1rec-4207-org","4207",true
2937,"org1","org1rec-2441-org","2441",true
2937,"org1","org1rec-2441-dup-0","2441",true
2938,"org","orgrec-2695-org","2695",false
2938,"org1","org1rec-2695-dup-0","2695",true
2939,"org1","org1rec-1721-dup-0","1721",true
2940,"org1","org1rec-2707-dup-0","2707",true
2940,"org","orgrec-2707-org","2707",false
2941,"org1","org1rec-362-dup-0","362",true
2942,"org1","org1rec-2328-dup-0","2328",true
2942,"org1","org1rec-2328-org","2328",true
2943,"org1","org1rec-222-dup-0","222",true
2943,"org","orgrec-222-org","222",false
2944,"org1","org1rec-4671-dup-0","4671",true
2945,"org1","org1rec-876-dup-0","876",true
2946,"org1","org1rec-2937-dup-0","2937",true
2946,"org","orgrec-2937-org","2937",false
2947,"org1","org1rec-1169-org","1169",true
2947,"org1","org1rec-1169-dup-0","1169",true
2948,"org","orgrec-1034-org","1034",false
2949,"org1","org1rec-1416-dup-0","1416",true
2950,"org","orgrec-1178-org","1178",false
2951,"org1","org1rec-2960-org","2960",true
2951,"org1","org1rec-2960-dup-0","2960",true
2952,"org","orgrec-1249-org","1249",false
2952,"org1","org1rec-1249-dup-0","1249",true
2953,"org1","org1rec-3236-dup-0","3236",true
2954,"org","orgrec-3602-org","3602",false
2954,"org1","org1rec-3602-dup-0","3602",true
2955,"org","orgrec-1866-org","1866",false
2955,"org1","org1rec-1866-dup-0","1866",true
2956,"org","orgrec-229-org","229",false
2956,"org1","org1rec-229-dup-0","229",true
2957,"org","orgrec-2219-org","2219",false
2958,"org1","org1rec-3851-dup-0","3851",true
2959,"org","orgrec-3324-org","3324",false
2960,"org","orgrec-4190-org","4190",false
2961,"org1","org1rec-4409-dup-0","4409",true
2961,"org","orgrec-4409-org","4409",false
2962,"org","orgrec-4333-org","4333",false
2963,"org1","org1rec-4306-dup-0","4306",true
2963,"org1","org1rec-4306-org","4306",true
2964,"org1","org1rec-276-org","276",true
2964,"org1","org1rec-276-dup-0","276",true
2965,"org","orgrec-1415-org","1415",false
2965,"org1","org1rec-1415-dup-0","1415",true
2966,"org","orgrec-4473-org","4473",false
2966,"org1","org1rec-4473-dup-0","4473",true
2967,"org","orgrec-3301-org","3301",false
2967,"org1","org1rec-3301-dup-0","3301",true
2968,"org","orgrec-4470-org","4470",false
2968,"org1","org1rec-4470-dup-0","4470",true
2969,"org1","org1rec-4762-dup-0","4762",true
2969,"org1","org1rec-4762-org","4762",true
2970,"org1","org1rec-4797-dup-0","4797",true
2970,"org","orgrec-4797-org","4797",false
2971,"org1","org1rec-3057-dup-0","3057",true
2972,"org","orgrec-1117-org","1117",false
2972,"org1","org1rec-1117-dup-0","1117",true
2973,"org1","org1rec-1999-dup-0","1999",true
2974,"org1","org1rec-4032-dup-0","4032",true
2975,"org","orgrec-3086-org","3086",false
2976,"org","orgrec-3309-org","3309",false
2977,"org","orgrec-2990-org","2990",false
2977,"org1","org1rec-2990-dup-0","2990",true
2978,"org","orgrec-1594-org","1594",false
2979,"org1","org1rec-4637-dup-0","4637",true
2979,"org","orgrec-4637-org","4637",false
2980,"org","orgrec-1810-org","1810",false
2980,"org1","org1rec-1810-dup-0","1810",true
2981,"org1","org1rec-1053-dup-0","1053",true
2982,"org1","org1rec-2072-org","2072",true
2982,"org1","org1rec-2072-dup-0","2072",true
2983,"org","orgrec-3442-org","3442",false
2983,"org1","org1rec-3442-dup-0","3442",true
2984,"org","orgrec-449-org","449",false
2985,"org1","org1rec-3279-dup-0","3279",true
2985,"org","orgrec-3279-org","3279",false
2986,"org1","org1rec-3119-dup-0","3119",true
2986,"org","orgrec-3119-org","3119",false
2987,"org","orgrec-853-org","853",false
2987,"org1","org1rec-853-dup-0","853",true
2988,"org1","org1rec-4713-dup-0","4713",true
2989,"org1","org1rec-3400-dup-0","3400",true
2990,"org1","org1rec-1842-dup-0","1842",true
2991,"org1","org1rec-3166-dup-0","3166",true
2991,"org1","org1rec-3166-org","3166",true
2992,"org","orgrec-3497-org","3497",false
2992,"org1","org1rec-3497-dup-0","3497",true
2993,"org","orgrec-4455-org","4455",false
2994,"org1","org1rec-497-dup-0","497",true
2994,"org1","org1rec-497-org","497",true
2995,"org1","org1rec-2055-dup-0","2055",true
2995,"org","orgrec-2055-org","2055",false
2996,"org1","org1rec-2161-dup-0","2161",true
2996,"org","orgrec-2161-org","2161",false
2997,"org","orgrec-3145-org","3145",false
2998,"org1","org1rec-4618-org","4618",true
2999,"org1","org1rec-2512-org","2512",true
2999,"org1","org1rec-2512-dup-0","2512",true
3000,"org","orgrec-4301-org","4301",false
3001,"org1","org1rec-2552-dup-0","2552",true
3001,"org","orgrec-2552-org","2552",false
3002,"org","orgrec-3450-org","3450",false
3002,"org1","org1rec-3450-dup-0","3450",true
3003,"org","orgrec-3769-org","3769",false
3004,"org","orgrec-1140-org","1140",false
3004,"org1","org1rec-1140-dup-0","1140",true
3005,"org1","org1rec-1454-dup-0","1454",true
3005,"org1","org1rec-1454-org","1454",true
3006,"org1","org1rec-3832-dup-0","3832",true
3007,"org","orgrec-3460-org","3460",false
3007,"org1","org1rec-3460-dup-0","3460",true
3008,"org1","org1rec-4879-dup-0","4879",true
3008,"org","orgrec-4879-org","4879",false
3009,"org1","org1rec-3631-org","3631",true
3009,"org1","org1rec-3631-dup-0","3631",true
3010,"org1","org1rec-2478-org","2478",true
3010,"org1","org1rec-2478-dup-0","2478",true
3011,"org","orgrec-3417-org","3417",false
3011,"org1","org1rec-3417-dup-0","3417",true
3012,"org1","org1rec-1580-dup-0","1580",true
3012,"org","orgrec-1580-org","1580",false
3013,"org","orgrec-1262-org","1262",false
3013,"org1","org1rec-1262-dup-0","1262",true
3014,"org1","org1rec-1979-org","1979",true
3014,"org1","org1rec-1979-dup-0","1979",true
3015,"org","orgrec-2227-org","2227",false
3016,"org1","org1rec-2710-dup-0","2710",true
3016,"org","orgrec-2710-org","2710",false
3017,"org1","org1rec-4262-dup-0","4262",true
3018,"org","orgrec-3527-org","3527",false
3018,"org1","org1rec-3527-dup-0","3527",true
3019,"org1","org1rec-4798-dup-0","4798",true
3020,"org1","org1rec-961-org","961",true
3020,"org1","org1rec-961-dup-0","961",true
3021,"org1","org1rec-2399-dup-0","2399",true
3021,"org","orgrec-2399-org","2399",false
3022,"org1","org1rec-4664-dup-0","4664",true
3022,"org","orgrec-4664-org","4664",false
3023,"org","orgrec-2147-org","2147",false
3024,"org1","org1rec-969-dup-0","969",true
3024,"org1","org1rec-969-org","969",true
3025,"org","orgrec-3007-org","3007",false
3025,"org1","org1rec-3007-dup-0","3007",true
3026,"org","orgrec-1875-org","1875",false
3027,"org1","org1rec-3953-dup-0","3953",true
3027,"org1","org1rec-3953-org","3953",true
3028,"org1","org1rec-4627-dup-0","4627",true
3028,"org","orgrec-4627-org","4627",false
3029,"org1","org1rec-4556-org","4556",true
3029,"org1","org1rec-4556-dup-0","4556",true
3030,"org1","org1rec-2430-dup-0","2430",true
3030,"org","orgrec-2430-org","2430",false
3031,"org1","org1rec-3024-dup-0","3024",true
3031,"org","orgrec-3024-org","3024",false
3032,"org","orgrec-1995-org","1995",false
3033,"org1","org1rec-2357-dup-0","2357",true
3033,"org1","org1rec-2357-org","2357",true
3034,"org1","org1rec-1570-dup-0","1570",true
3035,"org","orgrec-1720-org","1720",false
3035,"org1","org1rec-1720-dup-0","1720",true
3036,"org1","org1rec-1235-org","1235",true
3036,"org1","org1rec-1235-dup-0","1235",true
3037,"org1","org1rec-212-org","212",true
3037,"org1","org1rec-212-dup-0","212",true
3038,"org1","org1rec-4542-dup-0","4542",true
3039,"org1","org1rec-4357-dup-0","4357",true
3039,"org","orgrec-4357-org","4357",false
3040,"org1","org1rec-797-org","797",true
3040,"org1","org1rec-797-dup-0","797",true
3041,"org","orgrec-4261-org","4261",false
3041,"org1","org1rec-4261-dup-0","4261",true
3042,"org1","org1rec-3979-dup-0","3979",true
3042,"org","orgrec-3979-org","3979",false
3043,"org","orgrec-4731-org","4731",false
3043,"org1","org1rec-4731-dup-0","4731",true
3044,"org1","org1rec-1365-dup-0","1365",true
3044,"org","orgrec-1365-org","1365",false
3045,"org1","org1rec-675-dup-0","675",true
3045,"org","orgrec-675-org","675",false
3046,"org1","org1rec-803-org","803",true
3046,"org1","org1rec-803-dup-0","803",true
3047,"org","orgrec-1884-org","1884",false
3048,"org1","org1rec-2764-dup-0","2764",true
3049,"org1","org1rec-712-org","712",true
3049,"org1","org1rec-712-dup-0","712",true
3050,"org1","org1rec-293-dup-0","293",true
3051,"org1","org1rec-383-dup-0","383",true
3052,"org","orgrec-3466-org","3466",false
3052,"org1","org1rec-3466-dup-0","3466",true
3053,"org","orgrec-2791-org","2791",false
3054,"org","orgrec-3766-org","3766",false
3054,"org1","org1rec-3766-dup-0","3766",true
3055,"org","orgrec-3776-org","3776",false
3056,"org1","org1rec-1620-org","1620",true
3056,"org1","org1rec-1620-dup-0","1620",true
3057,"org1","org1rec-1941-dup-0","1941",true
3058,"org1","org1rec-1887-dup-0","1887",true
3058,"org1","org1rec-1887-org","1887",true
3059,"org","orgrec-3325-org","3325",false
3059,"org1","org1rec-3325-dup-0","3325",true
3060,"org","orgrec-2848-org","2848",false
3060,"org1","org1rec-2848-dup-0","2848",true
3061,"org1","org1rec-2104-dup-0","2104",true
3061,"org","orgrec-2104-org","2104",false
3062,"org1","org1rec-2368-dup-0","2368",true
3063,"org1","org1rec-2034-dup-0","2034",true
3064,"org","orgrec-1505-org","1505",false
3065,"org","orgrec-2589-org","2589",false
3066,"org","orgrec-1872-org","1872",false
3067,"org","orgrec-331-org","331",false
3067,"org1","org1rec-331-dup-0","331",true
3068,"org","orgrec-4462-org","4462",false
3069,"org1","org1rec-4017-dup-0","4017",true
3070,"org1","org1rec-340-dup-0","340",true
3070,"org1","org1rec-340-org","340",true
3071,"org","orgrec-192-org","192",false
3072,"org","orgrec-2941-org","2941",false
3073,"org","orgrec-4748-org","4748",false
3073,"org1","org1rec-4748-dup-0","4748",true
3074,"org","orgrec-4244-org","4244",false
3074,"org1","org1rec-4244-dup-0","4244",true
3075,"org","orgrec-681-org","681",false
3076,"org","orgrec-758-org","758",false
3076,"org1","org1rec-758-dup-0","758",true
3077,"org1","org1rec-3372-dup-0","3372",true
3077,"org","orgrec-3372-org","3372",false
3078,"org","orgrec-938-org","938",false
3078,"org1","org1rec-938-dup-0","938",true
3079,"org1","org1rec-522-dup-0","522",true
3079,"org","orgrec-522-org","522",false
3080,"org1","org1rec-3482-org","3482",true
3080,"org1","org1rec-3482-dup-0","3482",true
3081,"org1","org1rec-2571-dup-0","2571",true
3082,"org","orgrec-3222-org","3222",false
3083,"org","orgrec-1939-org","1939",false
3083,"org1","org1rec-1939-dup-0","1939",true
3084,"org","orgrec-4977-org","4977",false
3085,"org1","org1rec-1366-dup-0","1366",true
3086,"org","orgrec-2801-org","2801",false
3086,"org1","org1rec-2801-dup-0","2801",true
3087,"org","orgrec-1792-org","1792",false
3087,"org1","org1rec-1792-dup-0","1792",true
3088,"org1","org1rec-3729-dup-0","3729",true
3089,"org1","org1rec-1912-dup-0","1912",true
3089,"org","orgrec-1912-org","1912",false
3090,"org","orgrec-417-org","417",false
3091,"org1","org1rec-3713-dup-0","3713",true
3091,"org","orgrec-3713-org","3713",false
3092,"org","orgrec-4254-org","4254",false
3093,"org1","org1rec-1861-dup-0","1861",true
3093,"org","orgrec-1861-org","1861",false
3094,"org1","org1rec-2815-dup-0","2815",true
3094,"org","orgrec-2815-org","2815",false
3095,"org1","org1rec-2361-dup-0","2361",true
3096,"org","orgrec-663-org","663",false
3096,"org1","org1rec-663-dup-0","663",true
3097,"org","orgrec-3695-org","3695",false
3097,"org1","org1rec-3695-dup-0","3695",true
3098,"org","orgrec-2920-org","2920",false
3098,"org1","org1rec-2920-dup-0","2920",true
3099,"org1","org1rec-182-dup-0","182",true
3100,"org1","org1rec-266-org","266",true
3100,"org1","org1rec-266-dup-0","266",true
3101,"org1","org1rec-99-dup-0","99",true
3102,"org1","org1rec-4379-org","4379",true
3102,"org1","org1rec-4379-dup-0","4379",true
3103,"org1","org1rec-1748-dup-0","1748",true
3103,"org","orgrec-1748-org","1748",false
3104,"org","orgrec-3785-org","3785",false
3104,"org1","org1rec-3785-dup-0","3785",true
3105,"org1","org1rec-1413-org","1413",true
3105,"org1","org1rec-1413-dup-0","1413",true
3106,"org","orgrec-306-org","306",false
3106,"org1","org1rec-306-dup-0","306",true
3107,"org1","org1rec-4634-org","4634",true
3107,"org1","org1rec-4634-dup-0","4634",true
3108,"org1","org1rec-1384-dup-0","1384",true
3108,"org","orgrec-1384-org","1384",false
3109,"org1","org1rec-4333-dup-0","4333",true
3110,"org","orgrec-2770-org","2770",false
3111,"org1","org1rec-1124-dup-0","1124",true
3111,"org","orgrec-1124-org","1124",false
3112,"org1","org1rec-3696-org","3696",true
3113,"org1","org1rec-3392-dup-0","3392",true
3114,"org","orgrec-684-org","684",false
3115,"org","orgrec-148-org","148",false
3116,"org","orgrec-1726-org","1726",false
3116,"org1","org1rec-1726-dup-0","1726",true
3117,"org1","org1rec-2773-dup-0","2773",true
3117,"org","orgrec-2773-org","2773",false
3118,"org1","org1rec-2497-dup-0","2497",true
3119,"org1","org1rec-272-org","272",true
3119,"org1","org1rec-272-dup-0","272",true
3120,"org","orgrec-1828-org","1828",false
3120,"org1","org1rec-1828-dup-0","1828",true
3121,"org1","org1rec-4387-dup-0","4387",true
3121,"org1","org1rec-4387-org","4387",true
3122,"org1","org1rec-2943-dup-0","2943",true
3123,"org1","org1rec-831-dup-0","831",true
3123,"org","orgrec-831-org","831",false
3124,"org1","org1rec-486-dup-0","486",true
3124,"org","orgrec-486-org","486",false
3125,"org1","org1rec-4605-dup-0","4605",true
3125,"org1","org1rec-4605-org","4605",true
3126,"org1","org1rec-1794-dup-0","1794",true
3126,"org","orgrec-1794-org","1794",false
3127,"org1","org1rec-4742-dup-0","4742",true
3127,"org","orgrec-4742-org","4742",false
3128,"org1","org1rec-2123-dup-0","2123",true
3129,"org1","org1rec-2199-dup-0","2199",true
3129,"org1","org1rec-2199-org","2199",true
3130,"org1","org1rec-2492-dup-0","2492",true
3130,"org","orgrec-2492-org","2492",false
3131,"org","orgrec-2685-org","2685",false
3132,"org1","org1rec-3050-dup-0","3050",true
3132,"org","orgrec-3050-org","3050",false
3133,"org1","org1rec-3110-org","3110",true
3133,"org1","org1rec-3110-dup-0","3110",true
3134,"org1","org1rec-1629-dup-0","1629",true
3134,"org","orgrec-1629-org","1629",false
3135,"org1","org1rec-136-dup-0","136",true
3135,"org","orgrec-136-org","136",false
3136,"org1","org1rec-366-dup-0","366",true
3136,"org","orgrec-366-org","366",false
3137,"org1","org1rec-3141-dup-0","3141",true
3137,"org","orgrec-3141-org","3141",false
3138,"org","orgrec-1109-org","1109",false
3139,"org1","org1rec-3449-dup-0","3449",true
3139,"org1","org1rec-3449-org","3449",true
3140,"org","orgrec-3464-org","3464",false
3141,"org1","org1rec-1141-dup-0","1141",true
3142,"org1","org1rec-4002-dup-0","4002",true
3142,"org","orgrec-4002-org","4002",false
3143,"org1","org1rec-677-dup-0","677",true
3144,"org","orgrec-2841-org","2841",false
3145,"org","orgrec-2874-org","2874",false
3145,"org1","org1rec-2874-dup-0","2874",true
3146,"org1","org1rec-3807-org","3807",true
3146,"org1","org1rec-3807-dup-0","3807",true
3147,"org","orgrec-322-org","322",false
3148,"org1","org1rec-821-dup-0","821",true
3148,"org","orgrec-821-org","821",false
3149,"org1","org1rec-1663-dup-0","1663",true
3149,"org","orgrec-1663-org","1663",false
3150,"org1","org1rec-3609-org","3609",true
3151,"org","orgrec-4403-org","4403",false
3151,"org1","org1rec-4403-dup-0","4403",true
3152,"org","orgrec-3787-org","3787",false
3153,"org1","org1rec-1159-dup-0","1159",true
3153,"org1","org1rec-1159-org","1159",true
3154,"org","orgrec-348-org","348",false
3154,"org1","org1rec-348-dup-0","348",true
3155,"org","orgrec-4924-org","4924",false
3156,"org1","org1rec-1065-org","1065",true
3156,"org1","org1rec-1065-dup-0","1065",true
3157,"org1","org1rec-1203-dup-0","1203",true
3157,"org","orgrec-1203-org","1203",false
3158,"org1","org1rec-2655-dup-0","2655",true
3158,"org","orgrec-2655-org","2655",false
3159,"org1","org1rec-3205-dup-0","3205",true
3159,"org1","org1rec-3205-org","3205",true
3160,"org","orgrec-4406-org","4406",false
3160,"org1","org1rec-4406-dup-0","4406",true
3161,"org1","org1rec-3304-dup-0","3304",true
3162,"org1","org1rec-1086-org","1086",true
3162,"org1","org1rec-1086-dup-0","1086",true
3163,"org","orgrec-4417-org","4417",false
3163,"org1","org1rec-4417-dup-0","4417",true
3164,"org1","org1rec-125-dup-0","125",true
3165,"org1","org1rec-3928-dup-0","3928",true
3166,"org","orgrec-1458-org","1458",false
3166,"org1","org1rec-1458-dup-0","1458",true
3167,"org1","org1rec-2894-dup-0","2894",true
3167,"org","orgrec-2894-org","2894",false
3168,"org1","org1rec-2612-org","2612",true
3168,"org1","org1rec-2612-dup-0","2612",true
3169,"org","orgrec-1757-org","1757",false
3169,"org1","org1rec-1757-dup-0","1757",true
3170,"org","orgrec-4213-org","4213",false
3171,"org1","org1rec-2624-org","2624",true
3172,"org","orgrec-2868-org","2868",false
3172,"org1","org1rec-2868-dup-0","2868",true
3173,"org1","org1rec-2782-dup-0","2782",true
3173,"org1","org1rec-2782-org","2782",true
3174,"org","orgrec-441-org","441",false
3175,"org","orgrec-1305-org","1305",false
3176,"org1","org1rec-3348-dup-0","3348",true
3176,"org","orgrec-3348-org","3348",false
3177,"org1","org1rec-3954-dup-0","3954",true
3177,"org1","org1rec-3954-org","3954",true
3178,"org1","org1rec-4959-dup-0","4959",true
3178,"org1","org1rec-4959-org","4959",true
3179,"org1","org1rec-3463-org","3463",true
3180,"org","orgrec-933-org","933",false
3180,"org1","org1rec-933-dup-0","933",true
3181,"org1","org1rec-2108-dup-0","2108",true
3182,"org1","org1rec-2212-dup-0","2212",true
3183,"org1","org1rec-2285-dup-0","2285",true
3184,"org","orgrec-4294-org","4294",false
3184,"org1","org1rec-4294-dup-0","4294",true
3185,"org","orgrec-2827-org","2827",false
3185,"org1","org1rec-2827-dup-0","2827",true
3186,"org","orgrec-607-org","607",false
3187,"org1","org1rec-3839-dup-0","3839",true
3188,"org1","org1rec-4426-dup-0","4426",true
3188,"org","orgrec-4426-org","4426",false
3189,"org1","org1rec-3843-dup-0","3843",true
3190,"org","orgrec-4162-org","4162",false
3190,"org1","org1rec-4162-dup-0","4162",true
3191,"org1","org1rec-3995-dup-0","3995",true
3191,"org","orgrec-3995-org","3995",false
3192,"org1","org1rec-846-dup-0","846",true
3192,"org","orgrec-846-org","846",false
3193,"org","orgrec-2253-org","2253",false
3194,"org","orgrec-1335-org","1335",false
3194,"org1","org1rec-1335-dup-0","1335",true
3195,"org1","org1rec-2580-org","2580",true
3195,"org1","org1rec-2580-dup-0","2580",true
3196,"org","orgrec-2593-org","2593",false
3197,"org1","org1rec-162-dup-0","162",true
3197,"org","orgrec-162-org","162",false
3198,"org","orgrec-1781-org","1781",false
3199,"org1","org1rec-1871-dup-0","1871",true
3199,"org1","org1rec-1871-org","1871",true
3200,"org","orgrec-800-org","800",false
3201,"org1","org1rec-2541-dup-0","2541",true
3201,"org","orgrec-2541-org","2541",false
3202,"org","orgrec-4217-org","4217",false
3202,"org1","org1rec-4217-dup-0","4217",true
3203,"org","orgrec-799-org","799",false
3203,"org1","org1rec-799-dup-0","799",true
3204,"org1","org1rec-1876-dup-0","1876",true
3204,"org","orgrec-1876-org","1876",false
3205,"org","orgrec-3496-org","3496",false
3205,"org1","org1rec-3496-dup-0","3496",true
3206,"org1","org1rec-4007-dup-0","4007",true
3206,"org","orgrec-4007-org","4007",false
3207,"org1","org1rec-2225-org","2225",true
3207,"org1","org1rec-2225-dup-0","2225",true
3208,"org1","org1rec-3283-dup-0","3283",true
3209,"org1","org1rec-2359-dup-0","2359",true
3209,"org","orgrec-2359-org","2359",false
3210,"org1","org1rec-2017-dup-0","2017",true
3211,"org1","org1rec-4566-dup-0","4566",true
3212,"org1","org1rec-4224-dup-0","4224",true
3212,"org","orgrec-4224-org","4224",false
3213,"org","orgrec-4503-org","4503",false
3213,"org1","org1rec-4503-dup-0","4503",true
3214,"org","orgrec-1116-org","1116",false
3214,"org1","org1rec-1116-dup-0","1116",true
3215,"org1","org1rec-2958-dup-0","2958",true
3215,"org","orgrec-2958-org","2958",false
3216,"org1","org1rec-2789-org","2789",true
3217,"org1","org1rec-4212-dup-0","4212",true
3217,"org","orgrec-4212-org","4212",false
3218,"org1","org1rec-864-dup-0","864",true
3218,"org","orgrec-864-org","864",false
3219,"org","orgrec-2636-org","2636",false
3220,"org","orgrec-4486-org","4486",false
3221,"org1","org1rec-2856-dup-0","2856",true
3221,"org","orgrec-2856-org","2856",false
3222,"org1","org1rec-2686-dup-0","2686",true
3222,"org","orgrec-2686-org","2686",false
3223,"org1","org1rec-4921-dup-0","4921",true
3224,"org1","org1rec-303-dup-0","303",true
3224,"org","orgrec-303-org","303",false
3225,"org","orgrec-4344-org","4344",false
3225,"org1","org1rec-4344-dup-0","4344",true
3226,"org1","org1rec-2676-dup-0","2676",true
3227,"org1","org1rec-2458-org","2458",true
3227,"org1","org1rec-2458-dup-0","2458",true
3228,"org","orgrec-4491-org","4491",false
3229,"org","orgrec-4227-org","4227",false
3230,"org","orgrec-2497-org","2497",false
3231,"org1","org1rec-2719-dup-0","2719",true
3232,"org1","org1rec-4697-org","4697",true
3233,"org1","org1rec-2405-dup-0","2405",true
3233,"org","orgrec-2405-org","2405",false
3234,"org1","org1rec-195-org","195",true
3235,"org","orgrec-161-org","161",false
3236,"org1","org1rec-144-dup-0","144",true
3236,"org","orgrec-144-org","144",false
3237,"org","orgrec-2543-org","2543",false
3237,"org1","org1rec-2543-dup-0","2543",true
3238,"org","orgrec-492-org","492",false
3239,"org","orgrec-4088-org","4088",false
3240,"org","orgrec-4053-org","4053",false
3240,"org1","org1rec-4053-dup-0","4053",true
3241,"org1","org1rec-579-dup-0","579",true
3241,"org1","org1rec-579-org","579",true
3242,"org1","org1rec-4901-org","4901",true
3243,"org","orgrec-1286-org","1286",false
3243,"org1","org1rec-1286-dup-0","1286",true
3244,"org","orgrec-1727-org","1727",false
3244,"org1","org1rec-1727-dup-0","1727",true
3245,"org1","org1rec-237-dup-0","237",true
3245,"org","orgrec-237-org","237",false
3246,"org1","org1rec-2038-org","2038",true
3246,"org1","org1rec-2038-dup-0","2038",true
3247,"org","orgrec-3061-org","3061",false
3248,"org","orgrec-1619-org","1619",false
3248,"org1","org1rec-1619-dup-0","1619",true
3249,"org1","org1rec-3495-dup-0","3495",true
3249,"org","orgrec-3495-org","3495",false
3250,"org1","org1rec-4861-dup-0","4861",true
3250,"org","orgrec-4861-org","4861",false
3251,"org1","org1rec-2930-org","2930",true
3251,"org1","org1rec-2930-dup-0","2930",true
3252,"org1","org1rec-1144-dup-0","1144",true
3252,"org","orgrec-1144-org","1144",false
3253,"org1","org1rec-1221-dup-0","1221",true
3253,"org1","org1rec-1221-org","1221",true
3254,"org1","org1rec-2992-dup-0","2992",true
3255,"org","orgrec-125-org","125",false
3256,"org","orgrec-2070-org","2070",false
3256,"org1","org1rec-2070-dup-0","2070",true
3257,"org1","org1rec-1808-dup-0","1808",true
3257,"org","orgrec-1808-org","1808",false
3258,"org","orgrec-1966-org","1966",false
3259,"org","orgrec-876-org","876",false
3260,"org1","org1rec-2845-org","2845",true
3260,"org1","org1rec-2845-dup-0","2845",true
3261,"org","orgrec-360-org","360",false
3261,"org1","org1rec-360-dup-0","360",true
3262,"org1","org1rec-1902-dup-0","1902",true
3262,"org","orgrec-1902-org","1902",false
3263,"org1","org1rec-2295-org","2295",true
3263,"org1","org1rec-2295-dup-0","2295",true
3264,"org","orgrec-761-org","761",false
3264,"org1","org1rec-761-dup-0","761",true
3265,"org","orgrec-2689-org","2689",false
3266,"org1","org1rec-3203-dup-0","3203",true
3266,"org1","org1rec-3203-org","3203",true
3267,"org1","org1rec-3743-dup-0","3743",true
3268,"org","orgrec-1926-org","1926",false
3269,"org1","org1rec-3101-dup-0","3101",true
3270,"org1","org1rec-2941-dup-0","2941",true
3271,"org","orgrec-3874-org","3874",false
3271,"org1","org1rec-3874-dup-0","3874",true
3272,"org1","org1rec-3159-dup-0","3159",true
3273,"org","orgrec-292-org","292",false
3273,"org1","org1rec-292-dup-0","292",true
3274,"org1","org1rec-1673-dup-0","1673",true
3274,"org","orgrec-1673-org","1673",false
3275,"org1","org1rec-2847-dup-0","2847",true
3275,"org1","org1rec-2847-org","2847",true
3276,"org","orgrec-2141-org","2141",false
3276,"org1","org1rec-2141-dup-0","2141",true
3277,"org1","org1rec-3689-dup-0","3689",true
3278,"org1","org1rec-4120-dup-0","4120",true
3279,"org","orgrec-1459-org","1459",false
3279,"org1","org1rec-1459-dup-0","1459",true
3280,"org1","org1rec-3511-dup-0","3511",true
3281,"org","orgrec-3974-org","3974",false
3281,"org1","org1rec-3974-dup-0","3974",true
3282,"org1","org1rec-1898-dup-0","1898",true
3283,"org1","org1rec-1083-dup-0","1083",true
3284,"org1","org1rec-3195-dup-0","3195",true
3285,"org1","org1rec-3666-dup-0","3666",true
3286,"org1","org1rec-3614-dup-0","3614",true
3286,"org","orgrec-3614-org","3614",false
3287,"org1","org1rec-4842-dup-0","4842",true
3287,"org","orgrec-4842-org","4842",false
3288,"org1","org1rec-2629-dup-0","2629",true
3289,"org1","org1rec-2031-org","2031",true
3290,"org1","org1rec-1703-dup-0","1703",true
3290,"org","orgrec-1703-org","1703",false
3291,"org1","org1rec-1744-dup-0","1744",true
3291,"org","orgrec-1744-org","1744",false
3292,"org1","org1rec-4091-dup-0","4091",true
3292,"org1","org1rec-4091-org","4091",true
3293,"org1","org1rec-4757-dup-0","4757",true
3293,"org","orgrec-4757-org","4757",false
3294,"org","orgrec-4545-org","4545",false
3294,"org1","org1rec-4545-dup-0","4545",true
3295,"org1","org1rec-195-dup-0","195",true
3296,"org1","org1rec-1216-dup-0","1216",true
3296,"org","orgrec-1216-org","1216",false
3297,"org1","org1rec-4078-dup-0","4078",true
3297,"org1","org1rec-4078-org","4078",true
3298,"org1","org1rec-694-dup-0","694",true
3299,"org","orgrec-1601-org","1601",false
3299,"org1","org1rec-1601-dup-0","1601",true
3300,"org","orgrec-735-org","735",false
3300,"org1","org1rec-735-dup-0","735",true
3301,"org","orgrec-2619-org","2619",false
3301,"org1","org1rec-2619-dup-0","2619",true
3302,"org1","org1rec-2034-org","2034",true
3303,"org1","org1rec-1095-dup-0","1095",true
3304,"org1","org1rec-1529-dup-0","1529",true
3305,"org1","org1rec-1423-org","1423",true
3306,"org","orgrec-502-org","502",false
3306,"org1","org1rec-502-dup-0","502",true
3307,"org1","org1rec-4175-org","4175",true
3307,"org1","org1rec-4175-dup-0","4175",true
3308,"org1","org1rec-4543-dup-0","4543",true
3308,"org","orgrec-4543-org","4543",false
3309,"org","orgrec-944-org","944",false
3310,"org","orgrec-4833-org","4833",false
3311,"org1","org1rec-3393-dup-0","3393",true
3311,"org","orgrec-3393-org","3393",false
3312,"org","orgrec-3763-org","3763",false
3312,"org1","org1rec-3763-dup-0","3763",true
3313,"org1","org1rec-2750-dup-0","2750",true
3313,"org","orgrec-2750-org","2750",false
3314,"org1","org1rec-1960-dup-0","1960",true
3314,"org1","org1rec-1960-org","1960",true
3315,"org","orgrec-2493-org","2493",false
3316,"org1","org1rec-4580-dup-0","4580",true
3316,"org1","org1rec-4580-org","4580",true
3317,"org","orgrec-4755-org","4755",false
3318,"org","orgrec-1758-org","1758",false
3318,"org1","org1rec-1758-dup-0","1758",true
3319,"org","orgrec-4492-org","4492",false
3319,"org1","org1rec-4492-dup-0","4492",true
3320,"org","orgrec-40-org","40",false
3320,"org1","org1rec-40-dup-0","40",true
3321,"org1","org1rec-762-dup-0","762",true
3321,"org","orgrec-762-org","762",false
3322,"org1","org1rec-3503-dup-0","3503",true
3322,"org","orgrec-3503-org","3503",false
3323,"org","orgrec-4706-org","4706",false
3323,"org1","org1rec-4706-dup-0","4706",true
3324,"org1","org1rec-69-org","69",true
3324,"org1","org1rec-69-dup-0","69",true
3325,"org1","org1rec-4252-dup-0","4252",true
3326,"org1","org1rec-90-org","90",true
3326,"org1","org1rec-90-dup-0","90",true
3327,"org1","org1rec-3582-dup-0","3582",true
3327,"org","orgrec-3582-org","3582",false
3328,"org","orgrec-15-org","15",false
3328,"org1","org1rec-15-dup-0","15",true
3329,"org","orgrec-3398-org","3398",false
3329,"org1","org1rec-3398-dup-0","3398",true
3330,"org1","org1rec-2841-dup-0","2841",true
3331,"org1","org1rec-1539-dup-0","1539",true
3332,"org","orgrec-4983-org","4983",false
3333,"org","orgrec-1751-org","1751",false
3333,"org1","org1rec-1751-dup-0","1751",true
3334,"org","orgrec-2309-org","2309",false
3334,"org1","org1rec-2309-dup-0","2309",true
3335,"org","orgrec-3973-org","3973",false
3335,"org1","org1rec-3973-dup-0","3973",true
3336,"org","orgrec-967-org","967",false
3336,"org1","org1rec-967-dup-0","967",true
3337,"org1","org1rec-1562-org","1562",true
3337,"org1","org1rec-1562-dup-0","1562",true
3338,"org1","org1rec-4770-dup-0","4770",true
3338,"org1","org1rec-4770-org","4770",true
3339,"org","orgrec-4540-org","4540",false
3339,"org1","org1rec-4540-dup-0","4540",true
3340,"org1","org1rec-3229-dup-0","3229",true
3340,"org1","org1rec-3229-org","3229",true
3341,"org","orgrec-1242-org","1242",false
3341,"org1","org1rec-1242-dup-0","1242",true
3342,"org1","org1rec-3175-dup-0","3175",true
3342,"org","orgrec-3175-org","3175",false
3343,"org1","org1rec-992-dup-0","992",true
3344,"org1","org1rec-4504-dup-0","4504",true
3344,"org","orgrec-4504-org","4504",false
3345,"org","orgrec-1941-org","1941",false
3346,"org","orgrec-4454-org","4454",false
3347,"org1","org1rec-1754-dup-0","1754",true
3347,"org","orgrec-1754-org","1754",false
3348,"org","orgrec-3254-org","3254",false
3348,"org1","org1rec-3254-dup-0","3254",true
3349,"org","orgrec-642-org","642",false
3349,"org1","org1rec-642-dup-0","642",true
3350,"org1","org1rec-1371-org","1371",true
3350,"org1","org1rec-1371-dup-0","1371",true
3351,"org1","org1rec-1176-dup-0","1176",true
3351,"org1","org1rec-1176-org","1176",true
3352,"org","orgrec-3972-org","3972",false
3353,"org","orgrec-1919-org","1919",false
3353,"org1","org1rec-1919-dup-0","1919",true
3354,"org","orgrec-295-org","295",false
3354,"org1","org1rec-295-dup-0","295",true
3355,"org1","org1rec-1291-dup-0","1291",true
3355,"org","orgrec-1291-org","1291",false
3356,"org1","org1rec-506-dup-0","506",true
3356,"org","orgrec-506-org","506",false
3357,"org1","org1rec-4817-dup-0","4817",true
3358,"org1","org1rec-2182-org","2182",true
3358,"org1","org1rec-2182-dup-0","2182",true
3359,"org","orgrec-1313-org","1313",false
3359,"org1","org1rec-1313-dup-0","1313",true
3360,"org1","org1rec-750-dup-0","750",true
3361,"org","orgrec-418-org","418",false
3361,"org1","org1rec-418-dup-0","418",true
3362,"org1","org1rec-2257-dup-0","2257",true
3363,"org1","org1rec-3182-dup-0","3182",true
3363,"org","orgrec-3182-org","3182",false
3364,"org","orgrec-2586-org","2586",false
3364,"org1","org1rec-2586-dup-0","2586",true
3365,"org1","org1rec-1079-dup-0","1079",true
3365,"org","orgrec-1079-org","1079",false
3366,"org1","org1rec-1456-dup-0","1456",true
3366,"org","orgrec-1456-org","1456",false
3367,"org","orgrec-4546-org","4546",false
3368,"org1","org1rec-1303-dup-0","1303",true
3368,"org","orgrec-1303-org","1303",false
3369,"org1","org1rec-3696-dup-0","3696",true
3370,"org1","org1rec-542-dup-0","542",true
3371,"org","orgrec-2319-org","2319",false
3372,"org1","org1rec-2923-dup-0","2923",true
3373,"org","orgrec-2103-org","2103",false
3374,"org","orgrec-848-org","848",false
3375,"org1","org1rec-2601-org","2601",true
3376,"org1","org1rec-2988-dup-0","2988",true
3377,"org1","org1rec-4962-dup-0","4962",true
3378,"org1","org1rec-177-dup-0","177",true
3378,"org1","org1rec-177-org","177",true
3379,"org1","org1rec-2818-dup-0","2818",true
3379,"org1","org1rec-2818-org","2818",true
3380,"org","orgrec-3921-org","3921",false
3380,"org1","org1rec-3921-dup-0","3921",true
3381,"org1","org1rec-911-dup-0","911",true
3381,"org","orgrec-911-org","911",false
3382,"org","orgrec-841-org","841",false
3382,"org1","org1rec-841-dup-0","841",true
3383,"org1","org1rec-3819-dup-0","3819",true
3384,"org1","org1rec-3543-dup-0","3543",true
3384,"org","orgrec-3543-org","3543",false
3385,"org1","org1rec-2272-org","2272",true
3386,"org","orgrec-533-org","533",false
3386,"org1","org1rec-533-dup-0","533",true
3387,"org1","org1rec-4743-dup-0","4743",true
3388,"org1","org1rec-1102-dup-0","1102",true
3389,"org","orgrec-93-org","93",false
3389,"org1","org1rec-93-dup-0","93",true
3390,"org1","org1rec-4462-dup-0","4462",true
3391,"org1","org1rec-1213-dup-0","1213",true
3391,"org","orgrec-1213-org","1213",false
3392,"org","orgrec-2208-org","2208",false
3392,"org1","org1rec-2208-dup-0","2208",true
3393,"org1","org1rec-1895-dup-0","1895",true
3394,"org1","org1rec-4772-dup-0","4772",true
3395,"org","orgrec-3439-org","3439",false
3395,"org1","org1rec-3439-dup-0","3439",true
3396,"org1","org1rec-436-org","436",true
3396,"org1","org1rec-436-dup-0","436",true
3397,"org1","org1rec-325-org","325",true
3398,"org","orgrec-4994-org","4994",false
3399,"org1","org1rec-3262-dup-0","3262",true
3399,"org1","org1rec-3262-org","3262",true
3400,"org1","org1rec-1109-dup-0","1109",true
3401,"org","orgrec-2114-org","2114",false
3401,"org1","org1rec-2114-dup-0","2114",true
3402,"org","orgrec-4806-org","4806",false
3402,"org1","org1rec-4806-dup-0","4806",true
3403,"org1","org1rec-2483-dup-0","2483",true
3404,"org1","org1rec-2424-dup-0","2424",true
3404,"org","orgrec-2424-org","2424",false
3405,"org","orgrec-4593-org","4593",false
3406,"org1","org1rec-2915-dup-0","2915",true
3406,"org1","org1rec-2915-org","2915",true
3407,"org1","org1rec-2137-dup-0","2137",true
3407,"org","orgrec-2137-org","2137",false
3408,"org","orgrec-3821-org","3821",false
3409,"org","orgrec-999-org","999",false
3409,"org1","org1rec-999-dup-0","999",true
3410,"org1","org1rec-1942-dup-0","1942",true
3410,"org","orgrec-1942-org","1942",false
3411,"org","orgrec-3178-org","3178",false
3411,"org1","org1rec-3178-dup-0","3178",true
3412,"org1","org1rec-3588-dup-0","3588",true
3412,"org1","org1rec-3588-org","3588",true
3413,"org1","org1rec-2796-dup-0","2796",true
3413,"org1","org1rec-2796-org","2796",true
3414,"org1","org1rec-1423-dup-0","1423",true
3415,"org","orgrec-3062-org","3062",false
3416,"org1","org1rec-1914-dup-0","1914",true
3416,"org1","org1rec-1914-org","1914",true
3417,"org","orgrec-2040-org","2040",false
3418,"org1","org1rec-1568-dup-0","1568",true
3418,"org","orgrec-1568-org","1568",false
3419,"org","orgrec-2979-org","2979",false
3419,"org1","org1rec-2979-dup-0","2979",true
3420,"org1","org1rec-2544-dup-0","2544",true
3421,"org1","org1rec-1715-dup-0","1715",true
3422,"org","orgrec-4067-org","4067",false
3423,"org","orgrec-3907-org","3907",false
3424,"org1","org1rec-1877-dup-0","1877",true
3424,"org","orgrec-1877-org","1877",false
3425,"org","orgrec-95-org","95",false
3426,"org1","org1rec-3428-dup-0","3428",true
3427,"org1","org1rec-2475-dup-0","2475",true
3427,"org","orgrec-2475-org","2475",false
3428,"org","orgrec-3048-org","3048",false
3429,"org1","org1rec-3590-dup-0","3590",true
3430,"org1","org1rec-2809-dup-0","2809",true
3431,"org1","org1rec-108-dup-0","108",true
3431,"org1","org1rec-108-org","108",true
3432,"org1","org1rec-2872-org","2872",true
3432,"org1","org1rec-2872-dup-0","2872",true
3433,"org1","org1rec-4647-dup-0","4647",true
3433,"org1","org1rec-4647-org","4647",true
3434,"org","orgrec-155-org","155",false
3434,"org1","org1rec-155-dup-0","155",true
3435,"org1","org1rec-4210-dup-0","4210",true
3436,"org1","org1rec-3150-dup-0","3150",true
3436,"org","orgrec-3150-org","3150",false
3437,"org1","org1rec-1776-dup-0","1776",true
3437,"org","orgrec-1776-org","1776",false
3438,"org","orgrec-1101-org","1101",false
3439,"org","orgrec-2912-org","2912",false
3440,"org","orgrec-1996-org","1996",false
3441,"org1","org1rec-120-dup-0","120",true
3441,"org","orgrec-120-org","120",false
3442,"org","orgrec-4524-org","4524",false
3442,"org1","org1rec-4524-dup-0","4524",true
3443,"org1","org1rec-2140-dup-0","2140",true
3444,"org","orgrec-4016-org","4016",false
3444,"org1","org1rec-4016-dup-0","4016",true
3445,"org1","org1rec-2633-dup-0","2633",true
3446,"org1","org1rec-3904-dup-0","3904",true
3447,"org1","org1rec-1076-dup-0","1076",true
3448,"org","orgrec-542-org","542",false
3449,"org","orgrec-239-org","239",false
3449,"org1","org1rec-239-dup-0","239",true
3450,"org1","org1rec-2751-dup-0","2751",true
3451,"org","orgrec-623-org","623",false
3451,"org1","org1rec-623-dup-0","623",true
3452,"org1","org1rec-3929-dup-0","3929",true
3452,"org1","org1rec-3929-org","3929",true
3453,"org1","org1rec-2200-dup-0","2200",true
3453,"org","orgrec-2200-org","2200",false
3454,"org1","org1rec-4621-org","4621",true
3454,"org1","org1rec-4621-dup-0","4621",true
3455,"org1","org1rec-1752-org","1752",true
3455,"org1","org1rec-1752-dup-0","1752",true
3456,"org1","org1rec-3698-org","3698",true
3456,"org1","org1rec-3698-dup-0","3698",true
3457,"org1","org1rec-817-dup-0","817",true
3458,"org1","org1rec-2756-dup-0","2756",true
3459,"org","orgrec-1188-org","1188",false
3460,"org","orgrec-4456-org","4456",false
3461,"org","orgrec-2976-org","2976",false
3462,"org1","org1rec-4067-dup-0","4067",true
3463,"org","orgrec-3651-org","3651",false
3464,"org","orgrec-285-org","285",false
3465,"org1","org1rec-1821-dup-0","1821",true
3465,"org1","org1rec-1821-org","1821",true
3466,"org1","org1rec-2358-dup-0","2358",true
3466,"org","orgrec-2358-org","2358",false
3467,"org1","org1rec-2591-dup-0","2591",true
3467,"org","orgrec-2591-org","2591",false
3468,"org1","org1rec-554-org","554",true
3469,"org","orgrec-1388-org","1388",false
3469,"org1","org1rec-1388-dup-0","1388",true
3470,"org","orgrec-3377-org","3377",false
3470,"org1","org1rec-3377-dup-0","3377",true
3471,"org1","org1rec-4074-dup-0","4074",true
3471,"org1","org1rec-4074-org","4074",true
3472,"org1","org1rec-4143-org","4143",true
3472,"org1","org1rec-4143-dup-0","4143",true
3473,"org1","org1rec-3170-org","3170",true
3473,"org1","org1rec-3170-dup-0","3170",true
3474,"org1","org1rec-3599-dup-0","3599",true
3475,"org1","org1rec-3716-dup-0","3716",true
3476,"org1","org1rec-1369-dup-0","1369",true
3476,"org1","org1rec-1369-org","1369",true
3477,"org1","org1rec-3418-dup-0","3418",true
3477,"org","orgrec-3418-org","3418",false
3478,"org","orgrec-988-org","988",false
3478,"org1","org1rec-988-dup-0","988",true
3479,"org1","org1rec-4929-dup-0","4929",true
3479,"org","orgrec-4929-org","4929",false
3480,"org1","org1rec-1035-dup-0","1035",true
3480,"org1","org1rec-1035-org","1035",true
3481,"org1","org1rec-4437-dup-0","4437",true
3482,"org1","org1rec-388-dup-0","388",true
3483,"org","orgrec-1155-org","1155",false
3483,"org1","org1rec-1155-dup-0","1155",true
3484,"org1","org1rec-0-dup-0","0",true
3484,"org","orgrec-0-org","0",false
3485,"org1","org1rec-4325-org","4325",true
3486,"org1","org1rec-4204-dup-0","4204",true
3487,"org1","org1rec-123-org","123",true
3487,"org1","org1rec-123-dup-0","123",true
3488,"org1","org1rec-491-dup-0","491",true
3488,"org","orgrec-491-org","491",false
3489,"org1","org1rec-4317-dup-0","4317",true
3489,"org1","org1rec-4317-org","4317",true
3490,"org1","org1rec-320-dup-0","320",true
3491,"org","orgrec-4193-org","4193",false
3492,"org1","org1rec-3679-dup-0","3679",true
3493,"org1","org1rec-894-org","894",true
3494,"org1","org1rec-2411-dup-0","2411",true
3495,"org","orgrec-2245-org","2245",false
3495,"org1","org1rec-2245-dup-0","2245",true
3496,"org1","org1rec-1287-dup-0","1287",true
3496,"org","orgrec-1287-org","1287",false
3497,"org1","org1rec-545-org","545",true
3497,"org1","org1rec-545-dup-0","545",true
3498,"org1","org1rec-741-dup-0","741",true
3498,"org","orgrec-741-org","741",false
3499,"org1","org1rec-3187-dup-0","3187",true
3500,"org","orgrec-4060-org","4060",false
3500,"org1","org1rec-4060-dup-0","4060",true
3501,"org","orgrec-3893-org","3893",false
3501,"org1","org1rec-3893-dup-0","3893",true
3502,"org","orgrec-3183-org","3183",false
3502,"org1","org1rec-3183-dup-0","3183",true
3503,"org","orgrec-1892-org","1892",false
3503,"org1","org1rec-1892-dup-0","1892",true
3504,"org1","org1rec-4167-dup-0","4167",true
3505,"org1","org1rec-4039-dup-0","4039",true
3506,"org1","org1rec-4070-dup-0","4070",true
3507,"org","orgrec-1519-org","1519",false
3508,"org1","org1rec-909-dup-0","909",true
3508,"org","orgrec-909-org","909",false
3509,"org","orgrec-2466-org","2466",false
3510,"org1","org1rec-4553-org","4553",true
3510,"org1","org1rec-4553-dup-0","4553",true
3511,"org1","org1rec-1974-dup-0","1974",true
3511,"org","orgrec-1974-org","1974",false
3512,"org1","org1rec-135-dup-0","135",true
3513,"org","orgrec-2223-org","2223",false
3513,"org1","org1rec-2223-dup-0","2223",true
3514,"org1","org1rec-3793-org","3793",true
3515,"org","orgrec-4311-org","4311",false
3515,"org1","org1rec-4311-dup-0","4311",true
3516,"org","orgrec-1538-org","1538",false
3517,"org","orgrec-2499-org","2499",false
3517,"org1","org1rec-2499-dup-0","2499",true
3518,"org1","org1rec-1046-org","1046",true
3519,"org","orgrec-2640-org","2640",false
3520,"org","orgrec-3399-org","3399",false
3521,"org1","org1rec-454-dup-0","454",true
3521,"org1","org1rec-454-org","454",true
3522,"org1","org1rec-4727-dup-0","4727",true
3522,"org1","org1rec-4727-org","4727",true
3523,"org1","org1rec-3992-org","3992",true
3524,"org","orgrec-1433-org","1433",false
3525,"org1","org1rec-3842-dup-0","3842",true
3526,"org","orgrec-1321-org","1321",false
3526,"org1","org1rec-1321-dup-0","1321",true
3527,"org1","org1rec-4331-dup-0","4331",true
3527,"org","orgrec-4331-org","4331",false
3528,"org1","org1rec-3594-dup-0","3594",true
3529,"org","orgrec-4976-org","4976",false
3529,"org1","org1rec-4976-dup-0","4976",true
3530,"org1","org1rec-3018-dup-0","3018",true
3530,"org1","org1rec-3018-org","3018",true
3531,"org1","org1rec-1398-dup-0","1398",true
3531,"org","orgrec-1398-org","1398",false
3532,"org","orgrec-4419-org","4419",false
3532,"org1","org1rec-4419-dup-0","4419",true
3533,"org1","org1rec-2344-org","2344",true
3534,"org1","org1rec-4137-dup-0","4137",true
3535,"org1","org1rec-2144-dup-0","2144",true
3536,"org","orgrec-214-org","214",false
3537,"org1","org1rec-2090-org","2090",true
3538,"org","orgrec-4289-org","4289",false
3538,"org1","org1rec-4289-dup-0","4289",true
3539,"org","orgrec-2961-org","2961",false
3539,"org1","org1rec-2961-dup-0","2961",true
3540,"org","orgrec-3331-org","3331",false
3540,"org1","org1rec-3331-dup-0","3331",true
3541,"org1","org1rec-742-dup-0","742",true
3541,"org","orgrec-742-org","742",false
3542,"org","orgrec-1637-org","1637",false
3543,"org1","org1rec-744-dup-0","744",true
3544,"org1","org1rec-3162-dup-0","3162",true
3544,"org","orgrec-3162-org","3162",false
3545,"org1","org1rec-1639-dup-0","1639",true
3546,"org1","org1rec-2994-dup-0","2994",true
3546,"org","orgrec-2994-org","2994",false
3547,"org1","org1rec-1772-org","1772",true
3548,"org","orgrec-403-org","403",false
3549,"org1","org1rec-1381-dup-0","1381",true
3550,"org","orgrec-4820-org","4820",false
3550,"org1","org1rec-4820-dup-0","4820",true
3551,"org","orgrec-2231-org","2231",false
3551,"org1","org1rec-2231-dup-0","2231",true
3552,"org1","org1rec-1591-dup-0","1591",true
3553,"org","orgrec-4895-org","4895",false
3553,"org1","org1rec-4895-dup-0","4895",true
3554,"org","orgrec-2934-org","2934",false
3555,"org1","org1rec-4849-dup-0","4849",true
3555,"org","orgrec-4849-org","4849",false
3556,"org1","org1rec-3799-dup-0","3799",true
3557,"org","orgrec-4442-org","4442",false
3557,"org1","org1rec-4442-dup-0","4442",true
3558,"org1","org1rec-2434-org","2434",true
3558,"org1","org1rec-2434-dup-0","2434",true
3559,"org","orgrec-1799-org","1799",false
3559,"org1","org1rec-1799-dup-0","1799",true
3560,"org","orgrec-1923-org","1923",false
3561,"org1","org1rec-2786-org","2786",true
3562,"org","orgrec-4578-org","4578",false
3563,"org","orgrec-282-org","282",false
3563,"org1","org1rec-282-dup-0","282",true
3564,"org","orgrec-2352-org","2352",false
3565,"org1","org1rec-3120-dup-0","3120",true
3565,"org","orgrec-3120-org","3120",false
3566,"org1","org1rec-2673-dup-0","2673",true
3566,"org","orgrec-2673-org","2673",false
3567,"org1","org1rec-3486-dup-0","3486",true
3568,"org1","org1rec-4286-org","4286",true
3568,"org1","org1rec-4286-dup-0","4286",true
3569,"org1","org1rec-1845-dup-0","1845",true
3569,"org1","org1rec-1845-org","1845",true
3570,"org1","org1rec-3984-dup-0","3984",true
3570,"org1","org1rec-3984-org","3984",true
3571,"org1","org1rec-917-org","917",true
3571,"org1","org1rec-917-dup-0","917",true
3572,"org","orgrec-1240-org","1240",false
3572,"org1","org1rec-1240-dup-0","1240",true
3573,"org1","org1rec-4865-dup-0","4865",true
3573,"org","orgrec-4865-org","4865",false
3574,"org1","org1rec-4652-org","4652",true
3574,"org1","org1rec-4652-dup-0","4652",true
3575,"org1","org1rec-4045-org","4045",true
3576,"org1","org1rec-4402-org","4402",true
3577,"org1","org1rec-3248-org","3248",true
3577,"org1","org1rec-3248-dup-0","3248",true
3578,"org1","org1rec-763-org","763",true
3579,"org1","org1rec-406-dup-0","406",true
3579,"org","orgrec-406-org","406",false
3580,"org","orgrec-412-org","412",false
3581,"org1","org1rec-2129-dup-0","2129",true
3581,"org","orgrec-2129-org","2129",false
3582,"org1","org1rec-4414-dup-0","4414",true
3582,"org1","org1rec-4414-org","4414",true
3583,"org","orgrec-1085-org","1085",false
3584,"org","orgrec-274-org","274",false
3584,"org1","org1rec-274-dup-0","274",true
3585,"org1","org1rec-2734-org","2734",true
3585,"org1","org1rec-2734-dup-0","2734",true
3586,"org","orgrec-4416-org","4416",false
3586,"org1","org1rec-4416-dup-0","4416",true
3587,"org","orgrec-810-org","810",false
3587,"org1","org1rec-810-dup-0","810",true
3588,"org1","org1rec-2098-org","2098",true
3588,"org1","org1rec-2098-dup-0","2098",true
3589,"org","orgrec-313-org","313",false
3589,"org1","org1rec-313-dup-0","313",true
3590,"org1","org1rec-670-dup-0","670",true
3590,"org1","org1rec-670-org","670",true
3591,"org1","org1rec-1767-dup-0","1767",true
3592,"org","orgrec-3064-org","3064",false
3593,"org1","org1rec-1493-dup-0","1493",true
3593,"org","orgrec-1493-org","1493",false
3594,"org1","org1rec-4460-org","4460",true
3595,"org1","org1rec-3630-dup-0","3630",true
3595,"org","orgrec-3630-org","3630",false
3596,"org1","org1rec-224-dup-0","224",true
3596,"org","orgrec-224-org","224",false
3597,"org1","org1rec-3319-dup-0","3319",true
3597,"org1","org1rec-3319-org","3319",true
3598,"org1","org1rec-391-org","391",true
3598,"org1","org1rec-391-dup-0","391",true
3599,"org1","org1rec-1785-dup-0","1785",true
3599,"org1","org1rec-1785-org","1785",true
3600,"org1","org1rec-134-dup-0","134",true
3601,"org1","org1rec-792-dup-0","792",true
3602,"org","orgrec-3299-org","3299",false
3602,"org1","org1rec-3299-dup-0","3299",true
3603,"org","orgrec-2813-org","2813",false
3603,"org1","org1rec-2813-dup-0","2813",true
3604,"org1","org1rec-3864-dup-0","3864",true
3604,"org","orgrec-3864-org","3864",false
3605,"org","orgrec-3489-org","3489",false
3606,"org","orgrec-4153-org","4153",false
3607,"org","orgrec-3361-org","3361",false
3607,"org1","org1rec-3361-dup-0","3361",true
3608,"org1","org1rec-2117-dup-0","2117",true
3609,"org","orgrec-3650-org","3650",false
3610,"org1","org1rec-400-dup-0","400",true
3610,"org","orgrec-400-org","400",false
3611,"org1","org1rec-4750-dup-0","4750",true
3611,"org","orgrec-4750-org","4750",false
3612,"org1","org1rec-2101-dup-0","2101",true
3613,"org1","org1rec-1380-dup-0","1380",true
3614,"org1","org1rec-4889-dup-0","4889",true
3615,"org1","org1rec-874-dup-0","874",true
3615,"org","orgrec-874-org","874",false
3616,"org1","org1rec-2601-dup-0","2601",true
3617,"org1","org1rec-4066-org","4066",true
3618,"org1","org1rec-4918-dup-0","4918",true
3618,"org","orgrec-4918-org","4918",false
3619,"org1","org1rec-4050-dup-0","4050",true
3619,"org1","org1rec-4050-org","4050",true
3620,"org1","org1rec-34-dup-0","34",true
3620,"org","orgrec-34-org","34",false
3621,"org","orgrec-66-org","66",false
3621,"org1","org1rec-66-dup-0","66",true
3622,"org","orgrec-284-org","284",false
3622,"org1","org1rec-284-dup-0","284",true
3623,"org1","org1rec-3801-dup-0","3801",true
3623,"org1","org1rec-3801-org","3801",true
3624,"org","orgrec-4520-org","4520",false
3624,"org1","org1rec-4520-dup-0","4520",true
3625,"org","orgrec-648-org","648",false
3625,"org1","org1rec-648-dup-0","648",true
3626,"org1","org1rec-2388-dup-0","2388",true
3627,"org","orgrec-1854-org","1854",false
3627,"org1","org1rec-1854-dup-0","1854",true
3628,"org1","org1rec-906-dup-0","906",true
3628,"org","orgrec-906-org","906",false
3629,"org1","org1rec-3335-dup-0","3335",true
3629,"org1","org1rec-3335-org","3335",true
3630,"org","orgrec-2656-org","2656",false
3630,"org1","org1rec-2656-dup-0","2656",true
3631,"org","orgrec-189-org","189",false
3631,"org1","org1rec-189-dup-0","189",true
3632,"org1","org1rec-2335-dup-0","2335",true
3632,"org1","org1rec-2335-org","2335",true
3633,"org1","org1rec-1664-dup-0","1664",true
3634,"org1","org1rec-1954-dup-0","1954",true
3634,"org","orgrec-1954-org","1954",false
3635,"org","orgrec-3599-org","3599",false
3636,"org","orgrec-355-org","355",false
3637,"org1","org1rec-3363-org","3363",true
3638,"org1","org1rec-3305-dup-0","3305",true
3638,"org","orgrec-3305-org","3305",false
3639,"org1","org1rec-4686-org","4686",true
3640,"org1","org1rec-3164-dup-0","3164",true
3640,"org","orgrec-3164-org","3164",false
3641,"org1","org1rec-3105-dup-0","3105",true
3641,"org1","org1rec-3105-org","3105",true
3642,"org1","org1rec-2090-dup-0","2090",true
3643,"org","orgrec-4751-org","4751",false
3643,"org1","org1rec-4751-dup-0","4751",true
3644,"org","orgrec-26-org","26",false
3645,"org1","org1rec-887-dup-0","887",true
3645,"org","orgrec-887-org","887",false
3646,"org1","org1rec-3557-dup-0","3557",true
3646,"org1","org1rec-3557-org","3557",true
3647,"org1","org1rec-2569-org","2569",true
3647,"org1","org1rec-2569-dup-0","2569",true
3648,"org1","org1rec-32-dup-0","32",true
3648,"org","orgrec-32-org","32",false
3649,"org1","org1rec-3346-org","3346",true
3650,"org","orgrec-4604-org","4604",false
3650,"org1","org1rec-4604-dup-0","4604",true
3651,"org","orgrec-891-org","891",false
3652,"org1","org1rec-4977-dup-0","4977",true
3653,"org1","org1rec-1688-dup-0","1688",true
3653,"org","orgrec-1688-org","1688",false
3654,"org1","org1rec-625-dup-0","625",true
3655,"org1","org1rec-1107-dup-0","1107",true
3656,"org1","org1rec-3530-dup-0","3530",true
3656,"org","orgrec-3530-org","3530",false
3657,"org1","org1rec-4276-org","4276",true
3658,"org1","org1rec-4316-org","4316",true
3659,"org","orgrec-4723-org","4723",false
3659,"org1","org1rec-4723-dup-0","4723",true
3660,"org","orgrec-484-org","484",false
3660,"org1","org1rec-484-dup-0","484",true
3661,"org","orgrec-2748-org","2748",false
3661,"org1","org1rec-2748-dup-0","2748",true
3662,"org1","org1rec-2840-dup-0","2840",true
3662,"org","orgrec-2840-org","2840",false
3663,"org1","org1rec-300-dup-0","300",true
3663,"org","orgrec-300-org","300",false
3664,"org","orgrec-2794-org","2794",false
3665,"org","orgrec-3189-org","3189",false
3666,"org","orgrec-3107-org","3107",false
3666,"org1","org1rec-3107-dup-0","3107",true
3667,"org1","org1rec-2859-dup-0","2859",true
3667,"org","orgrec-2859-org","2859",false
3668,"org1","org1rec-4033-dup-0","4033",true
3669,"org1","org1rec-4062-dup-0","4062",true
3670,"org1","org1rec-2806-dup-0","2806",true
3671,"org","orgrec-4332-org","4332",false
3672,"org1","org1rec-424-dup-0","424",true
3673,"org1","org1rec-3629-dup-0","3629",true
3674,"org1","org1rec-616-dup-0","616",true
3674,"org","orgrec-616-org","616",false
3675,"org","orgrec-2851-org","2851",false
3675,"org1","org1rec-2851-dup-0","2851",true
3676,"org1","org1rec-1254-org","1254",true
3676,"org1","org1rec-1254-dup-0","1254",true
3677,"org1","org1rec-2082-org","2082",true
3678,"org1","org1rec-3134-dup-0","3134",true
3678,"org","orgrec-3134-org","3134",false
3679,"org","orgrec-1059-org","1059",false
3679,"org1","org1rec-1059-dup-0","1059",true
3680,"org","orgrec-1241-org","1241",false
3681,"org1","org1rec-4589-dup-0","4589",true
3681,"org","orgrec-4589-org","4589",false
3682,"org","orgrec-233-org","233",false
3683,"org1","org1rec-4740-dup-0","4740",true
3684,"org1","org1rec-462-dup-0","462",true
3684,"org","orgrec-462-org","462",false
3685,"org1","org1rec-2227-dup-0","2227",true
3686,"org1","org1rec-2948-org","2948",true
3686,"org1","org1rec-2948-dup-0","2948",true
3687,"org1","org1rec-4149-dup-0","4149",true
3687,"org","orgrec-4149-org","4149",false
3688,"org","orgrec-2830-org","2830",false
3688,"org1","org1rec-2830-dup-0","2830",true
3689,"org1","org1rec-2699-dup-0","2699",true
3689,"org","orgrec-2699-org","2699",false
3690,"org1","org1rec-4330-dup-0","4330",true
3691,"org","orgrec-94-org","94",false
3691,"org1","org1rec-94-dup-0","94",true
3692,"org1","org1rec-4029-dup-0","4029",true
3692,"org","orgrec-4029-org","4029",false
3693,"org1","org1rec-2206-org","2206",true
3694,"org1","org1rec-3610-dup-0","3610",true
3694,"org","orgrec-3610-org","3610",false
3695,"org","orgrec-4352-org","4352",false
3695,"org1","org1rec-4352-dup-0","4352",true
3696,"org1","org1rec-739-org","739",true
3697,"org1","org1rec-1561-dup-0","1561",true
3697,"org1","org1rec-1561-org","1561",true
3698,"org1","org1rec-1085-dup-0","1085",true
3699,"org1","org1rec-3970-dup-0","3970",true
3700,"org","orgrec-4155-org","4155",false
3701,"org","orgrec-589-org","589",false
3702,"org","orgrec-2971-org","2971",false
3702,"org1","org1rec-2971-dup-0","2971",true
3703,"org","orgrec-2629-org","2629",false
3704,"org1","org1rec-4141-dup-0","4141",true
3704,"org","orgrec-4141-org","4141",false
3705,"org1","org1rec-2121-dup-0","2121",true
3705,"org","orgrec-2121-org","2121",false
3706,"org1","org1rec-801-dup-0","801",true
3706,"org1","org1rec-801-org","801",true
3707,"org","orgrec-2196-org","2196",false
3707,"org1","org1rec-2196-dup-0","2196",true
3708,"org1","org1rec-433-org","433",true
3708,"org1","org1rec-433-dup-0","433",true
3709,"org","orgrec-1599-org","1599",false
3710,"org1","org1rec-4482-dup-0","4482",true
3710,"org","orgrec-4482-org","4482",false
3711,"org1","org1rec-4223-dup-0","4223",true
3711,"org","orgrec-4223-org","4223",false
3712,"org1","org1rec-3648-dup-0","3648",true
3712,"org","orgrec-3648-org","3648",false
3713,"org","orgrec-4320-org","4320",false
3713,"org1","org1rec-4320-dup-0","4320",true
3714,"org","orgrec-1760-org","1760",false
3715,"org","orgrec-3322-org","3322",false
3715,"org1","org1rec-3322-dup-0","3322",true
3716,"org","orgrec-4401-org","4401",false
3717,"org","orgrec-3666-org","3666",false
3718,"org1","org1rec-807-dup-0","807",true
3718,"org","orgrec-807-org","807",false
3719,"org1","org1rec-4201-dup-0","4201",true
3719,"org","orgrec-4201-org","4201",false
3720,"org1","org1rec-2425-dup-0","2425",true
3720,"org","orgrec-2425-org","2425",false
3721,"org1","org1rec-370-dup-0","370",true
3721,"org","orgrec-370-org","370",false
3722,"org","orgrec-1324-org","1324",false
3723,"org1","org1rec-3123-dup-0","3123",true
3724,"org","orgrec-532-org","532",false
3724,"org1","org1rec-532-dup-0","532",true
3725,"org1","org1rec-4705-org","4705",true
3725,"org1","org1rec-4705-dup-0","4705",true
3726,"org1","org1rec-2861-dup-0","2861",true
3726,"org","orgrec-2861-org","2861",false
3727,"org","orgrec-3728-org","3728",false
3727,"org1","org1rec-3728-dup-0","3728",true
3728,"org","orgrec-4511-org","4511",false
3728,"org1","org1rec-4511-dup-0","4511",true
3729,"org1","org1rec-4830-dup-0","4830",true
3729,"org1","org1rec-4830-org","4830",true
3730,"org1","org1rec-3336-dup-0","3336",true
3730,"org","orgrec-3336-org","3336",false
3731,"org","orgrec-4376-org","4376",false
3732,"org1","org1rec-2365-dup-0","2365",true
3733,"org1","org1rec-498-org","498",true
3733,"org1","org1rec-498-dup-0","498",true
3734,"org","orgrec-2615-org","2615",false
3734,"org1","org1rec-2615-dup-0","2615",true
3735,"org","orgrec-169-org","169",false
3735,"org1","org1rec-169-dup-0","169",true
3736,"org1","org1rec-2667-dup-0","2667",true
3736,"org","orgrec-2667-org","2667",false
3737,"org1","org1rec-3592-dup-0","3592",true
3737,"org","orgrec-3592-org","3592",false
3738,"org","orgrec-3066-org","3066",false
3739,"org1","org1rec-3371-dup-0","3371",true
3740,"org1","org1rec-2288-org","2288",true
3740,"org1","org1rec-2288-dup-0","2288",true
3741,"org1","org1rec-627-dup-0","627",true
3742,"org","orgrec-3318-org","3318",false
3743,"org1","org1rec-2585-dup-0","2585",true
3744,"org","orgrec-4267-org","4267",false
3745,"org1","org1rec-932-dup-0","932",true
3745,"org","orgrec-932-org","932",false
3746,"org1","org1rec-2252-dup-0","2252",true
3746,"org","orgrec-2252-org","2252",false
3747,"org1","org1rec-4418-org","4418",true
3747,"org1","org1rec-4418-dup-0","4418",true
3748,"org","orgrec-4867-org","4867",false
3748,"org1","org1rec-4867-dup-0","4867",true
3749,"org","orgrec-1658-org","1658",false
3749,"org1","org1rec-1658-dup-0","1658",true
3750,"org1","org1rec-4370-org","4370",true
3751,"org1","org1rec-3525-dup-0","3525",true
3751,"org","orgrec-3525-org","3525",false
3752,"org","orgrec-1019-org","1019",false
3752,"org1","org1rec-1019-dup-0","1019",true
3753,"org1","org1rec-3612-dup-0","3612",true
3753,"org","orgrec-3612-org","3612",false
3754,"org1","org1rec-1251-org","1251",true
3755,"org1","org1rec-3292-dup-0","3292",true
3755,"org","orgrec-3292-org","3292",false
3756,"org1","org1rec-481-dup-0","481",true
3757,"org1","org1rec-349-org","349",true
3758,"org1","org1rec-1628-dup-0","1628",true
3758,"org1","org1rec-1628-org","1628",true
3759,"org1","org1rec-1244-org","1244",true
3759,"org1","org1rec-1244-dup-0","1244",true
3760,"org1","org1rec-921-org","921",true
3760,"org1","org1rec-921-dup-0","921",true
3761,"org1","org1rec-1811-dup-0","1811",true
3761,"org","orgrec-1811-org","1811",false
3762,"org1","org1rec-4499-dup-0","4499",true
3762,"org","orgrec-4499-org","4499",false
3763,"org1","org1rec-1395-dup-0","1395",true
3764,"org1","org1rec-4515-org","4515",true
3765,"org","orgrec-2817-org","2817",false
3765,"org1","org1rec-2817-dup-0","2817",true
3766,"org1","org1rec-2234-dup-0","2234",true
3767,"org1","org1rec-4173-dup-0","4173",true
3768,"org1","org1rec-3605-dup-0","3605",true
3769,"org1","org1rec-4458-dup-0","4458",true
3769,"org","orgrec-4458-org","4458",false
3770,"org1","org1rec-3455-org","3455",true
3770,"org1","org1rec-3455-dup-0","3455",true
3771,"org1","org1rec-2027-dup-0","2027",true
3771,"org1","org1rec-2027-org","2027",true
3772,"org","orgrec-456-org","456",false
3772,"org1","org1rec-456-dup-0","456",true
3773,"org1","org1rec-3215-dup-0","3215",true
3773,"org","orgrec-3215-org","3215",false
3774,"org","orgrec-2574-org","2574",false
3774,"org1","org1rec-2574-dup-0","2574",true
3775,"org","orgrec-4909-org","4909",false
3775,"org1","org1rec-4909-dup-0","4909",true
3776,"org1","org1rec-1301-org","1301",true
3777,"org1","org1rec-2018-dup-0","2018",true
3778,"org","orgrec-563-org","563",false
3779,"org1","org1rec-589-dup-0","589",true
3780,"org","orgrec-4472-org","4472",false
3780,"org1","org1rec-4472-dup-0","4472",true
3781,"org","orgrec-3314-org","3314",false
3781,"org1","org1rec-3314-dup-0","3314",true
3782,"org1","org1rec-2491-dup-0","2491",true
3782,"org","orgrec-2491-org","2491",false
3783,"org","orgrec-3970-org","3970",false
3784,"org1","org1rec-3528-dup-0","3528",true
3784,"org1","org1rec-3528-org","3528",true
3785,"org","orgrec-277-org","277",false
3786,"org1","org1rec-2158-dup-0","2158",true
3786,"org","orgrec-2158-org","2158",false
3787,"org1","org1rec-1595-dup-0","1595",true
3787,"org","orgrec-1595-org","1595",false
3788,"org","orgrec-16-org","16",false
3788,"org1","org1rec-16-dup-0","16",true
3789,"org1","org1rec-798-org","798",true
3789,"org1","org1rec-798-dup-0","798",true
3790,"org1","org1rec-4613-dup-0","4613",true
3790,"org","orgrec-4613-org","4613",false
3791,"org1","org1rec-950-dup-0","950",true
3792,"org1","org1rec-4209-dup-0","4209",true
3792,"org","orgrec-4209-org","4209",false
3793,"org","orgrec-3165-org","3165",false
3793,"org1","org1rec-3165-dup-0","3165",true
3794,"org1","org1rec-3975-dup-0","3975",true
3795,"org1","org1rec-3173-dup-0","3173",true
3795,"org","orgrec-3173-org","3173",false
3796,"org1","org1rec-2290-dup-0","2290",true
3797,"org1","org1rec-1989-dup-0","1989",true
3797,"org1","org1rec-1989-org","1989",true
3798,"org","orgrec-2167-org","2167",false
3798,"org1","org1rec-2167-dup-0","2167",true
3799,"org","orgrec-2690-org","2690",false
3800,"org1","org1rec-1742-dup-0","1742",true
3800,"org1","org1rec-1742-org","1742",true
3801,"org1","org1rec-2195-dup-0","2195",true
3802,"org","orgrec-4984-org","4984",false
3803,"org1","org1rec-630-dup-0","630",true
3803,"org","orgrec-630-org","630",false
3804,"org1","org1rec-4836-dup-0","4836",true
3804,"org","orgrec-4836-org","4836",false
3805,"org1","org1rec-724-dup-0","724",true
3806,"org1","org1rec-4439-org","4439",true
3807,"org1","org1rec-516-dup-0","516",true
3808,"org1","org1rec-2590-dup-0","2590",true
3809,"org1","org1rec-2690-dup-0","2690",true
3810,"org1","org1rec-1584-org","1584",true
3811,"org","orgrec-852-org","852",false
3811,"org1","org1rec-852-dup-0","852",true
3812,"org1","org1rec-1584-dup-0","1584",true
3813,"org1","org1rec-2663-dup-0","2663",true
3813,"org","orgrec-2663-org","2663",false
3814,"org1","org1rec-3513-org","3513",true
3814,"org1","org1rec-3513-dup-0","3513",true
3815,"org1","org1rec-2638-dup-0","2638",true
3815,"org1","org1rec-2638-org","2638",true
3816,"org1","org1rec-4407-dup-0","4407",true
3816,"org1","org1rec-4407-org","4407",true
3817,"org","orgrec-628-org","628",false
3817,"org1","org1rec-628-dup-0","628",true
3818,"org1","org1rec-4079-org","4079",true
3818,"org1","org1rec-4079-dup-0","4079",true
3819,"org","orgrec-3443-org","3443",false
3819,"org1","org1rec-3443-dup-0","3443",true
3820,"org1","org1rec-4484-dup-0","4484",true
3820,"org","orgrec-4484-org","4484",false
3821,"org1","org1rec-1084-dup-0","1084",true
3822,"org","orgrec-1913-org","1913",false
3822,"org1","org1rec-1913-dup-0","1913",true
3823,"org1","org1rec-4479-dup-0","4479",true
3824,"org1","org1rec-2757-org","2757",true
3825,"org1","org1rec-1650-dup-0","1650",true
3825,"org","orgrec-1650-org","1650",false
3826,"org1","org1rec-4689-dup-0","4689",true
3827,"org1","org1rec-4907-dup-0","4907",true
3827,"org1","org1rec-4907-org","4907",true
3828,"org1","org1rec-863-org","863",true
3829,"org1","org1rec-1969-dup-0","1969",true
3829,"org","orgrec-1969-org","1969",false
3830,"org","orgrec-99-org","99",false
3831,"org1","org1rec-2584-dup-0","2584",true
3832,"org","orgrec-2422-org","2422",false
3833,"org1","org1rec-2953-dup-0","2953",true
3833,"org","orgrec-2953-org","2953",false
3834,"org1","org1rec-1021-org","1021",true
3834,"org1","org1rec-1021-dup-0","1021",true
3835,"org1","org1rec-4571-dup-0","4571",true
3836,"org","orgrec-248-org","248",false
3837,"org1","org1rec-4491-dup-0","4491",true
3838,"org","orgrec-1701-org","1701",false
3838,"org1","org1rec-1701-dup-0","1701",true
3839,"org1","org1rec-3362-dup-0","3362",true
3839,"org","orgrec-3362-org","3362",false
3840,"org","orgrec-3875-org","3875",false
3841,"org1","org1rec-2988-org","2988",true
3842,"org","orgrec-2556-org","2556",false
3843,"org","orgrec-705-org","705",false
3843,"org1","org1rec-705-dup-0","705",true
3844,"org","orgrec-850-org","850",false
3844,"org1","org1rec-850-dup-0","850",true
3845,"org1","org1rec-1637-dup-0","1637",true
3846,"org","orgrec-4835-org","4835",false
3846,"org1","org1rec-4835-dup-0","4835",true
3847,"org","orgrec-2444-org","2444",false
3847,"org1","org1rec-2444-dup-0","2444",true
3848,"org1","org1rec-688-dup-0","688",true
3849,"org1","org1rec-543-dup-0","543",true
3849,"org","orgrec-543-org","543",false
3850,"org","orgrec-1888-org","1888",false
3850,"org1","org1rec-1888-dup-0","1888",true
3851,"org1","org1rec-2494-dup-0","2494",true
3851,"org","orgrec-2494-org","2494",false
3852,"org1","org1rec-2067-dup-0","2067",true
3852,"org1","org1rec-2067-org","2067",true
3853,"org1","org1rec-4923-dup-0","4923",true
3853,"org1","org1rec-4923-org","4923",true
3854,"org1","org1rec-1514-org","1514",true
3854,"org1","org1rec-1514-dup-0","1514",true
3855,"org","orgrec-1349-org","1349",false
3856,"org1","org1rec-2395-dup-0","2395",true
3857,"org1","org1rec-1820-dup-0","1820",true
3857,"org1","org1rec-1820-org","1820",true
3858,"org","orgrec-4309-org","4309",false
3858,"org1","org1rec-4309-dup-0","4309",true
3859,"org","orgrec-2166-org","2166",false
3859,"org1","org1rec-2166-dup-0","2166",true
3860,"org1","org1rec-2470-dup-0","2470",true
3860,"org1","org1rec-2470-org","2470",true
3861,"org1","org1rec-142-dup-0","142",true
3861,"org","orgrec-142-org","142",false
3862,"org1","org1rec-4090-dup-0","4090",true
3863,"org1","org1rec-159-dup-0","159",true
3863,"org1","org1rec-159-org","159",true
3864,"org1","org1rec-836-dup-0","836",true
3864,"org1","org1rec-836-org","836",true
3865,"org1","org1rec-495-org","495",true
3865,"org1","org1rec-495-dup-0","495",true
3866,"org","orgrec-4350-org","4350",false
3866,"org1","org1rec-4350-dup-0","4350",true
3867,"org1","org1rec-2251-dup-0","2251",true
3867,"org","orgrec-2251-org","2251",false
3868,"org1","org1rec-4767-org","4767",true
3868,"org1","org1rec-4767-dup-0","4767",true
3869,"org","orgrec-4890-org","4890",false
3870,"org1","org1rec-3916-dup-0","3916",true
3871,"org","orgrec-2923-org","2923",false
3872,"org1","org1rec-2535-org","2535",true
3873,"org1","org1rec-1667-dup-0","1667",true
3874,"org1","org1rec-2781-dup-0","2781",true
3875,"org1","org1rec-3485-org","3485",true
3875,"org1","org1rec-3485-dup-0","3485",true
3876,"org1","org1rec-2170-dup-0","2170",true
3876,"org1","org1rec-2170-org","2170",true
3877,"org","orgrec-3400-org","3400",false
3878,"org1","org1rec-4516-dup-0","4516",true
3878,"org","orgrec-4516-org","4516",false
3879,"org1","org1rec-4097-dup-0","4097",true
3879,"org","orgrec-4097-org","4097",false
3880,"org1","org1rec-2347-dup-0","2347",true
3880,"org","orgrec-2347-org","2347",false
3881,"org","orgrec-920-org","920",false
3882,"org","orgrec-1071-org","1071",false
3882,"org1","org1rec-1071-dup-0","1071",true
3883,"org1","org1rec-11-org","11",true
3884,"org1","org1rec-2315-dup-0","2315",true
3885,"org1","org1rec-1389-dup-0","1389",true
3886,"org","orgrec-2616-org","2616",false
3887,"org1","org1rec-753-dup-0","753",true
3888,"org","orgrec-1294-org","1294",false
3889,"org","orgrec-475-org","475",false
3890,"org1","org1rec-1366-org","1366",true
3891,"org","orgrec-1932-org","1932",false
3892,"org1","org1rec-474-dup-0","474",true
3892,"org","orgrec-474-org","474",false
3893,"org1","org1rec-4425-dup-0","4425",true
3893,"org","orgrec-4425-org","4425",false
3894,"org","orgrec-1464-org","1464",false
3895,"org1","org1rec-3426-dup-0","3426",true
3895,"org","orgrec-3426-org","3426",false
3896,"org","orgrec-4970-org","4970",false
3896,"org1","org1rec-4970-dup-0","4970",true
3897,"org","orgrec-3093-org","3093",false
3897,"org1","org1rec-3093-dup-0","3093",true
3898,"org1","org1rec-2706-org","2706",true
3899,"org1","org1rec-4326-dup-0","4326",true
3900,"org","orgrec-4805-org","4805",false
3901,"org","orgrec-1553-org","1553",false
3901,"org1","org1rec-1553-dup-0","1553",true
3902,"org1","org1rec-29-org","29",true
3903,"org1","org1rec-1571-dup-0","1571",true
3903,"org","orgrec-1571-org","1571",false
3904,"org","orgrec-2156-org","2156",false
3904,"org1","org1rec-2156-dup-0","2156",true
3905,"org1","org1rec-4218-dup-0","4218",true
3905,"org","orgrec-4218-org","4218",false
3906,"org","orgrec-749-org","749",false
3907,"org1","org1rec-3462-dup-0","3462",true
3907,"org1","org1rec-3462-org","3462",true
3908,"org1","org1rec-1519-dup-0","1519",true
3909,"org1","org1rec-1474-dup-0","1474",true
3909,"org1","org1rec-1474-org","1474",true
3910,"org","orgrec-2886-org","2886",false
3910,"org1","org1rec-2886-dup-0","2886",true
3911,"org","orgrec-160-org","160",false
3912,"org","orgrec-328-org","328",false
3912,"org1","org1rec-328-dup-0","328",true
3913,"org1","org1rec-488-org","488",true
3913,"org1","org1rec-488-dup-0","488",true
3914,"org1","org1rec-1464-dup-0","1464",true
3915,"org","orgrec-3768-org","3768",false
3916,"org1","org1rec-3518-dup-0","3518",true
3916,"org","orgrec-3518-org","3518",false
3917,"org","orgrec-3127-org","3127",false
3917,"org1","org1rec-3127-dup-0","3127",true
3918,"org1","org1rec-2889-dup-0","2889",true
3918,"org1","org1rec-2889-org","2889",true
3919,"org1","org1rec-1957-dup-0","1957",true
3919,"org","orgrec-1957-org","1957",false
3920,"org1","org1rec-1383-dup-0","1383",true
3920,"org","orgrec-1383-org","1383",false
3921,"org","orgrec-207-org","207",false
3921,"org1","org1rec-207-dup-0","207",true
3922,"org1","org1rec-1994-dup-0","1994",true
3922,"org","orgrec-1994-org","1994",false
3923,"org1","org1rec-529-dup-0","529",true
3924,"org1","org1rec-4490-dup-0","4490",true
3924,"org","orgrec-4490-org","4490",false
3925,"org","orgrec-4817-org","4817",false
3926,"org1","org1rec-1011-org","1011",true
3927,"org1","org1rec-2764-org","2764",true
3928,"org1","org1rec-4969-dup-0","4969",true
3928,"org","orgrec-4969-org","4969",false
3929,"org1","org1rec-3863-dup-0","3863",true
3929,"org1","org1rec-3863-org","3863",true
3930,"org1","org1rec-4934-dup-0","4934",true
3931,"org","orgrec-4825-org","4825",false
3931,"org1","org1rec-4825-dup-0","4825",true
3932,"org","orgrec-2682-org","2682",false
3932,"org1","org1rec-2682-dup-0","2682",true
3933,"org","orgrec-399-org","399",false
3933,"org1","org1rec-399-dup-0","399",true
3934,"org1","org1rec-3583-dup-0","3583",true
3934,"org","orgrec-3583-org","3583",false
3935,"org1","org1rec-4517-dup-0","4517",true
3935,"org1","org1rec-4517-org","4517",true
3936,"org","orgrec-4978-org","4978",false
3936,"org1","org1rec-4978-dup-0","4978",true
3937,"org1","org1rec-1353-org","1353",true
3937,"org1","org1rec-1353-dup-0","1353",true
3938,"org1","org1rec-1497-org","1497",true
3939,"org1","org1rec-4715-dup-0","4715",true
3940,"org","orgrec-4668-org","4668",false
3940,"org1","org1rec-4668-dup-0","4668",true
3941,"org","orgrec-2033-org","2033",false
3941,"org1","org1rec-2033-dup-0","2033",true
3942,"org","orgrec-4268-org","4268",false
3943,"org","orgrec-1033-org","1033",false
3943,"org1","org1rec-1033-dup-0","1033",true
3944,"org1","org1rec-3633-dup-0","3633",true
3945,"org1","org1rec-4121-dup-0","4121",true
3945,"org","orgrec-4121-org","4121",false
3946,"org","orgrec-1446-org","1446",false
3946,"org1","org1rec-1446-dup-0","1446",true
3947,"org1","org1rec-3131-dup-0","3131",true
3947,"org","orgrec-3131-org","3131",false
3948,"org","orgrec-916-org","916",false
3949,"org1","org1rec-4172-dup-0","4172",true
3949,"org","orgrec-4172-org","4172",false
3950,"org","orgrec-3153-org","3153",false
3951,"org1","org1rec-205-org","205",true
3952,"org","orgrec-528-org","528",false
3953,"org1","org1rec-720-dup-0","720",true
3953,"org","orgrec-720-org","720",false
3954,"org","orgrec-1380-org","1380",false
3955,"org1","org1rec-2001-dup-0","2001",true
3955,"org","orgrec-2001-org","2001",false
3956,"org1","org1rec-3994-dup-0","3994",true
3956,"org","orgrec-3994-org","3994",false
3957,"org1","org1rec-1381-org","1381",true
3958,"org1","org1rec-685-dup-0","685",true
3958,"org","orgrec-685-org","685",false
3959,"org","orgrec-937-org","937",false
3959,"org1","org1rec-937-dup-0","937",true
3960,"org1","org1rec-1404-dup-0","1404",true
3960,"org1","org1rec-1404-org","1404",true
3961,"org1","org1rec-3635-dup-0","3635",true
3961,"org","orgrec-3635-org","3635",false
3962,"org1","org1rec-3081-org","3081",true
3962,"org1","org1rec-3081-dup-0","3081",true
3963,"org","orgrec-3210-org","3210",false
3963,"org1","org1rec-3210-dup-0","3210",true
3964,"org","orgrec-857-org","857",false
3964,"org1","org1rec-857-dup-0","857",true
3965,"org","orgrec-4568-org","4568",false
3965,"org1","org1rec-4568-dup-0","4568",true
3966,"org","orgrec-3045-org","3045",false
3966,"org1","org1rec-3045-dup-0","3045",true
3967,"org1","org1rec-1012-dup-0","1012",true
3968,"org","orgrec-2342-org","2342",false
3968,"org1","org1rec-2342-dup-0","2342",true
3969,"org","orgrec-1512-org","1512",false
3970,"org","orgrec-487-org","487",false
3970,"org1","org1rec-487-dup-0","487",true
3971,"org","orgrec-458-org","458",false
3971,"org1","org1rec-458-dup-0","458",true
3972,"org1","org1rec-3441-dup-0","3441",true
3972,"org","orgrec-3441-org","3441",false
3973,"org1","org1rec-1394-dup-0","1394",true
3973,"org1","org1rec-1394-org","1394",true
3974,"org1","org1rec-2336-dup-0","2336",true
3974,"org","orgrec-2336-org","2336",false
3975,"org","orgrec-1445-org","1445",false
3975,"org1","org1rec-1445-dup-0","1445",true
3976,"org1","org1rec-3444-dup-0","3444",true
3976,"org","orgrec-3444-org","3444",false
3977,"org1","org1rec-995-dup-0","995",true
3977,"org","orgrec-995-org","995",false
3978,"org","orgrec-3537-org","3537",false
3978,"org1","org1rec-3537-dup-0","3537",true
3979,"org1","org1rec-3380-dup-0","3380",true
3979,"org","orgrec-3380-org","3380",false
3980,"org1","org1rec-4155-dup-0","4155",true
3981,"org1","org1rec-2684-org","2684",true
3981,"org1","org1rec-2684-dup-0","2684",true
3982,"org1","org1rec-214-dup-0","214",true
3983,"org1","org1rec-3624-dup-0","3624",true
3983,"org1","org1rec-3624-org","3624",true
3984,"org1","org1rec-2556-dup-0","2556",true
3985,"org1","org1rec-624-dup-0","624",true
3985,"org","orgrec-624-org","624",false
3986,"org1","org1rec-1054-dup-0","1054",true
3987,"org","orgrec-4367-org","4367",false
3987,"org1","org1rec-4367-dup-0","4367",true
3988,"org1","org1rec-1455-dup-0","1455",true
3988,"org","orgrec-1455-org","1455",false
3989,"org1","org1rec-1112-dup-0","1112",true
3989,"org","orgrec-1112-org","1112",false
3990,"org1","org1rec-2518-dup-0","2518",true
3991,"org1","org1rec-3981-org","3981",true
3992,"org","orgrec-1879-org","1879",false
3992,"org1","org1rec-1879-dup-0","1879",true
3993,"org","orgrec-1907-org","1907",false
3993,"org1","org1rec-1907-dup-0","1907",true
3994,"org1","org1rec-3542-dup-0","3542",true
3994,"org","orgrec-3542-org","3542",false
3995,"org","orgrec-376-org","376",false
3996,"org1","org1rec-3823-dup-0","3823",true
3996,"org","orgrec-3823-org","3823",false
3997,"org1","org1rec-2606-dup-0","2606",true
3997,"org1","org1rec-2606-org","2606",true
3998,"org","orgrec-548-org","548",false
3999,"org1","org1rec-1171-dup-0","1171",true
3999,"org1","org1rec-1171-org","1171",true
4000,"org","orgrec-2363-org","2363",false
4000,"org1","org1rec-2363-dup-0","2363",true
4001,"org","orgrec-2-org","2",false
4001,"org1","org1rec-2-dup-0","2",true
4002,"org","orgrec-1387-org","1387",false
4002,"org1","org1rec-1387-dup-0","1387",true
4003,"org","orgrec-1521-org","1521",false
4003,"org1","org1rec-1521-dup-0","1521",true
4004,"org1","org1rec-839-dup-0","839",true
4005,"org","orgrec-2446-org","2446",false
4005,"org1","org1rec-2446-dup-0","2446",true
4006,"org1","org1rec-4255-dup-0","4255",true
4007,"org1","org1rec-4430-dup-0","4430",true
4007,"org","orgrec-4430-org","4430",false
4008,"org1","org1rec-4827-org","4827",true
4008,"org1","org1rec-4827-dup-0","4827",true
4009,"org1","org1rec-1275-dup-0","1275",true
4010,"org","orgrec-59-org","59",false
4010,"org1","org1rec-59-dup-0","59",true
4011,"org","orgrec-2117-org","2117",false
4012,"org1","org1rec-4457-dup-0","4457",true
4012,"org","orgrec-4457-org","4457",false
4013,"org1","org1rec-153-dup-0","153",true
4013,"org","orgrec-153-org","153",false
4014,"org1","org1rec-151-dup-0","151",true
4014,"org1","org1rec-151-org","151",true
4015,"org1","org1rec-2004-dup-0","2004",true
4015,"org","orgrec-2004-org","2004",false
4016,"org1","org1rec-3555-dup-0","3555",true
4017,"org1","org1rec-755-org","755",true
4017,"org1","org1rec-755-dup-0","755",true
4018,"org1","org1rec-2507-dup-0","2507",true
4019,"org1","org1rec-1863-dup-0","1863",true
4019,"org","orgrec-1863-org","1863",false
4020,"org","orgrec-1088-org","1088",false
4020,"org1","org1rec-1088-dup-0","1088",true
4021,"org1","org1rec-615-dup-0","615",true
4021,"org1","org1rec-615-org","615",true
4022,"org1","org1rec-4035-dup-0","4035",true
4022,"org","orgrec-4035-org","4035",false
4023,"org","orgrec-2885-org","2885",false
4023,"org1","org1rec-2885-dup-0","2885",true
4024,"org","orgrec-2634-org","2634",false
4025,"org1","org1rec-36-dup-0","36",true
4025,"org","orgrec-36-org","36",false
4026,"org","orgrec-4607-org","4607",false
4026,"org1","org1rec-4607-dup-0","4607",true
4027,"org1","org1rec-201-dup-0","201",true
4028,"org","orgrec-1773-org","1773",false
4028,"org1","org1rec-1773-dup-0","1773",true
4029,"org1","org1rec-594-org","594",true
4029,"org1","org1rec-594-dup-0","594",true
4030,"org","orgrec-1367-org","1367",false
4030,"org1","org1rec-1367-dup-0","1367",true
4031,"org","orgrec-866-org","866",false
4031,"org1","org1rec-866-dup-0","866",true
4032,"org1","org1rec-926-dup-0","926",true
4033,"org1","org1rec-2614-dup-0","2614",true
4034,"org1","org1rec-22-dup-0","22",true
4034,"org","orgrec-22-org","22",false
4035,"org1","org1rec-4127-dup-0","4127",true
4035,"org","orgrec-4127-org","4127",false
4036,"org1","org1rec-660-dup-0","660",true
4036,"org","orgrec-660-org","660",false
4037,"org1","org1rec-479-dup-0","479",true
4037,"org","orgrec-479-org","479",false
4038,"org1","org1rec-829-dup-0","829",true
4038,"org","orgrec-829-org","829",false
4039,"org1","org1rec-1796-dup-0","1796",true
4040,"org","orgrec-2115-org","2115",false
4040,"org1","org1rec-2115-dup-0","2115",true
4041,"org","orgrec-2025-org","2025",false
4041,"org1","org1rec-2025-dup-0","2025",true
4042,"org1","org1rec-1696-org","1696",true
4042,"org1","org1rec-1696-dup-0","1696",true
4043,"org","orgrec-4319-org","4319",false
4043,"org1","org1rec-4319-dup-0","4319",true
4044,"org1","org1rec-2730-dup-0","2730",true
4044,"org1","org1rec-2730-org","2730",true
4045,"org","orgrec-2753-org","2753",false
4045,"org1","org1rec-2753-dup-0","2753",true
4046,"org1","org1rec-3547-org","3547",true
4047,"org","orgrec-696-org","696",false
4048,"org","orgrec-2884-org","2884",false
4048,"org1","org1rec-2884-dup-0","2884",true
4049,"org1","org1rec-538-dup-0","538",true
4049,"org","orgrec-538-org","538",false
4050,"org1","org1rec-2702-dup-0","2702",true
4050,"org","orgrec-2702-org","2702",false
4051,"org1","org1rec-757-dup-0","757",true
4052,"org","orgrec-4368-org","4368",false
4053,"org1","org1rec-3307-dup-0","3307",true
4053,"org1","org1rec-3307-org","3307",true
4054,"org","orgrec-4237-org","4237",false
4055,"org1","org1rec-3445-org","3445",true
4055,"org1","org1rec-3445-dup-0","3445",true
4056,"org1","org1rec-1926-dup-0","1926",true
4057,"org1","org1rec-4538-dup-0","4538",true
4058,"org1","org1rec-2052-org","2052",true
4059,"org","orgrec-3159-org","3159",false
4060,"org","orgrec-1554-org","1554",false
4060,"org1","org1rec-1554-dup-0","1554",true
4061,"org1","org1rec-4573-org","4573",true
4062,"org","orgrec-3382-org","3382",false
4062,"org1","org1rec-3382-dup-0","3382",true
4063,"org1","org1rec-4963-org","4963",true
4063,"org1","org1rec-4963-dup-0","4963",true
4064,"org","orgrec-2262-org","2262",false
4064,"org1","org1rec-2262-dup-0","2262",true
4065,"org","orgrec-1527-org","1527",false
4066,"org1","org1rec-3223-dup-0","3223",true
4066,"org","orgrec-3223-org","3223",false
4067,"org","orgrec-4911-org","4911",false
4067,"org1","org1rec-4911-dup-0","4911",true
4068,"org1","org1rec-2364-org","2364",true
4068,"org1","org1rec-2364-dup-0","2364",true
4069,"org","orgrec-2774-org","2774",false
4069,"org1","org1rec-2774-dup-0","2774",true
4070,"org1","org1rec-398-dup-0","398",true
4071,"org","orgrec-2438-org","2438",false
4071,"org1","org1rec-2438-dup-0","2438",true
4072,"org","orgrec-4287-org","4287",false
4073,"org1","org1rec-3244-dup-0","3244",true
4074,"org","orgrec-3576-org","3576",false
4074,"org1","org1rec-3576-dup-0","3576",true
4075,"org1","org1rec-361-dup-0","361",true
4076,"org1","org1rec-3723-dup-0","3723",true
4076,"org","orgrec-3723-org","3723",false
4077,"org1","org1rec-3138-dup-0","3138",true
4077,"org","orgrec-3138-org","3138",false
4078,"org","orgrec-2401-org","2401",false
4078,"org1","org1rec-2401-dup-0","2401",true
4079,"org","orgrec-67-org","67",false
4079,"org1","org1rec-67-dup-0","67",true
4080,"org1","org1rec-377-dup-0","377",true
4080,"org","orgrec-377-org","377",false
4081,"org1","org1rec-421-dup-0","421",true
4081,"org","orgrec-421-org","421",false
4082,"org","orgrec-1182-org","1182",false
4082,"org1","org1rec-1182-dup-0","1182",true
4083,"org1","org1rec-11-dup-0","11",true
4084,"org","orgrec-710-org","710",false
4084,"org1","org1rec-710-dup-0","710",true
4085,"org1","org1rec-443-dup-0","443",true
4086,"org1","org1rec-1706-dup-0","1706",true
4087,"org","orgrec-2381-org","2381",false
4088,"org1","org1rec-3869-dup-0","3869",true
4089,"org","orgrec-817-org","817",false
4090,"org","orgrec-699-org","699",false
4091,"org","orgrec-4818-org","4818",false
4091,"org1","org1rec-4818-dup-0","4818",true
4092,"org1","org1rec-4871-dup-0","4871",true
4092,"org1","org1rec-4871-org","4871",true
4093,"org1","org1rec-4107-dup-0","4107",true
4093,"org","orgrec-4107-org","4107",false
4094,"org1","org1rec-916-dup-0","916",true
4095,"org1","org1rec-1471-dup-0","1471",true
4095,"org1","org1rec-1471-org","1471",true
4096,"org1","org1rec-1302-dup-0","1302",true
4097,"org1","org1rec-1457-dup-0","1457",true
4098,"org1","org1rec-3392-org","3392",true
4099,"org","orgrec-1082-org","1082",false
4099,"org1","org1rec-1082-dup-0","1082",true
4100,"org1","org1rec-3222-dup-0","3222",true
4101,"org","orgrec-1766-org","1766",false
4101,"org1","org1rec-1766-dup-0","1766",true
4102,"org","orgrec-709-org","709",false
4103,"org","orgrec-1729-org","1729",false
4104,"org1","org1rec-1349-dup-0","1349",true
4105,"org1","org1rec-4436-dup-0","4436",true
4105,"org","orgrec-4436-org","4436",false
4106,"org1","org1rec-3811-dup-0","3811",true
4106,"org1","org1rec-3811-org","3811",true
4107,"org","orgrec-4000-org","4000",false
4107,"org1","org1rec-4000-dup-0","4000",true
4108,"org","orgrec-713-org","713",false
4108,"org1","org1rec-713-dup-0","713",true
4109,"org1","org1rec-2178-dup-0","2178",true
4110,"org1","org1rec-1587-dup-0","1587",true
4110,"org","orgrec-1587-org","1587",false
4111,"org","orgrec-1947-org","1947",false
4111,"org1","org1rec-1947-dup-0","1947",true
4112,"org1","org1rec-682-dup-0","682",true
4112,"org1","org1rec-682-org","682",true
4113,"org","orgrec-2746-org","2746",false
4113,"org1","org1rec-2746-dup-0","2746",true
4114,"org","orgrec-3023-org","3023",false
4114,"org1","org1rec-3023-dup-0","3023",true
4115,"org","orgrec-2454-org","2454",false
4115,"org1","org1rec-2454-dup-0","2454",true
4116,"org1","org1rec-1679-dup-0","1679",true
4116,"org1","org1rec-1679-org","1679",true
4117,"org1","org1rec-3296-org","3296",true
4117,"org1","org1rec-3296-dup-0","3296",true
4118,"org1","org1rec-2842-org","2842",true
4118,"org1","org1rec-2842-dup-0","2842",true
4119,"org1","org1rec-4401-dup-0","4401",true
4120,"org1","org1rec-3440-dup-0","3440",true
4120,"org","orgrec-3440-org","3440",false
4121,"org","orgrec-2907-org","2907",false
4121,"org1","org1rec-2907-dup-0","2907",true
4122,"org","orgrec-2247-org","2247",false
4122,"org1","org1rec-2247-dup-0","2247",true
4123,"org","orgrec-481-org","481",false
4124,"org1","org1rec-1798-dup-0","1798",true
4124,"org","orgrec-1798-org","1798",false
4125,"org1","org1rec-4986-dup-0","4986",true
4126,"org1","org1rec-2175-dup-0","2175",true
4126,"org","orgrec-2175-org","2175",false
4127,"org1","org1rec-466-dup-0","466",true
4127,"org","orgrec-466-org","466",false
4128,"org","orgrec-1091-org","1091",false
4128,"org1","org1rec-1091-dup-0","1091",true
4129,"org","orgrec-636-org","636",false
4130,"org","orgrec-3819-org","3819",false
4131,"org1","org1rec-3471-dup-0","3471",true
4132,"org1","org1rec-4968-dup-0","4968",true
4132,"org","orgrec-4968-org","4968",false
4133,"org1","org1rec-3870-dup-0","3870",true
4133,"org","orgrec-3870-org","3870",false
4134,"org1","org1rec-1197-dup-0","1197",true
4135,"org","orgrec-97-org","97",false
4135,"org1","org1rec-97-dup-0","97",true
4136,"org1","org1rec-3226-dup-0","3226",true
4137,"org","orgrec-2602-org","2602",false
4137,"org1","org1rec-2602-dup-0","2602",true
4138,"org1","org1rec-4037-dup-0","4037",true
4138,"org1","org1rec-4037-org","4037",true
4139,"org","orgrec-1032-org","1032",false
4139,"org1","org1rec-1032-dup-0","1032",true
4140,"org","orgrec-1142-org","1142",false
4140,"org1","org1rec-1142-dup-0","1142",true
4141,"org1","org1rec-4183-dup-0","4183",true
4141,"org","orgrec-4183-org","4183",false
4142,"org1","org1rec-1469-org","1469",true
4142,"org1","org1rec-1469-dup-0","1469",true
4143,"org","orgrec-341-org","341",false
4143,"org1","org1rec-341-dup-0","341",true
4144,"org","orgrec-2165-org","2165",false
4145,"org1","org1rec-1436-dup-0","1436",true
4145,"org","orgrec-1436-org","1436",false
4146,"org1","org1rec-733-dup-0","733",true
4146,"org","orgrec-733-org","733",false
4147,"org1","org1rec-1106-org","1106",true
4148,"org1","org1rec-2877-dup-0","2877",true
4148,"org","orgrec-2877-org","2877",false
4149,"org1","org1rec-4805-dup-0","4805",true
4150,"org","orgrec-1487-org","1487",false
4150,"org1","org1rec-1487-dup-0","1487",true
4151,"org1","org1rec-2520-dup-0","2520",true
4151,"org1","org1rec-2520-org","2520",true
4152,"org1","org1rec-3389-org","3389",true
4153,"org1","org1rec-4277-dup-0","4277",true
4153,"org","orgrec-4277-org","4277",false
4154,"org1","org1rec-1822-dup-0","1822",true
4154,"org","orgrec-1822-org","1822",false
4155,"org1","org1rec-2116-org","2116",true
4155,"org1","org1rec-2116-dup-0","2116",true
4156,"org1","org1rec-1264-org","1264",true
4156,"org1","org1rec-1264-dup-0","1264",true
4157,"org1","org1rec-4810-dup-0","4810",true
4158,"org","orgrec-1195-org","1195",false
4158,"org1","org1rec-1195-dup-0","1195",true
4159,"org","orgrec-1006-org","1006",false
4159,"org1","org1rec-1006-dup-0","1006",true
4160,"org","orgrec-2299-org","2299",false
4161,"org1","org1rec-18-dup-0","18",true
4162,"org1","org1rec-2665-dup-0","2665",true
4162,"org1","org1rec-2665-org","2665",true
4163,"org1","org1rec-2480-dup-0","2480",true
4163,"org1","org1rec-2480-org","2480",true
4164,"org","orgrec-1200-org","1200",false
4164,"org1","org1rec-1200-dup-0","1200",true
4165,"org","orgrec-1308-org","1308",false
4165,"org1","org1rec-1308-dup-0","1308",true
4166,"org","orgrec-4999-org","4999",false
4167,"org1","org1rec-2523-org","2523",true
4167,"org1","org1rec-2523-dup-0","2523",true
4168,"org1","org1rec-701-dup-0","701",true
4168,"org","orgrec-701-org","701",false
4169,"org1","org1rec-2725-dup-0","2725",true
4169,"org","orgrec-2725-org","2725",false
4170,"org","orgrec-1653-org","1653",false
4171,"org","orgrec-4421-org","4421",false
4171,"org1","org1rec-4421-dup-0","4421",true
4172,"org","orgrec-154-org","154",false
4173,"org1","org1rec-2711-dup-0","2711",true
4174,"org","orgrec-3988-org","3988",false
4175,"org1","org1rec-1838-org","1838",true
4175,"org1","org1rec-1838-dup-0","1838",true
4176,"org","orgrec-3263-org","3263",false
4176,"org1","org1rec-3263-dup-0","3263",true
4177,"org1","org1rec-4851-dup-0","4851",true
4178,"org1","org1rec-873-dup-0","873",true
4179,"org1","org1rec-4099-dup-0","4099",true
4179,"org","orgrec-4099-org","4099",false
4180,"org1","org1rec-3193-org","3193",true
4180,"org1","org1rec-3193-dup-0","3193",true
4181,"org1","org1rec-1904-dup-0","1904",true
4181,"org","orgrec-1904-org","1904",false
4182,"org1","org1rec-2870-dup-0","2870",true
4182,"org","orgrec-2870-org","2870",false
4183,"org1","org1rec-3025-dup-0","3025",true
4183,"org1","org1rec-3025-org","3025",true
4184,"org","orgrec-1655-org","1655",false
4184,"org1","org1rec-1655-dup-0","1655",true
4185,"org","orgrec-1037-org","1037",false
4185,"org1","org1rec-1037-dup-0","1037",true
4186,"org","orgrec-1686-org","1686",false
4187,"org1","org1rec-3422-org","3422",true
4187,"org1","org1rec-3422-dup-0","3422",true
4188,"org","orgrec-2672-org","2672",false
4188,"org1","org1rec-2672-dup-0","2672",true
4189,"org1","org1rec-2267-dup-0","2267",true
4189,"org1","org1rec-2267-org","2267",true
4190,"org","orgrec-4010-org","4010",false
4190,"org1","org1rec-4010-dup-0","4010",true
4191,"org1","org1rec-1077-dup-0","1077",true
4192,"org1","org1rec-730-dup-0","730",true
4192,"org1","org1rec-730-org","730",true
4193,"org1","org1rec-2691-dup-0","2691",true
4194,"org1","org1rec-1004-dup-0","1004",true
4194,"org","orgrec-1004-org","1004",false
4195,"org1","org1rec-3608-dup-0","3608",true
4195,"org1","org1rec-3608-org","3608",true
4196,"org1","org1rec-1499-org","1499",true
4197,"org","orgrec-1539-org","1539",false
4198,"org","orgrec-3125-org","3125",false
4198,"org1","org1rec-3125-dup-0","3125",true
4199,"org1","org1rec-63-dup-0","63",true
4199,"org","orgrec-63-org","63",false
4200,"org1","org1rec-1967-dup-0","1967",true
4200,"org","orgrec-1967-org","1967",false
4201,"org","orgrec-1405-org","1405",false
4201,"org1","org1rec-1405-dup-0","1405",true
4202,"org1","org1rec-2302-org","2302",true
4202,"org1","org1rec-2302-dup-0","2302",true
4203,"org","orgrec-514-org","514",false
4204,"org","orgrec-2708-org","2708",false
4204,"org1","org1rec-2708-dup-0","2708",true
4205,"org1","org1rec-1698-dup-0","1698",true
4205,"org1","org1rec-1698-org","1698",true
4206,"org1","org1rec-4964-org","4964",true
4206,"org1","org1rec-4964-dup-0","4964",true
4207,"org1","org1rec-4068-dup-0","4068",true
4207,"org1","org1rec-4068-org","4068",true
4208,"org1","org1rec-3488-dup-0","3488",true
4208,"org","orgrec-3488-org","3488",false
4209,"org","orgrec-2790-org","2790",false
4209,"org1","org1rec-2790-dup-0","2790",true
4210,"org1","org1rec-678-org","678",true
4210,"org1","org1rec-678-dup-0","678",true
4211,"org1","org1rec-1849-dup-0","1849",true
4211,"org","orgrec-1849-org","1849",false
4212,"org1","org1rec-329-dup-0","329",true
4213,"org1","org1rec-4941-dup-0","4941",true
4214,"org1","org1rec-4153-dup-0","4153",true
4215,"org","orgrec-3849-org","3849",false
4216,"org","orgrec-634-org","634",false
4217,"org","orgrec-2651-org","2651",false
4218,"org1","org1rec-3652-org","3652",true
4218,"org1","org1rec-3652-dup-0","3652",true
4219,"org1","org1rec-2603-dup-0","2603",true
4219,"org","orgrec-2603-org","2603",false
4220,"org","orgrec-1878-org","1878",false
4220,"org1","org1rec-1878-dup-0","1878",true
4221,"org1","org1rec-3072-dup-0","3072",true
4221,"org","orgrec-3072-org","3072",false
4222,"org1","org1rec-33-dup-0","33",true
4223,"org","orgrec-2211-org","2211",false
4224,"org1","org1rec-4170-dup-0","4170",true
4225,"org1","org1rec-4995-dup-0","4995",true
4225,"org","orgrec-4995-org","4995",false
4226,"org","orgrec-698-org","698",false
4227,"org1","org1rec-1288-dup-0","1288",true
4227,"org1","org1rec-1288-org","1288",true
4228,"org1","org1rec-4154-dup-0","4154",true
4228,"org","orgrec-4154-org","4154",false
4229,"org1","org1rec-771-dup-0","771",true
4229,"org1","org1rec-771-org","771",true
4230,"org","orgrec-2351-org","2351",false
4231,"org1","org1rec-3960-dup-0","3960",true
4231,"org","orgrec-3960-org","3960",false
4232,"org","orgrec-4804-org","4804",false
4232,"org1","org1rec-4804-dup-0","4804",true
4233,"org","orgrec-2461-org","2461",false
4233,"org1","org1rec-2461-dup-0","2461",true
4234,"org1","org1rec-2547-dup-0","2547",true
4234,"org","orgrec-2547-org","2547",false
4235,"org","orgrec-1218-org","1218",false
4235,"org1","org1rec-1218-dup-0","1218",true
4236,"org1","org1rec-4371-dup-0","4371",true
4236,"org1","org1rec-4371-org","4371",true
4237,"org","orgrec-1358-org","1358",false
4237,"org1","org1rec-1358-dup-0","1358",true
4238,"org1","org1rec-4043-dup-0","4043",true
4239,"org1","org1rec-1486-dup-0","1486",true
4239,"org1","org1rec-1486-org","1486",true
4240,"org","orgrec-3601-org","3601",false
4240,"org1","org1rec-3601-dup-0","3601",true
4241,"org","orgrec-387-org","387",false
4241,"org1","org1rec-387-dup-0","387",true
4242,"org1","org1rec-576-dup-0","576",true
4242,"org1","org1rec-576-org","576",true
4243,"org1","org1rec-2590-org","2590",true
4244,"org1","org1rec-489-dup-0","489",true
4244,"org","orgrec-489-org","489",false
4245,"org","orgrec-1319-org","1319",false
4245,"org1","org1rec-1319-dup-0","1319",true
4246,"org","orgrec-4509-org","4509",false
4247,"org1","org1rec-3163-dup-0","3163",true
4247,"org","orgrec-3163-org","3163",false
4248,"org","orgrec-1417-org","1417",false
4248,"org1","org1rec-1417-dup-0","1417",true
4249,"org1","org1rec-2946-dup-0","2946",true
4249,"org","orgrec-2946-org","2946",false
4250,"org","orgrec-3562-org","3562",false
4251,"org","orgrec-3391-org","3391",false
4251,"org1","org1rec-3391-dup-0","3391",true
4252,"org1","org1rec-3868-dup-0","3868",true
4253,"org1","org1rec-4678-dup-0","4678",true
4254,"org","orgrec-4677-org","4677",false
4254,"org1","org1rec-4677-dup-0","4677",true
4255,"org1","org1rec-4122-dup-0","4122",true
4255,"org","orgrec-4122-org","4122",false
4256,"org1","org1rec-823-dup-0","823",true
4256,"org1","org1rec-823-org","823",true
4257,"org","orgrec-1687-org","1687",false
4257,"org1","org1rec-1687-dup-0","1687",true
4258,"org1","org1rec-1477-org","1477",true
4259,"org1","org1rec-1348-dup-0","1348",true
4260,"org1","org1rec-3678-dup-0","3678",true
4261,"org","orgrec-2761-org","2761",false
4261,"org1","org1rec-2761-dup-0","2761",true
4262,"org1","org1rec-4355-dup-0","4355",true
4262,"org","orgrec-4355-org","4355",false
4263,"org1","org1rec-3198-dup-0","3198",true
4263,"org","orgrec-3198-org","3198",false
4264,"org1","org1rec-1557-org","1557",true
4265,"org1","org1rec-3558-dup-0","3558",true
4265,"org","orgrec-3558-org","3558",false
4266,"org","orgrec-4576-org","4576",false
4267,"org","orgrec-3272-org","3272",false
4267,"org1","org1rec-3272-dup-0","3272",true
4268,"org1","org1rec-3232-org","3232",true
4268,"org1","org1rec-3232-dup-0","3232",true
4269,"org","orgrec-4070-org","4070",false
4270,"org1","org1rec-612-dup-0","612",true
4270,"org","orgrec-612-org","612",false
4271,"org","orgrec-4274-org","4274",false
4272,"org1","org1rec-790-org","790",true
4273,"org1","org1rec-1793-dup-0","1793",true
4274,"org1","org1rec-4876-dup-0","4876",true
4274,"org","orgrec-4876-org","4876",false
4275,"org1","org1rec-4787-dup-0","4787",true
4275,"org","orgrec-4787-org","4787",false
4276,"org1","org1rec-2917-dup-0","2917",true
4276,"org","orgrec-2917-org","2917",false
4277,"org","orgrec-971-org","971",false
4277,"org1","org1rec-971-dup-0","971",true
4278,"org1","org1rec-1149-dup-0","1149",true
4278,"org1","org1rec-1149-org","1149",true
4279,"org1","org1rec-2797-org","2797",true
4280,"org","orgrec-1466-org","1466",false
4281,"org1","org1rec-1435-org","1435",true
4281,"org1","org1rec-1435-dup-0","1435",true
4282,"org","orgrec-3747-org","3747",false
4282,"org1","org1rec-3747-dup-0","3747",true
4283,"org1","org1rec-343-dup-0","343",true
4283,"org","orgrec-343-org","343",false
4284,"org","orgrec-324-org","324",false
4284,"org1","org1rec-324-dup-0","324",true
4285,"org","orgrec-2769-org","2769",false
4286,"org1","org1rec-1294-dup-0","1294",true
4287,"org1","org1rec-1865-dup-0","1865",true
4288,"org1","org1rec-924-dup-0","924",true
4289,"org","orgrec-176-org","176",false
4289,"org1","org1rec-176-dup-0","176",true
4290,"org","orgrec-2993-org","2993",false
4291,"org1","org1rec-2112-dup-0","2112",true
4292,"org1","org1rec-1312-dup-0","1312",true
4292,"org","orgrec-1312-org","1312",false
4293,"org","orgrec-1524-org","1524",false
4293,"org1","org1rec-1524-dup-0","1524",true
4294,"org1","org1rec-2228-dup-0","2228",true
4294,"org","orgrec-2228-org","2228",false
4295,"org1","org1rec-3269-org","3269",true
4296,"org1","org1rec-232-dup-0","232",true
4296,"org","orgrec-232-org","232",false
4297,"org","orgrec-2918-org","2918",false
4298,"org1","org1rec-3569-dup-0","3569",true
4298,"org","orgrec-3569-org","3569",false
4299,"org1","org1rec-3388-dup-0","3388",true
4300,"org","orgrec-1157-org","1157",false
4301,"org1","org1rec-3724-dup-0","3724",true
4301,"org","orgrec-3724-org","3724",false
4302,"org","orgrec-3935-org","3935",false
4303,"org1","org1rec-78-org","78",true
4304,"org1","org1rec-4548-dup-0","4548",true
4304,"org","orgrec-4548-org","4548",false
4305,"org1","org1rec-43-org","43",true
4306,"org1","org1rec-595-dup-0","595",true
4306,"org","orgrec-595-org","595",false
4307,"org","orgrec-4364-org","4364",false
4307,"org1","org1rec-4364-dup-0","4364",true
4308,"org1","org1rec-3637-dup-0","3637",true
4309,"org","orgrec-3343-org","3343",false
4309,"org1","org1rec-3343-dup-0","3343",true
4310,"org1","org1rec-75-dup-0","75",true
4310,"org","orgrec-75-org","75",false
4311,"org1","org1rec-509-dup-0","509",true
4312,"org","orgrec-4156-org","4156",false
4313,"org1","org1rec-1449-org","1449",true
4313,"org1","org1rec-1449-dup-0","1449",true
4314,"org","orgrec-3813-org","3813",false
4315,"org1","org1rec-4775-dup-0","4775",true
4315,"org","orgrec-4775-org","4775",false
4316,"org1","org1rec-320-org","320",true
4317,"org1","org1rec-2232-dup-0","2232",true
4318,"org1","org1rec-3396-dup-0","3396",true
4318,"org","orgrec-3396-org","3396",false
4319,"org1","org1rec-4065-dup-0","4065",true
4320,"org1","org1rec-2030-dup-0","2030",true
4321,"org","orgrec-260-org","260",false
4321,"org1","org1rec-260-dup-0","260",true
4322,"org1","org1rec-4453-dup-0","4453",true
4322,"org","orgrec-4453-org","4453",false
4323,"org1","org1rec-1683-dup-0","1683",true
4324,"org1","org1rec-2416-org","2416",true
4324,"org1","org1rec-2416-dup-0","2416",true
4325,"org1","org1rec-3227-dup-0","3227",true
4325,"org","orgrec-3227-org","3227",false
4326,"org","orgrec-4435-org","4435",false
4326,"org1","org1rec-4435-dup-0","4435",true
4327,"org","orgrec-339-org","339",false
4328,"org1","org1rec-184-dup-0","184",true
4328,"org","orgrec-184-org","184",false
4329,"org","orgrec-1107-org","1107",false
4330,"org1","org1rec-2722-dup-0","2722",true
4330,"org","orgrec-2722-org","2722",false
4331,"org1","org1rec-3959-dup-0","3959",true
4332,"org1","org1rec-1329-dup-0","1329",true
4332,"org","orgrec-1329-org","1329",false
4333,"org","orgrec-2177-org","2177",false
4334,"org1","org1rec-3685-org","3685",true
4334,"org1","org1rec-3685-dup-0","3685",true
4335,"org1","org1rec-2387-dup-0","2387",true
4336,"org1","org1rec-4445-dup-0","4445",true
4336,"org","orgrec-4445-org","4445",false
4337,"org1","org1rec-1818-dup-0","1818",true
4338,"org1","org1rec-1463-dup-0","1463",true
4338,"org","orgrec-1463-org","1463",false
4339,"org1","org1rec-301-dup-0","301",true
4339,"org1","org1rec-301-org","301",true
4340,"org1","org1rec-4577-dup-0","4577",true
4341,"org","orgrec-1390-org","1390",false
4342,"org1","org1rec-3303-org","3303",true
4342,"org1","org1rec-3303-dup-0","3303",true
4343,"org1","org1rec-4840-dup-0","4840",true
4343,"org","orgrec-4840-org","4840",false
4344,"org1","org1rec-3600-dup-0","3600",true
4344,"org","orgrec-3600-org","3600",false
4345,"org1","org1rec-4077-org","4077",true
4346,"org","orgrec-2106-org","2106",false
4346,"org1","org1rec-2106-dup-0","2106",true
4347,"org1","org1rec-521-dup-0","521",true
4347,"org1","org1rec-521-org","521",true
4348,"org1","org1rec-1829-dup-0","1829",true
4349,"org1","org1rec-2062-dup-0","2062",true
4349,"org","orgrec-2062-org","2062",false
4350,"org","orgrec-4829-org","4829",false
4351,"org","orgrec-447-org","447",false
4351,"org1","org1rec-447-dup-0","447",true
4352,"org1","org1rec-180-org","180",true
4352,"org1","org1rec-180-dup-0","180",true
4353,"org1","org1rec-4522-dup-0","4522",true
4354,"org","orgrec-3820-org","3820",false
4354,"org1","org1rec-3820-dup-0","3820",true
4355,"org","orgrec-1255-org","1255",false
4355,"org1","org1rec-1255-dup-0","1255",true
4356,"org1","org1rec-1215-dup-0","1215",true
4356,"org1","org1rec-1215-org","1215",true
4357,"org","orgrec-1232-org","1232",false
4357,"org1","org1rec-1232-dup-0","1232",true
4358,"org1","org1rec-4066-dup-0","4066",true
4359,"org1","org1rec-774-dup-0","774",true
4359,"org1","org1rec-774-org","774",true
4360,"org1","org1rec-291-org","291",true
4361,"org1","org1rec-1267-dup-0","1267",true
4361,"org1","org1rec-1267-org","1267",true
4362,"org1","org1rec-1100-dup-0","1100",true
4362,"org","orgrec-1100-org","1100",false
4363,"org1","org1rec-1020-dup-0","1020",true
4363,"org","orgrec-1020-org","1020",false
4364,"org","orgrec-2898-org","2898",false
4365,"org1","org1rec-4922-dup-0","4922",true
4366,"org","orgrec-1526-org","1526",false
4366,"org1","org1rec-1526-dup-0","1526",true
4367,"org1","org1rec-412-dup-0","412",true
4368,"org1","org1rec-954-dup-0","954",true
4369,"org1","org1rec-4658-org","4658",true
4369,"org1","org1rec-4658-dup-0","4658",true
4370,"org","orgrec-1632-org","1632",false
4370,"org1","org1rec-1632-dup-0","1632",true
4371,"org1","org1rec-3084-dup-0","3084",true
4371,"org1","org1rec-3084-org","3084",true
4372,"org1","org1rec-2741-dup-0","2741",true
4372,"org1","org1rec-2741-org","2741",true
4373,"org1","org1rec-3390-org","3390",true
4374,"org1","org1rec-1314-org","1314",true
4375,"org1","org1rec-1266-dup-0","1266",true
4375,"org","orgrec-1266-org","1266",false
4376,"org","orgrec-3506-org","3506",false
4377,"org","orgrec-2622-org","2622",false
4378,"org1","org1rec-4812-dup-0","4812",true
4378,"org","orgrec-4812-org","4812",false
4379,"org","orgrec-173-org","173",false
4379,"org1","org1rec-173-dup-0","173",true
4380,"org1","org1rec-1909-dup-0","1909",true
4380,"org","orgrec-1909-org","1909",false
4381,"org1","org1rec-4946-org","4946",true
4381,"org1","org1rec-4946-dup-0","4946",true
4382,"org","orgrec-98-org","98",false
4383,"org","orgrec-1722-org","1722",false
4383,"org1","org1rec-1722-dup-0","1722",true
4384,"org","orgrec-2887-org","2887",false
4384,"org1","org1rec-2887-dup-0","2887",true
4385,"org","orgrec-3868-org","3868",false
4386,"org","orgrec-2654-org","2654",false
4386,"org1","org1rec-2654-dup-0","2654",true
4387,"org1","org1rec-3996-org","3996",true
4388,"org","orgrec-3219-org","3219",false
4389,"org1","org1rec-2765-dup-0","2765",true
4390,"org1","org1rec-4530-dup-0","4530",true
4390,"org1","org1rec-4530-org","4530",true
4391,"org","orgrec-4335-org","4335",false
4392,"org1","org1rec-3584-dup-0","3584",true
4392,"org","orgrec-3584-org","3584",false
4393,"org1","org1rec-3030-dup-0","3030",true
4393,"org","orgrec-3030-org","3030",false
4394,"org","orgrec-582-org","582",false
4394,"org1","org1rec-582-dup-0","582",true
4395,"org","orgrec-697-org","697",false
4395,"org1","org1rec-697-dup-0","697",true
4396,"org1","org1rec-923-dup-0","923",true
4396,"org","orgrec-923-org","923",false
4397,"org","orgrec-1494-org","1494",false
4397,"org1","org1rec-1494-dup-0","1494",true
4398,"org1","org1rec-1131-dup-0","1131",true
4399,"org","orgrec-3778-org","3778",false
4399,"org1","org1rec-3778-dup-0","3778",true
4400,"org1","org1rec-3856-org","3856",true
4400,"org1","org1rec-3856-dup-0","3856",true
4401,"org1","org1rec-2952-org","2952",true
4402,"org","orgrec-2824-org","2824",false
4402,"org1","org1rec-2824-dup-0","2824",true
4403,"org","orgrec-380-org","380",false
4404,"org1","org1rec-655-dup-0","655",true
4404,"org","orgrec-655-org","655",false
4405,"org","orgrec-442-org","442",false
4405,"org1","org1rec-442-dup-0","442",true
4406,"org1","org1rec-3386-dup-0","3386",true
4406,"org","orgrec-3386-org","3386",false
4407,"org1","org1rec-4299-org","4299",true
4408,"org1","org1rec-2998-dup-0","2998",true
4408,"org","orgrec-2998-org","2998",false
4409,"org1","org1rec-3276-org","3276",true
4410,"org1","org1rec-632-org","632",true
4410,"org1","org1rec-632-dup-0","632",true
4411,"org1","org1rec-2331-dup-0","2331",true
4411,"org1","org1rec-2331-org","2331",true
4412,"org","orgrec-2548-org","2548",false
4412,"org1","org1rec-2548-dup-0","2548",true
4413,"org1","org1rec-1058-org","1058",true
4413,"org1","org1rec-1058-dup-0","1058",true
4414,"org","orgrec-4919-org","4919",false
4414,"org1","org1rec-4919-dup-0","4919",true
4415,"org1","org1rec-2671-dup-0","2671",true
4415,"org1","org1rec-2671-org","2671",true
4416,"org","orgrec-3338-org","3338",false
4416,"org1","org1rec-3338-dup-0","3338",true
4417,"org","orgrec-3139-org","3139",false
4417,"org1","org1rec-3139-dup-0","3139",true
4418,"org1","org1rec-2097-dup-0","2097",true
4418,"org1","org1rec-2097-org","2097",true
4419,"org1","org1rec-2248-dup-0","2248",true
4419,"org","orgrec-2248-org","2248",false
4420,"org1","org1rec-4427-dup-0","4427",true
4420,"org","orgrec-4427-org","4427",false
4421,"org1","org1rec-2002-dup-0","2002",true
4421,"org","orgrec-2002-org","2002",false
4422,"org1","org1rec-2472-dup-0","2472",true
4422,"org","orgrec-2472-org","2472",false
4423,"org","orgrec-4271-org","4271",false
4423,"org1","org1rec-4271-dup-0","4271",true
4424,"org","orgrec-4550-org","4550",false
4424,"org1","org1rec-4550-dup-0","4550",true
4425,"org","orgrec-1518-org","1518",false
4426,"org","orgrec-3226-org","3226",false
4427,"org1","org1rec-3581-dup-0","3581",true
4428,"org","orgrec-333-org","333",false
4429,"org1","org1rec-2134-dup-0","2134",true
4429,"org","orgrec-2134-org","2134",false
4430,"org1","org1rec-782-org","782",true
4430,"org1","org1rec-782-dup-0","782",true
4431,"org","orgrec-3008-org","3008",false
4431,"org1","org1rec-3008-dup-0","3008",true
4432,"org1","org1rec-898-dup-0","898",true
4432,"org","orgrec-898-org","898",false
4433,"org1","org1rec-2956-dup-0","2956",true
4434,"org1","org1rec-1767-org","1767",true
4435,"org","orgrec-1607-org","1607",false
4435,"org1","org1rec-1607-dup-0","1607",true
4436,"org1","org1rec-3768-dup-0","3768",true
4437,"org1","org1rec-4752-dup-0","4752",true
4437,"org","orgrec-4752-org","4752",false
4438,"org","orgrec-4211-org","4211",false
4438,"org1","org1rec-4211-dup-0","4211",true
4439,"org","orgrec-2974-org","2974",false
4439,"org1","org1rec-2974-dup-0","2974",true
4440,"org1","org1rec-4997-dup-0","4997",true
4440,"org1","org1rec-4997-org","4997",true
4441,"org1","org1rec-1999-org","1999",true
4442,"org1","org1rec-4396-dup-0","4396",true
4442,"org1","org1rec-4396-org","4396",true
4443,"org1","org1rec-1667-org","1667",true
4444,"org","orgrec-46-org","46",false
4444,"org1","org1rec-46-dup-0","46",true
4445,"org","orgrec-950-org","950",false
4446,"org1","org1rec-1846-dup-0","1846",true
4447,"org","orgrec-4478-org","4478",false
4448,"org1","org1rec-1857-dup-0","1857",true
4449,"org1","org1rec-2794-dup-0","2794",true
4450,"org1","org1rec-3775-dup-0","3775",true
4451,"org1","org1rec-3559-dup-0","3559",true
4451,"org","orgrec-3559-org","3559",false
4452,"org","orgrec-700-org","700",false
4452,"org1","org1rec-700-dup-0","700",true
4453,"org1","org1rec-3597-dup-0","3597",true
4453,"org","orgrec-3597-org","3597",false
4454,"org1","org1rec-2501-org","2501",true
4455,"org1","org1rec-342-dup-0","342",true
4455,"org","orgrec-342-org","342",false
4456,"org","orgrec-2811-org","2811",false
4456,"org1","org1rec-2811-dup-0","2811",true
4457,"org","orgrec-1147-org","1147",false
4457,"org1","org1rec-1147-dup-0","1147",true
4458,"org1","org1rec-2360-dup-0","2360",true
4458,"org","orgrec-2360-org","2360",false
4459,"org1","org1rec-1764-dup-0","1764",true
4460,"org1","org1rec-1598-dup-0","1598",true
4460,"org1","org1rec-1598-org","1598",true
4461,"org1","org1rec-1676-dup-0","1676",true
4461,"org1","org1rec-1676-org","1676",true
4462,"org","orgrec-1548-org","1548",false
4462,"org1","org1rec-1548-dup-0","1548",true
4463,"org","orgrec-1815-org","1815",false
4463,"org1","org1rec-1815-dup-0","1815",true
4464,"org1","org1rec-44-dup-0","44",true
4464,"org1","org1rec-44-org","44",true
4465,"org1","org1rec-3919-dup-0","3919",true
4465,"org","orgrec-3919-org","3919",false
4466,"org1","org1rec-2222-dup-0","2222",true
4466,"org1","org1rec-2222-org","2222",true
4467,"org","orgrec-3298-org","3298",false
4467,"org1","org1rec-3298-dup-0","3298",true
4468,"org1","org1rec-4413-dup-0","4413",true
4468,"org","orgrec-4413-org","4413",false
4469,"org1","org1rec-2414-dup-0","2414",true
4470,"org1","org1rec-1613-org","1613",true
4470,"org1","org1rec-1613-dup-0","1613",true
4471,"org","orgrec-646-org","646",false
4471,"org1","org1rec-646-dup-0","646",true
4472,"org","orgrec-1911-org","1911",false
4472,"org1","org1rec-1911-dup-0","1911",true
4473,"org","orgrec-2873-org","2873",false
4473,"org1","org1rec-2873-dup-0","2873",true
4474,"org","orgrec-3689-org","3689",false
4475,"org1","org1rec-3115-org","3115",true
4475,"org1","org1rec-3115-dup-0","3115",true
4476,"org1","org1rec-459-dup-0","459",true
4477,"org1","org1rec-4889-org","4889",true
4478,"org","orgrec-4659-org","4659",false
4478,"org1","org1rec-4659-dup-0","4659",true
4479,"org1","org1rec-4205-org","4205",true
4479,"org1","org1rec-4205-dup-0","4205",true
4480,"org1","org1rec-2965-dup-0","2965",true
4480,"org","orgrec-2965-org","2965",false
4481,"org1","org1rec-560-dup-0","560",true
4481,"org1","org1rec-560-org","560",true
4482,"org1","org1rec-2516-dup-0","2516",true
4482,"org","orgrec-2516-org","2516",false
4483,"org1","org1rec-352-dup-0","352",true
4483,"org","orgrec-352-org","352",false
4484,"org","orgrec-1448-org","1448",false
4485,"org","orgrec-1300-org","1300",false
4485,"org1","org1rec-1300-dup-0","1300",true
4486,"org1","org1rec-4368-dup-0","4368",true
4487,"org","orgrec-657-org","657",false
4487,"org1","org1rec-657-dup-0","657",true
4488,"org1","org1rec-307-dup-0","307",true
4488,"org1","org1rec-307-org","307",true
4489,"org1","org1rec-1023-dup-0","1023",true
4489,"org","orgrec-1023-org","1023",false
4490,"org1","org1rec-1572-dup-0","1572",true
4490,"org","orgrec-1572-org","1572",false
4491,"org1","org1rec-1044-org","1044",true
4491,"org1","org1rec-1044-dup-0","1044",true
4492,"org","orgrec-1378-org","1378",false
4493,"org1","org1rec-3913-org","3913",true
4493,"org1","org1rec-3913-dup-0","3913",true
4494,"org1","org1rec-1290-dup-0","1290",true
4494,"org","orgrec-1290-org","1290",false
4495,"org","orgrec-210-org","210",false
4496,"org1","org1rec-1512-dup-0","1512",true
4497,"org1","org1rec-4375-org","4375",true
4498,"org1","org1rec-1094-dup-0","1094",true
4498,"org","orgrec-1094-org","1094",false
4499,"org1","org1rec-2527-dup-0","2527",true
4499,"org","orgrec-2527-org","2527",false
4500,"org","orgrec-4710-org","4710",false
4500,"org1","org1rec-4710-dup-0","4710",true
4501,"org","orgrec-1453-org","1453",false
4502,"org","orgrec-2986-org","2986",false
4503,"org","orgrec-1693-org","1693",false
4503,"org1","org1rec-1693-dup-0","1693",true
4504,"org1","org1rec-185-dup-0","185",true
4504,"org","orgrec-185-org","185",false
4505,"org","orgrec-1113-org","1113",false
4505,"org1","org1rec-1113-dup-0","1113",true
4506,"org1","org1rec-3607-org","3607",true
4506,"org1","org1rec-3607-dup-0","3607",true
4507,"org1","org1rec-1782-dup-0","1782",true
4508,"org1","org1rec-4854-dup-0","4854",true
4508,"org","orgrec-4854-org","4854",false
4509,"org1","org1rec-4247-org","4247",true
4510,"org1","org1rec-568-dup-0","568",true
4510,"org","orgrec-568-org","568",false
4511,"org1","org1rec-2576-dup-0","2576",true
4511,"org","orgrec-2576-org","2576",false
4512,"org","orgrec-1777-org","1777",false
4512,"org1","org1rec-1777-dup-0","1777",true
4513,"org1","org1rec-4077-dup-0","4077",true
4514,"org1","org1rec-445-org","445",true
4515,"org","orgrec-665-org","665",false
4516,"org","orgrec-3983-org","3983",false
4516,"org1","org1rec-3983-dup-0","3983",true
4517,"org1","org1rec-4313-dup-0","4313",true
4518,"org","orgrec-128-org","128",false
4518,"org1","org1rec-128-dup-0","128",true
4519,"org","orgrec-3214-org","3214",false
4519,"org1","org1rec-3214-dup-0","3214",true
4520,"org1","org1rec-3914-dup-0","3914",true
4520,"org","orgrec-3914-org","3914",false
4521,"org","orgrec-3700-org","3700",false
4521,"org1","org1rec-3700-dup-0","3700",true
4522,"org1","org1rec-3206-org","3206",true
4523,"org1","org1rec-4848-dup-0","4848",true
4524,"org1","org1rec-4790-dup-0","4790",true
4525,"org","orgrec-4465-org","4465",false
4526,"org1","org1rec-4944-dup-0","4944",true
4527,"org","orgrec-1869-org","1869",false
4527,"org1","org1rec-1869-dup-0","1869",true
4528,"org1","org1rec-3363-dup-0","3363",true
4529,"org","orgrec-2244-org","2244",false
4529,"org1","org1rec-2244-dup-0","2244",true
4530,"org1","org1rec-2613-dup-0","2613",true
4530,"org1","org1rec-2613-org","2613",true
4531,"org","orgrec-2935-org","2935",false
4531,"org1","org1rec-2935-dup-0","2935",true
4532,"org","orgrec-2575-org","2575",false
4532,"org1","org1rec-2575-dup-0","2575",true
4533,"org1","org1rec-716-dup-0","716",true
4533,"org","orgrec-716-org","716",false
4534,"org","orgrec-649-org","649",false
4534,"org1","org1rec-649-dup-0","649",true
4535,"org1","org1rec-2902-dup-0","2902",true
4536,"org1","org1rec-2219-dup-0","2219",true
4537,"org","orgrec-3278-org","3278",false
4537,"org1","org1rec-3278-dup-0","3278",true
4538,"org","orgrec-669-org","669",false
4539,"org1","org1rec-3736-dup-0","3736",true
4539,"org","orgrec-3736-org","3736",false
4540,"org","orgrec-3177-org","3177",false
4541,"org","orgrec-4569-org","4569",false
4541,"org1","org1rec-4569-dup-0","4569",true
4542,"org1","org1rec-2291-dup-0","2291",true
4542,"org","orgrec-2291-org","2291",false
4543,"org","orgrec-2474-org","2474",false
4543,"org1","org1rec-2474-dup-0","2474",true
4544,"org","orgrec-1928-org","1928",false
4544,"org1","org1rec-1928-dup-0","1928",true
4545,"org","orgrec-1271-org","1271",false
4545,"org1","org1rec-1271-dup-0","1271",true
4546,"org","orgrec-871-org","871",false
4547,"org1","org1rec-3838-dup-0","3838",true
4547,"org","orgrec-3838-org","3838",false
4548,"org1","org1rec-1935-dup-0","1935",true
4548,"org1","org1rec-1935-org","1935",true
4549,"org","orgrec-1725-org","1725",false
4549,"org1","org1rec-1725-dup-0","1725",true
4550,"org1","org1rec-4282-dup-0","4282",true
4550,"org","orgrec-4282-org","4282",false
4551,"org1","org1rec-438-dup-0","438",true
4552,"org","orgrec-1057-org","1057",false
4553,"org1","org1rec-4557-dup-0","4557",true
4554,"org","orgrec-3448-org","3448",false
4554,"org1","org1rec-3448-dup-0","3448",true
4555,"org","orgrec-329-org","329",false
4556,"org","orgrec-3976-org","3976",false
4556,"org1","org1rec-3976-dup-0","3976",true
4557,"org1","org1rec-4081-dup-0","4081",true
4557,"org","orgrec-4081-org","4081",false
4558,"org","orgrec-3985-org","3985",false
4558,"org1","org1rec-3985-dup-0","3985",true
4559,"org1","org1rec-1199-dup-0","1199",true
4560,"org","orgrec-2565-org","2565",false
4560,"org1","org1rec-2565-dup-0","2565",true
4561,"org1","org1rec-137-dup-0","137",true
4562,"org1","org1rec-3342-dup-0","3342",true
4563,"org","orgrec-27-org","27",false
4563,"org1","org1rec-27-dup-0","27",true
4564,"org","orgrec-1152-org","1152",false
4564,"org1","org1rec-1152-dup-0","1152",true
4565,"org1","org1rec-2011-dup-0","2011",true
4565,"org","orgrec-2011-org","2011",false
4566,"org1","org1rec-2303-org","2303",true
4567,"org1","org1rec-3118-dup-0","3118",true
4567,"org1","org1rec-3118-org","3118",true
4568,"org","orgrec-219-org","219",false
4568,"org1","org1rec-219-dup-0","219",true
4569,"org","orgrec-1297-org","1297",false
4569,"org1","org1rec-1297-dup-0","1297",true
4570,"org1","org1rec-1533-dup-0","1533",true
4570,"org","orgrec-1533-org","1533",false
4571,"org1","org1rec-3735-dup-0","3735",true
4572,"org1","org1rec-603-dup-0","603",true
4572,"org1","org1rec-603-org","603",true
4573,"org","orgrec-3789-org","3789",false
4573,"org1","org1rec-3789-dup-0","3789",true
4574,"org1","org1rec-3132-org","3132",true
4574,"org1","org1rec-3132-dup-0","3132",true
4575,"org","orgrec-215-org","215",false
4575,"org1","org1rec-215-dup-0","215",true
4576,"org1","org1rec-1971-dup-0","1971",true
4577,"org","orgrec-2929-org","2929",false
4577,"org1","org1rec-2929-dup-0","2929",true
4578,"org1","org1rec-4477-dup-0","4477",true
4578,"org","orgrec-4477-org","4477",false
4579,"org1","org1rec-4237-dup-0","4237",true
4580,"org","orgrec-1640-org","1640",false
4580,"org1","org1rec-1640-dup-0","1640",true
4581,"org1","org1rec-1304-dup-0","1304",true
4581,"org","orgrec-1304-org","1304",false
4582,"org1","org1rec-4513-dup-0","4513",true
4582,"org","orgrec-4513-org","4513",false
4583,"org1","org1rec-4695-dup-0","4695",true
4583,"org1","org1rec-4695-org","4695",true
4584,"org1","org1rec-482-org","482",true
4585,"org1","org1rec-4612-dup-0","4612",true
4586,"org","orgrec-1856-org","1856",false
4587,"org1","org1rec-1046-dup-0","1046",true
4588,"org","orgrec-516-org","516",false
4589,"org","orgrec-109-org","109",false
4589,"org1","org1rec-109-dup-0","109",true
4590,"org","orgrec-1039-org","1039",false
4590,"org1","org1rec-1039-dup-0","1039",true
4591,"org1","org1rec-1599-dup-0","1599",true
4592,"org1","org1rec-267-dup-0","267",true
4593,"org1","org1rec-507-dup-0","507",true
4593,"org1","org1rec-507-org","507",true
4594,"org","orgrec-1898-org","1898",false
4595,"org1","org1rec-3054-dup-0","3054",true
4595,"org","orgrec-3054-org","3054",false
4596,"org","orgrec-3619-org","3619",false
4596,"org1","org1rec-3619-dup-0","3619",true
4597,"org","orgrec-3365-org","3365",false
4597,"org1","org1rec-3365-dup-0","3365",true
4598,"org","orgrec-4683-org","4683",false
4598,"org1","org1rec-4683-dup-0","4683",true
4599,"org1","org1rec-2362-org","2362",true
4600,"org1","org1rec-1025-org","1025",true
4600,"org1","org1rec-1025-dup-0","1025",true
4601,"org1","org1rec-3813-dup-0","3813",true
4602,"org1","org1rec-3295-dup-0","3295",true
4602,"org","orgrec-3295-org","3295",false
4603,"org1","org1rec-868-dup-0","868",true
4603,"org1","org1rec-868-org","868",true
4604,"org1","org1rec-1631-dup-0","1631",true
4605,"org","orgrec-2659-org","2659",false
4605,"org1","org1rec-2659-dup-0","2659",true
4606,"org","orgrec-503-org","503",false
4607,"org1","org1rec-1858-dup-0","1858",true
4607,"org","orgrec-1858-org","1858",false
4608,"org","orgrec-2213-org","2213",false
4609,"org","orgrec-312-org","312",false
4609,"org1","org1rec-312-dup-0","312",true
4610,"org1","org1rec-1995-dup-0","1995",true
4611,"org1","org1rec-2797-dup-0","2797",true
4612,"org","orgrec-4312-org","4312",false
4612,"org1","org1rec-4312-dup-0","4312",true
4613,"org1","org1rec-4063-dup-0","4063",true
4613,"org","orgrec-4063-org","4063",false
4614,"org1","org1rec-3233-dup-0","3233",true
4614,"org","orgrec-3233-org","3233",false
4615,"org1","org1rec-3780-dup-0","3780",true
4615,"org","orgrec-3780-org","3780",false
4616,"org","orgrec-4304-org","4304",false
4616,"org1","org1rec-4304-dup-0","4304",true
4617,"org1","org1rec-4276-dup-0","4276",true
4618,"org","orgrec-201-org","201",false
4619,"org1","org1rec-2467-dup-0","2467",true
4619,"org","orgrec-2467-org","2467",false
4620,"org","orgrec-252-org","252",false
4620,"org1","org1rec-252-dup-0","252",true
4621,"org1","org1rec-2700-dup-0","2700",true
4621,"org","orgrec-2700-org","2700",false
4622,"org1","org1rec-1691-dup-0","1691",true
4623,"org1","org1rec-3662-dup-0","3662",true
4623,"org","orgrec-3662-org","3662",false
4624,"org1","org1rec-1657-dup-0","1657",true
4624,"org1","org1rec-1657-org","1657",true
4625,"org","orgrec-4061-org","4061",false
4625,"org1","org1rec-4061-dup-0","4061",true
4626,"org1","org1rec-2193-dup-0","2193",true
4626,"org","orgrec-2193-org","2193",false
4627,"org1","org1rec-9-dup-0","9",true
4627,"org","orgrec-9-org","9",false
4628,"org","orgrec-3959-org","3959",false
4629,"org","orgrec-52-org","52",false
4629,"org1","org1rec-52-dup-0","52",true
4630,"org","orgrec-3977-org","3977",false
4630,"org1","org1rec-3977-dup-0","3977",true
4631,"org1","org1rec-4241-dup-0","4241",true
4631,"org","orgrec-4241-org","4241",false
4632,"org1","org1rec-2452-dup-0","2452",true
4632,"org","orgrec-2452-org","2452",false
4633,"org1","org1rec-3481-dup-0","3481",true
4633,"org","orgrec-3481-org","3481",false
4634,"org1","org1rec-1609-dup-0","1609",true
4634,"org","orgrec-1609-org","1609",false
4635,"org1","org1rec-4693-dup-0","4693",true
4636,"org1","org1rec-1441-dup-0","1441",true
4637,"org","orgrec-3729-org","3729",false
4638,"org1","org1rec-1343-org","1343",true
4638,"org1","org1rec-1343-dup-0","1343",true
4639,"org1","org1rec-4666-dup-0","4666",true
4639,"org","orgrec-4666-org","4666",false
4640,"org1","org1rec-4915-org","4915",true
4640,"org1","org1rec-4915-dup-0","4915",true
4641,"org","orgrec-1844-org","1844",false
4641,"org1","org1rec-1844-dup-0","1844",true
4642,"org1","org1rec-494-dup-0","494",true
4642,"org1","org1rec-494-org","494",true
4643,"org","orgrec-1855-org","1855",false
4643,"org1","org1rec-1855-dup-0","1855",true
4644,"org1","org1rec-2481-org","2481",true
4645,"org1","org1rec-2706-dup-0","2706",true
4646,"org1","org1rec-2099-org","2099",true
4646,"org1","org1rec-2099-dup-0","2099",true
4647,"org1","org1rec-4104-dup-0","4104",true
4647,"org","orgrec-4104-org","4104",false
4648,"org1","org1rec-1194-dup-0","1194",true
4649,"org","orgrec-4642-org","4642",false
4649,"org1","org1rec-4642-dup-0","4642",true
4650,"org1","org1rec-1173-dup-0","1173",true
4650,"org1","org1rec-1173-org","1173",true
4651,"org1","org1rec-899-dup-0","899",true
4651,"org1","org1rec-899-org","899",true
4652,"org","orgrec-1970-org","1970",false
4652,"org1","org1rec-1970-dup-0","1970",true
4653,"org","orgrec-499-org","499",false
4654,"org","orgrec-4729-org","4729",false
4654,"org1","org1rec-4729-dup-0","4729",true
4655,"org1","org1rec-3861-dup-0","3861",true
4655,"org1","org1rec-3861-org","3861",true
4656,"org1","org1rec-1251-dup-0","1251",true
4657,"org1","org1rec-3082-dup-0","3082",true
4657,"org","orgrec-3082-org","3082",false
4658,"org","orgrec-590-org","590",false
4658,"org1","org1rec-590-dup-0","590",true
4659,"org","orgrec-2829-org","2829",false
4659,"org1","org1rec-2829-dup-0","2829",true
4660,"org","orgrec-2513-org","2513",false
4660,"org1","org1rec-2513-dup-0","2513",true
4661,"org1","org1rec-714-dup-0","714",true
4661,"org","orgrec-714-org","714",false
4662,"org","orgrec-942-org","942",false
4662,"org1","org1rec-942-dup-0","942",true
4663,"org1","org1rec-2094-dup-0","2094",true
4664,"org1","org1rec-2153-dup-0","2153",true
4665,"org1","org1rec-461-dup-0","461",true
4665,"org","orgrec-461-org","461",false
4666,"org1","org1rec-3467-dup-0","3467",true
4667,"org1","org1rec-2332-dup-0","2332",true
4667,"org","orgrec-2332-org","2332",false
4668,"org1","org1rec-3265-dup-0","3265",true
4668,"org","orgrec-3265-org","3265",false
4669,"org","orgrec-3975-org","3975",false
4670,"org1","org1rec-2032-dup-0","2032",true
4671,"org1","org1rec-3759-org","3759",true
4671,"org1","org1rec-3759-dup-0","3759",true
4672,"org","orgrec-2140-org","2140",false
4673,"org","orgrec-963-org","963",false
4674,"org","orgrec-2804-org","2804",false
4674,"org1","org1rec-2804-dup-0","2804",true
4675,"org1","org1rec-116-dup-0","116",true
4675,"org","orgrec-116-org","116",false
4676,"org1","org1rec-4339-dup-0","4339",true
4677,"org1","org1rec-1762-dup-0","1762",true
4677,"org1","org1rec-1762-org","1762",true
4678,"org","orgrec-1422-org","1422",false
4679,"org","orgrec-596-org","596",false
4679,"org1","org1rec-596-dup-0","596",true
4680,"org","orgrec-1472-org","1472",false
4680,"org1","org1rec-1472-dup-0","1472",true
4681,"org1","org1rec-940-dup-0","940",true
4681,"org","orgrec-940-org","940",false
4682,"org","orgrec-4665-org","4665",false
4682,"org1","org1rec-4665-dup-0","4665",true
4683,"org1","org1rec-174-dup-0","174",true
4683,"org","orgrec-174-org","174",false
4684,"org1","org1rec-605-dup-0","605",true
4684,"org1","org1rec-605-org","605",true
4685,"org","orgrec-2698-org","2698",false
4685,"org1","org1rec-2698-dup-0","2698",true
4686,"org","orgrec-2664-org","2664",false
4687,"org","orgrec-752-org","752",false
4687,"org1","org1rec-752-dup-0","752",true
4688,"org","orgrec-473-org","473",false
4689,"org1","org1rec-3103-dup-0","3103",true
4690,"org1","org1rec-1538-dup-0","1538",true
4691,"org1","org1rec-3349-dup-0","3349",true
4691,"org","orgrec-3349-org","3349",false
4692,"org1","org1rec-3781-dup-0","3781",true
4692,"org","orgrec-3781-org","3781",false
4693,"org1","org1rec-4399-dup-0","4399",true
4694,"org1","org1rec-4236-dup-0","4236",true
4694,"org","orgrec-4236-org","4236",false
4695,"org","orgrec-1560-org","1560",false
4695,"org1","org1rec-1560-dup-0","1560",true
4696,"org1","org1rec-2779-dup-0","2779",true
4696,"org1","org1rec-2779-org","2779",true
4697,"org","orgrec-2354-org","2354",false
4698,"org1","org1rec-4994-dup-0","4994",true
4699,"org1","org1rec-3085-dup-0","3085",true
4699,"org","orgrec-3085-org","3085",false
4700,"org1","org1rec-1996-dup-0","1996",true
4701,"org","orgrec-1745-org","1745",false
4702,"org","orgrec-2617-org","2617",false
4702,"org1","org1rec-2617-dup-0","2617",true
4703,"org1","org1rec-2157-org","2157",true
4703,"org1","org1rec-2157-dup-0","2157",true
4704,"org","orgrec-686-org","686",false
4704,"org1","org1rec-686-dup-0","686",true
4705,"org1","org1rec-4455-dup-0","4455",true
4706,"org1","org1rec-2031-dup-0","2031",true
4707,"org1","org1rec-3479-org","3479",true
4707,"org1","org1rec-3479-dup-0","3479",true
4708,"org1","org1rec-1511-org","1511",true
4708,"org1","org1rec-1511-dup-0","1511",true
4709,"org","orgrec-2058-org","2058",false
4709,"org1","org1rec-2058-dup-0","2058",true
4710,"org","orgrec-3632-org","3632",false
4710,"org1","org1rec-3632-dup-0","3632",true
4711,"org","orgrec-1083-org","1083",false
4712,"org1","org1rec-2152-dup-0","2152",true
4712,"org","orgrec-2152-org","2152",false
4713,"org","orgrec-3071-org","3071",false
4714,"org1","org1rec-1359-dup-0","1359",true
4714,"org","orgrec-1359-org","1359",false
4715,"org","orgrec-4166-org","4166",false
4715,"org1","org1rec-4166-dup-0","4166",true
4716,"org1","org1rec-2149-org","2149",true
4717,"org1","org1rec-3993-dup-0","3993",true
4718,"org1","org1rec-4189-dup-0","4189",true
4718,"org1","org1rec-4189-org","4189",true
4719,"org1","org1rec-41-dup-0","41",true
4719,"org","orgrec-41-org","41",false
4720,"org1","org1rec-2132-dup-0","2132",true
4720,"org","orgrec-2132-org","2132",false
4721,"org","orgrec-1206-org","1206",false
4721,"org1","org1rec-1206-dup-0","1206",true
4722,"org","orgrec-1631-org","1631",false
4723,"org","orgrec-1823-org","1823",false
4724,"org1","org1rec-2039-org","2039",true
4724,"org1","org1rec-2039-dup-0","2039",true
4725,"org1","org1rec-620-dup-0","620",true
4725,"org","orgrec-620-org","620",false
4726,"org","orgrec-592-org","592",false
4726,"org1","org1rec-592-dup-0","592",true
4727,"org1","org1rec-1029-dup-0","1029",true
4727,"org","orgrec-1029-org","1029",false
4728,"org1","org1rec-3245-dup-0","3245",true
4728,"org","orgrec-3245-org","3245",false
4729,"org","orgrec-872-org","872",false
4729,"org1","org1rec-872-dup-0","872",true
4730,"org","orgrec-882-org","882",false
4730,"org1","org1rec-882-dup-0","882",true
4731,"org1","org1rec-1682-dup-0","1682",true
4731,"org1","org1rec-1682-org","1682",true
4732,"org1","org1rec-3504-dup-0","3504",true
4733,"org","orgrec-3268-org","3268",false
4733,"org1","org1rec-3268-dup-0","3268",true
4734,"org","orgrec-2105-org","2105",false
4734,"org1","org1rec-2105-dup-0","2105",true
4735,"org","orgrec-3594-org","3594",false
4736,"org","orgrec-2345-org","2345",false
4736,"org1","org1rec-2345-dup-0","2345",true
4737,"org","orgrec-2224-org","2224",false
4737,"org1","org1rec-2224-dup-0","2224",true
4738,"org1","org1rec-3706-dup-0","3706",true
4738,"org","orgrec-3706-org","3706",false
4739,"org1","org1rec-350-dup-0","350",true
4739,"org1","org1rec-350-org","350",true
4740,"org1","org1rec-3088-dup-0","3088",true
4740,"org","orgrec-3088-org","3088",false
4741,"org1","org1rec-2724-org","2724",true
4741,"org1","org1rec-2724-dup-0","2724",true
4742,"org1","org1rec-3477-dup-0","3477",true
4743,"org1","org1rec-2785-dup-0","2785",true
4743,"org","orgrec-2785-org","2785",false
4744,"org","orgrec-509-org","509",false
4745,"org1","org1rec-1146-dup-0","1146",true
4746,"org","orgrec-897-org","897",false
4746,"org1","org1rec-897-dup-0","897",true
4747,"org","orgrec-3903-org","3903",false
4748,"org","orgrec-3270-org","3270",false
4748,"org1","org1rec-3270-dup-0","3270",true
4749,"org1","org1rec-2088-dup-0","2088",true
4749,"org","orgrec-2088-org","2088",false
4750,"org1","org1rec-1225-dup-0","1225",true
4750,"org1","org1rec-1225-org","1225",true
4751,"org","orgrec-3109-org","3109",false
4752,"org1","org1rec-4487-dup-0","4487",true
4752,"org","orgrec-4487-org","4487",false
4753,"org","orgrec-2865-org","2865",false
4753,"org1","org1rec-2865-dup-0","2865",true
4754,"org","orgrec-4778-org","4778",false
4754,"org1","org1rec-4778-dup-0","4778",true
4755,"org","orgrec-2387-org","2387",false
4756,"org1","org1rec-2912-dup-0","2912",true
4757,"org1","org1rec-4606-dup-0","4606",true
4757,"org","orgrec-4606-org","4606",false
4758,"org1","org1rec-3605-org","3605",true
4759,"org1","org1rec-1121-dup-0","1121",true
4759,"org","orgrec-1121-org","1121",false
4760,"org","orgrec-3017-org","3017",false
4761,"org1","org1rec-4672-org","4672",true
4762,"org1","org1rec-2871-dup-0","2871",true
4762,"org","orgrec-2871-org","2871",false
4763,"org","orgrec-1874-org","1874",false
4763,"org1","org1rec-1874-dup-0","1874",true
4764,"org","orgrec-2330-org","2330",false
4764,"org1","org1rec-2330-dup-0","2330",true
4765,"org1","org1rec-1331-dup-0","1331",true
4766,"org","orgrec-1165-org","1165",false
4766,"org1","org1rec-1165-dup-0","1165",true
4767,"org","orgrec-3816-org","3816",false
4768,"org","orgrec-540-org","540",false
4768,"org1","org1rec-540-dup-0","540",true
4769,"org1","org1rec-3259-dup-0","3259",true
4769,"org","orgrec-3259-org","3259",false
4770,"org1","org1rec-1934-dup-0","1934",true
4771,"org1","org1rec-3761-dup-0","3761",true
4771,"org","orgrec-3761-org","3761",false
4772,"org1","org1rec-4765-dup-0","4765",true
4772,"org","orgrec-4765-org","4765",false
4773,"org","orgrec-677-org","677",false
4774,"org1","org1rec-471-org","471",true
4774,"org1","org1rec-471-dup-0","471",true
4775,"org","orgrec-1597-org","1597",false
4776,"org","orgrec-1501-org","1501",false
4776,"org1","org1rec-1501-dup-0","1501",true
4777,"org1","org1rec-4373-dup-0","4373",true
4777,"org","orgrec-4373-org","4373",false
4778,"org1","org1rec-2324-dup-0","2324",true
4779,"org1","org1rec-2276-dup-0","2276",true
4779,"org","orgrec-2276-org","2276",false
4780,"org1","org1rec-53-org","53",true
4780,"org1","org1rec-53-dup-0","53",true
4781,"org","orgrec-573-org","573",false
4781,"org1","org1rec-573-dup-0","573",true
4782,"org","orgrec-1479-org","1479",false
4783,"org1","org1rec-2354-dup-0","2354",true
4784,"org1","org1rec-3573-dup-0","3573",true
4784,"org","orgrec-3573-org","3573",false
4785,"org1","org1rec-3644-dup-0","3644",true
4785,"org","orgrec-3644-org","3644",false
4786,"org1","org1rec-3932-dup-0","3932",true
4787,"org","orgrec-3013-org","3013",false
4787,"org1","org1rec-3013-dup-0","3013",true
4788,"org1","org1rec-2192-org","2192",true
4789,"org1","org1rec-1641-dup-0","1641",true
4789,"org","orgrec-1641-org","1641",false
4790,"org1","org1rec-3381-dup-0","3381",true
4791,"org1","org1rec-1298-dup-0","1298",true
4791,"org","orgrec-1298-org","1298",false
4792,"org1","org1rec-1223-dup-0","1223",true
4793,"org1","org1rec-1101-dup-0","1101",true
4794,"org","orgrec-986-org","986",false
4794,"org1","org1rec-986-dup-0","986",true
4795,"org","orgrec-2810-org","2810",false
4795,"org1","org1rec-2810-dup-0","2810",true
4796,"org1","org1rec-1418-dup-0","1418",true
4796,"org","orgrec-1418-org","1418",false
4797,"org","orgrec-3473-org","3473",false
4797,"org1","org1rec-3473-dup-0","3473",true
4798,"org","orgrec-2080-org","2080",false
4799,"org","orgrec-815-org","815",false
4799,"org1","org1rec-815-dup-0","815",true
4800,"org1","org1rec-4873-dup-0","4873",true
4800,"org1","org1rec-4873-org","4873",true
4801,"org","orgrec-2473-org","2473",false
4801,"org1","org1rec-2473-dup-0","2473",true
4802,"org1","org1rec-4202-dup-0","4202",true
4803,"org1","org1rec-1347-dup-0","1347",true
4803,"org","orgrec-1347-org","1347",false
4804,"org1","org1rec-4990-dup-0","4990",true
4804,"org","orgrec-4990-org","4990",false
4805,"org1","org1rec-1594-dup-0","1594",true
4806,"org1","org1rec-2772-org","2772",true
4806,"org1","org1rec-2772-dup-0","2772",true
4807,"org1","org1rec-1899-dup-0","1899",true
4807,"org1","org1rec-1899-org","1899",true
4808,"org1","org1rec-881-dup-0","881",true
4808,"org","orgrec-881-org","881",false
4809,"org1","org1rec-2059-org","2059",true
4809,"org1","org1rec-2059-dup-0","2059",true
4810,"org","orgrec-2197-org","2197",false
4810,"org1","org1rec-2197-dup-0","2197",true
4811,"org1","org1rec-4687-org","4687",true
4811,"org1","org1rec-4687-dup-0","4687",true
4812,"org1","org1rec-1826-dup-0","1826",true
4813,"org1","org1rec-1705-dup-0","1705",true
4813,"org","orgrec-1705-org","1705",false
4814,"org1","org1rec-1959-dup-0","1959",true
4814,"org","orgrec-1959-org","1959",false
4815,"org","orgrec-1488-org","1488",false
4815,"org1","org1rec-1488-dup-0","1488",true
4816,"org1","org1rec-4030-org","4030",true
4816,"org1","org1rec-4030-dup-0","4030",true
4817,"org1","org1rec-2355-dup-0","2355",true
4817,"org","orgrec-2355-org","2355",false
4818,"org","orgrec-3137-org","3137",false
4818,"org1","org1rec-3137-dup-0","3137",true
4819,"org1","org1rec-1064-dup-0","1064",true
4819,"org1","org1rec-1064-org","1064",true
4820,"org","orgrec-4955-org","4955",false
4821,"org","orgrec-4180-org","4180",false
4821,"org1","org1rec-4180-dup-0","4180",true
4822,"org","orgrec-4671-org","4671",false
4823,"org","orgrec-4115-org","4115",false
4824,"org1","org1rec-790-dup-0","790",true
4825,"org1","org1rec-2279-org","2279",true
4826,"org1","org1rec-1717-dup-0","1717",true
4827,"org1","org1rec-4793-dup-0","4793",true
4828,"org1","org1rec-3425-dup-0","3425",true
4828,"org1","org1rec-3425-org","3425",true
4829,"org","orgrec-1708-org","1708",false
4830,"org","orgrec-4809-org","4809",false
4831,"org","orgrec-4851-org","4851",false
4832,"org1","org1rec-4346-dup-0","4346",true
4832,"org","orgrec-4346-org","4346",false
4833,"org","orgrec-2241-org","2241",false
4834,"org","orgrec-3281-org","3281",false
4834,"org1","org1rec-3281-dup-0","3281",true
4835,"org","orgrec-163-org","163",false
4835,"org1","org1rec-163-dup-0","163",true
4836,"org1","org1rec-4206-dup-0","4206",true
4837,"org1","org1rec-3230-dup-0","3230",true
4837,"org","orgrec-3230-org","3230",false
4838,"org","orgrec-2403-org","2403",false
4838,"org1","org1rec-2403-dup-0","2403",true
4839,"org","orgrec-4136-org","4136",false
4839,"org1","org1rec-4136-dup-0","4136",true
4840,"org1","org1rec-2226-dup-0","2226",true
4841,"org1","org1rec-2505-dup-0","2505",true
4841,"org","orgrec-2505-org","2505",false
4842,"org","orgrec-577-org","577",false
4843,"org1","org1rec-389-dup-0","389",true
4843,"org","orgrec-389-org","389",false
4844,"org","orgrec-373-org","373",false
4844,"org1","org1rec-373-dup-0","373",true
4845,"org1","org1rec-1958-dup-0","1958",true
4845,"org","orgrec-1958-org","1958",false
4846,"org1","org1rec-258-dup-0","258",true
4847,"org","orgrec-4599-org","4599",false
4847,"org1","org1rec-4599-dup-0","4599",true
4848,"org","orgrec-2909-org","2909",false
4849,"org","orgrec-2201-org","2201",false
4849,"org1","org1rec-2201-dup-0","2201",true
4850,"org1","org1rec-750-org","750",true
4851,"org","orgrec-2063-org","2063",false
4851,"org1","org1rec-2063-dup-0","2063",true
4852,"org1","org1rec-2869-dup-0","2869",true
4852,"org","orgrec-2869-org","2869",false
4853,"org1","org1rec-1499-dup-0","1499",true
4854,"org","orgrec-505-org","505",false
4854,"org1","org1rec-505-dup-0","505",true
4855,"org","orgrec-3031-org","3031",false
4855,"org1","org1rec-3031-dup-0","3031",true
4856,"org1","org1rec-2973-dup-0","2973",true
4856,"org","orgrec-2973-org","2973",false
4857,"org1","org1rec-4058-dup-0","4058",true
4858,"org","orgrec-1492-org","1492",false
4858,"org1","org1rec-1492-dup-0","1492",true
4859,"org","orgrec-3842-org","3842",false
4860,"org","orgrec-3916-org","3916",false
4861,"org1","org1rec-408-org","408",true
4862,"org","orgrec-4870-org","4870",false
4863,"org1","org1rec-3745-dup-0","3745",true
4863,"org1","org1rec-3745-org","3745",true
4864,"org1","org1rec-608-dup-0","608",true
4864,"org","orgrec-608-org","608",false
4865,"org","orgrec-2564-org","2564",false
4865,"org1","org1rec-2564-dup-0","2564",true
4866,"org","orgrec-3897-org","3897",false
4866,"org1","org1rec-3897-dup-0","3897",true
4867,"org","orgrec-3596-org","3596",false
4867,"org1","org1rec-3596-dup-0","3596",true
4868,"org1","org1rec-81-org","81",true
4868,"org1","org1rec-81-dup-0","81",true
4869,"org1","org1rec-571-dup-0","571",true
4870,"org1","org1rec-915-dup-0","915",true
4870,"org","orgrec-915-org","915",false
4871,"org1","org1rec-1055-dup-0","1055",true
4871,"org","orgrec-1055-org","1055",false
4872,"org","orgrec-3237-org","3237",false
4872,"org1","org1rec-3237-dup-0","3237",true
4873,"org1","org1rec-4611-org","4611",true
4874,"org","orgrec-4044-org","4044",false
4875,"org1","org1rec-3765-dup-0","3765",true
4875,"org","orgrec-3765-org","3765",false
4876,"org","orgrec-3764-org","3764",false
4877,"org","orgrec-2893-org","2893",false
4878,"org","orgrec-3657-org","3657",false
4879,"org1","org1rec-1393-org","1393",true
4880,"org1","org1rec-2888-dup-0","2888",true
4880,"org","orgrec-2888-org","2888",false
4881,"org","orgrec-4688-org","4688",false
4881,"org1","org1rec-4688-dup-0","4688",true
4882,"org","orgrec-4243-org","4243",false
4882,"org1","org1rec-4243-dup-0","4243",true
4883,"org1","org1rec-1400-dup-0","1400",true
4884,"org","orgrec-3857-org","3857",false
4885,"org","orgrec-3368-org","3368",false
4886,"org1","org1rec-2386-dup-0","2386",true
4886,"org","orgrec-2386-org","2386",false
4887,"org","orgrec-1076-org","1076",false
4888,"org1","org1rec-3657-dup-0","3657",true
4889,"org1","org1rec-4288-dup-0","4288",true
4889,"org","orgrec-4288-org","4288",false
4890,"org1","org1rec-4293-org","4293",true
4890,"org1","org1rec-4293-dup-0","4293",true
4891,"org1","org1rec-145-dup-0","145",true
4891,"org","orgrec-145-org","145",false
4892,"org1","org1rec-2805-org","2805",true
4892,"org1","org1rec-2805-dup-0","2805",true
4893,"org1","org1rec-640-dup-0","640",true
4893,"org","orgrec-640-org","640",false
4894,"org1","org1rec-2834-dup-0","2834",true
4895,"org1","org1rec-4174-dup-0","4174",true
4895,"org","orgrec-4174-org","4174",false
4896,"org","orgrec-3825-org","3825",false
4896,"org1","org1rec-3825-dup-0","3825",true
4897,"org1","org1rec-1001-dup-0","1001",true
4897,"org","orgrec-1001-org","1001",false
4898,"org1","org1rec-3776-dup-0","3776",true
4899,"org1","org1rec-4701-dup-0","4701",true
4899,"org","orgrec-4701-org","4701",false
4900,"org1","org1rec-2322-dup-0","2322",true
4901,"org","orgrec-1196-org","1196",false
4902,"org","orgrec-2428-org","2428",false
4902,"org1","org1rec-2428-dup-0","2428",true
4903,"org1","org1rec-4001-dup-0","4001",true
4903,"org1","org1rec-4001-org","4001",true
4904,"org1","org1rec-4759-dup-0","4759",true
4904,"org","orgrec-4759-org","4759",false
4905,"org1","org1rec-4987-dup-0","4987",true
4905,"org1","org1rec-4987-org","4987",true
4906,"org1","org1rec-2608-dup-0","2608",true
4907,"org1","org1rec-1745-dup-0","1745",true
4908,"org","orgrec-3750-org","3750",false
4908,"org1","org1rec-3750-dup-0","3750",true
4909,"org","orgrec-4754-org","4754",false
4909,"org1","org1rec-4754-dup-0","4754",true
4910,"org1","org1rec-3046-org","3046",true
4910,"org1","org1rec-3046-dup-0","3046",true
4911,"org1","org1rec-4640-org","4640",true
4911,"org1","org1rec-4640-dup-0","4640",true
4912,"org1","org1rec-828-dup-0","828",true
4913,"org","orgrec-2333-org","2333",false
4913,"org1","org1rec-2333-dup-0","2333",true
4914,"org","orgrec-2599-org","2599",false
4914,"org1","org1rec-2599-dup-0","2599",true
4915,"org","orgrec-3800-org","3800",false
4916,"org1","org1rec-3035-dup-0","3035",true
4916,"org1","org1rec-3035-org","3035",true
4917,"org1","org1rec-1363-org","1363",true
4917,"org1","org1rec-1363-dup-0","1363",true
4918,"org1","org1rec-2630-org","2630",true
4918,"org1","org1rec-2630-dup-0","2630",true
4919,"org1","org1rec-3786-dup-0","3786",true
4919,"org","orgrec-3786-org","3786",false
4920,"org","orgrec-3948-org","3948",false
4921,"org1","org1rec-4351-dup-0","4351",true
4922,"org1","org1rec-650-dup-0","650",true
4923,"org1","org1rec-1060-dup-0","1060",true
4924,"org1","org1rec-4845-org","4845",true
4924,"org1","org1rec-4845-dup-0","4845",true
4925,"org1","org1rec-3346-dup-0","3346",true
4926,"org","orgrec-4973-org","4973",false
4926,"org1","org1rec-4973-dup-0","4973",true
4927,"org1","org1rec-1775-dup-0","1775",true
4927,"org","orgrec-1775-org","1775",false
4928,"org1","org1rec-3464-dup-0","3464",true
4929,"org","orgrec-591-org","591",false
4929,"org1","org1rec-591-dup-0","591",true
4930,"org1","org1rec-776-org","776",true
4931,"org1","org1rec-2677-dup-0","2677",true
4932,"org","orgrec-2559-org","2559",false
4933,"org1","org1rec-835-dup-0","835",true
4933,"org1","org1rec-835-org","835",true
4934,"org1","org1rec-4926-dup-0","4926",true
4934,"org1","org1rec-4926-org","4926",true
4935,"org1","org1rec-1034-dup-0","1034",true
4936,"org1","org1rec-193-dup-0","193",true
4936,"org","orgrec-193-org","193",false
4937,"org","orgrec-2943-org","2943",false
4938,"org1","org1rec-1375-dup-0","1375",true
4938,"org","orgrec-1375-org","1375",false
4939,"org","orgrec-2477-org","2477",false
4940,"org","orgrec-1937-org","1937",false
4940,"org1","org1rec-1937-dup-0","1937",true
4941,"org1","org1rec-3734-dup-0","3734",true
4942,"org1","org1rec-2757-dup-0","2757",true
4943,"org1","org1rec-2437-dup-0","2437",true
4943,"org1","org1rec-2437-org","2437",true
4944,"org","orgrec-4582-org","4582",false
4944,"org1","org1rec-4582-dup-0","4582",true
4945,"org1","org1rec-1052-dup-0","1052",true
4945,"org","orgrec-1052-org","1052",false
4946,"org1","org1rec-3421-dup-0","3421",true
4946,"org","orgrec-3421-org","3421",false
4947,"org1","org1rec-1516-dup-0","1516",true
4948,"org","orgrec-4302-org","4302",false
4948,"org1","org1rec-4302-dup-0","4302",true
4949,"org","orgrec-4588-org","4588",false
4949,"org1","org1rec-4588-dup-0","4588",true
4950,"org1","org1rec-618-dup-0","618",true
4951,"org1","org1rec-1948-dup-0","1948",true
4951,"org","orgrec-1948-org","1948",false
4952,"org1","org1rec-2518-org","2518",true
4953,"org1","org1rec-4014-dup-0","4014",true
4954,"org","orgrec-3926-org","3926",false
4954,"org1","org1rec-3926-dup-0","3926",true
4955,"org1","org1rec-619-dup-0","619",true
4955,"org1","org1rec-619-org","619",true
4956,"org","orgrec-4203-org","4203",false
4956,"org1","org1rec-4203-dup-0","4203",true
4957,"org1","org1rec-3519-dup-0","3519",true
4957,"org1","org1rec-3519-org","3519",true
4958,"org1","org1rec-1399-org","1399",true
4959,"org","orgrec-3852-org","3852",false
4959,"org1","org1rec-3852-dup-0","3852",true
4960,"org1","org1rec-2910-dup-0","2910",true
4961,"org","orgrec-1248-org","1248",false
4961,"org1","org1rec-1248-dup-0","1248",true
4962,"org1","org1rec-4260-dup-0","4260",true
4963,"org1","org1rec-994-org","994",true
4964,"org","orgrec-1274-org","1274",false
4964,"org1","org1rec-1274-dup-0","1274",true
4965,"org","orgrec-3041-org","3041",false
4966,"org1","org1rec-525-dup-0","525",true
4966,"org","orgrec-525-org","525",false
4967,"org1","org1rec-2005-dup-0","2005",true
4967,"org","orgrec-2005-org","2005",false
4968,"org1","org1rec-2713-dup-0","2713",true
4968,"org","orgrec-2713-org","2713",false
4969,"org1","org1rec-3086-dup-0","3086",true
4970,"org1","org1rec-3718-dup-0","3718",true
4970,"org","orgrec-3718-org","3718",false
4971,"org1","org1rec-1962-dup-0","1962",true
4971,"org","orgrec-1962-org","1962",false
4972,"org","orgrec-880-org","880",false
4972,"org1","org1rec-880-dup-0","880",true
4973,"org1","org1rec-3407-org","3407",true
4973,"org1","org1rec-3407-dup-0","3407",true
4974,"org","orgrec-3358-org","3358",false
4975,"org","orgrec-4434-org","4434",false
4975,"org1","org1rec-4434-dup-0","4434",true
4976,"org","orgrec-4270-org","4270",false
4977,"org","orgrec-913-org","913",false
4977,"org1","org1rec-913-dup-0","913",true
4978,"org1","org1rec-2747-dup-0","2747",true
4979,"org","orgrec-4678-org","4678",false
4980,"org","orgrec-84-org","84",false
4980,"org1","org1rec-84-dup-0","84",true
4981,"org1","org1rec-3958-dup-0","3958",true
4982,"org","orgrec-3896-org","3896",false
4982,"org1","org1rec-3896-dup-0","3896",true
4983,"org1","org1rec-1072-org","1072",true
4983,"org1","org1rec-1072-dup-0","1072",true
4984,"org","orgrec-4680-org","4680",false
4984,"org1","org1rec-4680-dup-0","4680",true
4985,"org1","org1rec-4559-dup-0","4559",true
4985,"org","orgrec-4559-org","4559",false
4986,"org1","org1rec-3751-dup-0","3751",true
4986,"org","orgrec-3751-org","3751",false
4987,"org1","org1rec-2261-dup-0","2261",true
4987,"org","orgrec-2261-org","2261",false
4988,"org1","org1rec-2537-dup-0","2537",true
4989,"org","orgrec-1236-org","1236",false
4989,"org1","org1rec-1236-dup-0","1236",true
4990,"org1","org1rec-3290-dup-0","3290",true
4990,"org","orgrec-3290-org","3290",false
4991,"org1","org1rec-1106-dup-0","1106",true
4992,"org1","org1rec-1920-dup-0","1920",true
4992,"org1","org1rec-1920-org","1920",true
4993,"org","orgrec-740-org","740",false
4993,"org1","org1rec-740-dup-0","740",true
4994,"org1","org1rec-2683-dup-0","2683",true
4994,"org","orgrec-2683-org","2683",false
4995,"org1","org1rec-3803-dup-0","3803",true
4995,"org1","org1rec-3803-org","3803",true
4996,"org1","org1rec-3989-dup-0","3989",true
4996,"org","orgrec-3989-org","3989",false
4997,"org","orgrec-4577-org","4577",false
4998,"org","orgrec-1917-org","1917",false
4999,"org","orgrec-2123-org","2123",false
5000,"org1","org1rec-3546-dup-0","3546",true
5000,"org","orgrec-3546-org","3546",false
5001,"org","orgrec-3931-org","3931",false
5001,"org1","org1rec-3931-dup-0","3931",true
5002,"org","orgrec-3640-org","3640",false
5002,"org1","org1rec-3640-dup-0","3640",true
5003,"org","orgrec-955-org","955",false
5003,"org1","org1rec-955-dup-0","955",true
5004,"org","orgrec-4128-org","4128",false
5004,"org1","org1rec-4128-dup-0","4128",true
5005,"org1","org1rec-3520-org","3520",true
5005,"org1","org1rec-3520-dup-0","3520",true
5006,"org1","org1rec-1753-dup-0","1753",true
5006,"org","orgrec-1753-org","1753",false
5007,"org","orgrec-337-org","337",false
5007,"org1","org1rec-337-dup-0","337",true
5008,"org","orgrec-4921-org","4921",false
5009,"org1","org1rec-3130-org","3130",true
5010,"org1","org1rec-3536-org","3536",true
5010,"org1","org1rec-3536-dup-0","3536",true
5011,"org1","org1rec-2959-dup-0","2959",true
5012,"org1","org1rec-233-dup-0","233",true
5013,"org1","org1rec-4199-dup-0","4199",true
5013,"org","orgrec-4199-org","4199",false
5014,"org1","org1rec-4139-dup-0","4139",true
5014,"org","orgrec-4139-org","4139",false
5015,"org","orgrec-4853-org","4853",false
5015,"org1","org1rec-4853-dup-0","4853",true
5016,"org1","org1rec-4799-dup-0","4799",true
5016,"org","orgrec-4799-org","4799",false
5017,"org","orgrec-2078-org","2078",false
5018,"org1","org1rec-567-dup-0","567",true
5019,"org","orgrec-4181-org","4181",false
5019,"org1","org1rec-4181-dup-0","4181",true
5020,"org","orgrec-4774-org","4774",false
5020,"org1","org1rec-4774-dup-0","4774",true
5021,"org1","org1rec-4935-dup-0","4935",true
5021,"org1","org1rec-4935-org","4935",true
5022,"org","orgrec-3637-org","3637",false
5023,"org","orgrec-4768-org","4768",false
5023,"org1","org1rec-4768-dup-0","4768",true
5024,"org","orgrec-2747-org","2747",false
5025,"org","orgrec-3242-org","3242",false
5025,"org1","org1rec-3242-dup-0","3242",true
5026,"org1","org1rec-3933-org","3933",true
5026,"org1","org1rec-3933-dup-0","3933",true
5027,"org1","org1rec-2931-dup-0","2931",true
5028,"org1","org1rec-4586-dup-0","4586",true
5028,"org","orgrec-4586-org","4586",false
5029,"org1","org1rec-935-dup-0","935",true
5029,"org","orgrec-935-org","935",false
5030,"org1","org1rec-3456-dup-0","3456",true
5031,"org","orgrec-4743-org","4743",false
5032,"org","orgrec-4933-org","4933",false
5032,"org1","org1rec-4933-dup-0","4933",true
5033,"org1","org1rec-1014-dup-0","1014",true
5033,"org1","org1rec-1014-org","1014",true
5034,"org1","org1rec-2995-dup-0","2995",true
5034,"org","orgrec-2995-org","2995",false
5035,"org1","org1rec-33-org","33",true
5036,"org","orgrec-3742-org","3742",false
5036,"org1","org1rec-3742-dup-0","3742",true
5037,"org1","org1rec-2301-dup-0","2301",true
5038,"org","orgrec-1870-org","1870",false
5039,"org","orgrec-4539-org","4539",false
5039,"org1","org1rec-4539-dup-0","4539",true
5040,"org","orgrec-235-org","235",false
5040,"org1","org1rec-235-dup-0","235",true
5041,"org","orgrec-3402-org","3402",false
5042,"org1","org1rec-3047-dup-0","3047",true
5042,"org","orgrec-3047-org","3047",false
5043,"org1","org1rec-117-dup-0","117",true
5043,"org","orgrec-117-org","117",false
5044,"org","orgrec-2019-org","2019",false
5044,"org1","org1rec-2019-dup-0","2019",true
5045,"org1","org1rec-496-dup-0","496",true
5046,"org1","org1rec-2240-dup-0","2240",true
5046,"org","orgrec-2240-org","2240",false
5047,"org1","org1rec-2094-org","2094",true
5048,"org1","org1rec-1068-org","1068",true
5049,"org1","org1rec-3506-dup-0","3506",true
5050,"org1","org1rec-517-dup-0","517",true
5051,"org1","org1rec-3920-dup-0","3920",true
5052,"org","orgrec-908-org","908",false
5052,"org1","org1rec-908-dup-0","908",true
5053,"org1","org1rec-2325-dup-0","2325",true
5053,"org1","org1rec-2325-org","2325",true
5054,"org","orgrec-2217-org","2217",false
5054,"org1","org1rec-2217-dup-0","2217",true
5055,"org","orgrec-4615-org","4615",false
5055,"org1","org1rec-4615-dup-0","4615",true
5056,"org1","org1rec-3273-org","3273",true
5056,"org1","org1rec-3273-dup-0","3273",true
5057,"org1","org1rec-3458-dup-0","3458",true
5058,"org1","org1rec-3617-dup-0","3617",true
5058,"org","orgrec-3617-org","3617",false
5059,"org1","org1rec-2087-dup-0","2087",true
5059,"org","orgrec-2087-org","2087",false
5060,"org1","org1rec-1980-dup-0","1980",true
5060,"org1","org1rec-1980-org","1980",true
5061,"org1","org1rec-4485-org","4485",true
5061,"org1","org1rec-4485-dup-0","4485",true
5062,"org","orgrec-2300-org","2300",false
5063,"org","orgrec-4875-org","4875",false
5063,"org1","org1rec-4875-dup-0","4875",true
5064,"org","orgrec-1770-org","1770",false
5064,"org1","org1rec-1770-dup-0","1770",true
5065,"org1","org1rec-182-org","182",true
5066,"org1","org1rec-2509-dup-0","2509",true
5066,"org1","org1rec-2509-org","2509",true
5067,"org","orgrec-1769-org","1769",false
5067,"org1","org1rec-1769-dup-0","1769",true
5068,"org1","org1rec-985-dup-0","985",true
5068,"org","orgrec-985-org","985",false
5069,"org1","org1rec-1156-dup-0","1156",true
5069,"org1","org1rec-1156-org","1156",true
5070,"org1","org1rec-204-org","204",true
5071,"org","orgrec-2060-org","2060",false
5071,"org1","org1rec-2060-dup-0","2060",true
5072,"org1","org1rec-3056-dup-0","3056",true
5072,"org","orgrec-3056-org","3056",false
5073,"org1","org1rec-3615-org","3615",true
5073,"org1","org1rec-3615-dup-0","3615",true
5074,"org1","org1rec-2103-dup-0","2103",true
5075,"org1","org1rec-4956-dup-0","4956",true
5075,"org","orgrec-4956-org","4956",false
5076,"org","orgrec-4-org","4",false
5076,"org1","org1rec-4-dup-0","4",true
5077,"org","orgrec-3028-org","3028",false
5078,"org","orgrec-1803-org","1803",false
5078,"org1","org1rec-1803-dup-0","1803",true
5079,"org","orgrec-1847-org","1847",false
5079,"org1","org1rec-1847-dup-0","1847",true
5080,"org1","org1rec-4882-dup-0","4882",true
5080,"org","orgrec-4882-org","4882",false
5081,"org","orgrec-3892-org","3892",false
5081,"org1","org1rec-3892-dup-0","3892",true
5082,"org1","org1rec-514-dup-0","514",true
5083,"org1","org1rec-4273-org","4273",true
5084,"org1","org1rec-3815-dup-0","3815",true
5084,"org1","org1rec-3815-org","3815",true
5085,"org","orgrec-336-org","336",false
5085,"org1","org1rec-336-dup-0","336",true
5086,"org","orgrec-47-org","47",false
5086,"org1","org1rec-47-dup-0","47",true
5087,"org","orgrec-1618-org","1618",false
5087,"org1","org1rec-1618-dup-0","1618",true
5088,"org","orgrec-3427-org","3427",false
5088,"org1","org1rec-3427-dup-0","3427",true
5089,"org","orgrec-4653-org","4653",false
5089,"org1","org1rec-4653-dup-0","4653",true
5090,"org1","org1rec-1837-dup-0","1837",true
5091,"org","orgrec-250-org","250",false
5091,"org1","org1rec-250-dup-0","250",true
5092,"org1","org1rec-2268-dup-0","2268",true
5092,"org","orgrec-2268-org","2268",false
5093,"org1","org1rec-2344-dup-0","2344",true
5094,"org","orgrec-4073-org","4073",false
5094,"org1","org1rec-4073-dup-0","4073",true
5095,"org","orgrec-2018-org","2018",false
5096,"org","orgrec-2008-org","2008",false
5096,"org1","org1rec-2008-dup-0","2008",true
5097,"org1","org1rec-871-dup-0","871",true
5098,"org","orgrec-2945-org","2945",false
5098,"org1","org1rec-2945-dup-0","2945",true
5099,"org","orgrec-2555-org","2555",false
5099,"org1","org1rec-2555-dup-0","2555",true
5100,"org1","org1rec-4266-dup-0","4266",true
5100,"org1","org1rec-4266-org","4266",true
5101,"org1","org1rec-3531-dup-0","3531",true
5101,"org","orgrec-3531-org","3531",false
5102,"org","orgrec-4645-org","4645",false
5102,"org1","org1rec-4645-dup-0","4645",true
5103,"org","orgrec-247-org","247",false
5103,"org1","org1rec-247-dup-0","247",true
5104,"org1","org1rec-4535-org","4535",true
5104,"org1","org1rec-4535-dup-0","4535",true
5105,"org1","org1rec-1739-org","1739",true
5105,"org1","org1rec-1739-dup-0","1739",true
5106,"org","orgrec-1040-org","1040",false
5107,"org1","org1rec-944-dup-0","944",true
5108,"org1","org1rec-3350-dup-0","3350",true
5108,"org","orgrec-3350-org","3350",false
5109,"org1","org1rec-4542-org","4542",true
5110,"org1","org1rec-349-dup-0","349",true
5111,"org","orgrec-3711-org","3711",false
5111,"org1","org1rec-3711-dup-0","3711",true
5112,"org1","org1rec-183-dup-0","183",true
5112,"org","orgrec-183-org","183",false
5113,"org","orgrec-724-org","724",false
5114,"org1","org1rec-4239-dup-0","4239",true
5115,"org1","org1rec-3505-dup-0","3505",true
5115,"org","orgrec-3505-org","3505",false
5116,"org","orgrec-2194-org","2194",false
5116,"org1","org1rec-2194-dup-0","2194",true
5117,"org","orgrec-2308-org","2308",false
5117,"org1","org1rec-2308-dup-0","2308",true
5118,"org1","org1rec-4464-dup-0","4464",true
5118,"org","orgrec-4464-org","4464",false
5119,"org","orgrec-1983-org","1983",false
5119,"org1","org1rec-1983-dup-0","1983",true
5120,"org1","org1rec-1010-dup-0","1010",true
5121,"org1","org1rec-1576-org","1576",true
5122,"org1","org1rec-2863-dup-0","2863",true
5122,"org","orgrec-2863-org","2863",false
5123,"org","orgrec-4126-org","4126",false
5123,"org1","org1rec-4126-dup-0","4126",true
5124,"org","orgrec-2255-org","2255",false
5125,"org1","org1rec-1414-dup-0","1414",true
5125,"org","orgrec-1414-org","1414",false
5126,"org1","org1rec-4184-dup-0","4184",true
5127,"org1","org1rec-1699-dup-0","1699",true
5128,"org","orgrec-1392-org","1392",false
5128,"org1","org1rec-1392-dup-0","1392",true
5129,"org1","org1rec-4064-dup-0","4064",true
5130,"org","orgrec-3221-org","3221",false
5131,"org1","org1rec-242-dup-0","242",true
5131,"org1","org1rec-242-org","242",true
5132,"org1","org1rec-1544-dup-0","1544",true
5133,"org","orgrec-3770-org","3770",false
5133,"org1","org1rec-3770-dup-0","3770",true
5134,"org","orgrec-2744-org","2744",false
5135,"org","orgrec-58-org","58",false
5135,"org1","org1rec-58-dup-0","58",true
5136,"org1","org1rec-3679-org","3679",true
5137,"org","orgrec-1480-org","1480",false
5137,"org1","org1rec-1480-dup-0","1480",true
5138,"org","orgrec-3416-org","3416",false
5139,"org","orgrec-384-org","384",false
5140,"org","orgrec-1184-org","1184",false
5140,"org1","org1rec-1184-dup-0","1184",true
5141,"org","orgrec-2498-org","2498",false
5141,"org1","org1rec-2498-dup-0","2498",true
5142,"org1","org1rec-2831-dup-0","2831",true
5142,"org1","org1rec-2831-org","2831",true
5143,"org1","org1rec-1440-dup-0","1440",true
5144,"org1","org1rec-3966-dup-0","3966",true
5144,"org","orgrec-3966-org","3966",false
5145,"org1","org1rec-1686-dup-0","1686",true
5146,"org1","org1rec-1115-dup-0","1115",true
5147,"org1","org1rec-3654-dup-0","3654",true
5147,"org","orgrec-3654-org","3654",false
5148,"org","orgrec-4255-org","4255",false
5149,"org","orgrec-4221-org","4221",false
5149,"org1","org1rec-4221-dup-0","4221",true
5150,"org1","org1rec-4961-dup-0","4961",true
5150,"org1","org1rec-4961-org","4961",true
5151,"org1","org1rec-989-dup-0","989",true
5151,"org","orgrec-989-org","989",false
5152,"org1","org1rec-990-dup-0","990",true
5152,"org","orgrec-990-org","990",false
5153,"org","orgrec-2881-org","2881",false
5153,"org1","org1rec-2881-dup-0","2881",true
5154,"org","orgrec-1272-org","1272",false
5154,"org1","org1rec-1272-dup-0","1272",true
5155,"org","orgrec-2045-org","2045",false
5155,"org1","org1rec-2045-dup-0","2045",true
5156,"org","orgrec-3846-org","3846",false
5156,"org1","org1rec-3846-dup-0","3846",true
5157,"org1","org1rec-2735-dup-0","2735",true
5157,"org1","org1rec-2735-org","2735",true
5158,"org1","org1rec-1138-dup-0","1138",true
5158,"org","orgrec-1138-org","1138",false
5159,"org1","org1rec-4177-org","4177",true
5160,"org","orgrec-1735-org","1735",false
5160,"org1","org1rec-1735-dup-0","1735",true
5161,"org1","org1rec-357-dup-0","357",true
5161,"org1","org1rec-357-org","357",true
5162,"org","orgrec-2987-org","2987",false
5162,"org1","org1rec-2987-dup-0","2987",true
5163,"org1","org1rec-4130-org","4130",true
5163,"org1","org1rec-4130-dup-0","4130",true
5164,"org1","org1rec-3256-org","3256",true
5164,"org1","org1rec-3256-dup-0","3256",true
5165,"org1","org1rec-3160-dup-0","3160",true
5165,"org","orgrec-3160-org","3160",false
5166,"org1","org1rec-2037-org","2037",true
5167,"org1","org1rec-4103-dup-0","4103",true
5168,"org","orgrec-269-org","269",false
5168,"org1","org1rec-269-dup-0","269",true
5169,"org","orgrec-3655-org","3655",false
5169,"org1","org1rec-3655-dup-0","3655",true
5170,"org1","org1rec-4654-org","4654",true
5171,"org","orgrec-1060-org","1060",false
5172,"org1","org1rec-3217-dup-0","3217",true
5172,"org1","org1rec-3217-org","3217",true
5173,"org","orgrec-1379-org","1379",false
5173,"org1","org1rec-1379-dup-0","1379",true
5174,"org1","org1rec-3996-dup-0","3996",true
5175,"org1","org1rec-585-dup-0","585",true
5176,"org","orgrec-1476-org","1476",false
5176,"org1","org1rec-1476-dup-0","1476",true
5177,"org1","org1rec-4971-dup-0","4971",true
5177,"org","orgrec-4971-org","4971",false
5178,"org1","org1rec-4411-dup-0","4411",true
5178,"org1","org1rec-4411-org","4411",true
5179,"org1","org1rec-2996-dup-0","2996",true
5179,"org","orgrec-2996-org","2996",false
5180,"org1","org1rec-659-dup-0","659",true
5181,"org1","org1rec-2826-dup-0","2826",true
5181,"org","orgrec-2826-org","2826",false
5182,"org","orgrec-1867-org","1867",false
5182,"org1","org1rec-1867-dup-0","1867",true
5183,"org1","org1rec-956-dup-0","956",true
5184,"org","orgrec-3404-org","3404",false
5185,"org1","org1rec-3102-dup-0","3102",true
5185,"org","orgrec-3102-org","3102",false
5186,"org1","org1rec-691-dup-0","691",true
5186,"org","orgrec-691-org","691",false
5187,"org1","org1rec-3562-dup-0","3562",true
5188,"org","orgrec-1084-org","1084",false
5189,"org","orgrec-96-org","96",false
5190,"org","orgrec-2051-org","2051",false
5191,"org1","org1rec-1728-dup-0","1728",true
5191,"org1","org1rec-1728-org","1728",true
5192,"org1","org1rec-4821-dup-0","4821",true
5193,"org1","org1rec-2985-org","2985",true
5193,"org1","org1rec-2985-dup-0","2985",true
5194,"org1","org1rec-3124-dup-0","3124",true
5194,"org","orgrec-3124-org","3124",false
5195,"org1","org1rec-4422-org","4422",true
5196,"org1","org1rec-4164-dup-0","4164",true
5196,"org","orgrec-4164-org","4164",false
5197,"org","orgrec-2250-org","2250",false
5197,"org1","org1rec-2250-dup-0","2250",true
5198,"org1","org1rec-3534-org","3534",true
5198,"org1","org1rec-3534-dup-0","3534",true
5199,"org1","org1rec-4343-dup-0","4343",true
5199,"org","orgrec-4343-org","4343",false
5200,"org","orgrec-2970-org","2970",false
5200,"org1","org1rec-2970-dup-0","2970",true
5201,"org","orgrec-3070-org","3070",false
5201,"org1","org1rec-3070-dup-0","3070",true
5202,"org1","org1rec-970-dup-0","970",true
5202,"org","orgrec-970-org","970",false
5203,"org","orgrec-3678-org","3678",false
5204,"org1","org1rec-68-dup-0","68",true
5204,"org","orgrec-68-org","68",false
5205,"org","orgrec-4736-org","4736",false
5206,"org","orgrec-87-org","87",false
5206,"org1","org1rec-87-dup-0","87",true
5207,"org1","org1rec-4576-dup-0","4576",true
5208,"org","orgrec-1901-org","1901",false
5209,"org1","org1rec-2928-dup-0","2928",true
5209,"org","orgrec-2928-org","2928",false
5210,"org","orgrec-4601-org","4601",false
5211,"org1","org1rec-845-dup-0","845",true
5212,"org1","org1rec-1444-dup-0","1444",true
5213,"org1","org1rec-1875-dup-0","1875",true
5214,"org1","org1rec-198-dup-0","198",true
5214,"org1","org1rec-198-org","198",true
5215,"org","orgrec-1819-org","1819",false
5215,"org1","org1rec-1819-dup-0","1819",true
5216,"org1","org1rec-1317-dup-0","1317",true
5216,"org1","org1rec-1317-org","1317",true
5217,"org1","org1rec-2427-dup-0","2427",true
5217,"org","orgrec-2427-org","2427",false
5218,"org","orgrec-4324-org","4324",false
5219,"org","orgrec-2506-org","2506",false
5220,"org","orgrec-2507-org","2507",false
5221,"org1","org1rec-2648-dup-0","2648",true
5221,"org","orgrec-2648-org","2648",false
5222,"org1","org1rec-2293-org","2293",true
5223,"org1","org1rec-548-dup-0","548",true
5224,"org1","org1rec-2587-dup-0","2587",true
5224,"org1","org1rec-2587-org","2587",true
5225,"org1","org1rec-4441-dup-0","4441",true
5225,"org","orgrec-4441-org","4441",false
5226,"org","orgrec-2226-org","2226",false
5227,"org1","org1rec-3732-dup-0","3732",true
5228,"org","orgrec-4279-org","4279",false
5229,"org","orgrec-2389-org","2389",false
5229,"org1","org1rec-2389-dup-0","2389",true
5230,"org","orgrec-3636-org","3636",false
5231,"org1","org1rec-4038-dup-0","4038",true
5231,"org","orgrec-4038-org","4038",false
5232,"org1","org1rec-210-dup-0","210",true
5233,"org1","org1rec-1547-dup-0","1547",true
5234,"org","orgrec-1333-org","1333",false
5235,"org","orgrec-4928-org","4928",false
5236,"org1","org1rec-323-dup-0","323",true
5236,"org","orgrec-323-org","323",false
5237,"org","orgrec-4696-org","4696",false
5237,"org1","org1rec-4696-dup-0","4696",true
5238,"org1","org1rec-19-dup-0","19",true
5238,"org1","org1rec-19-org","19",true
5239,"org","orgrec-3033-org","3033",false
5239,"org1","org1rec-3033-dup-0","3033",true
5240,"org1","org1rec-3452-dup-0","3452",true
5240,"org1","org1rec-3452-org","3452",true
5241,"org1","org1rec-3207-dup-0","3207",true
5241,"org1","org1rec-3207-org","3207",true
5242,"org1","org1rec-1936-dup-0","1936",true
5243,"org1","org1rec-3949-dup-0","3949",true
5244,"org","orgrec-4178-org","4178",false
5244,"org1","org1rec-4178-dup-0","4178",true
5245,"org","orgrec-3642-org","3642",false
5245,"org1","org1rec-3642-dup-0","3642",true
5246,"org1","org1rec-1780-dup-0","1780",true
5247,"org1","org1rec-2229-dup-0","2229",true
5248,"org1","org1rec-4878-dup-0","4878",true
5248,"org1","org1rec-4878-org","4878",true
5249,"org","orgrec-2457-org","2457",false
5249,"org1","org1rec-2457-dup-0","2457",true
5250,"org1","org1rec-4917-dup-0","4917",true
5250,"org","orgrec-4917-org","4917",false
5251,"org1","org1rec-3114-dup-0","3114",true
5251,"org","orgrec-3114-org","3114",false
5252,"org","orgrec-3734-org","3734",false
5253,"org","orgrec-3866-org","3866",false
5253,"org1","org1rec-3866-dup-0","3866",true
5254,"org","orgrec-1971-org","1971",false
5255,"org","orgrec-1026-org","1026",false
5255,"org1","org1rec-1026-dup-0","1026",true
5256,"org","orgrec-1569-org","1569",false
5256,"org1","org1rec-1569-dup-0","1569",true
5257,"org1","org1rec-3240-dup-0","3240",true
5257,"org1","org1rec-3240-org","3240",true
5258,"org","orgrec-1485-org","1485",false
5258,"org1","org1rec-1485-dup-0","1485",true
5259,"org1","org1rec-1791-dup-0","1791",true
5259,"org","orgrec-1791-org","1791",false
5260,"org1","org1rec-1250-org","1250",true
5261,"org1","org1rec-3096-dup-0","3096",true
5261,"org1","org1rec-3096-org","3096",true
5262,"org1","org1rec-318-org","318",true
5262,"org1","org1rec-318-dup-0","318",true
5263,"org1","org1rec-2412-dup-0","2412",true
5263,"org","orgrec-2412-org","2412",false
5264,"org1","org1rec-3660-org","3660",true
5265,"org1","org1rec-2466-dup-0","2466",true
5266,"org1","org1rec-1646-dup-0","1646",true
5267,"org1","org1rec-1041-org","1041",true
5267,"org1","org1rec-1041-dup-0","1041",true
5268,"org1","org1rec-1537-dup-0","1537",true
5269,"org1","org1rec-3037-dup-0","3037",true
5269,"org","orgrec-3037-org","3037",false
5270,"org1","org1rec-1406-org","1406",true
5270,"org1","org1rec-1406-dup-0","1406",true
5271,"org1","org1rec-4905-org","4905",true
5272,"org","orgrec-2631-org","2631",false
5273,"org","orgrec-4536-org","4536",false
5274,"org","orgrec-3403-org","3403",false
5275,"org1","org1rec-4171-dup-0","4171",true
5276,"org1","org1rec-3069-dup-0","3069",true
5276,"org","orgrec-3069-org","3069",false
5277,"org","orgrec-5-org","5",false
5278,"org","orgrec-1131-org","1131",false
5279,"org1","org1rec-3181-dup-0","3181",true
5280,"org1","org1rec-1048-dup-0","1048",true
5280,"org","orgrec-1048-org","1048",false
5281,"org1","org1rec-4147-dup-0","4147",true
5282,"org1","org1rec-3797-dup-0","3797",true
5282,"org","orgrec-3797-org","3797",false
5283,"org1","org1rec-3595-dup-0","3595",true
5283,"org","orgrec-3595-org","3595",false
5284,"org1","org1rec-4761-dup-0","4761",true
5285,"org1","org1rec-1391-dup-0","1391",true
5286,"org1","org1rec-4572-dup-0","4572",true
5286,"org","orgrec-4572-org","4572",false
5287,"org","orgrec-1566-org","1566",false
5287,"org1","org1rec-1566-dup-0","1566",true
5288,"org1","org1rec-4809-dup-0","4809",true
5289,"org","orgrec-3006-org","3006",false
5290,"org","orgrec-4800-org","4800",false
5290,"org1","org1rec-4800-dup-0","4800",true
5291,"org1","org1rec-1541-org","1541",true
5291,"org1","org1rec-1541-dup-0","1541",true
5292,"org1","org1rec-1636-dup-0","1636",true
5293,"org","orgrec-4429-org","4429",false
5293,"org1","org1rec-4429-dup-0","4429",true
5294,"org","orgrec-1534-org","1534",false
5294,"org1","org1rec-1534-dup-0","1534",true
5295,"org1","org1rec-1624-dup-0","1624",true
5295,"org","orgrec-1624-org","1624",false
5296,"org1","org1rec-1483-dup-0","1483",true
5297,"org1","org1rec-4027-dup-0","4027",true
5297,"org","orgrec-4027-org","4027",false
5298,"org","orgrec-2649-org","2649",false
5298,"org1","org1rec-2649-dup-0","2649",true
5299,"org1","org1rec-425-dup-0","425",true
5300,"org1","org1rec-3609-dup-0","3609",true
5301,"org1","org1rec-2489-dup-0","2489",true
5302,"org1","org1rec-291-dup-0","291",true
5303,"org","orgrec-4389-org","4389",false
5303,"org1","org1rec-4389-dup-0","4389",true
5304,"org1","org1rec-3560-dup-0","3560",true
5304,"org","orgrec-3560-org","3560",false
5305,"org","orgrec-3939-org","3939",false
5305,"org1","org1rec-3939-dup-0","3939",true
5306,"org1","org1rec-1293-org","1293",true
5307,"org1","org1rec-2451-dup-0","2451",true
5307,"org1","org1rec-2451-org","2451",true
5308,"org1","org1rec-2296-dup-0","2296",true
5308,"org","orgrec-2296-org","2296",false
5309,"org1","org1rec-2119-dup-0","2119",true
5309,"org","orgrec-2119-org","2119",false
5310,"org1","org1rec-4661-dup-0","4661",true
5310,"org1","org1rec-4661-org","4661",true
5311,"org1","org1rec-2611-dup-0","2611",true
5311,"org","orgrec-2611-org","2611",false
5312,"org","orgrec-3003-org","3003",false
5312,"org1","org1rec-3003-dup-0","3003",true
5313,"org1","org1rec-607-dup-0","607",true
5314,"org1","org1rec-2408-dup-0","2408",true
5314,"org","orgrec-2408-org","2408",false
5315,"org1","org1rec-1730-dup-0","1730",true
5315,"org","orgrec-1730-org","1730",false
5316,"org","orgrec-2657-org","2657",false
5316,"org1","org1rec-2657-dup-0","2657",true
5317,"org1","org1rec-2909-dup-0","2909",true
5318,"org1","org1rec-1622-dup-0","1622",true
5319,"org1","org1rec-1403-org","1403",true
5319,"org1","org1rec-1403-dup-0","1403",true
5320,"org","orgrec-2414-org","2414",false
5321,"org1","org1rec-1638-org","1638",true
5321,"org1","org1rec-1638-dup-0","1638",true
5322,"org1","org1rec-3643-dup-0","3643",true
5322,"org1","org1rec-3643-org","3643",true
5323,"org1","org1rec-2463-dup-0","2463",true
5323,"org1","org1rec-2463-org","2463",true
5324,"org1","org1rec-4552-dup-0","4552",true
5324,"org","orgrec-4552-org","4552",false
5325,"org1","org1rec-2080-dup-0","2080",true
5326,"org","orgrec-1797-org","1797",false
5326,"org1","org1rec-1797-dup-0","1797",true
5327,"org1","org1rec-904-dup-0","904",true
5328,"org1","org1rec-4999-dup-0","4999",true
5329,"org1","org1rec-634-dup-0","634",true
5330,"org1","org1rec-4697-dup-0","4697",true
5331,"org","orgrec-795-org","795",false
5331,"org1","org1rec-795-dup-0","795",true
5332,"org","orgrec-585-org","585",false
5333,"org","orgrec-398-org","398",false
5334,"org1","org1rec-4598-dup-0","4598",true
5334,"org1","org1rec-4598-org","4598",true
5335,"org1","org1rec-4618-dup-0","4618",true
5336,"org1","org1rec-3287-dup-0","3287",true
5336,"org","orgrec-3287-org","3287",false
5337,"org1","org1rec-960-org","960",true
5337,"org1","org1rec-960-dup-0","960",true
5338,"org1","org1rec-4638-dup-0","4638",true
5338,"org","orgrec-4638-org","4638",false
5339,"org","orgrec-1542-org","1542",false
5339,"org1","org1rec-1542-dup-0","1542",true
5340,"org","orgrec-1238-org","1238",false
5340,"org1","org1rec-1238-dup-0","1238",true
5341,"org1","org1rec-2539-dup-0","2539",true
5341,"org","orgrec-2539-org","2539",false
5342,"org1","org1rec-4884-dup-0","4884",true
5343,"org1","org1rec-3963-org","3963",true
5344,"org","orgrec-2605-org","2605",false
5345,"org1","org1rec-1931-dup-0","1931",true
5346,"org","orgrec-273-org","273",false
5347,"org","orgrec-4595-org","4595",false
5347,"org1","org1rec-4595-dup-0","4595",true
5348,"org1","org1rec-2020-dup-0","2020",true
5349,"org","orgrec-138-org","138",false
5350,"org","orgrec-3908-org","3908",false
5350,"org1","org1rec-3908-dup-0","3908",true
5351,"org","orgrec-220-org","220",false
5352,"org","orgrec-3658-org","3658",false
5352,"org1","org1rec-3658-dup-0","3658",true
5353,"org","orgrec-4884-org","4884",false
5354,"org","orgrec-4108-org","4108",false
5354,"org1","org1rec-4108-dup-0","4108",true
5355,"org1","org1rec-2426-org","2426",true
5355,"org1","org1rec-2426-dup-0","2426",true
5356,"org","orgrec-2626-org","2626",false
5356,"org1","org1rec-2626-dup-0","2626",true
5357,"org","orgrec-4192-org","4192",false
5357,"org1","org1rec-4192-dup-0","4192",true
5358,"org1","org1rec-1922-dup-0","1922",true
5359,"org1","org1rec-3817-dup-0","3817",true
5359,"org1","org1rec-3817-org","3817",true
5360,"org","orgrec-3073-org","3073",false
5360,"org1","org1rec-3073-dup-0","3073",true
5361,"org1","org1rec-2628-dup-0","2628",true
5361,"org","orgrec-2628-org","2628",false
5362,"org","orgrec-4168-org","4168",false
5362,"org1","org1rec-4168-dup-0","4168",true
5363,"org1","org1rec-1132-dup-0","1132",true
5363,"org","orgrec-1132-org","1132",false
5364,"org1","org1rec-4110-org","4110",true
5364,"org1","org1rec-4110-dup-0","4110",true
5365,"org1","org1rec-4660-dup-0","4660",true
5365,"org1","org1rec-4660-org","4660",true
5366,"org1","org1rec-4465-dup-0","4465",true
5367,"org","orgrec-704-org","704",false
5368,"org1","org1rec-286-org","286",true
5368,"org1","org1rec-286-dup-0","286",true
5369,"org","orgrec-4803-org","4803",false
5369,"org1","org1rec-4803-dup-0","4803",true
5370,"org1","org1rec-4655-dup-0","4655",true
5370,"org","orgrec-4655-org","4655",false
5371,"org1","org1rec-558-org","558",true
5371,"org1","org1rec-558-dup-0","558",true
5372,"org","orgrec-2069-org","2069",false
5373,"org1","org1rec-1426-dup-0","1426",true
5373,"org","orgrec-1426-org","1426",false
5374,"org1","org1rec-877-dup-0","877",true
5375,"org1","org1rec-2238-dup-0","2238",true
5376,"org1","org1rec-4270-dup-0","4270",true
5377,"org1","org1rec-4004-dup-0","4004",true
5377,"org1","org1rec-4004-org","4004",true
5378,"org1","org1rec-1729-dup-0","1729",true
5379,"org1","org1rec-4551-dup-0","4551",true
5379,"org1","org1rec-4551-org","4551",true
5380,"org","orgrec-2677-org","2677",false
5381,"org1","org1rec-4702-dup-0","4702",true
5381,"org","orgrec-4702-org","4702",false
5382,"org","orgrec-3494-org","3494",false
5382,"org1","org1rec-3494-dup-0","3494",true
5383,"org1","org1rec-4891-dup-0","4891",true
5383,"org","orgrec-4891-org","4891",false
5384,"org","orgrec-1299-org","1299",false
5384,"org1","org1rec-1299-dup-0","1299",true
5385,"org","orgrec-2324-org","2324",false
5386,"org","orgrec-1341-org","1341",false
5386,"org1","org1rec-1341-dup-0","1341",true
5387,"org","orgrec-1868-org","1868",false
5388,"org","orgrec-3561-org","3561",false
5389,"org1","org1rec-4071-dup-0","4071",true
5390,"org1","org1rec-726-dup-0","726",true
5391,"org1","org1rec-4316-dup-0","4316",true
5392,"org","orgrec-415-org","415",false
5392,"org1","org1rec-415-dup-0","415",true
5393,"org1","org1rec-4109-dup-0","4109",true
5393,"org","orgrec-4109-org","4109",false
5394,"org1","org1rec-4142-dup-0","4142",true
5394,"org","orgrec-4142-org","4142",false
5395,"org1","org1rec-2661-dup-0","2661",true
5395,"org","orgrec-2661-org","2661",false
5396,"org","orgrec-4075-org","4075",false
5396,"org1","org1rec-4075-dup-0","4075",true
5397,"org1","org1rec-1653-dup-0","1653",true
5398,"org","orgrec-4468-org","4468",false
5398,"org1","org1rec-4468-dup-0","4468",true
5399,"org","orgrec-2806-org","2806",false
5400,"org1","org1rec-4733-org","4733",true
5401,"org","orgrec-4810-org","4810",false
5402,"org","orgrec-510-org","510",false
5402,"org1","org1rec-510-dup-0","510",true
5403,"org","orgrec-2151-org","2151",false
5403,"org1","org1rec-2151-dup-0","2151",true
5404,"org","orgrec-3491-org","3491",false
5404,"org1","org1rec-3491-dup-0","3491",true
5405,"org1","org1rec-395-dup-0","395",true
5406,"org1","org1rec-4763-org","4763",true
5407,"org1","org1rec-1096-dup-0","1096",true
5407,"org","orgrec-1096-org","1096",false
5408,"org","orgrec-3076-org","3076",false
5408,"org1","org1rec-3076-dup-0","3076",true
5409,"org","orgrec-1656-org","1656",false
5409,"org1","org1rec-1656-dup-0","1656",true
5410,"org","orgrec-4674-org","4674",false
5411,"org1","org1rec-535-dup-0","535",true
5411,"org","orgrec-535-org","535",false
5412,"org1","org1rec-1809-dup-0","1809",true
5413,"org1","org1rec-1282-dup-0","1282",true
5413,"org","orgrec-1282-org","1282",false
5414,"org1","org1rec-1891-dup-0","1891",true
5414,"org1","org1rec-1891-org","1891",true
5415,"org1","org1rec-3420-dup-0","3420",true
5416,"org","orgrec-3516-org","3516",false
5416,"org1","org1rec-3516-dup-0","3516",true
5417,"org","orgrec-4635-org","4635",false
5417,"org1","org1rec-4635-dup-0","4635",true
5418,"org1","org1rec-2300-dup-0","2300",true
5419,"org1","org1rec-1506-dup-0","1506",true
5420,"org1","org1rec-4795-dup-0","4795",true
5420,"org1","org1rec-4795-org","4795",true
5421,"org1","org1rec-112-dup-0","112",true
5421,"org","orgrec-112-org","112",false
5422,"org1","org1rec-884-org","884",true
5422,"org1","org1rec-884-dup-0","884",true
5423,"org1","org1rec-1269-org","1269",true
5424,"org1","org1rec-1061-dup-0","1061",true
5424,"org1","org1rec-1061-org","1061",true
5425,"org","orgrec-3388-org","3388",false
5426,"org","orgrec-2716-org","2716",false
5426,"org1","org1rec-2716-dup-0","2716",true
5427,"org1","org1rec-4466-org","4466",true
5428,"org","orgrec-3339-org","3339",false
5428,"org1","org1rec-3339-dup-0","3339",true
5429,"org","orgrec-680-org","680",false
5429,"org1","org1rec-680-dup-0","680",true
5430,"org","orgrec-2809-org","2809",false
5431,"org","orgrec-3784-org","3784",false
5432,"org","orgrec-3997-org","3997",false
5432,"org1","org1rec-3997-dup-0","3997",true
5433,"org","orgrec-4204-org","4204",false
5434,"org","orgrec-1194-org","1194",false
5435,"org1","org1rec-2402-dup-0","2402",true
5435,"org","orgrec-2402-org","2402",false
5436,"org","orgrec-3740-org","3740",false
5436,"org1","org1rec-3740-dup-0","3740",true
5437,"org1","org1rec-3410-dup-0","3410",true
5437,"org1","org1rec-3410-org","3410",true
5438,"org1","org1rec-788-dup-0","788",true
5438,"org1","org1rec-788-org","788",true
5439,"org1","org1rec-4916-dup-0","4916",true
5440,"org","orgrec-1447-org","1447",false
5440,"org1","org1rec-1447-dup-0","1447",true
5441,"org1","org1rec-2041-dup-0","2041",true
5441,"org","orgrec-2041-org","2041",false
5442,"org","orgrec-3574-org","3574",false
5442,"org1","org1rec-3574-dup-0","3574",true
5443,"org1","org1rec-4246-dup-0","4246",true
5444,"org1","org1rec-2298-dup-0","2298",true
5444,"org1","org1rec-2298-org","2298",true
5445,"org1","org1rec-3858-dup-0","3858",true
5446,"org1","org1rec-3523-dup-0","3523",true
5446,"org","orgrec-3523-org","3523",false
5447,"org1","org1rec-4058-org","4058",true
5448,"org","orgrec-1537-org","1537",false
5449,"org","orgrec-2891-org","2891",false
5449,"org1","org1rec-2891-dup-0","2891",true
5450,"org","orgrec-4932-org","4932",false
5451,"org1","org1rec-3015-dup-0","3015",true
5451,"org","orgrec-3015-org","3015",false
5452,"org","orgrec-1073-org","1073",false
5453,"org1","org1rec-922-dup-0","922",true
5454,"org1","org1rec-1376-dup-0","1376",true
5455,"org","orgrec-42-org","42",false
5455,"org1","org1rec-42-dup-0","42",true
5456,"org","orgrec-743-org","743",false
5456,"org1","org1rec-743-dup-0","743",true
5457,"org","orgrec-1310-org","1310",false
5457,"org1","org1rec-1310-dup-0","1310",true
5458,"org1","org1rec-1759-dup-0","1759",true
5459,"org1","org1rec-3122-dup-0","3122",true
5459,"org","orgrec-3122-org","3122",false
5460,"org1","org1rec-2069-dup-0","2069",true
5461,"org","orgrec-4824-org","4824",false
5462,"org","orgrec-4585-org","4585",false
5462,"org1","org1rec-4585-dup-0","4585",true
5463,"org1","org1rec-947-dup-0","947",true
5464,"org","orgrec-3474-org","3474",false
5464,"org1","org1rec-3474-dup-0","3474",true
5465,"org1","org1rec-1247-org","1247",true
5465,"org1","org1rec-1247-dup-0","1247",true
5466,"org1","org1rec-3697-dup-0","3697",true
5467,"org1","org1rec-1292-dup-0","1292",true
5467,"org","orgrec-1292-org","1292",false
5468,"org1","org1rec-2557-dup-0","2557",true
5468,"org","orgrec-2557-org","2557",false
5469,"org1","org1rec-3359-dup-0","3359",true
5469,"org1","org1rec-3359-org","3359",true
5470,"org","orgrec-2404-org","2404",false
5470,"org1","org1rec-2404-dup-0","2404",true
5471,"org1","org1rec-3402-dup-0","3402",true
5472,"org","orgrec-2320-org","2320",false
5472,"org1","org1rec-2320-dup-0","2320",true
5473,"org","orgrec-2646-org","2646",false
5473,"org1","org1rec-2646-dup-0","2646",true
5474,"org1","org1rec-3535-org","3535",true
5474,"org1","org1rec-3535-dup-0","3535",true
5475,"org1","org1rec-776-dup-0","776",true
5476,"org","orgrec-2172-org","2172",false
5476,"org1","org1rec-2172-dup-0","2172",true
5477,"org","orgrec-253-org","253",false
5477,"org1","org1rec-253-dup-0","253",true
5478,"org1","org1rec-3857-dup-0","3857",true
5479,"org1","org1rec-2220-dup-0","2220",true
5479,"org","orgrec-2220-org","2220",false
5480,"org1","org1rec-1600-org","1600",true
5480,"org1","org1rec-1600-dup-0","1600",true
5481,"org","orgrec-4897-org","4897",false
5481,"org1","org1rec-4897-dup-0","4897",true
5482,"org1","org1rec-374-dup-0","374",true
5482,"org","orgrec-374-org","374",false
5483,"org","orgrec-3743-org","3743",false
5484,"org1","org1rec-1709-org","1709",true
5484,"org1","org1rec-1709-dup-0","1709",true
5485,"org1","org1rec-10-dup-0","10",true
5485,"org","orgrec-10-org","10",false
5486,"org1","org1rec-3000-dup-0","3000",true
5486,"org","orgrec-3000-org","3000",false
5487,"org1","org1rec-3902-dup-0","3902",true
5487,"org","orgrec-3902-org","3902",false
5488,"org","orgrec-1850-org","1850",false
5489,"org","orgrec-1927-org","1927",false
5490,"org","orgrec-3428-org","3428",false
5491,"org","orgrec-726-org","726",false
5492,"org1","org1rec-2495-org","2495",true
5492,"org1","org1rec-2495-dup-0","2495",true
5493,"org1","org1rec-4901-dup-0","4901",true
5494,"org","orgrec-746-org","746",false
5495,"org1","org1rec-4452-dup-0","4452",true
5495,"org","orgrec-4452-org","4452",false
5496,"org1","org1rec-4274-dup-0","4274",true
5497,"org1","org1rec-3651-dup-0","3651",true
5498,"org1","org1rec-4567-dup-0","4567",true
5499,"org","orgrec-240-org","240",false
5500,"org","orgrec-2798-org","2798",false
5500,"org1","org1rec-2798-dup-0","2798",true
5501,"org","orgrec-3059-org","3059",false
5501,"org1","org1rec-3059-dup-0","3059",true
5502,"org","orgrec-3840-org","3840",false
5502,"org1","org1rec-3840-dup-0","3840",true
5503,"org1","org1rec-402-dup-0","402",true
5503,"org","orgrec-402-org","402",false
5504,"org","orgrec-3112-org","3112",false
5504,"org1","org1rec-3112-dup-0","3112",true
5505,"org1","org1rec-2028-dup-0","2028",true
5505,"org","orgrec-2028-org","2028",false
5506,"org1","org1rec-2186-dup-0","2186",true
5506,"org","orgrec-2186-org","2186",false
5507,"org","orgrec-2670-org","2670",false
5508,"org","orgrec-1008-org","1008",false
5508,"org1","org1rec-1008-dup-0","1008",true
5509,"org","orgrec-1857-org","1857",false
5510,"org","orgrec-1973-org","1973",false
5510,"org1","org1rec-1973-dup-0","1973",true
5511,"org1","org1rec-2610-org","2610",true
5511,"org1","org1rec-2610-dup-0","2610",true
5512,"org1","org1rec-4198-dup-0","4198",true
5513,"org","orgrec-3556-org","3556",false
5513,"org1","org1rec-3556-dup-0","3556",true
5514,"org","orgrec-1841-org","1841",false
5514,"org1","org1rec-1841-dup-0","1841",true
5515,"org","orgrec-934-org","934",false
5515,"org1","org1rec-934-dup-0","934",true
5516,"org","orgrec-1087-org","1087",false
5516,"org1","org1rec-1087-dup-0","1087",true
5517,"org1","org1rec-2198-org","2198",true
5517,"org1","org1rec-2198-dup-0","2198",true
5518,"org1","org1rec-1927-dup-0","1927",true
5519,"org1","org1rec-2053-dup-0","2053",true
5520,"org","orgrec-4581-org","4581",false
5520,"org1","org1rec-4581-dup-0","4581",true
5521,"org1","org1rec-3566-dup-0","3566",true
5522,"org1","org1rec-3890-dup-0","3890",true
5522,"org","orgrec-3890-org","3890",false
5523,"org1","org1rec-249-dup-0","249",true
5523,"org","orgrec-249-org","249",false
5524,"org1","org1rec-3947-dup-0","3947",true
5524,"org1","org1rec-3947-org","3947",true
5525,"org1","org1rec-2391-org","2391",true
5525,"org1","org1rec-2391-dup-0","2391",true
5526,"org1","org1rec-4093-dup-0","4093",true
5526,"org1","org1rec-4093-org","4093",true
5527,"org","orgrec-3456-org","3456",false
5528,"org1","org1rec-4720-dup-0","4720",true
5529,"org","orgrec-2435-org","2435",false
5529,"org1","org1rec-2435-dup-0","2435",true
5530,"org","orgrec-3180-org","3180",false
5530,"org1","org1rec-3180-dup-0","3180",true
5531,"org1","org1rec-4267-dup-0","4267",true
5532,"org1","org1rec-3540-dup-0","3540",true
5532,"org","orgrec-3540-org","3540",false
5533,"org","orgrec-3498-org","3498",false
5533,"org1","org1rec-3498-dup-0","3498",true
5534,"org","orgrec-4632-org","4632",false
5534,"org1","org1rec-4632-dup-0","4632",true
5535,"org1","org1rec-204-dup-0","204",true
5536,"org1","org1rec-149-dup-0","149",true
5536,"org1","org1rec-149-org","149",true
5537,"org","orgrec-1934-org","1934",false
5538,"org","orgrec-3579-org","3579",false
5539,"org","orgrec-2982-org","2982",false
5539,"org1","org1rec-2982-dup-0","2982",true
5540,"org1","org1rec-2021-dup-0","2021",true
5541,"org","orgrec-1779-org","1779",false
5541,"org1","org1rec-1779-dup-0","1779",true
5542,"org1","org1rec-2431-dup-0","2431",true
5542,"org","orgrec-2431-org","2431",false
5543,"org","orgrec-1782-org","1782",false
5544,"org","orgrec-2819-org","2819",false
5544,"org1","org1rec-2819-dup-0","2819",true
5545,"org1","org1rec-1520-dup-0","1520",true
5546,"org","orgrec-4428-org","4428",false
5546,"org1","org1rec-4428-dup-0","4428",true
5547,"org","orgrec-946-org","946",false
5548,"org1","org1rec-561-dup-0","561",true
5549,"org","orgrec-2127-org","2127",false
5549,"org1","org1rec-2127-dup-0","2127",true
5550,"org","orgrec-3412-org","3412",false
5551,"org","orgrec-2259-org","2259",false
5551,"org1","org1rec-2259-dup-0","2259",true
5552,"org1","org1rec-3907-dup-0","3907",true
5553,"org","orgrec-3814-org","3814",false
5553,"org1","org1rec-3814-dup-0","3814",true
5554,"org1","org1rec-1576-dup-0","1576",true
5555,"org","orgrec-1893-org","1893",false
5556,"org1","org1rec-1659-dup-0","1659",true
5556,"org","orgrec-1659-org","1659",false
5557,"org1","org1rec-2057-dup-0","2057",true
5558,"org1","org1rec-4200-dup-0","4200",true
5558,"org","orgrec-4200-org","4200",false
5559,"org1","org1rec-2327-dup-0","2327",true
5560,"org1","org1rec-3571-dup-0","3571",true
5561,"org","orgrec-1825-org","1825",false
5562,"org1","org1rec-734-dup-0","734",true
5563,"org1","org1rec-3739-dup-0","3739",true
5563,"org","orgrec-3739-org","3739",false
5564,"org1","org1rec-656-dup-0","656",true
5565,"org","orgrec-2696-org","2696",false
5566,"org1","org1rec-1945-dup-0","1945",true
5566,"org","orgrec-1945-org","1945",false
5567,"org1","org1rec-766-dup-0","766",true
5567,"org","orgrec-766-org","766",false
5568,"org1","org1rec-4508-dup-0","4508",true
5568,"org1","org1rec-4508-org","4508",true
5569,"org1","org1rec-1933-dup-0","1933",true
5570,"org","orgrec-4131-org","4131",false
5570,"org1","org1rec-4131-dup-0","4131",true
5571,"org1","org1rec-2124-dup-0","2124",true
5572,"org1","org1rec-3561-dup-0","3561",true
5573,"org1","org1rec-1450-org","1450",true
5574,"org","orgrec-3549-org","3549",false
5575,"org1","org1rec-544-dup-0","544",true
5575,"org1","org1rec-544-org","544",true
5576,"org1","org1rec-4278-dup-0","4278",true
5576,"org","orgrec-4278-org","4278",false
5577,"org","orgrec-4105-org","4105",false
5577,"org1","org1rec-4105-dup-0","4105",true
5578,"org1","org1rec-4096-dup-0","4096",true
5579,"org","orgrec-1547-org","1547",false
5580,"org","orgrec-1246-org","1246",false
5580,"org1","org1rec-1246-dup-0","1246",true
5581,"org1","org1rec-4822-dup-0","4822",true
5582,"org1","org1rec-1450-dup-0","1450",true
5583,"org1","org1rec-555-dup-0","555",true
5583,"org","orgrec-555-org","555",false
5584,"org1","org1rec-4057-org","4057",true
5584,"org1","org1rec-4057-dup-0","4057",true
5585,"org","orgrec-1070-org","1070",false
5586,"org","orgrec-4914-org","4914",false
5586,"org1","org1rec-4914-dup-0","4914",true
5587,"org1","org1rec-259-org","259",true
5587,"org1","org1rec-259-dup-0","259",true
5588,"org1","org1rec-1241-dup-0","1241",true
5589,"org1","org1rec-2906-dup-0","2906",true
5590,"org","orgrec-3773-org","3773",false
5590,"org1","org1rec-3773-dup-0","3773",true
5591,"org1","org1rec-2767-dup-0","2767",true
5591,"org","orgrec-2767-org","2767",false
5592,"org","orgrec-1796-org","1796",false
5593,"org1","org1rec-2420-dup-0","2420",true
5593,"org1","org1rec-2420-org","2420",true
5594,"org1","org1rec-3126-dup-0","3126",true
5594,"org","orgrec-3126-org","3126",false
5595,"org1","org1rec-2728-dup-0","2728",true
5596,"org","orgrec-4076-org","4076",false
5596,"org1","org1rec-4076-dup-0","4076",true
5597,"org1","org1rec-2595-org","2595",true
5597,"org1","org1rec-2595-dup-0","2595",true
5598,"org","orgrec-966-org","966",false
5598,"org1","org1rec-966-dup-0","966",true
5599,"org1","org1rec-4846-dup-0","4846",true
5599,"org1","org1rec-4846-org","4846",true
5600,"org1","org1rec-2079-dup-0","2079",true
5600,"org","orgrec-2079-org","2079",false
5601,"org1","org1rec-1063-dup-0","1063",true
5602,"org1","org1rec-3341-org","3341",true
5602,"org1","org1rec-3341-dup-0","3341",true
5603,"org","orgrec-2525-org","2525",false
5603,"org1","org1rec-2525-dup-0","2525",true
5604,"org","orgrec-4910-org","4910",false
5604,"org1","org1rec-4910-dup-0","4910",true
5605,"org1","org1rec-2781-org","2781",true
5606,"org","orgrec-2326-org","2326",false
5606,"org1","org1rec-2326-dup-0","2326",true
5607,"org1","org1rec-3499-org","3499",true
5607,"org1","org1rec-3499-dup-0","3499",true
5608,"org1","org1rec-610-dup-0","610",true
5608,"org","orgrec-610-org","610",false
5609,"org1","org1rec-920-dup-0","920",true
5610,"org","orgrec-1925-org","1925",false
5610,"org1","org1rec-1925-dup-0","1925",true
5611,"org","orgrec-1123-org","1123",false
5611,"org1","org1rec-1123-dup-0","1123",true
5612,"org1","org1rec-2742-dup-0","2742",true
5612,"org","orgrec-2742-org","2742",false
5613,"org","orgrec-627-org","627",false
5614,"org1","org1rec-4501-org","4501",true
5614,"org1","org1rec-4501-dup-0","4501",true
5615,"org1","org1rec-3172-dup-0","3172",true
5615,"org","orgrec-3172-org","3172",false
5616,"org1","org1rec-129-dup-0","129",true
5616,"org","orgrec-129-org","129",false
5617,"org","orgrec-1105-org","1105",false
5617,"org1","org1rec-1105-dup-0","1105",true
5618,"org1","org1rec-759-dup-0","759",true
5618,"org","orgrec-759-org","759",false
5619,"org1","org1rec-2637-dup-0","2637",true
5620,"org","orgrec-3274-org","3274",false
5620,"org1","org1rec-3274-dup-0","3274",true
5621,"org","orgrec-4498-org","4498",false
5621,"org1","org1rec-4498-dup-0","4498",true
5622,"org1","org1rec-2351-dup-0","2351",true
5623,"org1","org1rec-1393-dup-0","1393",true
5624,"org1","org1rec-359-dup-0","359",true
5624,"org","orgrec-359-org","359",false
5625,"org1","org1rec-2379-dup-0","2379",true
5625,"org","orgrec-2379-org","2379",false
5626,"org1","org1rec-226-dup-0","226",true
5626,"org1","org1rec-226-org","226",true
5627,"org","orgrec-4574-org","4574",false
5627,"org1","org1rec-4574-dup-0","4574",true
5628,"org","orgrec-4005-org","4005",false
5628,"org1","org1rec-4005-dup-0","4005",true
5629,"org","orgrec-3578-org","3578",false
5629,"org1","org1rec-3578-dup-0","3578",true
5630,"org1","org1rec-951-dup-0","951",true
5631,"org","orgrec-2571-org","2571",false
5632,"org","orgrec-3511-org","3511",false
5633,"org","orgrec-4359-org","4359",false
5634,"org","orgrec-4361-org","4361",false
5635,"org","orgrec-3634-org","3634",false
5635,"org1","org1rec-3634-dup-0","3634",true
5636,"org1","org1rec-2242-org","2242",true
5636,"org1","org1rec-2242-dup-0","2242",true
5637,"org","orgrec-3749-org","3749",false
5637,"org1","org1rec-3749-dup-0","3749",true
5638,"org1","org1rec-1900-dup-0","1900",true
5638,"org","orgrec-1900-org","1900",false
5639,"org1","org1rec-2719-org","2719",true
5640,"org1","org1rec-2176-org","2176",true
5640,"org1","org1rec-2176-dup-0","2176",true
5641,"org","orgrec-4771-org","4771",false
5641,"org1","org1rec-4771-dup-0","4771",true
5642,"org","orgrec-3369-org","3369",false
5642,"org1","org1rec-3369-dup-0","3369",true
5643,"org1","org1rec-3255-dup-0","3255",true
5643,"org","orgrec-3255-org","3255",false
5644,"org1","org1rec-3636-dup-0","3636",true
5645,"org","orgrec-3909-org","3909",false
5645,"org1","org1rec-3909-dup-0","3909",true
5646,"org1","org1rec-2825-org","2825",true
5646,"org1","org1rec-2825-dup-0","2825",true
5647,"org","orgrec-2932-org","2932",false
5647,"org1","org1rec-2932-dup-0","2932",true
5648,"org1","org1rec-793-org","793",true
5648,"org1","org1rec-793-dup-0","793",true
5649,"org","orgrec-1036-org","1036",false
5649,"org1","org1rec-1036-dup-0","1036",true
5650,"org","orgrec-1102-org","1102",false
5651,"org1","org1rec-3327-org","3327",true
5651,"org1","org1rec-3327-dup-0","3327",true
5652,"org1","org1rec-2837-dup-0","2837",true
5652,"org","orgrec-2837-org","2837",false
5653,"org","orgrec-371-org","371",false
5654,"org1","org1rec-3218-org","3218",true
5654,"org1","org1rec-3218-dup-0","3218",true
5655,"org1","org1rec-3755-dup-0","3755",true
5656,"org","orgrec-319-org","319",false
5656,"org1","org1rec-319-dup-0","319",true
5657,"org1","org1rec-4380-dup-0","4380",true
5657,"org","orgrec-4380-org","4380",false
5658,"org1","org1rec-304-dup-0","304",true
5658,"org1","org1rec-304-org","304",true
5659,"org1","org1rec-3235-dup-0","3235",true
5659,"org","orgrec-3235-org","3235",false
5660,"org","orgrec-3356-org","3356",false
5660,"org1","org1rec-3356-dup-0","3356",true
5661,"org","orgrec-928-org","928",false
5661,"org1","org1rec-928-dup-0","928",true
5662,"org1","org1rec-862-org","862",true
5662,"org1","org1rec-862-dup-0","862",true
5663,"org","orgrec-137-org","137",false
5664,"org1","org1rec-314-org","314",true
5665,"org1","org1rec-3963-dup-0","3963",true
5666,"org1","org1rec-2642-dup-0","2642",true
5666,"org","orgrec-2642-org","2642",false
5667,"org1","org1rec-4932-dup-0","4932",true
5668,"org1","org1rec-2879-dup-0","2879",true
5668,"org1","org1rec-2879-org","2879",true
5669,"org","orgrec-2007-org","2007",false
5669,"org1","org1rec-2007-dup-0","2007",true
5670,"org1","org1rec-4558-dup-0","4558",true
5670,"org","orgrec-4558-org","4558",false
5671,"org","orgrec-3810-org","3810",false
5672,"org","orgrec-3103-org","3103",false
5673,"org","orgrec-4537-org","4537",false
5673,"org1","org1rec-4537-dup-0","4537",true
5674,"org1","org1rec-65-org","65",true
5674,"org1","org1rec-65-dup-0","65",true
5675,"org1","org1rec-1714-dup-0","1714",true
5675,"org","orgrec-1714-org","1714",false
5676,"org","orgrec-1616-org","1616",false
5676,"org1","org1rec-1616-dup-0","1616",true
5677,"org1","org1rec-4188-org","4188",true
5678,"org1","org1rec-3549-dup-0","3549",true
5679,"org1","org1rec-2896-dup-0","2896",true
5680,"org","orgrec-3955-org","3955",false
5681,"org1","org1rec-469-dup-0","469",true
5682,"org","orgrec-3669-org","3669",false
5682,"org1","org1rec-3669-dup-0","3669",true
5683,"org1","org1rec-4514-dup-0","4514",true
5684,"org1","org1rec-2168-org","2168",true
5685,"org","orgrec-1135-org","1135",false
5685,"org1","org1rec-1135-dup-0","1135",true
5686,"org1","org1rec-2744-dup-0","2744",true
5687,"org","orgrec-258-org","258",false
5688,"org1","org1rec-2529-dup-0","2529",true
5688,"org1","org1rec-2529-org","2529",true
5689,"org1","org1rec-4026-dup-0","4026",true
5690,"org","orgrec-2234-org","2234",false
5691,"org","orgrec-1543-org","1543",false
5692,"org1","org1rec-578-dup-0","578",true
5692,"org1","org1rec-578-org","578",true
5693,"org1","org1rec-3733-dup-0","3733",true
5693,"org","orgrec-3733-org","3733",false
5694,"org","orgrec-1228-org","1228",false
5695,"org","orgrec-3157-org","3157",false
5695,"org1","org1rec-3157-dup-0","3157",true
5696,"org","orgrec-4922-org","4922",false
5697,"org","orgrec-3891-org","3891",false
5697,"org1","org1rec-3891-dup-0","3891",true
5698,"org","orgrec-103-org","103",false
5698,"org1","org1rec-103-dup-0","103",true
5699,"org1","org1rec-397-dup-0","397",true
5699,"org","orgrec-397-org","397",false
5700,"org1","org1rec-2395-org","2395",true
5701,"org1","org1rec-4738-dup-0","4738",true
5702,"org","orgrec-918-org","918",false
5703,"org","orgrec-3321-org","3321",false
5703,"org1","org1rec-3321-dup-0","3321",true
5704,"org","orgrec-2086-org","2086",false
5704,"org1","org1rec-2086-dup-0","2086",true
5705,"org1","org1rec-2634-dup-0","2634",true
5706,"org","orgrec-2977-org","2977",false
5706,"org1","org1rec-2977-dup-0","2977",true
5707,"org1","org1rec-3333-org","3333",true
5707,"org1","org1rec-3333-dup-0","3333",true
5708,"org","orgrec-2006-org","2006",false
5709,"org","orgrec-676-org","676",false
5709,"org1","org1rec-676-dup-0","676",true
5710,"org1","org1rec-2068-dup-0","2068",true
5710,"org","orgrec-2068-org","2068",false
5711,"org1","org1rec-4336-org","4336",true
5712,"org","orgrec-3074-org","3074",false
5712,"org1","org1rec-3074-dup-0","3074",true
5713,"org","orgrec-3117-org","3117",false
5713,"org1","org1rec-3117-dup-0","3117",true
5714,"org1","org1rec-3355-dup-0","3355",true
5714,"org","orgrec-3355-org","3355",false
5715,"org1","org1rec-1077-org","1077",true
5716,"org1","org1rec-3156-dup-0","3156",true
5716,"org1","org1rec-3156-org","3156",true
5717,"org1","org1rec-3006-dup-0","3006",true
5718,"org1","org1rec-3062-dup-0","3062",true
5719,"org","orgrec-4522-org","4522",false
5720,"org","orgrec-4617-org","4617",false
5720,"org1","org1rec-4617-dup-0","4617",true
5721,"org1","org1rec-2479-dup-0","2479",true
5721,"org","orgrec-2479-org","2479",false
5722,"org1","org1rec-2371-dup-0","2371",true
5722,"org","orgrec-2371-org","2371",false
5723,"org","orgrec-1277-org","1277",false
5724,"org1","org1rec-3674-dup-0","3674",true
5724,"org","orgrec-3674-org","3674",false
5725,"org1","org1rec-3378-dup-0","3378",true
5726,"org1","org1rec-3083-dup-0","3083",true
5727,"org","orgrec-4764-org","4764",false
5728,"org","orgrec-3887-org","3887",false
5728,"org1","org1rec-3887-dup-0","3887",true
5729,"org","orgrec-446-org","446",false
5729,"org1","org1rec-446-dup-0","446",true
5730,"org1","org1rec-2108-org","2108",true
5731,"org1","org1rec-1118-dup-0","1118",true
5731,"org","orgrec-1118-org","1118",false
5732,"org1","org1rec-3446-org","3446",true
5733,"org1","org1rec-3492-dup-0","3492",true
5733,"org1","org1rec-3492-org","3492",true
5734,"org1","org1rec-991-dup-0","991",true
5734,"org","orgrec-991-org","991",false
5735,"org","orgrec-2567-org","2567",false
5735,"org1","org1rec-2567-dup-0","2567",true
5736,"org1","org1rec-4822-org","4822",true
5737,"org1","org1rec-118-dup-0","118",true
5737,"org","orgrec-118-org","118",false
5738,"org1","org1rec-886-dup-0","886",true
5738,"org","orgrec-886-org","886",false
5739,"org1","org1rec-2616-dup-0","2616",true
5740,"org1","org1rec-600-dup-0","600",true
5741,"org1","org1rec-3621-dup-0","3621",true
5742,"org1","org1rec-3794-dup-0","3794",true
5742,"org","orgrec-3794-org","3794",false
5743,"org","orgrec-1998-org","1998",false
5743,"org1","org1rec-1998-dup-0","1998",true
5744,"org1","org1rec-838-dup-0","838",true
5744,"org","orgrec-838-org","838",false
5745,"org1","org1rec-405-dup-0","405",true
5746,"org1","org1rec-1333-dup-0","1333",true
5747,"org1","org1rec-4381-dup-0","4381",true
5747,"org1","org1rec-4381-org","4381",true
5748,"org1","org1rec-1893-dup-0","1893",true
5749,"org","orgrec-1993-org","1993",false
5749,"org1","org1rec-1993-dup-0","1993",true
5750,"org","orgrec-4883-org","4883",false
5750,"org1","org1rec-4883-dup-0","4883",true
5751,"org1","org1rec-708-dup-0","708",true
5751,"org","orgrec-708-org","708",false
5752,"org","orgrec-1608-org","1608",false
5752,"org1","org1rec-1608-dup-0","1608",true
5753,"org1","org1rec-684-dup-0","684",true
5754,"org1","org1rec-1916-dup-0","1916",true
5754,"org1","org1rec-1916-org","1916",true
5755,"org","orgrec-809-org","809",false
5756,"org1","org1rec-1005-dup-0","1005",true
5756,"org","orgrec-1005-org","1005",false
5757,"org","orgrec-4242-org","4242",false
5757,"org1","org1rec-4242-dup-0","4242",true
5758,"org","orgrec-1-org","1",false
5758,"org1","org1rec-1-dup-0","1",true
5759,"org","orgrec-4819-org","4819",false
5759,"org1","org1rec-4819-dup-0","4819",true
5760,"org1","org1rec-4259-dup-0","4259",true
5760,"org","orgrec-4259-org","4259",false
5761,"org","orgrec-1495-org","1495",false
5761,"org1","org1rec-1495-dup-0","1495",true
5762,"org","orgrec-3949-org","3949",false
5763,"org1","org1rec-4451-dup-0","4451",true
5764,"org","orgrec-4694-org","4694",false
5764,"org1","org1rec-4694-dup-0","4694",true
5765,"org","orgrec-1639-org","1639",false
5766,"org1","org1rec-4739-dup-0","4739",true
5766,"org","orgrec-4739-org","4739",false
5767,"org1","org1rec-35-org","35",true
5767,"org1","org1rec-35-dup-0","35",true
5768,"org1","org1rec-2676-org","2676",true
5769,"org1","org1rec-4279-dup-0","4279",true
5770,"org","orgrec-2900-org","2900",false
5770,"org1","org1rec-2900-dup-0","2900",true
5771,"org","orgrec-2397-org","2397",false
5771,"org1","org1rec-2397-dup-0","2397",true
5772,"org1","org1rec-4299-dup-0","4299",true
5773,"org1","org1rec-2215-dup-0","2215",true
5774,"org1","org1rec-1712-dup-0","1712",true
5774,"org","orgrec-1712-org","1712",false
5775,"org1","org1rec-1227-dup-0","1227",true
5775,"org1","org1rec-1227-org","1227",true
5776,"org1","org1rec-463-dup-0","463",true
5777,"org","orgrec-4390-org","4390",false
5777,"org1","org1rec-4390-dup-0","4390",true
5778,"org1","org1rec-2714-dup-0","2714",true
5778,"org","orgrec-2714-org","2714",false
5779,"org","orgrec-1187-org","1187",false
5779,"org1","org1rec-1187-dup-0","1187",true
5780,"org","orgrec-3522-org","3522",false
5781,"org1","org1rec-4718-org","4718",true
5781,"org1","org1rec-4718-dup-0","4718",true
5782,"org","orgrec-3915-org","3915",false
5782,"org1","org1rec-3915-dup-0","3915",true
5783,"org1","org1rec-4422-dup-0","4422",true
5784,"org","orgrec-2583-org","2583",false
5784,"org1","org1rec-2583-dup-0","2583",true
5785,"org","orgrec-1141-org","1141",false
5786,"org1","org1rec-261-dup-0","261",true
5786,"org1","org1rec-261-org","261",true
5787,"org1","org1rec-3566-org","3566",true
5788,"org1","org1rec-1293-dup-0","1293",true
5789,"org","orgrec-1809-org","1809",false
5790,"org1","org1rec-3130-dup-0","3130",true
5791,"org","orgrec-1066-org","1066",false
5791,"org1","org1rec-1066-dup-0","1066",true
5792,"org","orgrec-375-org","375",false
5793,"org1","org1rec-2181-dup-0","2181",true
5793,"org","orgrec-2181-org","2181",false
5794,"org","orgrec-2950-org","2950",false
5794,"org1","org1rec-2950-dup-0","2950",true
5795,"org","orgrec-1431-org","1431",false
5795,"org1","org1rec-1431-dup-0","1431",true
5796,"org","orgrec-278-org","278",false
5796,"org1","org1rec-278-dup-0","278",true
5797,"org","orgrec-1460-org","1460",false
5798,"org1","org1rec-4850-dup-0","4850",true
5798,"org","orgrec-4850-org","4850",false
5799,"org1","org1rec-4564-dup-0","4564",true
5799,"org","orgrec-4564-org","4564",false
5800,"org1","org1rec-4955-dup-0","4955",true
5801,"org1","org1rec-2024-dup-0","2024",true
5801,"org","orgrec-2024-org","2024",false
5802,"org1","org1rec-396-dup-0","396",true
5802,"org","orgrec-396-org","396",false
5803,"org","orgrec-2383-org","2383",false
5804,"org1","org1rec-356-dup-0","356",true
5804,"org","orgrec-356-org","356",false
5805,"org1","org1rec-4254-dup-0","4254",true
5806,"org1","org1rec-4898-org","4898",true
5806,"org1","org1rec-4898-dup-0","4898",true
5807,"org","orgrec-3853-org","3853",false
5807,"org1","org1rec-3853-dup-0","3853",true
5808,"org1","org1rec-4315-org","4315",true
5808,"org1","org1rec-4315-dup-0","4315",true
5809,"org1","org1rec-1134-dup-0","1134",true
5810,"org","orgrec-2110-org","2110",false
5811,"org1","org1rec-1490-dup-0","1490",true
5811,"org1","org1rec-1490-org","1490",true
5812,"org","orgrec-2449-org","2449",false
5813,"org1","org1rec-1075-org","1075",true
5813,"org1","org1rec-1075-dup-0","1075",true
5814,"org","orgrec-3692-org","3692",false
5815,"org1","org1rec-731-org","731",true
5815,"org1","org1rec-731-dup-0","731",true
5816,"org1","org1rec-1823-dup-0","1823",true
5817,"org1","org1rec-2820-dup-0","2820",true
5817,"org","orgrec-2820-org","2820",false
5818,"org","orgrec-783-org","783",false
5818,"org1","org1rec-783-dup-0","783",true
5819,"org1","org1rec-4285-dup-0","4285",true
5819,"org","orgrec-4285-org","4285",false
5820,"org","orgrec-819-org","819",false
5820,"org1","org1rec-819-dup-0","819",true
5821,"org1","org1rec-2191-org","2191",true
5821,"org1","org1rec-2191-dup-0","2191",true
5822,"org1","org1rec-4578-dup-0","4578",true
5823,"org1","org1rec-119-dup-0","119",true
5823,"org","orgrec-119-org","119",false
5824,"org1","org1rec-3280-dup-0","3280",true
5825,"org1","org1rec-1190-dup-0","1190",true
5826,"org","orgrec-77-org","77",false
5826,"org1","org1rec-77-dup-0","77",true
5827,"org1","org1rec-4268-dup-0","4268",true
5828,"org1","org1rec-524-dup-0","524",true
5829,"org1","org1rec-2593-dup-0","2593",true
5830,"org1","org1rec-3065-org","3065",true
5831,"org1","org1rec-3665-dup-0","3665",true
5831,"org1","org1rec-3665-org","3665",true
5832,"org","orgrec-2914-org","2914",false
5832,"org1","org1rec-2914-dup-0","2914",true
5833,"org1","org1rec-4733-dup-0","4733",true
5834,"org","orgrec-4713-org","4713",false
5835,"org","orgrec-770-org","770",false
5835,"org1","org1rec-770-dup-0","770",true
5836,"org","orgrec-4022-org","4022",false
5836,"org1","org1rec-4022-dup-0","4022",true
5837,"org","orgrec-2701-org","2701",false
5837,"org1","org1rec-2701-dup-0","2701",true
5838,"org","orgrec-2788-org","2788",false
5838,"org1","org1rec-2788-dup-0","2788",true
5839,"org1","org1rec-3917-dup-0","3917",true
5839,"org","orgrec-3917-org","3917",false
5840,"org","orgrec-3670-org","3670",false
5841,"org1","org1rec-3598-dup-0","3598",true
5841,"org","orgrec-3598-org","3598",false
5842,"org1","org1rec-2939-dup-0","2939",true
5843,"org","orgrec-1015-org","1015",false
5844,"org","orgrec-2632-org","2632",false
5844,"org1","org1rec-2632-dup-0","2632",true
5845,"org1","org1rec-1470-dup-0","1470",true
5846,"org1","org1rec-2035-org","2035",true
5847,"org","orgrec-4157-org","4157",false
5848,"org","orgrec-4106-org","4106",false
5849,"org1","org1rec-4982-dup-0","4982",true
5849,"org","orgrec-4982-org","4982",false
5850,"org1","org1rec-1263-dup-0","1263",true
5850,"org","orgrec-1263-org","1263",false
5851,"org1","org1rec-2385-dup-0","2385",true
5851,"org","orgrec-2385-org","2385",false
5852,"org","orgrec-1780-org","1780",false
5853,"org1","org1rec-1575-dup-0","1575",true
5853,"org1","org1rec-1575-org","1575",true
5854,"org1","org1rec-4993-dup-0","4993",true
5854,"org","orgrec-4993-org","4993",false
5855,"org","orgrec-1081-org","1081",false
5855,"org1","org1rec-1081-dup-0","1081",true
5856,"org1","org1rec-870-dup-0","870",true
5856,"org","orgrec-870-org","870",false
5857,"org","orgrec-4619-org","4619",false
5858,"org","orgrec-1732-org","1732",false
5858,"org1","org1rec-1732-dup-0","1732",true
5859,"org1","org1rec-818-dup-0","818",true
5859,"org","orgrec-818-org","818",false
5860,"org","orgrec-2723-org","2723",false
5861,"org1","org1rec-2113-dup-0","2113",true
5861,"org","orgrec-2113-org","2113",false
5862,"org1","org1rec-4106-dup-0","4106",true
5863,"org","orgrec-1205-org","1205",false
5863,"org1","org1rec-1205-dup-0","1205",true
5864,"org","orgrec-667-org","667",false
5864,"org1","org1rec-667-dup-0","667",true
5865,"org1","org1rec-1623-dup-0","1623",true
5865,"org1","org1rec-1623-org","1623",true
5866,"org","orgrec-353-org","353",false
5867,"org","orgrec-4896-org","4896",false
5868,"org","orgrec-3748-org","3748",false
5868,"org1","org1rec-3748-dup-0","3748",true
5869,"org1","org1rec-1716-dup-0","1716",true
5870,"org1","org1rec-449-dup-0","449",true
5871,"org","orgrec-1009-org","1009",false
5871,"org1","org1rec-1009-dup-0","1009",true
5872,"org","orgrec-1022-org","1022",false
5873,"org","orgrec-4877-org","4877",false
5874,"org1","org1rec-945-dup-0","945",true
5875,"org","orgrec-1723-org","1723",false
5875,"org1","org1rec-1723-dup-0","1723",true
5876,"org","orgrec-4249-org","4249",false
5876,"org1","org1rec-4249-dup-0","4249",true
5877,"org","orgrec-753-org","753",false
5878,"org1","org1rec-448-dup-0","448",true
5878,"org1","org1rec-448-org","448",true
5879,"org1","org1rec-780-dup-0","780",true
5880,"org1","org1rec-105-dup-0","105",true
5880,"org1","org1rec-105-org","105",true
5881,"org","orgrec-4944-org","4944",false
5882,"org1","org1rec-1000-dup-0","1000",true
5882,"org","orgrec-1000-org","1000",false
5883,"org1","org1rec-256-dup-0","256",true
5883,"org","orgrec-256-org","256",false
5884,"org","orgrec-1473-org","1473",false
5884,"org1","org1rec-1473-dup-0","1473",true
5885,"org1","org1rec-28-dup-0","28",true
5885,"org","orgrec-28-org","28",false
5886,"org1","org1rec-4603-dup-0","4603",true
5886,"org","orgrec-4603-org","4603",false
5887,"org","orgrec-3099-org","3099",false
5887,"org1","org1rec-3099-dup-0","3099",true
5888,"org1","org1rec-3967-dup-0","3967",true
5888,"org","orgrec-3967-org","3967",false
5889,"org1","org1rec-2814-org","2814",true
5890,"org1","org1rec-4301-dup-0","4301",true
5891,"org1","org1rec-4500-dup-0","4500",true
5891,"org1","org1rec-4500-org","4500",true
5892,"org1","org1rec-977-dup-0","977",true
5892,"org","orgrec-977-org","977",false
5893,"org","orgrec-3302-org","3302",false
5893,"org1","org1rec-3302-dup-0","3302",true
5894,"org1","org1rec-952-dup-0","952",true
5894,"org","orgrec-952-org","952",false
5895,"org1","org1rec-2627-dup-0","2627",true
5896,"org","orgrec-1053-org","1053",false
5897,"org","orgrec-3282-org","3282",false
5897,"org1","org1rec-3282-dup-0","3282",true
5898,"org1","org1rec-3438-dup-0","3438",true
5898,"org1","org1rec-3438-org","3438",true
5899,"org1","org1rec-816-dup-0","816",true
5899,"org1","org1rec-816-org","816",true
5900,"org","orgrec-4103-org","4103",false
5901,"org1","org1rec-983-dup-0","983",true
5901,"org","orgrec-983-org","983",false
5902,"org1","org1rec-2823-dup-0","2823",true
5902,"org","orgrec-2823-org","2823",false
5903,"org","orgrec-2367-org","2367",false
5903,"org1","org1rec-2367-dup-0","2367",true
5904,"org1","org1rec-4590-dup-0","4590",true
5904,"org1","org1rec-4590-org","4590",true
5905,"org1","org1rec-4528-dup-0","4528",true
5905,"org1","org1rec-4528-org","4528",true
5906,"org","orgrec-3524-org","3524",false
5906,"org1","org1rec-3524-dup-0","3524",true
5907,"org","orgrec-4480-org","4480",false
5907,"org1","org1rec-4480-dup-0","4480",true
5908,"org1","org1rec-4843-dup-0","4843",true
5909,"org1","org1rec-3982-dup-0","3982",true
5909,"org","orgrec-3982-org","3982",false
5910,"org1","org1rec-4494-dup-0","4494",true
5910,"org","orgrec-4494-org","4494",false
5911,"org1","org1rec-4885-org","4885",true
5911,"org1","org1rec-4885-dup-0","4885",true
5912,"org1","org1rec-1836-dup-0","1836",true
5912,"org","orgrec-1836-org","1836",false
5913,"org","orgrec-1987-org","1987",false
5913,"org1","org1rec-1987-dup-0","1987",true
5914,"org1","org1rec-3186-dup-0","3186",true
5914,"org","orgrec-3186-org","3186",false
5915,"org","orgrec-1475-org","1475",false
5915,"org1","org1rec-1475-dup-0","1475",true
5916,"org1","org1rec-4886-org","4886",true
5916,"org1","org1rec-4886-dup-0","4886",true
5917,"org1","org1rec-2952-dup-0","2952",true
5918,"org","orgrec-3476-org","3476",false
5919,"org","orgrec-1350-org","1350",false
5919,"org1","org1rec-1350-dup-0","1350",true
5920,"org1","org1rec-1795-org","1795",true
5921,"org1","org1rec-3702-dup-0","3702",true
5922,"org","orgrec-2356-org","2356",false
5922,"org1","org1rec-2356-dup-0","2356",true
5923,"org1","org1rec-4628-dup-0","4628",true
5924,"org1","org1rec-2188-org","2188",true
5924,"org1","org1rec-2188-dup-0","2188",true
5925,"org","orgrec-2951-org","2951",false
5925,"org1","org1rec-2951-dup-0","2951",true
5926,"org1","org1rec-3715-dup-0","3715",true
5926,"org1","org1rec-3715-org","3715",true
5927,"org1","org1rec-209-dup-0","209",true
5928,"org","orgrec-4169-org","4169",false
5929,"org1","org1rec-85-dup-0","85",true
5930,"org1","org1rec-2211-dup-0","2211",true
5931,"org","orgrec-1318-org","1318",false
5932,"org1","org1rec-1992-dup-0","1992",true
5932,"org","orgrec-1992-org","1992",false
5933,"org1","org1rec-4724-dup-0","4724",true
5934,"org1","org1rec-3079-dup-0","3079",true
5934,"org1","org1rec-3079-org","3079",true
5935,"org1","org1rec-2449-dup-0","2449",true
5936,"org1","org1rec-4410-dup-0","4410",true
5936,"org","orgrec-4410-org","4410",false
5937,"org","orgrec-283-org","283",false
5937,"org1","org1rec-283-dup-0","283",true
5938,"org1","org1rec-4773-org","4773",true
5938,"org1","org1rec-4773-dup-0","4773",true
5939,"org1","org1rec-4056-dup-0","4056",true
5940,"org","orgrec-907-org","907",false
5940,"org1","org1rec-907-dup-0","907",true
5941,"org1","org1rec-1535-dup-0","1535",true
5941,"org","orgrec-1535-org","1535",false
5942,"org","orgrec-4358-org","4358",false
5943,"org1","org1rec-2991-dup-0","2991",true
5943,"org1","org1rec-2991-org","2991",true
5944,"org1","org1rec-2042-org","2042",true
5944,"org1","org1rec-2042-dup-0","2042",true
5945,"org1","org1rec-121-dup-0","121",true
5945,"org","orgrec-121-org","121",false
5946,"org1","org1rec-2171-dup-0","2171",true
5946,"org","orgrec-2171-org","2171",false
5947,"org","orgrec-4832-org","4832",false
5947,"org1","org1rec-4832-dup-0","4832",true
5948,"org","orgrec-3621-org","3621",false
5949,"org1","org1rec-1530-dup-0","1530",true
5949,"org","orgrec-1530-org","1530",false
5950,"org","orgrec-2484-org","2484",false
5950,"org1","org1rec-2484-dup-0","2484",true
5951,"org","orgrec-4798-org","4798",false
5952,"org1","org1rec-2323-dup-0","2323",true
5952,"org","orgrec-2323-org","2323",false
5953,"org","orgrec-4150-org","4150",false
5953,"org1","org1rec-4150-dup-0","4150",true
5954,"org","orgrec-4196-org","4196",false
5954,"org1","org1rec-4196-dup-0","4196",true
5955,"org1","org1rec-2284-org","2284",true
5955,"org1","org1rec-2284-dup-0","2284",true
5956,"org1","org1rec-1990-dup-0","1990",true
5957,"org1","org1rec-3194-dup-0","3194",true
5957,"org","orgrec-3194-org","3194",false
5958,"org","orgrec-1555-org","1555",false
5958,"org1","org1rec-1555-dup-0","1555",true
5959,"org1","org1rec-1952-dup-0","1952",true
5959,"org1","org1rec-1952-org","1952",true
5960,"org1","org1rec-2213-dup-0","2213",true
5961,"org","orgrec-4215-org","4215",false
5962,"org1","org1rec-4397-dup-0","4397",true
5962,"org1","org1rec-4397-org","4397",true
5963,"org","orgrec-1965-org","1965",false
5963,"org1","org1rec-1965-dup-0","1965",true
5964,"org1","org1rec-1713-dup-0","1713",true
5964,"org1","org1rec-1713-org","1713",true
5965,"org1","org1rec-1108-dup-0","1108",true
5965,"org","orgrec-1108-org","1108",false
5966,"org1","org1rec-1151-dup-0","1151",true
5967,"org","orgrec-1428-org","1428",false
5968,"org1","org1rec-4636-dup-0","4636",true
5968,"org","orgrec-4636-org","4636",false
5969,"org1","org1rec-3317-org","3317",true
5970,"org1","org1rec-4721-org","4721",true
5971,"org1","org1rec-1462-dup-0","1462",true
5971,"org","orgrec-1462-org","1462",false
5972,"org","orgrec-1802-org","1802",false
5972,"org1","org1rec-1802-dup-0","1802",true
5973,"org1","org1rec-482-dup-0","482",true
5974,"org1","org1rec-4948-dup-0","4948",true
5975,"org1","org1rec-2622-dup-0","2622",true
5976,"org","orgrec-4479-org","4479",false
5977,"org1","org1rec-3521-dup-0","3521",true
5977,"org1","org1rec-3521-org","3521",true
5978,"org1","org1rec-1322-org","1322",true
5978,"org1","org1rec-1322-dup-0","1322",true
5979,"org1","org1rec-170-dup-0","170",true
5979,"org","orgrec-170-org","170",false
5980,"org1","org1rec-3675-dup-0","3675",true
5980,"org1","org1rec-3675-org","3675",true
5981,"org1","org1rec-4313-org","4313",true
5982,"org1","org1rec-1955-dup-0","1955",true
5982,"org","orgrec-1955-org","1955",false
5983,"org","orgrec-175-org","175",false
5983,"org1","org1rec-175-dup-0","175",true
5984,"org","orgrec-3026-org","3026",false
5985,"org","orgrec-3885-org","3885",false
5985,"org1","org1rec-3885-dup-0","3885",true
5986,"org1","org1rec-1527-dup-0","1527",true
5987,"org1","org1rec-1930-org","1930",true
5987,"org1","org1rec-1930-dup-0","1930",true
5988,"org1","org1rec-3420-org","3420",true
5989,"org1","org1rec-4186-dup-0","4186",true
5989,"org1","org1rec-4186-org","4186",true
5990,"org","orgrec-2936-org","2936",false
5991,"org1","org1rec-3297-org","3297",true
5991,"org1","org1rec-3297-dup-0","3297",true
5992,"org","orgrec-4510-org","4510",false
5993,"org1","org1rec-2904-org","2904",true
5993,"org1","org1rec-2904-dup-0","2904",true
5994,"org1","org1rec-4611-dup-0","4611",true
5995,"org1","org1rec-1627-dup-0","1627",true
5995,"org","orgrec-1627-org","1627",false
5996,"org1","org1rec-1163-dup-0","1163",true
5996,"org","orgrec-1163-org","1163",false
5997,"org1","org1rec-475-dup-0","475",true
5998,"org1","org1rec-4863-dup-0","4863",true
5999,"org","orgrec-549-org","549",false
5999,"org1","org1rec-549-dup-0","549",true
6000,"org1","org1rec-3787-dup-0","3787",true
6001,"org1","org1rec-1378-dup-0","1378",true
6002,"org1","org1rec-4608-dup-0","4608",true
6003,"org1","org1rec-4709-dup-0","4709",true
6003,"org","orgrec-4709-org","4709",false
6004,"org1","org1rec-611-dup-0","611",true
6004,"org1","org1rec-611-org","611",true
6005,"org","orgrec-3775-org","3775",false
6006,"org1","org1rec-2502-dup-0","2502",true
6006,"org","orgrec-2502-org","2502",false
6007,"org1","org1rec-95-dup-0","95",true
6008,"org1","org1rec-263-org","263",true
6008,"org1","org1rec-263-dup-0","263",true
6009,"org","orgrec-1981-org","1981",false
6009,"org1","org1rec-1981-dup-0","1981",true
6010,"org1","org1rec-358-org","358",true
6011,"org1","org1rec-2269-dup-0","2269",true
6011,"org","orgrec-2269-org","2269",false
6012,"org1","org1rec-1443-org","1443",true
6012,"org1","org1rec-1443-dup-0","1443",true
6013,"org1","org1rec-2206-dup-0","2206",true
6014,"org","orgrec-361-org","361",false
6015,"org1","org1rec-1545-dup-0","1545",true
6015,"org","orgrec-1545-org","1545",false
6016,"org1","org1rec-1651-dup-0","1651",true
6017,"org","orgrec-2071-org","2071",false
6018,"org","orgrec-2057-org","2057",false
6019,"org1","org1rec-1214-dup-0","1214",true
6019,"org","orgrec-1214-org","1214",false
6020,"org1","org1rec-230-dup-0","230",true
6021,"org1","org1rec-2962-org","2962",true
6022,"org1","org1rec-1525-dup-0","1525",true
6022,"org","orgrec-1525-org","1525",false
6023,"org1","org1rec-2949-dup-0","2949",true
6023,"org1","org1rec-2949-org","2949",true
6024,"org1","org1rec-664-dup-0","664",true
6024,"org1","org1rec-664-org","664",true
6025,"org1","org1rec-2352-dup-0","2352",true
6026,"org1","org1rec-2120-dup-0","2120",true
6026,"org","orgrec-2120-org","2120",false
6027,"org1","org1rec-1062-dup-0","1062",true
6028,"org","orgrec-1402-org","1402",false
6028,"org1","org1rec-1402-dup-0","1402",true
6029,"org1","org1rec-4509-dup-0","4509",true
6030,"org1","org1rec-2640-dup-0","2640",true
6031,"org1","org1rec-3986-dup-0","3986",true
6031,"org","orgrec-3986-org","3986",false
6032,"org1","org1rec-2800-dup-0","2800",true
6033,"org1","org1rec-4648-dup-0","4648",true
6033,"org","orgrec-4648-org","4648",false
6034,"org1","org1rec-1261-org","1261",true
6034,"org1","org1rec-1261-dup-0","1261",true
6035,"org1","org1rec-3834-org","3834",true
6035,"org1","org1rec-3834-dup-0","3834",true
6036,"org","orgrec-844-org","844",false
6036,"org1","org1rec-844-dup-0","844",true
6037,"org1","org1rec-4177-dup-0","4177",true
6038,"org1","org1rec-4735-org","4735",true
6038,"org1","org1rec-4735-dup-0","4735",true
6039,"org1","org1rec-2071-dup-0","2071",true
6040,"org","orgrec-3687-org","3687",false
6040,"org1","org1rec-3687-dup-0","3687",true
6041,"org","orgrec-3293-org","3293",false
6041,"org1","org1rec-3293-dup-0","3293",true
6042,"org","orgrec-4860-org","4860",false
6042,"org1","org1rec-4860-dup-0","4860",true
6043,"org1","org1rec-4656-org","4656",true
6043,"org1","org1rec-4656-dup-0","4656",true
6044,"org1","org1rec-4866-dup-0","4866",true
6044,"org","orgrec-4866-org","4866",false
6045,"org","orgrec-1051-org","1051",false
6045,"org1","org1rec-1051-dup-0","1051",true
6046,"org","orgrec-4365-org","4365",false
6046,"org1","org1rec-4365-dup-0","4365",true
6047,"org","orgrec-4039-org","4039",false
6048,"org","orgrec-738-org","738",false
6048,"org1","org1rec-738-dup-0","738",true
6049,"org","orgrec-425-org","425",false
6050,"org1","org1rec-4749-org","4749",true
6051,"org1","org1rec-2802-dup-0","2802",true
6051,"org","orgrec-2802-org","2802",false
6052,"org1","org1rec-3962-dup-0","3962",true
6053,"org1","org1rec-409-dup-0","409",true
6054,"org1","org1rec-1050-org","1050",true
6054,"org1","org1rec-1050-dup-0","1050",true
6055,"org1","org1rec-2064-dup-0","2064",true
6056,"org","orgrec-4449-org","4449",false
6056,"org1","org1rec-4449-dup-0","4449",true
6057,"org","orgrec-2064-org","2064",false
6058,"org","orgrec-3936-org","3936",false
6058,"org1","org1rec-3936-dup-0","3936",true
6059,"org1","org1rec-719-org","719",true
6059,"org1","org1rec-719-dup-0","719",true
6060,"org","orgrec-1633-org","1633",false
6061,"org","orgrec-3310-org","3310",false
6061,"org1","org1rec-3310-dup-0","3310",true
6062,"org","orgrec-4991-org","4991",false
6062,"org1","org1rec-4991-dup-0","4991",true
6063,"org1","org1rec-279-org","279",true
6064,"org","orgrec-2274-org","2274",false
6064,"org1","org1rec-2274-dup-0","2274",true
6065,"org1","org1rec-3221-dup-0","3221",true
6066,"org","orgrec-3699-org","3699",false
6066,"org1","org1rec-3699-dup-0","3699",true
6067,"org1","org1rec-4446-org","4446",true
6067,"org1","org1rec-4446-dup-0","4446",true
6068,"org1","org1rec-1846-org","1846",true
6069,"org","orgrec-1905-org","1905",false
6069,"org1","org1rec-1905-dup-0","1905",true
6070,"org1","org1rec-4686-dup-0","4686",true
6071,"org","orgrec-4137-org","4137",false
6072,"org","orgrec-2047-org","2047",false
6072,"org1","org1rec-2047-dup-0","2047",true
6073,"org1","org1rec-2980-dup-0","2980",true
6073,"org","orgrec-2980-org","2980",false
6074,"org","orgrec-3690-org","3690",false
6075,"org1","org1rec-1185-org","1185",true
6075,"org1","org1rec-1185-dup-0","1185",true
6076,"org1","org1rec-2598-dup-0","2598",true
6076,"org","orgrec-2598-org","2598",false
6077,"org1","org1rec-3551-dup-0","3551",true
6077,"org","orgrec-3551-org","3551",false
6078,"org1","org1rec-1207-dup-0","1207",true
6079,"org","orgrec-1933-org","1933",false
6080,"org1","org1rec-4340-dup-0","4340",true
6081,"org","orgrec-1127-org","1127",false
6081,"org1","org1rec-1127-dup-0","1127",true
6082,"org1","org1rec-78-dup-0","78",true
6083,"org","orgrec-2239-org","2239",false
6084,"org1","org1rec-147-dup-0","147",true
6084,"org","orgrec-147-org","147",false
6085,"org1","org1rec-2812-dup-0","2812",true
6085,"org","orgrec-2812-org","2812",false
6086,"org1","org1rec-1448-dup-0","1448",true
6087,"org1","org1rec-3387-dup-0","3387",true
6087,"org","orgrec-3387-org","3387",false
6088,"org","orgrec-1409-org","1409",false
6089,"org1","org1rec-1309-dup-0","1309",true
6089,"org","orgrec-1309-org","1309",false
6090,"org","orgrec-3052-org","3052",false
6090,"org1","org1rec-3052-dup-0","3052",true
6091,"org1","org1rec-550-dup-0","550",true
6092,"org","orgrec-1880-org","1880",false
6092,"org1","org1rec-1880-dup-0","1880",true
6093,"org1","org1rec-4887-org","4887",true
6093,"org1","org1rec-4887-dup-0","4887",true
6094,"org1","org1rec-358-dup-0","358",true
6095,"org","orgrec-2592-org","2592",false
6095,"org1","org1rec-2592-dup-0","2592",true
6096,"org","orgrec-1931-org","1931",false
6097,"org1","org1rec-903-org","903",true
6098,"org","orgrec-2711-org","2711",false
6099,"org1","org1rec-2433-org","2433",true
6100,"org","orgrec-4102-org","4102",false
6100,"org1","org1rec-4102-dup-0","4102",true
6101,"org1","org1rec-4048-dup-0","4048",true
6101,"org","orgrec-4048-org","4048",false
6102,"org1","org1rec-2986-dup-0","2986",true
6103,"org1","org1rec-38-org","38",true
6103,"org1","org1rec-38-dup-0","38",true
6104,"org","orgrec-3036-org","3036",false
6105,"org1","org1rec-4874-dup-0","4874",true
6105,"org","orgrec-4874-org","4874",false
6106,"org1","org1rec-4226-dup-0","4226",true
6107,"org1","org1rec-1354-dup-0","1354",true
6107,"org","orgrec-1354-org","1354",false
6108,"org","orgrec-2418-org","2418",false
6108,"org1","org1rec-2418-dup-0","2418",true
6109,"org","orgrec-379-org","379",false
6109,"org1","org1rec-379-dup-0","379",true
6110,"org","orgrec-2453-org","2453",false
6110,"org1","org1rec-2453-dup-0","2453",true
6111,"org1","org1rec-138-dup-0","138",true
6112,"org1","org1rec-3087-org","3087",true
6112,"org1","org1rec-3087-dup-0","3087",true
6113,"org","orgrec-2273-org","2273",false
6113,"org1","org1rec-2273-dup-0","2273",true
6114,"org","orgrec-4600-org","4600",false
6115,"org1","org1rec-1196-dup-0","1196",true
6116,"org1","org1rec-1940-dup-0","1940",true
6116,"org1","org1rec-1940-org","1940",true
6117,"org1","org1rec-2936-dup-0","2936",true
6118,"org","orgrec-659-org","659",false
6119,"org","orgrec-2032-org","2032",false
6120,"org1","org1rec-4596-dup-0","4596",true
6120,"org1","org1rec-4596-org","4596",true
6121,"org1","org1rec-4167-org","4167",true
6122,"org","orgrec-650-org","650",false
6123,"org","orgrec-3869-org","3869",false
6124,"org1","org1rec-3577-org","3577",true
6124,"org1","org1rec-3577-dup-0","3577",true
6125,"org1","org1rec-1024-org","1024",true
6125,"org1","org1rec-1024-dup-0","1024",true
6126,"org1","org1rec-2023-dup-0","2023",true
6126,"org","orgrec-2023-org","2023",false
6127,"org","orgrec-4728-org","4728",false
6127,"org1","org1rec-4728-dup-0","4728",true
6128,"org1","org1rec-1677-dup-0","1677",true
6129,"org1","org1rec-3649-dup-0","3649",true
6129,"org","orgrec-3649-org","3649",false
6130,"org1","org1rec-64-dup-0","64",true
6130,"org","orgrec-64-org","64",false
6131,"org1","org1rec-2777-dup-0","2777",true
6131,"org","orgrec-2777-org","2777",false
6132,"org","orgrec-4703-org","4703",false
6132,"org1","org1rec-4703-dup-0","4703",true
6133,"org1","org1rec-4386-dup-0","4386",true
6133,"org1","org1rec-4386-org","4386",true
6134,"org1","org1rec-4115-dup-0","4115",true
6135,"org","orgrec-3304-org","3304",false
6136,"org","orgrec-3192-org","3192",false
6136,"org1","org1rec-3192-dup-0","3192",true
6137,"org1","org1rec-2799-dup-0","2799",true
6138,"org","orgrec-122-org","122",false
6138,"org1","org1rec-122-dup-0","122",true
6139,"org","orgrec-1885-org","1885",false
6139,"org1","org1rec-1885-dup-0","1885",true
6140,"org","orgrec-517-org","517",false
6141,"org","orgrec-1357-org","1357",false
6141,"org1","org1rec-1357-dup-0","1357",true
6142,"org","orgrec-2890-org","2890",false
6142,"org1","org1rec-2890-dup-0","2890",true
6143,"org","orgrec-238-org","238",false
6143,"org1","org1rec-238-dup-0","238",true
6144,"org1","org1rec-2504-dup-0","2504",true
6144,"org","orgrec-2504-org","2504",false
6145,"org1","org1rec-4394-dup-0","4394",true
6145,"org","orgrec-4394-org","4394",false
6146,"org","orgrec-974-org","974",false
6146,"org1","org1rec-974-dup-0","974",true
6147,"org1","org1rec-437-org","437",true
6148,"org1","org1rec-553-dup-0","553",true
6148,"org","orgrec-553-org","553",false
6149,"org1","org1rec-2415-org","2415",true
6150,"org","orgrec-2573-org","2573",false
6150,"org1","org1rec-2573-dup-0","2573",true
6151,"org1","org1rec-4362-org","4362",true
6151,"org1","org1rec-4362-dup-0","4362",true
6152,"org1","org1rec-3647-org","3647",true
6152,"org1","org1rec-3647-dup-0","3647",true
6153,"org1","org1rec-4519-dup-0","4519",true
6153,"org","orgrec-4519-org","4519",false
6154,"org1","org1rec-2233-org","2233",true
6155,"org1","org1rec-302-dup-0","302",true
6155,"org","orgrec-302-org","302",false
6156,"org","orgrec-2366-org","2366",false
6157,"org1","org1rec-218-dup-0","218",true
6157,"org","orgrec-218-org","218",false
6158,"org1","org1rec-4829-dup-0","4829",true
6159,"org","orgrec-811-org","811",false
6159,"org1","org1rec-811-dup-0","811",true
6160,"org1","org1rec-2558-dup-0","2558",true
6161,"org","orgrec-4724-org","4724",false
6162,"org","orgrec-4740-org","4740",false
6163,"org1","org1rec-2727-dup-0","2727",true
6164,"org1","org1rec-3385-dup-0","3385",true
6165,"org1","org1rec-1332-dup-0","1332",true
6165,"org1","org1rec-1332-org","1332",true
6166,"org1","org1rec-4870-dup-0","4870",true
6167,"org1","org1rec-3399-dup-0","3399",true
6168,"org","orgrec-3755-org","3755",false
6169,"org","orgrec-845-org","845",false
6170,"org1","org1rec-3089-dup-0","3089",true
6170,"org","orgrec-3089-org","3089",false
6171,"org1","org1rec-4763-dup-0","4763",true
6172,"org1","org1rec-4744-dup-0","4744",true
6172,"org","orgrec-4744-org","4744",false
6173,"org","orgrec-1975-org","1975",false
6173,"org1","org1rec-1975-dup-0","1975",true
6174,"org1","org1rec-2085-dup-0","2085",true
6174,"org","orgrec-2085-org","2085",false
6175,"org","orgrec-1368-org","1368",false
6175,"org1","org1rec-1368-dup-0","1368",true
6176,"org1","org1rec-4957-dup-0","4957",true
6176,"org","orgrec-4957-org","4957",false
6177,"org1","org1rec-4300-dup-0","4300",true
6178,"org1","org1rec-4208-dup-0","4208",true
6178,"org","orgrec-4208-org","4208",false
6179,"org","orgrec-1056-org","1056",false
6180,"org1","org1rec-3841-dup-0","3841",true
6181,"org1","org1rec-959-org","959",true
6181,"org1","org1rec-959-dup-0","959",true
6182,"org1","org1rec-3777-dup-0","3777",true
6183,"org1","org1rec-4948-org","4948",true
6184,"org","orgrec-1325-org","1325",false
6184,"org1","org1rec-1325-dup-0","1325",true
6185,"org1","org1rec-2503-dup-0","2503",true
6186,"org1","org1rec-2464-dup-0","2464",true
6187,"org1","org1rec-4833-dup-0","4833",true
6188,"org","orgrec-2944-org","2944",false
6189,"org1","org1rec-1634-dup-0","1634",true
6190,"org","orgrec-1582-org","1582",false
6190,"org1","org1rec-1582-dup-0","1582",true
6191,"org","orgrec-1677-org","1677",false
6192,"org","orgrec-4662-org","4662",false
6192,"org1","org1rec-4662-dup-0","4662",true
6193,"org1","org1rec-1386-dup-0","1386",true
6193,"org","orgrec-1386-org","1386",false
6194,"org1","org1rec-2192-dup-0","2192",true
6195,"org1","org1rec-2293-dup-0","2293",true
6196,"org1","org1rec-2009-org","2009",true
6196,"org1","org1rec-2009-dup-0","2009",true
6197,"org","orgrec-3490-org","3490",false
6198,"org","orgrec-114-org","114",false
6198,"org1","org1rec-114-dup-0","114",true
6199,"org","orgrec-2092-org","2092",false
6199,"org1","org1rec-2092-dup-0","2092",true
6200,"org1","org1rec-2049-dup-0","2049",true
6200,"org","orgrec-2049-org","2049",false
6201,"org1","org1rec-61-org","61",true
6202,"org","orgrec-2807-org","2807",false
6202,"org1","org1rec-2807-dup-0","2807",true
6203,"org1","org1rec-912-dup-0","912",true
6203,"org","orgrec-912-org","912",false
6204,"org","orgrec-1338-org","1338",false
6204,"org1","org1rec-1338-dup-0","1338",true
6205,"org","orgrec-3964-org","3964",false
6205,"org1","org1rec-3964-dup-0","3964",true
6206,"org","orgrec-3077-org","3077",false
6206,"org1","org1rec-3077-dup-0","3077",true
6207,"org","orgrec-1873-org","1873",false
6207,"org1","org1rec-1873-dup-0","1873",true
6208,"org1","org1rec-2731-dup-0","2731",true
6208,"org","orgrec-2731-org","2731",false
6209,"org","orgrec-3777-org","3777",false
6210,"org1","org1rec-2289-dup-0","2289",true
6210,"org1","org1rec-2289-org","2289",true
6211,"org","orgrec-2468-org","2468",false
6211,"org1","org1rec-2468-dup-0","2468",true
6212,"org1","org1rec-2955-dup-0","2955",true
6212,"org","orgrec-2955-org","2955",false
6213,"org1","org1rec-1346-dup-0","1346",true
6213,"org","orgrec-1346-org","1346",false
6214,"org","orgrec-4098-org","4098",false
6214,"org1","org1rec-4098-dup-0","4098",true
6215,"org1","org1rec-2993-dup-0","2993",true
6216,"org1","org1rec-1586-dup-0","1586",true
6216,"org","orgrec-1586-org","1586",false
6217,"org1","org1rec-73-dup-0","73",true
6217,"org","orgrec-73-org","73",false
6218,"org","orgrec-1691-org","1691",false
6219,"org","orgrec-1988-org","1988",false
6219,"org1","org1rec-1988-dup-0","1988",true
6220,"org","orgrec-4682-org","4682",false
6220,"org1","org1rec-4682-dup-0","4682",true
6221,"org1","org1rec-4157-dup-0","4157",true
6222,"org1","org1rec-583-dup-0","583",true
6223,"org1","org1rec-4721-dup-0","4721",true
6224,"org1","org1rec-3668-dup-0","3668",true
6224,"org","orgrec-3668-org","3668",false
6225,"org","orgrec-1951-org","1951",false
6225,"org1","org1rec-1951-dup-0","1951",true
6226,"org1","org1rec-217-dup-0","217",true
6227,"org1","org1rec-4280-dup-0","4280",true
6227,"org","orgrec-4280-org","4280",false
6228,"org","orgrec-381-org","381",false
6229,"org1","org1rec-2589-dup-0","2589",true
6230,"org1","org1rec-416-org","416",true
6231,"org","orgrec-1129-org","1129",false
6231,"org1","org1rec-1129-dup-0","1129",true
6232,"org1","org1rec-2849-dup-0","2849",true
6232,"org","orgrec-2849-org","2849",false
6233,"org","orgrec-4786-org","4786",false
6233,"org1","org1rec-4786-dup-0","4786",true
6234,"org","orgrec-2126-org","2126",false
6234,"org1","org1rec-2126-dup-0","2126",true
6235,"org","orgrec-2277-org","2277",false
6235,"org1","org1rec-2277-dup-0","2277",true
6236,"org","orgrec-1099-org","1099",false
6236,"org1","org1rec-1099-dup-0","1099",true
