DBLP;G000001;1;Towards a Cooperative Transaction Model - The Cooperative Activity Model;M Rusinkiewicz, W Klas, T Tesch, J Wäsch, P Muth;VLDB;1995
DBLP;G000002;2;SQL/XML is Making Good Progress;A Eisenberg, J Melton;SIGMOD Record;2002
DBLP;G000003;3;Using Formal Methods to Reason about Semantics-Based Decompositions of Transactions;P Ammann, S Jajodia, I Ray;VLDB;1995
DBLP;G000004;4;Editor's Notes;L Liu;SIGMOD Record;2002
DBLP;G000005;5;Report on the ACM Fourth International Workshop on Data Warehousing and OLAP (DOLAP 2001);N/A;N/A;2002
DBLP;G000006;6;Schema and Database Evolution in the O2 Object Database System;F Ferrandina, T Meyer, R Zicari, G Ferran, J Madec;VLDB;1995
DBLP;G000007;7;Procedures in Object-Oriented Query Languages;K Subieta, Y Kambayashi, J Leszczylowski;VLDB;1995
DBLP;G000008;8;Phoenix Project: Fault-Tolerant Applications;R Barga, D Lomet;SIGMOD Record;2002
DBLP;G000009;9;Mining the World Wide Web: An Information Search Approach - Book Review;N/A;N/A;2002
DBLP;G000010;10;L/MRP: A Buffer Management Strategy for Interactive Continuous Data Flows in a Multimedia DBMS;F Moser, A Kraiss, W Klas;VLDB;1995
DBLP;G000011;11;Report on the NSF Workshop on Building an Infrastructure for Mobile and Wireless Systems;N/A;N/A;2002
DBLP;G000012;12;Retrieval of Composite Multimedia Objects;S Chaudhuri, S Ghandeharizadeh, C Shahabi;VLDB;1995
DBLP;G000013;13;MPEG-7 and Multimedia Database Systems;H Kosch;SIGMOD Record;2002
DBLP;G000014;14;The Fittest Survives: An Adaptive Approach to Query Optimization;H Lu, K Tan, S Dao;VLDB;1995
DBLP;G000015;15;Reminiscences on Influential Papers;N/A;N/A;2002
DBLP;G000016;16;Type Classification of Semi-Structured Documents;M Tresch, N Palmer, A Luniewski;VLDB;1995
DBLP;G000017;17;Data Mining: Practical Machine Learning Tools and Techniques - Book Review;J Geller;SIGMOD Record;2002
DBLP;G000018;18;Managing Intra-operator Parallelism in Parallel Database Systems;M Mehta, D DeWitt;VLDB;1995
DBLP;G000019;19;Advances in Databases and Information Systems (ADBIS);A Caplinskas, J Eder, O Vasilecas;SIGMOD Record;2002
DBLP;G000020;20;Mining Generalized Association Rules;R Srikant, R Agrawal;VLDB;1995
DBLP;G000021;21;Sampling-Based Estimation of the Number of Distinct Values of an Attribute;P Haas, J Naughton, S Seshadri, L Stokes;VLDB;1995
DBLP;G000022;22;Book Review Column;K Aberer;SIGMOD Record;2002
DBLP;G000023;23;Processing Object-Oriented Queries with Invertible Late Bound Functions;S Flodin, T Risch;VLDB;1995
DBLP;G000024;24;Databases and Transaction Processing: An Application-Oriented Approach - Book Review;A Kemper;SIGMOD Record;2002
DBLP;G000025;25;The ClustRa Telecom Database: High Availability, High Throughput, and Real-Time Response;S Hvasshovd, Ø Torbjørnsen, S Bratsberg, P Holager;VLDB;1995
DBLP;G000026;26;Conceptual Modeling and Specification Generation for B2B Business Process based on ebXML;H Kim;SIGMOD Record;2002
DBLP;G000027;27;NeuroRule: A Connectionist Approach to Data Mining;H Lu, R Setiono, H Liu;VLDB;1995
DBLP;G000028;28;A Multi-Agent System Infrastructure for Software Component Market-Place: An Ontological Perspective;R Erdur, O Dikenelli;SIGMOD Record;2002
DBLP;G000029;29;Improving Performance in Replicated Databases through Relaxed Coherency;R Gallersdörfer, M Nicola;VLDB;1995
DBLP;G000030;30;An Active Functionality Service for E-Business Applications;M Cilia, A Buchmann;SIGMOD Record;2002
DBLP;G000031;31;Contracting in the Days of eBusiness;W Hümmer, W Lehner, H Wedekind;SIGMOD Record;2002
DBLP;G000032;32;Redo Recovery after System Crashes;D Lomet, M Tuttle;VLDB;1995
DBLP;G000033;33;DB2 Query Parallelism: Staging and Implementation;Y Wang;VLDB;1995
DBLP;G000034;34;David DeWitt Speaks Out;M Winslett;ecord;2002
DBLP;G000035;35;A Product Specification Database for Visual Prototyping;K Sumiya, K Yasutake, H Tanaka, N Sanada, Y Imai;VLDB;1995
DBLP;G000036;36;From Ternary Relationship to Relational Tables: A Case Against Common Beliefs;R Camps;SIGMOD Record;2002
DBLP;G000037;37;Database De-Centralization - A Practical Approach;T Didriksen, C Galindo-Legaria, E Dahle;VLDB;1995
DBLP;G000038;38;Cluster Validity Methods: Part I;M Halkidi, Y Batistakis, M Vazirgiannis;SIGMOD Record;2002
DBLP;G000039;39;A Pictorial Query Language for Querying Geographic Databases using Positional and OLAP Operators;E Pourabbas, M Rafanelli;SIGMOD Record;2002
DBLP;G000040;40;Benchmarking Spatial Join Operations with Spatial Output;E Hoel, H Samet;VLDB;1995
DBLP;G000041;41;Bringing Order to Query Optimization;G Slivinskas, C Jensen, R Snodgrass;SIGMOD Record;2002
DBLP;G000042;42;BigSur: A System For the Management of Earth Science Data;P Brown, M Stonebraker;VLDB;1995
DBLP;G000043;43;Editor's Notes;L Liu;SIGMOD Record;2002
DBLP;G000044;44;Efficient Search of Multi-Dimensional B-Trees;H Leslie, R Jain, D Birdsall, H Yaghmai;VLDB;1995
DBLP;G000045;45;Research Activities in Database Management and Information Retrieval at the University of Illinois at Chicago;I Cruz, A Khokhar, B Liu, A Sistla, O Wolfson, C Yu;SIGMOD Record;2002
DBLP;G000046;46;Accessing a Relational Database through an Object-Oriented Database Interface;J Orenstein, D Kamber;VLDB;1995
DBLP;G000047;47;Interviewing During a Tight Job Market;N/A;N/A;2002
DBLP;G000048;48;DB2 Common Server: Technology, Progress, & Directions;B Lindsay;VLDB;1995
DBLP;G000049;49;Investigating XQuery for Querying Across Database Object Types;N Wiegand;SIGMOD Record;2002
DBLP;G000050;50;W3QS: A Query System for the World-Wide Web;D Konopnicki, O Shmueli;VLDB;1995
DBLP;G000051;51;The Design of a Retrieval Technique for High-Dimensional Data on Tertiary Storage;R Orlandic, J Lukaszuk, C Swietlik;SIGMOD Record;2002
DBLP;G000052;52;OODB Bulk Loading Revisited: The Partitioned-List Approach;J Wiener, J Naughton;VLDB;1995
DBLP;G000053;53;Chair's Message;N/A;N/A;2002
DBLP;G000054;54;The Double Life of the Transaction Abstraction: Fundamental Principle and Evolving System Concept;H Korth;VLDB;1995
DBLP;G000055;55;Combining Fuzzy Information: an Overview;R Fagin;SIGMOD Record;2002
DBLP;G000056;56;Databases and Workflow Management: What is it All About? (Panel);A Reuter, S Ceri, J Gray, B Salzberg, G Weikum;VLDB;1995
DBLP;G000057;57;Index Concurrency Control in Firm Real-Time Database Systems;B Goyal, J Haritsa, S Seshadri, V Srinivasan;VLDB;1995
DBLP;G000058;58;A Brief Survey of Web Data Extraction Tools;A Laender, B Ribeiro-Neto, A Silva, J Teixeira;SIGMOD Record;2002
DBLP;G000059;59;Value-cognizant Speculative Concurrency Control;A Bestavros, S Braoudakis;VLDB;1995
DBLP;G000060;60;Data Warehousing and Business Intelligence for E-Commerce - Book Review;F Goethals;SIGMOD Record;2002
DBLP;G000061;61;Data Mining: Concepts and Techniques - Book Review;F Galiano, N Marín;SIGMOD Record;2002
DBLP;G000062;62;A Performance Study of Workfile Disk Management for Concurrent Mergesorts in a Multiprocessor Database System;K Wu, P Yu, J Chung, J Teng;VLDB;1995
DBLP;G000063;63;Hot Block Clustering for Disk Arrays with Dynamic Striping;K Mogi, M Kitsuregawa;VLDB;1995
DBLP;G000064;64;Book Review Column;K Aberer;SIGMOD Record;2002
DBLP;G000065;65;TODS Perceptions and Misconceptions;R Snodgrass;SIGMOD Record;2002
DBLP;G000066;66;An Approach for Building Secure Database Federations;D Jonscher, K Dittrich;VLDB;1994
DBLP;G000067;67;The Cougar Approach to In-Network Query Processing in Sensor Networks;Y Yao, J Gehrke;SIGMOD Record;2002
DBLP;G000068;68;Dalí: A High Performance Main Memory Storage Manager;H Jagadish, D Lieuwen, R Rastogi, A Silberschatz, S Sudarshan;VLDB;1994
DBLP;G000069;69;Introduction to Constraint Databases - Book Review;N/A;N/A;2002
DBLP;G000070;70;Fast, Randomized Join-Order Selection - Why Use Transformations?;C Galindo-Legaria, A Pellenkoft, M Kersten;VLDB;1994
DBLP;G000071;71;Foundations of Statistical Natural Language Processing - Book Review;N/A;N/A;2002
DBLP;G000072;72;Bulk Loading into an OODB: A Performance Study;J Wiener, J Naughton;VLDB;1994
DBLP;G000073;73;Efficient and Effective Clustering Methods for Spatial Data Mining;R Ng, J Han;VLDB;1994
DBLP;G000074;74;Automata Theory for XML Researchers;F Neven;SIGMOD Record;2002
DBLP;G000075;75;Database Research at the University of Illinois at Urbana-Champaign;M Winslett, K Chang, A Doan, J Han, C Zhai, Y Zhou;SIGMOD Record;2002
DBLP;G000076;76;Fast Incremental Indexing for Full-Text Information Retrieval;E Brown, J Callan, W Croft;VLDB;1994
DBLP;G000077;77;Chair's Message;N/A;N/A;2002
DBLP;G000078;78;A Transaction Replication Scheme for a Replicated Database with Node Autonomy;A Fu, D Cheung;VLDB;1994
DBLP;G000079;79;Treasurer's Message;N/A;N/A;2002
DBLP;G000080;80;A Top-Down Approach for Two Level Serializability;M Ouzzani, M Atroun, N Belkhodja;VLDB;1994
DBLP;G000081;81;Access to Objects by Path Expressions and Rules;J Frohn, G Lausen, H Uphoff;VLDB;1994
DBLP;G000082;82;Report on the Mobile Search Workshop at WWW 2002;N/A;N/A;2002
DBLP;G000083;83;GraphDB: Modeling and Querying Graphs in Databases;R Güting;VLDB;1994
DBLP;G000084;84;Report on the Web Dynamics Workshop at WWW 2002;N/A;N/A;2002
DBLP;G000085;85;Report on the 24th European Colloquium on Information Retrieval Research;N/A;N/A;2002
DBLP;G000086;86;Database Graph Views: A Practical Model to Manage Persistent Graphs;A Gutiérrez, P Pucheral, H Steffen, J Thévenin;VLDB;1994
DBLP;G000087;87;Dual-Buffering Strategies in Object Bases;A Kemper, D Kossmann;VLDB;1994
DBLP;G000088;88;SQL/MED - A Status Report;J Melton, J Michels, V Josifovski, K Kulkarni, P Schwarz;SIGMOD Record;2002
DBLP;G000089;89;Hector Garcia-Molina Speaks Out;M Winslett;N/A;2002
DBLP;G000090;90;2Q: A Low Overhead High Performance Buffer Management Replacement Algorithm;T Johnson, D Shasha;VLDB;1994
DBLP;G000091;91;An Effective Deductive Object-Oriented Database Through Language Integration;M Barja, N Paton, A Fernandes, M Williams, A Dinn;VLDB;1994
DBLP;G000092;92;Toward Autonomic Computing with DB2 Universal Database;S Lightstone, G Lohman, D Zilio;SIGMOD Record;2002
DBLP;G000093;93;Reminiscences on Influential Papers;N/A;N/A;2002
DBLP;G000094;94;An Algebraic Approach to Rule Analysis in Expert Database Systems;E Baralis, J Widom;VLDB;1994
DBLP;G000095;95;Report on the Semantic Web Workshop at WWW 2002;N/A;N/A;2002
DBLP;G000020;96;Fast Algorithms for Mining Association Rules in Large Databases;R Agrawal, R Srikant;VLDB;1994
DBLP;G000096;97;Ontologies: A Silver Bullet for Knowledge Management and Electronic Commerce - Book Review;N/A;N/A;2002
DBLP;G000097;98;OPOSSUM: Desk-Top Schema Management through Customizable Visualization;E Haber, Y Ioannidis, M Livny;VLDB;1995
DBLP;G000098;99;The Grid: An Application of the Semantic Web;C Goble, D Roure;SIGMOD Record;2002
DBLP;G000099;100;Querying Shapes of Histories;R Agrawal, G Psaila, E Wimmers, M Zaït;VLDB;1995
DBLP;G000100;101;Interview with David Maier;N/A;N/A;2002
DBLP;G000101;102;The hBP-tree: A Modified hB-tree Supporting Concurrency, Recovery and Node Consolidation;G Evangelidis, D Lomet, B Salzberg;VLDB;1995
DBLP;G000102;103;Small Worlds: the Dynamics of Networks between Order and Randomness - Book Review;N/A;N/A;2002
DBLP;G000103;104;Flexible Relations - Operational Support of Variant Relational Structures;C Kalus, P Dadam;VLDB;1995
DBLP;G000104;105;Query Processing in Tertiary Memory Databases;S Sarawagi;VLDB;1995
DBLP;G000105;106;Agents, Turst, and Information Access on the Semantic Web;T Finin, A Joshi;SIGMOD Record;2002
DBLP;G000106;107;Methodology for Development and Employment of Ontology Based Knowledge Management Applications;Y Sure, S Staab, R Studer;SIGMOD Record;2002
DBLP;G000107;108;Near Neighbor Search in Large Metric Spaces;S Brin;VLDB;1995
DBLP;G000108;109;Scientific Journals: Extinction or Explosion? (Panel);R Ramakrishnan, H Garcia-Molina, G Rossbach, A Silberschatz, G Wiederhold, J Zijlstra;VLDB;1995
DBLP;G000109;110;Querying Multiple Bioinformatics Data Sources: Can Semantic Web Research Help?;D Buttler, M Coleman, T Critchlow, R Fileto, W Han, L Liu, C Pu, D Rocco, L Xiong;SIGMOD Record;2002
DBLP;G000110;111;The p Operator: Discovering and Ranking Associations on the Semantic Web;K Anyanwu, A Sheth;SIGMOD Record;2002
DBLP;G000111;112;Similarity based Retrieval of Pictures Using Indices on Spatial Relationships;A Sistla, C Yu, C Liu, K Liu;VLDB;1995
DBLP;G000038;113;Clustering Validity Checking Methods: Part II;M Halkidi, Y Batistakis, M Vazirgiannis;SIGMOD Record;2002
DBLP;G000112;114;Providing Database Migration Tools - A Practicioner's Approach;A Meier;VLDB;1995
DBLP;G000113;115;Editor's Notes;L Liu;SIGMOD Record;2002
DBLP;G000114;116;Metrics for Accessing Heterogeneous Data: Is There Any Hope? (Panel);L Seligman, N Belkin, E Neuhold, M Stonebraker, G Wiederhold;VLDB;1995
DBLP;G000115;117;Very Large Databases: How Large, How Different?;D Vaskevitch;VLDB;1995
DBLP;G000116;118;Book Review Column;K Aberer;SIGMOD Record;2002
DBLP;G000117;119;A Study on the Management of Semantic Transaction for Efficient Data Retrieval;S Huang, I Kwan, C Li;SIGMOD Record;2002
DBLP;G000118;120;Promises and Realities of Active Database Systems;E Simon, A Dittrich;VLDB;1995
DBLP;G000119;121;OS Support for VLDBs: Unix Enhancements for the Teradata Data Base;J Catozzi, S Rabinovici;VLDB;1995
DBLP;G000120;122;Reminiscences on Influential Papers;N/A;N/A;2002
DBLP;G000121;123;Parameterized Complexity for the Database Theorist;M Grohe;SIGMOD Record;2002
DBLP;G000122;124;Managing a DB2 Parallel Edition Database;G Fecteau;VLDB;1995
DBLP;G000123;125;Research in Information Managment at Dublin City University;M Roantree, A Smeaton;SIGMOD Record;2002
DBLP;G000124;126;The Oracle Warehouse;G Hallmark;VLDB;1995
DBLP;G000125;127;Informix-Online XPS: A Dynamically Scalable RDBMS for Open Parallel Platforms;H Spintzik;VLDB;1995
DBLP;G000126;128;Report on the EDBT'02 Panel on Scientific Data Integration;N/A;N/A;2002
DBLP;G000127;129;Supporting Exceptions to Schema Consistency to Ease Schema Evolution in OODBMS;E Amiel, M Bellosta, E Dujardin, E Simon;VLDB;1994
DBLP;G000128;130;Wrapping Web Data into XML;W Han, D Buttler, C Pu;SIGMOD Record;2001
DBLP;G000129;131;On Database Theory and XML;D Suciu;SIGMOD Record;2001
DBLP;G000130;132;NAOS - Efficient and Modular Reactive Capabilities in an Object-Oriented Database System;C Collet, T Coupaye, T Svensen;VLDB;1994
DBLP;G000131;133;XQuery Formal Semantics: State and Challenges;P Fankhauser;SIGMOD Record;2001
DBLP;G000132;134;Towards Automated Performance Tuning for Complex Workloads;K Brown, M Mehta, M Carey, M Livny;VLDB;1994
DBLP;G000133;135;Why And How To Benchmark XML Databases;A Schmidt, F Waas, M Kersten, D Florescu, M Carey, I Manolescu, R Busse;SIGMOD Record;2001
DBLP;G000134;136;Query Optimization by Predicate Move-Around;A Levy, I Mumick, Y Sagiv;VLDB;1994
DBLP;G000135;137;The Evolution of Effective B-tree: Page Organization and Techniques: A Personal Account;D Lomet;SIGMOD Record;2001
DBLP;G000136;138;Optimization Algorithms for Exploiting the Parallelism-Communication Tradeoff in Pipelined Parallelism;W Hasan, R Motwani;VLDB;1994
DBLP;G000137;139;The Ecobase Project: Database and Web Technologies for Environmental Information Systems;A Tanaka, P Valduriez;SIGMOD Record;2001
DBLP;G000138;140;Some Issues in Design of Distributed Deductive Databases;M Mohania, N Sarda;VLDB;1994
DBLP;G000139;141;Semantic Integration in Heterogeneous Databases Using Neural Networks;W Li, C Clifton;VLDB;1994
DBLP;G000140;142;XML Document Versioning;S Chien, V Tsotras, C Zaniolo;SIGMOD Record;2001
DBLP;G000141;143;Providing Dynamic Security Control in a Federated Database;N Idris, W Gray, R Churchhouse;VLDB;1994
DBLP;G000142;144;Preservation of Digital Data with Self-Validating, Self-Instantiating Knowledge-Based Archives;B Ludäscher, R Marciano, R Moore;SIGMOD Record;2001
DBLP;G000143;145;Semantic Web Workshop: Models, Architectures and Management;N/A;N/A;2001
DBLP;G000144;146;Implementing Lazy Database Updates for an Object Database System;F Ferrandina, T Meyer, R Zicari;VLDB;1994
DBLP;G000145;147;Towards Event-Driven Modelling for Database Design;M Teisseire, P Poncelet, R Cicchetti;VLDB;1994
DBLP;G000146;148;Reminiscences on Influential Papers;N/A;N/A;2001
DBLP;G000147;149;Jeffrey D. Ullman Speaks Out on the Future of Higher Education, Startups, Database Theory, and More;N/A;N/A;2001
DBLP;G000148;150;New Concurrency Control Algorithms for Accessing and Compacting B-Trees;V Setzer, A Zisman;VLDB;1994
DBLP;G000149;151;OdeFS: A File System Interface to an Object-Oriented Database;N Gehani, H Jagadish, W Roome;VLDB;1994
DBLP;G000150;152;Report on the 2001 SIGMOD and PODS Awards;N/A;N/A;2001
DBLP;G000151;153;Constraints for Semi-structured Data and XML;P Buneman, W Fan, J Siméon, S Weinstein;SIGMOD Record;2001
DBLP;G000152;154;Indexing Multiple Sets;C Kilger, G Moerkotte;VLDB;1994
DBLP;G000153;155;Editor's Notes;N/A;N/A;2001
DBLP;G000154;156;The hcC-tree: An Efficient Index Structure for Object Oriented Databases;B Sreenath, S Seshadri;VLDB;1994
DBLP;G000155;157;Performance of Data-Parallel Spatial Operations;E Hoel, H Samet;VLDB;1994
DBLP;G000156;158;SQL/XML and the SQLX Informal Group of Companies;A Eisenberg, J Melton;SIGMOD Record;2001
DBLP;G000157;159;EIHA?!?: Deploying Web and WAP services using XML Technology;C Biancheri, J Pazzaglia, G Paddeu;SIGMOD Record;2001
DBLP;G000158;160;The Impact of Global Clustering on Spatial Database Systems;T Brinkhoff, H Kriegel;VLDB;1994
DBLP;G000159;161;Java Support for Data-Intensive Systems: Experiences Building the Telegraph Dataflow System;M Shah, S Madden, M Franklin, J Hellerstein;SIGMOD Record;2001
DBLP;G000160;162;A Requirement-Based Approach to Data Modeling and Re-Engineering;A Muntz, C Ramiller;VLDB;1994
DBLP;G000161;163;SQL Multimedia and Application Packages (SQL/MM);J Melton, A Eisenberg;SIGMOD Record;2001
DBLP;G000162;164;From Nested-Loop to Join Queries in OODB;H Steenhagen, P Apers, H Blanken, R By;VLDB;1994
DBLP;G000163;165;DIMACS Summer School Tutorial on New Frontiers in Data Mining;D Gunopulos, N Koudas;SIGMOD Record;2001
DBLP;G000164;166;Composite Events for Active Databases: Semantics, Contexts and Detection;S Chakravarthy, V Krishnaprasad, E Anwar, S Kim;VLDB;1994
DBLP;G000165;167;Report on the 8th International Workshop on Knowledge Representation Meets Databases (KRDB);N/A;N/A;2001
DBLP;G000166;168;A Low-Cost Storage Server for Movie on Demand Databases;B Özden, A Biliris, R Rastogi, A Silberschatz;VLDB;1994
DBLP;G000167;169;Editor's Notes;L Liu;SIGMOD Record;2001
DBLP;G000168;170;Content-Based Image Indexing;T Chiueh;VLDB;1994
DBLP;G000169;171;Client-Server Paradise;D DeWitt, N Kabra, J Luo, J Patel, J Yu;VLDB;1994
DBLP;G000170;172;Research in Multi-Organizational Processes and Semantic Information Brokering at the LSDIS Lab;A Sheth, J Miller, K Kochut, I Arpinar;SIGMOD Record;2001
DBLP;G000171;173;On the Academic Interview Circuit: An End-to-End Discussion;U Çetintemel;SIGMOD Record;2001
DBLP;G000172;174;Cumulative Updates;S Sripada, B Wüthrich;VLDB;1994
DBLP;G000173;175;Cache Conscious Algorithms for Relational Query Processing;A Shatdal, C Kant, J Naughton;VLDB;1994
DBLP;G000174;176;Introduction to the Career Forum Column;A Labrinidis;SIGMOD Record;2001
DBLP;G000175;177;Challenges for Global Information Systems;A Levy, A Silberschatz, D Srivastava, M Zemankova;VLDB;1994
DBLP;G000176;178;Continuous Queries over Data Streams;S Babu, J Widom;SIGMOD Record;2001
DBLP;G000177;179;Data Analysis and Mining in the Life Sciences;N Huyn;SIGMOD Record;2001
DBLP;G000178;180;Building a Laboratory Information System Around a C++-Based Object-Oriented DBMS;N Goodman, S Rozen, L Stein;VLDB;1994
DBLP;G000179;181;A Multidatabase System for Tracking and Retrieval of Financial Data;M Cochinwala, J Bradley;VLDB;1994
DBLP;G000180;182;A General Techniques for Querying XML Documents using a Relational Database System;J Shanmugasundaram, E Shekita, J Kiernan, R Krishnamurthy, S Viglas, J Naughton, I Tatarinov;SIGMOD Record;2001
DBLP;G000181;183;An Overview of Repository Technology;P Bernstein, U Dayal;VLDB;1994
DBLP;G000182;184;Advanced XML Data Processing - Guest Editor's Introduction;K Aberer;SIGMOD Record;2001
DBLP;G000183;185;Data Compression Support in Databases;B Iyer, D Wilhite;VLDB;1994
DBLP;G000184;186;Accessibility of the Database Literature;R Snodgrass;SIGMOD Record;2001
DBLP;G000079;187;Treasurer's Message;N/A;N/A;2001
DBLP;G000185;188;An Empirical Performance Study of the Ingres Search Accelerator for a Large Property Management Database System;S Anand, D Bell, J Hughes;VLDB;1994
DBLP;G000186;189;Chair's Message;N/A;N/A;2001
DBLP;G000187;190;Data Integration in the Large: The Challenge of Reuse;A Rosenthal, L Seligman;VLDB;1994
DBLP;G000188;191;Career-Enhancing Services at SIGMOD Online;A Labrinidis, A Mendelzon;SIGMOD Record;2001
DBLP;G000189;192;Experiments on Access to Digital Libraries: How can Images and Text be Used Together;M Lesk;VLDB;1994
DBLP;G000190;193;PC Database Systems - Present and Future;P Bernstein;VLDB;1994
DBLP;G000191;194;Editor's Notes;L Liu;SIGMOD Record;2001
DBLP;G000192;195;Data Mining-based Intrusion Detectors: An Overview of the Columbia IDS Project;S Stolfo, W Lee, P Chan, W Fan, E Eskin;SIGMOD Record;2001
DBLP;G000193;196;Distributed Top-K Monitoring;B Babcock, C Olston;SIGMOD Conference;2003
DBLP;G000194;197;Approximate Join Processing Over Data Streams;A Das, J Gehrke, M Riedewald;SIGMOD Conference;2003
DBLP;G000195;198;ADAM: A Testbed for Exploring the Use of Data Mining in Intrusion Detection;D Barbará, J Couto, S Jajodia, N Wu;SIGMOD Record;2001
DBLP;G000196;199;Detection and Classification of Intrusions and Faults using Sequences of System Calls;J Cabrera, L Lewis, R Mehra;SIGMOD Record;2001
DBLP;G000197;200;Containment Join Size Estimation: Models and Methods;W Wang, H Jiang, H Lu, J Yu;SIGMOD Conference;2003
DBLP;G000198;201;Relating Distributed Objects;B Martin, R Cattell;VLDB;1994
DBLP;G000199;202;Book Review Column;K Aberer;SIGMOD Record;2001
DBLP;G000200;203;Integrating a Structured-Text Retrieval System with an Object-Oriented Database System;T Yan, J Annevelink;VLDB;1994
DBLP;G000201;204;Describing Semistructured Data;L Cardelli;SIGMOD Record;2001
DBLP;G000202;205;Chair's Message;N/A;N/A;2001
DBLP;G000203;206;\User Interfaces  Who Cares?\"";S Spaccapietra;VLDB;1994
DBLP;G000204;207;Special Issue on Data Mining for Intrusion Detection and Threat Analysis - Guest Editor's Introduction;N/A;N/A;2001
DBLP;G000205;208;Scientific Databases - State of the Art and Future Directions;M Zemankova, Y Ioannidis;VLDB;1994
DBLP;G000206;209;Mining System Audit Data: Opportunities and Challenges;W Lee, W Fan;SIGMOD Record;2001
DBLP;G000207;210;Efficient similarity search and classification via rank aggregation;R Fagin, R Kumar, D Sivakumar;SIGMOD Conference;2003
DBLP;G000208;211;Using Unknowns to Prevent Discovery of Association Rules;Y Saygin, V Verykios, C Clifton;SIGMOD Record;2001
DBLP;G000209;212;Extracting Structured Data from Web Pages;A Arasu, H Garcia-Molina;SIGMOD Conference;2003
DBLP;G000210;213;Factorizing Complex Predicates in Queries to Exploit Indexes;S Chaudhuri, P Ganesan, S Sarawagi;SIGMOD Conference;2003
DBLP;G000211;214;Mining Email Content for Author Identification Forensics;O Vel, A Anderson, M Corney, G Mohay;SIGMOD Record;2001
DBLP;G000212;215;Transactional Information Systems - Book Review;N/A;N/A;2001
DBLP;G000213;216;Estimating Compilation Time of a Query Optimizer;I Ilyas, J Rao, G Lohman, D Gao, E Lin;SIGMOD Conference;2003
DBLP;G000214;217;Extended Wavelets for Multiple Measures;A Deligiannakis, N Roussopoulos;SIGMOD Conference;2003
DBLP;G000215;218;Information Warfare and Security - Book Review;N/A;N/A;2001
DBLP;G000216;219;Gio Wiederhold Speaks Out on Moving into Academia in Mid-Career, How to Be an Effective Consultant, Why You Should Be a Program Manager as a Funding Agency, the Need for Ontology Algebra and Simulations, and More;N/A;N/A;2001
DBLP;G000217;220;Chain : Operator Scheduling for Memory Minimization in Data Stream Systems;B Babcock, S Babu, M Datar, R Motwani;SIGMOD Conference;2003
DBLP;G000218;221;SIGMOD 2001 Industry Sessions;G Lohman, C Galindo-Legaria, M Franklin, L Seligman;SIGMOD Record;2001
DBLP;G000219;222;Capturing both Types and Constraints in Data Integration;M Benedikt, C Chan, W Fan, J Freire, R Rastogi;SIGMOD Conference;2003
DBLP;G000220;223;Reminiscences on Influential Papers;N/A;N/A;2001
DBLP;G000221;224;Exchanging Intensional XML Data;T Milo, S Abiteboul, B Amann, O Benjelloun, F Ngoc;SIGMOD Conference;2003
DBLP;G000222;225;The GMAP: A Versatile Tool for Physical Data Independence;O Tsatalos, M Solomon, Y Ioannidis;VLDB;1994
DBLP;G000223;226;The Design and Performance Evaluation of Alternative XML Storage Strategies;F Tian, D DeWitt, J Chen, C Zhang;SIGMOD Record;2002
DBLP;G000224;227;Guest Editor's Introduction;N/A;N/A;2002
DBLP;G000225;228;Including Group-By in Query Optimization;S Chaudhuri, K Shim;VLDB;1994
DBLP;G000226;229;Persistent Threads;F Matthes, J Schmidt;VLDB;1994
DBLP;G000227;230;The n-Tier Hub Technology;R Sommer, T Gulledge, D Bailey;SIGMOD Record;2002
DBLP;G000228;231;Supporting Global User Profiles Through Trusted Authorities;I Cingil;SIGMOD Record;2002
DBLP;G000229;232;Memory-Contention Responsive Hash Joins;D Davison, G Graefe;VLDB;1994
DBLP;G000230;233;Business Data Management for B2B Electronic Commerce;C Quix, M Schoop, M Jeusfeld;SIGMOD Record;2002
DBLP;G000231;234;V-Trees - A Storage Method for Long Vector Data;M Mediano, M Casanova, M Dreux;VLDB;1994
DBLP;G000232;235;Qualified Answers That Reflect User Needs and Preferences;T Gaasterland, J Lobo;VLDB;1994
DBLP;G000233;236;Semantic B2B Integration: Issues in Ontology-based Applications;Z Cui, D Jones, P O'Brien;SIGMOD Record;2002
DBLP;G000234;237;RP*: A Family of Order Preserving Scalable Distributed Data Structures;W Litwin, M Neimat, D Schneider;VLDB;1994
DBLP;G000235;238;The Role of B2B Engines in B2B Integration Architectures;C Bussler;SIGMOD Record;2002
DBLP;G000236;239;Supply Chain Infrastructures: System Integration and Information Sharing;M Ball, M Ma, L Raschid, Z Zhao;SIGMOD Record;2002
DBLP;G000237;240;On Index Selection Schemes for Nested Object Hierarchies;S Chawathe, M Chen, P Yu;VLDB;1994
DBLP;G000238;241;Interview with Avi Silberschatz;N/A;N/A;2002
DBLP;G000239;242;Reasoning About Spatial Relationships in Picture Retrieval Systems;A Sistla, C Yu, R Haddad;VLDB;1994
DBLP;G000240;243;What Will Be - Book Review;N/A;N/A;2002
DBLP;G000241;244;On Spatially Partitioned Temporal Join;H Lu, B Ooi, K Tan;VLDB;1994
DBLP;G000242;245;Modelling and Querying Video Data;R Hjelsvold, R Midtstraum;VLDB;1994
DBLP;G000243;246;Too Much Middleware;M Stonebraker;SIGMOD Record;2002
DBLP;G000244;247;Materialization: A Powerful and Ubiquitous Abstraction Pattern;A Pirotte, E Zimányi, D Massart, T Yakusheva;VLDB;1994
DBLP;G000245;248;The XML Typechecking Problem;D Suciu;SIGMOD Record;2002
DBLP;G000246;249;Report on the 18th British National Conference on Databases (BNCOD);N/A;N/A;2002
DBLP;G000247;250;Maximizing Buffer and Disk Utilizations for News On-Demand;R Ng, J Yang;VLDB;1994
DBLP;G000248;251;Reminiscences on Influential Papers;N/A;N/A;2002
DBLP;G000249;252;Investigation of Algebraic Query Optimisation Techniques for Database Programming Languages;A Poulovassilis, C Small;VLDB;1994
DBLP;G000250;253;Join Index Hierarchies for Supporting Efficient Navigations in Object-Oriented Databases;Z Xie, J Han;VLDB;1994
DBLP;G000251;254;Letter to SIGMOD Record Editor;N Elderini;N/A;2002
DBLP;G000252;255;Hilbert R-tree: An Improved R-tree using Fractals;I Kamel, C Faloutsos;VLDB;1994
DBLP;G000253;256;Why I Like Working in Academia;R Snodgrass;SIGMOD Record;2002
DBLP;G000254;257;A Survey of Logical Models for OLAP Databases;P Vassiliadis, T Sellis;SIGMOD Record;1999
DBLP;G000255;258;QC-Trees: An Efficient Summary Structure for Semantic OLAP;L Lakshmanan, J Pei, Y Zhao;SIGMOD Conference;2003
DBLP;G000256;259;FinTime - A Financial Time Series Benchmark;K Jacob, D Shasha;SIGMOD Record;1999
DBLP;G000257;260;Spreadsheets in RDBMS for OLAP;A Witkowski, S Bellamkonda, T Bozkaya, G Dorman, N Folkert, A Gupta, L Sheng, S Subramanian;SIGMOD Conference;2003
DBLP;G000258;261;XRANK: Ranked Keyword Search over XML Documents;L Guo, F Shao, C Botev, J Shanmugasundaram;SIGMOD Conference;2003
DBLP;G000259;262;Diluting ACID;T Kempster, C Stirling, P Thanisch;SIGMOD Record;1999
DBLP;G000260;263;Querying Structured Text in an XML Database;S Al-Khalifa, C Yu, H Jagadish;SIGMOD Conference;2003
DBLP;G000261;264;Design and Management of Data Warehouses: Report on the DMDW'99 Workshop;S Gatziu, M Jeusfeld, M Staudt, Y Vassiliou;SIGMOD Record;1999
DBLP;G000262;265;ViST: A Dynamic Index Method for Querying XML Data by Tree Structures;H Wang, S Park, W Fan, P Yu;SIGMOD Conference;2003
DBLP;G000263;266;Editor's Notes;M Franklin;SIGMOD Record;1999
DBLP;G000264;267;Rights Protection for Relational Data;R Sion, M Atallah, S Prabhakar;SIGMOD Conference;2003
DBLP;G000265;268;SQL Standardization: The Next Steps;A Eisenberg, J Melton;SIGMOD Record;2000
DBLP;G000266;269;Reminiscences on Influential Papers;N/A;N/A;2000
DBLP;G000267;270;Information Sharing Across Private Databases;R Agrawal, A Evfimievski, R Srikant;SIGMOD Conference;2003
DBLP;G000268;271;Incremental Maintenance of Recursive Views Using Relational Calculus/SQL;G Dong, J Su;SIGMOD Record;2000
DBLP;G000269;272;Winnowing: Local Algorithms for Document Fingerprinting;S Schleimer, D Wilkerson, A Aiken;SIGMOD Conference;2003
DBLP;G000270;273;Data Quality and Data Cleaning: An Overview;T Johnson, T Dasu;SIGMOD Conference;2003
DBLP;G000271;274;ACM-SIGMOD Digital Review;H Jagadish;SIGMOD Record;2000
DBLP;G000272;275;SIGMOD Sister Societies;S Ceri, L Kalinichenko, M Kitsuregawa, H Lu, Z Özsoyoglu, R Snodgrass, V Vianu;SIGMOD Record;2000
DBLP;G000273;276;BIRN-M: A Semantic Mediator for Solving Real-World Neuroscience Problems;A Gupta, B Ludäscher, M Martone;SIGMOD Conference;2003
DBLP;G000274;277;A System for Watermarking Relational Databases;R Agrawal, P Haas, J Kiernan;SIGMOD Conference;2003
DBLP;G000275;278;Chair's Message;N/A;N/A;2000
DBLP;G000276;279;Beyond Document Similarity: Understanding Value-Based Search and Browsing Technologies;A Paepcke, H Garcia-Molina, G Rodríguez-Mulà, J Cho;SIGMOD Record;2000
DBLP;G000277;280;Aurora: A Data Stream Management System;D Abadi, D Carney, U Çetintemel, M Cherniack, C Convey, C Erwin, E Galvez, M Hatoun, A Maskey, A Rasin, A Singer, M Stonebraker, N Tatbul, Y Xing, R Yan, S Zdonik;SIGMOD Conference;2003
DBLP;G000278;281;Improving the Efficiency of Database-System Teaching;J Ullman;SIGMOD Conference;2003
DBLP;G000279;282;Comparative Analysis of Five XML Query Languages;A Bonifati, S Ceri;SIGMOD Record;2000
DBLP;G000280;283;An Extensible Compressor for XML Data;H Liefke, D Suciu;SIGMOD Record;2000
DBLP;G000281;284;Proceedings of the 2003 ACM SIGMOD International Conference on Management of Data, San Diego, California, USA, June 9-12, 2003;N/A;N/A;2003
DBLP;G000282;285;An Optimisation Scheme for Coalesce/Valid Time Selection Operator Sequences;C Vassilakis;SIGMOD Record;2000
DBLP;G000283;286;Efficient Processing of Joins on Set-valued Attributes;N Mamoulis;SIGMOD Conference;2003
DBLP;G000284;287;Hierarchies and Relative Operators in the OLAP Environment;E Pourabbas, M Rafanelli;SIGMOD Record;2000
DBLP;G000285;288;Data Grid Management Systems;A Jagatheesan, A Rajasekar;SIGMOD Conference;2003
DBLP;G000286;289;Evaluating Probabilistic Queries over Imprecise Data;R Cheng, D Kalashnikov, S Prabhakar;SIGMOD Conference;2003
DBLP;G000287;290;Evolution and Change in Data Management - Issues and Directions;J Roddick, L Al-Jadir, L Bertossi, M Dumas, F Estrella, H Gregersen, K Hornsby, J Lufter, F Mandreoli, T Männistö, E Mayol, L Wedemeijer;SIGMOD Record;2000
DBLP;G000288;291;Adaptive Filters for Continuous Queries over Distributed Data Streams;C Olston, J Jiang, J Widom;SIGMOD Conference;2003
DBLP;G000289;292;Generating Dynamic Content at Database-Backed Web Servers: cgi-bin vs. mod_perl;A Labrinidis, N Roussopoulos;SIGMOD Record;2000
DBLP;G000290;293;Knowledge Discovery in Data Warehouses;T Palpanas;SIGMOD Record;2000
DBLP;G000291;294;Dynamic XML documents with distribution and replication;S Abiteboul, A Bonifati, G Cobena, I Manolescu, T Milo;SIGMOD Conference;2003
DBLP;G000292;295;Editor's Notes;M Franklin;SIGMOD Record;2000
DBLP;G000293;296;Dynamic Sample Selection for Approximate Query Processing;B Babcock, S Chaudhuri, G Das;SIGMOD Conference;2003
DBLP;G000294;297;CMVF: A Novel Dimension Reduction Scheme for Efficient Indexing in A Large Image Database;J Shen, A Ngu, J Shepherd, D Huynh, Q Sheng;SIGMOD Conference;2003
DBLP;G000295;298;The Implementation and Performance of Compressed Databases;T Westmann, D Kossmann, S Helmer, G Moerkotte;SIGMOD Record;2000
DBLP;G000296;299;DBCache: Middle-tier Database Caching for Highly Scalable e-Business Architectures;C Bornhövd, M Altinel, S Krishnamurthy, C Mohan, H Pirahesh, B Reinwald;SIGMOD Conference;2003
DBLP;G000297;300;Metadata Standards for Data Warehousing: Open Information Model vs. Common Warehouse Metamodel;T Vetterli, A Vaduva, M Staudt;SIGMOD Record;2000
DBLP;G000298;301;A Comprehensive XQuery to SQL Translation using Dynamic Interval Encoding;D DeHaan, D Toman, M Consens, M Özsu;SIGMOD Conference;2003
DBLP;G000299;302;Spatial Operators;E Clementini, P Felice;SIGMOD Record;2000
DBLP;G000300;303;Reminiscences on Influential Papers;N/A;N/A;2000
DBLP;G000301;304;Gigascope: A Stream Database for Network Applications;C Cranor, T Johnson, O Spatscheck, V Shkapenyuk;SIGMOD Conference;2003
DBLP;G000302;305;Formal semantics and analysis of object queries;G Bierman;SIGMOD Conference;2003
DBLP;G000303;306;Report on Second International Workshop on Advanced Issues of E-Commerce and Web-based Information Systems;N/A;N/A;2000
DBLP;G000304;307;Provision of Market Services for eCo Compliant Electronic Market Places;S Arpinar, A Dogac;SIGMOD Record;2000
DBLP;G000305;308;Hardware Acceleration for Spatial Selections and Joins;C Sun, D Agrawal, A Abbadi;SIGMOD Conference;2003
DBLP;G000306;309;A Characterization of the Sensitivity of Query Optimization to Storage Access Cost Parameters;F Reiss, T Kanungo;SIGMOD Conference;2003
DBLP;G000307;310;Workshop on Performance and Architecture of Web Servers (PAWS-2000, held in conjection with SIGMETRICS-2000);N/A;N/A;2000
DBLP;G000308;311;A Theory of Redo Recovery;D Lomet, M Tuttle;SIGMOD Conference;2003
DBLP;G000309;312;Report in ISDO '00: The CAiSE*00 Workshop on Infrastructures for Dynamic Business-to-Business Service Outsourcinga;N/A;N/A;2000
DBLP;G000310;313;SIGMOD Digital Symposium Collection (DiSC) Editor's Message;N/A;N/A;2000
DBLP;G000311;314;Cache-and-Query for Wide Area Sensor Databases;A Deshpande, S Nath, P Gibbons, S Seshan;SIGMOD Conference;2003
DBLP;G000312;315;Composing XSL Transformations with XML Publishing Views;C Li, P Bohannon, H Korth, P Narayan;SIGMOD Conference;2003
DBLP;G000313;316;SIGMOD'2000 Program Chair's Message;N/A;N/A;2000
DBLP;G000314;317;An Optimal and Progressive Algorithm for Skyline Queries;D Papadias, Y Tao, G Fu, B Seeger;SIGMOD Conference;2003
DBLP;G000315;318;Information Director's Message;N/A;N/A;2000
DBLP;G000316;319;SIGMOD Anthology Editor's Message;N/A;N/A;2000
DBLP;G000317;320;Contorting High Dimensional Data for Efficient Main Memory Processing;B Cui, B Ooi, J Su, K Tan;SIGMOD Conference;2003
DBLP;G000318;321;Chair's Message;N/A;N/A;2000
DBLP;G000319;322;Visionary: A Next Generation Visualization System for Databases;M Stonebraker;SIGMOD Conference;2003
DBLP;G000320;323;Comparative Analysis of Six XML Schema Languages;D Lee, W Chu;SIGMOD Record;2000
DBLP;G000321;324;Extracting and Exploiting Structure in Text Search;P Raghavan;SIGMOD Conference;2003
DBLP;G000079;325;Treasurer's Message;N/A;N/A;2000
DBLP;G000322;326;Building Notification Services with Microsoft SQLServer;P Seshadri;SIGMOD Conference;2003
DBLP;G000323;327;Vice Chair's Message;N/A;N/A;2000
DBLP;G000324;328;Google in a Box - Building the Google Search Appliance;N Shivakumar;SIGMOD Conference;2003
DBLP;G000325;329;NonStop SQL/MX Publish/Subscribe: Continuous Data Streams in Transaction Processing;H Zeller;SIGMOD Conference;2003
DBLP;G000326;330;Editor's Notes;M Franklin;SIGMOD Record;2000
DBLP;G000327;331;Data Management Challenges in CRM;G Colliat;SIGMOD Conference;2003
DBLP;G000328;332;New TPC Benchmarks for Decision Support and Web Commerce;M Pöss, C Floyd;SIGMOD Record;2000
DBLP;G000329;333;Integration of Electronic Tickets and Personal Guide System for Public Transport using Mobile Terminals;K Goto, Y Kambayashi;SIGMOD Conference;2003
DBLP;G000330;334;Constraint databases: A tutorial introduction;J Bussche;SIGMOD Record;2000
DBLP;G000331;335;Multi-Dimensional Clustering: A New Data Layout Scheme in DB2;S Padmanabhan, B Bhattacharjee, T Malkemus, L Cranston, M Huras;SIGMOD Conference;2003
DBLP;G000332;336;Generating Spatiotemporal Datasets on the WWW;Y Theodoridis, M Nascimento;SIGMOD Record;2000
DBLP;G000333;337;Theory of Answering Queries Using Views;A Halevy;SIGMOD Record;2000
DBLP;G000334;338;Using Sets of Feature Vectors for Similarity Search on Voxelized CAD Objects;H Kriegel, S Brecheisen, P Kröger, M Pfeifle, M Schubert;SIGMOD Conference;2003
DBLP;G000335;339;Object Database Evolution Using Separation of Concerns;A Rashid, P Sawyer;SIGMOD Record;2000
DBLP;G000336;340;A Framework for Change Diagnosis of Data Streams;C Aggarwal;SIGMOD Conference;2003
DBLP;G000337;341;On Relational Support for XML Publishing: Beyond Sorting and Tagging;S Chaudhuri, R Kaushik, J Naughton;SIGMOD Conference;2003
DBLP;G000338;342;Moving up the food chain: Supporting E-Commerce Applications on Databases;A Jhingran;SIGMOD Record;2000
DBLP;G000339;343;Reminiscences on Influential Papers;N/A;N/A;2000
DBLP;G000340;344;Qcluster: Relevance Feedback Using Adaptive Clustering for Content-Based Image Retrieval;D Kim, C Chung;SIGMOD Conference;2003
DBLP;G000341;345;Oracle XML DB Repository;V Krishnamurthy;SIGMOD Conference;2003
DBLP;G000342;346;VLDB Workshop on Technologies in E-Services (TES);N/A;N/A;2000
DBLP;G000343;347;SIGMOD Program Review;N/A;N/A;2000
DBLP;G000344;348;Oracle RAC: Architecture and Performance;A Pruscino;SIGMOD Conference;2003
DBLP;G000345;349;The Future of Web Services - I;A Bosworth;SIGMOD Conference;2003
DBLP;G000346;350;Using Quantitative Information for Efficient Association Rule Generation;B Pôssas, W Jr., M Carvalho, R Resende;SIGMOD Record;2000
DBLP;G000347;351;The Future of Web services - II;F Cabrera;SIGMOD Conference;2003
DBLP;G000348;352;Research and Practice in Federated Information Systems, Report of the EFIS '2000 International Workshop;N/A;N/A;2000
DBLP;G000349;353;Processing Set Expressions over Continuous Update Streams;S Ganguly, M Garofalakis, R Rastogi;SIGMOD Conference;2003
DBLP;G000350;354;Editor's Notes;M Franklin;SIGMOD Record;2000
DBLP;G000351;355;Cache Invalidation Scheme for Mobile Computing Systems with Real-time Data;J Yuen, E Chan, K Lam, H Leung;SIGMOD Record;2000
DBLP;G000352;356;Robust and Efficient Fuzzy Match for Online Data Cleaning;S Chaudhuri, K Ganjam, V Ganti, R Motwani;SIGMOD Conference;2003
DBLP;G000353;357;Mapping Data in Peer-to-Peer Systems: Semantics and Algorithmic Issues;A Kementsietsidis, M Arenas, R Miller;SIGMOD Conference;2003
DBLP;G000354;358;A Vision of Management of Complex Models;P Bernstein, A Halevy, R Pottinger;SIGMOD Record;2000
DBLP;G000355;359;Scientific Data Repositories: Designing for a Moving Target;E Stolte, C Praun, G Alonso, T Gross;SIGMOD Conference;2003
DBLP;G000356;360;Chair's Message;N/A;N/A;2000
DBLP;G000357;361;Stream Processing of XPath Queries with Predicates;A Gupta, D Suciu;SIGMOD Conference;2003
DBLP;G000358;362;XML and Information Retrieval: a SIGIR 2000 Workshop;N/A;N/A;2001
DBLP;G000359;363;Report on The fourth International Conference on Flexible Query Answering systems;N/A;N/A;2001
DBLP;G000360;364;XPath Queries on Streaming Data;F Peng, S Chawathe;SIGMOD Conference;2003
DBLP;G000361;365;Location-based Spatial Queries;J Zhang, M Zhu, D Papadias, Y Tao, D Lee;SIGMOD Conference;2003
DBLP;G000362;366;SQL and Management of External Data;J Melton, J Michels, V Josifovski, K Kulkarni, P Schwarz, K Zeidenstein;SIGMOD Record;2001
DBLP;G000363;367;The Clio Project: Managing Heterogeneity;R Miller, M Hernández, L Haas, L Yan, C Ho, R Fagin, L Popa;SIGMOD Record;2001
DBLP;G000364;368;The Design of an Acquisitional Query Processor For Sensor Networks;S Madden, M Franklin, J Hellerstein, W Hong;SIGMOD Conference;2003
DBLP;G000365;369;XPRESS: A Queriable Compression for XML Data;J Min, M Park, C Chung;SIGMOD Conference;2003
DBLP;G000366;370;Quality of Service in Multimedia Digital Libraries;E Bertino, A Elmagarmid, M Hacid;SIGMOD Record;2001
DBLP;G000367;371;D(k)-Index: An Adaptive Structural Summary for Graph-Structured Data;C Qun, A Lim, K Ong;SIGMOD Conference;2003
DBLP;G000368;372;Towards Knowledge-Based Digital Libraries;L Feng, M Jeusfeld, J Hoppenbrouwers;SIGMOD Record;2001
DBLP;G000369;373;Temporal Coalescing with Now, Granularity, and Incomplete Information;C Dyreson;SIGMOD Conference;2003
DBLP;G000370;374;Reminiscences on Influential Papers;N/A;N/A;2001
DBLP;G000371;375;Report on XEWA-00: The XML Enabled Wide-Area Searches for Bioinformatics Workshop;N/A;N/A;2001
DBLP;G000372;376;Warping Indexes with Envelope Transforms for Query by Humming;Y Zhu, D Shasha;SIGMOD Conference;2003
DBLP;G000373;377;Chair's Message;N/A;N/A;2001
DBLP;G000374;378;Rondo: A Programming Platform for Generic Model Management;S Melnik, E Rahm, P Bernstein;SIGMOD Conference;2003
DBLP;G000375;379;On Schema Matching with Opaque Column Names and Data Values;J Kang, J Naughton;SIGMOD Conference;2003
DBLP;G000376;380;Re-designing Distance Functions and Distance-Based Applications for High Dimensional Data;C Aggarwal;SIGMOD Record;2001
DBLP;G000377;381;Statistical Schema Matching across Web Query Interfaces;B He, K Chang;SIGMOD Conference;2003
DBLP;G000378;382;Querying Multi-dimensional Data Indexed Using the Hilbert Space-filling Curve;J Lawder, P King;SIGMOD Record;2001
DBLP;G000379;383;Spectral Bloom Filters;S Cohen, Y Matias;SIGMOD Conference;2003
DBLP;G000380;384;Infosphere Project: System Support for Information Flow Applications;C Pu, K Schwan, J Walpole;SIGMOD Record;2001
DBLP;G000381;385;The Asilomar Report on Database Research;P Bernstein, M Brodie, S Ceri, D DeWitt, M Franklin, H Garcia-Molina, J Gray, G Held, J Hellerstein, H Jagadish, M Lesk, D Maier, J Naughton, H Pirahesh, M Stonebraker, J Ullman;SIGMOD Record;1998
DBLP;G000382;386;A scalable hash ripple join algorithm;G Luo, C Ellmann, P Haas, J Naughton;SIGMOD Conference;2002
DBLP;G000383;387;Executing SQL over encrypted data in the database-service-provider model;H Hacigümüs, B Iyer, C Li, S Mehrotra;SIGMOD Conference;2002
DBLP;G000384;388;Electronic Market: The Roadmap for University Libraries and Members to Survive in the Information Jungle;M Christoffel, S Pulkowski, B Schmitt, P Lockemann;SIGMOD Record;1998
DBLP;G000385;389;Covering indexes for branching path queries;R Kaushik, P Bohannon, J Naughton, H Korth;SIGMOD Conference;2002
DBLP;G000386;390;XML and Electronic Commerce: Enabling the Network Economy;B Meltzer, R Glushko;SIGMOD Record;1998
DBLP;G000387;391;APEX: an adaptive path index for XML data;C Chung, J Min, K Shim;SIGMOD Conference;2002
DBLP;G000388;392;Component-based E-Commerce: Assesment of Current Practices and Future Directions;M Bichler, A Segev, J Zhao;SIGMOD Record;1998
DBLP;G000389;393;Accelerating XPath location steps;T Grust;SIGMOD Conference;2002
DBLP;G000390;394;Editor's Notes;M Franklin;SIGMOD Record;1998
DBLP;G000391;395;Efficient evaluation of queries in a mediator for WebSources;V Zadorozhny, L Raschid, M Vidal, T Urhan, L Bright;SIGMOD Conference;2002
DBLP;G000392;396;SQLJ Part 0, Now Known as SQL/OLB (Object-Language Bindings);A Eisenberg, J Melton;SIGMOD Record;1998
DBLP;G000393;397;The Middleware Muddle;D Ritter;SIGMOD Record;1998
DBLP;G000394;398;Best-effort cache synchronization with source cooperation;C Olston, J Widom;SIGMOD Conference;2002
DBLP;G000395;399;Reminiscences on Influential Papers;N/A;N/A;1998
DBLP;G000396;400;Continuously adaptive continuous queries over streams;S Madden, M Shah, J Hellerstein, V Raman;SIGMOD Conference;2002
DBLP;G000397;401;An adaptive peer-to-peer network for distributed caching of OLAP results;P Kalnis, W Ng, B Ooi, D Papadias, K Tan;SIGMOD Conference;2002
DBLP;G000398;402;Design and Implementation of RMP - A Virtual Electronic Market Place;S Boll, W Klas, B Battaglin;SIGMOD Record;1998
DBLP;G000399;403;A Componentized Architecture for Dynamic Electronic Markets;B Reich, I Ben-Shaul;SIGMOD Record;1998
DBLP;G000400;404;Efficient integration and aggregation of historical information;M Riedewald, D Agrawal, A Abbadi;SIGMOD Conference;2002
DBLP;G000401;405;Archiving scientific data;P Buneman, S Khanna, K Tajima, W Tan;SIGMOD Conference;2002
DBLP;G000402;406;ADEPT: An Agent-Based Approach to Business Process Management;N Jennings, T Norman, P Faratin;SIGMOD Record;1998
DBLP;G000403;407;XQuery: A Query Language for XML;N/A;N/A;2003
DBLP;G000404;408;A Workflow-based Electronic Marketplace on the Web;A Dogac, I Durusoy, S Arpinar, N Tatbul, P Koksal, I Cingil, N Dimililer;SIGMOD Record;1998
DBLP;G000405;409;Guest Editor's Introduction;N/A;N/A;1998
DBLP;G000406;410;The Lowell Report;J Gray, H Schek, M Stonebraker, J Ullman;SIGMOD Conference;2003
DBLP;G000407;411;Chair's Message;N/A;N/A;1998
DBLP;G000408;412;Panel: Querying Networked Databases;N Koudas, D Srivastava;SIGMOD Conference;2003
DBLP;G000409;413;IPSOFACTO: A Visual Correlation Tool for Aggregate Network Traffic Data;F Korn, S Muthukrishnan, Y Zhu;SIGMOD Conference;2003
DBLP;G000410;414;An Anonymous Electronic Commerce Scheme with an Off-Line Authority and Untrusted Agents;J Domingo-Ferrer, J Herrera-Joancomartí;SIGMOD Record;1998
DBLP;G000411;415;Discovering Internet Marketing Intelligence through Online Analytical Web Usage Mining;A Büchner, M Mulvenna;SIGMOD Record;1998
DBLP;G000412;416;PLASTIC: Reducing Query Optimization Overheads through Plan Recycling;V Sengar, J Haritsa;SIGMOD Conference;2003
DBLP;G000413;417;ROLEX: Relational On-Line Exchange with XML;P Bohannon, X Dong, S Ganguly, H Korth, C Li, P Narayan, P Shenoy;SIGMOD Conference;2003
DBLP;G000414;418;VideoAnywhere: A System for Searching and Managing Distributed Video Assets;A Sheth, C Bertram, K Shah;SIGMOD Record;1999
DBLP;G000415;419;Reminiscences on Influential Papers;N/A;N/A;1999
DBLP;G000416;420;Query by Humming - in Action with its Technology Revealed;Y Zhu, D Shasha, X Zhao;SIGMOD Conference;2003
DBLP;G000417;421;Rainbow: Multi-XQuery Optimization Using Materialized XML Views;X Zhang, K Dimitrova, L Wang, M El-Sayed, B Murphy, B Pielech, M Mulchandani, L Ding, E Rundensteiner;SIGMOD Conference;2003
DBLP;G000418;422;Report on the 13th Brazilian Symposium on Database Systems (SBBD'98);N/A;N/A;1999
DBLP;G000419;423;TIMBER: A Native System for Querying XML;S Paparizos, S Al-Khalifa, A Chapman, H Jagadish, L Lakshmanan, A Nierman, J Patel, D Srivastava, N Wiwatwattana, Y Wu, C Yu;SIGMOD Conference;2003
DBLP;G000420;424;The OASIS Multidatabase Prototype;M Roantree, J Murphy, W Hasselbring;SIGMOD Record;1999
DBLP;G000421;425;LockX: A System for Efficiently Querying Secure XML;S Cho, S Amer-Yahia, L Lakshmanan, D Srivastava;SIGMOD Conference;2003
DBLP;G000422;426;Editor's Notes;M Franklin;SIGMOD Record;1998
DBLP;G000423;427;Building Database-driven Electronic Catalogs;S Danish;SIGMOD Record;1998
DBLP;G000424;428;TREX: DTD-Conforming XML to XML Transformations;A Zhou, Q Wang, Z Guo, X Gong, S Zheng, H Wu, J Xiao, K Yue, W Fan;SIGMOD Conference;2003
DBLP;G000425;429;NSF Workshop on Industrial/Academic Cooperation in Database Systems;N/A;N/A;1999
DBLP;G000426;430;IrisNet: Internet-scale Resource-Intensive Sensor Services;A Deshpande, S Nath, P Gibbons, S Seshan;SIGMOD Conference;2003
DBLP;G000427;431;SQL: 1999, formerly known as SQL 3;A Eisenberg, J Melton;SIGMOD Record;1999
DBLP;G000428;432;TelegraphCQ: Continuous Dataflow Processing;S Chandrasekaran, O Cooper, A Deshpande, M Franklin, J Hellerstein, W Hong, S Krishnamurthy, S Madden, F Reiss, M Shah;SIGMOD Conference;2003
DBLP;G000429;433;Semantic Integration of Environmental Models for Application to Global Information Systems and Decision-Making;D Mackay;SIGMOD Record;1999
DBLP;G000430;434;PIX: Exact and Approximate Phrase Matching in XML;S Amer-Yahia, M Fernandez, D Srivastava, Y Xu;SIGMOD Conference;2003
DBLP;G000431;435;STREAM: The Stanford Stream Data Manager;A Arasu, B Babcock, S Babu, M Datar, K Ito, I Nishizawa, J Rosenstein, J Widom;SIGMOD Conference;2003
DBLP;G000432;436;Semantic and Pedagogic Interoperability Mechanisms in the ARIADNE Educational Repository;E Forte, F Haenni, K Warkentyne, E Duval, K Cardinaels, E Vervaet, K Hendrikx, M Forte, F Simillion;SIGMOD Record;1999
DBLP;G000433;437;Statement from the Treasurer;E Hanson;SIGMOD Record;1999
DBLP;G000434;438;Transparent Mid-Tier Database Caching in SQL Server;P Larson, J Goldstein, J Zhou;SIGMOD Conference;2003
DBLP;G000435;439;Semantic Interoperability in Global Information Systems: A Brief Introduction to the Research Area and the Special Section;A Ouksel, A Sheth;SIGMOD Record;1999
DBLP;G000436;440;QXtract: A Building Block for Efficient Information Extraction from Plain-Text Databases;E Agichtein, L Gravano;SIGMOD Conference;2003
DBLP;G000437;441;PeerDB: Peering into Personal Databases;B Ooi, K Tan, A Zhou, C Goh, Y Li, C Liau, B Ling, W Ng, Y Shu, X Wang, M Zhang;SIGMOD Conference;2003
DBLP;G000438;442;Semantic Integration of Semistructured and Structured Data Sources;S Bergamaschi, S Castano, M Vincini;SIGMOD Record;1999
DBLP;G000439;443;GridDB: A Database Interface to the Grid;D Liu, M Franklin, D Parekh;SIGMOD Conference;2003
DBLP;G000440;444;Semantic Interoperability in Information Services: Experiencing with CoopWARE;A Gal;SIGMOD Record;1999
DBLP;G000441;445;Unpacking The Semantics of Source and Usage To Perform Semantic Reconciliation In Large-Scale Information Systems;K Smith, L Obrst;SIGMOD Record;1999
DBLP;G000442;446;WinMagic : Subquery Elimination Using Window Aggregation;C Zuzarte, H Pirahesh, W Ma, Q Cheng, L Liu, K Wong;SIGMOD Conference;2003
DBLP;G000443;447;SOCQET: Semantic OLAP with Compressed Cube and Summarization;L Lakshmanan, J Pei, Y Zhao;SIGMOD Conference;2003
DBLP;G000444;448;Semantic Video Indexing: Approach and Issue;A Hampapur;SIGMOD Record;1999
DBLP;G000445;449;Database tuning: principles, experiments, and troubleshooting techniques (part II);D Shasha, P Bonnet;SIGMOD Conference;2002
DBLP;G000446;450;Dynamic Service Matchmaking Among Agents in Open Information Environments;K Sycara, M Klusch, S Widoff, J Lu;SIGMOD Record;1999
DBLP;G000445;451;Database tuning: principles, experiments, and troubleshooting techniques (part I);D Shasha, P Bonnet;SIGMOD Conference;2002
DBLP;G000447;452;Contextualizing the Information Space in Federated Digital Libraries;M Papazoglou, J Hoppenbrouwers;SIGMOD Record;1999
DBLP;G000448;453;Efficient Materialization and Use of Views in Data Warehouses;M Souza, M Sampaio;SIGMOD Record;1999
DBLP;G000449;454;Rate-based query optimization for streaming information sources;S Viglas, J Naughton;SIGMOD Conference;2002
DBLP;G000450;455;Proceedings of the 2002 ACM SIGMOD International Conference on Management of Data, Madison, Wisconsin, June 3-6, 2002;N/A;N/A;2002
DBLP;G000451;456;Agent-Based Semantic Interoperability in InfoSleuth;J Fowler, B Perry, M Nodine, B Bargmeyer;SIGMOD Record;1999
DBLP;G000452;457;A Study on Data Point Search for HG-Trees;J Kuan, P Lewis;SIGMOD Record;1999
DBLP;G000453;458;HD-Eye: visual clustering of high dimensional data;A Hinneburg, D Keim, M Wawryniuk;SIGMOD Conference;2002
DBLP;G000454;459;Design Principles for Data-Intensive Web Sites;S Ceri, P Fraternali, S Paraboschi;SIGMOD Record;1999
DBLP;G000455;460;GEA: a toolkit for gene expression analysis;J Phan, R Ng;SIGMOD Conference;2002
DBLP;G000456;461;Chair's Message;N/A;N/A;1999
DBLP;G000457;462;Going public: open-source databases and database research;P Bonnet;SIGMOD Conference;2002
DBLP;G000458;463;Message from Editor-in-Chief, ACM Transactions on Database Systems;W Kim;N/A;1999
DBLP;G000459;464;Data streams: fresh current or stagnant backwater? (panel);J Hellerstein, J Widom;SIGMOD Conference;2002
DBLP;G000460;465;Database Research at the University of Oklahoma;L Gruenwald, L Brown, R Dirckze, S Guinepain, C Sánchez, B Summers, S Vanichayobon;SIGMOD Record;1999
DBLP;G000461;466;Gigascope: high performance network monitoring with an SQL interface;C Cranor, Y Gao, T Johnson, V Shkapenyuk, O Spatscheck;SIGMOD Conference;2002
DBLP;G000462;467;An Overview and Classification of Mediated Query Systems;R Domenig, K Dittrich;SIGMOD Record;1999
DBLP;G000463;468;Distributing queries over low-power wireless sensor networks;S Madden, J Hellerstein;SIGMOD Conference;2002
DBLP;G000464;469;DBXplorer: enabling keyword search over relational databases;S Agrawal, S Chaudhuri, G Das;SIGMOD Conference;2002
DBLP;G000465;470;Chair's Message;N/A;N/A;1999
DBLP;G000466;471;Vice Chair's Message;N/A;N/A;1999
DBLP;G000467;472;CubeExplorer: online exploration of data cubes;J Han, J Wang, G Dong, J Pei, K Wang;SIGMOD Conference;2002
DBLP;G000468;473;ACDN: a content delivery network for applications;P Karbhari, M Rabinovich, Z Xiao, F Douglis;SIGMOD Conference;2002
DBLP;G000469;474;On Multi-Resolution Document Transmission in Mobile Web;S Yau, H Leong, D McLeod, A Si;SIGMOD Record;1999
DBLP;G000470;475;DBCache: database caching for web application servers;M Altinel, Q Luo, S Krishnamurthy, C Mohan, H Pirahesh, B Lindsay, H Woo, L Brown;SIGMOD Conference;2002
DBLP;G000471;476;Towards Adaptive Workflow Systems, CSCW-98 Workshop Report;N/A;N/A;1999
DBLP;G000472;477;COUGAR: the network is the database;W Fung, D Sun, J Gehrke;SIGMOD Conference;2002
DBLP;G000473;478;Editor's Notes;M Franklin;SIGMOD Record;1999
DBLP;G000474;479;COMMIX: towards effective web information extraction, integration and query answering;T Wang, S Tang, D Yang, J Gao, Y Wu, J Pei;SIGMOD Conference;2002
DBLP;G000475;480;Reminiscences on Influential Papers;N/A;N/A;1999
DBLP;G000476;481;An ebXML infrastructure implementation through UDDI registries and RosettaNet PIPs;A Dogac, Y Tambag, P Pembecioglu, S Pektas, G Laleci, G Kurt, S Toprak, Y Kabak;SIGMOD Conference;2002
DBLP;G000477;482;The Active Database Central, ER2000, VLDB 2000, WISE 2000, Books, ACM DL;N/A;SIGMOD Record;1999
DBLP;G000478;483;A compact B-tree;P Bumbulis, I Bowman;SIGMOD Conference;2002
DBLP;G000479;484;Editor's Notes;M Franklin;SIGMOD Record;1999
DBLP;G000480;485;Efficient execution of joins in a star schema;A Weininger;SIGMOD Conference;2002
DBLP;G000481;486;Engineering Federated Information Systems: Report of EFIS '99 Workshop;S Conrad, W Hasselbring, U Hohenstein, R Kutsche, M Roantree, G Saake, F Saltor;SIGMOD Record;1999
DBLP;G000482;487;Chorochronos: A Research Network for Spatiotemporal Database Systems;A Frank, S Grumbach, R Güting, C Jensen, M Koubarakis, N Lorentzos, Y Manolopoulos, E Nardelli, B Pernici, H Schek, M Scholl, T Sellis, B Theodoulidis, P Widmayer;SIGMOD Record;1999
DBLP;G000483;488;Automating physical database design in a parallel database;J Rao, C Zhang, N Megiddo, G Lohman;SIGMOD Conference;2002
DBLP;G000484;489;Cost Estimation of User-Defined Methods in Object-Relational Database Systems;J Boulos, K Ono;SIGMOD Record;1999
DBLP;G000485;490;Hierarchical subspace sampling: a unified framework for high dimensional data reduction, selectivity estimation and nearest neighbor search;C Aggarwal;SIGMOD Conference;2002
DBLP;G000486;491;First-Class Views: A Key to User-Centered Computing;A Rosenthal, E Sciore;SIGMOD Record;1999
DBLP;G000487;492;Dwarf: shrinking the PetaCube;Y Sismanis, A Deligiannakis, N Roussopoulos, Y Kotidis;SIGMOD Conference;2002
DBLP;G000488;493;Distributed Transactions in Practice;P Ram, L Do, P Drew;SIGMOD Record;1999
DBLP;G000489;494;Compressing SQL workloads;S Chaudhuri, A Gupta, V Narasayya;SIGMOD Conference;2002
DBLP;G000490;495;A Distributed Scientific Data Archive Using the Web, XML and SQL/MED;M Papiani, J Wason, A Dunlop, D Nicole;SIGMOD Record;1999
DBLP;G000491;496;Coordinating backup/recovery and data consistency between database and file systems;S Bhattacharya, C Mohan, K Brannon, I Narang, H Hsiao, M Subramanian;SIGMOD Conference;2002
DBLP;G000492;497;Report on NGITS'99: The 4th International Workshop on Next Generation Information Technologies and Systems;N/A;N/A;1999
DBLP;G000493;498;General match: a subsequence matching method in time-series databases based on generalized windows;Y Moon, K Whang, W Han;SIGMOD Conference;2002
DBLP;G000494;499;Clustering by pattern similarity in large data sets;H Wang, W Wang, J Yang, P Yu;SIGMOD Conference;2002
DBLP;G000495;500;Timer-Driven Database Triggers and Alerters: Semantics and a Challenge;E Hanson, L Noronha;SIGMOD Record;1999
DBLP;G000496;501;Some Remarks on Variable Independence, Closure, and Orthographic Dimension in Constraint Databases;L Libkin;SIGMOD Record;1999
DBLP;G000497;502;A Monte Carlo algorithm for fast projective clustering;C Procopiuc, M Jones, P Agarwal, T Murali;SIGMOD Conference;2002
DBLP;G000498;503;Dynamic multidimensional histograms;N Thaper, S Guha, P Indyk, N Koudas;SIGMOD Conference;2002
DBLP;G000499;504;Database Principles Column - Introduction;L Libkin;SIGMOD Record;1999
DBLP;G000500;505;Exploiting statistics on query expressions for optimization;N Bruno, S Chaudhuri;SIGMOD Conference;2002
DBLP;G000501;506;On Views and XML;S Abiteboul;SIGMOD Record;1999
DBLP;G000502;507;Efficient algorithms for minimizing tree pattern queries;P Ramanan;SIGMOD Conference;2002
DBLP;G000503;508;Reminiscences on Influential Papers;N/A;N/A;1999
DBLP;G000504;509;Efficient k-NN search on vertically decomposed data;A Vries, N Mamoulis, N Nes, M Kersten;SIGMOD Conference;2002
DBLP;G000505;510;Practical Lessons in Supporting Large-Scale Computational Science;R Musick, T Critchlow;SIGMOD Record;1999
DBLP;G000506;511;Continually evaluating similarity-based pattern queries on a streaming time series;L Gao, X Wang;SIGMOD Conference;2002
DBLP;G000507;512;SQLJ-Part 1: SQL Routines Using the Java Programming Language;A Eisenberg, J Melton;SIGMOD Record;1999
DBLP;G000508;513;Proxy-based acceleration of dynamically generated content on the world wide web: an approach and implementation;A Datta, K Dutta, H Thomas, D VanderMeer, S Suresha, K Ramamritham;SIGMOD Conference;2002
DBLP;G000509;514;Integrating Dynamically-Fetched External Information into a DBMS for Semistructured Data;J McHugh, J Widom;SIGMOD Record;1997
DBLP;G000510;515;Semistructured und Structured Data in the Web: Going Back and Forth;P Atzeni, G Mecca, P Merialdo;SIGMOD Record;1997
DBLP;G000511;516;Processing complex aggregate queries over data streams;A Dobra, M Garofalakis, J Gehrke, R Rastogi;SIGMOD Conference;2002
DBLP;G000512;517;Fractal prefetching B±Trees: optimizing both cache and disk performance;S Chen, P Gibbons, T Mowry, G Valentin;SIGMOD Conference;2002
DBLP;G000513;518;Intelligent Access to Heterogeneous Information Sources: Report on the 4th Workshop on Knowledge Representation Meets Databases;N/A;N/A;1997
DBLP;G000514;519;Implementing database operations using SIMD instructions;J Zhou, K Ross;SIGMOD Conference;2002
DBLP;G000515;520;Infering Structure in Semistructured Data;S Nestorov, S Abiteboul, R Motwani;SIGMOD Record;1997
DBLP;G000516;521;Chair's Message;N/A;N/A;1997
DBLP;G000517;522;StatiX: making XML count;J Freire, J Haritsa, M Ramanath, P Roy, J Siméon;SIGMOD Conference;2002
DBLP;G000518;523;Extracting Entity Profiles from Semistructured Information Spaces;R Nado, S Huffman;SIGMOD Record;1997
DBLP;G000519;524;Skew handling techniques in sort-merge join;W Li, D Gao, R Snodgrass;SIGMOD Conference;2002
DBLP;G000520;525;Wrapper Generation for Semi-structured Internet Sources;N Ashish, C Knoblock;SIGMOD Record;1997
DBLP;G000521;526;Storing and querying ordered XML using a relational database system;I Tatarinov, S Viglas, K Beyer, J Shanmugasundaram, E Shekita, C Zhang;SIGMOD Conference;2002
DBLP;G000522;527;QURSED: querying and reporting semistructured data;Y Papakonstantinou, M Petropoulos, V Vassalos;SIGMOD Conference;2002
DBLP;G000523;528;Foreword: Management of Semistructured Data;N/A;N/A;1997
DBLP;G000524;529;Information Systems Research at George Mason University;S Jajodia, D Barbará, A Brodsky, L Kerschberg, A Motro, E Sibley, X Wang;SIGMOD Record;1997
DBLP;G000525;530;\Mining database structure  or, how to build a data quality browser\"";T Dasu, T Johnson, S Muthukrishnan, V Shkapenyuk;SIGMOD Conference;2002
DBLP;G000526;531;The Five-Minute Rule Ten Years Later, and Other Computer Storage Rules of Thumb;J Gray, G Graefe;SIGMOD Record;1997
DBLP;G000527;532;Workflow management with service quality guarantees;M Gillmann, G Weikum, W Wonner;SIGMOD Conference;2002
DBLP;G000528;533;Approximate XML joins;S Guha, H Jagadish, N Koudas, D Srivastava, T Yu;SIGMOD Conference;2002
DBLP;G000529;534;Editor's Notes;M Franklin;SIGMOD Record;1997
DBLP;G000530;535;The Database and Information System Research Group at the University of Ulm;P Dadam, W Klas;SIGMOD Record;1997
DBLP;G000531;536;Partial results for online query processing;V Raman, J Hellerstein;SIGMOD Conference;2002
DBLP;G000532;537;Time-parameterized queries in spatio-temporal databases;Y Tao, D Papadias;SIGMOD Conference;2002
DBLP;G000533;538;Research Issues in Federated Database Systems: Report of EFDBS '97 Workshop;N/A;N/A;1997
DBLP;G000534;539;Holistic twig joins: optimal XML pattern matching;N Bruno, N Koudas, D Srivastava;SIGMOD Conference;2002
DBLP;G000535;540;Workshop on Workflow Management in Scientific and Engineering Applications - Report;N/A;N/A;1997
DBLP;G000536;541;Statistical synopses for graph-structured XML databases;N Polyzotis, M Garofalakis;SIGMOD Conference;2002
DBLP;G000537;542;Industry Perspectives;L Seligman;SIGMOD Record;1997
DBLP;G000538;543;Virtual Database technology;A Gupta, V Harinarayan, A Rajaraman;SIGMOD Record;1997
DBLP;G000539;544;Minimal probing: supporting expensive predicates for top-k queries;K Chang, S Hwang;SIGMOD Conference;2002
DBLP;G000540;545;Chair's Message;N/A;N/A;1997
DBLP;G000541;546;Mining long sequential patterns in a noisy environment;J Yang, W Wang, P Yu, J Han;SIGMOD Conference;2002
DBLP;G000542;547;Quasi-Cubes: Exploiting Approximations in Multidimensional Databases;D Barbará, M Sullivan;SIGMOD Record;1997
DBLP;G000543;548;Selectivity estimation for spatio-temporal queries to moving objects;Y Choi, C Chung;SIGMOD Conference;2002
DBLP;G000544;549;OGDI: Toward Interoperability among Geospatial Databases;G Clement, C Larouche, D Gouin, P Morin, H Kucera;SIGMOD Record;1997
DBLP;G000545;550;Wavelet synopses with error guarantees;M Garofalakis, P Gibbons;SIGMOD Conference;2002
DBLP;G000546;551;Garlic: a new flavor of federated query processing for DB2;V Josifovski, P Schwarz, L Haas, E Lin;SIGMOD Conference;2002
DBLP;G000547;552;Report on DART '96: Databases: Active and Real-Time (Concepts meet Practice);N/A;N/A;1997
DBLP;G000548;553;Quadtree and R-tree indexes in oracle spatial: a comparison using GIS data;K Kanth, S Ravada, D Abugov;SIGMOD Conference;2002
DBLP;G000549;554;A Query Language for a Web-Site Management System;M Fernandez, D Florescu, A Levy, D Suciu;SIGMOD Record;1997
DBLP;G000550;555;An Extended Entity-Relationship Model for Geographic Applications;T Hadzilacos, N Tryfona;SIGMOD Record;1997
DBLP;G000551;556;The SDSS skyserver: public access to the sloan digital sky server data;A Szalay, J Gray, A Thakar, P Kunszt, T Malik, J Raddick, C Stoughton, J vandenBerg;SIGMOD Conference;2002
DBLP;G000552;557;TPC-DS, taking decision support benchmarking to the next level;M Pöss, B Smith, L Kollár, P Larson;SIGMOD Conference;2002
DBLP;G000553;558;Asserting Beliefs in MLS Relational Models;N Jukic, S Vrbsky;SIGMOD Record;1997
DBLP;G000554;559;Database Systems - Breaking Out of the Box;A Silberschatz, S Zdonik;SIGMOD Record;1997
DBLP;G000555;560;Mid-tier caching: the TimesTen approach;T Team;SIGMOD Conference;2002
DBLP;G000556;561;Web caching for database applications with Oracle Web Cache;J Anton, L Jacobs, X Liu, J Parker, Z Zeng, T Zhong;SIGMOD Conference;2002
DBLP;G000557;562;Converting Relational to Object-Oriented Databases;J Fong;SIGMOD Record;1997
DBLP;G000558;563;Extraction of Object-Oriented Structures from Existing Relational Databases;S Ramanathan, J Hodges;SIGMOD Record;1997
DBLP;G000559;564;Middle-tier database caching for e-business;Q Luo, S Krishnamurthy, C Mohan, H Pirahesh, H Woo, B Lindsay, J Naughton;SIGMOD Conference;2002
DBLP;G000560;565;Learning table access cardinalities with LEO;V Markl, G Lohman;SIGMOD Conference;2002
DBLP;G000561;566;An Overview of Data Warehousing and OLAP Technology;S Chaudhuri, U Dayal;SIGMOD Record;1997
DBLP;G000562;567;Rainbow: mapping-driven XQuery processing system;X Zhang, M Mulchandani, S Christ, B Murphy, E Rundensteiner;SIGMOD Conference;2002
DBLP;G000563;568;Editor's Notes;N/A;N/A;1997
DBLP;G000564;569;The XXL search engine: ranked retrieval of XML data using indexes and ontologies;A Theobald, G Weikum;SIGMOD Conference;2002
DBLP;G000565;570;Lore: A Database Management System for Semistructured Data;J McHugh, S Abiteboul, R Goldman, D Quass, J Widom;SIGMOD Record;1997
DBLP;G000566;571;Research in Databases and Data-Intensive Applications - Computer Science Department and FZI, University of Karlsruhe;B König-Ries, P Lockemann;SIGMOD Record;1997
DBLP;G000567;572;ToXgene: a template-based data generator for XML;D Barbosa, A Mendelzon, J Keenleyside, K Lyons;SIGMOD Conference;2002
DBLP;G000568;573;Visual COKO: a debugger for query optimizer development;D Abadi, M Cherniack;SIGMOD Conference;2002
DBLP;G000569;574;Data Management for Earth System Science;J Frew, J Dozier;SIGMOD Record;1997
DBLP;G000570;575;XCache: a semantic caching system for XML queries;L Chen, E Rundensteiner, S Wang;SIGMOD Conference;2002
DBLP;G000571;576;\A Consumer Viewpoint on \"\"Mediator Languages - a Proposal for a Standard\"\"\"";A Rosenthal, E Hughes, S Renner, L Seligman;SIGMOD Record;1997
DBLP;G000572;577;XmdvTool: visual interactive data exploration and trend discovery of high-dimensional data sets;E Rundensteiner, M Ward, J Yang, P Doshi;SIGMOD Conference;2002
DBLP;G000573;578;WebDB '98: International Workshop on the Web and Databases;N/A;N/A;1998
DBLP;G000574;579;XBase: making your gigabyte disk queriable;H Lu, G Wang, G Yu, Y Bao, J Lv, Y Yu;SIGMOD Conference;2002
DBLP;G000575;580;Chair's Message;N/A;N/A;1998
DBLP;G000576;581;Database Research at Columbia University;S Chang, L Gravano, G Kaiser, K Ross, S Stolfo;SIGMOD Record;1998
DBLP;G000577;582;XL: a platform for web services;D Florescu, A Grünhagen, D Kossmann, S Rost;SIGMOD Conference;2002
DBLP;G000578;583;RoadRunner: automatic data extraction from data-intensive web sites;V Crescenzi, G Mecca, P Merialdo;SIGMOD Conference;2002
DBLP;G000579;584;Database Techniques for the World-Wide Web: A Survey;D Florescu, A Levy, A Mendelzon;SIGMOD Record;1998
DBLP;G000580;585;A Case for Intelligent Disks (IDISKs);K Keeton, D Patterson, J Hellerstein;SIGMOD Record;1998
DBLP;G000581;586;Software as a service: ASP and ASP aggregation;N/A;N/A;2002
DBLP;G000582;587;Tutorial: application servers and associated technologies;N/A;N/A;2002
DBLP;G000583;588;B-tree Page Size When Caching is Considered;D Lomet;SIGMOD Record;1998
DBLP;G000584;589;Algebraic Change Propagation for Semijoin and Outerjoin Queries;T Griffin, B Kumar;SIGMOD Record;1998
DBLP;G000585;590;Querying and mining data streams: you only get one look a tutorial;N/A;N/A;2002
DBLP;G000586;591;Enhanced Nearest Neighbour Search on the R-tree;K Cheung, A Fu;SIGMOD Record;1998
DBLP;G000587;592;Implementing XQuery;P Cotton;SIGMOD Conference;2002
DBLP;G000588;593;Data Bubbles: Quality Preserving Performance Boosting for Hierarchical Clustering;M Breunig, H Kriegel, P Kröger, J Sander;SIGMOD Conference;2001
DBLP;G000589;594;An Extensible Notation for Spatiotemporal Index Queries;V Tsotras, C Jensen, R Snodgrass;SIGMOD Record;1998
DBLP;G000590;595;Applications of the JAVA Programming Language to Database Management;B Burton, V Marek;SIGMOD Record;1998
DBLP;G000591;596;Bit-Sliced Index Arithmetic;D Rinfret, P O'Neil, E O'Neil;SIGMOD Conference;2001
DBLP;G000592;597;A Robust, Optimization-Based Approach for Approximate Answering of Aggregate Queries;S Chaudhuri, G Das, V Narasayya;SIGMOD Conference;2001
DBLP;G000593;598;Editor's Notes;M Franklin;SIGMOD Record;1998
DBLP;G000594;599;Adaptable Query Optimization and Evaluation in Temporal Middleware;G Slivinskas, C Jensen, R Snodgrass;SIGMOD Conference;2001
DBLP;G000595;600;The Microsoft Database Research Group;D Lomet, R Barga, S Chaudhuri, P Larson, V Narasayya;SIGMOD Record;1998
DBLP;G000596;601;Standards in Practice;A Eisenberg, J Melton;SIGMOD Record;1998
DBLP;G000597;602;Epsilon Grid Order: An Algorithm for the Similarity Join on Massive High-Dimensional Data;C Böhm, B Braunmüller, F Krebs, H Kriegel;SIGMOD Conference;2001
DBLP;G000598;603;DyDa: Data Warehouse Maintenance in Fully Concurrent Environments;J Chen, X Zhang, S Chen, A Koeller, E Rundensteiner;SIGMOD Conference;2001
DBLP;G000599;604;The TriGS Active Object-Oriented Database System - An Overview;G Kappel, W Retschitzegger;SIGMOD Record;1998
DBLP;G000600;605;Experiences in Mining Aviation Safety Data;Z Nazeri, E Bloedorn, P Ostwald;SIGMOD Conference;2001
DBLP;G000601;606;Reminiscences on Influential Papers;N/A;N/A;1998
DBLP;G000602;607;KRDB '98: The 5th International Workshop on Knowledge Representation Meets Databases;N/A;N/A;1998
DBLP;G000603;608;Global Optimization of Histograms;H Jagadish, H Jin, B Ooi, K Tan;SIGMOD Conference;2001
DBLP;G000604;609;Unbundling Active Functionality;S Gatziu, A Koschel, G Bültzingsloewen, H Fritschi;SIGMOD Record;1998
DBLP;G000605;610;Dynamic Buffer Allocation in Video-on-Demand Systems;S Lee, K Whang, Y Moon, I Song;SIGMOD Conference;2001
DBLP;G000606;611;DNA-Miner: A System Prototype for Mining DNA Sequences;J Han, H Jamil, Y Lu, L Chen, Y Liao, J Pei;SIGMOD Conference;2001
DBLP;G000607;612;Mining Fuzzy Association Rules in Databases;C Kuok, A Fu, M Wong;SIGMOD Record;1998
DBLP;G000608;613;Dynamic Content Acceleration: A Caching Solution to Enable Scalable Dynamic Web Page Generation;A Datta, K Dutta, K Ramamritham, H Thomas, D VanderMeer;SIGMOD Conference;2001
DBLP;G000609;614;Predator: A Resource for Database Research;P Seshadri;SIGMOD Record;1998
DBLP;G000610;615;Materialized Views and Data Warehouses;N Roussopoulos;SIGMOD Record;1998
DBLP;G000611;616;Clio: A Semi-Automatic Tool For Schema Mapping;M Hernández, R Miller, L Haas;SIGMOD Conference;2001
DBLP;G000612;617;Workshop Report on Experiences Using Object Data Management in the Real-World;N/A;N/A;1998
DBLP;G000613;618;Efficient Evaluation of XML Middle-ware Queries;M Fernandez, A Morishima, D Suciu;SIGMOD Conference;2001
DBLP;G000614;619;Enabling Dynamic Content Caching for Database-Driven Web Sites;K Candan, W Li, Q Luo, W Hsiung, D Agrawal;SIGMOD Conference;2001
DBLP;G000615;620;Report on the Second IEEE Metadata Conference (Metadata '97);N/A;N/A;1998
DBLP;G000616;621;COSIMA - Your Smart, Speaking E-Salesperson;W Kießling, S Holland, S 0003, T Ehm;SIGMOD Conference;2001
DBLP;G000617;622;Chair's Message;N/A;N/A;1998
DBLP;G000618;623;Information Director's Message;N/A;N/A;1998
DBLP;G000619;624;Data-Driven Understanding and Refinement of Schema Mappings;L Yan, R Miller, L Haas, R Fagin;SIGMOD Conference;2001
DBLP;G000620;625;Towards On-Line Analytical Mining in Large Databases;J Han;SIGMOD Record;1998
DBLP;G000621;626;Efficient Computation of Iceberg Cubes with Complex Measures;J Han, J Pei, G Dong, K Wang;SIGMOD Conference;2001
DBLP;G000622;627;Catalog Management in Websphere Commerce Suite;T Maguire;SIGMOD Conference;2001
DBLP;G000623;628;Editor's Notes;M Franklin;SIGMOD Record;1997
DBLP;G000624;629;Where Will Object Techonology Drive Data Administration?;A Rosenthal;SIGMOD Record;1998
DBLP;G000625;630;Automatic Segmentation of Text into Structured Records;V Borkar, K Deshmukh, S Sarawagi;SIGMOD Conference;2001
DBLP;G000626;631;Communication Efficient Distributed Mining of Association Rules;A Schuster, R Wolff;SIGMOD Conference;2001
DBLP;G000627;632;Repositories and Object Oriented Databases;P Bernstein;SIGMOD Record;1998
DBLP;G000628;633;Workflow History Management;P Koksal, S Arpinar, A Dogac;SIGMOD Record;1998
DBLP;G000629;634;Adaptive Precision Setting for Cached Approximate Values;C Olston, B Loo, J Widom;SIGMOD Conference;2001
DBLP;G000630;635;Towards a Richer Web Object Model;F Manola;SIGMOD Record;1998
DBLP;G000631;636;Fast-Start: Quick Fault Recovery in Oracle;T Lahiri, A Ganesh, R Weiss, A Joshi;SIGMOD Conference;2001
DBLP;G000632;637;Reminiscences on Influential Papers;N/A;N/A;1998
DBLP;G000633;638;Exploiting Constraint-Like Data Characterizations in Query Optimization;P Godfrey, J Gryz, C Zuzarte;SIGMOD Conference;2001
DBLP;G000634;639;Filtering Algorithms and Implementation for Very Fast Publish/Subscribe;F Fabret, H Jacobsen, F Llirbat, J Pereira, K Ross, D Shasha;SIGMOD Conference;2001
DBLP;G000635;640;T2: A Customizable Parallel Database for Multi-Dimensional Data;C Chang, A Acharya, A Sussman, J Saltz;SIGMOD Record;1998
DBLP;G000636;641;OminiSearch: A Method for Searching Dynamic Content on the Web;D Buttler, L Liu, C Pu, H Paques;SIGMOD Conference;2001
DBLP;G000637;642;ACT-NET - The Active Database Management System Manifesto: A Rulebase of ADBMS Features;N/A;SIGMOD Record;1996
DBLP;G000638;643;Control Strategies for Complex Relational Query Processing in Shared Nothing Systems;L Brunie, H Kosch;SIGMOD Record;1996
DBLP;G000639;644;Generating Efficient Plans for Queries Using Views;F Afrati, C Li, J Ullman;SIGMOD Conference;2001
DBLP;G000640;645;MPEG-7 Standard for Multimedia Databases;N/A;N/A;2001
DBLP;G000641;646;On the Cost of Monitoring and Reorganization of Object Bases for Clustering;C Gerlhof, A Kemper, G Moerkotte;SIGMOD Record;1996
DBLP;G000642;647;Modeling High-Dimensional Index Structures using Sampling;C Lang, A Singh;SIGMOD Conference;2001
DBLP;G000643;648;Much Ado About Shared-Nothing;M Norman, T Zurek, P Thanisch;SIGMOD Record;1996
DBLP;G000644;649;Report on First International Workshop on Real-Time Database Systems;N/A;N/A;1996
DBLP;G000645;650;Data Management: Lasting Impact of the Wild, Wild, Web;R Meseck;SIGMOD Conference;2001
DBLP;G000646;651;Dissemination of Dynamic Data;P Deolasee, A Katkar, A Panchbudhe, K Ramamritham, P Shenoy;SIGMOD Conference;2001
DBLP;G000647;652;Open Issues in Parallel Query Optimization;W Hasan, D Florescu, P Valduriez;SIGMOD Record;1996
DBLP;G000648;653;Content Integration for E-Business;M Stonebraker, J Hellerstein;SIGMOD Conference;2001
DBLP;G000649;654;Middle East Technical University Software Research and Development Center;A Dogac;SIGMOD Record;1996
DBLP;G000650;655;Fault-tolerant, Load-balancing Queries in Telegraph;M Shah, S Chandrasekaran;SIGMOD Conference;2001
DBLP;G000651;656;The BeSS Object Storage Manager: Architecture Overview;A Biliris, E Panagos;SIGMOD Record;1996
DBLP;G000652;657;UniSQL's Next-Generation Object-Relational Database Management System;A D'Andrea, P Janus;SIGMOD Record;1996
DBLP;G000653;658;Online Query Processing;N/A;N/A;2001
DBLP;G000654;659;OLAP, Relational, and Multidimensional Database Systems;G Colliat;SIGMOD Record;1996
DBLP;G000655;660;XML Data Management Go Native or Spruce up Relational Systems? (Panel Abstract);P Larson;SIGMOD Conference;2001
DBLP;G000656;661;Editor's Notes;J Widom;SIGMOD Record;1996
DBLP;G000657;662;Semantic B2B Integration;N/A;N/A;2001
DBLP;G000658;663;Scientist's Called Upon to Take Actions;X Qian;SIGMOD Record;1996
DBLP;G000659;664;Optimizing Queries Using Materialized Views: A practical, scalable solution;J Goldstein, P Larson;SIGMOD Conference;2001
DBLP;G000660;665;Exploiting Main Memory DBMS Features to Improve Real-Time Concurrency Control Protocols;Ö Ulusoy, A Buchmann;SIGMOD Record;1996
DBLP;G000661;666;REVIEW: A Real Time Virtual Walkthrough System;L Shou, J Chionh, K Tan, Y Ruan, Z Huang;SIGMOD Conference;2001
DBLP;G000662;667;Advances in Real-Time Database Systems Research;A Bestavros;SIGMOD Record;1996
DBLP;G000663;668;Updating XML;I Tatarinov, Z Ives, A Halevy, D Weld;SIGMOD Conference;2001
DBLP;G000664;669;Materialized View Selection and Maintenance Using Multi-Query Optimization;H Mistry, P Roy, S Sudarshan, K Ramamritham;SIGMOD Conference;2001
DBLP;G000665;670;DeeDS Towards a Distributed and Active Real-Time Database System;S Andler, J Hansson, J Eriksson, J Mellin, M Berndtsson, B Eftring;SIGMOD Record;1996
DBLP;G000666;671;Enhancing External Consistency in Real-Time Transactions;K Lin, S Peng;SIGMOD Record;1996
DBLP;G000667;672;Efficient and Tunable Similar Set Retrieval;A Gionis, D Gunopulos, N Koudas;SIGMOD Conference;2001
DBLP;G000668;673;Snowball: A Prototype System for Extracting Relations from Large Text Collections;E Agichtein, L Gravano, J Pavel, V Sokolova, A Voskoboynik;SIGMOD Conference;2001
DBLP;G000669;674;Database Research: Achievements and Opportunities Into the 21st Century;A Silberschatz, M Stonebraker, J Ullman;SIGMOD Record;1996
DBLP;G000670;675;Optimizing Multidimensional Index Trees for Main Memory Access;K Kim, S Cha, K Kwon;SIGMOD Conference;2001
DBLP;G000671;676;Database Research at the Indian Institute of Technology, Bombay;D Phatak, N Sarda, S Seshadri, S Sudarshan;SIGMOD Record;1996
DBLP;G000672;677;Integrating Temporal, Real-Time, and Active Databases;K Ramamritham, R Sivasankaran, J Stankovic, D Towsley, M Xiong;SIGMOD Record;1996
DBLP;G000673;678;Gangam - A Solution to Support Multiple Data Models, their Mappings and Maintenance;K Claypool, E Rundensteiner, X Zhang, H Su, H Kuno, W Lee, G Mitchell;SIGMOD Conference;2001
DBLP;G000674;679;Securing XML Documents: the Author-X Project Demonstration;E Bertino, S Castano, E Ferrari;SIGMOD Conference;2001
DBLP;G000675;680;Real-Time Index Concurrency Control;J Haritsa, S Seshadri;SIGMOD Record;1996
DBLP;G000676;681;Real-Time Database - Similarity Semantics and Resource Scheduling;T Kuo, A Mok;SIGMOD Record;1996
DBLP;G000677;682;SPARTAN: A Model-Based Semantic Compression System for Massive Data Tables;S Babu, M Garofalakis, R Rastogi;SIGMOD Conference;2001
DBLP;G000678;683;Improving Timeliness in Real-Time Secure Database Systems;S Son, R David, B Thuraisingham;SIGMOD Record;1996
DBLP;G000679;684;RETINA: A REal-time TraffIc NAvigation System;K Lam, E Chan, T Kuo, S Ng, D Hung;SIGMOD Conference;2001
DBLP;G000680;685;Overview of the STanford Real-time Information Processor (STRIP);B Adelberg, B Kao, H Garcia-Molina;SIGMOD Record;1996
DBLP;G000681;686;Space-Efficient Online Computation of Quantile Summaries;M Greenwald, S Khanna;SIGMOD Conference;2001
DBLP;G000682;687;The Nimble Integration Engine;D Draper, A Halevy, D Weld;SIGMOD Conference;2001
DBLP;G000683;688;Temporal Database Bibliography Update;V Tsotras, A Kumar;SIGMOD Record;1996
DBLP;G000684;689;Orthogonal Optimization of Subqueries and Aggregation;C Galindo-Legaria, M Joshi;SIGMOD Conference;2001
DBLP;G000685;690;Workshop Report: The First International Workshop on Active and Real-Time Database Systems (ARTDB-95);N/A;N/A;1996
DBLP;G000686;691;Independence is Good: Dependency-Based Histogram Synopses for High-Dimensional Data;A Deshpande, M Garofalakis, R Rastogi;SIGMOD Conference;2001
DBLP;G000687;692;Integrating Contents and Structure in Text Retrieval;R Baeza-Yates, G Navarro;SIGMOD Record;1996
DBLP;G000688;693;Lifestreams: A Storage Model for Personal Data;E Freeman, D Gelernter;SIGMOD Record;1996
DBLP;G000689;694;Progressive Approximate Aggregate Queries with a Multi-Resolution Tree Structure;I Lazaridis, S Mehrotra;SIGMOD Conference;2001
DBLP;G000690;695;Object Query Standards;A Wade;SIGMOD Record;1996
DBLP;G000691;696;STHoles: A Multidimensional Workload-Aware Histogram;N Bruno, S Chaudhuri, L Gravano;SIGMOD Conference;2001
DBLP;G000692;697;Database Research at Arizona State University;S Urban, S Dietrich, F Golshani;SIGMOD Record;1996
DBLP;G000693;698;Application Servers: Born-Again TP Monitors for the Web? (Panel Abstract);C Mohan;SIGMOD Conference;2001
DBLP;G000694;699;Illustra's Web DataBlade Module;J Gaffney;SIGMOD Record;1996
DBLP;G000695;700;Proxy-Server Architectures for OLAP;P Kalnis, D Papadias;SIGMOD Conference;2001
DBLP;G000696;701;MQSeries and CICS Link for Lotus Notes;N/A;SIGMOD Record;1996
DBLP;G000697;702;Efficient and Effective Metasearch for Text Databases Incorporating Linkages among Documents;C Yu, W Meng, W Wu, K Liu;SIGMOD Conference;2001
DBLP;G000698;703;Shutdown, Budget, and Funding;X Qian;SIGMOD Record;1996
DBLP;G000699;704;Query Optimization In Compressed Database Systems;Z Chen, J Gehrke, F Korn;SIGMOD Conference;2001
DBLP;G000700;705;WWW-UDK: A Web-based Environmental Meta-Information System;R Kramer, R Nikolai, A Koschel, C Rolker, P Lockemann, A Keitel, R Legat, K Zirm;SIGMOD Record;1997
DBLP;G000701;706;Main-Memory Index Structures with Fixed-Size Partial Keys;P Bohannon, P McIlroy, R Rastogi;SIGMOD Conference;2001
DBLP;G000702;707;Improving Access to Environmental Data Using Context Information;A Tomasic, E Simon;SIGMOD Record;1997
DBLP;G000703;708;The Network is the Database: Data Management for Highly Distributed Systems;J Navas, M Wynblatt;SIGMOD Conference;2001
DBLP;G000704;709;Integrating Modelling Systems for Environmental Management Information Systems;D Abel, K Taylor, D Kuo;SIGMOD Record;1997
DBLP;G000705;710;Outlier Detection for High Dimensional Data;C Aggarwal, P Yu;SIGMOD Conference;2001
DBLP;G000706;711;StorHouse Metanoia - New Applications for Database, Storage & Data Warehousing;F Cariño, P Kostamaa, A Kaufmann, J Burgess;SIGMOD Conference;2001
DBLP;G000707;712;Environment Information Systems - Guest Editor's Foreword;N/A;N/A;1997
DBLP;G000708;713;Min-Max Compression Methods for Medical Image Databases;K Karadimitriou, J Tyler;SIGMOD Record;1997
DBLP;G000709;714;On Supporting Containment Queries in Relational Database Management Systems;C Zhang, J Naughton, D DeWitt, Q Luo, G Lohman;SIGMOD Conference;2001
DBLP;G000710;715;Improving Index Performance through Prefetching;S Chen, P Gibbons, T Mowry;SIGMOD Conference;2001
DBLP;G000711;716;Mediator Languages - a Proposal for a Standard;P Buneman, L Raschid, J Ullman;SIGMOD Record;1997
DBLP;G000712;717;Materialized View and Index Selection Tool for Microsoft SQL Server 2000;S Agrawal, S Chaudhuri, V Narasayya;SIGMOD Conference;2001
DBLP;G000713;718;Open GIS and On-Line Environmental Libraries;K Gardels;SIGMOD Record;1997
DBLP;G000714;719;Management of Data and Services in the Environmental Information System (UIS) of Baden-Württemberg;W Riekert, R Mayer-Föll, G Wiest;SIGMOD Record;1997
DBLP;G000715;720;\Kweelt: More than just \"\"yet another framework to query XML!\"\"\"";A Sahuguet;SIGMOD Conference;2001
DBLP;G000716;721;Dynamic Information Visualization;Y Ioannidis;SIGMOD Record;1996
DBLP;G000717;722;Selectivity Estimation using Probabilistic Models;L Getoor, B Taskar, D Koller;SIGMOD Conference;2001
DBLP;G000718;723;A Response to R. Camps' Article ``Domains, Relations and Religious Wars'';C Date;SIGMOD Record;1996
DBLP;G000719;724;PREFER: A System for the Efficient Execution of Multi-parametric Ranked Queries;V Hristidis, N Koudas, Y Papakonstantinou;SIGMOD Conference;2001
DBLP;G000720;725;Opportunities in Information Management and Assurance;X Qian;SIGMOD Record;1997
DBLP;G000721;726;Mining Needle in a Haystack: Classifying Rare Classes via Two-phase Rule Induction;M Joshi, R Agarwal;SIGMOD Conference;2001
DBLP;G000722;727;Query Previews for Networked Information Systems: A Case Study with NASA Environmental Data;K Doan, C Plaisant, B Shneiderman, T Bruns;SIGMOD Record;1997
DBLP;G000723;728;Probe, Count, and Classify: Categorizing Hidden Web Databases;P Ipeirotis, L Gravano, M Sahami;SIGMOD Conference;2001
DBLP;G000724;729;Iceberg-cube computation with PC clusters;R Ng, A Wagner, Y Yin;SIGMOD Conference;2001
DBLP;G000725;730;An Orthogonally Persistent Java;M Atkinson, L Daynès, M Jordan, T Printezis, S Spence;SIGMOD Record;1996
DBLP;G000726;731;Reconciling Schemas of Disparate Data Sources: A Machine-Learning Approach;A Doan, P Domingos, A Halevy;SIGMOD Conference;2001
DBLP;G000727;732;3D Geographic Network Displays;K Cox, S Eick, T He;SIGMOD Record;1996
DBLP;G000728;733;Locally Adaptive Dimensionality Reduction for Indexing Large Time Series Databases;E Keogh, K Chakrabarti, S Mehrotra, M Pazzani;SIGMOD Conference;2001
DBLP;G000729;734;Applying database Visualization to the World Wide Web;M Hasan, A Mendelzon, D Vista;SIGMOD Record;1996
DBLP;G000730;735;A Framework for Information Visualisation;J Kennedy, K Mitchell, P Barclay;SIGMOD Record;1996
DBLP;G000731;736;Time Series Similarity Measures and Time Series Indexing;N/A;N/A;2001
DBLP;G000732;737;VQBD: Exploring Semistructured Data;S Chawathe, T Baby, J Yeo;SIGMOD Conference;2001
DBLP;G000733;738;The Aggregate Data Problem: A System for their Definition and Management;M Rafanelli, A Bezenchek, L Tininini;SIGMOD Record;1996
DBLP;G000734;739;Models and Languages for Describing and Discovering E-Services;N/A;N/A;2001
DBLP;G000735;740;Information Visualization, Guest Editors' Foreword;N/A;N/A;1996
DBLP;G000736;741;Lots o' Ticks: Real-Time High Performance Time Series Queries on Billions of Trades and Quotes;A Whitney, D Shasha;SIGMOD Conference;2001
DBLP;G000737;742;Editor's Notes;Jennifer Widom;SIGMOD Record;1996
DBLP;G000738;743;In Reply to Domains, relations and Religious Wars;H Darwen;SIGMOD Record;1996
DBLP;G000739;744;Spatial Data Management for Computer Aided Design;H Kriegel, A Müller, M Pötke, T Seidl;SIGMOD Conference;2001
DBLP;G000740;745;Monitoring Business Processes through Event Correlation based on Dependency Model;A Adi, D Botzer, O Etzion, T Yatzkar-Haham;SIGMOD Conference;2001
DBLP;G000741;746;Pixel-oriented Database Visualizations;D Keim;SIGMOD Record;1996
DBLP;G000742;747;Minimization of Tree Pattern Queries;S Amer-Yahia, S Cho, L Lakshmanan, D Srivastava;SIGMOD Conference;2001
DBLP;G000743;748;To Table or Not to Table: a Hypertabular Answer;G Santucci, L Tarantino;SIGMOD Record;1996
DBLP;G000744;749;Using the Golden Rule of Sampling for Query Estimation;Y Wu, D Agrawal, A Abbadi;SIGMOD Conference;2001
DBLP;G000745;750;Incremental data Structures and Algorithms for Dynamic Query Interfaces;E Tanin, R Beigel, B Shneiderman;SIGMOD Record;1996
DBLP;G000746;751;On Computing Correlated Aggregates Over Continual Data Streams;J Gehrke, F Korn, D Srivastava;SIGMOD Conference;2001
DBLP;G000747;752;Spotfire: An Information Exploration Environment;C Ahlberg;SIGMOD Record;1996
DBLP;G000748;753;New Standard for Stored Procedures in SQL;A Eisenberg;SIGMOD Record;1996
DBLP;G000749;754;Finding Generalized Projected Clusters In High Dimensional Spaces;C Aggarwal, P Yu;SIGMOD Conference;2000
DBLP;G000750;755;TCP-D - The Challenges, Issues and Results;R Bhashyam;SIGMOD Record;1996
DBLP;G000751;756;Density Biased Sampling: An Improved Method for Data Mining and Clustering;C Palmer, C Faloutsos;SIGMOD Conference;2000
DBLP;G000752;757;High Speed On-line Backup When Using Logical Log Operations;D Lomet;SIGMOD Conference;2000
DBLP;G000753;758;Report from the NSF Workshop on Workflow and Process Automation in Information Systems;N/A;N/A;1996
DBLP;G000754;759;The Mariposa Distributed Database Management System;J Sidell;SIGMOD Record;1996
DBLP;G000755;760;Efficient Resumption of Interrupted Warehouse Loads;W Labio, J Wiener, H Garcia-Molina, V Gorelik;SIGMOD Conference;2000
DBLP;G000756;761;Domains, Relations and Religious Wars;R Camps;SIGMOD Record;1996
DBLP;G000757;762;The Prototype of the DARE System;T Catarci, G Santucci;SIGMOD Conference;2001
DBLP;G000758;763;Guidelines for Presentation and Comparison of Indexing Techniques;J Zobel, A Moffat, K Ramamohanarao;SIGMOD Record;1996
DBLP;G000759;764;PBIR - Perception-Based Image Retrieval;E Chang, T Cheng, L Chang;SIGMOD Conference;2001
DBLP;G000760;765;Will Database Researchers Have ANY Role in Data Security? (Panel Abstract);A Rosenthal;SIGMOD Conference;2001
DBLP;G000761;766;New Programs at DARPA and NSF;X Qian;SIGMOD Record;1996
DBLP;G000762;767;Monitoring XML Data on the Web;B Nguyen, S Abiteboul, G Cobena, M Preda;SIGMOD Conference;2001
DBLP;G000763;768;Editor's Notes;J Widom;SIGMOD Record;1996
DBLP;G000764;769;Finding Replicated Web Collections;J Cho, N Shivakumar, H Garcia-Molina;SIGMOD Conference;2000
DBLP;G000765;770;A Comparison of Three User Interfaces to Relational Microcomputer Data Bases;C Medsker, M Christensen, I Song;SIGMOD Record;1995
DBLP;G000766;771;Efficient and Cost-effective Techniques for Browsing and Indexing Large Video Databases;J Oh, K Hua;SIGMOD Conference;2000
DBLP;G000767;772;Editor's (Farewell) Notes;N/A;N/A;1995
DBLP;G000768;773;Efficient Algorithms for Mining Outliers from Large Data Sets;S Ramaswamy, R Rastogi, K Shim;SIGMOD Conference;2000
DBLP;G000769;774;Implementation Aspects of an Object-Oriented DBMS;A Dogac, M Altinel, C Ozkan, I Durusoy;SIGMOD Record;1995
DBLP;G000770;775;HODFA: An Architectural Framework for Homogenizing Heterogeneous Legacy Database;K Karlapalem, Q Li, C Shum;SIGMOD Record;1995
DBLP;G000771;776;Designing and Mining Multi-Terabyte Astronomy Archives: The Sloan Digital Sky Survey;A Szalay, P Kunszt, A Thakar, J Gray, D Slutz;SIGMOD Conference;2000
DBLP;G000772;777;Approximating Multi-Dimensional Aggregate Range Queries over Real Attributes;D Gunopulos, G Kollios, V Tsotras, C Domeniconi;SIGMOD Conference;2000
DBLP;G000773;778;A Close Look at the IFO Data Model;M Hanna;SIGMOD Record;1995
DBLP;G000774;779;An Annotated Bibliography of Benchmarks for Object Databases;A Chaudhri;SIGMOD Record;1995
DBLP;G000775;780;Congressional Samples for Approximate Answering of Group-By Queries;S Acharya, P Gibbons, V Poosala;SIGMOD Conference;2000
DBLP;G000776;781;Counting, Enumerating, and Sampling of Execution Plans in a Cost-Based Query Optimizer;F Waas, C Galindo-Legaria;SIGMOD Conference;2000
DBLP;G000777;782;An Annotated Bibliography on Active Databases;U Jaeger, J Freytag;SIGMOD Record;1995
DBLP;G000778;783;Benchmarking Queries over Trees: Learning the Hard Truth the Hard Way;F Wattez, S Cluet, V Benzaken, G Ferran, C Fiegel;SIGMOD Conference;2000
DBLP;G000779;784;ACM Multimedia '94 Conference Workshop on Multimedia Database Management Systems;P Berra, K Nwosu, B Thuraisingham;SIGMOD Record;1995
DBLP;G000780;785;Answering Complex SQL Queries Using Automatic Summary Tables;M Zaharioudakis, R Cochrane, G Lapis, H Pirahesh, M Urata;SIGMOD Conference;2000
DBLP;G000781;786;Information Finding in a Digital Library: The Stanford Perspective;T Yan, H Garcia-Molina;SIGMOD Record;1995
DBLP;G000782;787;Turmoil at NASA, and Numerous Funding Announcements;X Qian;SIGMOD Record;1995
DBLP;G000783;788;Closest Pair Queries in Spatial Databases;A Corral, Y Manolopoulos, Y Theodoridis, M Vassilakopoulos;SIGMOD Conference;2000
DBLP;G000784;789;Efficient and Extensible Algorithms for Multi Query Optimization;P Roy, S Seshadri, S Sudarshan, S Bhobe;SIGMOD Conference;2000
DBLP;G000785;790;Why Decision Support Fails and How To Fix It;R Kimball, K Strehlo;SIGMOD Record;1995
DBLP;G000786;791;Application of OODB and SGML Techniques in Text Database: An Electronic Dictionary System;J Zhang;SIGMOD Record;1995
DBLP;G000787;792;Eddies: Continuously Adaptive Query Processing;R Avnur, J Hellerstein;SIGMOD Conference;2000
DBLP;G000788;793;Normalization in OODB Design;B Lee;SIGMOD Record;1995
DBLP;G000789;794;A Chase Too Far?;L Popa, A Deutsch, A Sahuguet, V Tannen;SIGMOD Conference;2000
DBLP;G000790;795;On the Issue of Valid Time(s) in Temporal Databases;S Kokkotos, E Ioannidis, T Panayiotopoulos, C Spyropoulos;SIGMOD Record;1995
DBLP;G000791;796;A Framework for Expressing and Combining Preferences;R Agrawal, E Wimmers;SIGMOD Conference;2000
DBLP;G000792;797;Addressing Techniques Used in Database Object Managers O2 and Orion;A Gamache, N Sahraoui;SIGMOD Record;1995
DBLP;G000793;798;A Data Model and Data Structures for Moving Objects Databases;L Forlizzi, R Güting, E Nardelli, M Schneider;SIGMOD Conference;2000
DBLP;G000794;799;METU Interoperable Database System;A Dogac, C Dengi, E Kilic, G Özhan, F Ozcan, S Nural, C Evrendilek, U Halici, I Arpinar, P Koksal, N Kesim, S Mancuhan;SIGMOD Record;1995
DBLP;G000795;800;Adaptive Multi-Stage Distance Join Processing;H Shin, B Moon, S Lee;SIGMOD Conference;2000
DBLP;G000796;801;AQR-Toolkit: An Adaptive Query Routing Middleware for Distributed Data Intensive Systems;L Liu, C Pu, D Buttler, W Han, H Paques, W Tang;SIGMOD Conference;2000
DBLP;G000797;802;Metadata for Digital Media: Introduction to the Special Issue;W Klas, A Sheth;SIGMOD Record;1994
DBLP;G000798;803;\Are the Terms \"\"Version\"\" and \"\"Variant\"\" Orthogonal to One Another? A Critical Assessment of the STEP Standardization\"";H Wedekind;SIGMOD Record;1994
DBLP;G000799;804;A Goal-driven Auto-Configuration Tool for the Distributed Workflow Management System Mentor-lite;M Gillmann, J Weißenfels, G Shegalov, W Wonner, G Weikum;SIGMOD Conference;2000
DBLP;G000800;805;Proceedings of the 2000 ACM SIGMOD International Conference on Management of Data, May 16-18, 2000, Dallas, Texas, USA;N/A;N/A;2000
DBLP;G000801;806;Metadata in Video Databases;R Jain, A Hampapur;SIGMOD Record;1994
DBLP;G000802;807;Metadata for Multimedia Documents;K Böhm, T Rakow;SIGMOD Record;1994
DBLP;G000803;808;DISIMA: A Distributed and Interoperable Image Database System;V Oria, M Özsu, P Iglinski, S Lin, B Yao;SIGMOD Conference;2000
DBLP;G000804;809;Data Mining on an OLTP System (Nearly) for Free;E Riedel, C Faloutsos, G Ganger, D Nagle;SIGMOD Conference;2000
DBLP;G000805;810;A New Join Algorithm;D Shin, A Meltzer;SIGMOD Record;1994
DBLP;G000806;811;Mining Frequent Patterns without Candidate Generation;J Han, J Pei, Y Yin;SIGMOD Conference;2000
DBLP;G000807;812;Data Modelling in the Large;M Bertram;SIGMOD Record;1994
DBLP;G000808;813;Editor's Notes and Erratum;N/A;N/A;1994
DBLP;G000809;814;On-line Reorganization in Object Databases;M Lakhamraju, R Rastogi, S Seshadri, S Sudarshan;SIGMOD Conference;2000
DBLP;G000810;815;Turbo-charging Vertical Mining of Large Databases;P Shenoy, J Haritsa, S Sudarshan, G Bhalotia, M Bawa, D Shah;SIGMOD Conference;2000
DBLP;G000811;816;A Metadatabase System for Semantic Image Search by a Mathematical Model of Meaning;Y Kiyoki, T Kitagawa, T Hayama;SIGMOD Record;1994
DBLP;G000812;817;Trade Press News;N/A;N/A;1995
DBLP;G000813;818;DLFM: A Transactional Resource Manager;H Hsiao, I Narang;SIGMOD Conference;2000
DBLP;G000814;819;The Database Group at University of Hagen (FernUniversitaet);G Schlageter, T Berkel, E Heuel, S Mittrach, A Scherer, W Wilkes;SIGMOD Record;1995
DBLP;G000815;820;Expressing Business Rules;R Ross;SIGMOD Conference;2000
DBLP;G000816;821;Anatomy of a Real E-Commerce System;A Jhingran;SIGMOD Conference;2000
DBLP;G000817;822;Calls for Papers and Announcements;N/A;SIGMOD Record;1995
DBLP;G000818;823;Handling Very Large Databases with Informix Extended Parallel Server;A Weininger;SIGMOD Conference;2000
DBLP;G000819;824;Political Winds Change Direction Again;X Qian;SIGMOD Record;1995
DBLP;G000820;825;Fact: A Learning Based Web Query Processing System;S Chen, Y Diao, H Lu, Z Tian;SIGMOD Conference;2000
DBLP;G000821;826;Implementing Deletion in B+-Trees;J Jannink;SIGMOD Record;1995
DBLP;G000822;827;Multigranularity Locking in Multiple Job Classes Transaction Processing System;S Ng, S Hung;SIGMOD Record;1995
DBLP;G000823;828;An Approximate Search Engine for Structural Databases;J Wang, X Wang, D Shasha, B Shapiro, K Zhang, X Zheng, Q Ma, Z Weinberg;SIGMOD Conference;2000
DBLP;G000824;829;Concept Based Design of Data Warehouses: The DWQ Demonstrators;M Jarke, C Quix, D Calvanese, M Lenzerini, E Franconi, S Ligoudistianos, P Vassiliadis, Y Vassiliou;SIGMOD Conference;2000
DBLP;G000825;830;Information Systems Research at RWTH Aachen;M Jarke;SIGMOD Record;1995
DBLP;G000826;831;AJAX: An Extensible Data Cleaning Tool;H Galhardas, D Florescu, D Shasha, E Simon;SIGMOD Conference;2000
DBLP;G000827;832;The Third Manifesto;H Darwen, C Date;SIGMOD Record;1995
DBLP;G000828;833;LH*RS: A High-Availability Scalable Distributed Data Structure using Reed Solomon Codes;W Litwin, T Schwarz;SIGMOD Conference;2000
DBLP;G000829;834;The Database Group at National Technical University of Athens (NTUA);T Sellis, Y Vassiliou;SIGMOD Record;1995
DBLP;G000830;835;Opportunities at ARPA, NSF, and Elsewhere;X Qian;SIGMOD Record;1995
DBLP;G000831;836;WSQ/DSQ: A Practical Approach for Combined Querying of Databases and the Web;R Goldman, J Widom;SIGMOD Conference;2000
DBLP;G000832;837;Parallelism and its Price: A Case Study of NonStop SQL/MP;S Englert, R Glasstone, W Hasan;SIGMOD Record;1995
DBLP;G000833;838;MOCHA: A Self-Extensible Database Middleware System for Distributed Data Sources;M Rodriguez-Martinez, N Roussopoulos;SIGMOD Conference;2000
DBLP;G000834;839;SQL/CLI - A New Binding Style for SQL;M Venkatrao, M Pizzo;SIGMOD Record;1995
DBLP;G000835;840;Towards Self-Tuning Data Placement in Parallel Database Systems;M Lee, M Kitsuregawa, B Ooi, K Tan, A Mondal;SIGMOD Conference;2000
DBLP;G000836;841;Report on The 1995 International Workshop on Temporal Databases;N/A;N/A;1995
DBLP;G000837;842;WebView Materialization;A Labrinidis, N Roussopoulos;SIGMOD Conference;2000
DBLP;G000838;843;Temporal Database System Implementations;M Böhlen;SIGMOD Record;1995
DBLP;G000839;844;NiagaraCQ: A Scalable Continuous Query System for Internet Databases;J Chen, D DeWitt, F Tian, Y Wang;SIGMOD Conference;2000
DBLP;G000840;845;View Maintenance in Mobile Computing;O Wolfson, A Sistla, S Dao, K Narayanan, R Raj;SIGMOD Record;1995
DBLP;G000841;846;TerraServer: A Spatial Data Warehouse;T Barclay, D Slutz, J Gray;SIGMOD Conference;2000
DBLP;G000842;847;Indexing the Positions of Continuously Moving Objects;S Saltenis, C Jensen, S Leutenegger, M Lopez;SIGMOD Conference;2000
DBLP;G000843;848;Managing Video Data in a Mobile Environment;R Alonso, Y Chang, L Iftode, V Mani;SIGMOD Record;1995
DBLP;G000844;849;How To Roll a Join: Asynchronous Incremental View Maintenance;K Salem, K Beyer, R Cochrane, B Lindsay;SIGMOD Conference;2000
DBLP;G000845;850;Mobile Computing and Databases: Anything New?;M Dunham, A Helal;SIGMOD Record;1995
DBLP;G000846;851;Wireless Client/Server Computing for Personal Information Services and Applications;A Elmagarmid, J Jing, T Furukawa;SIGMOD Record;1995
DBLP;G000847;852;On Wrapping Query Languages and Efficient XML Integration;V Christophides, S Cluet, J Siméon;SIGMOD Conference;2000
DBLP;G000848;853;Data and Knowledge Base Research at Hong Kong University of Science and Technology;P Drew, B Hamidzadeh, K Karlapalem, A Kean, D Lee, Q Li, F Lochovsky, C Shum, B Wüthrich;SIGMOD Record;1995
DBLP;G000849;854;LOF: Identifying Density-Based Local Outliers;M Breunig, H Kriegel, R Ng, J Sander;SIGMOD Conference;2000
DBLP;G000850;855;Synchronizing a Database to Improve Freshness;J Cho, H Garcia-Molina;SIGMOD Conference;2000
DBLP;G000851;856;From the Guest Editors - Special Section on Data Management Issues in Mobile Computing;M Dunham, A Helal;N/A;1995
DBLP;G000852;857;Digital Library Services in Mobile Computing;B Bhargava, M Annamalai, E Pitoura;SIGMOD Record;1995
DBLP;G000853;858;Spatial Join Selectivity Using Power Laws;C Faloutsos, B Seeger, A Traina, C Jr.;SIGMOD Conference;2000
DBLP;G000854;859;Influence Sets Based on Reverse Nearest Neighbor Queries;F Korn, S Muthukrishnan;SIGMOD Conference;2000
DBLP;G000855;860;An Annotated Bibliography on Real-Time Database Systems;Ö Ulusoy;SIGMOD Record;1995
DBLP;G000856;861;XMILL: An Efficient Compressor for XML Data;H Liefke, D Suciu;SIGMOD Conference;2000
DBLP;G000857;862;Editor's Notes;J Widom;SIGMOD Record;1995
DBLP;G000858;863;A Research Status Report on Adaptation for Mobile Data Access;B Noble, M Satyanarayanan;SIGMOD Record;1995
DBLP;G000859;864;XTRACT: A System for Extracting Document Type Descriptors from XML Documents;M Garofalakis, A Gionis, R Rastogi, S Seshadri, K Shim;SIGMOD Conference;2000
DBLP;G000860;865;Mapping Extended Entity Relationship Model to Object Modeling Technique;J Fong;SIGMOD Record;1995
DBLP;G000861;866;Application Architecture: 2Tier or 3Tier? What is DBMS's Role? (Panel Abstract);A Nori;SIGMOD Conference;2000
DBLP;G000862;867;Index Research: Forest or Trees? (Panel Abstract);J Hellerstein;SIGMOD Conference;2000
DBLP;G000863;868;Multi-Table Joins Through Bitmapped Join Indices;P O'Neil, G Graefe;SIGMOD Record;1995
DBLP;G000864;869;Optimizing Jan Jannink's Implementation of B+-tree Deletion;R Maelbrancke, H Olivie;SIGMOD Record;1995
DBLP;G000865;870;From Browsing to Interacting: DBMS Support for Responive Websites (Abstract);R Ramakrishnan;SIGMOD Conference;2000
DBLP;G000866;871;\Response to \"\"A Close Look at the IFO Data Model\"\"\"";S Abiteboul, R Hull;SIGMOD Record;1995
DBLP;G000867;872;SQLEM: Fast Clustering in SQL using the EM Algorithm;C Ordonez, P Cereghini;SIGMOD Conference;2000
DBLP;G000868;873;Tutorial: Data Access;N/A;N/A;2000
DBLP;G000869;874;Condition Handling in SQL Persistent Stored Modules;J Richey;SIGMOD Record;1995
DBLP;G000870;875;Data Management Research at The MITRE Corporation;A Rosenthal, L Seligman, C McCollum, B Blaustein, B Thuraisingham, E Lafferty;SIGMOD Record;1995
DBLP;G000871;876;Data Management in eCommerce: The Good, the Bad, and the Ugly;N/A;N/A;2000
DBLP;G000872;877;Tutorial: Designing an Ultra Highly Available DBMS;N/A;N/A;2000
DBLP;G000873;878;Florida International University High Performance Database Research Center;N Rishe, W Sun, D Barton, Y Deng, C Orji, M Alexopoulos, L Loureiro, C 0002, M Sanchez, A Shaposhnikov;SIGMOD Record;1995
DBLP;G000874;879;A Framework for Providing Consistent and Recoverable Agent-Based Access to Heterogeneous in Mobile Databases;E Pitoura, B Bhargava;SIGMOD Record;1995
DBLP;G000875;880;On XML and Databases: Where's the Beef? (Panel Abstract);M Carey;SIGMOD Conference;2000
DBLP;G000876;881;Making B+-Trees Cache Conscious in Main Memory;J Rao, K Ross;SIGMOD Conference;2000
DBLP;G000877;882;An Introduction to Remy's Fast Polymorphic Record Projection;L Wong;SIGMOD Record;1995
DBLP;G000878;883;An Aspect of Query Optimization in Multidatabase Systems (Extended Abstract);C Lee, C Chen, H Lu;SIGMOD Record;1995
DBLP;G000879;884;Privacy-Preserving Data Mining;R Agrawal, R Srikant;SIGMOD Conference;2000
DBLP;G000880;885;Design and User Testing of a Multi-Paradigm Query Interface to an Object-Oriented Database;D Doan, N Paton, A Kilgour;SIGMOD Record;1995
DBLP;G000881;886;On Effective Multi-Dimensional Indexing for Strings;H Jagadish, N Koudas, D Srivastava;SIGMOD Conference;2000
DBLP;G000882;887;Editor's Notes;J Widom;SIGMOD Record;1995
DBLP;G000883;888;The Onion Technique: Indexing for Linear Optimization Queries;Y Chang, L Bergman, V Castelli, C Li, M Lo, J Smith;SIGMOD Conference;2000
DBLP;G000884;889;Internet Traffic Warehouse;C Chen, M Cochinwala, C Petrone, M Pucci, S Samtani, P Santa, M Mesiti;SIGMOD Conference;2000
DBLP;G000885;890;Calls for Papers and Announcements;N/A;SIGMOD Record;1995
DBLP;G000886;891;Indexing Images in Oracle8i;M Annamalai, R Chopra, S DeFazio;SIGMOD Conference;2000
DBLP;G000887;892;The New Middleware;R Finkelstein;SIGMOD Record;1995
DBLP;G000888;893;Replication: DB2, Oracle, or Sybase?;D Stacey;SIGMOD Record;1995
DBLP;G000889;894;Online Index Rebuild;N Ponnekanti, H Kodavalla;SIGMOD Conference;2000
DBLP;G000890;895;Trade Press News;N/A;N/A;1995
DBLP;G000891;896;Maintenance of Automatic Summary Tables;W Lehner, R Sidle, H Pirahesh, R Cochrane;SIGMOD Conference;2000
DBLP;G000892;897;Trade Press News;N/A;N/A;1994
DBLP;G000893;898;Integrating Replacement Policies in StorM: An Extensible Approach;C Goh, B Ooi, S Bressan, K Tan;SIGMOD Conference;2000
DBLP;G000894;899;Progress on HPCC and NII;M Winslett;SIGMOD Record;1994
DBLP;G000895;900;The MLPQ/GIS Constraint Database System;P Revesz, R Chen, P Kanjamala, Y Li, Y Liu, Y Wang;SIGMOD Conference;2000
DBLP;G000896;901;Efficient Concurrency Control in Multidimensional Access Methods;K Chakrabarti, S Mehrotra;SIGMOD Conference;1999
DBLP;G000897;902;Analysis of predictive spatio-temporal queries;Y Tao, J Sun, D Papadias;ACM Trans. Database Syst.;2003
DBLP;G000898;903;Efficient dynamic mining of constrained frequent sets;L Lakshmanan, C Leung, R Ng;ACM Trans. Database Syst.;2003
DBLP;G000899;904;Fast Algorithms for Projected Clustering;C Aggarwal, C Procopiuc, J Wolf, P Yu, J Park;SIGMOD Conference;1999
DBLP;G000900;905;Image Mining in IRIS: Integrated Retinal Information System;W Hsu, M Lee, K Goh;SIGMOD Conference;2000
DBLP;G000901;906;Effective page refresh policies for Web crawlers;J Cho, H Garcia-Molina;ACM Trans. Database Syst.;2003
DBLP;G000902;907;Preference formulas in relational queries;J Chomicki;ACM Trans. Database Syst.;2003
DBLP;G000903;908;MOCHA: A Database Middleware System Featuring Automatic Deployment of Application-Specific Functionality;M Rodriguez-Martinez, N Roussopoulos, J McGann, S Kelley, V Katz, Z Song, J JáJá;SIGMOD Conference;2000
DBLP;G000904;909;TIP: A Temporal Extension to Informix;J Yang, H Ying, J Widom;SIGMOD Conference;2000
DBLP;G000905;910;Path sharing and predicate evaluation for high-performance XML filtering;Y Diao, M Altinel, M Franklin, H Zhang, P Fischer;ACM Trans. Database Syst.;2003
DBLP;G000906;911;SPIRE: A Progressive Content-Based Spatial Image Retrieval Engine;C Li, L Bergman, V Castelli, J Smith;SIGMOD Conference;2000
DBLP;G000907;912;Index-driven similarity search in metric spaces;G Hjaltason, H Samet;ACM Trans. Database Syst.;2003
DBLP;G000908;913;Homer: a Model-Based CASE Tool for Data-Intensive Web Sites;P Merialdo, P Atzeni, M Magnante, G Mecca, M Pecorone;SIGMOD Conference;2000
DBLP;G000909;914;Research Perspectives for Time Series Management Systems;W Dreyer, A Dittrich, D Schmidt;SIGMOD Record;1994
DBLP;G000910;915;Supporting Dynamic Displays Using Active Rules;O Díaz, A Jaime, N Paton, G al-Qaimari;SIGMOD Record;1994
DBLP;G000911;916;javax.XXL: A prototype for a Library of Query processing Algorithms;J Bercken, J Dittrich, B Seeger;SIGMOD Conference;2000
DBLP;G000912;917;Overview of the Special Section on Temporal Database Infrastructure;R Snodgrass;SIGMOD Record;1994
DBLP;G000913;918;i3: Intelligent, Interactive Investigaton of OLAP data cubes;S Sarawagi, G Sathe;SIGMOD Conference;2000
DBLP;G000914;919;Towards Data Mining Benchmarking: A Testbed for Performance Study of Frequent Pattern Mining;J Pei, R Mao, K Hu, H Zhu;SIGMOD Conference;2000
DBLP;G000915;920;Towards an Infrastructure for Temporal Databases: Report of an Invitational ARPA/NSF Workshop;N/A;N/A;1994
DBLP;G000916;921;Tutorial: LDAP Directory Services - Just Another Database Application?;N/A;N/A;2000
DBLP;G000917;922;TSQL2 Language Specification;R Snodgrass, I Ahn, G Ariav, D Batory, J Clifford, C Dyreson, R Elmasri, F Grandi, C Jensen, W Käfer, N Kline, K Kulkarni, T Leung, N Lorentzos, J Roddick, A Segev, M Soo, S Sripada;SIGMOD Record;1994
DBLP;G000918;923;Text Databases: A Survey of Text Models and Systems;A Loeffen;SIGMOD Record;1994
DBLP;G000919;924;Self-Organizing Data Sharing Communities with SAGRES;Z Ives, A Levy, J Madhavan, R Pottinger, S Saroiu, I Tatarinov, S Betzler, Q Chen, E Jaslikowska, J Su, W Yeung;SIGMOD Conference;2000
DBLP;G000920;925;The Database Research Group at ETH Zurich;M Norrie, S Blott, H Schek, G Weikum;SIGMOD Record;1994
DBLP;G000921;926;lambda-DB: An ODMG-Based Object-Oriented DBMS;L Fegaras, C Srinivasan, A Rajendran, D Maier;SIGMOD Conference;2000
DBLP;G000922;927;Influencing Database Language Standards;L Gallagher;SIGMOD Record;1994
DBLP;G000923;928;SERFing the Web: Web Site Management Made Easy;E Rundensteiner, K Claypool, L Chen, H Su, K Oenoki;SIGMOD Conference;2000
DBLP;G000924;929;Computing Capabilities of Mediators;R Yerneni, C Li, H Garcia-Molina, J Ullman;SIGMOD Conference;1999
DBLP;G000925;930;Understanding the global semantics of referential actions using logic rules;W May, B Ludäscher;ACM Trans. Database Syst.;2002
DBLP;G000926;931;Efficient Geometry-based Similarity Search of 3D Spatial Databases;D Keim;SIGMOD Conference;1999
DBLP;G000927;932;Adaptive algorithms for set containment joins;S Melnik, H Garcia-Molina;ACM Trans. Database Syst.;2003
DBLP;G000928;933;A Layered Architecture for Querying Dynamic Web Content;H Davulcu, J Freire, M Kifer, I Ramakrishnan;SIGMOD Conference;1999
DBLP;G000929;934;SilkRoute: A framework for publishing relational data in XML;M Fernandez, Y Kadiyska, D Suciu, A Morishima, W Tan;ACM Trans. Database Syst.;2002
DBLP;G000930;935;Searching in metric spaces with user-defined and approximate distances;P Ciaccia, M Patella;ACM Trans. Database Syst.;2002
DBLP;G000931;936;Automatic Discovery of Language Models for Text Databases;J Callan, M Connell, A Du;SIGMOD Conference;1999
DBLP;G000932;937;Bottom-Up Computation of Sparse and Iceberg CUBEs;K Beyer, R Ramakrishnan;SIGMOD Conference;1999
DBLP;G000933;938;Fast incremental maintenance of approximate histograms;P Gibbons, Y Matias, V Poosala;ACM Trans. Database Syst.;2002
DBLP;G000934;939;Client-Site Query Extensions;T Mayr, P Seshadri;SIGMOD Conference;1999
DBLP;G000935;940;Searching for dependencies at multiple abstraction levels;T Calders, R Ng, J Wijsen;ACM Trans. Database Syst.;2002
DBLP;G000936;941;A New Method for Similarity Indexing of Market Basket Data;C Aggarwal, J Wolf, P Yu;SIGMOD Conference;1999
DBLP;G000728;942;Locally adaptive dimensionality reduction for indexing large time series databases;K Chakrabarti, E Keogh, S Mehrotra, M Pazzani;ACM Trans. Database Syst.;2002
DBLP;G000937;943;Cost models for overlapping and multiversion structures;Y Tao, D Papadias, J Zhang;ACM Trans. Database Syst.;2002
DBLP;G000938;944;DynaMat: A Dynamic View Management System for Data Warehouses;Y Kotidis, N Roussopoulos;SIGMOD Conference;1999
DBLP;G000939;945;An Efficient Bitmap Encoding Scheme for Selection Queries;C Chan, Y Ioannidis;SIGMOD Conference;1999
DBLP;G000940;946;Iterative spatial join;E Jacox, H Samet;ACM Trans. Database Syst.;2003
DBLP;G000941;947;Approximate Computation of Multidimensional Aggregates of Sparse Data Using Wavelets;J Vitter, M Wang;SIGMOD Conference;1999
DBLP;G000942;948;Removing permissions in the flexible authorization framework;D Wijesekera, S Jajodia, F Parisi-Presicce, Å Hagström;ACM Trans. Database Syst.;2003
DBLP;G000943;949;An Adaptive Query Execution System for Data Integration;Z Ives, D Florescu, M Friedman, A Levy, D Weld;SIGMOD Conference;1999
DBLP;G000944;950;Spatial queries in dynamic environments;Y Tao, D Papadias;ACM Trans. Database Syst.;2003
DBLP;G000945;951;A Comparison of Selectivity Estimators for Range Queries on Metric Attributes;B Blohsfeld, D Korus, B Seeger;SIGMOD Conference;1999
DBLP;G000946;952;Are quorums an alternative for data replication?;R Jiménez-Peris, M Patiño-Martínez, G Alonso, B Kemme;ACM Trans. Database Syst.;2003
DBLP;G000947;953;Belief Reasoning in MLS Deductive Databases;H Jamil;SIGMOD Conference;1999
DBLP;G000948;954;On the computation of relational view complements;J Lechtenbörger, G Vossen;ACM Trans. Database Syst.;2003
DBLP;G000949;955;Discovering all most specific sentences;D Gunopulos, R Khardon, H Mannila, S Saluja, H Toivonen, R Sharm;ACM Trans. Database Syst.;2003
DBLP;G000950;956;Efficient Concurrency Control for Broadcast Environments;J Shanmugasundaram, A Nithrakashyap, R Sivasankaran, K Ramamritham;SIGMOD Conference;1999
DBLP;G000951;957;A simple algorithm for finding frequent elements in streams and bags;R Karp, S Shenker, C Papadimitriou;ACM Trans. Database Syst.;2003
DBLP;G000952;958;BOAT-Optimistic Decision Tree Construction;J Gehrke, V Ganti, R Ramakrishnan, W Loh;SIGMOD Conference;1999
DBLP;G000953;959;A Multimedia Presentation Algebra;S Adali, M Sapino, V Subrahmanian;SIGMOD Conference;1999
DBLP;G000954;960;Description logics for semantic query optimization in object-oriented database systems;D Beneventano, S Bergamaschi, C Sartori;ACM Trans. Database Syst.;2003
DBLP;G000955;961;Editor's Notes;A Segev;SIGMOD Record;1994
DBLP;G000956;962;A User-Centered Interface for Querying Distributed Multimedia Databases;I Cruz, K James;SIGMOD Conference;1999
DBLP;G000957;963;A TSQL2 Tutorial;nodgrass, I Ahn, G Ariav, D Batory, J Clifford, C Dyreson, R Elmasri, F Grandi, C Jensen, W Käfer, N Kline, K Kulkarni, T Leung, N Lorentzos, J Roddick, A Segev, M Soo, S Sripada;SIGMOD Record;1994
DBLP;G000958;964;Integration of Spatial Join Algorithms for Processing Multiple Inputs;N Mamoulis, D Papadias;SIGMOD Conference;1999
DBLP;G000959;965;Evolvable View Environment (EVE): Non-Equivalent View Maintenance under Schema Changes;E Rundensteiner, A Koeller, X Zhang, A Wyk, Y Li, A Lee, A Nica;SIGMOD Conference;1999
DBLP;G000960;966;Announcements from NSF, NASA, and Elsewhere;X Qian;SIGMOD Record;1994
DBLP;G000961;967;Calls for Papers / Announcements;N/A;SIGMOD Record;1994
DBLP;G000962;968;Exploratory Mining via Constrained Frequent Set Queries;R Ng, L Lakshmanan, J Han, T Mah;SIGMOD Conference;1999
DBLP;G000963;969;Research Issues in Databases for ARCS: Active Rapidly Changing Data Systems;A Datta;SIGMOD Record;1994
DBLP;G000964;970;DOMINO: Databases fOr MovINg Objects tracking;O Wolfson, A Sistla, B Xu, J Zhou, S Chamberlain;SIGMOD Conference;1999
DBLP;G000965;971;Database Patchwork on the Internet;R Braumandl, A Kemper, D Kossmann;SIGMOD Conference;1999
DBLP;G000966;972;How to Modify SQL Queries in Order to Guarantee Sure Answers;H Klein;SIGMOD Record;1994
DBLP;G000967;973;Database Research at NTHU and ITRI;A Chen;SIGMOD Record;1994
DBLP;G000968;974;An XML-based Wrapper Generator for Web Information Extraction;L Liu, W Han, D Buttler, C Pu, W Tang;SIGMOD Conference;1999
DBLP;G000969;975;Response to the March 1994 ODMG-93 Commentary Written by Dr. Won Kim of UniSQL, Inc;O Group;SIGMOD Record;1994
DBLP;G000970;976;DBIS-Toolkit: Adaptable Middleware for Large Scale Data Delivery;M Altinel, D Aksoy, T Baby, M Franklin, W Shapiro, S Zdonik;SIGMOD Conference;1999
DBLP;G000971;977;Daytona And The Fourth-Generation Language Cymbal;R Greer;SIGMOD Conference;1999
DBLP;G000972;978;Metadata for Integrating Speech Documents in a Text Retrieval System;U Glavitsch, P Schäuble, M Wechsler;SIGMOD Record;1994
DBLP;G000973;979;Metadata for Mixed-Media Access;F Chen, M Hearst, J Kupiec, J Pedersen, L Wilcox;SIGMOD Record;1994
DBLP;G000974;980;Data Integration and Warehousing in Telecom Italia;S Trisolini, M Lenzerini, D Nardi;SIGMOD Conference;1999
DBLP;G000975;981;SEQUOIA 2000 Metadata Schema for Satellite Images;J Anderson, M Stonebraker;SIGMOD Record;1994
DBLP;G000976;982;DataBlitz Storage Manager: Main Memory Database Performance for Critical Applications;J Baulier, P Bohannon, S Gogate, C Gupta, S Haldar, S Joshi, A Khivesera, H Korth, P McIlroy, J Miller, P Narayan, M Nemeth, R Rastogi, S Seshadri, A Silberschatz, S Sudarshan, M Wilder, C Wei;SIGMOD Conference;1999
DBLP;G000977;983;Using Metadata for the Intelligent Browsing of Structured Media Objects;W Grosky, F Fotouhi, I Sethi;SIGMOD Record;1994
DBLP;G000978;984;EMC Information Sharing: Direct Access to MVS Data from Unix and NT;W Kohler;SIGMOD Conference;1999
DBLP;G000979;985;Trade Press News - Announcement and Preface;N/A;N/A;1994
DBLP;G000980;986;Clustering Methods for Large Databases: From the Past to the Future;A Hinneburg, D Keim;SIGMOD Conference;1999
DBLP;G000981;987;Bringing Object-Relational Technology to Mainstream;V Krishnamurthy, S Banerjee, A Nori;SIGMOD Conference;1999
DBLP;G000982;988;Unix RDBMS: The Next Generation;B Rosneblatt;SIGMOD Record;1994
DBLP;G000983;989;Loading Databases Using Dataflow Parallelism;T Barclay, R Barnes, J Gray, P Sundaresan;SIGMOD Record;1994
DBLP;G000984;990;Data Management Issues in Electronic Commerce (Panel);M Özsu;SIGMOD Conference;1999
DBLP;G000985;991;A Database Perspective on Lotus Domino/Notes;C Mohan;SIGMOD Conference;1999
DBLP;G000986;992;Recent Design Trade-offs in SQL3;N Mattos, L DeMichiel;SIGMOD Record;1994
DBLP;G000987;993;Query Optimization in the Presence of Limited Access Patterns;D Florescu, A Levy, I Manolescu, D Suciu;SIGMOD Conference;1999
DBLP;G000988;994;A Consensus Glossary of Temporal Database Concepts;C Jensen, J Clifford, R Elmasri, S Gadia, P Hayes, S Jajodia;SIGMOD Record;1994
DBLP;G000989;995;Ripple Joins for Online Aggregation;P Haas, J Hellerstein;SIGMOD Conference;1999
DBLP;G000990;996;Constructing the Next 100 Database Management Systems;A Geppert, K Dittrich;SIGMOD Record;1994
DBLP;G000991;997;Join Synopses for Approximate Query Answering;S Acharya, P Gibbons, V Poosala, S Ramaswamy;SIGMOD Conference;1999
DBLP;G000992;998;A Hypertext Query Language for Images;L Yang;SIGMOD Record;1994
DBLP;G000993;999;On Random Sampling over Joins;S Chaudhuri, R Motwani, V Narasayya;SIGMOD Conference;1999
DBLP;G000994;1000;Editor's Notes;A Segev;SIGMOD Record;1994
DBLP;G000995;1001;Random Sampling Techniques for Space Efficient Online Computation of Order Statistics of Large Datasets;G Manku, S Rajagopalan, B Lindsay;SIGMOD Conference;1999
DBLP;G000996;1002;Observations on the ODMG-93 Proposal;W Kim;SIGMOD Record;1994
DBLP;G000997;1003;In Memory of Bob Kooi (1951-1993);N/A;N/A;1994
DBLP;G000998;1004;Query Optimization for Selections Using Bitmaps;M Wu;SIGMOD Conference;1999
DBLP;G000999;1005;Multi-dimensional Selectivity Estimation Using Compressed Histogram Information;J Lee, D Kim, C Chung;SIGMOD Conference;1999
DBLP;G001000;1006;Databases for GIS;C Medeiros, F Pires;SIGMOD Record;1994
DBLP;G001001;1007;Self-tuning Histograms: Building Histograms Without Looking at Data;A Aboulnaga, S Chaudhuri;SIGMOD Conference;1999
DBLP;G001002;1008;Comprehension Syntax;P Buneman, L Libkin, D Suciu, V Tannen, L Wong;SIGMOD Record;1994
DBLP;G001003;1009;Research Issues in Active Database Systems: Report from the Closing Panel at RIDE-ADS '94;J Widom;SIGMOD Record;1994
DBLP;G001004;1010;Optimization of Constrained Frequent Set Queries with 2-variable Constraints;L Lakshmanan, R Ng, J Han, A Pang;SIGMOD Conference;1999
DBLP;G001005;1011;The Impact of Database Research on Industrial Products (Panel Summary);D Barbará, J Blakeley, D Fishman, D Lomet, M Stonebraker;SIGMOD Record;1994
DBLP;G001006;1012;Online Association Rule Mining;C Hidber;SIGMOD Conference;1999
DBLP;G001007;1013;The TSQL2 Final Language Definition Announcement;N/A;SIGMOD Record;1994
DBLP;G001008;1014;Querying Network Directories;H Jagadish, L Lakshmanan, T Milo, D Srivastava, D Vista;SIGMOD Conference;1999
DBLP;G001009;1015;Performance Evaluation of a New Distributed Deadlock Detection Algorithm;C Yeung, S Hung, K Lam;SIGMOD Record;1994
DBLP;G001010;1016;Update Propagation Protocols For Replicated Databases;Y Breitbart, R Komondoor, R Rastogi, S Seshadri, A Silberschatz;SIGMOD Conference;1999
DBLP;G001011;1017;Logical Logging to Extend Recovery to New Domains;D Lomet, M Tuttle;SIGMOD Conference;1999
DBLP;G001012;1018;Calls for Papers / Announcements;N/A;SIGMOD Record;1994
DBLP;G001013;1019;Jumping on the NII Bandwagon;X Qian;SIGMOD Record;1994
DBLP;G001014;1020;OPTICS: Ordering Points To Identify the Clustering Structure;M Ankerst, M Breunig, H Kriegel, J Sander;SIGMOD Conference;1999
DBLP;G001015;1021;Trade Press News;N/A;N/A;1994
DBLP;G001016;1022;Snakes and Sandwiches: Optimal Clustering Strategies for a Data Warehouse;H Jagadish, L Lakshmanan, D Srivastava;SIGMOD Conference;1999
DBLP;G001017;1023;Selectivity Estimation in Spatial Databases;S Acharya, V Poosala, S Ramaswamy;SIGMOD Conference;1999
DBLP;G001018;1024;Medical Information Systems: Characterization and Challenges;J Ramirez, L Smith, L Peterson;SIGMOD Record;1994
DBLP;G001019;1025;In-Memory Data Management for Consumer Transactions The Times-Ten Approach;T Team;SIGMOD Conference;1999
DBLP;G001020;1026;Storage and Querying of E-Commerce Data;R Agrawal, A Somani, Y Xu;VLDB;2001
DBLP;G001021;1027;Improving Business Process Quality through Exception Understanding, Prediction, and Prevention;D Grigori, F Casati, U Dayal, M Shan;VLDB;2001
DBLP;G001022;1028;Microsoft Site Server (Commerce Edition);B Ojjeh;SIGMOD Conference;1999
DBLP;G001023;1029;E-Commerce Database Issues and Experience;A Rajaraman;SIGMOD Conference;1999
DBLP;G001024;1030;Weaving Relations for Cache Performance;A Ailamaki, D DeWitt, M Hill, M Skounakis;VLDB;2001
DBLP;G001025;1031;Versions and Workspaces in Microsoft Repository;T Bergstraesser, P Bernstein, S Pal, D Shutt;SIGMOD Conference;1999
DBLP;G001026;1032;Similarity Search for Adaptive Ellipsoid Queries Using Spatial Transformation;Y Sakurai, M Yoshikawa, R Kataoka, S Uemura;VLDB;2001
DBLP;G001027;1033;Self-similarity in the Web;S Dill, R Kumar, K McCurley, S Rajagopalan, D Sivakumar, A Tomkins;VLDB;2001
DBLP;G001028;1034;The Need for Distributed Asynchronous Transactions;L Do, P Ram, P Drew;SIGMOD Conference;1999
DBLP;G001029;1035;Surfing Wavelets on Streams: One-Pass Summaries for Approximate Aggregate Queries;A Gilbert, Y Kotidis, S Muthukrishnan, M Strauss;VLDB;2001
DBLP;G001030;1036;Improving OLTP Data Quality Using Data Warehouse Mechanisms;M Jarke, C Quix, G Blees, D Lehmann, G Michalk, S Striel;SIGMOD Conference;1999
DBLP;G001031;1037;RoadRunner: Towards Automatic Data Extraction from Large Web Sites;V Crescenzi, G Mecca, P Merialdo;VLDB;2001
DBLP;G001032;1038;Nodose Version 2.0;B Adelberg, M Denny;SIGMOD Conference;1999
DBLP;G001033;1039;Visual Web Information Extraction with Lixto;R Baumgartner, S Flesca, G Gottlob;VLDB;2001
DBLP;G001034;1040;Phoenix: Making Applications Robust;R Barga, D Lomet;SIGMOD Conference;1999
DBLP;G001035;1041;PowerBookmarks: A System for Personalizable Web Information Organization, Sharing, and Management;W Li, Q Vu, E Chang, D Agrawal, K Hirata, S Mukherjea, Y Wu, C Bufi, K Chang, Y Hara, R Ito, Y Kimura, K Shimazu, Y Saito;SIGMOD Conference;1999
DBLP;G001036;1042;NetCube: A Scalable Tool for Fast Data Mining and Compression;D Margaritis, C Faloutsos, S Thrun;VLDB;2001
DBLP;G001037;1043;Mining Multi-Dimensional Constrained Gradients in Data Cubes;G Dong, J Han, J Lam, J Pei, K Wang;VLDB;2001
DBLP;G001038;1044;SERF: ODMG-Based Generic Re-structuring Facility;E Rundensteiner, K Claypool, M Li, L Chen, X Zhang, C Natarajan, J Jin, S Lima, S Weiner;SIGMOD Conference;1999
DBLP;G001039;1045;TAM: A System for Dynamic Transactional Activity Management;T Zhou, L Liu, C Pu;SIGMOD Conference;1999
DBLP;G001040;1046;Indexing and Querying XML Data for Regular Path Expressions;Q Li, B Moon;VLDB;2001
DBLP;G001041;1047;Potter's Wheel: An Interactive Data Cleaning System;V Raman, J Hellerstein;VLDB;2001
DBLP;G001042;1048;The Aqua Approximate Query Answering System;S Acharya, P Gibbons, V Poosala, S Ramaswamy;SIGMOD Conference;1999
DBLP;G001043;1049;The CCUBE Constraint Object-Oriented Database System;A Brodsky, V Segal, J Chen, P Exarkhopoulo;SIGMOD Conference;1999
DBLP;G001044;1050;Query Engines for Web-Accessible XML Data;L Fegaras, R Elmasri;VLDB;2001
DBLP;G001045;1051;Querying XML Views of Relational Data;J Shanmugasundaram, J Kiernan, E Shekita, C Fan, J Funderburk;VLDB;2001
DBLP;G001046;1052;The Cornell Jaguar System: Adding Mobility to PREDATOR;P Bonnet, K Buza, Z Chen, V Cheng, R Chung, T Hickey, R Kennedy, D Mahashin, T Mayr, I Oprencak, P Seshadri, H Siu;SIGMOD Conference;1999
DBLP;G001047;1053;Views in a Large Scale XML Repository;S Cluet, P Veltri, D Vodislav;VLDB;2001
DBLP;G001048;1054;The Active MultiSync Controller of the Cubetree Storage Organization;N Roussopoulos, Y Kotidis, Y Sismanis;SIGMOD Conference;1999
DBLP;G001049;1055;Supporting Incremental Join Queries on Ranked Inputs;A Natsev, Y Chang, J Smith, C Li, J Vitter;VLDB;2001
DBLP;G001050;1056;The Jungle Database Search Engine;M Böhlen, L Bukauskas, C Dyreson;SIGMOD Conference;1999
DBLP;G001051;1057;Mind Your Vocabulary: Query Mapping Across Heterogeneous Information Sources;K Chang, H Garcia-Molina;SIGMOD Conference;1999
DBLP;G001052;1058;Developing an Indexing Scheme for XML Document Collection using the Oracle8i Extensibility Framework;S Sundara, Y Hu, T Chorma, N Agarwal, J Srinivasan;VLDB;2001
DBLP;G001053;1059;Cache Portal: Technology for Accelerating Database-driven e-commerce Web Sites;W Li, K Candan, W Hsiung, O Po, D Agrawal, Q Luo, W Huang, Y Akca, C Yilmaz;VLDB;2001
DBLP;G001054;1060;Query Processing Techniques for Arrays;A Marathe, K Salem;SIGMOD Conference;1999
DBLP;G001055;1061;WALRUS: A Similarity Retrieval Algorithm for Image Databases;A Natsev, R Rastogi, K Shim;SIGMOD Conference;1999
DBLP;G001056;1062;Flexible and scalable digital library search;H Blok, M Windhouwer, R Zwol, M Petkovic, P Apers, M Kersten, W Jonker;VLDB;2001
DBLP;G001057;1063;Functional Properties of Information Filtering;R Sawai, M Tsukamoto, Y Loh, T Terada, S Nishio;VLDB;2001
DBLP;G001058;1064;Shrinking the Warehouse Update Window;W Labio, R Yerneni, H Garcia-Molina;SIGMOD Conference;1999
DBLP;G001059;1065;Query Rewriting for Semistructured Data;Y Papakonstantinou, V Vassalos;SIGMOD Conference;1999
DBLP;G001060;1066;A Prototype Content-Based Retrieval System that Uses Virtual Images to Save Space;L Brown, L Gruenwald;VLDB;2001
DBLP;G001061;1067;DB2 Spatial Extender - Spatial data within the RDBMS;D Adler;VLDB;2001
DBLP;G001062;1068;Storing Semistructured Data with STORED;A Deutsch, M Fernandez, D Suciu;SIGMOD Conference;1999
DBLP;G001063;1069;AgFlow: Agent-based Cross-Enterprise Workflow Management System;L Zeng, B Benatallah, P Nguyen, A Ngu;VLDB;2001
DBLP;G001064;1070;``Honey, I Shrunk the DBMS'': Footprint, Mobility, and Beyond (Panel);P Seshadri;SIGMOD Conference;1999
DBLP;G001065;1071;ACTIVIEW: Adaptive data presentation using SuperSQL;Y Maeda, M Toyama;VLDB;2001
DBLP;G001066;1072;Record-Boundary Discovery in Web Documents;D Embley, Y Jiang, Y Ng;SIGMOD Conference;1999
DBLP;G001067;1073;LEO - DB2's LEarning Optimizer;M Stillger, G Lohman, V Markl, M Kandil;VLDB;2001
DBLP;G001068;1074;Petabyte Databases;N/A;N/A;1999
DBLP;G001069;1075;The Semantic Web Paving the Way to the Knowledge Society;P Sondag;VLDB;2001
DBLP;G001070;1076;Of Crawlers, Portals, Mice and Men: Is there more to Mining the Web? (Panel);M Garofalakis, S Ramaswamy, R Rastogi, K Shim;SIGMOD Conference;1999
DBLP;G001071;1077;Managing Web Data;N/A;N/A;1999
DBLP;G001072;1078;XXL - A Library Approach to Supporting Efficient Implementations of Advanced Database Queries;J Bercken, B Blohsfeld, J Dittrich, J Krämer, T Schäfer, M Schneider, B Seeger;VLDB;2001
DBLP;G001073;1079;Hypertext Databases and Data Mining;N/A;N/A;1999
DBLP;G001074;1080;User-Optimizer Communication using Abstract Plans in Sybase ASE;M Andrei, P Valduriez;VLDB;2001
DBLP;G001075;1081;Implementing the Spirit of SQL-99;P Brown;SIGMOD Conference;1999
DBLP;G001076;1082;Storage and Retrieval of XML Data Using Relational Databases;N/A;N/A;2001
DBLP;G001077;1083;O-O, What's Happening to DB2?;M Carey, D Chamberlin, S Narayanan, B Vance, D Doole, S Rielau, R Swagerman, N Mattos;SIGMOD Conference;1999
DBLP;G001078;1084;Information Management for Genome Level Bioinformatics;N/A;N/A;2001
DBLP;G001079;1085;Merge Replication in Microsoft's SQL Server 7.0;B Hammond;SIGMOD Conference;1999
DBLP;G001080;1086;Ambient Intelligence with the Ubiquitous Network, the Embedded Computer Devices and the Hidden Databases (abstract);E Sol;VLDB;2001
DBLP;G001081;1087;Indexing Medium-dimensionality Data in Oracle;K Kanth, S Ravada, J Sharma, J Banerjee;SIGMOD Conference;1999
DBLP;G001082;1088;Managing Business Processes via Workflow Technology;N/A;N/A;2001
DBLP;G001083;1089;Change-Centric Management of Versions in an XML Warehouse;A Marian, S Abiteboul, G Cobena, L Mignet;VLDB;2001
DBLP;G001084;1090;A Multi-Similarity Algebra;S Adali, P Bonatti, M Sapino, V Subrahmanian;SIGMOD Conference;1998
DBLP;G001085;1091;Catching the Boat with Strudel: Experiences with a Web-Site Management System;M Fernandez, D Florescu, J Kang, A Levy, D Suciu;SIGMOD Conference;1998
DBLP;G001086;1092;Estimating the Selectivity of XML Path Expressions for Internet Scale Applications;A Aboulnaga, A Alameldeen, J Naughton;VLDB;2001
DBLP;G001087;1093;Comparing Hybrid Peer-to-Peer Systems;B Yang, H Garcia-Molina;VLDB;2001
DBLP;G001088;1094;Bitmap Index Design and Evaluation;C Chan, Y Ioannidis;SIGMOD Conference;1998
DBLP;G001089;1095;Data Staging for On-Demand Broadcast;D Aksoy, M Franklin, S Zdonik;VLDB;2001
DBLP;G001090;1096;AutoAdmin 'What-if' Index Analysis Utility;S Chaudhuri, V Narasayya;SIGMOD Conference;1998
DBLP;G001091;1097;Dynamic Update Cube for Range-sum Queries;S Chun, C Chung, J Lee, S Lee;VLDB;2001
DBLP;G001092;1098;Are We Working On the Right Problems? (Panel);M Stonebraker;SIGMOD Conference;1998
DBLP;G001093;1099;Distinct Sampling for Highly-Accurate Answers to Distinct Values Queries and Event Reports;P Gibbons;VLDB;2001
DBLP;G001094;1100;Electronic Commerce: Tutorial;N Adam, Y Yesha;SIGMOD Conference;1998
DBLP;G001095;1101;Approximate Medians and other Quantiles in One Pass and with Limited Memory;G Manku, S Rajagopalan, B Lindsay;SIGMOD Conference;1998
DBLP;G001096;1102;Approximate String Joins in a Database (Almost) for Free;L Gravano, P Ipeirotis, H Jagadish, N Koudas, S Muthukrishnan, D Srivastava;VLDB;2001
DBLP;G001097;1103;Efficient and Transparent Application Recovery in Client-Server Information Systems;D Lomet, G Weikum;SIGMOD Conference;1998
DBLP;G001098;1104;Dynamic Pipeline Scheduling for Improving Interactive Query Performance;T Urhan, M Franklin;VLDB;2001
DBLP;G001099;1105;Aggregate Maintenance for Data Warehousing in Informix Red Brick Vista;C Bunker, L Colby, R Cole, W McKenna, G Mulagund, D Wilhite;VLDB;2001
DBLP;G001100;1106;Database Systems Management and Oracle8;C Doherty;SIGMOD Conference;1998
DBLP;G001101;1107;Data In Your Face: Push Technology in Perspective;M Franklin, S Zdonik;SIGMOD Conference;1998
DBLP;G001102;1108;Cache Fusion: Extending Shared-Disk Clusters with Shared Caches;T Lahiri, V Srihari, W Chan, N MacNaughton, S Chandrasekaran;VLDB;2001
DBLP;G001103;1109;High-Dimensional Index Structures, Database Support for Next Decade's Applications (Tutorial);S Berchtold, D Keim;SIGMOD Conference;1998
DBLP;G001104;1110;Architectures for Internal Web Services Deployment;O Shmueli;VLDB;2001
DBLP;G001105;1111;A Sequential Pattern Query Language for Supporting Instant Data Mining for e-Services;R Sadri, C Zaniolo, A Zarkesh, J Adibi;VLDB;2001
DBLP;G001106;1112;Enterprise Java Platform Data Access;S White, R Cattell, S Finkelstein;SIGMOD Conference;1998
DBLP;G001107;1113;FileNet Integrated Document Management Database Usage and Issues;D Whelan;SIGMOD Conference;1998
DBLP;G001108;1114;French government activity in the conservation of data and electronic documents;S Novaretti;VLDB;2001
DBLP;G001109;1115;Discovering Web Services: An Overview;V Draluk;VLDB;2001
DBLP;G001110;1116;Developing a High Traffic, Read-Only Web Site;J Nauman, R Suorsa;SIGMOD Conference;1998
DBLP;G001111;1117;50,000 Users on an Oracle8 Universal Server Database;T Lahiri, A Josji, A Jasuja, S Chatterjee;SIGMOD Conference;1998
DBLP;G001112;1118;Collaborative Analytical Processing - Dream or Reality? (Panel abstract);W O'Connell, A Witkowski, G Graefe;VLDB;2001
DBLP;G001113;1119;About Quark Digital Media System;K Aulakh;SIGMOD Conference;1998
DBLP;G001114;1120;Are Web Services the Next Revolution in e-Commerce? (Panel);S Tsur, S Abiteboul, R Agrawal, U Dayal, J Klein, G Weikum;VLDB;2001
DBLP;G001115;1121;Exploratory Mining and Pruning Optimizations of Constrained Association Rules;R Ng, L Lakshmanan, J Han, A Pang;SIGMOD Conference;1998
DBLP;G001116;1122;Efficient Management of Multiversion Documents by Object Referencing;S Chien, V Tsotras, C Zaniolo;VLDB;2001
DBLP;G001117;1123;Answering XML Queries on Heterogeneous Data Sources;I Manolescu, D Florescu, D Kossmann;VLDB;2001
DBLP;G001118;1124;XML-Based Information Mediation with MIX;C Baru, A Gupta, B Ludäscher, R Marciano, Y Papakonstantinou, P Velikhov, V Chu;SIGMOD Conference;1999
DBLP;G001119;1125;World Wide Database - Integrating the Web, CORBA, and Databases;A Bouguettaya, B Benatallah, L Hendra, J Beard, K Smith, M Ouzzani;SIGMOD Conference;1999
DBLP;G001120;1126;An Extendible Hash for Multi-Precision Similarity Querying of Image Databases;S Lin, M Özsu, V Oria, R Ng;VLDB;2001
DBLP;G001121;1127;Fast Evaluation Techniques for Complex Similarity Queries;K Böhm, M Mlivoncic, H Schek, R Weber;VLDB;2001
DBLP;G001122;1128;The WASA2 Object-Oriented Workflow Management System;G Vossen, M Weske;SIGMOD Conference;1999
DBLP;G001123;1129;FeedbackBypass: A New Approach to Interactive Similarity Query Processing;I Bartolini, P Ciaccia, F Waas;VLDB;2001
DBLP;G001124;1130;Automatic Subspace Clustering of High Dimensional Data for Data Mining Applications;R Agrawal, J Gehrke, D Gunopulos, P Raghavan;SIGMOD Conference;1998
DBLP;G001125;1131;Form-Based Proxy Caching for Database-Backed Web Sites;Q Luo, J Naughton;VLDB;2001
DBLP;G001126;1132;Efficiently Mining Long Patterns from Databases;R Jr.;SIGMOD Conference;1998
DBLP;G001127;1133;Cache-Conscious Concurrency Control of Main-Memory Indexes on Shared-Memory Multiprocessor Systems;S Cha, S Hwang, K Kim, K Kwon;VLDB;2001
DBLP;G001128;1134;CURE: An Efficient Clustering Algorithm for Large Databases;S Guha, R Rastogi, K Shim;SIGMOD Conference;1998
DBLP;G001129;1135;A Database Index to Large Biological Sequences;E Hunt, M Atkinson, R Irving;VLDB;2001
DBLP;G001130;1136;Changing the Rules: Transformations for Rule-Based Optimizers;M Cherniack, S Zdonik;SIGMOD Conference;1998
DBLP;G001131;1137;An Alternative Storage Organization for ROLAP Aggregate Views Based on Cubetrees;Y Kotidis, N Roussopoulos;SIGMOD Conference;1998
DBLP;G001132;1138;A Data Warehousing Architecture for Enabling Service Provisioning Process;Y Kotidis;VLDB;2001
DBLP;G001133;1139;Dimensionality Reduction for Similarity Searching in Dynamic Databases;K Kanth, D Agrawal, A Singh;SIGMOD Conference;1998
DBLP;G001134;1140;An Evaluation of Generic Bulk Loading Techniques;J Bercken, B Seeger;VLDB;2001
DBLP;G001135;1141;Analyzing energy behavior of spatial access methods for memory-resident data;N An, A Sivasubramaniam, N Vijaykrishnan, M Kandemir, M Irwin, S Gurumurthi;VLDB;2001
DBLP;G001136;1142;Cost Based Query Scrambling for Initial Delays;T Urhan, M Franklin, L Amsaleg;SIGMOD Conference;1998
DBLP;G001137;1143;Declarative Data Cleaning: Language, Model, and Algorithms;H Galhardas, D Florescu, D Shasha, E Simon, C Saita;VLDB;2001
DBLP;G001138;1144;Efficient Mid-Query Re-Optimization of Sub-Optimal Query Execution Plans;N Kabra, D DeWitt;SIGMOD Conference;1998
DBLP;G001139;1145;Cost-Based Optimization of Decision Support Queries Using Transient Views;S Subramanian, S Venkataraman;SIGMOD Conference;1998
DBLP;G001140;1146;Efficient Index Structures for String Databases;T Kahveci, A Singh;VLDB;2001
DBLP;G001141;1147;A Fast Index for Semistructured Data;B Cooper, N Sample, M Franklin, G Hjaltason, M Shadmon;VLDB;2001
DBLP;G001142;1148;Enhanced Hypertext Categorization Using Hyperlinks;S Chakrabarti, B Dom, P Indyk;SIGMOD Conference;1998
DBLP;G001143;1149;Extracting Schema from Semistructured Data;S Nestorov, S Abiteboul, R Motwani;SIGMOD Conference;1998
DBLP;G001144;1150;C2P: Clustering based on Closest Pairs;A Nanopoulos, Y Theodoridis, Y Manolopoulos;VLDB;2001
DBLP;G001145;1151;Caching Multidimensional Queries Using Chunks;P Deshpande, K Ramasamy, A Shukla, J Naughton;SIGMOD Conference;1998
DBLP;G001146;1152;Efficient Progressive Skyline Computation;K Tan, P Eng, B Ooi;VLDB;2001
DBLP;G001147;1153;Automated Selection of Materialized Views and Indexes in SQL Databases;S Agrawal, S Chaudhuri, V Narasayya;VLDB;2000
DBLP;G001148;1154;The DEDALE System for Complex Spatial Queries;S Grumbach, P Rigaux, L Segoufin;SIGMOD Conference;1998
DBLP;G001149;1155;Similarity Query Processing Using Disk Arrays;A Papadopoulos, Y Manolopoulos;SIGMOD Conference;1998
DBLP;G001150;1156;Approximating Aggregate Queries about Web Pages via Random Walks;Z Bar-Yossef, A Berg, S Chien, J Fakcharoenphol, D Weitz;VLDB;2000
DBLP;G001151;1157;Incremental Distance Join Algorithms for Spatial Databases;G Hjaltason, H Samet;SIGMOD Conference;1998
DBLP;G001152;1158;Computing Geographical Scopes of Web Resources;J Ding, L Gravano, N Shivakumar;VLDB;2000
DBLP;G001153;1159;A Case-Based Approach to Information Integration;M Panti, L Spalazzi, A Giretti;VLDB;2000
DBLP;G001154;1160;Simultaneous Optimization and Evaluation of Multiple Dimensional Queries;Y Zhao, P Deshpande, J Naughton, A Shukla;SIGMOD Conference;1998
DBLP;G001155;1161;Optimal Multi-Step k-Nearest Neighbor Search;T Seidl, H Kriegel;SIGMOD Conference;1998
DBLP;G001156;1162;Approximate Query Translation Across Heterogeneous Information Sources;K Chang, H Garcia-Molina;VLDB;2000
DBLP;G001157;1163;Your Mediators Need Data Conversion!;S Cluet, C Delobel, J Siméon, K Smaga;SIGMOD Conference;1998
DBLP;G001158;1164;Design and Development of a Stream Service in a Heterogenous Client Environment;N Pappas, S Christodoulakis;VLDB;2000
DBLP;G001159;1165;Agora: Living with XML and Relational;I Manolescu, D Florescu, D Kossmann, F Xhumari, D Olteanu;VLDB;2000
DBLP;G001160;1166;Using Schematically Heterogeneous Structures;R Miller;SIGMOD Conference;1998
DBLP;G001161;1167;Demonstration: Enabling Scalable Online Personalization on the Web;K Dutta, A Datta, D VanderMeer, K Ramamritham, H Thomas;VLDB;2000
DBLP;G001162;1168;Integration of Heterogeneous Databases Without Common Domains Using Queries Based on Textual Similarity;W Cohen;SIGMOD Conference;1998
DBLP;G001163;1169;Secure and Portable Database Extensibility;M Godfrey, T Mayr, P Seshadri, T Eicken;SIGMOD Conference;1998
DBLP;G001164;1170;Building Scalable Internet Applications with Oracle8i Server;J Basu, J Fernández, O Peschansky;VLDB;2000
DBLP;G001165;1171;A 20/20 Vision of the VLDB-2020?;S Deen, A Jhingran, S Navathe, E Neuhold, G Wiederhold;VLDB;2000
DBLP;G001166;1172;Random Sampling for Histogram Construction: How much is enough?;S Chaudhuri, R Motwani, V Narasayya;SIGMOD Conference;1998
DBLP;G001167;1173;Wavelet-Based Histograms for Selectivity Estimation;Y Matias, J Vitter, M Wang;SIGMOD Conference;1998
DBLP;G000872;1174;An Ultra Highly Available DBMS;S Hvasshovd, S Bratsberg, Ø Torbjørnsen;VLDB;2000
DBLP;G001168;1175;Asera: Extranet Architecture for B2B Solutions;A Nori;VLDB;2000
DBLP;G001169;1176;Memory Management During Run Generation in External Sorting;P Larson, G Graefe;SIGMOD Conference;1998
DBLP;G001170;1177;NoDoSE - A Tool for Semi-Automatically Extracting Semi-Structured Data from Text Documents;B Adelberg;SIGMOD Conference;1998
DBLP;G001171;1178;Evolution of Groupware for Business Applications: A Database Perspective on Lotus Domino/Notes;C Mohan, R Barber, S Watts, A Somani, M Zaharioudakis;VLDB;2000
DBLP;G001172;1179;Biodiversity Informatics Infrastructure: An Information Commons for the Biodiversity Community;G Cotter, B Bauldock;VLDB;2000
DBLP;G001173;1180;New Sampling-Based Summary Statistics for Improving Approximate Query Answers;P Gibbons, Y Matias;SIGMOD Conference;1998
DBLP;G001174;1181;Integrating Mining with Relational Database Systems: Alternatives and Implications;S Sarawagi, S Thomas, R Agrawal;SIGMOD Conference;1998
DBLP;G001175;1182;A Database Platform for Bioinformatics;S Banerjee;VLDB;2000
DBLP;G001176;1183;On Parallel Processing of Aggregate and Scalar Functions in Object-Relational DBMS;M Jaedicke, B Mitschang;SIGMOD Conference;1998
DBLP;G001177;1184;Data Mining in the Bioinformatics Domain;S Tsur;VLDB;2000
DBLP;G001178;1185;CONTROL: Continuous Output and Navigation Technology with Refinement On-Line;R Avnur, J Hellerstein, B Lo, C Olston, B Raman, V Raman, T Roth, K Wylie;SIGMOD Conference;1998
DBLP;G001179;1186;Design and Implementation of a Genetic-Based Algorithm for Data Mining;S Choenni;VLDB;2000
DBLP;G001180;1187;Author Index;N/A;VLDB;2000
DBLP;G001181;1188;ARIADNE: A System for Constructing Mediators for Internet Sources;J Ambite, N Ashish, G Barish, C Knoblock, S Minton, P Modi, I Muslea, A Philpot, S Tejada;SIGMOD Conference;1998
DBLP;G001182;1189;Efficiently Publishing Relational Data as XML Documents;J Shanmugasundaram, E Shekita, R Barr, M Carey, B Lindsay, H Pirahesh, B Reinwald;VLDB;2000
DBLP;G001183;1190;DTL's DataSpot: Database Exploration as Easy as Browsing the Web;S Dar, G Entin, S Geva, E Palmon;SIGMOD Conference;1998
DBLP;G001184;1191;Efficient Filtering of XML Documents for Selective Dissemination of Information;M Altinel, M Franklin;VLDB;2000
DBLP;G001185;1192;amdb: An Access Method Debugging Tool;M Kornacker, M Shah, J Hellerstein;SIGMOD Conference;1998
DBLP;G001186;1193;Approximate Query Processing Using Wavelets;K Chakrabarti, M Garofalakis, R Rastogi, K Shim;VLDB;2000
DBLP;G001187;1194;Free Parallel Data Mining;B Li, D Shasha;SIGMOD Conference;1998
DBLP;G001188;1195;Dynamic Maintenance of Wavelet-Based Histograms;Y Matias, J Vitter, M Wang;VLDB;2000
DBLP;G001189;1196;Delivering High Availability for Inktomi Search Engines;E Brewer;SIGMOD Conference;1998
DBLP;G001190;1197;DataSplash;C Olston, A Woodruff, A Aiken, M Chu, V Ercegovac, M Lin, M Spalding, M Stonebraker;SIGMOD Conference;1998
DBLP;G001191;1198;Don't Be Lazy, Be Consistent: Postgres-R, A New Way to Implement Database Replication;B Kemme, G Alonso;VLDB;2000
DBLP;G001192;1199;CQ: A Personalized Update Monitoring Toolkit;L Liu, C Pu, W Tang, D Buttler, J Biggs, T Zhou, P Benninghoff, W Han, F Yu;SIGMOD Conference;1998
DBLP;G001193;1200;Efficient Numerical Error Bounding for Replicated Network Services;H Yu, A Vahdat;VLDB;2000
DBLP;G001194;1201;Query Unnesting in Object-Oriented Databases;L Fegaras;SIGMOD Conference;1998
DBLP;G001195;1202;CheeTah: a Lightweight Transaction Server for Plug-and-Play Internet Data Management;G Pardon, G Alonso;VLDB;2000
DBLP;G001196;1203;Reusing Invariants: A New Strategy for Correlated Queries;J Rao, K Ross;SIGMOD Conference;1998
DBLP;G001197;1204;Caching Strategies for Data-Intensive Web Sites;K Yagoub, D Florescu, V Issarny, P Valduriez;VLDB;2000
DBLP;G001198;1205;FALCON: Feedback Adaptive Loop for Content-Based Retrieval;L Wu, C Faloutsos, K Sycara, T Payne;VLDB;2000
DBLP;G001199;1206;The Pyramid-Technique: Towards Breaking the Curse of Dimensionality;S Berchtold, C Böhm, H Kriegel;SIGMOD Conference;1998
DBLP;G001200;1207;Interaction of Query Evaluation and Buffer Management for Information Retrieval;B Jónsson, M Franklin, D Srivastava;SIGMOD Conference;1998
DBLP;G001201;1208;Hierarchical Compact Cube for Range-Max Queries;S Lee, T Ling, H Li;VLDB;2000
DBLP;G001202;1209;Fast Time Sequence Indexing for Arbitrary Lp Norms;B Yi, C Faloutsos;VLDB;2000
DBLP;G001203;1210;Capability Based Mediation in TSIMMIS;C Li, R Yerneni, V Vassalos, H Garcia-Molina, Y Papakonstantinou, J Ullman, M Valiveti;SIGMOD Conference;1998
DBLP;G001204;1211;A Protein Patent Query System Powered By Kleisli;J Chen, L Wong, L Zhang;SIGMOD Conference;1998
DBLP;G001205;1212;Decision Tables: Scalable Classification Exploring RDBMS Capabilities;H Lu, H Liu;VLDB;2000
DBLP;G001206;1213;A Scalable Algorithm for Answering Queries Using Views;R Pottinger, A Levy;VLDB;2000
DBLP;G001207;1214;Parallel Mining Algorithms for Generalized Association Rules with Classification Hierarchy;T Shintani, M Kitsuregawa;SIGMOD Conference;1998
DBLP;G001208;1215;Query Flocks: A Generalization of Association-Rule Mining;S Tsur, J Ullman, S Abiteboul, C Clifton, R Motwani, S Nestorov, A Rosenthal;SIGMOD Conference;1998
DBLP;G001209;1216;Contrast Plots and P-Sphere Trees: Space vs. Time in Nearest Neighbour Searches;J Goldstein, R Ramakrishnan;VLDB;2000
DBLP;G001210;1217;The Propel Distributed Services Platform;M Carey, S Kirsch, M Roth, B Linden, N Adiba, M Blow, D Florescu, D Li, I Oprencak, R Panwar, R Qi, D Rieber, J Shafer, B Sterling, T Urhan, B Vickery, D Wineman, K Yee;VLDB;2001
DBLP;G001211;1218;MultiMediaMiner: A System Prototype for Multimedia Data Mining;O Zaïane, J Han, Z Li, S Chee, J Chiang;SIGMOD Conference;1998
DBLP;G001212;1219;SuperSQL: An Extended SQL for Database Publishing and Presentation;M Toyama;SIGMOD Conference;1998
DBLP;G001213;1220;Tavant System Architecture for Sell-side Channel Management;S Narayanan, S Subramanian;VLDB;2001
DBLP;G001214;1221;Navigating large-scale semi-structured data in business portals;M Abrol, N Latarche, U Mahadevan, J Mao, R Mukherjee, P Raghavan, M Tourn, J Wang, G Zhang;VLDB;2001
DBLP;G001215;1222;The Multidimensional Database System RasDaMan;P Baumann, A Dehmel, P Furtado, R Ritsch, N Widmann;SIGMOD Conference;1998
DBLP;G001216;1223;A Comparative Study of Alternative Middle Tier Caching Solutions to Support Dynamic Web Content Acceleration;A Datta, K Dutta, H Thomas, D VanderMeer, K Ramamritham, D Fishman;VLDB;2001
DBLP;G001217;1224;Xmas: An Extensible Main-Memory Storage System for High-Performance Applications;J Park, Y Kwon, K Kim, S Lee, B Park, S Cha;SIGMOD Conference;1998
DBLP;G001218;1225;LoPiX: A System for XML Data Integration and Manipulation;W May;VLDB;2001
DBLP;G001219;1226;Providing Database-like Access to the Web Using Queries Based on Textual Similarity;W Cohen;SIGMOD Conference;1998
DBLP;G001220;1227;PicoDBMS: Validation and Experience;N Anciaux, C Bobineau, L Bouganim, P Pucheral, P Valduriez;VLDB;2001
DBLP;G001221;1228;User-oriented smart-cache for the Web: What You Seek is What You Get!;Z Lacroix, A Sahuguet, R Chandrasekar;SIGMOD Conference;1998
DBLP;G001222;1229;Operating System Extensions for the Teradata Parallel VLDB;J Catozzi, S Rabinovici;VLDB;2001
DBLP;G001223;1230;Microsoft Index Tuning Wizard for SQL Server 7.0;S Chaudhuri, V Narasayya;SIGMOD Conference;1998
DBLP;G001224;1231;FlowBack: Providing Backward Recovery for Workflow Systems;B Kiepuszewski, R Mühlberger, M Orlowska;SIGMOD Conference;1998
DBLP;G001225;1232;Enabling End-users to Construct Data-intensive Web-sites from XML Repositories: An Example-based Approach;A Morishima, S Koizumi, H Kitagawa, S Takano;VLDB;2001
DBLP;G001226;1233;Supervised Wrapper Generation with Lixto;R Baumgartner, S Flesca, G Gottlob;VLDB;2001
DBLP;G001227;1234;A Framework for Implementing Hypothetical Queries;T Griffin, R Hull;SIGMOD Conference;1997
DBLP;G001228;1235;The WorlInfo Assistant: Spatio-Temporal Information Integration on the Web;J Ambite, C Knoblock, M Kolahdouzan, M Muslea, C Shahabi, S Thakkar;VLDB;2001
DBLP;G001229;1236;Dynamic Itemset Counting and Implication Rules for Market Basket Data;S Brin, R Motwani, J Ullman, S Tsur;SIGMOD Conference;1997
DBLP;G001230;1237;An Array-Based Algorithm for Simultaneous Multidimensional Aggregates;Y Zhao, P Deshpande, J Naughton;SIGMOD Conference;1997
DBLP;G001231;1238;SIT-IN: a Real-Life Spatio-Temporal Information System;G Sindoni, L Tininini, A Ambrosetti, C Bedeschi, S Francisci, O Gargano, R Molinaro, M Paolucci, P Patteri, P Ticca;VLDB;2001
DBLP;G001232;1239;Balancing Push and Pull for Data Broadcast;S Acharya, M Franklin, S Zdonik;SIGMOD Conference;1997
DBLP;G001233;1240;SMOOTH - A Distributed Multimedia Database System;H Kosch, L Böszörményi, A Bachlechner, C Hanin, C Hofbauer, M Lang, C Riedler, R Tusch;VLDB;2001
DBLP;G001234;1241;Concurrency and Recovery in Generalized Search Trees;M Kornacker, C Mohan, J Hellerstein;SIGMOD Conference;1997
DBLP;G001235;1242;WebFilter: A High-throughput XML-based Publish and Subscribe System;J Pereira, F Fabret, H Jacobsen, F Llirbat, D Shasha;VLDB;2001
DBLP;G001236;1243;Building and Customizing Data-Intensive Web Sites Using Weave;K Yagoub, D Florescu, V Issarny, P Valduriez;VLDB;2000
DBLP;G001237;1244;Cubetree: Organization of and Bulk Updates on the Data Cube;N Roussopoulos, Y Kotidis, M Roussopoulos;SIGMOD Conference;1997
DBLP;G001238;1245;VXMLR: A Visual XML-Relational Database System;A Zhou, H Lu, S Zheng, Y Liang, L Zhang, W Ji, Z Tian;VLDB;2001
DBLP;G001239;1246;The IDEA Web Lab;S Ceri, P Fraternali, S Paraboschi;SIGMOD Conference;1998
DBLP;G001240;1247;WARLOCK: A Data Allocation Tool for Parallel Warehouses;T Stöhr, E Rahm;VLDB;2001
DBLP;G001241;1248;Fast Parallel Similarity Search in Multimedia Databases;S Berchtold, C Böhm, B Braunmüller, D Keim, H Kriegel;SIGMOD Conference;1997
DBLP;G001242;1249;MV3R-Tree: A Spatio-Temporal Access Method for Timestamp and Interval Queries;Y Tao, D Papadias;VLDB;2001
DBLP;G001243;1250;Ubiquitous, Self-tuning, Scalable Servers;P Spiro;SIGMOD Conference;1998
DBLP;G001244;1251;Indexing the Distance: An Efficient Method to KNN Processing;C Yu, B Ooi, K Tan, H Jagadish;VLDB;2001
DBLP;G001245;1252;Managing Large Systems with DB2 UDB;C Eaton;SIGMOD Conference;1998
DBLP;G001246;1253;Walking Through a Very Large Virtual Environment in Real-time;L Shou, J Chionh, Z Huang, Y Ruan, K Tan;VLDB;2001
DBLP;G001247;1254;SQL Open Heterogeneous Data Access;B Reinwald, H Pirahesh;SIGMOD Conference;1998
DBLP;G001248;1255;Update Propagation Strategies for Improving the Quality of Data on the Web;A Labrinidis, N Roussopoulos;VLDB;2001
DBLP;G001249;1256;Microsoft Universal Data Access Platform;J Blakeley, M Pizzo;SIGMOD Conference;1998
DBLP;G001250;1257;Java and Relational Databases: SQLJ (Tutorial);N/A;N/A;1998
DBLP;G001251;1258;Intelligent Rollups in Multidimensional OLAP Data;G Sathe, S Sarawagi;VLDB;2001
DBLP;G001252;1259;SAP R/3: A Database Application System (Tutorial);N/A;N/A;1998
DBLP;G001253;1260;Lineage Tracing for General Data Warehouse Transformations;Y Cui, J Widom;VLDB;2001
DBLP;G001254;1261;Online Scaling in a Highly Available Database;S Bratsberg, R Humborstad;VLDB;2001
DBLP;G001255;1262;Panel on Next Generation Database Systems Won't Work Without Semantics!;J Mylopoulos;SIGMOD Conference;1998
DBLP;G001256;1263;Replication, Consistency, and Practicality: Are These Mutually Exclusive?;T Anderson, Y Breitbart, H Korth, A Wool;SIGMOD Conference;1998
DBLP;G001257;1264;Transaction Timestamping in (Temporal) Databases;C Jensen, D Lomet;VLDB;2001
DBLP;G001258;1265;The Araneus Web-Base Management System;G Mecca, P Atzeni, A Masci, P Merialdo, G Sindoni;SIGMOD Conference;1998
DBLP;G001259;1266;The Long-Term Preservation of Authentic Electronic Records;L Duranti;VLDB;2001
DBLP;G001260;1267;Storage Service Providers: a Solution for Storage Management? (Panel);B Özden, E Gabber, B Hillyer, W Ng, E Shriver, D DeWitt, B Gordon, J Gray, J Wilkes;VLDB;2001
DBLP;G001261;1268;Microsoft.com: A High-Scale Data Management and Transaction Processing Solution;S Kennamer;SIGMOD Conference;1998
DBLP;G001262;1269;On Processing XML in LDAP;P Marrón, G Lausen;VLDB;2001
DBLP;G001263;1270;Olympic Records for Data at the 1998 Nagano Games;E Lassettre;SIGMOD Conference;1998
DBLP;G001264;1271;Hyperqueries: Dynamic Distributed Query Processing on the Internet;A Kemper, C Wiesner;VLDB;2001
DBLP;G001265;1272;Real Business Processing Meets the Web;J Chong;SIGMOD Conference;1998
DBLP;G001266;1273;Warehousing Workflow Data: Challenges and Opportunities;A Bonifati, F Casati, U Dayal, M Shan;VLDB;2001
DBLP;G001267;1274;Oracle Rdb's Record Caching Model;R Anderson, G Arun, R Frank;SIGMOD Conference;1998
DBLP;G001268;1275;A Data Mining Application: Customes Retention at the Port of Singapore Authority (PSA);K Ng, H Liu, H Kwah;SIGMOD Conference;1998
DBLP;G001269;1276;Scientific OLAP for the Biotech Domain;N Huyn;VLDB;2001
DBLP;G001270;1277;Transactional Publish / Subscribe: The Proactive Multicast of Database Changes;A Chan;SIGMOD Conference;1998
DBLP;G001271;1278;Ontology-based Support for Digital Government;A Bouguettaya, A Elmagarmid, B Medjahed, M Ouzzani;VLDB;2001
DBLP;G001272;1279;Italian Electronic Identity Card - principle and architecture;M Gentili;VLDB;2001
DBLP;G001273;1280;The PointCast Network;S Ramakrishnan, V Dayal;SIGMOD Conference;1998
DBLP;G001274;1281;Biodiversity Informatics: The Challenge of Rapid Development, Large Databases, and Complex Data (Keynote);N/A;N/A;2000
DBLP;G001275;1282;InfoSleuth: Semantic Integration of Information in Open and Dynamic Environments (Experience Paper);R Jr., W Bohrer, R Brice, A Cichocki, J Fowler, A Helal, V Kashyap, T Ksiezyk, G Martin, M Nodine, M Rashid, M Rusinkiewicz, R Shea, C Unnikrishnan, A Unruh, D Woelk;SIGMOD Conference;1997
DBLP;G001276;1283;Integration of Data Mining with Database Technology;A Netz, S Chaudhuri, J Bernhardt, U Fayyad;VLDB;2000
DBLP;G001277;1284;Online Aggregation;J Hellerstein, P Haas, H Wang;SIGMOD Conference;1997
DBLP;G001278;1285;\On Saying \"\"Enough Already!\"\" in SQL\"";M Carey, D Kossmann;SIGMOD Conference;1997
DBLP;G001279;1286;Generalised Hash Teams for Join and Group-by;A Kemper, D Kossmann, C Wiesner;VLDB;1999
DBLP;G001280;1287;Toto, We're Not in Kansas Anymore: On Transitioning from Research to the Real (Invited Industrial Talk);M Carey;VLDB;2000
DBLP;G001281;1288;STARTS: Stanford Proposal for Internet Meta-Searching (Experience Paper);L Gravano, K Chang, H Garcia-Molina, A Paepcke;SIGMOD Conference;1997
DBLP;G001282;1289;Scalable Parallel Data Mining for Association Rules;E Han, G Karypis, V Kumar;SIGMOD Conference;1997
DBLP;G001283;1290;Media360 Workflow-Implementing a Workflow Engine Inside a Database;C Blecken;VLDB;2000
DBLP;G001284;1291;High-Performance Sorting on Networks of Workstations;A Arpaci-Dusseau, R Arpaci-Dusseau, D Culler, J Hellerstein, D Patterson;SIGMOD Conference;1997
DBLP;G001285;1292;Process Automation as the Foundation for E-Business;F Casati, M Shan;VLDB;2000
DBLP;G001286;1293;Research Directions in Biodiversity Informatics;J Schnase;VLDB;2000
DBLP;G001287;1294;Size Separation Spatial Join;N Koudas, K Sevcik;SIGMOD Conference;1997
DBLP;G001288;1295;Partitioned Garbage Collection of Large Object Store;U Maheshwari, B Liskov;SIGMOD Conference;1997
DBLP;G001289;1296;Work and Information Practices in the Sciences of Biodiversity;G Bowker;VLDB;2000
DBLP;G001290;1297;Highly Concurrent Cache Consistency for Indices in Client-Server Database Systems;M Zaharioudakis, M Carey;SIGMOD Conference;1997
DBLP;G001291;1298;The Zero Latency Enterprise;D Liles;VLDB;2000
DBLP;G001292;1299;Improved Query Performance with Variant Indexes;P O'Neil, D Quass;SIGMOD Conference;1997
DBLP;G001293;1300;Panel: Future Directions of Database Research - The VLDB Broadening Strategy, Part 2;M Brodie;VLDB;2000
DBLP;G001294;1301;Linking Business to Deliver Value: A Data Management Challenge;A Deshpande;VLDB;2000
DBLP;G001295;1302;Maintenance of Data Cubes and Summary Tables in a Warehouse;I Mumick, D Quass, B Mumick;SIGMOD Conference;1997
DBLP;G001296;1303;Range Queries in OLAP Data Cubes;C Ho, R Agrawal, N Megiddo, R Srikant;SIGMOD Conference;1997
DBLP;G001297;1304;High-Performance and Scalability through Application Tier,In-Memory Data Management;N/A;VLDB;2000
DBLP;G001298;1305;Social, Educational, and Governmental Change Enabled through Information Technology;K Ramamritham, Y Atfi, C Batini, M Eitan, V Gregg, D Phatak;VLDB;2000
DBLP;G001299;1306;Database Performance in the Real World - TPC-D and SAP R/3 (Experience Paper);J Doppelhammer, T Höppler, A Kemper, D Kossmann;SIGMOD Conference;1997
DBLP;G001300;1307;Database Buffer Size Investigation for OLTP Workloads (Experience Paper);T Tsuei, A Packer, K Ko;SIGMOD Conference;1997
DBLP;G001301;1308;XPERANTO: Middleware for Publishing Object-Relational Data as XML Documents;M Carey, J Kiernan, J Shanmugasundaram, E Shekita, S Subramanian;VLDB;2000
DBLP;G001302;1309;The STRIP Rule System For Efficiently Maintaining Derived Data;B Adelberg, H Garcia-Molina, J Widom;SIGMOD Conference;1997
DBLP;G001303;1310;Panel: Future Directions of Database Research - The VLDB Broadening Strategy, Part 1;H Schek;VLDB;2000
DBLP;G001304;1311;Panel: Is Generic Metadata Management Feasible?;P Bernstein, L Haas, M Jarke, E Rahm, G Wiederhold;VLDB;2000
DBLP;G001305;1312;The BUCKY Object-Relational Benchmark (Experience Paper);M Carey, D DeWitt, J Naughton, M Asgarian, P Brown, J Gehrke, D Shah;SIGMOD Conference;1997
DBLP;G001306;1313;Publish/Subscribe on the Web at Extreme Speed;J Pereira, F Fabret, F Llirbat, R Preotiuc-Pietro, K Ross, D Shasha;VLDB;2000
DBLP;G001307;1314;Association Rules over Interval Data;R Miller, Y Yang;SIGMOD Conference;1997
DBLP;G001308;1315;A Unified Framework for Enforcing Multiple Access Control Policies;S Jajodia, P Samarati, V Subrahmanian, E Bertino;SIGMOD Conference;1997
DBLP;G001309;1316;INSITE: A Tool for Interpreting Users? Interaction with a Web Space;C Shahabi, A Faisal, F Kashani, J Faruque;VLDB;2000
DBLP;G001310;1317;Model-Based Information Integration in a Neuroscience Mediator System;B Ludäscher, A Gupta, M Martone;VLDB;2000
DBLP;G001311;1318;Databases on the Web: Technologies for Federation Architectures and Case Studies (Tutorial);R Kramer;SIGMOD Conference;1997
DBLP;G001312;1319;Push Technology Personalization through Event Correlation;A Adi, D Botzer, O Etzion, T Yatzkar-Haham;VLDB;2000
DBLP;G001313;1320;Delaunay: A Database Visualization System;I Cruz, M Averbuch, W Lucas, M Radzyminski, K Zhang;SIGMOD Conference;1997
DBLP;G001314;1321;Memex: A Browsing Assistant for Collaborative Archiving and Mining of Surf Trails;S Chakrabarti, S Srivastava, M Subramanyam, M Tiwari;VLDB;2000
DBLP;G001315;1322;DEVise: Integrated Querying and Visual Exploration of Large Datasets (Demo Abstract);M Livny, R Ramakrishnan, K Beyer, G Chen, D Donjerkovic, S Lawande, J Myllymaki, R Wenger;SIGMOD Conference;1997
DBLP;G001316;1323;Information Integration: The MOMIS Project Demonstration;D Beneventano, S Bergamaschi, S Castano, A Corni, R Guidetti, G Malvezzi, M Melchiori, M Vincini;VLDB;2000
DBLP;G001317;1324;GeoMiner: A System Prototype for Spatial Data Mining;J Han, K Koperski, N Stefanovic;SIGMOD Conference;1997
DBLP;G001318;1325;Similarity-Based Queries for Time Series Data;D Rafiei, A Mendelzon;SIGMOD Conference;1997
DBLP;G001319;1326;Telcordia's Database Reconciliation and Data Quality Analysis Tool;F Caruso, M Cochinwala, U Ganapathy, G Lalk, P Missier;VLDB;2000
DBLP;G001320;1327;Meaningful Change Detection in Structured Data;S Chawathe, H Garcia-Molina;SIGMOD Conference;1997
DBLP;G001321;1328;Rainbow: Distributed Database System for Classroom Education and Experimental Research;A Helal, H Li;VLDB;2000
DBLP;G001322;1329;Focused Crawling Using Context Graphs;M Diligenti, F Coetzee, S Lawrence, C Giles, M Gori;VLDB;2000
DBLP;G001323;1330;Beyond Market Baskets: Generalizing Association Rules to Correlations;S Brin, R Motwani, C Silverstein;SIGMOD Conference;1997
DBLP;G001324;1331;Semantic Access: Semantic Interface for Querying Databases;N Rishe, J Yuan, R Athauda, S Chen, X Lu, X Ma, A Vaschillo, A Shaposhnikov, D Vasilevsky;VLDB;2000
DBLP;G001325;1332;Efficiently Supporting Ad Hoc Queries in Large Datasets of Time Sequences;F Korn, H Jagadish, C Faloutsos;SIGMOD Conference;1997
DBLP;G001315;1333;DEVise: Integrated Querying and Visualization of Large Datasets;M Livny, R Ramakrishnan, K Beyer, G Chen, D Donjerkovic, S Lawande, J Myllymaki, R Wenger;SIGMOD Conference;1997
DBLP;G001326;1334;The TreeScape System: Reuse of Pre-Computed Aggregates over Irregular OLAP Hierarchies;T Pedersen, C Jensen, C Dyreson;VLDB;2000
DBLP;G001327;1335;OLAP++: Powerful and Easy-to-Use Federations of OLAP and Object Databases;J Gu, T Pedersen, A Shoshani;VLDB;2000
DBLP;G001328;1336;Building a Scaleable Geo-Spatial DBMS: Technology, Implementation, and Evaluation;J Patel, J Yu, N Kabra, K Tufte, B Nag, J Burger, N Hall, K Ramasamy, R Lueder, C Ellmann, J Kupsch, S Guo, D DeWitt, J Naughton;SIGMOD Conference;1997
DBLP;G001329;1337;A Toolkit for Negotiation Support Interfaces to Multi-Dimensional Data;M Gebhardt, M Jarke, S Jacobs;SIGMOD Conference;1997
DBLP;G001330;1338;Performance Issues in Incremental Warehouse Maintenance;W Labio, J Yang, Y Cui, H Garcia-Molina, J Widom;VLDB;2000
DBLP;G001331;1339;The Challenge of Process Data Warehousing;M Jarke, T List, J Köller;VLDB;2000
DBLP;G001332;1340;Distance-Based Indexing for High-Dimensional Metric Spaces;T Bozkaya, Z Özsoyoglu;SIGMOD Conference;1997
DBLP;G001333;1341;What Is the Nearest Neighbor in High Dimensional Spaces?;A Hinneburg, C Aggarwal, D Keim;VLDB;2000
DBLP;G001334;1342;Efficient View Maintenance at Data Warehouses;D Agrawal, A Abbadi, A Singh, T Yurek;SIGMOD Conference;1997
DBLP;G001335;1343;The A-tree: An Index Structure for High-Dimensional Spaces Using Relative Approximation;Y Sakurai, M Yoshikawa, S Uemura, H Kojima;VLDB;2000
DBLP;G001336;1344;Eliminating Costly Redundant Computations from SQL Trigger Executions;F Llirbat, F Fabret, E Simon;SIGMOD Conference;1997
DBLP;G001337;1345;The BT-tree: A Branched and Temporal Access Method;L Jiang, B Salzberg, D Lomet, M García;VLDB;2000
DBLP;G001338;1346;ZOO: A Desktop Emperiment Management Environment;Y Ioannidis, M Livny, A Ailamaki, A Narayanan, A Therber;SIGMOD Conference;1997
DBLP;G001339;1347;Temporal Integrity Constraints with Indeterminacy;W Cowley, D Plexousakis;VLDB;2000
DBLP;G001340;1348;The MENTOR Workbench for Enterprise-wide Workflow Management;D Wodtke, J Weißenfels, G Weikum, A Dittrich, P Muth;SIGMOD Conference;1997
DBLP;G001341;1349;Optimizing Multi-Feature Queries for Image Databases;U Güntzer, W Balke, W Kießling;VLDB;2000
DBLP;G001342;1350;SENTINEL: An Object-Oriented DBMS With Event-Based Rules;S Chakravarthy;SIGMOD Conference;1997
DBLP;G001343;1351;Managing Intervals Efficiently in Object-Relational Databases;H Kriegel, M Pötke, T Seidl;VLDB;2000
DBLP;G001344;1352;PREDATOR: An OR-DBMS with Enhanced Data Types;P Seshadri, M Paskin;SIGMOD Conference;1997
DBLP;G001345;1353;Data Access for the Masses through OLE DB;J Blakeley;SIGMOD Conference;1996
DBLP;G001346;1354;Novel Approaches in Query Processing for Moving Object Trajectories;D Pfoser, C Jensen, Y Theodoridis;VLDB;2000
DBLP;G001347;1355;Fault-tolerant Architectures for Continuous Media Servers;B Özden, R Rastogi, P Shenoy, A Silberschatz;SIGMOD Conference;1996
DBLP;G001348;1356;Identifying Representative Trends in Massive Time Series Data Sets Using Sketches;P Indyk, N Koudas, S Muthukrishnan;VLDB;2000
DBLP;G001349;1357;A Content-Based Multimedia Server for Massively Parallel Architectures;W O'Connell, I Ieong, D Schrader, C Watson, G Au, A Biliris, S Choo, P Colin, G Linderman, E Panagos, J Wang, T Walters;SIGMOD Conference;1996
DBLP;G001350;1358;Set Containment Joins: The Good, The Bad and The Ugly;K Ramasamy, J Patel, J Naughton, R Kaushik;VLDB;2000
DBLP;G001351;1359;Fundamental Techniques for Order Optimization;D Simmen, E Shekita, T Malkemus;SIGMOD Conference;1996
DBLP;G001352;1360;What Happens During a Join? Dissecting CPU and Memory Optimization Effects;S Manegold, P Boncz, M Kersten;VLDB;2000
DBLP;G001353;1361;The Distributed Information Search Component (Disco) and the World Wide Web;A Tomasic, R Amouroux, P Bonnet, O Kapitskaia, H Naacke, L Raschid;SIGMOD Conference;1997
DBLP;G001354;1362;Optimizing Queries on Compressed Bitmaps;S Amer-Yahia, T Johnson;VLDB;2000
DBLP;G001355;1363;Toward Learning Based Web Query Processing;Y Diao, H Lu, S Chen, Z Tian;VLDB;2000
DBLP;G001356;1364;The InfoSleuth Project;R Jr., W Bohrer, R Brice, A Cichocki, J Fowler, A Helal, V Kashyap, T Ksiezyk, G Martin, M Nodine, M Rashid, M Rusinkiewicz, R Shea, C Unnikrishnan, A Unruh, D Woelk;SIGMOD Conference;1997
DBLP;G001357;1365;User-Adaptive Exploration of Multidimensional Data;S Sarawagi;VLDB;2000
DBLP;G001358;1366;Infomaster: An Information Integration System;M Genesereth, A Keller, O Duschka;SIGMOD Conference;1997
DBLP;G001359;1367;Oracle8i Index-Organized Table and Its Application to New Domains;J Srinivasan, S Das, C Freiwald, E Chong, M Jagannath, A Yalamanchi, R Krishnan, A Tran, S DeFazio, J Banerjee;VLDB;2000
DBLP;G001360;1368;Languages for Multi-database Interoperability;F Gingras, L Lakshmanan, I Subramanian, D Papoulis, N Shiri;SIGMOD Conference;1997
DBLP;G001361;1369;S3: Similarity Search in CAD Database Systems;S Berchtold, H Kriegel;SIGMOD Conference;1997
DBLP;G001362;1370;Multi-Dimensional Database Allocation for Parallel Data Warehouses;T Stöhr, H Märtens, E Rahm;VLDB;2000
DBLP;G001363;1371;Structural Matching and Discovery in Document Databases;J Wang, D Shasha, G Chang, L Relihan, K Zhang, G Patel;SIGMOD Conference;1997
DBLP;G001364;1372;Integrating the UB-Tree into a Database System Kernel;F Ramsak, V Markl, R Fenk, M Zirkel, K Elhardt, R Bayer;VLDB;2000
DBLP;G001365;1373;Practical Applications of Triggers and Constraints: Success and Lingering Issues (10-Year Award);S Ceri, R Cochrane, J Widom;VLDB;2000
DBLP;G001366;1374;The WHIPS Prototype for Data Warehouse Creation and Maintenance;W Labio, Y Zhuge, J Wiener, H Gupta, H Garcia-Molina, J Widom;SIGMOD Conference;1997
DBLP;G001367;1375;Temporal Queries in OLAP;A Mendelzon, A Vaisman;VLDB;2000
DBLP;G001368;1376;STRUDEL: A Web-site Management System;M Fernandez, D Florescu, J Kang, A Levy, D Suciu;SIGMOD Conference;1997
DBLP;G001369;1377;The Evolution of the Web and Implications for an Incremental Crawler;J Cho, H Garcia-Molina;VLDB;2000
DBLP;G001370;1378;Query Optimization at the Crossroads (Panel);S Chaudhuri;SIGMOD Conference;1997
DBLP;G001371;1379;Hypothetical Queries in an OLAP Environment;A Balmin, T Papadimitriou, Y Papakonstantinou;VLDB;2000
DBLP;G001372;1380;Picture Programming Project;N Goyal, C Hoch, R Krishnamurthy, B Meckler, M Suckow, M Zloof;SIGMOD Conference;1997
DBLP;G001373;1381;Object-Relational Database Systems: Principles, Products, and Challenges (Tutorial);N/A;N/A;1997
DBLP;G001374;1382;Using SQL to Build New Aggregates and Extenders for Object- Relational Systems;H Wang, C Zaniolo;VLDB;2000
DBLP;G000561;1383;Data Warehousing and OLAP for Decision Support (Tutorial);N/A;N/A;1997
DBLP;G001375;1384;ICICLES: Self-Tuning Samples for Approximate Query Answering;V Ganti, M Lee, R Ramakrishnan;VLDB;2000
DBLP;G001376;1385;Offering a Precision-Performance Tradeoff for Aggregation Queries over Replicated Data;C Olston, J Widom;VLDB;2000
DBLP;G001377;1386;MDM: a Multiple-Data-Model Tool for the Management of Heterogeneous Database Schemes;P Atzeni, R Torlone;SIGMOD Conference;1997
DBLP;G001378;1387;Template-Based Wrappers in the TSIMMIS System;J Hammer, H Garcia-Molina, S Nestorov, R Yerneni, M Breunig, V Vassalos;SIGMOD Conference;1997
DBLP;G001379;1388;Manipulating Interpolated Data is Easier than You Thought;S Grumbach, P Rigaux, L Segoufin;VLDB;2000
DBLP;G001380;1389;Schema Mapping as Query Discovery;R Miller, L Haas, M Hernández;VLDB;2000
DBLP;G001381;1390;SEMCOG: An Object-based Image Retrieval System and Its Visual Query Interface;W Li, K Candan, K Hirata, Y Hara;SIGMOD Conference;1997
DBLP;G001382;1391;The COntext INterchange Mediator Prototype;S Bressan, C Goh, K Fynn, M Jakobisiak, K Hussein, H Kon, T Lee, S Madnick, T Pena, J Qu, A Shum, M Siegel;SIGMOD Conference;1997
DBLP;G001383;1392;Local Dimensionality Reduction: A New Approach to Indexing High Dimensional Spaces;K Chakrabarti, S Mehrotra;VLDB;2000
DBLP;G001384;1393;On-Line Warehouse View Maintenance;D Quass, J Widom;SIGMOD Conference;1997
DBLP;G001385;1394;The 3W Model and Algebra for Unified Data Mining;T Johnson, L Lakshmanan, R Ng;VLDB;2000
DBLP;G001386;1395;Mining Frequent Itemsets Using Support Constraints;K Wang, Y He, J Han;VLDB;2000
DBLP;G001387;1396;Supporting Multiple View Maintenance Policies;L Colby, A Kawaguchi, D Lieuwen, I Mumick, K Ross;SIGMOD Conference;1997
DBLP;G001388;1397;Rethinking Database System Architecture: Towards a Self-Tuning RISC-Style Database System;S Chaudhuri, G Weikum;VLDB;2000
DBLP;G001389;1398;The SR-tree: An Index Structure for High-Dimensional Nearest Neighbor Queries;N Katayama, S Satoh;SIGMOD Conference;1997
DBLP;G001390;1399;Wave-Indices: Indexing Evolving Databases;N Shivakumar, H Garcia-Molina;SIGMOD Conference;1997
DBLP;G001391;1400;PicoDMBS: Scaling Down Database Techniques for the Smartcard;C Bobineau, L Bouganim, P Pucheral, P Valduriez;VLDB;2000
DBLP;G001392;1401;Concurrency in the Data Warehouse;R Taylor;VLDB;2000
DBLP;G001393;1402;Revisiting Commit Processing in Distributed Database Systems;R Gupta, J Haritsa, K Ramamritham;SIGMOD Conference;1997
DBLP;G001394;1403;Ordering Information, Conference Organizers, Program Committees, Additional Reviewers, Additional Demonstrations Reviewers, Sponsors, VLDB Endowment, Preface, Foreword;N/A;N/A;2000
DBLP;G001395;1404;Lessons from Wall Street: Case Studies in Configuration, Tuning, and Distribution (Tutorial);N/A;N/A;1997
DBLP;G001396;1405;Temporal Aggregation in Active Database Rules;I Motakis, C Zaniolo;SIGMOD Conference;1997
DBLP;G001397;1406;Controlling Data Warehouses with Knowledge Networks;E Schaefer, J Becker, A Boehmer, M Jarke;VLDB;2000
DBLP;G001398;1407;E.piphany Epicenter Technology Overview;S Ramaswamy;VLDB;2000
DBLP;G001399;1408;Secure Transaction Processing in Firm Real-Time Database Systems;B George, J Haritsa;SIGMOD Conference;1997
DBLP;G001400;1409;On Efficiently Implementing SchemaSQL on an SQL Database System;L Lakshmanan, F Sadri, S Subramanian;VLDB;1999
DBLP;G001401;1410;The Dangers of Replication and a Solution;J Gray, P Helland, P O'Neil, D Shasha;SIGMOD Conference;1996
DBLP;G001402;1411;Performance Tradeoffs for Client-Server Query Processing;M Franklin, B Jónsson, D Kossmann;SIGMOD Conference;1996
DBLP;G001403;1412;Physical Data Independence, Constraints, and Optimization with Universal Plans;A Deutsch, L Popa, V Tannen;VLDB;1999
DBLP;G001404;1413;User-Defined Table Operators: Enhancing Extensibility for ORDBMS;M Jaedicke, B Mitschang;VLDB;1999
DBLP;G001405;1414;Random I/O Scheduling in Online Tertiary Storage Systems;B Hillyer, A Silberschatz;SIGMOD Conference;1996
DBLP;G001406;1415;Hot Mirroring: A Study to Hide Parity Upgrade Penalty and Degradations During Rebuilds for RAID5;K Mogi, M Kitsuregawa;SIGMOD Conference;1996
DBLP;G001407;1416;Unrolling Cycles to Decide Trigger Termination;S Lee, T Ling;VLDB;1999
DBLP;G001408;1417;On-line Reorganization of Sparsely-populated B+trees;C Zou, B Salzberg;SIGMOD Conference;1996
DBLP;G001409;1418;Similarity Search in High Dimensions via Hashing;A Gionis, P Indyk, R Motwani;VLDB;1999
DBLP;G001410;1419;Optimal Grid-Clustering: Towards Breaking the Curse of Dimensionality in High-Dimensional Clustering;A Hinneburg, D Keim;VLDB;1999
DBLP;G001411;1420;BIRCH: An Efficient Data Clustering Method for Very Large Databases;T Zhang, R Ramakrishnan, M Livny;SIGMOD Conference;1996
DBLP;G001412;1421;O-O, What Have They Done to DB2?;M Carey, D Chamberlin, S Narayanan, B Vance, D Doole, S Rielau, R Swagerman, N Mattos;VLDB;1999
DBLP;G001413;1422;Query Caching and Optimization in Distributed Mediator Systems;S Adali, K Candan, Y Papakonstantinou, V Subrahmanian;SIGMOD Conference;1996
DBLP;G001414;1423;Two Techniques for On-Line Index Modification in Shared Nothing Parallel Databases;K Achyutuni, E Omiecinski, S Navathe;SIGMOD Conference;1996
DBLP;G001415;1424;What can Hierarchies do for Data Warehouses?;H Jagadish, L Lakshmanan, D Srivastava;VLDB;1999
DBLP;G001416;1425;Relational Databases for Querying XML Documents: Limitations and Opportunities;J Shanmugasundaram, K Tufte, C Zhang, G He, D DeWitt, J Naughton;VLDB;1999
DBLP;G001417;1426;Rapid Bushy Join-order Optimization with Cartesian Products;B Vance, D Maier;SIGMOD Conference;1996
DBLP;G001418;1427;Performance Measurements of Compressed Bitmap Indices;T Johnson;VLDB;1999
DBLP;G001419;1428;IDEA: Interactive Data Exploration and Analysis;P Selfridge, D Srivastava, L Wilson;SIGMOD Conference;1996
DBLP;G001420;1429;Optimizing Queries over Multimedia Repositories;S Chaudhuri, L Gravano;SIGMOD Conference;1996
DBLP;G001421;1430;Loading a Cache with Query Results;L Haas, D Kossmann, I Ursu;VLDB;1999
DBLP;G001422;1431;Query Optimization for XML;J McHugh, J Widom;VLDB;1999
DBLP;G001423;1432;SQL Query Optimization: Reordering for a General Class of Queries;P Goel, B Iyer;SIGMOD Conference;1996
DBLP;G001424;1433;Probabilistic Optimization of Top N Queries;D Donjerkovic, R Ramakrishnan;VLDB;1999
DBLP;G001425;1434;BeSS: Storage Support for Interactive Visualization Systems;A Biliris, T Funkhouser, W O'Connell, E Panagos;SIGMOD Conference;1996
DBLP;G001426;1435;Multi-Dimensional Substring Selectivity Estimation;H Jagadish, O Kapitskaia, R Ng, D Srivastava;VLDB;1999
DBLP;G001427;1436;CapBasED-AMS: A Capability-based and Event-driven Activity Management System;P Hung, H Yeung, K Karlapalem;SIGMOD Conference;1996
DBLP;G001428;1437;Quality-driven Integration of Heterogenous Information Systems;F Naumann, U Leser, J Freytag;VLDB;1999
DBLP;G001429;1438;Data Mining Using Two-Dimensional Optimized Accociation Rules: Scheme, Algorithms, and Visualization;T Fukuda, Y Morimoto, S Morishita, T Tokuyama;SIGMOD Conference;1996
DBLP;G001430;1439;Mining Quantitative Association Rules in Large Relational Tables;R Srikant, R Agrawal;SIGMOD Conference;1996
DBLP;G001431;1440;Integrating Heterogenous Overlapping Databases through Object-Oriented Transformations;V Josifovski, T Risch;VLDB;1999
DBLP;G001432;1441;Issues in Network Management in the Next Millennium;M Brodie, S Chaudhuri;VLDB;1999
DBLP;G001433;1442;Databases and Visualization;D Keim;SIGMOD Conference;1996
DBLP;G001434;1443;Networked Data Management Design Points;J Hamilton;VLDB;1999
DBLP;G001435;1444;Data Mining Techniques;J Han;SIGMOD Conference;1996
DBLP;G001436;1445;DBSim: A Simulation Tool for Predicting Database Performance;M Lefler, M Stokrp, C Wong;SIGMOD Conference;1996
DBLP;G001437;1446;In Cyber Space No One can Hear You Scream;C Pound;VLDB;1999
DBLP;G001438;1447;DBMiner: Interactive Mining of Multiple-Level Knowledge in Relational Databases;J Han, Y Fu, W Wang, J Chiang, O Zaïane, K Koperski;SIGMOD Conference;1996
DBLP;G001439;1448;SPIRIT: Sequential Pattern Mining with Regular Expression Constraints;M Garofalakis, R Rastogi, K Shim;VLDB;1999
DBLP;G001440;1449;A Framework for Supporting Data Integration Using the Materialized and Virtual Approaches;R Hull, G Zhou;SIGMOD Conference;1996
DBLP;G001441;1450;Microsoft English Query 7.5: Automatic Extraction of Semantics from Relational Databases and OLAP Cubes;A Blum;VLDB;1999
DBLP;G001442;1451;Change Detection in Hierarchically Structured Information;S Chawathe, A Rajaraman, H Garcia-Molina, J Widom;SIGMOD Conference;1996
DBLP;G001443;1452;The New Locking, Logging, and Recovery Architecture of Microsoft SQL Server 7.0;D Campbell;VLDB;1999
DBLP;G001444;1453;The Value of Merge-Join and Hash-Join in SQL Server;G Graefe;VLDB;1999
DBLP;G001445;1454;A Query Language and Optimization Techniques for Unstructured Data;P Buneman, S Davidson, G Hillebrand, D Suciu;SIGMOD Conference;1996
DBLP;G001446;1455;VOODB: A Generic Discrete-Event Random Simulation Model To Evaluate the Performances of OODBs;J Darmont, M Schneider;VLDB;1999
DBLP;G001447;1456;Accessing Relational Databases from the World Wide Web;T Nguyen, V Srinivasan;SIGMOD Conference;1996
DBLP;G001448;1457;Goal-Oriented Buffer Management Revisited;K Brown, M Carey, M Livny;SIGMOD Conference;1996
DBLP;G001449;1458;Building Light-Weight Wrappers for Legacy Web Data-Sources Using W4F;A Sahuguet, F Azavant;VLDB;1999
DBLP;G001450;1459;Aqua: A Fast Decision Support Systems Using Approximate Query Answers;S Acharya, P Gibbons, V Poosala;VLDB;1999
DBLP;G001451;1460;Evaluating Queries with Generalized Path Expressions;V Christophides, S Cluet, G Moerkotte;SIGMOD Conference;1996
DBLP;G001452;1461;Repeating History Beyond ARIES;C Mohan;VLDB;1999
DBLP;G001453;1462;Cost-Based Optimization for Magic: Algebra and Implementation;P Seshadri, J Hellerstein, H Pirahesh, T Leung, R Ramakrishnan, D Srivastava, P Stuckey, S Sudarshan;SIGMOD Conference;1996
DBLP;G001454;1463;Online Feedback for Nested Aggregate Queries with Multi-Threading;K Tan, C Goh, B Ooi;VLDB;1999
DBLP;G001455;1464;Algorithms for Deferred View Maintenance;L Colby, T Griffin, L Libkin, I Mumick, H Trickey;SIGMOD Conference;1996
DBLP;G001456;1465;The Persistent Cache: Improving OID Indexing in Temporal Object-Oriented Database Systems;K Nørvåg;VLDB;1999
DBLP;G001457;1466;A Query Language for Multidimensional Arrays: Design, Implementation, and Optimization Techniques;L Libkin, R Machlin, L Wong;SIGMOD Conference;1996
DBLP;G001458;1467;Mining Deviants in a Time Series Database;H Jagadish, N Koudas, S Muthukrishnan;VLDB;1999
DBLP;G001459;1468;A Super Scalar Sort Algorithm for RISC Processors;R Agarwal;SIGMOD Conference;1996
DBLP;G001460;1469;Histogram-Based Approximation of Set-Valued Query-Answers;Y Ioannidis, V Poosala;VLDB;1999
DBLP;G001461;1470;Bifocal Sampling for Skew-Resistant Join Size Estimation;S Ganguly, P Gibbons, Y Matias, A Silberschatz;SIGMOD Conference;1996
DBLP;G001462;1471;Semantic Compression and Pattern Extraction with Fascicles;H Jagadish, J Madar, R Ng;VLDB;1999
DBLP;G001463;1472;Estimating Alphanumeric Selectivity in the Presence of Wildcards;P Krishnan, J Vitter, B Iyer;SIGMOD Conference;1996
DBLP;G001464;1473;Adaptive Parallel Aggregation Algorithms;A Shatdal, J Naughton;SIGMOD Conference;1995
DBLP;G001465;1474;Extending Practical Pre-Aggregation in On-Line Analytical Processing;T Pedersen, C Jensen, C Dyreson;VLDB;1999
DBLP;G001466;1475;Aggregation Algorithms for Very Large Compressed Data Warehouses;J Li, D Rotem, J Srivastava;VLDB;1999
DBLP;G001467;1476;A General Solution of the n-dimensional B-tree Problem;M Freeston;SIGMOD Conference;1995
DBLP;G001468;1477;Extracting Large-Scale Knowledge Bases from the Web;R Kumar, P Raghavan, S Rajagopalan, A Tomkins;VLDB;1999
DBLP;G001469;1478;Efficient Optimistic Concurrency Control Using Loosely Synchronized Clocks;A Adya, R Gruber, B Liskov, U Maheshwari;SIGMOD Conference;1995
DBLP;G001470;1479;Data-Driven, One-To-One Web Site Generation for Data-Intensive Applications;S Ceri, P Fraternali, S Paraboschi;VLDB;1999
DBLP;G001471;1480;A Critique of ANSI SQL Isolation Levels;H Berenson, P Bernstein, J Gray, J Melton, E O'Neil, P O'Neil;SIGMOD Conference;1995
DBLP;G001472;1481;The Garlic Project;M Roth, M Arya, L Haas, M Carey, W Cody, R Fagin, P Schwarz, J II, E Wimmers;SIGMOD Conference;1996
DBLP;G001473;1482;Curio: A Novel Solution for Efficient Storage and Indexing in Data Warehouses;A Datta, K Ramamritham, H Thomas;VLDB;1999
DBLP;G001474;1483;Datawarehousing Has More Colours Than Just Black & White;T Zurek, M Sinnwell;VLDB;1999
DBLP;G001475;1484;The MultiView Project: Object-Oriented View Technology and Applications;E Rundensteiner, H Kuno, Y Ra, V Crestana-Taube, M Jones, P Marrón;SIGMOD Conference;1996
DBLP;G001476;1485;SONAR: System for Optimized Numeric AssociationRules;T Fukuda, Y Morimoto, S Morishita, T Tokuyama;SIGMOD Conference;1996
DBLP;G001477;1486;High-Performance Extensible Indexing;M Kornacker;VLDB;1999
DBLP;G000794;1487;METU Interoperable Database System;A Dogac, U Halici, E Kilic, G Özhan, F Ozcan, S Nural, C Dengi, S Mancuhan, I Arpinar, P Koksal, C Evrendilek;SIGMOD Conference;1996
DBLP;G001478;1488;Hierarchical Prefix Cubes for Range-Sum Queries;C Chan, Y Ioannidis;VLDB;1999
DBLP;G001349;1489;Prospector: A Content-Based Multimedia Server for Massively Parallel Architectures;S Choo, W O'Connell, G Linderman, H Chen, K Ganapathi, A Biliris, E Panagos, D Schrader;SIGMOD Conference;1996
DBLP;G001479;1490;Combining Histograms and Parametric Curve Fitting for Feedback-Driven Query Result-size Estimation;A König, G Weikum;VLDB;1999
DBLP;G001480;1491;LORE: A Lightweight Object REpository for Semistructured Data;D Quass, J Widom, R Goldman, K Haas, Q Luo, J McHugh, S Nestorov, A Rajaraman, H Rivero, S Abiteboul, J Ullman, J Wiener;SIGMOD Conference;1996
DBLP;G001481;1492;Evaluating Top-k Selection Queries;S Chaudhuri, L Gravano;VLDB;1999
DBLP;G001482;1493;HyperStorM - Administering Structured Documents Using Object-Oriented Database Technology;K Böhm, K Aberer;SIGMOD Conference;1996
DBLP;G001483;1494;Distributed Hypertext Resource Discovery Through Examples;S Chakrabarti, M Berg, B Dom;VLDB;1999
DBLP;G001484;1495;Thinksheet: A Tool for Tailoring Complex Documents;P Piatko, R Yangarber, D Lin, D Shasha;SIGMOD Conference;1996
DBLP;G001485;1496;Building Hierarchical Classifiers Using Class Proximity;K Wang, S Zhou, S Liew;VLDB;1999
DBLP;G001486;1497;Active Storage Hierarchy, Database Systems and Applications - Socratic Exegesis;F Cariño, W O'Connell, J Burgess, J Saltz;VLDB;1999
DBLP;G001487;1498;State of the Art in Workflow Management Research and Products;N/A;N/A;1996
DBLP;G001488;1499;Repository System Engineering;N/A;N/A;1996
DBLP;G001489;1500;Cost Models DO Matter: Providing Cost Information for Diverse Data Sources in a Federated System;M Roth, F Ozcan, L Haas;VLDB;1999
DBLP;G001490;1501;Generating Call-Level Interfaces for Advanced Database Application Programming;U Nink, T Härder, N Ritter;VLDB;1999
DBLP;G001491;1502;The Ins and Outs (and Everthing in Between) of Data Warehousing;N/A;N/A;1996
DBLP;G001492;1503;High Level Indexing of User-Defined Types;W Chen, J Chow, Y Fuh, J Grandbois, M Jou, N Mattos, B Tran, Y Wang;VLDB;1999
DBLP;G001493;1504;Is GUI Programming a Database Research Problem?;N Goyal, C Hoch, R Krishnamurthy, B Meckler, M Suckow;SIGMOD Conference;1996
DBLP;G001494;1505;Materialized View Maintenance and Integrity Constraint Checking: Trading Space for Time;K Ross, D Srivastava, S Sudarshan;SIGMOD Conference;1996
DBLP;G001495;1506;Finding Intensional Knowledge of Distance-Based Outliers;E Knorr, R Ng;VLDB;1999
DBLP;G001496;1507;A Novel Index Supporting High Volume Data Warehouse Insertion;C Jermaine, A Datta, E Omiecinski;VLDB;1999
DBLP;G001497;1508;Maintaining Database Consistency in Presence of Value Dependencies in Multidatabase Systems;C Morpain, M Cart, J Ferrié, J Pons;SIGMOD Conference;1996
DBLP;G001498;1509;Rule Languages and Internal Algebras for Rule-Based Optimizers;M Cherniack, S Zdonik;SIGMOD Conference;1996
DBLP;G001499;1510;Dynamic Load Balancing for Parallel Association Rule Mining on Heterogenous PC Cluster Systems;M Tamura, M Kitsuregawa;VLDB;1999
DBLP;G001500;1511;A Scalable and Highly Available Networked Database Architecture;R Bamford, R Ahad, A Pruscino;VLDB;1999
DBLP;G001501;1512;Query Execution Techniques for Caching Expensive Methods;J Hellerstein, J Naughton;SIGMOD Conference;1996
DBLP;G001502;1513;Semi-automatic, Self-adaptive Control of Garbage Collection Rates in Object Databases;J Cook, A Klauser, A Wolf, B Zorn;SIGMOD Conference;1996
DBLP;G001503;1514;Context-Based Prefetch for Implementing Objects on Relations;P Bernstein, S Pal, D Shutt;VLDB;1999
DBLP;G001504;1515;Towards Effective and Efficient Free Space Management;M McAuliffe, M Carey, M Solomon;SIGMOD Conference;1996
DBLP;G001505;1516;GHOST: Fine Granularity Buffering of Indexes;C Goh, B Ooi, D Sim, K Tan;VLDB;1999
DBLP;G001506;1517;DBMSs on a Modern Processor: Where Does Time Go?;A Ailamaki, D DeWitt, M Hill, D Wood;VLDB;1999
DBLP;G001507;1518;Static Detection of Security Flaws in Object-Oriented Databases;K Tajima;SIGMOD Conference;1996
DBLP;G001508;1519;Capturing and Querying Multiple Aspects of Semistructured Data;C Dyreson, M Böhlen, C Jensen;VLDB;1999
DBLP;G001509;1520;Multi-dimensional Resource Scheduling for Parallel Queries;M Garofalakis, Y Ioannidis;SIGMOD Conference;1996
DBLP;G001510;1521;Safe and Efficient Sharing of Persistent Objects in Thor;B Liskov, A Adya, M Castro, M Day, S Ghemawat, R Gruber, U Maheshwari, A Myers, L Shrira;SIGMOD Conference;1996
DBLP;G001511;1522;Cache Conscious Indexing for Decision-Support in Main Memory;J Rao, K Ross;VLDB;1999
DBLP;G001512;1523;Comparing Hierarchical Data in External Memory;S Chawathe;VLDB;1999
DBLP;G001513;1524;An Open Storage System for Abstract Objects;S Blott, L Relly, H Schek;SIGMOD Conference;1996
DBLP;G001514;1525;Improved Histograms for Selectivity Estimation of Range Predicates;V Poosala, Y Ioannidis, P Haas, E Shekita;SIGMOD Conference;1996
DBLP;G001515;1526;Explaining Differences in Multidimensional Aggregates;S Sarawagi;VLDB;1999
DBLP;G001516;1527;Database Architecture Optimized for the New Bottleneck: Memory Access;P Boncz, S Manegold, M Kersten;VLDB;1999
DBLP;G001517;1528;Structures for Manipulating Proposed Updates in Object-Oriented Databases;M Doherty, R Hull, M Rupawalla;SIGMOD Conference;1996
DBLP;G001518;1529;Spatial Hash-Joins;M Lo, C Ravishankar;SIGMOD Conference;1996
DBLP;G001519;1530;Active Views for Electronic Commerce;S Abiteboul, B Amann, S Cluet, A Eyal, L Mignet, T Milo;VLDB;1999
DBLP;G001520;1531;Partition Based Spatial-Merge Join;J Patel, D DeWitt;SIGMOD Conference;1996
DBLP;G001521;1532;An Adaptive Hybrid Server Architecture for Client Caching ODBMSs;K Voruganti, M Özsu, R Unrau;VLDB;1999
DBLP;G001522;1533;Implementing Data Cubes Efficiently;V Harinarayan, A Rajaraman, J Ullman;SIGMOD Conference;1996
DBLP;G001523;1534;Exploiting Versions for Handling Updates in Broadcast Disks;E Pitoura, P Chrysanthis;VLDB;1999
DBLP;G001524;1535;Fast Algorithms for Maintaining Replica Consistency in Lazy Master Replicated Databases;E Pacitti, P Minet, E Simon;VLDB;1999
DBLP;G001525;1536;Providing Better Support for a Class of Decision Support Queries;S Rao, A Badia, D Gucht;SIGMOD Conference;1996
DBLP;G001526;1537;DataBlitz: A High Performance Main-Memory Storage Manager;J Baulier, P Bohannon, S Gogate, S Joshi, C Gupta, A Khivesera, H Korth, P McIlroy, J Miller, P Narayan, M Nemeth, R Rastogi, A Silberschatz, S Sudarshan;VLDB;1998
DBLP;G001527;1538;Adapting Materialized Views after Redefinitions;A Gupta, I Mumick, K Ross;SIGMOD Conference;1995
DBLP;G001528;1539;Bridging Heterogeneity: Research and Practice of Database Middleware Technology;F Rezende, G Sauter;VLDB;1998
DBLP;G001529;1540;Broadcast Disks: Data Management for Asymmetric Communications Environments;S Acharya, R Alonso, M Franklin, S Zdonik;SIGMOD Conference;1995
DBLP;G001530;1541;Heterogeneous Database Query Optimization in DB2 Universal DataJoiner;S Venkataraman, T Zhang;VLDB;1998
DBLP;G001531;1542;An Effective Hash Based Algorithm for Mining Association Rules;J Park, M Chen, P Yu;SIGMOD Conference;1995
DBLP;G001532;1543;A Database System for Real-Time Event Aggregation in Telecommunication;J Baulier, S Blott, H Korth, A Silberschatz;VLDB;1998
DBLP;G001533;1544;FastMap: A Fast Algorithm for Indexing, Data-Mining and Visualization of Traditional and Multimedia Datasets;C Faloutsos, K Lin;SIGMOD Conference;1995
DBLP;G001534;1545;Dynamic Resource Brokering for Multi-User Query Execution;D Davison, G Graefe;SIGMOD Conference;1995
DBLP;G001535;1546;Architecture of Oracle Parallel Server;R Bamford, D Butler, B Klots, N MacNaughton;VLDB;1998
DBLP;G001536;1547;Checkpointing in Oracle;A Joshi, W Bridge, J Loaiza, T Lahiri;VLDB;1998
DBLP;G001537;1548;Applying Update Streams in a Soft Real-Time Database System;B Adelberg, H Garcia-Molina, B Kao;SIGMOD Conference;1995
DBLP;G001538;1549;Balancing Histogram Optimality and Practicality for Query Result Size Estimation;Y Ioannidis, V Poosala;SIGMOD Conference;1995
DBLP;G001539;1550;From Data Independence to Knowledge Independence: An on-going Story;L Vieille;VLDB;1998
DBLP;G001540;1551;DTL's DataSpot: Database Exploration Using Plain Language;S Dar, G Entin, S Geva, E Palmon;VLDB;1998
DBLP;G001541;1552;Enhancing Database Correctness: a Statistical Approach;W Hou, Z Zhang;SIGMOD Conference;1995
DBLP;G001542;1553;Resource Scheduling for Composite Multimedia Objects;M Garofalakis, Y Ioannidis, B Özden;VLDB;1998
DBLP;G001543;1554;Copy Detection Mechanisms for Digital Documents;S Brin, J Davis, H Garcia-Molina;SIGMOD Conference;1995
DBLP;G001544;1555;Performance Measurements of Tertiary Storage Devices;T Johnson, E Miller;VLDB;1998
DBLP;G001545;1556;A Database Interface for File Updates;S Abiteboul, S Cluet, T Milo;SIGMOD Conference;1995
DBLP;G001546;1557;Incremental Maintenance for Materialized Views over Semistructured Data;S Abiteboul, J McHugh, M Rys, V Vassalos, J Wiener;VLDB;1998
DBLP;G001547;1558;Fault Tolerant Design of Multimedia Servers;S Berson, L Golubchik, R Muntz;SIGMOD Conference;1995
DBLP;G001548;1559;Proximity Search in Databases;R Goldman, N Shivakumar, S Venkatasubramanian, H Garcia-Molina;VLDB;1998
DBLP;G001549;1560;Efficient Maintenance of Materialized Mediated Views;J Lu, G Moerkotte, J Schü, V Subrahmanian;SIGMOD Conference;1995
DBLP;G001550;1561;Carnot and InfoSleuth: Database Technology and the World Wide Web;D Woelk, W Bohrer, N Jacobs, K Ong, C Tomlinson, C Unnikrishnan;SIGMOD Conference;1995
DBLP;G001551;1562;Technology and the Future of Commerce and Finance (Abstract);D Shaw;VLDB;1998
DBLP;G001552;1563;Active Storage for Large-Scale Data Mining and Multimedia;E Riedel, G Gibson, C Faloutsos;VLDB;1998
DBLP;G001553;1564;High Availability of Commercial Applications;K Ivinskis;SIGMOD Conference;1995
DBLP;G001554;1565;Enterprise Transaction Processing on Windows NT;G Hope;SIGMOD Conference;1995
DBLP;G001555;1566;A Single Pass Computing Engine for Interactive Analysis of VLDBs;T Mihalisin;VLDB;1998
DBLP;G001556;1567;DMS: A Parallel Data Mining Server;F George;VLDB;1998
DBLP;G001557;1568;DIRECTV and Oracle Rdb: The Challenges of VLDB Transaction Processing;W Gettys;SIGMOD Conference;1995
DBLP;G001558;1569;Enterprise Objects Framework, A Second Generation Object-Relational Enabler;C Kleissner;SIGMOD Conference;1995
DBLP;G001559;1570;Low-Cost Compensation-Based Query Processing;Ø Grøvlen, S Hvasshovd, Ø Torbjørnsen;VLDB;1998
DBLP;G001560;1571;An Overview of DB2 Parallel Edition;C Baru, G Fecteau, A Goyal, H Hsiao, A Jhingran, S Padmanabhan, W Wilson;SIGMOD Conference;1995
DBLP;G001561;1572;A Quantitative Analysis and Performance Study for Similarity-Search Methods in High-Dimensional Spaces;R Weber, H Schek, S Blott;VLDB;1998
DBLP;G001562;1573;Data Extraction and Transformation for the Data Warehouse;C Squire;SIGMOD Conference;1995
DBLP;G001563;1574;Reducing the Braking Distance of an SQL Query Engine;M Carey, D Kossmann;VLDB;1998
DBLP;G001564;1575;Cover Your Assets;M Olson;SIGMOD Conference;1995
DBLP;G001565;1576;Querying Continuous Time Sequences;L Lin, T Risch;VLDB;1998
DBLP;G001566;1577;Recovery Protocols for Shared Memory Database Systems;L Molesky, K Ramamritham;SIGMOD Conference;1995
DBLP;G001567;1578;nD-SQL: A Multi-Dimensional Language for Interoperability and OLAP;F Gingras, L Lakshmanan;VLDB;1998
DBLP;G001568;1579;The LyriC Language: Querying Constraint Objects;A Brodsky, Y Kornatzky;SIGMOD Conference;1995
DBLP;G001569;1580;The Heterogeneity Problem and Middleware Technology: Experiences with and Performance of Database Gateways;F Rezende, K Hergula;VLDB;1998
DBLP;G001570;1581;Evaluating Functional Joins Along Nested Reference Sets in Object-Relational and Object-Oriented Databases;R Braumandl, J Claußen, A Kemper;VLDB;1998
DBLP;G001571;1582;DataMine - Interactive Rule Discovery System;T Imielinski, A Virmani;SIGMOD Conference;1995
DBLP;G001572;1583;Using Schema Matching to Simplify Heterogeneous Data Translation;T Milo, S Zohar;VLDB;1998
DBLP;G001573;1584;Efendi: Federated Database System of Cadlab;E Radeke, R Böttger, B Burkert, Y Engel, G Kachel, S Kolmschlag, D Nolte;SIGMOD Conference;1995
DBLP;G001574;1585;Nearest Neighbor Queries;N Roussopoulos, S Kelley, F Vincent;SIGMOD Conference;1995
DBLP;G001575;1586;On Optimal Node Splitting for R-trees;Y García, M Lopez, S Leutenegger;VLDB;1998
DBLP;G001576;1587;R-Tree Based Indexing of Now-Relative Bitemporal Data;R Bliujute, C Jensen, S Saltenis, G Slivinskas;VLDB;1998
DBLP;G001577;1588;Topological Relations in the World of Minimum Bounding Rectangles: A Study with R-trees;D Papadias, Y Theodoridis, T Sellis, M Egenhofer;SIGMOD Conference;1995
DBLP;G001578;1589;Towards an Effective Calculus for Object Query Languages;L Fegaras, D Maier;SIGMOD Conference;1995
DBLP;G001579;1590;Optimal Histograms with Quality Guarantees;H Jagadish, N Koudas, S Muthukrishnan, V Poosala, K Sevcik, T Suel;VLDB;1998
DBLP;G001580;1591;OFL: A Functional Execution Model for Object Query Languages;G Gardarin, F Machuca, P Pucheral;SIGMOD Conference;1995
DBLP;G001581;1592;Incremental Clustering for Mining in a Data Warehousing Environment;M Ester, H Kriegel, J Sander, M Wimmer, X Xu;VLDB;1998
DBLP;G001582;1593;Inferring Function Semantics to Optimize Queries;M Cherniack, S Zdonik;VLDB;1998
DBLP;G001583;1594;OODB Indexing by Class-Division;S Ramaswamy, P Kanellakis;SIGMOD Conference;1995
DBLP;G001584;1595;The Handwritten Trie: Indexing Electronic Ink;W Aref, D Barbará, P Vallabhaneni;SIGMOD Conference;1995
DBLP;G001585;1596;TOPAZ: a Cost-Based, Rule-Driven, Multi-Phase Parallelizer;C Nippl, B Mitschang;VLDB;1998
DBLP;G001586;1597;Improving Adaptable Similarity Query Processing by Using Approximations;M Ankerst, B Braunmüller, H Kriegel, T Seidl;VLDB;1998
DBLP;G001587;1598;Parallel Evaluation of Multi-Join Queries;A Wilschut, J Flokstra, P Apers;SIGMOD Conference;1995
DBLP;G001588;1599;MindReader: Querying Databases Through Multiple Examples;Y Ishikawa, R Subramanya, C Faloutsos;VLDB;1998
DBLP;G001589;1600;The Merge/Purge Problem for Large Databases;M Hernández, S Stolfo;SIGMOD Conference;1995
DBLP;G001590;1601;Semantic Assumptions and Query Evaluation in Temporal Databases;C Bettini, X Wang, E Bertino, S Jajodia;SIGMOD Conference;1995
DBLP;G001591;1602;What Do Those Weird XML Types Want, Anyway?;S DeRose;VLDB;1999
DBLP;G001592;1603;Online Dynamic Reordering for Interactive Data Processing;V Raman, B Raman, J Hellerstein;VLDB;1999
DBLP;G001593;1604;Implementing Crash Recovery in QuickStore: A Performance Study;S White, D DeWitt;SIGMOD Conference;1995
DBLP;G001594;1605;Hyper-Programming in Java;E Zirintsis, G Kirby, R Morrison;VLDB;1999
DBLP;G001595;1606;Reducing Multidatabase Query Response Time by Tree Balancing;W Du, M Shan, U Dayal;SIGMOD Conference;1995
DBLP;G001596;1607;Industrial Panel on Data Warehousing Technologies: Experiences, Challenges, and Directions;U Dayal;VLDB;1999
DBLP;G001597;1608;Temporal Conditions and Integrity Constraints in Active Database Systems;A Sistla, O Wolfson;SIGMOD Conference;1995
DBLP;G001598;1609;PM3: An Orthogonal Persistent Systems Programming Language - Design, Implementation, Performance;A Hosking, J Chen;VLDB;1999
DBLP;G001599;1610;View Maintenance in a Warehousing Environment;Y Zhuge, H Garcia-Molina, J Hammer, J Widom;SIGMOD Conference;1995
DBLP;G001600;1611;Implementation of SQL3 Structured Types with Inheritance and Value Substitutability;Y Fuh, S Deßloch, W Chen, N Mattos, B Tran, B Lindsay, L DeMichel, S Rielau, D Mannhaupt;VLDB;1999
DBLP;G001601;1612;Hypergraph Based Reorderings of Outer Join Queries with Complex Predicates;G Bhargava, P Goel, B Iyer;SIGMOD Conference;1995
DBLP;G001602;1613;The SPIFFI Scalable Video-on-Demand System;C Freedman, D DeWitt;SIGMOD Conference;1995
DBLP;G001603;1614;Implementation of Two Semantic Query Optimization Techniques in DB2 Universal Database;Q Cheng, J Gryz, F Koo, T Leung, L Liu, X Qian, K Schiefer;VLDB;1999
DBLP;G001604;1615;Optimization of Run-time Management of Data Intensive Web-sites;D Florescu, A Levy, D Suciu, K Yagoub;VLDB;1999
DBLP;G001605;1616;Incremental Maintenance of Views with Duplicates;T Griffin, L Libkin;SIGMOD Conference;1995
DBLP;G001606;1617;Join Queries with External Text Sources: Execution and Optimization Techniques;S Chaudhuri, U Dayal, T Yan;SIGMOD Conference;1995
DBLP;G001607;1618;Determining Text Databases to Search in the Internet;W Meng, K Liu, C Yu, X Wang, Y Chang, N Rishe;VLDB;1998
DBLP;G001608;1619;An Online Video Placement Policy based on Bandwith to Space Ratio (BSR);A Dan, D Sitaram;SIGMOD Conference;1995
DBLP;G001609;1620;Atomicity versus Anonymity: Distributed Transactions for Electronic Commerce;J Tygar;VLDB;1998
DBLP;G001610;1621;Diag-Join: An Opportunistic Join Algorithm for 1:N Relationships;S Helmer, T Westmann, G Moerkotte;VLDB;1998
DBLP;G001611;1622;Upsizing from File Server to Clent Server Architectures;T Team;SIGMOD Conference;1995
DBLP;G001612;1623;Object-Oriented, Rapid Application Development in a PC Database Environment;F Team;SIGMOD Conference;1995
DBLP;G001613;1624;Hash Joins and Hash Teams in Microsoft SQL Server;G Graefe, R Bunker, S Cooper;VLDB;1998
DBLP;G001614;1625;The Data That You Won't Find in Databases: Tutorial panel on data exchange formats;P Buneman, D Maier;SIGMOD Conference;1995
DBLP;G001615;1626;Spatio-Temporal Retrieval with RasDaMan;P Baumann, A Dehmel, P Furtado, R Ritsch, N Widmann;VLDB;1999
DBLP;G001616;1627;XML Repository and Active Views Demonstration;S Abiteboul, V Aguilera, S Ailleret, B Amann, S Cluet, B Hills, F Hubert, J Mamou, A Marian, L Mignet, T Milo, C Santos, B Tessier, A Vercoustre;VLDB;1999
DBLP;G001617;1628;The Lotus Notes Storage System;K Moore;SIGMOD Conference;1995
DBLP;G001618;1629;The Mirror MMDBMS Architecture;A Vries, M Doorn, H Blanken, P Apers;VLDB;1999
DBLP;G001619;1630;Keynote Address;N/A;N/A;1995
DBLP;G001620;1631;Miro Web: Integrating Multiple Data Sources through Semistructured Data Types;L Bouganim, T Chan-Sine-Ying, T Dang-Ngoc, J Darroux, G Gardarin, F Sha;VLDB;1999
DBLP;G001621;1632;Parallel Database Systems 101;J Gray;SIGMOD Conference;1995
DBLP;G001622;1633;Clustering Categorical Data: An Approach Based on Dynamical Systems;D Gibson, J Kleinberg, P Raghavan;VLDB;1998
DBLP;G001623;1634;Keynote Address;N/A;N/A;1995
DBLP;G001624;1635;Things Every Update Replication Customer Should Know;R Golding;SIGMOD Conference;1995
DBLP;G001625;1636;Fast High-Dimensional Data Search in Incomplete Databases;B Ooi, C Goh, K Tan;VLDB;1998
DBLP;G001626;1637;Algorithms for Mining Association Rules for Binary Segmentations of Huge Categorical Databases;Y Morimoto, T Fukuda, H Matsuzawa, T Tokuyama, K Yoda;VLDB;1998
DBLP;G001627;1638;VERSANT Replication: Supporting Fault-Tolerant Object Databases;Y Shyy, H Au-Yeung, C Chou;SIGMOD Conference;1995
DBLP;G001628;1639;Research and Products: Are They Relevant To Each Other? (Panel);H Edelstein;SIGMOD Conference;1995
DBLP;G001629;1640;Algorithms for Mining Distance-Based Outliers in Large Datasets;E Knorr, R Ng;VLDB;1998
DBLP;G001630;1641;Real World Requirements for Decision Support - Implications for RDBMS;S Bansal;SIGMOD Conference;1995
DBLP;G001631;1642;Design and Analysis of Parametric Query Optimization Algorithms;S Ganguly;VLDB;1998
DBLP;G001632;1643;Filtering with Approximate Predicates;N Shivakumar, H Garcia-Molina, C Chekuri;VLDB;1998
DBLP;G001633;1644;``One Size Fits All'' Database Architectures Do Not Work for DDS;C French;SIGMOD Conference;1995
DBLP;G001634;1645;Binding Propagation in Disjunctive Databases;S Greco;VLDB;1998
DBLP;G001635;1646;Leveraging The Information Asset;J Perna;SIGMOD Conference;1995
DBLP;G001636;1647;Use of a Component Architecture in Integrating Relational and Non-relational Storage Systems;R Atkinson;SIGMOD Conference;1995
DBLP;G001637;1648;Computing Iceberg Queries Efficiently;M Fang, N Shivakumar, H Garcia-Molina, R Motwani, J Ullman;VLDB;1998
DBLP;G001638;1649;Bulk-Loading Techniques for Object Databases and an Application to Relational Data;S Amer-Yahia, S Cluet, C Delobel;VLDB;1998
DBLP;G001639;1650;Informix Online XPS;R Gerber;SIGMOD Conference;1995
DBLP;G001640;1651;Order-of-Magnitude Advantage of TPC-C Though Massive Parallelism;C Levine;SIGMOD Conference;1995
DBLP;G001641;1652;Algorithms for Querying by Spatial Structure;D Papadias, N Mamoulis, V Delis;VLDB;1998
DBLP;G001642;1653;A Raster Approximation For Processing of Spatial Joins;G Zimbrao, J Souza;VLDB;1998
DBLP;G001643;1654;Objects and SQL: Strange Relations? Panel;D Deutsch;SIGMOD Conference;1995
DBLP;G001644;1655;Bank of America Case Study: The Information Currency Advantage;F Cariño, M Jahnke;VLDB;1998
DBLP;G001645;1656;Indexing Multimedia Databases (Tutorial);N/A;N/A;1995
DBLP;G001646;1657;An Asynchronous Avoidance-Based Cache Consistency Algorithm for Client Caching DBMSs;M Özsu, K Voruganti, R Unrau;VLDB;1998
DBLP;G001647;1658;An Overview of the Emerging Third-Generation SQL Standard (Tutorial);N/A;N/A;1995
DBLP;G001648;1659;Workflow Automation: Applications, Technology, and Research (Tutorial);N/A;N/A;1995
DBLP;G001649;1660;Design, Implementation, and Performance of the LHAM Log-Structured History Data Access Method;P Muth, P O'Neil, A Pick, G Weikum;VLDB;1998
DBLP;G001650;1661;Integration Approaches for CIM;N/A;N/A;1995
DBLP;G001651;1662;Expiring Data in a Warehouse;H Garcia-Molina, W Labio, J Yang;VLDB;1998
DBLP;G001652;1663;Storage Technology: RAID and Beyond;N/A;N/A;1995
DBLP;G001653;1664;Buffering and Read-Ahead Strategies for External Mergesort;W Zhang, P Larson;VLDB;1998
DBLP;G001654;1665;An Efficient Cost-Driven Index Selection Tool for Microsoft SQL Server;S Chaudhuri, V Narasayya;VLDB;1997
DBLP;G001655;1666;The SAMOS Active DBMS Prototype;S Gatziu, A Geppert, K Dittrich;SIGMOD Conference;1995
DBLP;G001656;1667;Design and Implementation of Advanced Knowledge Processing in the KDMS KRISYS (Demonstration Description);J Thomas, S Deßloch, N Mattos;SIGMOD Conference;1995
DBLP;G001657;1668;Algorithms for Materialized View Design in Data Warehousing Environment;J Yang, K Karlapalem, Q Li;VLDB;1997
DBLP;G001658;1669;Data Warehouse Configuration;D Theodoratos, T Sellis;VLDB;1997
DBLP;G001659;1670;InfoHarness: A System for Search and Retrieval of Heterogeneous Information;L Shklar, A Sheth, V Kashyap, S Thatte;SIGMOD Conference;1995
DBLP;G001660;1671;Fast Computation of Sparse Datacubes;K Ross, D Srivastava;VLDB;1997
DBLP;G001661;1672;QBI: Query By Icons;A Massari, S Pavani, L Saladini, P Chrysanthis;SIGMOD Conference;1995
DBLP;G001662;1673;1-Safe Algorithms for Symmetric Site Configurations;R Humborstad, M Sabaratnam, S Hvasshovd, Ø Torbjørnsen;VLDB;1997
DBLP;G001663;1674;The REACH Active OODBMS;A Buchmann, A Deutsch, J Zimmermann, M Higa;SIGMOD Conference;1995
DBLP;G001664;1675;Don't Scrap It, Wrap It! A Wrapper Architecture for Legacy Data Sources;M Roth, P Schwarz;VLDB;1997
DBLP;G001665;1676;The Query By Image Content (QBIC) System;J Ashley, M Flickner, J Hafner, D Lee, W Niblack, D Petkovic;SIGMOD Conference;1995
DBLP;G001666;1677;The NAOS System;C Collet, T Coupaye;SIGMOD Conference;1995
DBLP;G001667;1678;Describing and Using Query Capabilities of Heterogeneous Sources;V Vassalos, Y Papakonstantinou;VLDB;1997
DBLP;G001668;1679;Efficient Construction of Regression Trees with Range and Region Splitting;Y Morimoto, H Ishii, S Morishita;VLDB;1997
DBLP;G001669;1680;The Algres Testbed of CHIMERA: An Active Object-Oriented Database System;S Ceri, P Fraternali, S Paraboschi, G Psaila;SIGMOD Conference;1995
DBLP;G001670;1681;Using the CALANDA Time Series Management System;W Dreyer, A Dittrich, D Schmidt;SIGMOD Conference;1995
DBLP;G001671;1682;Concurrent Garbage Collection in O2;M Skubiszewski, P Valduriez;VLDB;1997
DBLP;G001672;1683;PTool: A Light Weight Persistent Object Manager;R Grossman, D Hanley, X Qin;SIGMOD Conference;1995
DBLP;G001673;1684;A One-Pass Algorithm for Accurately Estimating Quantiles for Disk-Resident Data;K Alsabti, S Ranka, V Singh;VLDB;1997
DBLP;G001674;1685;Finding Data in the Neighborhood;A Eickler, A Kemper, D Kossmann;VLDB;1997
DBLP;G001675;1686;Pattern Matching and Pattern Discovery in Scientific, Program, and Document Databases;J Wang, K Zhang, D Shasha;SIGMOD Conference;1995
DBLP;G001676;1687;Adaptive Data Broadcast in Hybrid Networks;K Stathatos, N Roussopoulos, J Baras;VLDB;1997
DBLP;G001677;1688;SHORE: Combining the Best Features of OODBMS and File Systems;S Team;SIGMOD Conference;1995
DBLP;G001678;1689;A Generic Approach to Bulk Loading Multidimensional Index Structures;J Bercken, B Seeger, P Widmayer;VLDB;1997
DBLP;G001679;1690;Paradise: A Database System for GIS Applications;P Team;SIGMOD Conference;1995
DBLP;G001680;1691;Evaluation of Main Memory Join Algorithms for Joins with Set Comparison Join Predicates;S Helmer, G Moerkotte;VLDB;1997
DBLP;G001681;1692;Semint: A System Prototype for Semantic Integration in Heterogeneous Databases;W Li, C Clifton;SIGMOD Conference;1995
DBLP;G001682;1693;Dynamic Memory Adjustment for External Mergesort;W Zhang, P Larson;VLDB;1997
DBLP;G001683;1694;Information Translation, Mediation, and Mosaic-Based Browsing in the TSIMMIS System;J Hammer, H Garcia-Molina, K Ireland, Y Papakonstantinou, J Ullman, J Widom;SIGMOD Conference;1995
DBLP;G001684;1695;Garbage Collection in Object Oriented Databases Using Transactional Cyclic Reference Counting;S Ashwin, P Roy, S Seshadri, A Silberschatz, S Sudarshan;VLDB;1997
DBLP;G001685;1696;VisDB: A System for Visualizing Large Databases;D Keim, H Kriegel;SIGMOD Conference;1995
DBLP;G001686;1697;Data Modeling of Time-Based Media;S Gibbs, C Breiteneder, D Tsichritzis;SIGMOD Conference;1994
DBLP;G000933;1698;Fast Incremental Maintenance of Approximate Histograms;P Gibbons, Y Matias, V Poosala;VLDB;1997
DBLP;G001687;1699;Groupwise Processing of Relational Queries;D Chatziantoniou, K Ross;VLDB;1997
DBLP;G001688;1700;Combinatorial Pattern Discovery for Scientific Data: Some Preliminary Results;J Wang, G Chirn, T Marr, B Shapiro, D Shasha, K Zhang;SIGMOD Conference;1994
DBLP;G001689;1701;A Region Splitting Strategy for Physical Database Design of Multidimensional File Organizations;J Lee, Y Lee, K Whang, I Song;VLDB;1997
DBLP;G001690;1702;ARIES/CSA: A Method for Database Recovery in Client-Server Architectures;C Mohan, I Narang;SIGMOD Conference;1994
DBLP;G001691;1703;Ensuring Relaxed Atomicity for Flexible Transactions in Multidatabase Systems;A Zhang, M Nodine, B Bhargava, O Bukhres;SIGMOD Conference;1994
DBLP;G001692;1704;DataGuides: Enabling Query Formulation and Optimization in Semistructured Databases;R Goldman, J Widom;VLDB;1997
DBLP;G001693;1705;Energy Efficient Indexing on Air;T Imielinski, S Viswanathan, B Badrinath;SIGMOD Conference;1994
DBLP;G001694;1706;Geo/Environmental and Medical Data Management in the RasDaMan System;P Baumann, P Furtado, R Ritsch, N Widmann;VLDB;1997
DBLP;G001695;1707;ASSET: A System for Supporting Extended Transactions;A Biliris, S Dar, N Gehani, H Jagadish, K Ramamritham;SIGMOD Conference;1994
DBLP;G001696;1708;GTE SuperPages: Using IR Techniques for Searching Complex Objects;S Whitehead, H Sinha, M Murphy;VLDB;1997
DBLP;G001697;1709;Effective Memory Use in a Media Server;E Chang, H Garcia-Molina;VLDB;1997
DBLP;G001698;1710;The ECRC Multi Database System;W Jonker, H Schütz;SIGMOD Conference;1995
DBLP;G001699;1711;Data Replication for Mobile Computers;Y Huang, A Sistla, O Wolfson;SIGMOD Conference;1994
DBLP;G001700;1712;Efficient User-Adaptable Similarity Search in Large Multimedia Databases;T Seidl, H Kriegel;VLDB;1997
DBLP;G001701;1713;Fine-Grained Sharing in a Page Server OODBMS;M Carey, M Franklin, M Zaharioudakis;SIGMOD Conference;1994
DBLP;G001702;1714;Critical Database Technologies for High Energy Physics;D Malon, E May;VLDB;1997
DBLP;G001703;1715;Fast Subsequence Matching in Time-Series Databases;C Faloutsos, M Ranganathan, Y Manolopoulos;SIGMOD Conference;1994
DBLP;G001704;1716;Caprera: An Activity Framework for Transaction Processing on Wide-Area Networks;S Kumar, E Kwang, D Agrawal;VLDB;1997
DBLP;G001705;1717;Distributing a Search Tree Among a Growing Number of Processors;B Kröll, P Widmayer;SIGMOD Conference;1994
DBLP;G001706;1718;Data Manager for Evolvable Real-time Command and Control Systems;E Hughes, R Ginis, B Thuraisingham, P Krupp, J Maurer;VLDB;1997
DBLP;G001707;1719;Distributed Processing over Stand-alone Systems and Applications;G Alonso, C Hagen, H Schek, M Tresch;VLDB;1997
DBLP;G001708;1720;From Structured Documents to Novel Query Facilities;V Christophides, S Abiteboul, S Cluet, M Scholl;SIGMOD Conference;1994
DBLP;G001709;1721;AlphaSort: A RISC Machine Sort;C Nyberg, T Barclay, Z Cvetanovic, J Gray, D Lomet;SIGMOD Conference;1994
DBLP;G001710;1722;The Microsoft Repository;P Bernstein, B Harry, P Sanders, D Shutt, J Zander;VLDB;1997
DBLP;G001711;1723;Distributed File Organization with Scalable Cost/Performance;R Vingralek, Y Breitbart, G Weikum;SIGMOD Conference;1994
DBLP;G001712;1724;Multidimensional Access Methods: Trees Have Grown Everywhere;T Sellis, N Roussopoulos, C Faloutsos;VLDB;1997
DBLP;G001713;1725;Adaptive Selectivity Estimation Using Query Feedback;C Chen, N Roussopoulos;SIGMOD Conference;1994
DBLP;G001714;1726;Efficient Testing of High Performance Transaction Processing Systems;D Wildfogel, R Yerneni;VLDB;1997
DBLP;G001715;1727;Innovation in Database Management: Computer Science vs. Engineering;K Jacobs;VLDB;1997
DBLP;G001716;1728;Estimating Page Fetches for Index Scans with Finite LRU Buffers;A Swami, K Schiefer;SIGMOD Conference;1994
DBLP;G001717;1729;PUBLIC: A Decision Tree Classifier that Integrates Building and Pruning;R Rastogi, K Shim;VLDB;1998
DBLP;G001718;1730;GENESYS: A System for Efficient Spatial Query Processing;T Brinkhoff, H Kriegel, R Schneider, B Seeger;SIGMOD Conference;1994
DBLP;G001719;1731;EOS: An Extensible Object Store;A Biliris, E Panagos;SIGMOD Conference;1994
DBLP;G001720;1732;On the Discovery of Interesting Patterns in Association Rules;S Ramaswamy, S Mahajan, A Silberschatz;VLDB;1998
DBLP;G001721;1733;WaveCluster: A Multi-Resolution Clustering Approach for Very Large Spatial Databases;G Sheikholeslami, S Chatterjee, A Zhang;VLDB;1998
DBLP;G001722;1734;Databases for Networks;H Jagadish;SIGMOD Conference;1994
DBLP;G001723;1735;A Survey and Critique of Advanced Transaction Models;C Mohan;SIGMOD Conference;1994
DBLP;G001724;1736;RainForest - A Framework for Fast Decision Tree Construction of Large Datasets;J Gehrke, R Ramakrishnan, V Ganti;VLDB;1998
DBLP;G001725;1737;DEC Data Distributor: for Data Replication and Data Warehousing;D Dietterich;SIGMOD Conference;1994
DBLP;G001726;1738;Small Materialized Aggregates: A Light Weight Index Structure for Data Warehousing;G Moerkotte;VLDB;1998
DBLP;G001727;1739;Secure Buffering in Firm Real-Time Database Systems;B George, J Haritsa;VLDB;1998
DBLP;G001728;1740;A Performance Study of Transitive Closure Algorithms;S Dar, R Ramakrishnan;SIGMOD Conference;1994
DBLP;G001729;1741;Safely and Efficiently Updating References During On-line Reorganization;C Zou, B Salzberg;VLDB;1998
DBLP;G001730;1742;Database in Crisis and Transition: A Technical Agenda for the Year 2001;D Vaskevitch;SIGMOD Conference;1994
DBLP;G001731;1743;COSS: The Common Object Services Specifications;B Martin;SIGMOD Conference;1994
DBLP;G001732;1744;Materialized View Selection for Multidimensional Datasets;A Shukla, P Deshpande, J Naughton;VLDB;1998
DBLP;G001733;1745;The Effectiveness of GlOSS for the Text Database Discovery Problem;L Gravano, H Garcia-Molina, A Tomasic;SIGMOD Conference;1994
DBLP;G001734;1746;Ratio Rules: A New Paradigm for Fast, Quantifiable Data Mining;F Korn, A Labrinidis, Y Kotidis, C Faloutsos;VLDB;1998
DBLP;G001735;1747;Implementation of Magic-sets in a Relational Database System;I Mumick, H Pirahesh;SIGMOD Conference;1994
DBLP;G001736;1748;Scalable Sweeping-Based Spatial Join;L Arge, O Procopiuc, S Ramaswamy, T Suel, J Vitter;VLDB;1998
DBLP;G001737;1749;Mining Surprising Patterns Using Temporal Description Length;S Chakrabarti, S Sarawagi, B Dom;VLDB;1998
DBLP;G001738;1750;Optimization of Dynamic Query Evaluation Plans;R Cole, G Graefe;SIGMOD Conference;1994
DBLP;G001739;1751;Incomplete Path Expressions and their Disambiguation;Y Ioannidis, Y Lashkari;SIGMOD Conference;1994
DBLP;G001740;1752;Scalable Techniques for Mining Causal Structures;C Silverstein, S Brin, R Motwani, J Ullman;VLDB;1998
DBLP;G001741;1753;Sleepers and Workaholics: Caching Strategies in Mobile Environments;D Barbará, T Imielinski;SIGMOD Conference;1994
DBLP;G001742;1754;Selectivity Estimation in Extensible Databases - A Neural Network Approach;M Lakshmi, S Zhou;VLDB;1998
DBLP;G001743;1755;Evolving Teradata Decision Support for Massively Parallel Processing with UNIX;C Ballinger;SIGMOD Conference;1994
DBLP;G001744;1756;Massive Stochastic Testing of SQL;D Slutz;VLDB;1998
DBLP;G001745;1757;Issues in Developing Very Large Data Warehouses;L Do, P Drew, W Jin, V Jumani, D Rossum;VLDB;1998
DBLP;G001746;1758;Staggered Striping in Multimedia Information Systems;S Berson, S Ghandeharizadeh, R Muntz, X Ju;SIGMOD Conference;1994
DBLP;G001747;1759;Database Issues in Telecommunications Network Management;I Ahn;SIGMOD Conference;1994
DBLP;G001748;1760;The Drill Down Benchmark;P Boncz, T Rühl, F Kwakkel;VLDB;1998
DBLP;G001749;1761;The National Medical Knowledge Bank;W Sterling;VLDB;1998
DBLP;G001750;1762;Quickly Generating Billion-Record Synthetic Databases;J Gray, P Sundaresan, S Englert, K Baclawski, P Weinberger;SIGMOD Conference;1994
DBLP;G001751;1763;Experiences in Federated Databases: From IRO-DB to MIRO-Web;P Fankhauser, G Gardarin, M Lopez, J Muñoz, A Tomasic;VLDB;1998
DBLP;G001752;1764;Predictive Dynamic Load Balancing of Parallel and Distributed Rule and Query Processing;H Dewan, S Stolfo, M Hernández, J Hwang;SIGMOD Conference;1994
DBLP;G001753;1765;Materialized Views in Oracle;R Bello, K Dias, A Downing, J Jr., J Finnerty, W Norcott, H Sun, A Witkowski, M Ziauddin;VLDB;1998
DBLP;G001754;1766;Incremental Updates of Inverted Lists for Text Document Retrieval;A Tomasic, H Garcia-Molina, K Shoens;SIGMOD Conference;1994
DBLP;G001755;1767;KODA - The Architecture And Interface of a Data Model Independent Kernel;G Arun, A Joshi;VLDB;1998
DBLP;G001756;1768;Optimizing Queries on Files;M Consens, T Milo;SIGMOD Conference;1994
DBLP;G001757;1769;On Parallel Execution of Multiple Pipelined Hash Joins;H Hsiao, M Chen, P Yu;SIGMOD Conference;1994
DBLP;G001758;1770;The ADABAS Buffer Pool Manager;H Schöning;VLDB;1998
DBLP;G001759;1771;Multi-Step Processing of Spatial Joins;T Brinkhoff, H Kriegel, R Schneider, B Seeger;SIGMOD Conference;1994
DBLP;G001760;1772;Plan-Per-Tuple Optimization Solution - Parallel Execution of Expensive User-Defined Functions;F Cariño, W O'Connell;VLDB;1998
DBLP;G001761;1773;Spatial Joins Using Seeded Trees;M Lo, C Ravishankar;SIGMOD Conference;1994
DBLP;G001762;1774;Is Web-site Management a Database Problem?;D Florescu, A Levy, D Suciu;VLDB;1998
DBLP;G001763;1775;Managing Memory for Real-Time Queries;H Pang, M Carey, M Livny;SIGMOD Conference;1994
DBLP;G001764;1776;Information, Communication, and Money: For What Can We Charge and How Can We Meter It?;S Blott, H Korth, A Silberschatz;VLDB;1998
DBLP;G001765;1777;Starting (and Sometimes Ending) a Database Company;J Orenstein;VLDB;1998
DBLP;G001766;1778;Shoring Up Persistent Applications;M Carey, D DeWitt, M Franklin, N Hall, M McAuliffe, J Naughton, D Schuh, M Solomon, C Tan, O Tsatalos, S White, M Zwilling;SIGMOD Conference;1994
DBLP;G001767;1779;The Cubetree Storage Organization;N Roussopoulos, Y Kotidis;VLDB;1998
DBLP;G001768;1780;QuickStore: A High Performance Mapped Object Store;S White, D DeWitt;SIGMOD Conference;1994
DBLP;G001769;1781;Self-Adaptive, On-Line Reclustering of Complex Object Data;W Jr., R King;SIGMOD Conference;1994
DBLP;G001770;1782;IBM's DB2 Universal Database demonstrations at VLDB'98;K Schiefer, J Kleewein, K Brannon, G Lohman, G Fuh;VLDB;1998
DBLP;G001771;1783;Sequence Query Processing;P Seshadri, M Livny, R Ramakrishnan;SIGMOD Conference;1994
DBLP;G001772;1784;MapInfo SpatialWare: A Spatial Information Server for RDBMS;C Mina;VLDB;1998
DBLP;G001773;1785;Practical Predicate Placement;J Hellerstein;SIGMOD Conference;1994
DBLP;G001774;1786;Objectivity Industrial Exhibit;O Objectivity;VLDB;1998
DBLP;G001775;1787;Optimizing Disjunctive Queries with Expensive Predicates;A Kemper, G Moerkotte, K Peithner, M Steinbrunn;SIGMOD Conference;1994
DBLP;G001776;1788;Oracle Industrial Exhibit;A Pogue;VLDB;1998
DBLP;G001777;1789;A Language for Manipulating Arrays;A Marathe, K Salem;VLDB;1997
DBLP;G001778;1790;Outerjoins as Disjunctions;C Galindo-Legaria;SIGMOD Conference;1994
DBLP;G001779;1791;A Foundation for Multi-dimensional Databases;M Gyssens, L Lakshmanan;VLDB;1997
DBLP;G001780;1792;Partition Selection Policies in Object Database Garbage Collection;J Cook, A Wolf, B Zorn;SIGMOD Conference;1994
DBLP;G001781;1793;Cost-based Selection of Path Expression Processing Algorithms in Object-Oriented Databases;G Gardarin, J Gruser, Z Tang;VLDB;1996
DBLP;G001782;1794;NonStop SQL: Scalability and Availability for Decision Support;S Englert;SIGMOD Conference;1994
DBLP;G001783;1795;Dynamic Load Balancing in Hierarchical Parallel Database Systems;L Bouganim, D Florescu, P Valduriez;VLDB;1996
DBLP;G001784;1796;Red Brick Warehouse: A Read-Mostly RDBMS for Open SMP Platforms;P Fernandez;SIGMOD Conference;1994
DBLP;G001785;1797;Disseminating Updates on Broadcast Disks;S Acharya, M Franklin, S Zdonik;VLDB;1996
DBLP;G001786;1798;The Montage Extensible DataBlade Achitecture;M Ubell;SIGMOD Conference;1994
DBLP;G001787;1799;Object-Oriented Features of DB2 Client/Server;H Pirahesh;SIGMOD Conference;1994
DBLP;G001788;1800;Calibrating the Query Optimizer Cost Model of IRO-DB, an Object-Oriented Federated Database System;G Gardarin, F Sha, Z Tang;VLDB;1996
DBLP;G001789;1801;Answering Queries with Aggregation Using Views;D Srivastava, S Dar, H Jagadish, A Levy;VLDB;1996
DBLP;G001790;1802;The IMPRESS DDT: A Database Design Toolbox Based on a Formal Specification Language;J Flokstra, M Keulen, J Skowronek;SIGMOD Conference;1994
DBLP;G001791;1803;Clustering Techniques for Minimizing External Path Length;A Diwan, S Rane, S Seshadri, S Sudarshan;VLDB;1996
DBLP;G001792;1804;The MEDUSA Project: Autonomous Data Management in a Shared-Nothing Parallel Database Machine;G Bryan, W Moore, B Curry, K Lodge, J Geyer;SIGMOD Conference;1994
DBLP;G001793;1805;Enterprise Information Architectures -- They're Finally Changing;W Melling;SIGMOD Conference;1994
DBLP;G001794;1806;Fast Nearest Neighbor Search in Medical Image Databases;F Korn, N Sidiropoulos, C Faloutsos, E Siegel, Z Protopapas;VLDB;1996
DBLP;G001795;1807;Relaxed Transaction Processing;M Singh, C Tomlinson, D Woelk;SIGMOD Conference;1994
DBLP;G001796;1808;Applying Data Mining Techniques to a Health Insurance Information System;M Viveros, J Nearhos, M Rothman;VLDB;1996
DBLP;G001797;1809;Oracle's Symmetric Replication Technology and Implications for Application Design;D Daniels, L Doo, A Downing, C Elsbernd, G Hallmark, S Jain, B Jenkins, P Lim, G Smith, B Souder, J Stamos;SIGMOD Conference;1994
DBLP;G001798;1810;Coalescing in Temporal Databases;M Böhlen, R Snodgrass, M Soo;VLDB;1996
DBLP;G001799;1811;Sybase Replication Server;A Gorelik, Y Wang, M Deppe;SIGMOD Conference;1994
DBLP;G001800;1812;Effective & Efficient Document Ranking without using a Large Lexicon;Y Ogawa;VLDB;1996
DBLP;G001801;1813;XSB as an Efficient Deductive Database Engine;K Sagonas, T Swift, D Warren;SIGMOD Conference;1994
DBLP;G001802;1814;A New SQL-like Operator for Mining Association Rules;R Meo, G Psaila, S Ceri;VLDB;1996
DBLP;G001803;1815;Parallel Database Systems in the 1990's;M Carey;SIGMOD Conference;1994
DBLP;G001804;1816;Constructing Efficient Decision Trees by Using Optimized Numeric Association Rules;T Fukuda, Y Morimoto, S Morishita, T Tokuyama;VLDB;1996
DBLP;G001805;1817;ODMG-93: A Standard for Object-Oriented DBMSs;R Cattell;SIGMOD Conference;1994
DBLP;G001806;1818;Efficient Snapshot Differential Algorithms for Data Warehousing;W Labio, H Garcia-Molina;VLDB;1996
DBLP;G001807;1819;EROC: A Toolkit for Building NEATO Query Optimizers;W McKenna, L Burger, C Hoang, M Truong;VLDB;1996
DBLP;G001808;1820;UniSQL/X Unified Relational and Object-Oriented Database System;W Kim;SIGMOD Conference;1994
DBLP;G001809;1821;Filter Trees for Managing Spatial Data over a Range of Size Granularities;K Sevcik, N Koudas;VLDB;1996
DBLP;G001810;1822;Oracle Media Server: Providing Consumer Based Interactive Access to Multimedia Data;A Laursen, J Olkin, M Porter;SIGMOD Conference;1994
DBLP;G001811;1823;Object-Oriented Extensions in SQL3: A Status Report;K Kulkarni;SIGMOD Conference;1994
DBLP;G001812;1824;Analysis of n-Dimensional Quadtrees using the Hausdorff Fractal Dimension;C Faloutsos, V Gaede;VLDB;1996
DBLP;G001813;1825;The Design and Implementation of a Sequence Database System;P Seshadri, M Livny, R Ramakrishnan;VLDB;1996
DBLP;G001814;1826;Editor's Notes;L Liu;SIGMOD Record;2003
DBLP;G001815;1827;Optimization of Queries with User-defined Predicates;S Chaudhuri, K Shim;VLDB;1996
DBLP;G001816;1828;Open Object Database Management Systems;N/A;N/A;1994
DBLP;G001817;1829;Incremental Maintenance of Externally Materialized Views;M Staudt, M Jarke;VLDB;1996
DBLP;G001818;1830;The MYRIAD Federated Database Prototype;S Hwang, E Lim, H Yang, S Musukula, K Mediratta, M Ganesh, D Clements, J Stenoien, J Srivastava;SIGMOD Conference;1994
DBLP;G001819;1831;WATCHMAN : A Data Warehouse Intelligent Cache Manager;P Scheuermann, J Shim, R Vingralek;VLDB;1996
DBLP;G001820;1832;DBLearn: A System Prototype for Knowledge Discovery in Relational Databases;J Han, Y Fu, Y Huang, Y Cai, N Cercone;SIGMOD Conference;1994
DBLP;G001821;1833;The X-tree : An Index Structure for High-Dimensional Data;S Berchtold, D Keim, H Kriegel;VLDB;1996
DBLP;G001822;1834;An environmental sensor network to determine drinking water quality and security;A Ailamaki, C Faloutsos, P Fischbeck, M Small, J VanBriesen;SIGMOD Record;2003
DBLP;G001823;1835;Bluetooth-based sensor networks;P Bonnet, A Beaufour, M Dydensborg, M Leopold;SIGMOD Record;2003
DBLP;G001824;1836;Of Objects and Databases: A Decade of Turmoil;M Carey, D DeWitt;VLDB;1996
DBLP;G001825;1837;Developments at ACM TODS;R Snodgrass;SIGMOD Record;2003
DBLP;G001826;1838;The Changing Landscape of the Software Industry and its Implications for India;U Gupta;VLDB;1996
DBLP;G001827;1839;Very Large Databases in a Commercial Application Environment;K Hess;VLDB;1996
DBLP;G001828;1840;Edgar F. Codd: a tribute and personal memoir;C Date;SIGMOD Record;2003
DBLP;G001829;1841;The ORES Temporal Database Management System;B Theodoulidis, A Ait-Braham, G Andrianopoulos, J Chaudhary, G Karvelis, S Sou;SIGMOD Conference;1994
DBLP;G001830;1842;Database Management Systems and the Internet;S Malaika;VLDB;1996
DBLP;G001831;1843;DWMS: Data Warehouse Management System;N Mohan;VLDB;1996
DBLP;G001832;1844;Ptool: A Scalable Persistent Object Manager;R Grossman, X Qin;SIGMOD Conference;1994
DBLP;G001833;1845;DISNIC-PLAN: A NICNET Based Distributed Database for Micro-level Planning in India;M Moni;VLDB;1996
DBLP;G001834;1846;A Language Based Multidatabase System;e Kühn, T Tschernko, K Schwarz;SIGMOD Conference;1994
DBLP;G001835;1847;MOSAICO - A System for Conceptual Modeling and Rapid Prototyping of Object-Oriented Database Application;M Missikoff, M Toiati;SIGMOD Conference;1994
DBLP;G001836;1848;Bellcore's ADAPT/X Harness System for Managing Information on Internet and Intranets;A Sheth;VLDB;1996
DBLP;G001837;1849;Cache Coherency in Oracle Parallel Server;B Klots;VLDB;1996
DBLP;G001838;1850;Query by Diagram: A Graphical Environment for Querying Databases;T Catarci, G Santucci;SIGMOD Conference;1994
DBLP;G001839;1851;Extracting Large Data Sets using DB2 Parallel Edition;S Padmanabhan;VLDB;1996
DBLP;G001840;1852;Quest: A Project on Database Mining;R Agrawal, M Carey, C Faloutsos, S Ghosh, M Houtsma, T Imielinski, B Iyer, A Mahboob, H Miranda, R Srikant, A Swami;SIGMOD Conference;1994
DBLP;G000794;1853;METU Object-Oriented DBMS;A Dogac, I Arpinar, C Evrendilek, C Ozkan, I Altintas, I Durusoy, M Altinel, T Okay, Y Saygin;SIGMOD Conference;1994
DBLP;G001841;1854;Further Improvements on Integrity Constraint Checking for Stratifiable Deductive Databases;S Lee, T Ling;VLDB;1996
DBLP;G001842;1855;Estimation of Query-Result Distribution and its Application in Parallel-Join Load Balancing;V Poosala, Y Ioannidis;VLDB;1996
DBLP;G001801;1856;XSB as a Deductive Database;K Sagonas, T Swift, D Warren;SIGMOD Conference;1994
DBLP;G001843;1857;Power efficient data gathering and aggregation in wireless sensor networks;H Tan, I Korpeoglu;SIGMOD Record;2003
DBLP;G001844;1858;To Weave the Web;P Atzeni, G Mecca, P Merialdo;VLDB;1997
DBLP;G001845;1859;Multimedia streaming in large-scale sensor networks with mobile swarms;M Gerla, K Xu;SIGMOD Record;2003
DBLP;G001846;1860;Using Probabilistic Information in Data Integration;D Florescu, D Koller, A Levy;VLDB;1997
DBLP;G001847;1861;Reasoning on regular path queries;D Calvanese, G Giacomo, M Lenzerini, M Vardi;SIGMOD Record;2003
DBLP;G001848;1862;On-Demand Data Elevation in Hierarchical Multimedia Storage Servers;P Triantafillou, T Papadakis;VLDB;1997
DBLP;G001849;1863;Interview with Pat Selinger;N/A;N/A;2003
DBLP;G001850;1864;Principles of Optimally Placing Data in Tertiary Storage Libraries;S Christodoulakis, P Triantafillou, F Zioga;VLDB;1997
DBLP;G001851;1865;Reminiscences on Influential Papers;N/A;N/A;2003
DBLP;G001852;1866;Materialized Views Selection in a Multidimensional Database;E Baralis, S Paraboschi, E Teniente;VLDB;1997
DBLP;G001853;1867;Review of Web caching and replication by Michael Rabinovich and Oliver Spatscheck. Addison Wesley 2002;N/A;N/A;2003
DBLP;G001854;1868;Parallel Algorithms for High-dimensional Similarity Joins for Data Mining Applications;J Shafer, R Agrawal;VLDB;1997
DBLP;G001855;1869;STING: A Statistical Information Grid Approach to Spatial Data Mining;W Wang, J Yang, R Muntz;VLDB;1997
DBLP;G001856;1870;Review of Data on the Web: from relational to semistructured data and XML by Serge Abiteboul, Peter Buneman, and Dan Suciu. Morgan Kaufmann 1999;N/A;N/A;2003
DBLP;G001857;1871;Review of Spatial databases with application to GIS by Philippe Rigaux, Michel Scholl, and Agnes Voisard. Morgan Kaufmann 2002;N/A;N/A;2003
DBLP;G001858;1872;Merging Ranks from Heterogeneous Internet Sources;L Gravano, H Garcia-Molina;VLDB;1997
DBLP;G001859;1873;Energy and rate based MAC protocol for wireless sensor networks;R Kannan, R Kalidindi, S Iyengar, V Kumar;SIGMOD Record;2003
DBLP;G001860;1874;The Case for Enhanced Abstract Data Types;P Seshadri, M Livny, R Ramakrishnan;VLDB;1997
DBLP;G001861;1875;Integrating Reliable Memory in Databases;W Ng, P Chen;VLDB;1997
DBLP;G001862;1876;Distributed deviation detection in sensor networks;T Palpanas, D Papadopoulos, V Kalogeraki, D Gunopulos;SIGMOD Record;2003
DBLP;G001863;1877;Logical and Physical Versioning in Main Memory Databases;R Rastogi, S Seshadri, P Bohannon, D Leinbaugh, A Silberschatz, S Sudarshan;VLDB;1997
DBLP;G001864;1878;Book review column;K Aberer;SIGMOD Record;2003
DBLP;G001865;1879;Sensor: the atomic computing particle;V Kumar;SIGMOD Record;2003
DBLP;G001866;1880;Using Versions in Update Transactions: Application to Integrity Checking;F Llirbat, E Simon, D Tombroff;VLDB;1997
DBLP;G001867;1881;Incremental Organization for Data Recording and Warehousing;H Jagadish, P Narayan, S Seshadri, S Sudarshan, R Kanneganti;VLDB;1997
DBLP;G001868;1882;The sensor spectrum: technology, trends, and requirements;J Hellerstein, W Hong, S Madden;SIGMOD Record;2003
DBLP;G001869;1883;Understanding the semantics of sensor data;M Mani;SIGMOD Record;2003
DBLP;G001870;1884;Multiple-View Self-Maintenance in Data Warehousing Environments;N Huyn;VLDB;1997
DBLP;G001871;1885;Recovering Information from Summary Data;C Faloutsos, H Jagadish, N Sidiropoulos;VLDB;1997
DBLP;G001872;1886;Managing uncertainty in sensor database;R Cheng, S Prabhakar;SIGMOD Record;2003
DBLP;G001873;1887;Implementing Abstract Objects with Inheritance in Datalogneg;H Jamil;VLDB;1997
DBLP;G001874;1888;The Cougar Project: a work-in-progress report;A Demers, J Gehrke, R Rajaraman, A Trigoni, Y Yao;SIGMOD Record;2003
DBLP;G001875;1889;DBGlobe: a service-oriented P2P system for global computing;E Pitoura, S Abiteboul, D Pfoser, G Samaras, M Vazirgiannis;SIGMOD Record;2003
DBLP;G001876;1890;Mining Insurance Data at Swiss Life;J Kietz, U Reimer, M Staudt;VLDB;1997
DBLP;G001877;1891;Facilitating Multimedia Database Exploration through Visual Interfaces and Perpetual Query Reformulations;W Li, K Candan, K Hirata, Y Hara;VLDB;1997
DBLP;G001878;1892;Design issues and challenges for RDF- and schema-based peer-to-peer systems;W Nejdl, W Siberski, M Sintek;SIGMOD Record;2003
DBLP;G000079;1893;Treasurer's Message;N/A;N/A;2003
DBLP;G001879;1894;The Oracle Universal Server Buffer;W Bridge, A Joshi, M Keihl, T Lahiri, J Loaiza, N MacNaughton;VLDB;1997
DBLP;G001880;1895;Chair's Message;N/A;N/A;2003
DBLP;G001881;1896;The Network as a Global Database: Challenges of Interoperability, Proactivity, Interactiveness, Legacy;P Lockemann, U Kölsch, A Koschel, R Kramer, R Nikolai, M Wallrath, H Walter;VLDB;1997
DBLP;G001882;1897;Selectivity Estimation Without the Attribute Value Independence Assumption;V Poosala, Y Ioannidis;VLDB;1997
DBLP;G001883;1898;Journal relevance;R Snodgrass;SIGMOD Record;2003
DBLP;G001884;1899;Towards an ODMG-Compliant Visual Object Query Language;M Chavda, P Wood;VLDB;1997
DBLP;G001885;1900;2003 SIGMOD Innovations Award Speech;D Chamberlin;SIGMOD Record;2003
DBLP;G001886;1901;Guest editor's introduction;N/A;N/A;2003
DBLP;G001887;1902;Integrating SQL Databases with Content-Specific Search Engines;S Deßloch, N Mattos;VLDB;1997
DBLP;G001888;1903;Resource Scheduling in Enhanced Pay-Per-View Continuous Media Databases;M Garofalakis, B Özden, A Silberschatz;VLDB;1997
DBLP;G001889;1904;Learning about data integration challenges from day one;A Halevy;SIGMOD Record;2003
DBLP;G001890;1905;Spatial Joins Using R-trees: Breadth-First Traversal with Global Optimizations;Y Huang, N Jing, E Rundensteiner;VLDB;1997
DBLP;G001891;1906;Agent-Oriented software engineering report on the 4th AOSE workshop (AOSE 2003);N/A;N/A;2003
DBLP;G001892;1907;The Complexity of Transformation-Based Join Enumeration;A Pellenkoft, C Galindo-Legaria, M Kersten;VLDB;1997
DBLP;G001893;1908;Report on the 5th international workshop on the design and management of data warehouses (DMDW'03);N/A;N/A;2003
DBLP;G001894;1909;Using Taxonomy, Discriminants, and Signatures for Navigating in Text Databases;S Chakrabarti, B Dom, R Agrawal, P Raghavan;VLDB;1997
DBLP;G001895;1910;Information integration on the Web: a view from AI and databases (report on IIWeb-03);S Kambhampati, C Knoblock;SIGMOD Record;2003
DBLP;G000359;1911;Report on FQAS 2002: fifth international conference on flexible query answering systems;N/A;N/A;2003
DBLP;G001896;1912;M-tree: An Efficient Access Method for Similarity Search in Metric Spaces;P Ciaccia, M Patella, P Zezula;VLDB;1997
DBLP;G001897;1913;Optimizing Queries Across Diverse Data Sources;L Haas, D Kossmann, E Wimmers, J Yang;VLDB;1997
DBLP;G001898;1914;Editor's Notes;L Liu;SIGMOD Record;2003
DBLP;G001899;1915;Vertical Data Migration in Large Near-Line Document Archives Based on Markov-Chain Predictions;A Kraiss, G Weikum;VLDB;1997
DBLP;G001900;1916;Research in database engineering at the University of Namur;J Hainaut;SIGMOD Record;2003
DBLP;G001901;1917;Exposing undergraduate students to database system internals;A Ailamaki, J Hellerstein;SIGMOD Record;2003
DBLP;G001509;1918;Parallel Query Scheduling and Optimization with Time- and Space-Shared Resources;M Garofalakis, Y Ioannidis;VLDB;1997
DBLP;G001902;1919;Analysis of SIGMOD's co-authorship graph;M Nascimento, J Sander, J Pound;SIGMOD Record;2003
DBLP;G001903;1920;Optimizing Queries with Universal Quantification in Object-Oriented and Object-Relational Databases;J Claußen, A Kemper, G Moerkotte, K Peithner;VLDB;1997
DBLP;G001904;1921;A Performance Evaluation of OID Mapping Techniques;A Eickler, C Gerlhof, D Kossmann;VLDB;1995
DBLP;G001905;1922;Editor's Notes;L Liu;SIGMOD Record;2003
DBLP;G001906;1923;Efficient Incremental Garbage Collection for Client-Server Object Database Systems;L Amsaleg, M Franklin, O Gruber;VLDB;1995
DBLP;G001907;1924;Closing the key loophole in MLS databases;N Jukic, S Nestorov, S Vrbsky;SIGMOD Record;2003
DBLP;G001908;1925;Report on the 4th International Conference on Mobile Data Management;N/A;N/A;2003
DBLP;G001909;1926;Document Management as a Database Problem;R Bayer;VLDB;1995
DBLP;G001910;1927;In Memory of Gísli R. Hjaltason;N/A;N/A;2003
DBLP;G001911;1928;From VLDB to VMLDB (Very MANY Large Data Bases): Dealing with Large-Scale Semantic Heterogenity;S Madnick;VLDB;1995
DBLP;G001912;1929;Declustering Databases on Heterogeneous Disk Systems;L Chen, D Rotem, S Seshadri;VLDB;1995
DBLP;G001913;1930;Standards for databases on the grid;S Malaika, A Eisenberg, J Melton;SIGMOD Record;2003
DBLP;G001914;1931;Review of The data warehouse toolkit: the complete guide to dimensional modeling (2nd edition) by Ralph Kimball, Margy Ross. John Wiley & Sons, Inc. 2002;N/A;N/A;2003
DBLP;G001915;1932;High-Concurrency Locking in R-Trees;M Kornacker, D Banks;VLDB;1995
DBLP;G001916;1933;Duplicate Removal in Information System Dissemination;T Yan, H Garcia-Molina;VLDB;1995
DBLP;G001917;1934;Interview with Rakesh Agrawal;N/A;N/A;2003
DBLP;G001918;1935;Reminiscences on Influential Papers;N/A;N/A;2003
DBLP;G001919;1936;Generalizing GlOSS to Vector-Space Databases and Broker Hierarchies;L Gravano, H Garcia-Molina;VLDB;1995
DBLP;G001920;1937;In-context peer-to-peer information filtering on the Web;A Ouksel;SIGMOD Record;2003
DBLP;G001921;1938;Tribeca: A Stream Database Manager for Network Traffic Analysis;M Sullivan;VLDB;1996
DBLP;G001922;1939;Selective information dissemination in P2P networks: problems and solutions;M Koubarakis, C Tryfonopoulos, S Idreos, Y Drougas;SIGMOD Record;2003
DBLP;G001923;1940;MineSet(tm): A System for High-End Data Mining and Visualization;N/A;VLDB;1996
DBLP;G001924;1941;The Query Optimizer in Tandem's new ServerWare SQL Product;P Celis;VLDB;1996
DBLP;G001925;1942;The hyperion project: from data integration to data coordination;M Arenas, V Kantere, A Kementsietsidis, I Kiringa, R Miller, J Mylopoulos;SIGMOD Record;2003
DBLP;G000750;1943;TPC-D: The Challenges, Issues and Results;R Bhashyam;VLDB;1996
DBLP;G001926;1944;Relational data sharing in peer-based data management systems;B Ooi, Y Shu, K Tan;SIGMOD Record;2003
DBLP;G001927;1945;Performance of Future Database Systems: Bottlenecks and Bonananzas;C Baru;VLDB;1996
DBLP;G001928;1946;Toward network data independence;J Hellerstein;SIGMOD Record;2003
DBLP;G001929;1947;What is the Data Warehousing Problem? (Are Materialized Views the Answer?);A Gupta, I Mumick;VLDB;1996
DBLP;G001930;1948;The Piazza peer data management project;I Tatarinov, Z Ives, J Madhavan, A Halevy, D Suciu, N Dalvi, X Dong, Y Kadiyska, G Miklau, P Mork;SIGMOD Record;2003
DBLP;G001931;1949;Peer-to-peer research at Stanford;M Bawa, B Cooper, A Crespo, N Daswani, P Ganesan, H Garcia-Molina, S Kamvar, S Marti, M Schlosser, Q Sun, P Vinograd, B Yang;SIGMOD Record;2003
DBLP;G001932;1950;The Structured Information Manager: A Database System for SGML Documents;R Sacks-Davis;VLDB;1996
DBLP;G001933;1951;Loading the Data Warehouse Across Various Parallel Architectures;V Raghavan;VLDB;1996
DBLP;G001934;1952;P-Grid: a self-organizing structured P2P system;K Aberer, P Cudré-Mauroux, A Datta, Z Despotovic, M Hauswirth, M Punceva, R Schmidt;SIGMOD Record;2003
DBLP;G001935;1953;Report on the 10th Conference on Database Systems for Business, Technology, and the Web (BTW 2003);N/A;N/A;2003
DBLP;G001936;1954;An Efficient Algorithm for Mining Association Rules in Large Databases;A Savasere, E Omiecinski, S Navathe;VLDB;1995
DBLP;G001937;1955;Discovery of Multiple-Level Association Rules from Large Databases;J Han, Y Fu;VLDB;1995
DBLP;G001938;1956;Reminiscences on Influential Papers;N/A;N/A;2003
DBLP;G001939;1957;A mapping mechanism to support bitmap index and other auxiliary structures on tables stored as primary B+-trees;E Chong, J Srinivasan, S Das, C Freiwald, A Yalamanchi, M Jagannath, A Tran, R Krishnan, R Jiang;SIGMOD Record;2003
DBLP;G001940;1958;Dynamic Multi-Resource Load Balancing in Parallel Database Systems;E Rahm, R Marek;VLDB;1995
DBLP;G001941;1959;Interview with Michael Stonebraker;N/A;N/A;2003
DBLP;G001942;1960;A Non-Uniform Data Fragmentation Strategy for Parallel Main-Menory Database Systems;N Bassiliades, I Vlahavas;VLDB;1995
DBLP;G001943;1961;Information rules;D Stirling;SIGMOD Record;2003
DBLP;G001944;1962;Applying Database Technology in the ADSM Mass Storage System;L Cabrera, R Rees, W Hineman;VLDB;1995
DBLP;G001945;1963;Peer-to-peer: harnessing the power of disruptive technologies;M Nascimento;SIGMOD Record;2003
DBLP;G001946;1964;Generalized Search Trees for Database Systems;J Hellerstein, J Naughton, A Pfeffer;VLDB;1995
DBLP;G001947;1965;Fundamentals of data warehouses: 2nd revised and extended edition;V Hoffner;SIGMOD Record;2003
DBLP;G001948;1966;A Scalable Architecture for Autonomous Heterogeneous Database Interactions;S Milliner, A Bouguettaya, M Papazoglou;VLDB;1995
DBLP;G001949;1967;Fast Similarity Search in the Presence of Noise, Scaling, and Translation in Time-Series Databases;R Agrawal, K Lin, H Sawhney, K Shim;VLDB;1995
DBLP;G001950;1968;Towards a database body of knowledge: a study from Spain;C Calero, M Piattini, F Ruiz;SIGMOD Record;2003
DBLP;G001951;1969;Research issues for data communication in mobile ad-hoc network database systems;L Fife, L Gruenwald;SIGMOD Record;2003
DBLP;G001952;1970;Coloring Away Communication in Parallel Query Optimization;W Hasan, R Motwani;VLDB;1995
DBLP;G001953;1971;Bypassing Joins in Disjunctive Queries;M Steinbrunn, K Peithner, G Moerkotte, A Kemper;VLDB;1995
DBLP;G001954;1972;Modelling temporal thematic map contents;A d'Onofrio, E Pourabbas;SIGMOD Record;2003
DBLP;G001955;1973;XPath processing in a nutshell;N/A;N/A;2003
DBLP;G001956;1974;A Practical and Modular Implementation of Extended Transaction Models;R Barga, C Pu;VLDB;1995
DBLP;G001957;1975;A Data Transformation System for Biological Data Sources;P Buneman, S Davidson, K Hart, G Overton, L Wong;VLDB;1995
DBLP;G001958;1976;Issues in data stream management;L Golab, M Özsu;SIGMOD Record;2003
DBLP;G001959;1977;Chair's Message;N/A;N/A;2003
DBLP;G001960;1978;Aggregate-Query Processing in Data Warehousing Environments;A Gupta, V Harinarayan, D Quass;VLDB;1995
DBLP;G001961;1979;A Web odyssey: from codd to XML;V Vianu;SIGMOD Record;2003
DBLP;G001962;1980;Eager Aggregation and Lazy Aggregation;W Yan, P Larson;VLDB;1995
DBLP;G001963;1981;Book review column;K Aberer;SIGMOD Record;2003
DBLP;G001964;1982;A Cost Model for Clustered Object-Oriented Databases;G Gardarin, J Gruser, Z Tang;VLDB;1995
DBLP;G001965;1983;Estimating the Selectivity of Spatial Queries Using the `Correlation' Fractal Dimension;A Belussi, C Faloutsos;VLDB;1995
DBLP;G001966;1984;An approach to confidence based page ranking for user oriented Web search;D Mukhopadhyay, D Giri, S Singh;SIGMOD Record;2003
DBLP;G001967;1985;ACM TODS in this Internet Age;R Snodgrass;SIGMOD Record;2003
DBLP;G001338;1986;ZOO : A Desktop Experiment Management Environment;Y Ioannidis, M Livny, S Gupta, N Ponnekanti;VLDB;1996
DBLP;G001968;1987;Querying Multiple Features of Groups in Relational Databases;D Chatziantoniou, K Ross;VLDB;1996
DBLP;G001969;1988;Performing Jobs without Decompression in a Compressed Database System;S O'Connell, N Winterbottom;SIGMOD Record;2003
DBLP;G001970;1989;Modeling Skewed Distribution Using Multifractals and the `80-20' Law;C Faloutsos, Y Matias, A Silberschatz;VLDB;1996
DBLP;G001955;1990;XPath Processing in a Nutshell;G Gottlob, C Koch, R Pichler;SIGMOD Record;2003
DBLP;G001971;1991;Semantic Data Caching and Replacement;S Dar, M Franklin, B Jónsson, D Srivastava, M Tan;VLDB;1996
DBLP;G001972;1992;Interview with Jim Gray;N/A;N/A;2003
DBLP;G001973;1993;A Database Approach to Quality of Service Specification in Video Databases;E Bertino, A Elmagarmid, M Hacid;SIGMOD Record;2003
DBLP;G001974;1994;Implementation and Analysis of a Parallel Collection Query Language;D Suciu;VLDB;1996
DBLP;G001975;1995;ANSI SQL Hierarchical Processing Can Fully Integrate Native XML;M David;SIGMOD Record;2003
DBLP;G001976;1996;Obtaining Complete Answers from Incomplete Databases;A Levy;VLDB;1996
DBLP;G001977;1997;Object Fusion in Mediator Systems;Y Papakonstantinou, S Abiteboul, H Garcia-Molina;VLDB;1996
DBLP;G001978;1998;Analysis of existing databases at the logical level: the DBA companion project;F Marchi, S Lopes, J Petit, F Toumani;SIGMOD Record;2003
DBLP;G001979;1999;Database Research at UT Arlington;S Chakravarthy, Y Aslandogan, R Elmasri, L Fegaras, J Oh;SIGMOD Record;2003
DBLP;G001980;2000;The Role of Integrity Constraints in Database Interoperation;M Vermeer, P Apers;VLDB;1996
DBLP;G001981;2001;Multiscale Histograms: Summarizing Topological Relations in Large Spatial Datasets;X Lin, Q Liu, Y Yuan, X Zhou;VLDB;2003
DBLP;G001982;2002;Query Processing in Spatial Network Databases;D Papadias, J Zhang, N Mamoulis, Y Tao;VLDB;2003
DBLP;G001983;2003;Merging Models Based on Given Correspondences;R Pottinger, P Bernstein;VLDB;2003
DBLP;G001984;2004;Avoiding Ordering and Grouping In Query Processing;X Wang, M Cherniack;VLDB;2003
DBLP;G001985;2005;AniPQO: Almost Non-intrusive Parametric Query Optimization for Nonlinear Cost Functions;A Hulgeri, S Sudarshan;VLDB;2003
DBLP;G001986;2006;Supporting Top-k Join Queries in Relational Databases;I Ilyas, W Aref, A Elmagarmid;VLDB;2003
DBLP;G001987;2007;The TPR*-Tree: An Optimized Spatio-Temporal Access Method for Predictive Queries;Y Tao, D Papadias, J Sun;VLDB;2003
DBLP;G001988;2008;Efficient Approximation Of Optimization Queries Under Parametric Aggregation Constraints;S Guha, D Gunopulos, N Koudas, D Srivastava, M Vlachos;VLDB;2003
DBLP;G001989;2009;Cache Tables: Paving the Way for an Adaptive Database Cache;M Altinel, C Bornhövd, S Krishnamurthy, C Mohan, H Pirahesh, B Reinwald;VLDB;2003
DBLP;G001990;2010;Lachesis: Robust Database Storage Management Based on Device-specific Performance Characteristics;J Schindler, A Ailamaki, G Ganger;VLDB;2003
DBLP;G001991;2011;A Dependability Benchmark for OLTP Application Environments;M Vieira, H Madeira;VLDB;2003
DBLP;G001992;2012;Primitives for Workload Summarization and Implications for SQL;S Chaudhuri, P Ganesan, V Narasayya;VLDB;2003
DBLP;G001993;2013;BHUNT: Automatic Discovery of Fuzzy Algebraic Constraints in Relational Data;P Brown, P Haas;VLDB;2003
DBLP;G001994;2014;Estimating the Output Cardinality of Partial Preaggregation with a Measure of Clusteredness;S Helmer, T Neumann, G Moerkotte;VLDB;2003
DBLP;G001995;2015;Memory Requirements for Query Execution in Highly Constrained Devices;N Anciaux, L Bouganim, P Pucheral;VLDB;2003
DBLP;G001996;2016;Tabular Placement of Relational Data on MEMS-based Storage Devices;H Yu, D Agrawal, A Abbadi;VLDB;2003
DBLP;G001997;2017;Capturing Global Transactions from Multiple Recovery Log Files in a Partitioned Database System;C Liu, B Lindsay, S Bourbonnais, E Hamel, T Truong, J Stankiewitz;VLDB;2003
DBLP;G001998;2018;The BEA/XQRL Streaming XQuery Processor;D Florescu, C Hillery, D Kossmann, P Lucas, F Riccardi, T Westmann, M Carey, A Sundararajan, G Agrawal;VLDB;2003
DBLP;G001999;2019;XML Schemas in Oracle XML DB;R Murthy, S Banerjee;VLDB;2003
DBLP;G002000;2020;Integrated Data Management for Mobile Services in the Real World;C Hage, C Jensen, T Pedersen, L Speicys, I Timko;VLDB;2003
DBLP;G002001;2021;Improving Performance with Bulk-Inserts in Oracle R-Trees;N An, K Kanth, S Ravada;VLDB;2003
DBLP;G002002;2022;Statistics on Views;C Galindo-Legaria, M Joshi, F Waas, M Wu;VLDB;2003
DBLP;G002003;2023;Efficient Query Processing for Multi-Dimensionally Clustered Tables in DB2;B Bhattacharjee, S Padmanabhan, T Malkemus, T Lai, L Cranston, M Huras;VLDB;2003
DBLP;G002004;2024;A Platform Based on the Multi-dimensional Data Model for Analysis of Bio-Molecular Structures;S Srinivasa, S Kumar;VLDB;2003
DBLP;G002005;2025;Controlling Access to Published Data Using Cryptography;G Miklau, D Suciu;VLDB;2003
DBLP;G002006;2026;OASIS: An Online and Accurate Technique for Local-alignment Searches on Biological Sequences;C Meek, J Patel, S Kasetty;VLDB;2003
DBLP;G002007;2027;Privacy-Preserving Indexing of Documents on the Network;M Bawa, R Jr., R Agrawal;VLDB;2003
DBLP;G002008;2028;Data Compression in Oracle;M Pöss, D Potapov;VLDB;2003
DBLP;G002009;2029;Operator Scheduling in a Data Stream Manager;D Carney, U Çetintemel, A Rasin, S Zdonik, M Cherniack, M Stonebraker;VLDB;2003
DBLP;G002010;2030;Efficient IR-Style Keyword Search over Relational Databases;V Hristidis, L Gravano, Y Papakonstantinou;VLDB;2003
DBLP;G002011;2031;Locating Data Sources in Large Distributed Systems;L Galanis, Y Wang, S Jeffery, D DeWitt;VLDB;2003
DBLP;G002012;2032;Robust Estimation With Sampling and Approximate Pre-Aggregation;C Jermaine;VLDB;2003
DBLP;G002013;2033;Chameleon: an Extensible and Customizable Tool for Web Data Translation;R Torlone, P Atzeni;VLDB;2003
DBLP;G002014;2034;WebService Composition with O'GRAPE and OSIRIS;R Weber, C Schuler, P Neukomm, H Schuldt, H Schek;VLDB;2003
DBLP;G002015;2035;Implementing Xquery 1.0: The Galax Experience;M Fernandez, J Siméon, B Choi, A Marian, G Sur;VLDB;2003
DBLP;G002016;2036;XISS/R: XML Indexing and Storage System using RDBMS;P Harding, Q Li, B Moon;VLDB;2003
DBLP;G002017;2037;A System for Keyword Proximity Search on XML Databases;A Balmin, V Hristidis, N Koudas, Y Papakonstantinou, D Srivastava, T Wang;VLDB;2003
DBLP;G002018;2038;Xquec: Pushing Queries to Compressed XML Data;A Arion, A Bonifati, G Costa, S D'Aguanno, I Manolescu, A Pugliese;VLDB;2003
DBLP;G002019;2039;Managing Distributed Workspaces with Active XML;S Abiteboul, J Baumgarten, A Bonifati, G Cobena, C Cremarenco, F Dragan, I Manolescu, T Milo, N Preda;VLDB;2003
DBLP;G002020;2040;OrientStore: A Schema Based Native XML Storage System;X Meng, D Luo, M Lee, J An;VLDB;2003
DBLP;G002021;2041;Xcerpt and visXcerpt: From Pattern-Based to Visual Querying of XML and Semistructured Data;S Berger, F Bry, S Schaffert, C Wieser;VLDB;2003
DBLP;G002022;2042;Illuminating the Dark Side of Web Services;M Brodie;VLDB;2003
DBLP;G002023;2043;Who needs XML Databases?;S Cluet;VLDB;2003
DBLP;G002024;2044;A Database Striptease or How to Manage Your Personal Databases;M Kersten, G Weikum, M Franklin, D Keim, A Buchmann, S Chaudhuri;VLDB;2003
DBLP;G002025;2045;The Zero-Delay Data Warehouse: Mobilizing Heterogeneous Databases;e Kühn;VLDB;2003
DBLP;G002026;2046;Commercial Use of Database Technology;H Schöning;VLDB;2003
DBLP;G002027;2047;Grid and Applications (Industrial Session);F Leymann;VLDB;2003
DBLP;G002028;2048;Web Services (Industrial Session);F Cabrera;VLDB;2003
DBLP;G002029;2049;Privacy-Enhanced Data Management for Next-Generation e-Commerce;N/A;N/A;2003
DBLP;G002030;2050;The Semantic Web: Semantics for Data on the Web;N/A;N/A;2003
DBLP;G000426;2051;IrisNet: An Architecture for Internet-scale Sensing Services;S Nath, A Deshpande, Y Ke, P Gibbons, B Karp, S Seshan;VLDB;2003
DBLP;G002031;2052;Large-Scale, Standards-Based Earth Observation Imagery and Web Mapping Services;P Baumann;VLDB;2003
DBLP;G002032;2053;QUIET: Continuous Query-driven Index Tuning;K Sattler, I Geist, E Schallehn;VLDB;2003
DBLP;G002033;2054;Chip-Secured Data Access: Reconciling Access Rights with Data Encryption;L Bouganim, F Ngoc, P Pucheral, L Wu;VLDB;2003
DBLP;G002034;2055;An Interpolated Volume Data Model;T Wang, S Santini, A Gupta;VLDB;2003
DBLP;G002035;2056;Efficacious Data Cube Exploration by Semantic Summarization and Compression;L Lakshmanan, J Pei, Y Zhao;VLDB;2003
DBLP;G002036;2057;ATLAS: A Small but Complete SQL Extension for Data Mining and Data Streams;H Wang, C Zaniolo, C Luo;VLDB;2003
DBLP;G002037;2058;Business Modelling Using SQL Spreadsheets;A Witkowski, S Bellamkonda, T Bozkaya, N Folkert, A Gupta, L Sheng, S Subramanian;VLDB;2003
DBLP;G002038;2059;From Focused Crawling to Expert Information: an Application Framework for Web Exploration and Portal Generation;S Sizov, J Graupmann, M Theobald;VLDB;2003
DBLP;G002039;2060;CachePortal II: Acceleration of Very Large Scale Data Center-Hosted Database-driven Web Applications;W Li, O Po, W Hsiung, K Candan, D Agrawal, Y Akca, K Taniguchi;VLDB;2003
DBLP;G002040;2061;BibFinder/StatMiner: Effectively Mining and Using Coverage and Overlap Statistics in Data Integration;Z Nie, S Kambhampati, T Hernandez;VLDB;2003
DBLP;G002041;2062;S-ToPSS: Semantic Toronto Publish/Subscribe System;M Petrovic, I Burcea, H Jacobsen;VLDB;2003
DBLP;G002042;2063;NexusScout: An Advanced Location-Based Application on a Distributed, Open Mediation Platform;D Nicklas, M Großmann, T Schwarz;VLDB;2003
DBLP;G002043;2064;Schema-driven Customization of Web Services;S Abiteboul, B Amann, J Baumgarten, O Benjelloun, F Ngoc, T Milo;VLDB;2003
DBLP;G002044;2065;Integrating Information for On Demand Computing;N Mattos;VLDB;2003
DBLP;G002045;2066;A Nanotechnology-based Approach to Data Storage;E Eleftheriou, P Bächtold, G Cherubini, A Dholakia, C Hagleitner, T Loeliger, A Pantazi, H Pozidis, T Albrecht, G Binnig, M Despont, U Drechsler, U Dürig, B Gotsmann, D Jubin, W Häberle, M Lantz, H Rothuizen, R Stutz, P Vettiger, D Wiesmann;VLDB;2003
DBLP;G002046;2067;The History of Histograms (abridged);Y Ioannidis;VLDB;2003
DBLP;G002047;2068;The Data-Centric Revolution in Networking;S Shenker;VLDB;2003
DBLP;G002048;2069;XSEarch: A Semantic Search Engine for XML;S Cohen, J Mamou, Y Kanza, Y Sagiv;VLDB;2003
DBLP;G002049;2070;Complex Queries over Web Repositories;S Raghavan, H Garcia-Molina;VLDB;2003
DBLP;G002050;2071;Efficient Mining of XML Query Patterns for Caching;L Yang, M Lee, W Hsu;VLDB;2003
DBLP;G002051;2072;An Efficient and Resilient Approach to Filtering and Disseminating Streaming Data;S Shah, S Dharmarajan, K Ramamritham;VLDB;2003
DBLP;G002052;2073;Phrase Matching in XML;S Amer-Yahia, M Fernandez, D Srivastava, Y Xu;VLDB;2003
DBLP;G002053;2074;RRXF: Redundancy reducing XML storage in relations;Y Chen, S Davidson, C Hara, Y Zheng;VLDB;2003
DBLP;G002054;2075;MARS: A System for Publishing XML from Mixed and Redundant Storage;A Deutsch, V Tannen;VLDB;2003
DBLP;G002055;2076;Projecting XML Documents;A Marian, J Siméon;VLDB;2003
DBLP;G002056;2077;Mixed Mode XML Query Processing;A Halverson, J Burger, L Galanis, A Kini, R Krishnamurthy, A Rao, F Tian, S Viglas, Y Wang, J Naughton, D DeWitt;VLDB;2003
DBLP;G002057;2078;From Tree Patterns to Generalized Tree Patterns: On Efficient Evaluation of XQuery;Z Chen, H Jagadish, L Lakshmanan, S Paparizos;VLDB;2003
DBLP;G002058;2079;Efficient Processing of Expressive Node-Selecting Queries on XML Data in Secondary Storage: A Tree Automata-based Approach;C Koch;VLDB;2003
DBLP;G002059;2080;Query Processing for High-Volume XML Message Brokering;Y Diao, M Franklin;VLDB;2003
DBLP;G002060;2081;A Framework for Clustering Evolving Data Streams;C Aggarwal, J Han, J Wang, P Yu;VLDB;2003
DBLP;G002061;2082;A Regression-Based Temporal Pattern Mining Scheme for Data Streams;W Teng, M Chen, P Yu;VLDB;2003
DBLP;G002062;2083;On the Costs of Multilingualism in Database Systems;A Kumaran, J Haritsa;VLDB;2003
DBLP;G002063;2084;Distributed Top-N Query Processing with Possibly Uncooperative Local Systems;C Yu, G Philip, W Meng;VLDB;2003
DBLP;G002064;2085;Optimized Query Execution in Large Search Engines with Global Page Ordering;X Long, T Suel;VLDB;2003
DBLP;G002065;2086;Path Queries on Compressed XML;P Buneman, M Grohe, C Koch;VLDB;2003
DBLP;G002066;2087;On the minimization of Xpath queries;S Flesca, F Furfaro, E Masciari;VLDB;2003
DBLP;G002067;2088;Covering Indexes for XML Queries: Bisimulation - Simulation = Negation;P Ramanan;VLDB;2003
DBLP;G002068;2089;Buffering Accesses to Memory-Resident Index Structures;J Zhou, K Ross;VLDB;2003
DBLP;G002069;2090;Balancing Performance and Data Freshness in Web Database Servers;A Labrinidis, N Roussopoulos;VLDB;2003
DBLP;G002070;2091;VIPAS: Virtual Link Powered Authority Search in the Web;C Lin, M Chen;VLDB;2003
DBLP;G002071;2092;SASH: A Self-Adaptive Histogram Set for Dynamically Changing Workloads;L Lim, M Wang, J Vitter;VLDB;2003
DBLP;G002072;2093;Data Bubbles for Non-Vector Data: Speeding-up Hierarchical Clustering in Arbitrary Metric Spaces;J Zhou, J Sander;VLDB;2003
DBLP;G002073;2094;A Shrinking-Based Approach for Multi-Dimensional Data Analysis;Y Shi, Y Song, A Zhang;VLDB;2003
DBLP;G002074;2095;COMBI-Operator: Database Support for Data Mining Applications;A Hinneburg, W Lehner, D Habich;VLDB;2003
DBLP;G002075;2096;Data Morphing: An Adaptive, Cache-Conscious Storage Technique;R Hankins, J Patel;VLDB;2003
DBLP;G002076;2097;Load Shedding in a Data Stream Manager;N Tatbul, U Çetintemel, S Zdonik, M Cherniack, M Stonebraker;VLDB;2003
DBLP;G002077;2098;Scheduling for shared window joins over data streams;M Hammad, M Franklin, W Aref, A Elmagarmid;VLDB;2003
DBLP;G002078;2099;Maximizing the Output Rate of Multi-Way Join Queries over Streaming Information Sources;S Viglas, J Naughton, J Burger;VLDB;2003
DBLP;G002079;2100;Holistic Twig Joins on Indexed XML Documents;H Jiang, W Wang, H Lu, J Yu;VLDB;2003
DBLP;G002080;2101;WISE-Integrator: An Automatic Integrator of Web Search Interfaces for E-Commerce;H He, W Meng, C Yu, Z Wu;VLDB;2003
DBLP;G002081;2102;AQuery: Query Language for Ordered Data, Optimization Techniques, and Experiments;A Lerner, D Shasha;VLDB;2003
DBLP;G002082;2103;Tuple Routing Strategies for Distributed Eddies;F Tian, D DeWitt;VLDB;2003
DBLP;G002083;2104;Querying the Internet with PIER;R Huebsch, J Hellerstein, N Lanham, B Loo, S Shenker, I Stoica;VLDB;2003
DBLP;G002084;2105;Mapping Adaptation under Evolving Schemas;Y Velegrakis, R Miller, L Popa;VLDB;2003
DBLP;G002085;2106;Locking Protocols for Materialized Aggregate Join Views;G Luo, J Naughton, C Ellmann, M Watzke;VLDB;2003
DBLP;G002086;2107;Adaptive, Hands-Off Stream Mining;S Papadimitriou, A Brockwell, C Faloutsos;VLDB;2003
DBLP;G002087;2108;Composing Mappings Among Data Sources;J Madhavan, A Halevy;VLDB;2003
DBLP;G002088;2109;Temporal Slicing in the Evaluation of XML Queries;D Gao, R Snodgrass;VLDB;2003
DBLP;G002089;2110;The Generalized Pre-Grouping Transformation: Aggregate-Query Optimization in the Presence of Dependencies;A Tsois, T Sellis;VLDB;2003
DBLP;G002090;2111;Supporting Frequent Updates in R-Trees: A Bottom-Up Approach;M Lee, W Hsu, C Jensen, B Cui, K Teo;VLDB;2003
DBLP;G002091;2112;The ND-Tree: A Dynamic Indexing Technique for Multidimensional Non-ordered Discrete Data Spaces;G Qian, Q Zhu, Q Xue, S Pramanik;VLDB;2003
DBLP;G002092;2113;Coarse-Grained Optimization: Techniques for Rewriting SQL Statement Sequences;T Kraft, H Schwarz, R Rantzau, B Mitschang;VLDB;2003
DBLP;G002093;2114;Processing Sliding Window Multi-Joins in Continuous Queries over Data Streams;L Golab, M Özsu;VLDB;2003
DBLP;G002094;2115;Finding Hierarchical Heavy Hitters in Data Streams;G Cormode, F Korn, S Muthukrishnan, D Srivastava;VLDB;2003
DBLP;G002095;2116;Star-Cubing: Computing Iceberg Cubes by Top-Down and Bottom-Up Integration;D Xin, J Han, X Li, B Wah;VLDB;2003
DBLP;G002096;2117;Checks and Balances: Monitoring Data Quality Problems in Network Traffic Databases;F Korn, S Muthukrishnan, Y Zhu;VLDB;2003
DBLP;G002097;2118;Systematic Development of Data Mining-Based Data Quality Tools;D Lübbers, U Grimmer, M Jarke;VLDB;2003
DBLP;G002098;2119;Continuous K-Nearest Neighbor Queries for Continuously Moving Points with Updates;G Iwerks, H Samet, K Smith;VLDB;2003
DBLP;G002099;2120;Staircase Join: Teach a Relational DBMS to Watch its (Axis) Steps;T Grust, M Keulen, J Teubner;VLDB;2003
DBLP;G002100;2121;An Almost-Serial Protocol for Transaction Execution in Main-Memory Database Systems;S Blott, H Korth;VLDB;2002
DBLP;G002101;2122;Lightweight Flexible Isolation for Language-based Extensible Systems;L Daynès, G Czajkowski;VLDB;2002
DBLP;G002102;2123;Processing Star Queries on Hierarchically-Clustered Fact Tables;N Karayannidis, A Tsois, T Sellis, R Pieringer, V Markl, F Ramsak, R Fenk, K Elhardt, R Bayer;VLDB;2002
DBLP;G002103;2124;Exploiting Versions for On-line Data Warehouse Maintenance in MOLAP Servers;H Kang, C Chung;VLDB;2002
DBLP;G002104;2125;ProTDB: Probabilistic Data in XML;A Nierman, H Jagadish;VLDB;2002
DBLP;G002105;2126;DISCOVER: Keyword Search in Relational Databases;V Hristidis, Y Papakonstantinou;VLDB;2002
DBLP;G002106;2127;Maintaining Data Privacy in Association Rule Mining;S Rizvi, J Haritsa;VLDB;2002
DBLP;G002107;2128;A Logical Framework for Scheduling Workflows under Resource Allocation Constraints;P Senkul, M Kifer, I Toroslu;VLDB;2002
DBLP;G002108;2129;Incremental Maintenance for Non-Distributive Aggregate Functions;T Palpanas, R Sidle, R Cochrane, H Pirahesh;VLDB;2002
DBLP;G002109;2130;Reverse Nearest Neighbor Aggregates Over Data Streams;F Korn, S Muthukrishnan, D Srivastava;VLDB;2002
DBLP;G002110;2131;Tree Pattern Aggregation for Scalable XML Data Dissemination;C Chan, W Fan, P Felber, M Garofalakis, R Rastogi;VLDB;2002
DBLP;G002111;2132;DTD-Directed Publishing with Attribute Translation Grammars;M Benedikt, C Chan, W Fan, R Rastogi, S Zheng, A Zhou;VLDB;2002
DBLP;G002112;2133;FAS - A Freshness-Sensitive Coordination Middleware for a Cluster of OLAP Components;U Röhm, K Böhm, H Schek, H Schuldt;VLDB;2002
DBLP;G002113;2134;The Generalized MDL Approach for Summarization;L Lakshmanan, R Ng, C Wang, X Zhou, T Johnson;VLDB;2002
DBLP;G002114;2135;Quotient Cube: How to Summarize the Semantics of a Data Cube;L Lakshmanan, J Pei, J Han;VLDB;2002
DBLP;G002115;2136;A One-Pass Aggregation Algorithm with the Optimal Buffer Size in Multidimensional OLAP;Y Lee, K Whang, Y Moon, I Song;VLDB;2002
DBLP;G002116;2137;Experience Report: Exploiting Advanced Database Optimization Features for Large-Scale SAP R/3 Installations;B Zeller, A Kemper;VLDB;2002
DBLP;G002117;2138;GnatDb: A Small-Footprint, Secure Database System;R Vingralek;VLDB;2002
DBLP;G002118;2139;A New Passenger Support System for Public Transport using Mobile Database Access;K Goto, Y Kambayashi;VLDB;2002
DBLP;G002119;2140;Information Integration and XML in IBM's DB2;P Selinger;VLDB;2002
DBLP;G002120;2141;Toward Recovery-Oriented Computing;A Fox;VLDB;2002
DBLP;G002121;2142;A Multi-version Cache Replacement and Prefetching Policy for Hybrid Data Delivery Environments;A Seifert, M Scholl;VLDB;2002
DBLP;G002122;2143;Business Process Cockpit;M Sayal, F Casati, U Dayal, M Shan;VLDB;2002
DBLP;G002123;2144;SMART: Making DB2 (More) Autonomic;G Lohman, S Lightstone;VLDB;2002
DBLP;G002124;2145;XMark: A Benchmark for XML Data Management;A Schmidt, F Waas, M Kersten, M Carey, I Manolescu, R Busse;VLDB;2002
DBLP;G002125;2146;SQL Memory Management in Oracle9i;B Dageville, M Zaït;VLDB;2002
DBLP;G002126;2147;Preference SQL - Design, Implementation, Experiences;W Kießling, G Köstler;VLDB;2002
DBLP;G002127;2148;The Denodo Data Integration Platform;A Pan, J Raposo, M Álvarez, P Montoto, V Orjales, J Hidalgo, L Ardao, A Molano, Á Viña;VLDB;2002
DBLP;G002128;2149;The gRNA: A Highly Programmable Infrastructure for Prototyping, Developing and Deploying Genomics-Centric Applications;A Laud, S Bhowmick, P Cruz, D Singh, G Rajesh;VLDB;2002
DBLP;G002129;2150;OBK - An Online High Energy Physics' Meta-Data Repository;I Alexandrov, A Amorim, E Badescu, M Barczyk, D Burckhart-Chromek, M Caprini, M Dobson, J Flammer, R Hart, R Jones, A Kazarov, S Kolos, V Kotov, D Liko, L Lucio, L Mapelli, M Mineev, L Moneta, I Papadopoulos, M Nassiakou, N Parrington, L Pedro, A Ribeiro,;VLDB;2002
DBLP;G002130;2151;Joining Ranked Inputs in Practice;I Ilyas, W Aref, A Elmagarmid;VLDB;2002
DBLP;G002131;2152;An Efficient Method for Performing Record Deletions and Updates Using Index Scans;C Mohan;VLDB;2002
DBLP;G002132;2153;ServiceGlobe: Distributing E-Services Across the Internet;M Keidl, S Seltzsam, K Stocker, A Kemper;VLDB;2002
DBLP;G002133;2154;SELF-SERV: A Platform for Rapid Composition of Web Services in a Peer-to-Peer Environment;Q Sheng, B Benatallah, M Dumas, E Mak;VLDB;2002
DBLP;G002134;2155;An Automated System for Web Portal Personalization;C Aggarwal, P Yu;VLDB;2002
DBLP;G002135;2156;EOS: Exactly-Once E-Service Middleware;G Shegalov, G Weikum, R Barga, D Lomet;VLDB;2002
DBLP;G002136;2157;Experiments on Query Expansion for Internet Yellow Page Services Using Web Log Mining;Y Ohura, K Takahashi, I Pramudiono, M Kitsuregawa;VLDB;2002
DBLP;G002137;2158;Issues and Evaluations of Caching Solutions for Web Application Acceleration;W Li, W Hsiung, D Kalashnikov, R Sion, O Po, D Agrawal, K Candan;VLDB;2002
DBLP;G002138;2159;The Rubicon of Smart Data;R King;VLDB;2002
DBLP;G002139;2160;Information Management Challenges from the Aerospace Industry;S Sripada;VLDB;2002
DBLP;G002140;2161;Extending an ORDBMS: The StateMachine Module;W Mahnke, C Mathis, H Steiert;VLDB;2002
DBLP;G002141;2162;BANKS: Browsing and Keyword Searching in Relational Databases;B Aditya, G Bhalotia, S Chakrabarti, A Hulgeri, C Nakhe, P Parag, S Sudarshan;VLDB;2002
DBLP;G002142;2163;Profiling and Internet Connectivity in Automotive Environments;M Cilia, P Hasselmayer, A Buchmann;VLDB;2002
DBLP;G002143;2164;GeMBASE: A Geometric Mediator for Brain Analysis with Surface Ensembles;S Santini, A Gupta;VLDB;2002
DBLP;G002144;2165;RTMonitor: Real-Time Data Monitoring Using Mobile Agent Technologies;K Lam, A Kwan, K Ramamritham;VLDB;2002
DBLP;G002145;2166;Viator - A Tool Family for Graphical Networking and Data View Creation;S Heymann, K Tham, A Kilian, G Wegner, P Rieger, D Merkel, J Freytag;VLDB;2002
DBLP;G002146;2167;Database Technologies for Electronic Commerce;R Agrawal, R Srikant, Y Xu;VLDB;2002
DBLP;G002147;2168;Advanced Database Technologies in a Diabetic Healthcare System;W Hsu, M Lee, B Ooi, P Mohanty, K Teo, C Xia;VLDB;2002
DBLP;G002148;2169;Caching Technologies for Web Applications;C Mohan;VLDB;2001
DBLP;G002149;2170;Approximate Query Processing: Taming the TeraBytes;M Garofalakis, P Gibbons;VLDB;2001
DBLP;G002150;2171;A-TOPSS - A Publish/Subscribe System Supporting Approximate Matching;H Liu, H Jacobsen;VLDB;2002
DBLP;G002151;2172;ALIAS: An Active Learning led Interactive Deduplication System;S Sarawagi, A Bhamidipaty, A Kirpal, C Mouli;VLDB;2002
DBLP;G002152;2173;Champagne: Data Change Propagation for Heterogeneous Information Systems;R Rantzau, C Constantinescu, U Heinkel, H Meinecke;VLDB;2002
DBLP;G002153;2174;enTrans: A System for Flexible Consistency Maintenance in Directory Applications;A Herlekar, A Deopujari, K Ramamritham, S Gopale, S Shukla;VLDB;2002
DBLP;G002154;2175;LegoDB: Customizing Relational Storage for XML Documents;P Bohannon, J Freire, J Haritsa, M Ramanath, P Roy, J Siméon;VLDB;2002
DBLP;G002155;2176;Active XML: Peer-to-Peer Data and Web Services Integration;S Abiteboul, O Benjelloun, I Manolescu, T Milo, R Weber;VLDB;2002
DBLP;G002156;2177;Crawling the Hidden Web;S Raghavan, H Garcia-Molina;VLDB;2001
DBLP;G002157;2178;Discovery of Influence Sets in Frequently Updated Databases;I Stanoi, M Riedewald, D Agrawal, A Abbadi;VLDB;2001
DBLP;G002158;2179;Analyzing Quantitative Databases: Image is Everything;A Amir, R Kashi, N Netanyahu;VLDB;2001
DBLP;G002159;2180;A Formal Perspective on the View Selection Problem;R Chirkova, A Halevy, D Suciu;VLDB;2001
DBLP;G002160;2181;Generic Schema Matching with Cupid;J Madhavan, P Bernstein, E Rahm;VLDB;2001
DBLP;G002161;2182;Et tu, XML? The downfall of the relational empire (abstract);P Wadler;VLDB;2001
DBLP;G002162;2183;Business Process Coordination: State of the Art, Trends, and Open Issues;U Dayal, M Hsu, R Ladin;VLDB;2001
DBLP;G002163;2184;Data Management for Pervasive Computing;M Cherniack, M Franklin, S Zdonik;VLDB;2001
DBLP;G002164;2185;Data Stream Query Processing: A Tutorial;N/A;N/A;2003
DBLP;G000285;2186;Grid Data Management Systems & Services;N/A;N/A;2003
DBLP;G002165;2187;Constructing and integrating data-centric Web Applications: Methods, Tools, and Techniques;N/A;N/A;2003
DBLP;G000445;2188;Database Tuning: Principles, Experiments, and Troubleshooting Techniques;D Shasha, P Bonnet;VLDB;2002
DBLP;G002166;2189;Efficient Algorithms for Processing XPath Queries;G Gottlob, C Koch, R Pichler;VLDB;2002
DBLP;G002167;2190;Comparing Data Streams Using Hamming Norms (How to Zero In);G Cormode, M Datar, P Indyk, S Muthukrishnan;VLDB;2002
DBLP;G002168;2191;A Case for Fractured Mirrors;R Ramamurthy, D DeWitt, Q Su;VLDB;2002
DBLP;G002169;2192;Fast and Accurate Text Classification via Multiple Linear Discriminant Projections;S Chakrabarti, S Roy, M Soundalgekar;VLDB;2002
DBLP;G002170;2193;eBusiness Standards and Architectures;N/A;N/A;2002
DBLP;G000585;2194;Querying and Mining Data Streams: You Only Get One Look;N/A;N/A;2002
DBLP;G000582;2195;Application Servers and Associated Technologies;N/A;N/A;2002
DBLP;G002171;2196;Automation in Information Extraction and Data Integration;N/A;N/A;2002
DBLP;G002172;2197;Searching and Mining Fine-Grained Semi-Structured Data;N/A;N/A;2002
DBLP;G002173;2198;Sensor Data Mining: Similarity Search and Pattern Analysis;N/A;N/A;2002
DBLP;G002174;2199;Wireless Graffiti - Data, Data Everywhere Matters;T Imielinski, B Badrinath;VLDB;2002
DBLP;G002175;2200;Self-tuning Database Technology and Information Services: from Wishful Thinking to Viable Engineering;G Weikum, A Mönkeberg, C Hasse, P Zabback;VLDB;2002
DBLP;G002176;2201;Adaptable Similarity Search using Non-Relevant Information;T Ashwin, R Gupta, S Ghosal;VLDB;2002
DBLP;G002177;2202;REFEREE: An Open Framework for Practical Testing of Recommender Systems using ResearchIndex;D Cosley, S Lawrence, D Pennock;VLDB;2002
DBLP;G002178;2203;Database Selection Using Actual Physical and Acquired Logical Collection Resources in a Massive Domain-specific Operational Environment;J Conrad, X Guo, P Jackson, M Meziou;VLDB;2002
DBLP;G002179;2204;Sideway Value Algebra for Object-Relational Databases;G Özsoyoglu, A Al-Hamdani, I Altingövde, S Özel, Ö Ulusoy, Z Özsoyoglu;VLDB;2002
DBLP;G002180;2205;Incorporating XSL Processing into Database Engines;G Moerkotte;VLDB;2002
DBLP;G002181;2206;Structural Function Inlining Technique for Structurally Recursive XML Queries;C Park, J Min, C Chung;VLDB;2002
DBLP;G002182;2207;Chip-Secured Data Access: Confidential Data on Untrusted Servers;L Bouganim, P Pucheral;VLDB;2002
DBLP;G002183;2208;Optimizing View Queries in ROLEX to Support Navigable Result Trees;P Bohannon, S Ganguly, H Korth, P Narayan, P Shenoy;VLDB;2002
DBLP;G002184;2209;Watermarking Relational Databases;R Agrawal, J Kiernan;VLDB;2002
DBLP;G002185;2210;Hippocratic Databases;R Agrawal, J Kiernan, R Srikant, Y Xu;VLDB;2002
DBLP;G002186;2211;Plan Selection Based on Query Clustering;A Ghosh, J Parikh, V Sengar, J Haritsa;VLDB;2002
DBLP;G002187;2212;Parametric Query Optimization for Linear and Piecewise Linear Cost Functions;A Hulgeri, S Sudarshan;VLDB;2002
DBLP;G002188;2213;Streaming Queries over Streaming Data;S Chandrasekaran, M Franklin;VLDB;2002
DBLP;G002189;2214;Generic Database Cost Models for Hierarchical Memory Systems;S Manegold, P Boncz, M Kersten;VLDB;2002
DBLP;G002190;2215;A Transducer-Based XML Query Processor;B Ludäscher, P Mukhopadhyay, Y Papakonstantinou;VLDB;2002
DBLP;G002191;2216;Monitoring Streams - A New Class of Data Management Applications;D Carney, U Çetintemel, M Cherniack, C Convey, S Lee, G Seidman, M Stonebraker, N Tatbul, S Zdonik;VLDB;2002
DBLP;G002192;2217;RE-Tree: An Efficient Index Structure for Regular Expressions;C Chan, M Garofalakis, R Rastogi;VLDB;2002
DBLP;G002193;2218;Shooting Stars in the Sky: An Online Algorithm for Skyline Queries;D Kossmann, F Ramsak, S Rost;VLDB;2002
DBLP;G002194;2219;Updates for Structure Indexes;R Kaushik, P Bohannon, J Naughton, P Shenoy;VLDB;2002
DBLP;G002195;2220;Efficient Structural Joins on Indexed XML Documents;S Chien, Z Vagena, D Zhang, V Tsotras, C Zaniolo;VLDB;2002
DBLP;G002196;2221;Foundations of Preferences in Database Systems;W Kießling;VLDB;2002
DBLP;G002197;2222;Multi-Dimensional Regression Analysis of Time-Series Data Streams;Y Chen, G Dong, J Han, B Wah, J Wang;VLDB;2002
DBLP;G002198;2223;Continuous Nearest Neighbor Search;Y Tao, D Papadias, Q Shen;VLDB;2002
DBLP;G002199;2224;Progressive Merge Join: A Generic and Non-blocking Sort-based Join Algorithm;J Dittrich, B Seeger, D Taylor, P Widmayer;VLDB;2002
DBLP;G002200;2225;Optimizing Result Prefetching in Web Search Engines with Segmented Indices;R Lempel, S Moran;VLDB;2002
DBLP;G002201;2226;I/O-Conscious Data Preparation for Large-Scale Web Search Engines;M Lifantsev, T Chiueh;VLDB;2002
DBLP;G002202;2227;Approximate Frequency Counts over Data Streams;G Manku, R Motwani;VLDB;2002
DBLP;G002203;2228;StatStream: Statistical Monitoring of Thousands of Data Streams in Real Time;Y Zhu, D Shasha;VLDB;2002
DBLP;G002204;2229;Adaptive Index Structures;Y Tao, D Papadias;VLDB;2002
DBLP;G002205;2230;XPathLearner: An On-line Self-Tuning Markov Histogram for XML Path Selectivity Estimation;L Lim, M Wang, S Padmanabhan, J Vitter, R Parr;VLDB;2002
DBLP;G002206;2231;Distributed Search over the Hidden Web: Hierarchical Database Sampling and Selection;P Ipeirotis, L Gravano;VLDB;2002
DBLP;G002207;2232;Exact Indexing of Dynamic Time Warping;E Keogh;VLDB;2002
DBLP;G002208;2233;Optimizing the Secure Evaluation of Twig Queries;S Cho, S Amer-Yahia, L Lakshmanan, D Srivastava;VLDB;2002
DBLP;G002209;2234;Compressed Accessibility Map: Efficient Access Control for XML;T Yu, D Srivastava, L Lakshmanan, H Jagadish;VLDB;2002
DBLP;G002210;2235;Structure and Value Synopses for XML Data Graphs;N Polyzotis, M Garofalakis;VLDB;2002
DBLP;G002211;2236;How to Summarize the Universe: Dynamic Maintenance of Quantiles;A Gilbert, Y Kotidis, S Muthukrishnan, M Strauss;VLDB;2002
DBLP;G002212;2237;A Bandwidth Model for Internet Search;A Uhl;VLDB;2002
DBLP;G002213;2238;Maintaining Coherency of Dynamic Data in Cooperating Repositories;S Shah, K Ramamritham, P Shenoy;VLDB;2002
DBLP;G002214;2239;Effective Change Detection Using Sampling;J Cho, A Ntoulas;VLDB;2002
DBLP;G002215;2240;Provisions and Obligations in Policy Management and Security Applications;C Bettini, S Jajodia, X Wang, D Wijesekera;VLDB;2002
DBLP;G002216;2241;Eliminating Fuzzy Duplicates in Data Warehouses;R Ananthakrishna, S Chaudhuri, V Ganti;VLDB;2002
DBLP;G002217;2242;Improving Data Access of J2EE Applications by Exploiting Asynchronous Messaging and Caching Services;S Kounev, A Buchmann;VLDB;2002
DBLP;G002218;2243;View Invalidation for Dynamic Content Caching in Multitiered Architectures;K Candan, D Agrawal, W Li, O Po, W Hsiung;VLDB;2002
DBLP;G002219;2244;Using Latency-Recency Profiles for Data Delivery on the Web;L Bright, L Raschid;VLDB;2002
DBLP;G002220;2245;Searching on the Secondary Structure of Protein Sequences;L Hammel, J Patel;VLDB;2002
DBLP;G002221;2246;Efficient Exploration of Large Scientific Databases;E Stolte, G Alonso;VLDB;2002
DBLP;G002222;2247;COMA - A System for Flexible Combination of Schema Matching Approaches;H Do, E Rahm;VLDB;2002
DBLP;G002223;2248;Translating Web Data;L Popa, Y Velegrakis, R Miller, M Hernández, R Fagin;VLDB;2002
DBLP;G002224;2249;Static Analysis Techniques for Predicting the Behavior of Active Database Rules;A Aiken, J Hellerstein, J Widom;ACM Trans. Database Syst.;1995
DBLP;G002225;2250;Declarative Updates of Relational Databases;W Chen;ACM Trans. Database Syst.;1995
DBLP;G002226;2251;The INCINERATE Data Model;H Jagadish;ACM Trans. Database Syst.;1995
DBLP;G002227;2252;Quorum Consensus in Nested Transaction Systems;K Goldman, N Lynch;ACM Trans. Database Syst.;1994
DBLP;G002228;2253;\Addendum to \"\"Automatic Generation of Production Rules for Integrity Maintenance\"\"\"";S Ceri, P Fraternali, S Paraboschi, L Tanca;ACM Trans. Database Syst.;1995
DBLP;G002229;2254;Incremental Computation of Nested Relational Query Expressions;L Bækgaard, L Mark;ACM Trans. Database Syst.;1995
DBLP;G002230;2255;Efficient Checking of Temporal Integrity Constraints Using Bounded History Encoding;J Chomicki;ACM Trans. Database Syst.;1995
DBLP;G002231;2256;Fast Algorithms for Universal Quantification in Large Databases;G Graefe, R Cole;ACM Trans. Database Syst.;1995
DBLP;G002232;2257;Space Optimization in Deductive Databases;D Srivastava, S Sudarshan, R Ramakrishnan, J Naughton;ACM Trans. Database Syst.;1995
DBLP;G002233;2258;Query Evaluation in Deductive Databases with Alternating Fixpoint Semantics;W Chen;ACM Trans. Database Syst.;1995
DBLP;G002234;2259;Containment of Conjunctive Queries: Beyond Relations as Sets;Y Ioannidis, R Ramakrishnan;ACM Trans. Database Syst.;1995
DBLP;G002235;2260;Transaction Chopping: Algorithms and Performance Studies;D Shasha, F Llirbat, E Simon, P Valduriez;ACM Trans. Database Syst.;1995
DBLP;G002236;2261;A Normal Form for Precisely Characterizing Redundancy in Nested Relations;W Mok, Y Ng, D Embley;ACM Trans. Database Syst.;1996
DBLP;G002237;2262;Magic Conditions;I Mumick, S Finkelstein, H Pirahesh, R Ramakrishnan;ACM Trans. Database Syst.;1996
DBLP;G002238;2263;An Execution Model for Limited Ambiguity Rules and Its Application to Derived Data Update;I Chen, R Hull, D McLeod;ACM Trans. Database Syst.;1995
DBLP;G002239;2264;A Structured Approach for the Definition of the Semantics of Active Databases;P Fraternali, L Tanca;ACM Trans. Database Syst.;1995
DBLP;G002240;2265;Solving Satisfiability and Implication Problems in Database Systems;S Guo, W Sun, M Weiss;ACM Trans. Database Syst.;1996
DBLP;G002241;2266;Implementing Deductive Databases by Mixed Integer Programming;C Bell, A Nerode, R Ng, V Subrahmanian;ACM Trans. Database Syst.;1996
DBLP;G002242;2267;Polymorphism and Type Inference in Database Programming;P Buneman, A Ohori;ACM Trans. Database Syst.;1996
DBLP;G002243;2268;Modularization Techniques for Active Rules Design;E Baralis, S Ceri, S Paraboschi;ACM Trans. Database Syst.;1996
DBLP;G002244;2269;Heraclitus: Elevating Deltas to be First-Class Citizens in a Database Programming Language;S Ghandeharizadeh, R Hull, D Jacobs;ACM Trans. Database Syst.;1996
DBLP;G002245;2270;A Probabilistic Relational Model and Algebra;D Dey, S Sarkar;ACM Trans. Database Syst.;1996
DBLP;G002246;2271;Tail Recursion Elimination in Deductive Databases;K Ross;ACM Trans. Database Syst.;1996
DBLP;G002247;2272;The Building Blocks for Specifying Communication Behavior of Complex Objects: An Activity-Driven Approach;L Liu, R Meersman;ACM Trans. Database Syst.;1996
DBLP;G002248;2273;Semantics for Update Rule Programs and Implementations in a Relational Database Management System;L Raschid, J Lobo;ACM Trans. Database Syst.;1996
DBLP;G002249;2274;Model and Verification of a Data Manager Based on ARIES;D Kuo;ACM Trans. Database Syst.;1996
DBLP;G002250;2275;Declustering of Key-Based Partitioned Signature Files;P Ciaccia, P Tiberio, P Zezula;ACM Trans. Database Syst.;1996
DBLP;G002251;2276;LH* - A Scalable, Distributed Data Structure;W Litwin, M Neimat, D Schneider;ACM Trans. Database Syst.;1996
DBLP;G002252;2277;Outerjoin Simplification and Reordering for Query Optimization;C Galindo-Legaria, A Rosenthal;ACM Trans. Database Syst.;1997
DBLP;G002253;2278;On the Semantics of ``Now'' in Databases;J Clifford, C Dyreson, T Isakowitz, C Jensen, R Snodgrass;ACM Trans. Database Syst.;1997
DBLP;G002254;2279;Extended Ehemeral Logging: Log Storage Management for Applications with Long Lived Transactions;J Keen, W Dally;ACM Trans. Database Syst.;1997
DBLP;G002255;2280;An Axiomatic Model of Dynamic Schema Evolution in Objectbase Systems;R Peters, M Özsu;ACM Trans. Database Syst.;1997
DBLP;G002256;2281;Guest editorial;N/A;N/A;2003
DBLP;G002192;2282;RE-tree: an efficient index structure for regular expressions;C Chan, M Garofalakis, R Rastogi;VLDB J.;2003
DBLP;G000277;2283;Aurora: a new model and architecture for data stream management;D Abadi, D Carney, U Çetintemel, M Cherniack, C Convey, S Lee, M Stonebraker, N Tatbul, S Zdonik;VLDB J.;2003
DBLP;G002169;2284;Fast and accurate text classification via multiple linear discriminant projections pp;S Chakrabarti, S Roy, M Soundalgekar;VLDB J.;2003
DBLP;G002257;2285;Incremental computation and maintenance of temporal aggregates;J Yang, J Widom;VLDB J.;2003
DBLP;G002168;2286;A case for fractured mirrors;R Ramamurthy, D DeWitt, Q Su;VLDB J.;2003
DBLP;G002258;2287;A performance study of four index structures for set-valued attributes of low cardinality;S Helmer, G Moerkotte;VLDB J.;2003
DBLP;G002259;2288;Instance-based attribute identification in database integration;C Cecil, R Chiang, E Lim;VLDB J.;2003
DBLP;G002260;2289;Cost-driven vertical class partitioning for methods in object oriented databases;C Fung, K Karlapalem, Q Li;VLDB J.;2003
DBLP;G002261;2290;Computing complete answers to queries in the presence of limited access patterns;C Li;VLDB J.;2003
DBLP;G002262;2291;THESUS: Organizing Web document collections based on link semantics;M Halkidi, B Nguyen, I Varlamis, M Vazirgiannis;VLDB J.;2003
DBLP;G002263;2292;POESIA: An ontological workflow approach for composing Web services in agriculture;R Fileto, L Liu, C Pu, E Assad, C Medeiros;VLDB J.;2003
DBLP;G002264;2293;Managing multiple and distributed ontologies on the Semantic Web;A Maedche, B Motik, L Stojanovic;VLDB J.;2003
DBLP;G002265;2294;Learning to match ontologies on the Semantic Web;A Doan, J Madhavan, R Dhamankar, P Domingos, A Halevy;VLDB J.;2003
DBLP;G002266;2295;Composing Web services on the Semantic Web;B Medjahed, A Bouguettaya, A Elmagarmid;VLDB J.;2003
DBLP;G002267;2296;Guest editorial;N/A;N/A;2003
DBLP;G002268;2297;Charter and Scope;W Kim;ACM Trans. Database Syst.;1994
DBLP;G002269;2298;Altruistic Locking;K Salem, H Garcia-Molina, J Shands;ACM Trans. Database Syst.;1994
DBLP;G002270;2299;On Completeness of Historical Relational Query Languages;J Clifford, A Croker, A Tuzhilin;ACM Trans. Database Syst.;1994
DBLP;G002271;2300;A Modified Random Perturbation Method for Database Security;P Tendick, N Matloff;ACM Trans. Database Syst.;1994
DBLP;G002272;2301;A Taxonomy for Secure Object-Oriented Databases;M Olivier, S Solms;ACM Trans. Database Syst.;1994
DBLP;G002273;2302;Using Semantic Values to Falilitate Interoperability Among Heterogeneous Information Systems;E Sciore, M Siegel, A Rosenthal;ACM Trans. Database Syst.;1994
DBLP;G002274;2303;Index Structures for Selective Dissemination of Information Under the Boolean Model;T Yan, H Garcia-Molina;ACM Trans. Database Syst.;1994
DBLP;G002275;2304;Amalgamating Knowledge Bases;V Subrahmanian;ACM Trans. Database Syst.;1994
DBLP;G002276;2305;Automated Resolution of Semantic Heterogeneity in Multidatabases;M Bright, A Hurson, S Pakzad;ACM Trans. Database Syst.;1994
DBLP;G002277;2306;Tools and Transformations - Rigorous and Otherwise - for Practical Database Design;A Rosenthal, D Reiner;ACM Trans. Database Syst.;1994
DBLP;G002278;2307;Formal Aspects of Concurrency Control in Long-Duration Transaction Systems Using the NT/PV Model;H Korth, G Speegle;ACM Trans. Database Syst.;1994
DBLP;G002279;2308;Synthesis of Extended Transaction Models Using ACTA;P Chrysanthis, K Ramamritham;ACM Trans. Database Syst.;1994
DBLP;G002280;2309;Evaluation of Remote Backup Algorithms for Transaction-Processing Systems;C Polyzois, H Garcia-Molina;ACM Trans. Database Syst.;1994
DBLP;G002228;2310;Automatic Generation of Production Rules for Integrity Maintenance;S Ceri, P Fraternali, S Paraboschi, L Tanca;ACM Trans. Database Syst.;1994
DBLP;G002281;2311;Formal Query Languages for Secure Relational Databases;M Winslett, K Smith, X Qian;ACM Trans. Database Syst.;1994
DBLP;G002282;2312;Bounded Ignorance: A Technique for Increasing Concurrency in a Replicated System;N Krishnakumar, A Bernstein;ACM Trans. Database Syst.;1994
DBLP;G002283;2313;Tracing the lineage of view data in a warehousing environment;Y Cui, J Widom, J Wiener;ACM Trans. Database Syst.;2000
DBLP;G002284;2314;Emancipating instances from the tyranny of classes in information modeling;J Parsons, Y Wand;ACM Trans. Database Syst.;2000
DBLP;G002285;2315;A cost model for query processing in high dimensional data spaces;C Böhm;ACM Trans. Database Syst.;2000
DBLP;G002286;2316;Iterative dynamic programming: a new class of query optimization algorithms;D Kossmann, K Stocker;ACM Trans. Database Syst.;2000
DBLP;G002287;2317;A model for compound type changes encountered in schema evolution;B Lerner;ACM Trans. Database Syst.;2000
DBLP;G002288;2318;A foundation for representing and quering moving objects;R Güting, M Böhlen, M Erwig, C Jensen, N Lorentzos, M Schneider, M Vazirgiannis;ACM Trans. Database Syst.;2000
DBLP;G002289;2319;Improving Database Design Through the Analysis of Relationships;D Dey, V Storey, T Barron;ACM Trans. Database Syst.;1999
DBLP;G002290;2320;Security of Random Data Perturbation Methods;K Muralidhar, R Sarathy;ACM Trans. Database Syst.;1999
DBLP;G002291;2321;Probabilistic temporal databases, I: algebra;A Dekhtyar, R Ross, V Subrahmanian;ACM Trans. Database Syst.;2001
DBLP;G002292;2322;I/O reference behavior of production database workloads and the TPC benchmarks - an analysis at the logical level;W Hsu, A Smith, H Young;ACM Trans. Database Syst.;2001
DBLP;G002293;2323;Temporal statement modifiers;M Böhlen, C Jensen, R Snodgrass;ACM Trans. Database Syst.;2000
DBLP;G002294;2324;Optimizing object queries using an effective calculus;L Fegaras, D Maier;ACM Trans. Database Syst.;2000
DBLP;G002295;2325;Cache investment: integrating query optimization and distributed data placement;D Kossmann, M Franklin, G Drasch;ACM Trans. Database Syst.;2000
DBLP;G002296;2326;A new approach to developing and implementing eager database replication protocols;B Kemme, G Alonso;ACM Trans. Database Syst.;2000
DBLP;G002297;2327;Theory of dependence values;R Meo;ACM Trans. Database Syst.;2000
DBLP;G002298;2328;An algebraic approach to static analysis of active database rules;E Baralis, J Widom;ACM Trans. Database Syst.;2000
DBLP;G002299;2329;Answering queries with useful bindings;C Li, E Chang;ACM Trans. Database Syst.;2001
DBLP;G002300;2330;Probabilistic object bases;T Eiter, J Lu, T Lukasiewicz, V Subrahmanian;ACM Trans. Database Syst.;2001
DBLP;G002301;2331;Editorial;N/A;N/A;2001
DBLP;G002302;2332;An extension of the relational data model to incorporate ordered domains;W Ng;ACM Trans. Database Syst.;2001
DBLP;G001429;2333;Data Mining with optimized two-dimensional association rules;T Fukuda, Y Morimoto, S Morishita, T Tokuyama;ACM Trans. Database Syst.;2001
DBLP;G002303;2334;Querying ATSQL databases with temporal logic;J Chomicki, D Toman, M Böhlen;ACM Trans. Database Syst.;2001
DBLP;G002304;2335;Applying an update method to a set of receivers;M Andries, L Cabibbo, J Paredaens, J Bussche;ACM Trans. Database Syst.;2001
DBLP;G002305;2336;Flexible support for multiple access control policies;S Jajodia, P Samarati, M Sapino, V Subrahmanian;ACM Trans. Database Syst.;2001
DBLP;G002306;2337;Distributed query evaluation on semistructured data;D Suciu;ACM Trans. Database Syst.;2002
DBLP;G002307;2338;Top-k selection queries over relational databases: Mapping strategies and performance evaluation;N Bruno, S Chaudhuri, L Gravano;ACM Trans. Database Syst.;2002
DBLP;G002308;2339;A logical foundation for deductive object-oriented databases;M Liu, G Dobbie, T Ling;ACM Trans. Database Syst.;2002
DBLP;G002309;2340;Atomicity and isolation for transactional processes;H Schuldt, G Alonso, C Beeri, H Schek;ACM Trans. Database Syst.;2002
DBLP;G002310;2341;Multiway spatial joins;N Mamoulis, D Papadias;ACM Trans. Database Syst.;2001
DBLP;G002311;2342;A case for dynamic view management;Y Kotidis, N Roussopoulos;ACM Trans. Database Syst.;2001
DBLP;G002312;2343;Editorial;N/A;N/A;2001
DBLP;G002313;2344;SchemaSQL: An extension to SQL for multidatabase interoperability;L Lakshmanan, F Sadri, S Subramanian;ACM Trans. Database Syst.;2001
DBLP;G002314;2345;Transactional Client-Server Cache Consistency: Alternatives and Performance;M Franklin, M Carey, M Livny;ACM Trans. Database Syst.;1997
DBLP;G002315;2346;Disjunctive Datalog;T Eiter, G Gottlob, H Mannila;ACM Trans. Database Syst.;1997
DBLP;G002316;2347;Object Normal Forms and Dependency Constraints for Object-Oriented Schemata;Z Tari, J Stokes, S Spaccapietra;ACM Trans. Database Syst.;1997
DBLP;G001701;2348;Adaptive, Fine-Grained Sharing in a Client-Server OODBMS: A Callback-Based Approach;M Zaharioudakis, M Carey, M Franklin;ACM Trans. Database Syst.;1997
DBLP;G002317;2349;Applying Formal Methods to Semantic-Based Decomposition of Transactions;P Ammann, S Jajodia, I Ray;ACM Trans. Database Syst.;1997
DBLP;G002318;2350;An Adaptive Data Replication Algorithm;O Wolfson, S Jajodia, Y Huang;ACM Trans. Database Syst.;1997
DBLP;G002319;2351;ProbView: A Flexible Probabilistic Database System;L Lakshmanan, N Leone, R Ross, V Subrahmanian;ACM Trans. Database Syst.;1997
DBLP;G002320;2352;Logical Design for Temporal Databases with Multiple Granularities;X Wang, C Bettini, A Brodsky, S Jajodia;ACM Trans. Database Syst.;1997
DBLP;G002321;2353;Multiview Access Protocols for Large-Scale Replication;X Liu, A Helal, W Du;ACM Trans. Database Syst.;1998
DBLP;G002322;2354;Ensuring Consistency in Multidatabases by Preserving Two-Level Serializability;S Mehrotra, R Rastogi, H Korth, A Silberschatz;ACM Trans. Database Syst.;1998
DBLP;G002323;2355;An Efficient Method for Checking Object-Oriented Database Schema Correctness;A Formica, H Gröger, M Missikoff;ACM Trans. Database Syst.;1998
DBLP;G002324;2356;Optimization Techniques for Queries with Expensive Methods;J Hellerstein;ACM Trans. Database Syst.;1998
DBLP;G002325;2357;Safe Stratified Datalog with Integer Order Does Not Have Syntax;A Stolboushkin, M Taitslin;ACM Trans. Database Syst.;1998
DBLP;G002326;2358;Database Design with Common Sense Business Reasoning and Learning;V Storey, R Chiang, D Dey, R Goldstein, S Sundaresan;ACM Trans. Database Syst.;1997
DBLP;G002327;2359;Supporting Valid-Time Indeterminacy;C Dyreson, R Snodgrass;ACM Trans. Database Syst.;1998
DBLP;G002328;2360;Safe Query Languages for Constraint Databases;P Revesz;ACM Trans. Database Syst.;1998
DBLP;G002329;2361;Information Gathering in the World-Wide Web: The W3QL Query Language and the W3QS System;D Konopnicki, O Shmueli;ACM Trans. Database Syst.;1998
DBLP;G002330;2362;Database Design for Incomplete Relations;M Levene, G Loizou;ACM Trans. Database Syst.;1999
DBLP;G002331;2363;Temporal FDs on Complex Objects;J Wijsen;ACM Trans. Database Syst.;1999
DBLP;G002332;2364;Broadcast Protocols to Support Efficient Retrieval from Databases by Mobile Users;A Datta, D VanderMeer, A Celik, V Kumar;ACM Trans. Database Syst.;1999
DBLP;G002333;2365;Conceptual Schema Analysis: Techniques and Applications;S Castano, V Antonellis, M Fugini, B Pernici;ACM Trans. Database Syst.;1998
DBLP;G002334;2366;An Access Control Model Supporting Periodicity Constraints and Temporal Reasoning;E Bertino, C Bettini, E Ferrari, P Samarati;ACM Trans. Database Syst.;1998
DBLP;G002335;2367;Inverted Files Versus Signature Files for Text Indexing;J Zobel, A Moffat, K Ramamohanarao;ACM Trans. Database Syst.;1998
DBLP;G002336;2368;Towards a Theory of Cost Management for Digital Libraries and Electronic Commerce;A Sistla, O Wolfson, Y Yesha, R Sloan;ACM Trans. Database Syst.;1998
DBLP;G002337;2369;Indexing Large Metric Spaces for Similarity Search Queries;T Bozkaya, Z Özsoyoglu;ACM Trans. Database Syst.;1999
DBLP;G002338;2370;Type-Checking OQL Queries In the ODMG Type Systems;S Alagic;ACM Trans. Database Syst.;1999
DBLP;G002339;2371;The SIFT Information Dissemination System;T Yan, H Garcia-Molina;ACM Trans. Database Syst.;1999
DBLP;G002340;2372;An Ontological Analysis of the Relationship Construct in Conceptual Modeling;Y Wand, V Storey, R Weber;ACM Trans. Database Syst.;1999
DBLP;G002341;2373;Distance Browsing in Spatial Databases;G Hjaltason, H Samet;ACM Trans. Database Syst.;1999
DBLP;G002342;2374;GlOSS: Text-Source Discovery over the Internet;L Gravano, H Garcia-Molina, A Tomasic;ACM Trans. Database Syst.;1999
DBLP;G001815;2375;Optimization of Queries with User-Defined Predicates;S Chaudhuri, K Shim;ACM Trans. Database Syst.;1999
DBLP;G002343;2376;Specification and Implementation of Exceptions in Workflow Management Systems;F Casati, S Ceri, S Paraboschi, G Pozzi;ACM Trans. Database Syst.;1999
DBLP;G002344;2377;Semantic Heterogeneity Resolution in Federated Databases by Metadata Implantation and Stepwise Evolution;G Aslan, D McLeod;VLDB J.;1999
DBLP;G002345;2378;MIL Primitives for Querying a Fragmented World;P Boncz, M Kersten;VLDB J.;1999
DBLP;G002346;2379;The Intrinsic Problems of Structural Heterogeneity and an Approach to Their Solution;T Härder, G Sauter, J Thomas;VLDB J.;1999
DBLP;G002347;2380;Fast Joins Using Join Indices;Z Li, K Ross;VLDB J.;1999
DBLP;G002348;2381;Optimizing Multiple Dimensional Queries Simultaneously in Multidimensional Databases;W Liang, M Orlowska, J Yu;VLDB J.;2000
DBLP;G002349;2382;Update Propagation Strategies to Improve Freshness in Lazy Master Replicated Databases;E Pacitti, E Simon;VLDB J.;2000
DBLP;G002350;2383;Efficient Support for Interactive Service in Multi-Resolution VOD Systems;K Law, J Lui, L Golubchik;VLDB J.;1999
DBLP;G002351;2384;Deadlock Detection in Distributed Database Systems: A New Algorithm and a Comparative Performance Analysis;N Krivokapic, A Kemper, E Gudes;VLDB J.;1999
DBLP;G002352;2385;On Periodic Resource scheduling for Continuous-Media Databases;M Garofalakis, B Özden, A Silberschatz;VLDB J.;1998
DBLP;G002353;2386;Introduction (Special Issue on Multimedia Databases);M Özsu, S Christodoulakis;VLDB J.;1998
DBLP;G002354;2387;Optimal Clip Ordering for Multi-Clip Queries;R Ng, P Shum;VLDB J.;1998
DBLP;G002355;2388;Spatial and Temporal Content-Based Access to Hypervideo Databases;H Jiang, A Elmagarmid;VLDB J.;1998
DBLP;G002356;2389;OPT++: An Object-Oriented Implementation for Extensible Database Query Optimization;N Kabra, D DeWitt;VLDB J.;1999
DBLP;G002357;2390;Constant Time Permutation: An Efficient Block Allocation Strategy for Variable-Bit-Rate Continuous Media Data;Y Huang, J Ding, S Tsao;VLDB J.;1999
DBLP;G002358;2391;Delivering Presentations from Multimedia Servers;N Balkir, G Özsoyoglu;VLDB J.;1998
DBLP;G002359;2392;Approximate Similarity Retrieval with M-Trees;P Zezula, P Savino, G Amato, F Rabitti;VLDB J.;1998
DBLP;G002360;2393;Semantic Caching of Web Queries;B Chidlovskii, U Borghoff;VLDB J.;2000
DBLP;G002361;2394;Learning Response Time for WebSources Using Query Feedback and Application in Query Optimization;J Gruser, L Raschid, V Zadorozhny, T Zhan;VLDB J.;2000
DBLP;G002362;2395;UnQL: A Query Language and Algebra for Semistructured Data Based on Structural Recursion;P Buneman, M Fernandez, D Suciu;VLDB J.;2000
DBLP;G002363;2396;Functional-Join Processing;R Braumandl, J Claußen, A Kemper, D Kossmann;VLDB J.;2000
DBLP;G002364;2397;View Management in Multimedia Databases;K Candan, E Lemar, V Subrahmanian;VLDB J.;2000
DBLP;G002365;2398;Declarative Specification of Web Sites with Strudel;M Fernandez, D Florescu, A Levy, D Suciu;VLDB J.;2000
DBLP;G002366;2399;Analysis of Navigation Behaviour in Web Sites Integrating Multiple Information Systems;B Berendt, M Spiliopoulou;VLDB J.;2000
DBLP;G002367;2400;Guest Editorial: Databases and the Web;N/A;N/A;2000
DBLP;G001727;2401;Secure Bufering in Firm Real-Time Database Systems;B George, J Haritsa;VLDB J.;2000
DBLP;G002368;2402;The LHAM Log-Structured History Data Access Method;P Muth, P O'Neil, A Pick, G Weikum;VLDB J.;2000
DBLP;G002369;2403;Quantifiable Data Mining Using Ratio Rules;F Korn, A Labrinidis, Y Kotidis, C Faloutsos;VLDB J.;2000
DBLP;G002370;2404;WaveCluster: A Wavelet Based Clustering Approach for Spatial Data in Very Large Databases;G Sheikholeslami, S Chatterjee, A Zhang;VLDB J.;2000
DBLP;G001622;2405;Clustering Categorical Data: An Approach Based on Dynamical Systems;D Gibson, J Kleinberg, P Raghavan;VLDB J.;2000
DBLP;G002371;2406;Distance-Based Outliers: Algorithms and Applications;E Knorr, R Ng, V Tucakov;VLDB J.;2000
DBLP;G002372;2407;Effective Timestamping in Databases;K Torp, C Jensen, R Snodgrass;VLDB J.;2000
DBLP;G002373;2408;Foreword by the VLDB '98 PC Chairmen: Best Papers of VLDB '98;N/A;N/A;2000
DBLP;G002374;2409;Seeking the Truth About ad hoc Join Costs;L Haas, M Carey, M Livny, A Shukla;VLDB J.;1997
DBLP;G002375;2410;Synchronization and Recovery in a Client-Server Storage System;E Panagos, A Biliris;VLDB J.;1997
DBLP;G002376;2411;The Impact of Technology on Commercial Transaction Processing;E Cobb;VLDB J.;1997
DBLP;G002377;2412;Concurrency and Recovery for Index Trees;D Lomet, B Salzberg;VLDB J.;1997
DBLP;G002378;2413;Heuristic and Randomized Optimization for the Join Ordering Problem;M Steinbrunn, G Moerkotte, A Kemper;VLDB J.;1997
DBLP;G002379;2414;Using Extended Feature Objects for Partial Similarity Retrieval;S Berchtold, D Keim, H Kriegel;VLDB J.;1997
DBLP;G002380;2415;A Configrable Type Hierarchy Index for OODB;T Mück, M Polaschek;VLDB J.;1997
DBLP;G002381;2416;Structured Document Storage and Refined Declarative and Navigational Access Mechanisms in HyperStorM;K Böhm, K Aberer, E Neuhold, X Yang;VLDB J.;1997
DBLP;G002382;2417;Analysis of Locking Behavior in Three Real Database Systems;V Singhal, A Smith;VLDB J.;1997
DBLP;G002383;2418;Dictionary-Based Order-Preserving String Compression;G Antoshenkov;VLDB J.;1997
DBLP;G002384;2419;Parametric Query Optimization;Y Ioannidis, R Ng, K Shim, T Sellis;VLDB J.;1997
DBLP;G002385;2420;On Applying Hash Filters to Improving the Execution of Multi-Join Queries;M Chen, H Hsiao, P Yu;VLDB J.;1997
DBLP;G002386;2421;Concurrency Control in Hierarchical Multidatabase Systems;S Mehrotra, H Korth, A Silberschatz;VLDB J.;1997
DBLP;G002387;2422;Graphical Interaction with Heterogeneous Databases;T Catarci, G Santucci, J Cardiff;VLDB J.;1997
DBLP;G002388;2423;A Database Model for Object Dynamics;M Papazoglou, B Krämer;VLDB J.;1997
DBLP;G002389;2424;Erratum: A Database Model for Object Dynamics;M Papazoglou, B Krämer;VLDB J.;1997
DBLP;G002390;2425;A Logical View of Structured Files;S Abiteboul, S Cluet, T Milo;VLDB J.;1998
DBLP;G002391;2426;Fast Image Retrieval Using Color-Spatial Information;B Ooi, K Tan, T Chua, W Hsu;VLDB J.;1998
DBLP;G002392;2427;Scalable Feature Selection, Classification and Signature Generation for Organizing Large Text Databases into Hierarchical Topic Taxonomies;S Chakrabarti, B Dom, R Agrawal, P Raghavan;VLDB J.;1998
DBLP;G001861;2428;Integrating Reliable Memory in Databases;W Ng, P Chen;VLDB J.;1998
DBLP;G001684;2429;Garbage Collection in Object-Oriented Databases Using Transactional Cyclic Reference Counting;P Roy, S Seshadri, A Silberschatz, S Sudarshan, S Ashwin;VLDB J.;1998
DBLP;G002393;2430;Integrated Document Caching and Prefetching in Storage Hierarchies Based on Markov-Chain Predictions;A Kraiss, G Weikum;VLDB J.;1998
DBLP;G002394;2431;Integrating Symbolic Images into a Multimedia Database System Using Classification and Abstraction Approaches;A Soffer, H Samet;VLDB J.;1998
DBLP;G002395;2432;Enhanced Abstract Data Types in Object-Relational Databases;P Seshadri;VLDB J.;1998
DBLP;G002396;2433;EXACT: An Extensible Approach to Active Object-Oriented Databases;O Díaz, A Jaime;VLDB J.;1997
DBLP;G002397;2434;Query Processing Over Object Views of Relational Data;G Fahl, T Risch;VLDB J.;1997
DBLP;G002398;2435;Optimizing Relational Queries in Connection Hypergraphs: Nested Queries, Views, and Binding Propagations;J Han;VLDB J.;1998
DBLP;G002399;2436;The OODB Path-Method Generator (PMG) Using Access Weights and Precomputed Access Relevance;A Mehta, J Geller, Y Perl, E Neuhold;VLDB J.;1998
DBLP;G002400;2437;A Flexible and Recoverable Client/Server Database Event Notification System;E Hanson, I Chen, R Dastur, K Engel, V Ramaswamy, W Tan, C Xu;VLDB J.;1998
DBLP;G002401;2438;Data Partitioning and Load Balancing in Parallel Disk Systems;P Scheuermann, G Weikum, P Zabback;VLDB J.;1998
DBLP;G002402;2439;Maintenance of Implication Integrity Constraints Under Updates to Constraints;N Ishakbeyoglu, Z Özsoyoglu;VLDB J.;1998
DBLP;G002403;2440;Advanced Data Processing in KRISYS: Modeling Concepts, Implementation Techniques, and Client/Server Issues;S Deßloch, T Härder, N Mattos, B Mitschang, J Thomas;VLDB J.;1998
DBLP;G002404;2441;Data page layouts for relational databases on deep memory hierarchies;A Ailamaki, D DeWitt, M Hill;VLDB J.;2002
DBLP;G002405;2442;Database indexing for large DNA and protein sequence collections;E Hunt, M Atkinson, R Irving;VLDB J.;2002
DBLP;G001047;2443;Views in a large-scale XML repository;V Aguilera, S Cluet, T Milo, P Veltri, D Vodislav;VLDB J.;2002
DBLP;G002406;2444;Editorial;N/A;N/A;2002
DBLP;G002407;2445;A template model for multidimensional inter-transactional association rules;L Feng, J Yu, H Lu, J Han;VLDB J.;2002
DBLP;G002408;2446;Efficient similarity search for market basket data;A Nanopoulos, Y Manolopoulos;VLDB J.;2002
DBLP;G002409;2447;Speeding up construction of PMR quadtree-based spatial indexes;G Hjaltason, H Samet;VLDB J.;2002
DBLP;G002410;2448;Spatial indexing of high-dimensional data based on relative approximation;Y Sakurai, M Yoshikawa, S Uemura, H Kojima;VLDB J.;2002
DBLP;G002411;2449;An authorization system for digital libraries;E Ferrari, N Adam, V Atluri, E Bertino, U Capuozzo;VLDB J.;2002
DBLP;G002412;2450;Efficient retrieval of similar shapes;D Rafiei, A Mendelzon;VLDB J.;2002
DBLP;G002413;2451;Searching in metric spaces by spatial approximation;G Navarro;VLDB J.;2002
DBLP;G001576;2452;Indexing of now-relative spatio-bitemporal data;S Saltenis, C Jensen;VLDB J.;2002
DBLP;G001054;2453;Query processing techniques for arrays;A Marathe, K Salem;VLDB J.;2002
DBLP;G002414;2454;Locating and accessing data repositories with WebSemantics;G Mihaila, L Raschid, A Tomasic;VLDB J.;2002
DBLP;G002415;2455;Global transaction support for workflow management systems: from formal specification to practical implementation;P Grefen, J Vonk, P Apers;VLDB J.;2001
DBLP;G002416;2456;Answering queries using views: A survey;A Halevy;VLDB J.;2001
DBLP;G002417;2457;PSoup: a system for streaming queries over streaming data;S Chandrasekaran, M Franklin;VLDB J.;2003
DBLP;G002184;2458;Watermarking relational data: framework, algorithms and analysis;R Agrawal, P Haas, J Kiernan;VLDB J.;2003
DBLP;G002418;2459;Complex relationships and knowledge discovery support in the InfoQuilt system;A Sheth, S Thacker, S Patel;VLDB J.;2003
DBLP;G002419;2460;A Bayesian decision model for cost optimal record matching;V Verykios, G Moustakides, M Elfeky;VLDB J.;2003
DBLP;G002420;2461;Business-to-business interactions: issues and enabling technologies;B Medjahed, B Benatallah, A Bouguettaya, A Ngu, A Elmagarmid;VLDB J.;2003
DBLP;G002421;2462;New partnership with ACM and update on the journal;M Özsu;VLDB J.;2003
DBLP;G001253;2463;Lineage tracing for general data warehouse transformations;Y Cui, J Widom;VLDB J.;2003
DBLP;G002422;2464;Efficient schemes for managing multiversionXML documents;S Chien, V Tsotras, C Zaniolo;VLDB J.;2002
DBLP;G002423;2465;Efficient filtering of XML documents with XPath expressions;C Chan, P Felber, M Garofalakis, R Rastogi;VLDB J.;2002
DBLP;G002424;2466;An XML query engine for network-bound data;Z Ives, A Halevy, D Weld;VLDB J.;2002
DBLP;G002425;2467;Guest Editorial;N/A;N/A;2002
DBLP;G002426;2468;TIMBER: A native XML database;H Jagadish, S Al-Khalifa, A Chapman, L Lakshmanan, A Nierman, S Paparizos, J Patel, D Srivastava, N Wiwatwattana, Y Wu, C Yu;VLDB J.;2002
DBLP;G002427;2469;Anatomy of a native XML base management system;T Fiebig, S Helmer, C Kanne, G Moerkotte, J Neumann, R Schiele, T Westmann;VLDB J.;2002
DBLP;G002428;2470;Tree pattern query minimization;S Amer-Yahia, S Cho, L Lakshmanan, D Srivastava;VLDB J.;2002
DBLP;G001135;2471;Energy-performance trade-offs for spatial access methods on memory-resident data;N An, S Gurumurthi, A Sivasubramaniam, N Vijaykrishnan, M Kandemir, M Irwin;VLDB J.;2002
DBLP;G002159;2472;A formal perspective on the view selection problem;R Chirkova, A Halevy, D Suciu;VLDB J.;2002
DBLP;G002429;2473;A graph-theoretic model for optimizing queries involving methods;C Lee, C Shih, Y Chen;VLDB J.;2001
DBLP;G002430;2474;Combining multi-visual features for efficient indexing in a large image database;A Ngu, Q Sheng, D Huynh, R Lei;VLDB J.;2001
DBLP;G002431;2475;XML-enabled workflow management for e-services across heterogeneous platforms;G Shegalov, M Gillmann, G Weikum;VLDB J.;2001
DBLP;G002432;2476;ObjectGlobe: Ubiquitous query processing on the Internet;R Braumandl, M Keidl, A Kemper, D Kossmann, A Kreutz, S Seltzsam, K Stocker;VLDB J.;2001
DBLP;G002433;2477;Context-based prefetch - an optimization for implementing objects on relations;P Bernstein, S Pal, D Shutt;VLDB J.;2000
DBLP;G002434;2478;Indexing very high-dimensional sparse and quasi-sparse vectors for similarity searches;C Wang, X Wang;VLDB J.;2001
DBLP;G002435;2479;Supporting efficient multimedia database exploration;W Li, K Candan, K Hirata, Y Hara;VLDB J.;2001
DBLP;G002436;2480;HMAP - A temporal data model managing intervals with different granularities and indeterminacy from natural language sentences;C Combi, G Pozzi;VLDB J.;2001
DBLP;G001516;2481;Optimizing database architecture for the new bottleneck: memory access;S Manegold, P Boncz, M Kersten;VLDB J.;2000
DBLP;G001426;2482;One-dimensional and multi-dimensional substring selectivity estimation;H Jagadish, O Kapitskaia, R Ng, D Srivastava;VLDB J.;2000
DBLP;G002437;2483;Exploiting early sorting and early partitioning for decisionsupport query processing;J Claußen, A Kemper, D Kossmann, C Wiesner;VLDB J.;2000
DBLP;G002438;2484;Guest editorial;N/A;N/A;2000
DBLP;G002439;2485;Dynamic vp-Tree Indexing for n-Nearest Neighbor Search Given Pair-Wise Distances;A Fu, P Chan, Y Cheung, Y Moon;VLDB J.;2000
DBLP;G002440;2486;Checking the Temporal Integrity of Interactive Multimedia Documents;I Mirbel, B Pernici, T Sellis, S Tserkezoglou, M Vazirgiannis;VLDB J.;2000
DBLP;G002441;2487;Progressive evaluation of nested aggregate queries;K Tan, C Goh, B Ooi;VLDB J.;2000
DBLP;G002442;2488;Online dynamic reordering;V Raman, B Raman, J Hellerstein;VLDB J.;2000
DBLP;G002443;2489;Monotonic complements for independent data warehouses;D Laurent, J Lechtenbörger, N Spyratos, G Vossen;VLDB J.;2001
DBLP;G001182;2490;Efficiently publishing relational data as XML documents;J Shanmugasundaram, E Shekita, R Barr, M Carey, B Lindsay, H Pirahesh, B Reinwald;VLDB J.;2001
DBLP;G002444;2491;A survey of approaches to automatic schema matching;E Rahm, P Bernstein;VLDB J.;2001
DBLP;G002445;2492;Semantic integrity support in SQL: 1999 and commercial (object-)relational database management systems;C Türker, M Gertz;VLDB J.;2001
DBLP;G002446;2493;Guest editorial;N/A;N/A;2001
DBLP;G001391;2494;PicoDBMS: Scaling down database techniques for the smartcard;P Pucheral, L Bouganim, P Valduriez, C Bobineau;VLDB J.;2001
DBLP;G002447;2495;Approximate query mapping: Accounting for translation closeness;K Chang, H Garcia-Molina;VLDB J.;2001
DBLP;G001186;2496;Approximate query processing using wavelets;K Chakrabarti, M Garofalakis, R Rastogi, K Shim;VLDB J.;2001
DBLP;G002448;2497;Designing wrapper components for e-services in integrating heterogeneous systems;M Mecella, B Pernici;VLDB J.;2001
DBLP;G002449;2498;Active rules for XML: A new paradigm for E-services;A Bonifati, S Ceri, S Paraboschi;VLDB J.;2001
DBLP;G001206;2499;MiniCon: A scalable algorithm for answering queries using views;R Pottinger, A Halevy;VLDB J.;2001
DBLP;G002450;2500;User-cognizant multidimensional analysis;S Sarawagi;VLDB J.;2001
DBLP;G002451;2501;E-Services - Guest editorial;N/A;N/A;2001
DBLP;G002452;2502;Integrating and customizing heterogeneous e-commerce applications;A Eyal, T Milo;VLDB J.;2001
DBLP;G002453;2503;An Internet-based negotiation server for e-commerce;S Su, C Huang, J Hammer, Y Huang, H Li, L Wang, Y Liu, C Pluempitiwiriyawej, M Lee, H Lam;VLDB J.;2001
DBLP;G001161;2504;An architecture to support scalable online personalization on the Web;A Datta, K Dutta, D VanderMeer, K Ramamritham, S Navathe;VLDB J.;2001
DBLP;G000222;2505;The GMAP: A Versatile Tool for Physical Data Independence;O Tsatalos, M Solomon, Y Ioannidis;VLDB J.;1996
DBLP;G000249;2506;Algebraic Query Optimisation for Database Programming Languages;A Poulovassilis, C Small;VLDB J.;1996
DBLP;G002454;2507;Index Nesting - An Efficient Approach to Indexing in Object-Oriented Databases;B Ooi, J Han, H Lu, K Tan;VLDB J.;1996
DBLP;G002455;2508;The Design and Implementation of K: A High-Level Knowledge-Base Programming Language of OSAM*.KBMS;Y Shyy, J Arroyo, S Su, H Lam;VLDB J.;1996
DBLP;G002456;2509;A Taxonomy of Correctness Criteria in Database Applications;K Ramamritham, P Chrysanthis;VLDB J.;1996
DBLP;G002457;2510;A Predicate-based Caching Scheme for Client-Server Database Architectures;A Keller, J Basu;VLDB J.;1996
DBLP;G002458;2511;An Experimental System for Object-Based Sharing in Federated Databases;D Fang, S Ghandeharizadeh;VLDB J.;1996
DBLP;G002459;2512;Type-safe Relaxing of Schema Consistency Rules for Flexible Modeling in OODBMS;E Amiel, M Bellosta, E Dujardin, E Simon;VLDB J.;1996
DBLP;G002460;2513;An Asymptotically Optimal Multiversion B-Tree;B Becker, S Gschwind, T Ohler, B Seeger, P Widmayer;VLDB J.;1996
DBLP;G002461;2514;Building Knowledge Base Management Systems;J Mylopoulos, V Chaudhri, D Plexousakis, A Shrufi, T Topaloglou;VLDB J.;1996
DBLP;G000101;2515;The hB-Pi-Tree: A Multi-Attribute Index Supporting Concurrency, Recovery and Node Consolidation;G Evangelidis, D Lomet, B Salzberg;VLDB J.;1997
DBLP;G002462;2516;Data Placement in Shared-Nothing Parallel Database Systems;M Mehta, D DeWitt;VLDB J.;1997
DBLP;G002463;2517;Access Path Support for Referential Integrity in SQL2;T Härder, J Reinert;VLDB J.;1996
DBLP;G002464;2518;A Complete Temporal Relational Algebra;D Dey, T Barron, V Storey;VLDB J.;1996
DBLP;G002465;2519;Semantic and Schematic Similarities Between Database Objects: A Context-Based Approach;V Kashyap, A Sheth;VLDB J.;1996
DBLP;G002466;2520;Query Processing and Optimization in Oracle Rdb;G Antoshenkov, M Ziauddin;VLDB J.;1996
DBLP;G002467;2521;The Power of Languages for the Manipulation of Complex Values;S Abiteboul, C Beeri;VLDB J.;1995
DBLP;G002468;2522;Fibonacci: A Programming Language for Object Databases;A Albano, G Ghelli, R Orsini;VLDB J.;1995
DBLP;G001768;2523;QuickStore: A High Performance Mapped Object Store;S White, D DeWitt;VLDB J.;1995
DBLP;G002469;2524;Historical Queries Along Multiple Lines of Time Evolution;G Landau, J Schmidt, V Tsotras;VLDB J.;1995
DBLP;G002470;2525;TIGUKAT: A Uniform Behavioral Objectbase Management System;M Özsu, R Peters, D Szafron, B Irani, A Lipka, A Muñoz;VLDB J.;1995
DBLP;G002471;2526;Thémis: A Database Programming Language Handling Integrity Constraints;V Benzaken, A Doucet;VLDB J.;1995
DBLP;G002472;2527;Title, Preface to the Special Issue on Persistent Object Systems;N/A;N/A;1995
DBLP;G002473;2528;Orthogonally Persistent Object Systems;M Atkinson, R Morrison;VLDB J.;1995
DBLP;G002474;2529;Mariposa: A Wide-Area Distributed Database System;M Stonebraker, P Aoki, W Litwin, A Pfeffer, A Sah, J Sidell, C Staelin, A Yu;VLDB J.;1996
DBLP;G002475;2530;Join Algorithm Costs Revisited;E Harris, K Ramamohanarao;VLDB J.;1996
DBLP;G002476;2531;Parallelising OODBMS Traversals: A Performance Evaluation;D DeWitt, J Naughton, J Shafer, S Venkataraman;VLDB J.;1996
DBLP;G002477;2532;Priority Assignment in Real-Time Active Databases;R Sivasankaran, J Stankovic, D Towsley, B Purimetla, K Ramamritham;VLDB J.;1996
DBLP;G002478;2533;Title, Foreword, VLDB Journal to be published electronically, Index Vol. 4;N/A;N/A;1995
DBLP;G001741;2534;Sleepers and Workaholics: Caching Strategies in Mobile Environments;D Barbará, T Imielinski;VLDB J.;1995
DBLP;G002479;2535;AlphaSort: A Cache-Sensitive Parallel External Sort;C Nyberg, T Barclay, Z Cvetanovic, J Gray, D Lomet;VLDB J.;1995
DBLP;G001716;2536;Estimating Page Fetches for Index Scans with Finite LRU Buffers;A Swami, K Schiefer;VLDB J.;1995
DBLP;G002480;2537;HyperFile: A Data and Query Model for Documents;C Clifton, H Garcia-Molina, D Bloom;VLDB J.;1995
DBLP;G002481;2538;The Software Information Base: A Server for Reuse;P Constantopoulos, M Jarke, J Mylopoulos, Y Vassiliou;VLDB J.;1995
DBLP;G002482;2539;An Introduction to Spatial Database Systems;R Güting;VLDB J.;1994
DBLP;G002483;2540;Ordered Shared Locks for Real-Time Databases;D Agrawal, A Abbadi, R Jeffers, L Lin;VLDB J.;1995
DBLP;G002484;2541;Title, Foreword, Preface to the Special Issue on Spatial Database Systems, Index Vol. 3;N/A;N/A;1994
DBLP;G002485;2542;A Semantic Modeling Approach for Image Retrieval by Content;W Chu, I Ieong, R Taira;VLDB J.;1994
DBLP;G002486;2543;Qualitative Representation of Spatial Knowledge in Two-Dimensional Space;D Papadias, T Sellis;VLDB J.;1994
DBLP;G002487;2544;Management of Multidimensional Discrete Data;P Baumann;VLDB J.;1994
DBLP;G002488;2545;Title;N/A;N/A;1995
DBLP;G002489;2546;Adaptable Pointer Swizzling Strategies in Object Bases: Design, Realization, and Quantitative Analysis;A Kemper, D Kossmann;VLDB J.;1995
DBLP;G002490;2547;Updating Knowledge Bases While Maintaining Their Consistency;E Teniente, A Olivé;VLDB J.;1995
DBLP;G002491;2548;Data Model for Extensible Support of Explicit Relationships in Design Databases;J Peckham, B MacKellar, M Doherty;VLDB J.;1995
DBLP;G002492;2549;InterViso: Dealing With the Complexity of Federated Database Access;M Templeton, H Henley, E Maros, D Buer;VLDB J.;1995
DBLP;G002493;2550;Realm-Based Spatial Data Types: The ROSE Algebra;R Güting, M Schneider;VLDB J.;1995
DBLP;G002494;2551;Title, Announcement;N/A;N/A;1995
DBLP;G002495;2552;Characterization of Database Access Pattern for Analytic Prediction of Buffer Hit Probability;A Dan, P Yu, J Chung;VLDB J.;1995
DBLP;G002496;2553;The Glue-Nail Deductive Database System: Design, Implementation, and Evaluation;M Derr, S Morishita, G Phipps;VLDB J.;1994
DBLP;G002497;2554;The CORAL Deductive System;R Ramakrishnan, D Srivastava, S Sudarshan, P Seshadri;VLDB J.;1994
DBLP;G002498;2555;The Aditi Deductive Database System;J Vaghani, K Ramamohanarao, D Kemp, Z Somogyi, P Stuckey, T Leask, J Harland;VLDB J.;1994
DBLP;G002499;2556;Chronological Scheduling of Transactions with Temporal Dependencies;D Georgakopoulos, M Rusinkiewicz, W Litwin;VLDB J.;1994
DBLP;G002500;2557;Dynamic Maintenance of Data Distribution for Selectivity Estimation;K Whang, S Kim, G Wiederhold;VLDB J.;1994
DBLP;G002501;2558;A Pattern-Based Object Calculus;N Kamel, P Wu, S Su;VLDB J.;1994
DBLP;G002502;2559;Title, Foreword;N/A;N/A;1994
DBLP;G002503;2560;Versioning and Configuration Management in an Object-Oriented Data Model;E Sciore;VLDB J.;1994
DBLP;G002504;2561;The TV-Tree: An Index Structure for High-Dimensional Data;K Lin, H Jagadish, C Faloutsos;VLDB J.;1994
DBLP;G002505;2562;Efficiently Instantiating View-Objects From Remote Relational Databases;B Lee, G Wiederhold;VLDB J.;1994
DBLP;G002506;2563;Title, Foreword;N/A;N/A;1994
DBLP;G002507;2564;The Demarcation Protocol: A Technique for Maintaining Constraints in Distributed Database Systems;D Barbará, H Garcia-Molina;VLDB J.;1994
DBLP;G002508;2565;Index Configuration in Object-Oriented Databases;E Bertino;VLDB J.;1994
DBLP;G002509;2566;An Introduction to Deductive Database Languages and Systems;K Ramamohanarao, J Harland;VLDB J.;1994
DBLP;G002510;2567;DECLARE and SDS: Early Efforts to Commercialize Deductive Database Technology;W Kießling, H Schmidt, W Strauß, G Dünzinger;VLDB J.;1994
DBLP;G002511;2568;Title, Foreword, Special Issue Editorial;N/A;N/A;1994
DBLP;G002512;2569;Sampling Large Databases for Association Rules;H Toivonen;VLDB;1996
DBLP;G002513;2570;TODS Reviewers;N/A;N/A;2003
DBLP;G002514;2571;Editor's Notes;L Liu;SIGMOD Record;2003
DBLP;G002515;2572;Reordering Query Execution in Tertiary Memory Databases;S Sarawagi, M Stonebraker;VLDB;1996
DBLP;G002516;2573;Query Processing Techniques for Multiversion Access Methods;J Bercken, B Seeger;VLDB;1996
DBLP;G002517;2574;A Graphical Query Language for Mobile Information Systems;Y Chang;SIGMOD Record;2003
DBLP;G002518;2575;PESTO : An Integrated Query/Browser for Object Databases;M Carey, L Haas, V Maganty, J Williams;VLDB;1996
DBLP;G002519;2576;A Multi-paradigm Querying Approach for a Generic Multimedia Database Management System;J Wen, Q Li, W Ma, H Zhang;SIGMOD Record;2003
DBLP;G002520;2577;Report on the 17th Brazilian Symposium on Database Systems (SBBD 2002);N/A;N/A;2003
DBLP;G002521;2578;Query Decomposition and View Maintenance for Query Languages for Unstructured Data;D Suciu;VLDB;1996
DBLP;G002522;2579;XML schema;C Campbell, A Eisenberg, J Melton;SIGMOD Record;2003
DBLP;G002523;2580;SchemaSQL - A Language for Interoperability in Relational Multi-Database Systems;L Lakshmanan, F Sadri, I Subramanian;VLDB;1996
DBLP;G002524;2581;Time management for new faculty;A Ailamaki, J Gehrke;SIGMOD Record;2003
DBLP;G002525;2582;Querying Heterogeneous Information Sources Using Source Descriptions;A Levy, A Rajaraman, J Ordille;VLDB;1996
DBLP;G002526;2583;Two-Body Job Searches;M Winslett, X Ma, T Yu;SIGMOD Record;2003
DBLP;G002527;2584;Supporting State-Wide Immunisation Tracking Using Multi-Paradigm Workflow Technology;A Sheth, K Kochut, J Miller, D Worah, S Das, C Lin, D Palaniswami, J Lynch, I Shevchenko;VLDB;1996
DBLP;G002528;2585;Practical Issues with Commercial Use of Federated Databases;J Kleewein;VLDB;1996
DBLP;G002529;2586;Chair's Message;N/A;N/A;2002
DBLP;G002530;2587;An Early Look at XQuery;J Melton, A Eisenberg;SIGMOD Record;2002
DBLP;G002531;2588;Integrating Triggers and Declarative Constraints in SQL Database Sytems;R Cochrane, H Pirahesh, N Mattos;VLDB;1996
DBLP;G002532;2589;Guest Editor's Introduction;N/A;N/A;2002
DBLP;G002533;2590;Scalablity and Availability in Oracle7 7.3;D Gawlick;VLDB;1996
DBLP;G002534;2591;Rights of TODS Readers, Authors and Reviewers;R Snodgrass;SIGMOD Record;2002
DBLP;G002535;2592;Supporting Procedural Constructs in SQL Compilers;N Mattos;VLDB;1996
DBLP;G002536;2593;Emergent Semantics and the Multimedia Semantic Web;W Grosky, D Sreenath, F Fotouhi;SIGMOD Record;2002
DBLP;G002537;2594;The XPS Approach to Loading and Unloading Terabyte Databases;S Atal;VLDB;1996
DBLP;G002538;2595;A Framework for Semantic Gossiping;K Aberer, P Cudré-Mauroux, M Hauswirth;SIGMOD Record;2002
DBLP;G002539;2596;Large Databases for Remote Sensing and GIS;A Dasgupta;VLDB;1996
DBLP;G002540;2597;Using Referential Integrity To Easily Define Consistent Subset Replicas;B Hammond;VLDB;1996
DBLP;G002541;2598;Amicalola Report: Database and Information System Research Challenges and Opportunities in Semantic Web and Enterprises;A Sheth, R Meersman;SIGMOD Record;2002
DBLP;G002542;2599;Book Review Column;K Aberer;SIGMOD Record;2002
DBLP;G002543;2600;How System 11 SQL Server Became Fast;T Rengarajan;VLDB;1996
DBLP;G002544;2601;Supporting Periodic Authorizations and Temporal Reasoning in Database Access Control;E Bertino, C Bettini, E Ferrari, P Samarati;VLDB;1996
DBLP;G002545;2602;Data Modelling versus Ontology Engineering;P Spyns, R Meersman, M Jarrar;SIGMOD Record;2002
DBLP;G002546;2603;Intra-Transaction Parallelism in the Mapping of an Object Model to a Relational Multi-Processor System;M Rys, M Norrie, H Schek;VLDB;1996
DBLP;G002547;2604;Editor's Notes;L Liu;SIGMOD Record;2002
DBLP;G002548;2605;On the Computation of Multidimensional Aggregates;S Agarwal, R Agrawal, P Deshpande, A Gupta, J Naughton, R Ramakrishnan, S Sarawagi;VLDB;1996
DBLP;G002549;2606;Conceptual Model of Web Service Reputation;E Maximilien, M Singh;SIGMOD Record;2002
DBLP;G002550;2607;Querying a Multilevel Database: A Logical Analysis;F Cuppens;VLDB;1996
DBLP;G002551;2608;A Conceptual Architecture for Semantic Web Enabled Web Services;C Bussler, D Fensel, A Maedche;SIGMOD Record;2002
DBLP;G002552;2609;Report on the First International Workshop an Efficient Web-based Information Systems;N/A;N/A;2003
DBLP;G002553;2610;Information Retrieval from an Incomplete Data Cube;C Dyreson;VLDB;1996
DBLP;G002554;2611;Reminiscences an Influential Papers;N/A;N/A;2003
DBLP;G002555;2612;Storage Estimation for Multidimensional Aggregates in the Presence of Hierarchies;A Shukla, P Deshpande, J Naughton, K Ramasamy;VLDB;1996
DBLP;G002556;2613;Call for Book Reviews;N/A;N/A;2003
DBLP;G002557;2614;Modeling Design Versions;R Ramakrishnan, D Ram;VLDB;1996
DBLP;G002558;2615;SPRINT: A Scalable Parallel Classifier for Data Mining;J Shafer, R Agrawal, M Mehta;VLDB;1996
DBLP;G002559;2616;Report on the First International Conference on Ontologies, Databases and Applications of Semantics;N/A;N/A;2003
