PARTY;ID;GLOBAL_ID;given_name;surname;street_number;address_1;address_2;suburb;postcode;state;date_of_birth;soc_sec_id
org;rec-2778-org;2778;sarah;bruhn;44;forbes street;wintersloe;kellerberrin;4510;vic;19300213;7535316
org;rec-712-dup-0;712;jacob;lanyon;5;milne cove;wellwod;beaconsfield upper;2602;vic;19080712;9497788
org;rec-1321-org;1321;brinley;efthimiou;35;sturdee crescent;tremearne;scarborough;5211;qld;19940319;6814956
org;rec-3004-org;3004;aleisha;hobson;54;oliver street;inglewood;toowoomba;3175;qld;19290427;5967384
org;rec-1384-org;1384;ethan;gazzola;49;sheaffe street;bimby vale;port pirie;3088;sa;19631225;3832742
org;rec-3981-org;3981;alicia;hope;100;mansfield place;sunset;byford;6061;sa;19421201;7934773
org;rec-916-org;916;benjamin;kolosche;78;keenan street;wingara;raymond terrace;3212;sa;19450918;5698873
org;rec-1684-org;1684;petreece;lusted;78;baseby place;;east branxton;6214;sa;19950620;8084076
org;rec-63-dup-0;63;olivia;white;55;duffy street;shopping village;mirrabooka;2260;vic;19000106;4996142
org;rec-3808-org;3808;;maynard;32;yerralee road;;altona meadows;4019;nsw;19150402;5146525
org;rec-112-org;112;joshua;rudd;78;max henry crescent;brentwood vlge;port douglas;2315;vic;19951125;1697892
org;rec-3297-org;3297;rachael;lomman;37;carlile street;clonturkle;bronte;2177;nsw;19910228;9462397
org;rec-1315-org;1315;joseph;dissinger;3;wilson street;braeburn;blacktown;2193;nsw;19370312;7419586
org;rec-1050-org;1050;sarah;verco;100;de salis street;iron bark ridge;north rocks;4210;nsw;19400826;9844628
org;rec-2116-org;2116;sidonie;burford;4;hartigan street;eventide homes;gunpowder;2045;vic;19471114;2590848
org;rec-3232-org;3232;andrew;carbone;191;jabanungga avenue;villa 147 henry kendall bayside;malvern east;5631;vic;19720809;6909412
org;rec-1900-dup-1;1900;kiara;everett;8;eddy crescent;legacy v lge;nobl ee park;6076;wa;;3831644
org;rec-2460-dup-2;2460;nicholas;hathaway;74;;flemington m zrkets;mill park;6011;nsw;19390305;1796925
org;rec-3123-org;3123;isabella;bastin;36;frater crescent;mlc building;st kilda east;6163;vic;19580628;9981914
org;rec-2166-org;2166;alexandra;matthews;174;port jackson circuit;old timers south;whaleback;2830;vic;19261017;2919332
org;rec-1155-org;1155;matthew;white;3;bean crescent;anglican church;sale;4221;vic;19630121;3038141
org;rec-1485-org;1485;michael;dods;;wilhelmi crescent;cherrymount;young;4504;nsw;19700916;2217360
org;rec-2852-org;2852;georgia;white;12;tenison-woods circuit;ywurrie;dapto;2195;vic;;2938217
org;rec-707-org;707;tia;geraghty;52;;bindaree;robina;2770;wa;19231201;6545434
org;rec-3499-org;3499;brooke;stearnes;44;paul coe crescent;aprt 22;mutdapilly;2196;sa;19550918;4444208
org;rec-2153-org;2153;liam;karahalios;13;severne crescent;devonport vacation vlge;toorak;6026;nsw;19230614;7282976
org;rec-1665-dup-2;1665;jamesr;potempa;6;max henry crescent;;crib point;3029;sa;19280707;3563502
org;rec-35-dup-1;35;darcy;morrison;36;lewis luxton avenue;the mews royal hotel bldg;cooks hill;3108;nsw;19170212;6146184
org;rec-78-org;78;kody;stubbs;31;ballumbir street;tulla burra;labrador;3220;nsw;19470214;7063753
org;rec-3116-org;3116;james;kulacz;;clermont street;eden park;st ives;2259;qld;19850222;7239177
org;rec-3103-org;3103;nasyah;gogel;15;herschell circuit;leafleigh;glenmore park;3178;vic;19310714;3118939
org;rec-500-org;500;deakin;byrt;18;gosman close;;mulgrave east;2206;vic;19451014;6438614
org;rec-3594-org;3594;joel;dixon;9;mcclelland avenue;drumwood;newham;6023;nt;19510104;3877072
org;rec-3552-org;3552;dillon;whatman;16;parkhill street;yalkara;cranbourne;2745;wa;19820605;6321289
org;rec-248-org;248;annabelle;noble;1;stenhouse close;the dales;belmont;2470;nsw;19500225;7171567
org;rec-2564-org;2564;madeleine;angerson;69;morrissey street;cooee;st kilda;3909;sa;19780209;8360823
org;rec-386-org;386;lucas;mccarthy;50;nicklin crescent;;bayswater;2144;nsw;19601101;5188554
org;rec-847-org;847;liam;marshal;62;gurnai place;sommerset park;jolimont;3215;vic;19700420;3211359
org;rec-1425-org;1425;ruby;whiteley;2;tadgell place;tressing fields;crows nest;2210;vic;19391216;8304397
org;rec-1428-org;1428;;plane;1453;beauchamp street;;harbord;3002;nsw;;1828492
org;rec-2376-org;2376;kiara;george;5;severne crescent;maybank;woodcroft;4010;nsw;19460525;5459008
org;rec-901-org;901;william;tossell;17;lutana street;naranda;craigmore;2500;nsw;19250116;5322906
org;rec-833-org;833;mitchell;mcmellon;84;osmand street;executive arcade;toorak;3016;vic;19080412;4647270
org;rec-2499-org;2499;jasmine;drechsler;4;mahon place;inglewood;belmont;2085;qld;19510302;9479653
org;rec-937-org;937;alisha;stubbs;14;mokoan place;st francis vlge;devonport;4157;vic;19750817;7300376
org;rec-1372-org;1372;emiily;persing;540;rivett street;rp 729;seven hills;4563;vic;19880410;9964203
org;rec-3443-org;3443;zarran;bloomfield;51;macgregor street;sherwood;lockleys;2766;wa;19000810;3202559
org;rec-685-org;685;madison;hoffman;2;evelyn owen crescent;seabrook chambers;highbury;2221;vic;19160108;5958443
org;rec-644-org;644;ainsley;reid;114;condamine street;;loftus;2533;vic;19271010;1269695
org;rec-1728-org;1728;isobel;stephenson;60;wilkins street;blackridge flyfishing school;cobdogla;2168;wa;19370922;2692756
org;rec-954-dup-0;954;elysse;hinchcliff;174;alabaste rstreet;;riverwood;2800;sa;19270221;3734686
org;rec-209-dup-0;209;kayla;tu;6;chauvel circle;adventist retireemnt village;coleambally;3137;qld;19980329;7125552
org;rec-401-org;401;kyle;sounness;52;landells place;wildefell;frankston;5114;nsw;19041116;2653028
org;rec-897-org;897;max;cowell;60;pickworth street;warrawong;o'connor;5600;wa;19970409;7619744
org;rec-2647-org;2647;alexandra;stosh;87;warrumbul street;pioneer lodge;birrong;6100;vic;19491111;2617111
org;rec-450-org;450;fraser;lease;49;dryandra street;the mount;ringwood;2759;vic;19940709;2516271
org;rec-519-org;519;tarnee;dixon;213;starke street;nioka;eleebana;5091;nsw;19191017;6935479
org;rec-444-org;444;jessica;lowe;4;pattinson crescent;grand view;wyoming;2753;nsw;19860916;1191526
org;rec-2222-org;2222;mitchell;baillie;43;robson street;karingah;williamstown;6062;vic;19701012;3971954
org;rec-313-org;313;hayden;petersen;97;slavin place;emerald garden;eastwood;2036;vic;19141112;6807594
org;rec-1442-dup-1;1442;erin;paterson;5;aspinall street;;albio park;4813;qld;19481126;5219471
org;rec-3686-org;3686;heath;dietmayer;31;grevillea street;karkatt;adelong;2577;vic;19390817;4835083
org;rec-936-org;936;dylan;armanini;225;dominion circuit;cornucopia;burwood;3148;vic;19470102;6633066
org;rec-3176-org;3176;emiily;auch-schwelk;179;bonython street;medical centre;pimlico;3193;vic;19780218;8499263
org;rec-13-org;13;dean;harrington;30;sambell place;the manoa;loganlea;2138;wa;19530516;7667197
org;rec-968-org;968;olivia;goodrum;21;kardang street;mawingo;crescent head;4019;wa;19850428;7307628
org;rec-2770-org;2770;abbey;araujo;4;shean place;;bundaberg;3121;vic;19480506;2343595
org;rec-669-org;669;angelina;cannell;142;broadbent street;lewin lodge;hamilton;4207;vic;19320524;3236056
org;rec-923-org;923;;white;301;telopea park;glenlee;botany;5010;nsw;19210531;2604630
org;rec-3641-org;3641;jessica;reid;280;medley street;warra creek;ballarat;3149;nsw;19830907;1067529
org;rec-2784-org;2784;casey;samulewicz;121;burns circuit;;auburn;5158;nsw;19500320;7495965
org;rec-3371-org;3371;jackson;urmonas;121;ryrie street;poitrel;ashfield;3192;nsw;19180120;4913144
org;rec-651-org;651;jayden;hingston;116;alawa street;longplain;wendouree;3138;qld;19171120;6243938
org;rec-3619-org;3619;benjamin;coleman;215;southern cross drive;ra 58;loftus;2429;vic;19010401;3219120
org;rec-2777-org;2777;caleb;norvill;216;batchelor street;summit cottage;kempsey;3073;tas;19090301;4708722
org;rec-844-org;844;matthew;pantazopoulos;51;gratwick street;villa 3;wyoming;4405;sa;19400824;2440497
org;rec-259-org;259;bayden;bobroff;3;dryandra street;;whyalla;7030;vic;19110115;7550689
org;rec-1441-org;1441;shannon;haupt;41;fihelly street;rowethorpe;macgregor;4300;sa;19070208;8639324
org;rec-723-org;723;leon;longo;466;;lyndon caves;grenfell;6004;sa;19840105;4769046
org;rec-1874-org;1874;rory;ikonomou;20;nambir court;;orange;3134;vic;19970104;6484308
org;rec-1496-org;1496;sachin;bishop;15;david street;silverweir;murray bridge;3218;qld;19041212;4274548
org;rec-2691-org;2691;harley;bizjak;8;roughsey place;conmurra;dover gardens;3043;qld;19671030;2461092
org;rec-892-dup-2;892;jesse;muehlberg;;reuther street;blue hklls;parramatat;3300;qld;19300518;6631613
org;rec-2633-dup-0;2633;soph ie;snell;4;vaughan garden;arcadia;hahndorf;2372;tas;19231114;8638391
org;rec-874-dup-1;874;peyton;cupo;22;mathieson crescent;laughalel farm;camperdown;2233;qld;19950710;6865403
org;rec-1378-org;1378;emiily;millar;79;bissenberger crescent;berkeley vlge;toowoomba;4350;nsw;19090414;2076491
org;rec-891-dup-2;891;madelne;birchby;7;dixonddrive;jestarlei;thornlime;2208;wa;19761231;2722141
org;rec-157-org;157;joel;pride;28;brache place;abbotsley cottage;bonnet hill;2219;wa;19590609;6441615
org;rec-3574-org;3574;aidan;hague;32;goodman street;yambira;avoca beach;4213;qld;19671027;6181261
org;rec-984-org;984;aidan;nicolle;14;bennelong crescent;;eatons hill;2259;vic;;4512429
org;rec-63-dup-1;63;olivia;white;192;;shoppingvillage;mirrabooka;2260;vic;19000106;4996142
org;rec-106-dup-0;106;bradley;bishop;14;spica street;yakilil park;bamawm;5107;nsw;19420318;6888719
org;rec-442-org;442;lucas;reid;5569;greenvale street;glen ayre;tongala;3251;vic;19300702;9790835
org;rec-328-org;328;charlie;apted;16;narryer close;compass adjuster hills;armidale;5112;vic;19441211;7431139
org;rec-457-org;457;emmet;rafanelli;;yarra street;section;forest hill;5159;qld;19060720;6458332
org;rec-1894-dup-2;1894;ruby;reid;8;throsby crdscent;;paralowie;6312;vic;19250929;9951759
org;rec-3042-org;3042;isabella;green;21;boolee street;upton;katherine;2257;vic;19581016;1425927
org;rec-2964-org;2964;tayah;rybak;35;morgan crescent;millbay;rochedale south;2800;wa;19070503;7314941
org;rec-203-org;203;lushia;maclennan;18;adcock place;kyeema;lismore;6163;vic;19731028;1145399
org;rec-2727-org;2727;barnaby;stanley;84;pulleine crescent;pine hill;port douglas;3153;vic;19591226;8061133
org;rec-294-org;294;samuel;mahony;132;clift crescent;bonnie doon;booval;2152;nsw;19480217;4347028
org;rec-2391-org;2391;alexander;schaller;1;mclorinan street;hillbyrne;manunda;4051;vic;19050712;5516192
org;rec-1178-org;1178;bradley;white;16;hammond close;rosetta village;toormina;4169;qld;19210921;7769920
org;rec-1166-org;1166;isabelle;pascoe;27;hallen close;;williamstown;4670;nsw;19440710;4606557
org;rec-243-org;243;roberta;mcgregor;87;strickland crescent;corella;cranbourne;2535;sa;19050306;1712881
org;rec-2131-org;2131;dante;dixon;38;fullagar crescent;;hoskinstown;2031;vic;19310312;4406047
org;rec-236-org;236;emma;narulla;45;narran street;;garbutt;2111;nsw;19690411;1806285
org;rec-2889-dup-0;2889;joshua;dinnison;;van praag place;the hom estead;wallan;2360;vic;19660205;9606221
org;rec-1388-org;1388;ka;nguyen;66;dixon drive;archdale back;warilla;3844;vic;19320525;2537118
org;rec-3792-org;3792;jett;monaco;167;liversidge street;collier park vlge;;4865;vic;19420721;9463229
org;rec-3277-org;3277;lilly;scherf;14;may gibbs close;karmont;golden bay;4500;vic;19350921;6950881
org;rec-189-org;189;rachel;boyle;13;rosella street;leisure living vlge;seelands;2150;nsw;19900801;1167341
org;rec-2627-org;2627;isabella;sloniec;169;furneaux street;clear creek;sale;2428;sa;19551123;7230441
org;rec-2254-dup-2;2254;sarah;webb;39;mcfarlanplace;t int-sec ngarden;coomaleidgup;6023;nsw;19970702;8244083
org;rec-3762-org;3762;brooke;reid;143;kitchener street;;coffs harbour;3082;vic;19430321;7366937
org;rec-1211-org;1211;samir;tomney;61;stuart street;mt providence hostel;orange;5280;sa;19591020;2113283
org;rec-2765-org;2765;william;stephenson;55;grounds crescent;corcoran;vincent;3156;sa;19850408;3052898
org;rec-1959-org;1959;mackinley;webb;1;baynton street;jarrah rd shopping town;orange;6152;qld;19120930;3465838
org;rec-807-dup-0;807;leo;heyer;3;slessors crescent;mt forrest;ormeau;2234;vic;19200228;4301865
org;rec-1233-org;1233;kayne;baars;58;malcolm place;cornucopia;logan reserve;6210;wa;19151014;2604606
org;rec-718-org;718;emiily;nevin;114;duffy street;retirement village;jervois;2798;nsw;19920226;5140294
org;rec-3707-dup-1;3707;georgia;dignam;73;mccay place;brentwood vlge;daylesford;3216;nsw;;7778628
org;rec-2439-org;2439;hayley;david;30;christmas street;brannigans;penrith;5064;qld;19451219;7348094
org;rec-2244-org;2244;benjamin;myles;32;sheehan street;tricorne (cnr scone r road;birkdale;4304;vic;19271010;6431479
org;rec-813-org;813;luke;portlock;;zincke close;clear creek;margaret river;2320;vic;19530103;8473545
org;rec-2109-org;2109;jacob;green;3;roper place;moorilla;maryborough;5042;sa;19501221;1047185
org;rec-1583-org;1583;stephanie;rundle;13;cobb crescent;east lake;manunda;3305;nsw;19681103;8292280
org;rec-181-org;181;luke;poumako;162;scratchley place;spring creek;annandale;4370;wa;19491102;7225919
org;rec-843-org;843;hannah;neville;11;jaeger circuit;;geelong east;2216;vic;19160830;6099546
org;rec-2398-org;2398;benjamin;paterson;19;badcoe street;cleveland;kingsford;4124;nsw;19860525;1612974
org;rec-3861-org;3861;cooper;lowe;41;leahy close;urambi vlge;aldgate;2347;nsw;19790418;8155466
org;rec-172-org;172;hayley;webb;30;hodgkinson street;arabian stud kelkette park;pearcedale;4370;nsw;19431020;6456768
org;rec-3835-org;3835;alana;reid;56;pierces creek;brookfield;burwood east;4101;nsw;19701014;3089427
org;rec-2925-dup-3;2925;emiily;lyden;279;market town centre;marsden street;cleveland;7268;nsw;19421122;5252810
org;rec-3284-dup-0;3284;nicoll;jack;18;freda gibso n circuit;tintagel;sanctuary point;2047;tas;19440114;4318182
org;rec-3295-org;3295;dylan;angerson;6;naismith place;kilnacrott;morwell;2539;vic;19140907;1791556
org;rec-3316-org;3316;emma;homann;12;mcintyre street;avalyn;fairlight;2462;nsw;19211120;4125753
org;rec-466-dup-0;466;jessica;miles;20;maclea ysutreet;grandvview;aubuan;2011;qld;19210108;6182257
org;rec-310-org;310;alisha;coleman;38;sugarloaf circuit;ainslie house;jindalee;2220;nsw;19731016;6978590
org;rec-3437-org;3437;oliver;matthews;6;faunce crescent;;deniliquin;2121;qld;19240911;7096945
org;rec-1591-org;1591;brooke;stanley;6;alpen street;linvale;latrobe;3148;tas;19610922;5995657
org;rec-2496-dup-0;2496;william;fornarino;126;macgregor street;;charlesyown;5049;wa;19830402;6064420
org;rec-2828-org;2828;william;lupoi;61;;albion;eastern creek;6024;qld;19410727;3617137
org;rec-848-org;848;daniel;coffey;26;parkhill street;langi;islington;3186;qld;19270224;3714025
org;rec-3418-org;3418;flynn;roccatti;36;lienhop street;milly milly;st ives;3216;qld;19930619;8603121
org;rec-2837-org;2837;elki;trent;27;wray place;the mews royal hotel bldg;gawler east;3152;nsw;19600211;5679502
org;rec-2152-org;2152;charlotte;webb;98;tompsitt court;moriah;wellington point;2077;nsw;19190926;1192096
org;rec-596-dup-2;596;desilva;jasper;15;sangster place;cambo oya;broome;3023;wa;19310208;1187147
org;rec-258-org;258;peter;webb;4;florentine circuit;oak park;blair athol;4703;nsw;19691212;5765170
org;rec-1478-org;1478;william;roling;2;mcarthur place;kalang;burpengary;2195;nsw;19690702;5873269
org;rec-3829-org;3829;alaiyah;grubb;4;higinbotham street;warrumbungle;seacliff;3226;vic;19100321;1079455
org;rec-3272-dup-3;3272;trye;held;19;kookaburra village;holman street;peregianzbeach;5266;nsw;19520113;6176252
org;rec-2961-org;2961;oscar;maynard;186;sidaway street;;bligh park;0830;wa;19350126;9542823
org;rec-2640-org;2640;timothy;hanna;10;titheradge place;rosetta village;port macquarie;4740;wa;19740401;3449819
org;rec-242-org;242;lachlan;paine;55;sullivan crescent;mount patrick;black hill;4503;vic;19101123;6513286
org;rec-3252-org;3252;alexander;reid;54;lukin place;;ashfield;2125;tas;19380921;5159551
org;rec-3752-dup-0;3752;thomas;tossell;4;mcginness street;;adamstown heights;4670;nsw;19690619;1062146
org;rec-3606-org;3606;sean;kantamessa;33;sheehy street;carrington retrmnt vlge;maryborough;3042;vic;19480229;4028468
org;rec-3542-dup-1;3542;kirr;gaskin;15;;jodayne;auburn;4034;vic;19010304;6678130
org;rec-88-dup-0;88;neneh;ryan;13;morgan c eescent;westport;toowoomba;2106;nsw;19900120;3434805
org;rec-1729-org;1729;marcus;mason;166;warring place;riversdale caravan park;canterbury;3079;qld;19130226;3557171
org;rec-3267-org;3267;caitlin;pulvirenti;373;macpherson street;edwards chambers;coffs harbour;4061;vic;19270818;1900285
org;rec-1430-dup-1;1430;lowe;alyssa;37;howitt street;the meadows;wamberal;5063;nsw;19470626;1362480
org;rec-2993-org;2993;silas;puspawata;152;castieau street;sunnyspot farm;murray bridge;2204;nsw;19850806;9411656
org;rec-3652-org;3652;christian;berry;11;chauvel street;mount patrick;mosman;3097;nsw;19220830;7641989
org;rec-1855-org;1855;daniele;campbell;11;wakefield garden;nazareth village;old beach;3550;sa;19860419;2659961
org;rec-1724-org;1724;michael;white;2;goodwin street;entwood;korora;6000;nsw;19640706;4600379
org;rec-232-org;232;lily;wilkins;4;backhouse street;woorabinda;patterson lakes;3687;vic;19430508;3702786
org;rec-232-dup-0;232;lily;wilkons;52;backhouse street;woorabinda;pattersn lakes;3687;vic;19430508;3702786
org;rec-1985-org;1985;rhys;snelling;13;tauss place;elmwood;kingsville;4573;wa;19850822;7043113
org;rec-858-org;858;chloe;clarke;38;blackman crescent;emerald garden;orange;4800;vic;19871218;3350579
org;rec-3811-org;3811;charlotte;rogan;1;webster street;wayamba;alfred cove;2830;vic;19320125;3874442
org;rec-3123-dup-0;3123;james;bastin;36;frater crbescent;mlc building;st kilda east;6163;vic;19580628;9981914
org;rec-2260-org;2260;brooklyn;green;4;;strathlea;lavington;2440;sa;19170916;6332816
org;rec-3914-org;3914;delaney;stanley;5;cockburn street;rosehill;toowoomba;3395;nsw;19120713;6536621
org;rec-1065-org;1065;gabrielle;whiteley;33;poole place;kainga;winston hills;4427;nsw;19570527;5911980
org;rec-1599-org;1599;michael;bencze;203;chauvel street;burrawong park;kilsyth;2146;vic;19440306;8871778
org;rec-3833-org;3833;ryleh;brock;106;phillip avenue;the yukana retirement village;mulwala;2455;wa;;5358296
org;rec-3872-org;3872;isabella;nguyen;57;marshall street;serenity;devonport;2224;nsw;19810516;1381879
org;rec-3680-org;3680;brooke;white;53;allambee court;amaroo hostel;corrimal;2228;nsw;19030924;5721750
org;rec-1356-org;1356;elizabeth;early;5;haswell place;baybreeze;pitt town;2754;nsw;19891103;7275038
org;rec-3513-org;3513;talia;reid;147;sid barnes crescent;tathra;berowra heights;2170;vic;19230203;4712927
org;rec-3510-org;3510;mary;mate;6;fitchett street;jarkhellms;bribie island;2228;nsw;19540725;5151134
org;rec-1662-org;1662;angelica;britten;10;wilkins street;argyle village;carlingford;2305;vic;19040116;3978249
org;rec-2262-org;2262;kirra;horsley;3;pinkerton circuit;swanleigh;cygnet;3199;vic;19260116;4306922
org;rec-814-org;814;sascha;clarke;;perry drive;rockette lodge;south perth;4054;vic;19991011;5938504
org;rec-2691-dup-2;2691;harley;jolly;8;roughsey place;conmurra;dover gardens;3043;qld;19671030;2461092
org;rec-1442-dup-2;1442;erin;paterson;5;aspinalls treet;;albion park;4814;qld;19481126;5219471
org;rec-1274-org;1274;james;ryan;63;light street;tambo;bundamba;3340;vic;19690319;7026873
org;rec-704-org;704;;neumann;82;pennington crescent;cooranga;bundaberg;4670;qld;19960124;7146875
org;rec-619-org;619;imogen;white;8;glyde place;st 1d;toodyay;7320;qld;19091122;1772360
org;rec-3956-org;3956;ruby;wang;19;bowser place;lumeah cottage;coffs harbour;3280;wa;19140526;2413602
org;rec-2050-org;2050;gabriel;moulton;15;lander crescent;courallie;northgate;4217;vic;19450603;2754299
org;rec-2234-dup-0;2234;kayne;iliopoulos;46;larakiastreet;sec 311;twin hills;5272;nsw;19740323;9357401
org;rec-1781-dup-1;1781;laklynn;miles;23;bunya close;up the back;barrack point;5074;nsw;;7643501
org;rec-402-org;402;angelina;nysten;13;fleetwood smith street;northcliffe;railton;4868;vic;19181231;5506984
org;rec-3495-org;3495;abbey;kasehagen;45;oakover circuit;old barn;dundowran;4217;qld;19920102;5971073
org;rec-2413-org;2413;mikhayla;eyre;1;wilhelmi crescent;thomond;windsor;2063;vic;19050327;8766126
org;rec-3923-org;3923;ethan;calantzis;18;forsythe street;unt 2;alfred cove;6110;wa;19830710;6070168
org;rec-3029-org;3029;ruby;lahey;3;paterick place;villa 18;keysborough;3156;nsw;19850208;1409341
org;rec-1752-org;1752;matthew;;78;maddock place;nyrraby;south brisbane;5076;nsw;19110615;6231503
org;rec-2265-org;2265;teresa;hingston;11;cornish place;sun city resort;fullarton;2137;nsw;19040317;3199768
org;rec-1312-org;1312;dylan;dorrell;43;lacey place;belgrano glenalvie;coolum beach;6105;vic;19140927;9478617
org;rec-1665-dup-0;1665;oscar;potempa;6;ponderossa;max henry crescent;crib point;3029;sa;19280707;3563502
org;rec-3707-org;3707;georgia;dignam;66;mccay place;brentwood vlge;daylesford;3216;nsw;19660610;7778628
org;rec-1445-org;1445;justin;george;27;yumba avenue;katherine low leve;forest hill;2530;vic;19850715;2885921
org;rec-2119-dup-0;2119;connor;hilton;20;mackenzie street;parra ekena;kurri kurri;4701;vic;19510908;2641578
org;rec-1785-org;1785;caitlin;stubbs;14;appel crescent;burramunda;hinchinbrook;2627;qld;19171120;4799616
org;rec-155-org;155;jory;tyack;21;fidge street;john flynn medical centre;modbury heights;4121;nsw;19170713;6264802
org;rec-2236-org;2236;tara;mcandrew;12;phillip avenue;karsul;ingleburn;2251;vic;19190904;2626203
org;rec-3248-org;3248;patrick;jervis;34;mcphee place;the old parsonage;stanmore;5125;nsw;19620629;8841195
org;rec-2176-org;2176;raquel;clarke;;rechner place;valbella;concord;2600;vic;19100602;1814299
org;rec-2645-org;2645;erin;ulrick;37;owen dixon drive;north hill medical centre;lakemba;2011;vic;19181026;2175121
org;rec-899-org;899;joel;dimauro;111;hingston close;highland grove;landsborough;4741;nsw;19320930;9769687
org;rec-3314-dup-0;3314;spratt;jackson;12;slight place;oatland s court;beachyere;3219;nsw;19920721;1338387
org;rec-1282-dup-0;1282;;blacklow;7200;crocker place;inishmore;windradyne;2099;nsw;19690808;5390869
org;rec-3857-org;3857;ethan;jessup;8;yarrawonga street;;avondale heights;2121;vic;19040618;3022934
org;rec-292-org;292;jackson;volframs;123;bemm place;wandana;south melbourne;6725;vic;19880709;3939756
org;rec-1423-org;1423;benjamin;lowe;31;therry place;rosetta village;westmeadows;4428;nsw;19771105;5142745
org;rec-3558-org;3558;chloe;mercorella;632;brunswick circuit;bryntirion;prospect;7051;tas;19391110;5037930
org;rec-337-org;337;george;george;159;rocklands street;pontresina;margaret river;4152;nsw;19350611;3352789
org;rec-320-org;320;lachlan;hayam;56;emily bulcock crescent;marsden forest;north sydney;6163;wa;19030930;3083874
org;rec-237-org;237;jaime;rabe;206;moorehead place;lytton;torquay;3094;vic;19761212;6366346
org;rec-2273-org;2273;charlotte;chandler;11;maharatta circuit;berkeley village;ingleburn;6170;vic;19781214;4060871
org;rec-1963-org;1963;charlotte;reid;229;schonell circuit;civic centre;canterbury;2107;vic;19140629;7273525
org;rec-1854-org;1854;jazz;fotopoulos;8;strathnairn place;villa 2;yackandandah;4011;wa;19360525;3894184
org;rec-1893-org;1893;alannah;secomb;38;bundeela street;paladin stud farm;myponga;4216;nsw;19340309;5474710
org;rec-2416-org;2416;thomas;white;24;phillimore place;;patterson lakes;6056;nsw;19330506;4207108
org;rec-976-org;976;madeline;bouras;75;federal highway;brentwood village;balcatta;2062;nsw;19411231;2062121
org;rec-2369-org;2369;grace;stanley;191;ern florence crescent;burnside;kalorama;2650;qld;19561030;5251700
org;rec-922-org;922;tiana;novak;40;manu place;cobblecundy;reynella;3820;qld;19550906;5081922
org;rec-1600-org;1600;archie;carbone;22;callabonna street;rosetta village;bayswater;3147;qld;19790405;2459626
org;rec-1687-dup-2;1687;blkae;sterry;7;investigator street;glenview;isle of capri;4212;vic;19901017;5600052
org;rec-2058-org;2058;isabella;galbraith;19;baume crescent;;monbulk;2113;wa;19100918;3785501
org;rec-3891-dup-0;3891;april;dreckow;19;baynton street;cooloola farms;ingleburn;3562;nsw;19390315;8829105
org;rec-1433-org;1433;michael;mcturk;264;mayfield hill street;pine hill;tarampa;2340;wa;19570723;6666637
org;rec-3458-org;3458;kiera;lund;21;barlow street;berowra exch;inverleigh;6280;qld;19120408;5619648
org;rec-3860-org;3860;bailey;slape;69;nullagine street;the willows;robina;3072;nsw;19610416;5945296
org;rec-54-org;54;layla;flegg;36;birdwood street;donore;hinton;3028;nsw;19890605;1891517
org;rec-1563-org;1563;amber;pouliotis;6;carleton street;warwillah;seven hills;6063;qld;19290204;9844514
org;rec-2276-org;2276;hannah;bissett;973;devonport street;;bayswater;2540;vic;19901021;6855222
org;rec-1843-org;1843;samuel;pesch;1;kapunda street;amarillo;west perth;5608;nsw;19670225;6780411
org;rec-274-org;274;imogen;hage;;galibal street;wurtulla shopping vlge;phillip;3089;nsw;19250517;6704451
org;rec-2483-org;2483;jessica;clarke;2;simpson street;cooloola farms;altona north;6050;tas;19700117;5214453
org;rec-633-dup-0;633;;guyatt;;callaghan street;castle pines;clarinda;6562;wa;19670217;1573717
org;rec-2912-org;2912;samantha;snell;8;miller street;braeburn;kenilworth;7248;nsw;19560620;4166432
org;rec-2753-org;2753;matthew;abrahamson;38;tyrrell circuit;st francis vlge;keilor;3187;nsw;19540728;3231589
org;rec-3562-org;3562;hannah;kobotheclas;1;wattle street;rosebrook;wendouree;2033;sa;19821223;6652659
org;rec-2738-org;2738;hudson;denne;20;abercorn crescent;araucaria precinct;potts point;5008;wa;19871217;3744193
org;rec-2965-org;2965;laura;campbell;152;clive steele avenue;irrigation farm;yagoona;3350;vic;19160610;6214635
org;rec-2733-org;2733;maxin;musolino;1;jinka street;kinross;windsor;6160;qld;19650409;3686486
org;rec-2367-org;2367;benjamin;blake;5;agonis close;bindaree;doubleview;3219;nsw;19770407;5009859
org;rec-534-dup-2;534;lachlan;wheatley;30;goodwin street;rosetta village;mount gravatt;4918;sa;19620815;8894816
org;rec-1557-org;1557;chloe;dolby;477;herschell circuit;woodridge;kingston;2559;nsw;19381005;6770265
org;rec-623-dup-0;623;scott;;50;wakelin circuit;southern cross;aldinga beach;3226;nsw;19740705;8963912
org;rec-3166-org;3166;ruby;stoneman;29;mcgivern crescent;lourdes hostel;mayfield;2137;nsw;19630721;7441466
org;rec-107-org;107;stirling;leslie;6;mortimer lewis drive;telebang station;port lincoln;6503;nsw;19311106;7452730
org;rec-2093-org;2093;alisa;reid;14;hay street;callitris;berkeley vale;4740;wa;19800916;9786278
org;rec-3451-org;3451;hannah;stephenson;31;allchin circuit;coulter court;scarborough;2291;nsw;19610228;5025918
org;rec-717-org;717;caitlin;white;9;kambalda crescent;resson;kilmore;4300;qld;19850426;5326539
org;rec-3072-org;3072;emma;carmody;26;kingsford smith drive;northbridge marina;concord;4112;nsw;19630327;2801312
org;rec-3947-org;3947;nacoya;versteeg;121;kambalda crescent;villa 5;wyongah;4305;vic;19630622;2137736
org;rec-455-org;455;fergus;lowe;4;golden grove;;erindale;5118;wa;19640522;1653650
org;rec-1080-org;1080;teagan;deckert;11;arkell place;;toowoomba;3825;vic;19181031;8652994
org;rec-626-dup-0;626;brooke;dixoun;27;scarborough street;umina park;woy owy;2602;qld;19980907;2574357
org;rec-1706-org;1706;joel;ballantyne;1215;mary potter circuit;the pinnacle;munster;2152;sa;19660606;6605279
org;rec-2351-org;2351;madeline;kerkham;27;osburn drive;lochs;rodinga;2171;;19820619;1980251
org;rec-901-dup-0;901;william;tosslell;17;lutana street;naranda;craigmore;2500;nsw;19250116;5322906
org;rec-2731-dup-0;2731;madelnie;conaghty;8;bonython street;umina park;myrtleord;2809;nsw;19850810;6575036
org;rec-1592-org;1592;;noack;947;sommers street;rosetta village;wentworth;2161;nsw;19460526;5329498
org;rec-3517-org;3517;cheyenne;moyse;17;ainsworth street;eureka;o'sullivan beach;4223;nsw;19390130;3161297
org;rec-182-dup-1;182;lachan;sal t;37;port jackson circuit;;ivanhoe;3102;nsw;19270329;2059611
org;rec-219-org;219;sachin;campbell;19;knaggs crescent;yurara park;inglewood;6210;qld;;6966462
org;rec-2745-org;2745;emma;leslie;3;monkman street;cascina;buninyong;4370;wa;19981230;8077657
org;rec-2669-org;2669;joshua;hawes;7;fewtrell place;grand central;hindmarsh west;2607;qld;19360122;7324375
org;rec-6-dup-0;6;jesse;jolul;;eucumbene drive;;elwood;2111;vic;19461208;8758918
org;rec-1934-org;1934;taylor-saige;rendulic;11;clark close;llantwit house;rocky cape;2287;vic;19570710;6373111
org;rec-859-org;859;patrick;harrington;7;mcbride place;emerald nook;mount torrens;4575;nsw;19470928;5833707
org;rec-1476-org;1476;claudia;krollig;18;tyson street;legacy vlge;daw park;2166;wa;;9615031
org;rec-2306-org;2306;benjamin;mcgregor;14;couchman crescent;blue shadows;paralowie;2131;nsw;19790728;8259013
org;rec-2630-org;2630;jessica;mason;4;waller crescent;kilnacrott;broken hill;2099;nsw;19680213;8382361
org;rec-3733-org;3733;mikayla;mccaffrey;237;monaro crescent;mindalay appts;irymple;4670;qld;19000310;7288818
org;rec-2972-org;2972;genevieve;robson;371;giffen close;hse 73;geelong west;3152;nsw;19470621;6647863
org;rec-1908-org;1908;christopher;ranson;1;;locn 10045;eastwood;2010;vic;19631215;4298889
org;rec-79-org;79;sophie;felmingham;13;gudgenby close;openshaw;maiden gully;5047;nsw;19810301;5805600
org;rec-1109-org;1109;emma;gaskin;2;allambee street;flr 5 john flynn medical centre;park orchards;3171;nsw;19740517;1859623
org;rec-581-org;581;joshua;clarke;33;marshall street;deuverney;blackmans bay;4507;vic;19940612;6160823
org;rec-2406-org;2406;noah;burford;367;woollum place;sunrise estate;;7250;nsw;19651018;3227618
org;rec-2590-org;2590;libby;giola;30;fitzherbert place;lynden park stud;wagaman;3141;nsw;19070529;2606747
org;rec-1235-org;1235;sam;mercorella;;mcdougall street;evergreen;noble park north;2450;qld;19920330;1598038
org;rec-207-org;207;lily;noble;264;magrath crescent;trilogy;niangala;3550;qld;19060823;9186463
org;rec-201-dup-2;201;caitlin;eyre;72;yuranig h court;gummy g ully;marybroough;5048;nsw;19020814;9522895
org;rec-3878-org;3878;joshua;godfrey;50;westbury circuit;war veterans hme;mona vale;7250;vic;19150911;1158833
org;rec-1860-org;1860;jack;mccarthy;60;downward place;;eaton;3158;sa;19230617;8511075
org;rec-2249-org;2249;thomas;tebbutt;6;wynter place;hansdale lane;fadden;4701;vic;19710802;2132854
org;rec-1903-org;1903;riley;green;3;kirkcaldie circuit;forest views;bendigo north;0820;vic;19301203;3513641
org;rec-985-org;985;alexandra;kevic;32;tipiloura street;colooli village;whitfield;4700;nsw;19010417;9803311
org;rec-1873-org;1873;aimee;miels;;warrego circuit;specialist centre;;3073;sa;19480517;5465830
org;rec-3329-org;3329;samuel;hyland;22;calder crescent;noorilim;stephens;2030;nsw;19700412;6178970
org;rec-3214-org;3214;samantha;grierson;5;kennedy street;tantallon;oakleigh;3034;vic;19210114;4683164
org;rec-482-org;482;lachlan;fusco;6;dampier crescent;yakilli park;kangaroo flat;5008;sa;19150326;6398868
org;rec-1152-org;1152;noah;white;58;rosman circuit;pyndari;hazelwood park;6025;nsw;19250618;4091442
org;rec-2077-org;2077;rhys;mccarthy;10;horsley crescent;myranda;rankin park;4350;nsw;19400913;3669234
org;rec-3796-org;3796;joel;mouser;59;flegg crescent;villa 2;park holme;4170;nt;19170626;3505741
org;rec-1304-org;1304;charlie;wilkins;7;grylls crescent;swainston;st peters;3226;wa;19521122;8124196
org;rec-2875-org;2875;joe;mason;8;rankine place;deepdale farm;redbank plains;2101;qld;19420816;9072570
org;rec-2011-org;2011;ben;gers;73;somerset street;greenbank;ryde;2641;nsw;19320110;1233432
org;rec-1200-org;1200;shelby;hogge;14;fleay place;argyle;st albans;2257;nsw;19581021;7986984
org;rec-151-org;151;madison;richmond;33;mcinnes street;cooranga;burnside;4035;vic;19090303;4982483
org;rec-2845-org;2845;sean;chaptini;66;galmarra street;wilsonton medical centre;lakemba;3056;qld;19380520;6755864
org;rec-201-org;201;caitlin;goode;72;yuranigh court;gummy gully;maryborough;5048;nsw;19020814;9522895
org;rec-522-org;522;chloe;boyle;28;lance hill avenue;patrician stud;newstead;2122;nsw;19140812;4259514
org;rec-1383-org;1383;tyrone;clarke;199;banfield street;ashgrove farms;whitfield;4505;qld;19240430;8945436
org;rec-765-org;765;charlie;simonetti;12;tennyson crescent;warrawong;sunnybank;3055;nsw;19021208;9727260
org;rec-1670-org;1670;sophie;alderson;106;cowper street;kingsrange;keilor east;2153;qld;19851004;6164507
org;rec-2822-dup-1;2822;molly;campbell;26;arthur circle;southern cross;port macquarie;3172;nsw;19880106;4549668
org;rec-698-org;698;harrison;hilsberg;10;northbourne avenue;station road;bomaderry;3054;qld;19190607;8421332
org;rec-488-org;488;timothy;noble;23;merv waite street;;greensborough;4005;qld;19771103;3172819
org;rec-2618-org;2618;monique;orchard;56;livingston avenue;old school hse;wagaman;3198;nt;19350626;5316863
org;rec-1319-dup-1;1319;godfrey;michael;28;william hudson crescent;wirreahda vlge;northmead;2036;nsw;19200404;5659438
org;rec-1577-org;1577;charlee;britten;1;;;patterson lakes;7019;nsw;19101229;3950355
org;rec-84-org;84;teagan;rankine;14;bisdee street;geegeela;wagaman;5046;nsw;19111101;2924957
org;rec-3876-org;3876;cameron;covino;1;tristania street;maroochydore palm holiday vllge;ringwood;3124;vic;19961020;1101576
org;rec-1711-org;1711;silas;peacey;31;maclean street;backacres;tuart hill;7315;nsw;19271020;3896198
org;rec-1215-org;1215;abbey;blake;29;mcginness street;brae view;northbridge;2176;nsw;19000518;1997842
org;rec-3424-org;3424;sebastian;virgen;23;samuels crescent;lockwood;botany;2168;sa;19590226;5424453
org;rec-2800-org;2800;dale;wardle;10;lynch street;retirement village;berwick;2450;nsw;19521120;4429999
org;rec-2960-org;2960;caitlin;lihou;16;miranda place;lambrook;kingston;6562;vic;19760922;5015894
org;rec-2232-org;2232;harrison;gwatking;38;fitchett street;ballyboy;crescent head;2290;wa;19480120;7888720
org;rec-805-org;805;evangelia;reid;21;conigrave place;greglea village;arundel;2115;nsw;19461128;8197072
org;rec-1704-org;1704;stephanie;lock;12;forbes street;principals residence;mill park;3103;qld;;1812094
org;rec-3367-org;3367;ashleigh;toseland;3;hansen circuit;tudor;mawson;3199;nsw;19450929;8704900
org;rec-2211-dup-1;2211;briana;radic;5;sullivan crescent;glocacjorra;woy woy;2540;nsw;19390401;1567566
org;rec-3236-dup-0;3236;brianna;mccarthy;85;warrai place;kooraegula;orange;4077;qld;19110323;5030053
org;rec-3588-dup-1;3588;nicholas;shepherd;35;paul coe crescent;sunvale;highgate;2767;tas;19610817;1575354
org;rec-3074-org;3074;hugo;;7;lutana street;the mannors;mcleans ridges;4306;nsw;19460213;8480715
org;rec-3875-dup-1;3875;lauren;mcgregor;2;de grey place;montrsoe;vermont;3047;nsw;19780307;5674315
org;rec-3932-dup-0;3932;william;lock;5;newbery crwscent;;frankston;2650;vic;;8906276
org;rec-2626-org;2626;wade;ayres;1073;foxlow close;shepherds hill;shellharbour;3342;vic;19190531;1951605
org;rec-1198-org;1198;harry;mincher;123;moorhouse street;lindsey rise;lakemba;3194;nsw;19400809;4718150
org;rec-21-org;21;nathan;lowe;13;de garis place;browne's reef;keysborough;5280;vic;19530505;1960163
org;rec-1398-org;1398;joshua;mason;6;hinton place;;ellenbrook;5107;qld;19400818;5070384
org;rec-672-dup-1;672;alexaner;green;51;dumas steet;emeraldgarden;frankston;3130;sa;19860606;9374843
org;rec-3041-org;3041;kira;jolly;37;harkness street;tasman nursing home;vincentia;5092;qld;19820827;8549144
org;rec-2874-org;2874;catherine;wevill;8;florina place;;cowra;2830;qld;19830304;8112950
org;rec-2129-org;2129;joshua;stegemann;90;tinderry circuit;lochlees;west croydon;6152;wa;19110706;2523185
org;rec-582-org;582;hayley;green;1;pollock street;halls of residence monash university;belmont north;3400;nsw;19400731;7043912
org;rec-1256-org;1256;connor;grimm;10;chuculba crescent;the rocks;geneva;4115;nsw;19940907;1898580
org;rec-1556-org;1556;shane;truman;10;feint street;dodonaea wing;cudgewa;4878;qld;19860610;7595918
org;rec-2014-org;2014;charlie;parr;27;allport street;;warburton;3043;sa;19661005;9553283
org;rec-1695-org;1695;briley;algo;6;o'hara close;wandearah;moorabbin;4109;vic;19070711;9288363
org;rec-1761-org;1761;koben;lavender;146;carroll street;allman court;terrigal;3150;qld;19231022;1299977
org;rec-3639-org;3639;toby;dixon;;rubicon street;gillin park;south perth;2548;wa;19870613;3992604
org;rec-3141-org;3141;isaac;white;1;proctor street;bringalong;campbell town;4215;vic;19220903;3731633
org;rec-3630-org;3630;john;azarovsky;5;heagney crescent;meadowvale village;avoca beach;4561;qld;19550121;9607370
org;rec-1308-org;1308;claudia;wiley-smith;;yumba avenue;willow dene;san remo;4066;nsw;19341107;9673318
org;rec-819-dup-0;819;kane;gloster;111;hawken sitreet;bonnie doon;kooyog;4017;tas;19120903;8770240
org;rec-3251-org;3251;oliver;broxam;17;goodhart crescent;pinda;hoppers crossing;2162;vic;19850922;9997534
org;rec-2763-org;2763;jack;mchenry;27;northbourne avenue;rmbl 572;rosewhite;3194;nsw;19820525;5047167
org;rec-1204-org;1204;petreece;stanley;76;sturt avenue;villa 444 the village glen;dianella;4103;vic;19880706;2041722
org;rec-2022-org;2022;ethan;neville;;hopetoun circuit;brandywine stud;alma bay;2444;qld;19270205;7856415
org;rec-877-org;877;alyssa;bishop;17;gairdner circuit;fairbank;toolleen;5107;qld;19160116;9549772
org;rec-2151-dup-3;2151;bradley;haberfield;11;carumbo place;bungarra;canley heights;2758;vic;19190528;5039500
org;rec-3738-dup-0;3738;luk;cpaell;356;hensman street;greengfove;minto;5159;sa;19940519;1221508
org;rec-2540-org;2540;emmet;mcgregor;3;breona place;park lane estate;bundaberg;3108;vic;19250615;8844261
org;rec-1-org;1;chloe;nappo;3;balonne street;brindabella specialist centre;carnegie;2068;wa;19940201;8222350
org;rec-451-org;451;jacqueline;lukomski;20;hopetoun circuit;rockview;sandgate;4879;vic;19491217;5521985
org;rec-1942-org;1942;alexandra;browne;23;maribyrnong avenue;rylington park;mill park;7316;nsw;19051020;8464040
org;rec-649-dup-0;649;emiily;waal;61;britten-jobes drive;mira monte;shelley;2065;nsw;19150129;1217484
org;rec-201-dup-4;201;caitlin;goode;72;yuranigh court;gummy gully;maryborpugh;5084;nsw;19020814;9522895
org;rec-449-org;449;caleb;matthews;5;clift crescent;tantallon;cairns;2480;nsw;19260714;7747714
org;rec-44-dup-2;44;jacob;alluchin;26;sternberg rcescent;;glengo wrie;2605;nt;19480614;4453111
org;rec-128-org;128;georgia;wilde;27;maclagan street;redwood village;caulfield;6210;nsw;19311204;6807905
org;rec-3588-org;3588;nicholas;shepherd;357;paul coe crescent;sunvale;highgate;2767;tas;19610817;1575354
org;rec-3710-org;3710;ashlie;gerste;33;florey drive;narek;dural;2228;wa;19911104;1069447
org;rec-2899-org;2899;chloe;webb;33;pennington crescent;;milvale;6084;vic;19520120;4941527
org;rec-1298-dup-1;1298;lucas;keepeh ce;35;perrin circuit;longridge village;maryborough;2228;nsw;19000527;7207408
org;rec-3425-org;3425;jordan;knappstein;128;byrne street;abervle ret vllge;brighton;3939;vic;19810713;7468737
org;rec-1114-org;1114;holly;brain;12;mactier place;ballow chambers;beveridge;7184;wa;19541018;2226517
org;rec-2718-org;2718;lachlan;walley;8;hancock street;the meadows;tarnma;2208;nsw;19680816;4908189
org;rec-3322-dup-1;3322;bailey;moysef;9;heagney cfescent;;surrey hills;5107;qld;19730713;6063290
org;rec-1562-org;1562;bethanie;aspinall;4;threlfall street;ripon estate;old bar;4223;sa;19520712;2537130
org;rec-3280-org;3280;rhys;aldous;1;tauss place;lochs;lake conjola;3165;sa;19661109;8363450
org;rec-2624-org;2624;teegan;reid;5;wheeler crescent;como;thornleigh;2535;vic;19020607;8733364
org;rec-50-dup-0;50;thomas;petersen;16;couvreur street;kimberley land caravan park;toorak;5049;nsw;19211030;9215248
org;rec-1377-org;1377;reuben;wilde;6;smiths road;birks harbour;condon;2157;nsw;19250925;7365425
org;rec-1039-org;1039;isabella;atsaves;4;britton place;johamenline;paralowie;2675;qld;19680120;2551717
org;rec-1015-org;1015;serena;amiet;13;provis place;curtin house;sylvania;3183;wa;19490226;4395194
org;rec-412-org;412;lachlan;zilm;4;cotter road;skerman chambers;western creek;2190;vic;;1336632
org;rec-3146-org;3146;rachel;blake;1;kirkwood crescent;;preston;6163;qld;19051014;1474022
org;rec-1900-org;1900;kiara;everett;8;eddy crescent;legacy vlge;noble park;6076;wa;;3831644
org;rec-3066-org;3066;emiily;magazin;4;bragg street;oroonaka station;mckinnon;3218;nsw;19360621;5090679
org;rec-1411-dup-0;1411;emiiy;negenht;26;scotch college;hopegoodplace;nunawading;3254;nsw;19081020;4227801
org;rec-3031-org;3031;luke;rundle;9;temperley street;thistledoo;toowoomba;2710;vic;19130526;3612651
org;rec-578-org;578;joel;ikonomou;42;mac george place;kelindy ridge;roger river;2464;vic;19620317;9954720
org;rec-822-org;822;hannah;lowe;246;nanda place;sec 247;orange;2263;qld;19120709;3967073
org;rec-1460-org;1460;luke;thorpe;9;ballard place;kempfield;tweed heads;4501;wa;19031124;2729127
org;rec-3910-org;3910;;campbell;30;ebden street;redwood village;corrimal;3929;qld;19040325;5665689
org;rec-2549-org;2549;lewis;blewett;6;conigrave place;koonongal;maryborough;3034;nsw;19381130;5041611
org;rec-3977-org;3977;jackson;browne;5;byrnes place;whyworry;cardiff;2750;nsw;19200705;4648529
org;rec-3059-org;3059;montana;vorrasi;62;maribyrnong avenue;civic centre;kemblawarra;3073;vic;19490822;9668770
org;rec-3084-dup-0;3084;mollie;green;54;dumaresq s treet;brindabella specialist centre;currajong;4215;qld;19780523;1688305
org;rec-417-org;417;alana;leoni;185;beazley crescent;applewoods;gunbower;2880;nsw;19601111;5530977
org;rec-832-org;832;jessica;morcom;5;woolner circuit;eleiwah street;boyne island;4849;nsw;19891212;4911053
org;rec-552-dup-1;552;brianna;geode;15;hardman street;fairhl ome;roseb ud;2774;qld;19980129;8471487
org;rec-895-org;895;jessica;bloomfield;45;spofforth street;fleetview;warburton;3401;wa;19700426;7161678
org;rec-3731-org;3731;luke;mccarthy;43;cullen street;;mentone;2316;sa;19740312;4343061
org;rec-3542-dup-2;3542;kirra;gaskni;15;lawley xtreet;jodayne;auburn;4034;vic;19901111;6678103
org;rec-2943-org;2943;kadin;drechsler;21;bednall place;walhalla;donnybrook;3108;vic;19690504;5005903
org;rec-428-org;428;jessica;myles;44;streeton drive;creston;preston;2176;nsw;19220810;9336520
org;rec-2675-org;2675;casey;berryman;17;raymond street;tourist park;toowoomba;3350;vic;19760314;6868434
org;rec-2353-dup-0;2353;tahnee;stanbury;;collier street;longstay caravn park;woodcrpft;2200;wa;19781207;7265542
org;rec-1609-dup-0;1609;madison;cowbell;140;ainslie avenue;bowan downs;nambour;3087;vic;19810922;8773092
org;rec-2136-org;2136;lawson;clarke;37;damala street;yooringa;northbridge;4053;qld;19310321;7535564
org;rec-2523-org;2523;phoebe;green;200;pasley place;old timers south;murray bridge;7008;tas;19840427;1594811
org;rec-1268-org;1268;elizabeth;nguyen;1;scattergood place;lakeside gardens tallwoods village;marks point;2226;nsw;19890913;7108402
org;rec-549-org;549;alissa;matthews;91;lawrence wackett crescent;hamilton;golden grove;3971;qld;19511026;6829701
org;rec-2434-org;2434;michaela;dicaterina;15;corrigan place;tarlinup;camp hill;2097;qld;19711121;2602748
org;rec-2175-org;2175;timothy;herbert;141;garanya street;littlemount;newcomb;2560;nsw;19940103;2286426
org;rec-856-org;856;rhiannon;;44;mansfield place;;prospect;3820;nsw;19490428;8327022
org;rec-3851-org;3851;alexander;pringle;14;evelyn owen crescent;seabank building;condell park;3214;qld;19630720;5377231
org;rec-639-org;639;charlotte;allchin;37;alphard place;wallaroi west;dimboola;4815;sa;19261018;2454246
org;rec-3149-org;3149;grace;steinert;26;miller street;ulabri;hurlstone park;4184;nsw;19190728;3388647
org;rec-3530-dup-2;3530;nathan;green;237;scrivener treet;magellan;condon;2749;vic;19411109;3806757
org;rec-633-dup-1;633;hattie;guyatt;22;callaghan street;castle pines;clarinda;6526;wa;19670217;1573717
org;rec-3051-org;3051;william;waller;61;henry melville crescent;river mews;woodlands;3020;vic;19080507;1633502
org;rec-2321-dup-0;2321;;white;6;appel crescent;rothwell;barcaldine;2160;qld;19740405;7690666
org;rec-3530-org;3530;nathan;green;;scrivener street;magellan;condon;2749;vic;19411109;3806757
org;rec-1151-dup-2;1151;emiily;ottens;1;albermarle place;yarrabee;parkdale;3350;nsw;19720507;9041875
org;rec-3626-org;3626;indiana;blackwell;11;tytherleigh street;arabian stud kelkette park;glenmore park;3930;wa;19740505;3849955
org;rec-729-org;729;;dixon;157;launceston street;ettrick;pennant hills;7019;nsw;19710307;3934159
org;rec-596-dup-4;596;jasper;desilva;15;sangster place;cambolya;broome;3023;wa;19310208;1187147
org;rec-363-org;363;mackenzie;nurse;616;howie court;argyle garden;coober pedy;2750;sa;19001118;1218002
org;rec-1523-org;1523;liam;wilkins;42;jansz crescent;glebe retirement villa;elsternwick;4812;sa;19710329;2709642
org;rec-3778-org;3778;kelsey;mullner;6;paterick place;warwillah;bibra lake;3064;nsw;19990725;5762904
org;rec-2046-org;2046;alexandra;stephenson;140;swinden street;karlindi;woodcroft;3940;vic;19940926;8200640
org;rec-297-org;297;eliza;fullerton;39;theodore street;braeburn;emerald;3193;vic;19351215;5255726
org;rec-2733-dup-4;2733;maxin;musolino;1;;kinrods;windsor;6160;qld;19650409;3686486
org;rec-2924-dup-3;2924;channing;filadnyer;25;fitzherbert place;byron racade;arana hixls;3171;vic;19460203;7674861
org;rec-3817-org;3817;jackson;asendorf;10;lawley street;;west lakes;2156;wa;19330214;8294928
org;rec-3889-org;3889;annabel;webb;58;baynton street;droubalgie;auburn;2170;nsw;19870124;7774213
org;rec-2165-dup-0;2165;declen;kuzmydz;19;;marjidin;bureood;5290;nsw;19070303;7689618
org;rec-3768-org;3768;lachlan;waller;25;hosking place;lotus lodge hostel;carole park;3138;nsw;19550307;8974046
org;rec-3584-org;3584;kiandra;matthews;117;florence taylor street;carrington nursing;morwell;2601;nsw;19690605;6108487
org;rec-3332-org;3332;charlotte;chappel;112;handasyde street;blue springs;cranbourne west;4740;qld;19420926;1372441
org;rec-528-org;528;montana;reid;10;longmore crescent;;marayong;5371;sa;19590911;8713154
org;rec-12-org;12;jaime;neville;100;finniss crescent;vincent court;wanneroo;3941;qld;19721219;1699577
org;rec-387-org;387;abbey;bastiaans;;rooney place;cambooya;heathfield;3051;sa;19571022;5150881
org;rec-1652-org;1652;harrison;kaldy;9;brunton street;eden park;casula;3805;vic;19340410;6596475
org;rec-2183-org;2183;tahni;noack;71;mcmillan crescent;section;creswick;2230;sa;19290903;3982346
org;rec-1416-org;1416;olivia;coady;30;;windara;sheidow park;4520;qld;19771215;6174600
org;rec-3779-dup-0;3779;kody;white;245;duncan street;clear vreek;thornlie;2673;sa;19300609;7857052
org;rec-2168-org;2168;emiily;jeffries;16;giles street;frank jeffrey hostel;ferndale;2031;sa;19741222;2024381
org;rec-1598-org;1598;isabelle;creagh;52;boddington crescent;culgoa;oaklands park;2259;wa;19600302;7587367
org;rec-880-org;880;maliah;statham;13;ligertwood street;torbanlea;ballarat;6102;nsw;19070424;7289820
org;rec-2883-dup-0;2883;jasmine;geog re;35;gluyass treet;;naremburn;7004;wa;19061015;7438270
org;rec-3572-org;3572;isabelle;worsley;422;curlewis crescent;james milson retrmnt vlge;highbury;3131;nsw;19150413;5296567
org;rec-2818-org;2818;jackson;stewart-jones;58;giltinan place;;toukley;2016;nsw;19601102;4456238
org;rec-1784-org;1784;millane;gilley;27;gymea street;centennial glen;holsworthy;5582;nsw;19310308;4626922
org;rec-3460-org;3460;hannah;murton;33;rumbelow court;evergreen;myrtleford;4807;nsw;19861012;8791506
org;rec-3925-org;3925;kayne;goldsworthy;60;rushbrook circuit;crown reserve;newborough;6010;;19070714;3491973
org;rec-1316-dup-2;1316;kade;evans-zijlstra;11;merriman crescent;brindabella specialist centre;allinhgam;2460;vic;19540530;8441006
org;rec-3870-org;3870;jacob;green;26;daley crescent;wheatlea;maiden gully;3073;sa;19920904;4468203
org;rec-2134-org;2134;alessandra;aldous;22;rymill place;wilding;cherrybrook;4012;nsw;19540315;8215027
org;rec-1432-org;1432;ella;rawlings;51;therry place;ainslie house;wynyard;3151;nsw;19870312;1757892
org;rec-2991-dup-1;2991;taylah;mason;16;captaincookc rescent;women's health cottage;duncraig;3550;vic;19811231;9064068
org;rec-677-org;677;konstantinos;coffey;153;latchford street;kookardinia;terranora;3579;vic;19390921;4664050
org;rec-1327-org;1327;abbey;seselja;19;vaughan garden;john flynn medical centre;marsden;4066;vic;19270208;4514063
org;rec-129-org;129;nemesia;hindmarch;25;maraar place;nunkeri;terrigal;2790;nsw;19320414;1108175
org;rec-3608-dup-0;3608;statham;nicola;;saville close;tath ra;;3820;wa;19140615;5999935
org;rec-3588-dup-0;3588;nicholas;shepherd;357;paul coe c rescent;sunvale;highgate;2767;tas;19610817;1575354
org;rec-1443-dup-0;1443;ayres;chelsra;18;pokana circuit;delicate nobby street;keilor east;4131;;19130223;7240317
org;rec-2924-dup-1;2924;channing;dixon;25;fitzherbert place;byron abrcade;arana hills;3171;vic;19460203;7674861
org;rec-2676-org;2676;abigail;coulson;10;wittenoom crescent;larra pines;;2770;sa;19860713;5344542
org;rec-3318-org;3318;jamie;mollaj;10;outtrim avenue;the rocks;blacktown;3061;nsw;19180415;5230053
org;rec-1158-org;1158;emiily;compton;5;giliruk crescent;manton's rise;tuart hill;5118;wa;19190403;5510888
org;rec-3294-org;3294;;krige;3;maribyrnong avenue;;exmouth;4370;vic;19951122;8923523
org;rec-3772-org;3772;grayson;mchenry;22;hargrave street;rosetta village;camp hill;4350;nsw;19141004;9561604
org;rec-1380-org;1380;matthew;parmakli;13;cossington smith crescent;wylarah;morwell;2216;nsw;;5169643
org;rec-3525-org;3525;ky;musolino;170;clive steele avenue;laane coree;great mackerel beach;5046;vic;19020214;4123509
org;rec-641-dup-1;641;mhary;paterson;13;maribyrnong avenue;rosedale;parramatta;2166;vic;19190703;5843579
org;rec-567-dup-1;567;kyle;garcia;24;caldwell street;;ormond;7330;vic;19750210;6099792
org;rec-3841-dup-0;3841;james;kristoff;18;zox circuit;albeni s tation;labrador;6285;nsw;19880902;1382074
org;rec-2366-org;2366;jack;clarke;62;lyndon street;shady creek;paralowie;4054;vic;19611020;9797036
org;rec-2654-org;2654;charlie;petersen;24;maitland street;;altona north;2447;nsw;19291112;7363282
org;rec-3643-org;3643;alexandra;siemers;123;waller crescent;rubern cottage;batemans bay;3107;nsw;19440324;1995762
org;rec-2987-org;2987;jack;hammer;10;hamelin crescent;cabbage tree;toormina;2164;vic;19060615;7993255
org;rec-1385-org;1385;sarah;van de water;460;fristrom crescent;tatyara;labrador;2263;nsw;19930103;9851215
org;rec-2108-dup-0;2108;isabelle;hobson;16;dethridge street;wandella park snowy;derrinallum;3450;nsw;19831024;1613735
org;rec-486-org;486;grace;reid;7;river street;killarney;windang;2443;nt;19060130;4156933
org;rec-2169-dup-2;2169;ethan;monjeon;57;pokanacorcuit;jarara;st albans;4075;vic;19440816;5251642
org;rec-3318-dup-1;3318;jamie;mollaj;10;outtrim avenue;the rocks;blacktown;3062;nsw;19180415;5230053
org;rec-1870-org;1870;charlie;george;59;ellenborough street;clarence village;penguin;3095;sa;19930616;7943196
org;rec-1894-dup-1;1894;ruby;reid;27;throsby crescent;;paralowie;6342;vic;19250929;9951759
org;rec-1177-org;1177;kyle;green;8;reveley crescent;clanoc cottage;toowoomba;3079;nsw;19081205;8262731
org;rec-1477-dup-1;1477;william;whillas;524;forbes street;ra 23012;brighton-le-sands;6147;vic;19250312;2026323
org;rec-2368-dup-0;2368;darcie;astley;82;knoke avenue;emery wood;many ana;4560;vic;19420804;2769992
org;rec-2916-org;2916;joshua;bowerman;20;wray place;wispering pines;dapto;6016;qld;19320417;1991321
org;rec-2023-org;2023;kaitlyn;beattie;62;rosella street;sherwood;robertson;5155;nsw;19480506;4927131
org;rec-1544-dup-3;1544;india;ree s;25;waterfield place;;brunswick west;5014;qld;19400318;1262198
org;rec-2407-org;2407;lewis;radic;95;laby place;north star holiday resort;redbank plains;2750;vic;19580202;1604740
org;rec-3753-org;3753;adele;campbell;31;janga place;;surfers paradise;2260;vic;19650721;7344837
org;rec-3563-org;3563;quinn;musolino;2;braine street;cluster;heckenberg;6390;nsw;19100225;8891469
org;rec-2490-org;2490;fynn;reid;15;;belongame;surfers paradise;2061;nsw;19390425;6365849
org;rec-95-org;95;alana;white;1;hoseason street;flr 5 john flynn medical centre;ringwood;2594;nsw;19440204;1205641
org;rec-3370-org;3370;harry;cachia;16;patton place;woy woy community care;picnic point;3418;nsw;19990516;4786889
org;rec-3035-org;3035;april;shepherd;48;cosgrove street;fairway villas;raymond island;2350;wa;19960311;1963578
org;rec-3428-org;3428;sebastian;bishop;23;powell street;bulliac;broulee;2460;nsw;19121212;7052815
org;rec-218-org;218;alice;morrison;135;rosebery street;heritage manor est;port macquarie;5075;vic;19880610;1896150
org;rec-2710-org;2710;heath;silvestrino;21;cuthbert circuit;shopping centre;broome;5163;nsw;19700502;8317738
org;rec-3193-dup-1;3193;syivie;morrison;;aurora cvlose;;annandale;2203;sa;19820712;2753223
org;rec-455-dup-4;455;fergus;lowe;4;golden hgrove;;erindale;5181;wa;19640522;1653650
org;rec-3397-org;3397;arabella;hingston;46;tasman place;trail view;st kilda;3053;wa;19541027;4035879
org;rec-3911-org;3911;brinley;campbell;28;esk place;chateau royale;balwyn north;3165;wa;19170130;2501638
org;rec-2044-dup-3;2044;;marring;183;fleggcerscent;withern house;hope valley;3161;nsw;19760927;5860010
org;rec-3514-org;3514;ebony;stubbs;15;wisdom street;anderwood;gowrie;2107;qld;19401029;7760776
org;rec-597-org;597;alexander;milburn;61;edith place;agarabi;waramanga;3169;qld;19800826;4796018
org;rec-3411-org;3411;charles;ryan;123;charterisville avenue;flt 40;tarragindi;3952;qld;19270902;6495794
org;rec-1302-org;1302;juliana;giannoni;2;albermarle place;dunbar;st albans;2232;nsw;19211230;2173695
org;rec-299-org;299;caitlin;;20;pandanus street;the burrows;bassendean;5070;vic;19860617;9043499
org;rec-3542-org;3542;kirra;gaskin;15;;jodayne;auburn;4034;vic;19901111;6678130
org;rec-3877-org;3877;emiily;wieloch;38;liverpool street;pink lake caravan park;mundulla;6112;nsw;19990906;5530917
org;rec-2126-dup-0;2126;huhg;smallacombe;126;salsola street;merrilea;prospect;6530;vic;19210508;6760867
org;rec-3456-org;3456;nemesia;delev;2;nemarang crescent;bimbimbie vlge;barrack heights;3160;tas;19021016;8281266
org;rec-3551-org;3551;meg;zilm;2;camfield place;polynesian village;callala bay;6021;nsw;19040130;8967109
org;rec-948-org;948;charlotte;;52;;;mount gravatt;2213;sa;19080601;4182136
org;rec-2644-org;2644;meg;seppelt;33;meredith circuit;burrendong est;blacktown;2354;nsw;19960816;4226400
org;rec-2272-org;2272;timara;clissold;61;ossa place;tudor court;dirranbandi;6110;qld;19980603;6625159
org;rec-760-org;760;emiily;siddans;9;gatty place;pacific haven;parkside;3089;vic;19790222;7711611
org;rec-504-org;504;hannah;dunstone;28;molloy crescent;aprt 59;harbord;3056;tas;19771018;5507330
org;rec-370-dup-0;370;sarah;clarkre;14;brigden crescent;;oakleigh;4700;nsw;19510816;7333388
org;rec-3096-org;3096;chelsea;corrie;37;kalgoorlie crescent;bute park;torquay;7054;nsw;19520402;6925789
org;rec-764-org;764;dale;kiziridis;11;millen street;peregrine;bicton;4210;nsw;19470524;5711566
org;rec-3219-org;3219;oliver;hilton;3;waller crescent;mayville;rose bay;3136;vic;19720530;5383571
org;rec-3597-org;3597;samuel;miles;33;waite street;north hill medical centre;cygnet;2156;vic;19980130;4494971
org;rec-2029-dup-1;2029;rwid;vanesda;6;battersby circuit;ashleigh houseb ergen court;cranbourne;3132;nsw;19460905;5779612
org;rec-3385-org;3385;spyke;shepherd;41;dinnison circuit;holmville;raymond terrace;2160;nsw;19390415;1447413
org;rec-3157-org;3157;ruby;blunden;6;sundew crescent;omaru;mount dandenong;2200;qld;19240209;4194116
org;rec-2789-org;2789;rebecca;matthews;40;cumpston place;wyoming park;belmont;4170;sa;19050810;3260440
org;rec-1490-org;1490;hamish;weaver;35;tyson street;valencia park;morphettville;4215;wa;19860801;7603307
org;rec-740-org;740;lucy;meadows;50;yolla place;medical centre;craigie;3099;vic;19560921;2333015
org;rec-194-org;194;;matthews;4;jim pike avenue;the willows;frankston;4870;qld;19361206;2300647
org;rec-3682-org;3682;olivia;campbell;4;buxton street;south melbourne market;surfers paradise;6160;nsw;19000727;8829939
org;rec-2162-org;2162;samuel;crouch;6;fihelly street;loc 3276;frankston;0845;qld;19700930;6492704
org;rec-1882-dup-0;1882;taylor;spada;7;pearson street;harriman park;armidale;3023;qld;19458030;4439810
org;rec-1341-org;1341;jacob;de gennaro;16;madigan street;;broadbeach waters;4552;qld;19710627;1070412
org;rec-3064-org;3064;richard;white;9;angas street;jarrah;eaton;4074;vic;19050528;6288404
org;rec-3645-org;3645;lucy;cheshire;36;dixon drive;glendower;daisy hill;3171;vic;19940114;3690150
org;rec-134-dup-1;134;fondum;zali;51;clancy street;rosemount;cowell;2066;vic;19140220;3131278
org;rec-2609-org;2609;paris;jolly;159;gungurra crescent;lazy acres;bicton;2069;nsw;19971206;7274345
org;rec-1888-dup-0;1888;abby;coleman;43;wisdo street;clear creek;dianella;6009;qld;19781201;5845261
org;rec-102-org;102;benjamin;campbell;3;cohn place;sec 478 hd paringa;marleston;2671;vic;19880728;8220163
org;rec-3346-org;3346;jacqueline;nguyen;53;;sheep station;pymble;5025;vic;19051106;3085010
org;rec-2756-org;2756;danielle;waller;7;larkin close;haven caravn park;currans hill;2031;;19740329;4398640
org;rec-620-dup-0;620;chelsea;ryan;101;glencross street;woodleigh;pimlico;2170;nsw;;5559150
org;rec-815-org;815;casey;ryan;10;tenison-woods circuit;ewenmar;burpengary;5462;nsw;19900529;8918959
org;rec-2852-dup-0;2852;georgia;white;12;tenison-woods circuit;ywurrie;dapto;2195;vic;19440918;9560942
org;rec-1758-org;1758;casey;huxley;26;kaberry place;dandegong;ermington;2627;nsw;19270908;4698545
org;rec-763-org;763;john;salt;11;howarth place;jingara;bonnells bay;4738;nsw;19920503;7730434
org;rec-2927-org;2927;christina;george;14;burn street;wambanumba;safety bay;4812;vic;19290625;3112654
org;rec-3033-org;3033;lauren;hyland;5;goodchild street;carawah rmb 2;lockwood;2065;nsw;19791019;7541438
org;rec-2339-org;2339;;mylne;116;collicott circuit;locn 2042 gillingarra;railway estate;4032;nsw;19620313;1624129
org;rec-1517-org;1517;sophie;renfrey;179;barker street;wathonga;concord;4304;wa;19831118;8535289
org;rec-2733-dup-0;2733;maxin;musoelino;1;jinkastreet;kinross;windsor;6160;qld;19650409;3686486
org;rec-2895-org;2895;jessica;petersen;4;mugga way;la rhune;orange;5019;qld;19080207;9491923
org;rec-1964-dup-0;1964;kimberly;weaveldl;30;loban ocurt;broadford;gol gol;2076;qld;19210905;4152651
org;rec-3675-org;3675;emma;passmore;110;aspinall street;kia-ora cottage;walbundrie;6051;vic;19271227;9157503
org;rec-3720-org;3720;erin;ritzau;15;lubuma place;kanangra hostel;corowa;5126;vic;19930604;7704422
org;rec-1565-org;1565;madeline;wang;8;martley circuit;shelomith;terrigal;2107;sa;19040108;9505709
org;rec-2635-org;2635;ebony;;31;ippia place;morrocdong;st albans;4030;nsw;19670215;2013176
org;rec-131-org;131;alexander;ollwitz;1;griffith place;crestfield;bongaree;6027;nsw;19701008;6108118
org;rec-868-org;868;mitchell;;333;millard place;brentwood vlge;birkdale;2575;qld;19161230;9952077
org;rec-3709-org;3709;daniel;buckmaster;405;cutlack street;hazelwood garden;pooginagoric;2430;nsw;19850326;7556034
org;rec-1077-dup-2;1077;rosi;minter;27;rawdon;aurora close;tr gig;5113;vic;19660316;8729674
org;rec-1432-dup-3;1432;;rawlings;51;therryplace;ainslie house;wynyard;3151;nsw;19870312;1757892
org;rec-2119-org;2119;connor;hilton;20;mackenzie street;parraweena;kurri kurri;4701;vic;19510908;2641578
org;rec-1848-org;1848;erin;browne;10;litchfield place;macsview;malvern;6025;vic;19470601;1909245
org;rec-2211-dup-2;2211;brianna;radi;5;sullivan crescent;gloccaomrra;woy w oy;2058;nsw;19390401;3343334
org;rec-236-dup-0;236;emma;narulla;45;narran street;;garbutt;2111;nsw;;1806258
org;rec-705-org;705;makenzi;morrison;381;maclaurin crescent;aptmnt 42;mayfield;5038;vic;19810522;1135598
org;rec-481-org;481;brooke;nederpel;32;stieglitz circuit;raffa estate;glenview;4104;nsw;19590624;5671162
org;rec-1347-org;1347;charles;atighi;5;mokare street;northern tablelands tennis academy;nightcliff;2085;qld;19561019;8117515
org;rec-3978-org;3978;lachlan;campbell;24;macquarie street;montado;;6110;nsw;19630921;7120569
org;rec-3507-dup-1;3507;henry;collinson;1;mcgivern ctescent;winchesqter;bonnyrigg;2602;nsw;19670520;4213909
org;rec-2657-dup-0;2657;robbie;gilbertson;34;rosman circuit;summer hill;raglan;6009;nsw;19150525;8598241
org;rec-3333-org;3333;richard;corujo;;waddell place;mayday view;eleebana;2650;nsw;19790513;9272189
org;rec-1880-org;1880;alana;ebert;18;elimatta street;corella;ashfield;3067;qld;19770724;2930688
org;rec-1495-org;1495;kynan;hagemann;67;flanagan street;bythorne;denistone east;2820;nsw;19831120;9855905
org;rec-3593-org;3593;samuel;;194;pulleine crescent;ocean star villas;budgewoi;2132;vic;19310811;8796298
org;rec-1736-org;1736;sam;ovens;60;bamir square;box range;bayswater;4220;sa;19110415;4851740
org;rec-1471-org;1471;eloise;menzies;7;solander place;erina gardns;bibra lake;5063;tas;19881124;3835091
org;rec-2099-org;2099;cooper;groenewege;29;wearing street;glenview;bickley;5108;wa;19030818;9952563
org;rec-3262-org;3262;hattie;heesemans;181;cameron street;congreave court;wyoming;3400;tas;19100603;5626542
org;rec-2291-org;2291;samuel;taubers;19;hutcheson street;the willows;lowood;4300;act;19981018;4099724
org;rec-876-org;876;madison;white;6;brinkley circuit;moonabba;townsend;2219;nsw;19250914;4485116
org;rec-3919-org;3919;ewan;meulink;;;brentwood vlge;emerald;2283;qld;19210519;8266517
org;rec-1391-org;1391;blake;fogg;20;mirning crescent;booleringa;uriarra forest;4133;nsw;19540319;6830763
org;rec-3902-org;3902;mikaela;cother;10;hinkler street;nymboida downs;camp hill;7030;qld;19570213;1037147
org;rec-229-org;229;callum;reid;29;;east end;bridgewater;2620;nsw;19120224;4818182
org;rec-324-org;324;jassim;mason;23;gouger street;colbes;roxburgh park;3150;qld;19690406;4153916
org;rec-148-org;148;alexander;jukic;1;yerra court;gillin park;lake haven;2131;qld;19360522;9707302
org;rec-1967-org;1967;connor;mccarthy;26;moorhouse street;;st georges basin;6083;vic;19710512;3131439
org;rec-3999-org;3999;erin;goonan;89;berrigan crescent;ocean star villas;flemington;4701;qld;19240114;4773209
org;rec-3642-org;3642;amber;banham;;casey crescent;cotswold park;surfers paradise;7253;nsw;19910511;9227840
org;rec-3114-org;3114;emiily;zilm;393;daintree crescent;;woy woy;3550;nsw;19960607;7299341
org;rec-1480-org;1480;evan;richmond;14;fullerton crescent;;birkdale;2037;nsw;19221027;1229271
org;rec-2155-org;2155;kyah;zilm;1;titheradge place;apt 2005;;6255;qld;19080713;8815162
org;rec-1962-org;1962;gabrielle;kinnane;31;mocatta place;burnside;laverton;2022;sa;19170923;9725077
org;rec-1622-org;1622;emiily;coleman;39;mcgill street;retirement village;gorokan;2346;qld;19450621;4127654
org;rec-1845-org;1845;alisa;ballantyne;26;namatjira drive;arnwood;wandin east;2046;vic;19450923;1751604
org;rec-2893-org;2893;jacob;furze;15;galibal street;willaroo;bossley park;7173;tas;19290917;7814172
org;rec-3921-org;3921;joshua;zbierski;42;plante place;old cob;athelstone;6151;nsw;19890910;4559733
org;rec-1404-org;1404;kirra;simmonds;2;osmand street;wombinoo station;pakenham;4670;nsw;19200402;3107497
org;rec-343-org;343;tyler;crouch;17;paul coe crescent;the falls;purrumbete south;3207;qld;19940726;9134245
org;rec-109-org;109;alissa;fergie;10;monaro crescent;mountview;nickol;5163;qld;19890204;2112958
org;rec-3785-dup-2;3785;lucas;nguyen;18;melrose drive;emu dpwns;bowral;5280;qld;19070330;9378158
org;rec-81-org;81;brandon;neumann;23;federal highway;lake downs super fine merino stud;owanyilla;2100;vic;19890823;7307864
org;rec-3994-org;3994;charles;wilkins;184;whitham place;pijabah;tweed heads;2213;nsw;19030324;7783889
org;rec-675-org;675;natassia;george;313;morphy place;taskers village;marmion;2107;qld;;1841449
org;rec-2732-org;2732;bailey;kinter;14;dumas street;inglewood cottage;coombabah;3072;tas;19450923;7835914
org;rec-1179-org;1179;grace;woodmansee;26;mattingley court;fiveways;maribyrnong;4034;vic;19680128;7580317
org;rec-2546-org;2546;rohan;reid;355;fossey street;nairn lodge;flinders park;3732;nsw;19440813;5833983
org;rec-2930-org;2930;hayden;maynard;409;pandanus street;chippendale village;port kembla;2171;wa;19610816;6156430
org;rec-1625-org;1625;daniel;xepapas;19;mann place;roebuck park;wyong;3189;vic;19090423;4203161
org;rec-1042-org;1042;kobe;ranson;15;paul coe crescent;foxlea;northbridge;2671;tas;19040605;1653717
org;rec-2469-org;2469;shakira;browne;60;allambee street;the moorings;malvern east;5126;nsw;19610406;1763179
org;rec-314-org;314;sam;gigney;35;kitson place;brentwood vlge;ngunnawal;4005;vic;19100309;6103325
org;rec-325-org;325;jack;noble;10;cubillo crescent;redhill;glenreagh;3620;wa;19120805;8823216
org;rec-3099-dup-0;3099;matthew;buramn;32;burns crcuit;gumnut cottage;tahmoor;3073;qld;19150825;4228403
org;rec-1574-org;1574;;humphreys;38;dominion circuit;georgedale;nightcliff;4211;wa;19080319;9632931
org;rec-1012-org;1012;vanessa;ravnoy;6;dry street;nine pines;milperra;2148;nsw;19530814;4650781
org;rec-3019-org;3019;evan;cousin;78;kinsella street;kassingbrook;hamilton;6210;qld;19840326;6826186
org;rec-2497-org;2497;brooke;millar;26;paterson street;the canberra hospital;brush creek;3101;vic;19131213;8154584
org;rec-3564-org;3564;harry;stephenson;81;dartnell street;kerry street;lower templestowe;2114;nsw;;1170047
org;rec-2106-org;2106;zoe;morrison;260;mcclelland avenue;sec 1;renown park;2093;qld;19710516;9273845
org;rec-1865-org;1865;harry;gracie;16;gardiner street;yarramine park;tent hill upper;4700;nsw;19410413;6014572
org;rec-3995-org;3995;jeremiah;morrison;1;sanford place;;yoogali;2794;nsw;19190525;3251223
org;rec-1094-org;1094;matthew;pyper;76;gouger street;;eight mile plains;4677;vic;19460605;8762845
org;rec-536-org;536;jaime;dixon;26;namatjira drive;wirreanda vlge;buff point;2281;vic;19661023;2144818
org;rec-1047-org;1047;ryan;lovelock;25;;blackwattle farm;moresby;3043;qld;19130503;5664897
org;rec-192-org;192;trinity;mcvilly;;ponsford place;bosmit;ekibin;2233;wa;19730419;3955833
org;rec-184-org;184;kayden;white;31;frencham place;wahronga-lea;rosebud;3199;vic;19130629;2780846
org;rec-3301-dup-0;3301;matild;madigan;28;john cleland crescent;ponderossa;tumbarumba;2315;tas;19010828;5084817
org;rec-1164-org;1164;gabrielle;reid;21;maltby circuit;glenine;belgrave;2600;nsw;19360828;9104075
org;rec-1814-org;1814;casey;lock;34;jane price crescent;tulloch;wilson beach;6505;vic;19050322;7503363
org;rec-478-dup-1;478;kai;harrland;121;edmundsplace;;severlnea;5417;nsw;19800313;1893606
org;rec-2856-org;2856;cameron;furbow;463;jewell close;cypress garden;waroona;2322;vic;19641027;4297015
org;rec-761-org;761;tyler;maynard;1;arden place;cambridge park;maldon;6111;vic;19231031;2320983
org;rec-954-dup-1;954;hinchcliff;elysse;174;alabaster street;;riverwood;8200;sa;19270221;3734686
org;rec-3163-dup-0;3163;emiily;stanley;6;antill street;;woywoy;6330;nsw;19650320;2407021
org;rec-1193-dup-1;1193;fegrus;stingle;4;pieman crescent;wandarri;surry hills;2370;nsw;19310201;3795965
org;rec-2860-org;2860;channing;dumbrell;10;barangaroo street;carisbrook;;2230;vic;19060716;4650388
org;rec-3843-org;3843;david;lodge;2510;hensman street;berkeley village;prospect;4172;vic;19860524;1191039
org;rec-1930-org;1930;andrea;ulrick;48;norton street;;annandale;2745;vic;19080425;1739576
org;rec-2200-org;2200;kazuki;dessart;1;jardine street;longplain;kirwan;2603;tas;19950619;1074897
org;rec-3143-org;3143;brianna;madigan;28;limestone avenue;old post office;floreat;3888;wa;19841104;6025740
org;rec-2658-org;2658;ella;nicoll;10;newman morris circuit;gordonvale;kardinya;4305;vic;19520501;2205896
org;rec-714-org;714;joshua;robson;62;serpentine street;kerradan;cremorne;4818;nsw;19480711;4129659
org;rec-300-org;300;jayden;nguyen;11;le hunte street;legacy units;woodcroft;4721;qld;19530524;5126686
org;rec-2439-dup-1;2439;hayley;david;11;christmas street;brannigans;penrith;5064;qld;19451219;7348094
org;rec-2924-org;2924;channing;filander;25;fitzherbert place;byron arcade;arana hills;3171;vic;19460203;7674861
org;rec-1651-org;1651;jasper;rundle;60;fawkner street;kempfield;cloverdale;3181;nsw;19580321;1921374
org;rec-1142-org;1142;alexandra;mac donell;45;jackie howe crescent;pinelea;deer park;4816;vic;19920625;9291189
org;rec-869-org;869;sienna;mullin;248;poynton street;berkeley vlge;moruya;7017;nsw;19240304;7835765
org;rec-2458-org;2458;madison;nguyen;29;bargang crescent;meadowview;belconnen;2330;wa;19791105;7245438
org;rec-1265-org;1265;dakota;ryan;6;van pelt place;musk park;north ryde;2030;vic;19060615;9369375
org;rec-3698-org;3698;miranda;everett;3;madigan street;moorilla;norah head;3205;nsw;19560820;3576854
org;rec-3830-org;3830;thomas;white;16;launceston street;;devonport;2850;nsw;19610404;4274551
org;rec-3907-org;3907;taylah;asher;802;gouger street;beth-el;wellington point;2324;nsw;19410803;2994950
org;rec-98-org;98;jade;durbridge;33;gillespie street;tharlane;highgate;3087;nsw;19901003;8281265
org;rec-2219-org;2219;emma;collier;6;aspinall street;cr northern highway;picton;3142;nsw;19510814;2491329
org;rec-3272-dup-1;3272;trey;hle;19;holman steret;kookaburra village;peregian beach;5266;nsw;19520113;6172652
org;rec-2891-org;2891;cameron;campbell;2;pogney place;boonsville;meringur;3121;qld;19740507;3169177
org;rec-3070-org;3070;hannah;vrettis;15;moodie street;high valley;seacombe heights;2536;nsw;19691130;2863077
org;rec-1213-dup-0;1213;amber;white;1;shackleton circuit;;hackham;6770;sa;19690905;7925975
org;rec-1061-dup-0;1061;bne;campbell;225;blamey c rescent;;willow grove;2766;vic;19520926;5956047
org;rec-2595-org;2595;kaela;reid;2;badimara street;craigie-lea;arana hills;2016;nsw;19850715;8724895
org;rec-23-org;23;emiily;mcphail;2079;morton street;glen shian;north ryde;3199;vic;19461213;9003226
org;rec-2610-org;2610;daniel;vanlaatum;213;conway place;adventist retrmnt vlge;noble park;3058;qld;19510726;2560987
org;rec-1636-org;1636;oliver;bednarczyk;14;macnaughton street;extension;pymble;3941;vic;19180616;2099969
org;rec-1288-org;1288;hannah;steed;155;harbison crescent;jemalong retrmnt vlge;moree;6163;nsw;19290212;3008028
org;rec-3092-org;3092;olivia;picot;25;rundle place;locn 2192;lower templestowe;3058;qld;19810614;1793310
org;rec-3344-org;3344;sarah;morrison;5;duffus place;york house;thursday island;6302;;19100901;8352969
org;rec-3838-org;3838;joel;myles;10;sumner place;minora;glen huon;5075;nsw;19831001;1361474
org;rec-3883-org;3883;nicholas;willing;86;pickles street;dejarra;narellan;2170;vic;19740801;3890949
org;rec-44-org;44;jacob;allchin;20;sternberg crescent;ballina;glengowrie;2650;nt;19480614;4453111
org;rec-1753-org;1753;ruby;goldsworthy;43;hyndes crescent;;ross;2780;vic;19090403;5967757
org;rec-1477-org;1477;william;whillas;8;forbes street;ra 23012;brighton-le-sands;6147;vic;19250312;2026323
org;rec-2299-org;2299;emiily;clarke;22;grounds crescent;milpara;wahroonga;3128;qld;19761115;1811152
org;rec-1295-org;1295;sarah;white;155;martin street;mayflower retrmnt vlge;metung;4670;nsw;19850611;4235922
org;rec-2097-org;2097;jasmine;britten;21;dawbin place;stoneyhurst;cashmere;4030;qld;19860104;1994428
org;rec-1322-org;1322;timothy;fullwood;25;finniss crescent;the manoa;hendra;2850;wa;19821215;7881701
org;rec-2386-org;2386;lachlan;rankine;19;midwood court;kiloran;lakemba;4207;qld;19991112;7771006
org;rec-2613-org;2613;madison;andresen;5;blackburn street;woodberry vlge;millmerran;2066;wa;19210618;9635249
org;rec-2372-org;2372;chantelle;webb;41;dent place;goolwa cottage;mountain creek;2486;sa;19421118;3477048
org;rec-2558-org;2558;owen;green;81;cuthbertson crescent;wyoming park;north haven;2800;nsw;19780406;8237162
org;rec-1838-org;1838;michael;sherriff;143;derrington crescent;raffa estate;ermington;2903;qld;19120821;3047271
org;rec-2066-org;2066;lily;binns;40;wade street;flr 5 john flynn medical centre;burwood;4035;nsw;19890429;3001403
org;rec-3826-org;3826;amy;stephenson;52;waterfield place;hamilton;point lonsdale;3139;nsw;19330520;8823964
org;rec-3163-org;3163;emiily;stanley;39;antill street;key;woy woy;6330;nsw;19650320;2407021
org;rec-1750-dup-1;1750;jack;nguyen;68;kelleway avenue;;woombye;2163;nsw;19670617;7343200
org;rec-1223-org;1223;alyssa;tiller;7;clive steele avenue;evergreen;port douglas;3081;wa;19320421;2635139
org;rec-1213-dup-3;1213;amber;brangwen;1;shackletoncircuit;everhreen;hackham;7607;sa;19690905;7925975
org;rec-693-org;693;lauren;galbraith;64;hemmant street;wirreander;mallala;3199;nsw;19090526;2960398
org;rec-174-org;174;bayden;morcom;69;mckay gardens profsnl centre;barossa village;castlemaine;2620;qld;19300622;7645206
org;rec-2054-org;2054;tara;matthews;6;millen street;sec 311;avalon;2280;vic;19900506;4847097
org;rec-3241-org;3241;jack;campbell;106;frencham place;llen nomis;alberton;4350;vic;19890807;3238238
org;rec-3663-org;3663;ben;nygaard;1;noarlunga crescent;the iron farm;dalby;2539;nsw;19850927;7842352
org;rec-356-org;356;bradley;ikeda;7;northbourne avenue;cypress garden;lang lang;6107;vic;19601012;3655808
org;rec-3067-org;3067;harry;britten;67;wamaijira drive;the tops;rokeby;2850;wa;19290301;2453708
org;rec-996-dup-0;996;marus;colemsn;2;;kurrall park;goodna;4030;nsw;19610611;7712570
org;rec-3327-org;3327;ty;campbell;12;giliruk crescent;beau-ridge;figtree;3150;sa;19110409;2986343
org;rec-912-org;912;elise;dehass;6;crisp circuit;lindenleigh;kincumber;6210;nsw;19210301;8283075
org;rec-2510-org;2510;samuel;campbell;106;corringle close;baroona;alfred cove;6061;vic;19251101;6813716
org;rec-113-dup-1;113;alice;exclel;18;aspinall street;;maryborough;2448;wa;19040715;4503763
org;rec-35-dup-2;35;darcy;morrison;36;lewis luxtn avenue;the mews royal hotel bldg;cooks hill;3108;nsw;19170212;6145184
org;rec-790-org;790;zara;blowes;25;baracchi crescent;cressbrook;nunawading;2716;sa;19280327;2046035
org;rec-2403-dup-0;2403;ky;dixon;148;jinka street;;creswick;2620;wa;19080413;9162308
org;rec-2502-org;2502;jade;fitzpatrick;34;gratwick street;;hamilton;2170;qld;19070804;4955834
org;rec-627-org;627;cain;lanyon;1;harbison crescent;;newmarket;4169;nsw;19500702;7838530
org;rec-835-org;835;nathan;ryan;16;badimara street;aratula street;rostrevor;2615;nsw;19700308;6657230
org;rec-1156-org;1156;jamie;hoang;;nullagine street;;enoggera;3280;sa;19150814;3314230
org;rec-3222-org;3222;mathilde;beattie;105;pratt place;tinaroo falls;the entrance;2849;nsw;19991212;5893236
org;rec-3121-org;3121;chloe;agius;13;medley street;avenue road;banjup;4305;qld;19271012;8177071
org;rec-3104-org;3104;catherine;stanbury;33;laycock place;doonkuna estate;cordeaux heights;3500;wa;19480521;7537617
org;rec-505-org;505;emiily;lowry;6;investigator street;byron arcade;orange;4740;qld;19831006;3733762
org;rec-1474-org;1474;joel;thorpe;270;alice jackson crescent;robynvale;anglesea;2359;nsw;19830411;4181199
org;rec-1859-org;1859;teagan;covino;9;scaddan place;aird;lavington;6304;vic;19271201;4477386
org;rec-3314-dup-1;3314;jackson;spratt;12;slight place;;;3219;nsw;19920721;1338387
org;rec-3790-org;3790;alana;steinert;70;marlee place;carney's arcade;aspendale gardens;2122;nsw;19460318;1648522
org;rec-2488-org;2488;tiahnee;agius;4;carbeen street;bypass road;mount pleasant;3161;nsw;19690416;7225892
org;rec-3205-org;3205;brydee;campbell;45;kirwan circuit;cheviot hills;hamilton;3146;nsw;19930612;1176768
org;rec-2183-dup-2;2183;tahni;noack;71;mcmillan crescent;section;creswick;2203;sa;19290903;3982346
org;rec-1006-org;1006;phoebe;green;21;mccaw place;berkeley vlge;manly vale;3034;nsw;19390830;4523967
org;rec-1891-org;1891;holly;barra;51;wilkins street;lakewood estate;christies beach;3842;vic;19300707;3610168
org;rec-3591-org;3591;nikki;mason;1358;challinor crescent;eden park;urana;3072;nsw;19010529;7041562
org;rec-2064-org;2064;tahlia;walpole;96;o'halloran circuit;whiteman creek;slacks creek;5244;sa;19530102;1407685
org;rec-3440-org;3440;mathilde;green;;mulleun close;evergreen;palmerston;2166;vic;19271003;8499138
org;rec-1915-dup-0;1915;angelica;stubbs;7;finniss crescent;settlershills;st kilda;3184;nsw;19310304;8814905
org;rec-3138-dup-1;3138;dixon;caleb;1;wanderer court;;tarragindi;4012;vic;19701025;5152948
org;rec-1638-org;1638;noah;beattie;1;hurtle avenue;kingsgrove;north sydney;2570;wa;19330327;9034649
org;rec-1554-dup-0;1554;travis;mitchel;13;northbourne avenue;hse 2;caulfield;6065;qld;19520519;1445582
org;rec-2508-org;2508;daniel;vizer;104;mawalan street;buderim private hospital;waverley;5045;;19660124;5040672
org;rec-3171-org;3171;alicia;dichiera;2;hussey cove;corowa estate;bowral;6157;wa;19780206;6163041
org;rec-1100-org;1100;emiily;sifkus;260;marrawah street;rosehill;frankston;4702;nsw;19161203;1783916
org;rec-609-org;609;lushia;zilm;9;greeves street;rowethorpe;greenacres;2031;qld;19500331;6238502
org;rec-1948-org;1948;erin;mcelwee;14;bastow circuit;hillside farm;jesmond;2615;nsw;19890831;8467493
org;rec-683-org;683;nicholas;ryan;5;moroak street;;altona meadows;2156;vic;19850702;3025748
org;rec-503-dup-1;503;jacbo;gencheff;12;elder street;stfrancis vlge;para hills;4074;qld;19071231;8581017
org;rec-2418-dup-1;2418;jordan;marwaha;436;bernacchi street;the mall sp ringwood;midland;3129;nws;19640419;5161756
org;rec-3208-org;3208;sophie;campbell;74;blythe close;tewantin plaza;rosebud;2037;vic;19870512;7144803
org;rec-3927-dup-1;3927;mitchell;mittno;72;strangwaysstreet;;jubilee pocket;3038;nsw;19140817;9392270
org;rec-1442-org;1442;erin;paterson;5;aspinall street;;albion park;4814;qld;19481126;5219471
org;rec-3056-org;3056;mitchell;franklin-browne;11;bunton place;bunkers hill;modbury heights;3942;qld;19810320;1925909
org;rec-3430-org;3430;naomi;rawlings;1;gellatly place;st francis room;adelong;3128;qld;19750316;4221732
org;rec-3580-org;3580;samuel;mickelsen;158;atherton street;glenview;hillside;4610;sa;19871002;6265906
org;rec-3993-org;3993;shelbey;musolino;29;slessor crescent;kings vale;sisters creek beach;3660;vic;19261029;6316880
org;rec-1456-org;1456;mikayla;de pierro;22;jardine street;villa 427;penola;3186;qld;19430712;2252386
org;rec-3299-org;3299;india;bozzetti;76;nepean place;;wantirna;4226;vic;19941121;8323122
org;rec-298-org;298;jacqueline;harrington;4;kriewaldt circuit;rosetta village;hoppers crossing;3083;vic;19621029;9714217
org;rec-86-dup-0;86;hugo;clarke;44;c/-the studentovillage;reay poce;ardeer;5047;nsw;19120125;8869813
org;rec-3500-org;3500;georgia;ryan;33;dumaresq street;amherst village;brighton;3123;qld;19350914;4449919
org;rec-1762-org;1762;liam;monis;10;hardman street;hmas cerberus;allawah;2580;vic;19100212;4352277
org;rec-1660-org;1660;nicholas;hand;13;beazley crescent;naygoondy;murphys creek;4076;nsw;19141021;4956844
org;rec-3318-dup-3;3318;paul;mollj;10;outtrim avenue;the rocks;blacktown;3061;nsw;19180415;5230053
org;rec-398-org;398;jade;scamoni;29;dethridge street;mlc centre;casula;2370;nsw;19580109;7452814
org;rec-2163-org;2163;natalia;nguyen;19;gangele street;riverbend;camira;2021;nsw;19711106;7713309
org;rec-2798-org;2798;nacoya;bishop;45;la perouse street;shamrock vale;nuriootpa;3130;qld;19161216;9617672
org;rec-1021-org;1021;;nguyen;351;wentworth avenue;hilltop rmb 487a;blackall;2219;vic;19831225;3234374
org;rec-1740-org;1740;matthew;mollross;8;barada crescent;villa 2;east botany;2846;qld;19990214;9819587
org;rec-3788-org;3788;jessica;tiffin;151;kingsmill street;immanuel garden;cobar;6156;qld;19631228;9689719
org;rec-1530-dup-1;1530;prudence;heron;1;mccoll street;loch sinzort;lake ill awarra;4701;nsw;19741007;5629382
org;rec-1579-dup-0;1579;bradshaw;deakyn;67;daglish street;;woodcroft;2041;nsw;19300828;6906464
org;rec-2229-org;2229;amelia;mearns;4;bussau close;warraberry;;7170;vic;19570103;2254014
org;rec-2226-org;2226;gabriel;gillis;31;carstensz street;wondersun;helensburgh;2031;qld;19840930;5374722
org;rec-2796-org;2796;noah;kowplos;26;cracknell street;crestwood;marshall;3079;nsw;19610917;8241723
org;rec-1082-org;1082;melissa;reid;17;glossop crescent;redlands;st ives;4035;vic;19670628;8769942
org;rec-2892-dup-0;2892;kyle;rusyb;42;cory place;optima lodge;mount riverview;4128;nsw;19490720;2200965
org;rec-1149-org;1149;rachel;eglinton;9;nuyts street;killarney;stanhope;3193;vic;19760331;1169927
org;rec-2695-org;2695;zachary;hassall;56;brooks street;;wangaratta;3191;vic;19790411;4399077
org;rec-2783-org;2783;charlotte;ploughman;;flegg crescent;brandywine stud;wongawallan;2193;nt;19500630;6151685
org;rec-2570-org;2570;;herbert;2;paterson street;little laura;sunshine;3186;qld;19661114;2388563
org;rec-1629-dup-2;1629;abbey;purtelk;206;lomatia place;northbank caravan park;seymour;4130;nsw;19540518;4803304
org;rec-2160-org;2160;teaha;morecroft;9;morris street;hilltop hostel rowethorpe;wangi wangi;2228;nsw;19220130;3888275
org;rec-211-org;211;april;beattie;119;mcauliffe court;renown;stanmore;6025;vic;19981014;8288055
org;rec-1509-org;1509;patrick;lombardi;43;ramage place;rose-lea;keiraville;2161;qld;19520322;2346624
org;rec-2881-org;2881;isabelle;hobson;36;albermarle place;oxonia;woollahra;5253;nsw;19841015;2925032
org;rec-2779-dup-0;2779;joshfua;manaalc;;disney court;santa lukille;camp hill;3189;vic;19200810;6627612
org;rec-1921-org;1921;tanar;bennell;298;darambal street;rubern cottage;two rocks;4127;nsw;19680801;4461114
org;rec-1919-org;1919;ned;steed;102;solly place;;norwood;3165;vic;19820510;9354502
org;rec-3509-org;3509;bailey;harrland;51;lawrence crescent;willsburn;new town;6028;vic;19860729;3387259
org;rec-1438-org;1438;thomas;cloudsdale;67;ferry place;jamieson house;aspley;3373;qld;19690821;1784236
org;rec-2402-org;2402;claudia;bishop;8;porteous crescent;rosa blanca;nipan;3043;nsw;19590804;4375709
org;rec-3621-org;3621;dayna;sleath;51;higinbotham street;flowerpot;mosman;2440;nsw;19631205;1846251
org;rec-255-org;255;liam;frahn;9;gorrie close;lucerne park;torquay;2072;qld;19100921;8725149
org;rec-2642-org;2642;harry;pettingill;77;mcneil place;lochs;altona north;4122;vic;19610124;7885230
org;rec-575-org;575;dylan;;102;bainton crescent;cadogan;lalor park;4304;nsw;19920616;7632481
org;rec-2670-org;2670;adela;chandler;35;bertram street;hibiscus retirement village;ballina;3067;nsw;19800919;2964639
org;rec-3694-org;3694;;petith;8;langdon avenue;mlc centre;chinchilla;3579;qld;19490905;6264858
org;rec-3850-dup-0;3850;alexander;dent;21;henrykenda ll bayside;theodore street;devonport;2000;vic;19000603;7769362
org;rec-3083-org;3083;lauren;pascoe;23;burkitt street;;coolum beach;2026;qld;19611118;4542456
org;rec-182-dup-0;182;lachlan;salt;37;;elensra;ivanhoe;3102;nsw;;2154434
org;rec-89-dup-2;89;nicholas;simoketti;32;pickworth street;ashell;kirwsn;4005;nsw;19890410;8992443
org;rec-285-org;285;danjel;batusic;54;richards street;rajamare;gin gin;5162;vic;19600428;4308931
org;rec-1049-org;1049;jasmine;cochrane;157;charterisville avenue;sunnyview;magill;2335;nsw;19900131;1368790
org;rec-3592-org;3592;shannon;apted;24;alfred hill drive;pacific ranch;wentworth falls;4035;qld;19141007;6043585
org;rec-2817-org;2817;jessica;karlsen;44;glenmaggie street;two mile;boronia heights;3550;nsw;19650108;9068823
org;rec-2829-org;2829;jye;mercorella;;tilden place;rockwood;ingham;3220;nsw;19520115;3821914
org;rec-2953-org;2953;daniel;shepherd;28;santalum street;grandview;belrose;4165;qld;19660624;8195015
org;rec-1981-org;1981;chevonne;noble;27;kalgoorlie crescent;derry lodge;scotland island;3121;nsw;19800812;9606931
org;rec-369-org;369;juliana;bottroff;25;bandjalong crescent;treetops;booval;2756;nsw;19180603;6727065
org;rec-413-org;413;lucy;morrison;23;baracchi crescent;buskett homestead;casino;2156;vic;19600409;4877811
org;rec-1693-org;1693;emiily;lowry;23;lambrigg street;lansdowne;culburra beach;2660;vic;19460622;6942020
org;rec-2473-org;2473;braedon;dixon;33;sherwood circuit;wealdstone;christie downs;6111;qld;19791214;9167418
org;rec-2633-dup-3;2633;sophie;sndl;4;vaughan garden;arcadia;hahndorf;2372;tas;19231114;8638391
org;rec-969-org;969;jemima;paterson;31;dominion circuit;robertson barracks;punchbowl;5290;qld;19640418;6169888
org;rec-1721-org;1721;courtney;sebastyan;44;gaylard place;summercourt;bowral;2019;nsw;19190510;1564113
org;rec-1516-org;1516;joshua;lock;;smalley circuit;manor park;elermore vale;6149;vic;19601105;1589994
org;rec-1630-org;1630;brody;frahn;77;badenoch crescent;;hermit park;6019;vic;19551021;2435928
org;rec-46-org;46;jemima;matthews;11;summerville crescent;warrah lea;west wollongong;4814;qld;19900603;4661496
org;rec-2848-org;2848;alicia;neumann;1;;koobeja;yarraville;3179;nsw;19890106;4149834
org;rec-1925-org;1925;grace;van galen;11;leichhardt street;elston;denhams beach;6061;nsw;19460117;8481358
org;rec-909-org;909;sarah;purdey;13;giblin street;vlla 18 pacific bay resort;surfers paradise;4109;sa;19340222;1907882
org;rec-138-dup-0;138;oliver;rundle;170;kallara close;;kogarah;3038;qld;19100827;9310176
org;rec-2830-org;2830;;fysh;50;nelson place;cargo road;cardiff;3130;qld;19490628;3599920
org;rec-2027-org;2027;jacob;rawlings;8;bangalay crescent;hallsville;bunbury;3216;vic;19490324;3390338
org;rec-2954-org;2954;molly;pascoe;38;namadgi circuit;st vincents hospital;jimbour;4670;sa;19951209;7153513
org;rec-1472-org;1472;jake;webb;208;filshie close;st francis vlge;lalor park;5152;wa;19880611;4219265
org;rec-3326-org;3326;hannah;mccarthy;22;dixson circuit;talawa;williamstown;3356;nsw;19401205;9308076
org;rec-1529-org;1529;robert;audino;11;marou place;loc 14738;slacks creek;2156;vic;19171223;4654270
org;rec-3866-org;3866;juliana;webb;30;casey crescent;piringa;miling;4110;sa;19380827;6261027
org;rec-2651-org;2651;finn;radulescu;14;noble place;kooyong;blakehurst;2024;vic;19281226;5004037
org;rec-2461-dup-1;2461;daniel;negri;1;mccabe crescent;bellbird ctge;normanhurst;2036;vic;19551128;6047697
org;rec-2922-org;2922;cambell;ferris;95;kaeppel place;allensleigh;daylesford;2619;nsw;19410109;1881428
org;rec-3414-org;3414;jacob;clarke;24;karrugang circuit;karma park;keilor east;2913;qld;19401031;7833847
org;rec-1581-dup-2;1581;lily;leslie;19;rudall street;;reidyc reek;2444;nsw;;6406842
org;rec-906-org;906;harry;campbell;11;eddy crescent;heritage est;toowoomba;2486;sa;19400923;4866174
org;rec-3730-org;3730;tia;zimmermann;1106;wiburd street;diamond star;west lakes shore;2905;nsw;19880824;5064671
org;rec-1408-org;1408;oliver;wilkey;;london circuit;rockley;chittaway point;2261;qld;19230512;1725849
org;rec-3656-org;3656;mitchell;kerslake;12;currong street;yuvam;kandos;4105;nsw;19490315;5687669
org;rec-3207-org;3207;mitchell;ellston;227;letters street;northbridge park;mount stuart;3150;wa;19451104;9649017
org;rec-3881-dup-0;3881;kadin;palasis;6;pridhamstreet;rhoseyn;kincumber;4017;nsw;19930503;1653383
org;rec-3950-org;3950;chloe;browne;29;crisp circuit;clonturkle;port lincoln;3480;vic;19311205;8632322
org;rec-3060-org;3060;connor;howie;13;boswell crescent;tivoli hills;safety bay;2550;nsw;19990826;7158367
org;rec-2310-org;2310;taylor;millar;20;sandover circuit;glengarry cottage;belmont;2656;nsw;19560920;2587303
org;rec-2925-dup-1;2925;emiily;mccarthy;279;marsden street;market towm centre;cleveland;7268;;19421122;5252810
org;rec-1801-org;1801;kane;wreford;11;krefft street;;tamborine;2641;nsw;19650702;4663865
org;rec-3491-org;3491;mitchell;stephenson;35;tennyson crescent;grand central shopping centre;blacktown;2027;vic;19400629;3527146
org;rec-1575-org;1575;harrison;graue;149;giffen close;kingsrange;ottoway;7140;nsw;19840121;5484086
org;rec-3420-org;3420;james;hursey;44;satchell place;north dara;mosman;3805;qld;19590829;9588595
org;rec-2447-dup-1;2447;abbey;maynqrd;77;pinkerton circuit;cluster;east sydney;4228;vic;19751214;1726676
org;rec-3077-org;3077;mia;clarke;7;scobie place;macarthur place;forest hill;3140;qld;19940531;5421293
org;rec-2566-org;2566;jack;dixon;95;shepherdson place;;;2031;qld;19151020;5860528
org;rec-544-dup-0;544;coopre;holland-dukes;99;noble close;st francis village;;2434;qld;19040414;2142191
org;rec-409-org;409;lachlan;goodacre;20;hovell street;villa 147;mulgrave east;4152;vic;19291225;8057161
org;rec-2686-dup-2;2686;charotte;ryan;130;denny steet;citi centre;pennant hills;4034;sa;19350312;2548031
org;rec-2572-dup-1;2572;benjaymin;;12;tatyakra;fryer place;macgregor;4152;qld;19380502;1640908
org;rec-2934-org;2934;fergus;campbell;28;medley street;locn 2830;slacks creek;2151;qld;19041030;1164988
org;rec-2950-org;2950;hari;white;7;john cleland crescent;gobongo;padstow;2063;nsw;19681123;3550437
org;rec-3216-org;3216;jacqueline;jeffries;99;owen dixon drive;glenlee;st albans;2330;nsw;19541004;7613110
org;rec-2713-org;2713;timothy;dobell;15;clarey crescent;the garden village;swan view;6064;wa;19520615;4163302
org;rec-2234-org;2234;kayne;iliopoulos;46;larakia street;sec 311;twin hills;5272;nsw;19740323;9357401
org;rec-2597-org;2597;daniel;gilfelt;21;couvreur street;crower;theodore;2024;wa;19961116;9599482
org;rec-3482-org;3482;elly;paine;29;boobialla street;spring creek;burpengary;4101;qld;19630418;8819271
org;rec-2833-org;2833;joshua;manson;39;truscott street;;fadden;6018;qld;19450812;2509821
org;rec-567-dup-0;567;kyle;bulner;24;caldwell street;brentwo dod vlge;ormond;7330;vic;19750210;6099792
org;rec-2506-org;2506;trinity;white;16;hopetoun circuit;backwoodlands;lake cathie;3840;nsw;19970411;1184299
org;rec-3160-org;3160;hayley;white;23;gilruth street;ocean breeze;denmark;4211;sa;19790413;8334292
org;rec-1364-org;1364;zoe;maksim;6;dumas street;dspq;coolbellup;6151;vic;19560527;7616646
org;rec-2375-org;2375;joshua;morrison;59;badimara street;the swamp;plympton south;4701;vic;19011002;9794528
org;rec-1990-org;1990;joel;zilm;24;zadow place;st vincents medical centre;preston;3280;nsw;19920120;3324557
org;rec-2400-org;2400;daniel;robson;16;britton place;kimberley;margaret river;6160;qld;19830317;7560588
org;rec-2476-org;2476;nell;bunjo;13;;millwood;port pirie;2633;vic;19571209;7556640
org;rec-3699-org;3699;maddison;wauchop;3;stow place;glenlee;burpengary;4169;nsw;19670830;6411610
org;rec-3928-org;3928;dylan;bruse;37;galleghan circuit;villa 3;mount evelyn;3166;nsw;19140815;2190769
org;rec-3527-org;3527;brielle;madigan;53;harkness street;armidale private hospital;benowa;3178;nsw;19120602;5463142
org;rec-126-org;126;noah;bishop;4;stephens place;raaf;west lakes;6168;nsw;19560204;6023782
org;rec-1698-dup-1;1698;gabrielle;lavety;27;alexander mackie circuit;;swan hill;4211;nsw;19850402;9806497
org;rec-367-org;367;rachel;thrussell;146;ross smith crescent;chain gate;mansfield;4507;vic;19941221;7198992
org;rec-2075-org;2075;abbey;scollard;109;bainbridge close;brentwood vlge;carlingford;6026;nsw;19810226;3479715
org;rec-1069-org;1069;max;white;34;ogilby crescent;never die;tabacum;2029;wa;19381023;6956900
org;rec-1809-org;1809;madeline;paine;52;gladstone street;gumview;port pirie;5067;nsw;19870921;1510849
org;rec-694-dup-2;694;danielle;zeehtner;55;howe crescent;apt 503;tautra;2905;vic;19321129;8152232
org;rec-3985-org;3985;nellie;wilkey;7;hemmings crescent;professional centre;ballarat;4207;nsw;19730208;5675395
org;rec-3452-org;3452;emmet;jeffries;14;connell place;rosehill;sanctuary point;2261;qld;19130331;8849668
org;rec-2170-org;2170;annabelle;newey;1;bodel place;heidsvale;leongatha;2148;nsw;19450301;1009128
org;rec-1328-org;1328;renee;lock;34;jabanungga avenue;rosehill;tarragindi;6056;nsw;19011022;5708617
org;rec-2468-org;2468;haylee;ryan;59;bailey place;wayamba;gailes;7310;wa;19440209;2380049
org;rec-688-org;688;damien;hudd;88;kepert place;dental 3 garden city shopping centre;argenton;3585;nsw;19080328;4314473
org;rec-1581-dup-1;1581;lily;leslie;97;rudall street;anzac house (cn rarcher s street;reidyvcreek;2444;nsw;19460705;6406842
org;rec-2698-org;2698;jayden;heron;25;ina gregory circuit;gssm;clayfield;3070;vic;19920619;3388644
org;rec-3285-org;3285;joshua;howie;87;de burgh street;tregoning station;south wentworthville;5213;nsw;19780716;1688135
org;rec-2949-org;2949;jade;garnett;35;leahy close;moy;landsdale;4030;;19511115;3697004
org;rec-887-dup-0;887;chloe;de michele;184;maray place;gregory heights;noble park;0852;wa;19060415;6782160
org;rec-861-org;861;noah;ryan;2;garrard street;unt 2;port pirie;3174;qld;;6527491
org;rec-905-org;905;reece;green;9;fidge street;ballymannin;burwood;2170;nsw;19550311;3677695
org;rec-83-org;83;chloe;emberton;;dexter street;;st albans;2845;nsw;19370115;3470052
org;rec-1234-org;1234;jessica;green;86;quiros street;sec 1569;middle pocket;2075;vic;19191008;5154686
org;rec-1549-org;1549;bethany;clarke;1105;ordell street;maroochy river cvn park;ascot vale;4701;sa;19920302;1873324
org;rec-489-org;489;joel;morrish;4;burkitt street;kalkee;ormond;2500;act;19190313;3797482
org;rec-1446-org;1446;alisha;greep;45;methven place;pindara medical centre;strathalbyn;3230;nsw;19320508;3440704
org;rec-2694-org;2694;ella;horswill;44;brunswick circuit;morago;toowoomba;5068;qld;19161222;3341953
org;rec-1452-org;1452;danny;morrison;31;pridham street;tylden park;clarkson;2095;vic;19810118;1494194
org;rec-824-org;824;samuel;king-jones;135;florentine circuit;the gums;canterbury;3150;wa;19071126;9859778
org;rec-2767-org;2767;alexander;schumann;98;challis street;millbanks;botany;3198;nsw;19181026;1814942
org;rec-1242-org;1242;kynan;coulson;62;hedland circuit;mlc centre;oxford falls;3237;qld;19960701;2121547
org;rec-2998-org;2998;angelica;alderson;17;arabanoo crescent;unt 2;seven hills;6167;sa;19890118;1772163
org;rec-1113-org;1113;thomas;mazzone;5;gritten street;chapman medical centre;port macquarie;2611;qld;;9506629
org;rec-106-org;106;bradley;bishop;14;spica street;yakilli park;bamawm;5107;nsw;19420318;6888719
org;rec-654-org;654;john;ryan;9;langdon avenue;black creek;st kilda east;2560;vic;19781205;4377633
org;rec-2125-org;2125;louise;filipovic;13;banks street;wanneroo central shopping centre;;2165;wa;19480212;3782430
org;rec-334-org;334;jack;liersch;220;curlewis crescent;willow dale;surfers paradise;3032;nsw;19750112;4906254
org;rec-3139-org;3139;oliver;white;5;hindmarsh drive;glenmore;avondale heights;3186;nsw;19140904;3880325
org;rec-408-org;408;hayley;fotkou;35;ireland place;barclay downs;kareela;3182;sa;19100110;6257506
org;rec-1045-dup-1;1045;eloise;singleton;31;redfern street;salimtal;scarbo roegh;3204;vic;19800521;3292852
org;rec-902-org;902;emma;white;81;smiths road;gungahlin market place;hay;3030;vic;19661123;7916163
org;rec-2666-org;2666;taliah;soulemezis;25;namatjira drive;whispering pines;orange;2036;vic;19430307;4486605
org;rec-1056-org;1056;benjamin;clarke;52;towns crescent;shasti;rowville;7270;wa;19120512;5665597
org;rec-415-org;415;teileah;godfrey;279;kallaroo road;glenhurst;moe;6210;vic;19360413;3086492
org;rec-209-org;209;brooke;tu;6;crichton crescent;adventist retirement village;coleambally;3173;qld;19980329;6304172
org;rec-2332-org;2332;shae;westte;110;clavert place;;concord west;2477;qld;19040721;2161186
org;rec-89-dup-1;89;nichoias;simonwtti;32;pickwor th street;ashell;kirwan;4005;nsw;19890410;8992443
org;rec-1104-org;1104;elisha;rake;24;allambee street;jeir park;bundaberg;2829;nsw;19820527;4349467
org;rec-3273-org;3273;william;clarke;30;walsh place;elura homestead;northbridge;4655;qld;19101021;8123431
org;rec-1331-org;1331;cameron;cochrane;34;hopetoun circuit;flt 10;belrose;3757;nsw;19431212;1143215
org;rec-1389-org;1389;melissa;heerschap;47;barrington crescent;berkeley vlge;charlestown;6208;vic;19340330;6926107
org;rec-2750-org;2750;lily;kapioldassis;46;totterdell street;noelurma;emu plains;4209;vic;19710702;5706910
org;rec-2414-org;2414;tenille;campbell;58;eildon place;st helens;young;4223;nsw;19720604;1622436
org;rec-2024-org;2024;julia;steinert;15;bugden avenue;roskhill;birubi point;2583;vic;19140421;8213029
org;rec-1091-org;1091;isabelle;grisham;20;syron place;the sarina centre;orange;3377;qld;19201126;8685608
org;rec-1796-org;1796;adele;clarke;203;jansz crescent;papanui;floraville;4740;sa;19290804;6709689
org;rec-1074-org;1074;ben;eichinger;16;namadgi circuit;lyndon caves;port lincoln;5291;nsw;19190929;8751798
org;rec-3693-org;3693;william;hingston;59;fitchett street;spylaw farm;blakeview;3152;nsw;19381003;6122234
org;rec-1953-org;1953;joel;tchung;1;meymott place;uralgurral;blacktown;2153;nsw;19511216;4271980
org;rec-3741-org;3741;michael;shepherd;70;hurry place;tintagel;penguin;4179;vic;19761129;4419815
org;rec-1232-org;1232;lauren;malibiran;;beasley street;gnorang;port pirie;2070;nsw;19920515;4812344
org;rec-2217-org;2217;caitlin;lowe;38;luehmann street;hellemere village;yagoona;2251;vic;19950314;7159029
org;rec-99-org;99;charlie;crossman;8;;unt 2;taringa;5068;wa;19670103;1109628
org;rec-801-org;801;dylan;campbell;8;crommelin place;locn 20100;greensborough;2261;nsw;19440206;7502392
org;rec-2586-org;2586;bridget;singleton;63;;;barongarook;4113;vic;19540225;8175207
org;rec-2426-org;2426;;lemke;11;clubbe crescent;stoney creek;wanniassa;4340;vic;19670616;6840999
org;rec-995-org;995;brinley;jolly;34;withnell circuit;elston;upwey;2322;nsw;19520716;4620663
org;rec-594-dup-3;594;jaxi;allard;13;ashburne r dtreet;mallow;annandale;6171;nsw;19591218;2474767
org;rec-2038-org;2038;elly;nicolle;14;rawson street;northfield;gresford;2546;nsw;19490419;7437676
org;rec-3618-org;3618;jordyn;millar;19;prescott street;delmar;knoxfield;2830;vic;19620516;1345505
org;rec-3032-org;3032;hayley;kontibas;34;fornax street;grevilla est;the ranges;2650;wa;19500501;8488739
org;rec-2768-org;2768;lillian;beattie;13;julia flynn avenue;lemnos;thornbury;4225;vic;19350828;9308339
org;rec-1505-org;1505;alexandra;morrison;14;harris place;mt forrest;barmah;5163;nsw;19110714;4200937
org;rec-447-org;447;dominic;hislop;17;braine street;raffa estate;dalby;5290;wa;19911026;1065977
org;rec-1411-org;1411;emiily;negent;26;hopegood place;scotch college;nunawading;3254;nsw;19120113;4227801
org;rec-1190-org;1190;jack;weller;212;coglin place;sunnydale cottage;culburra beach;2145;nsw;19840519;1449436
org;rec-432-org;432;samantha;rees;5;riordan street;avonleigh;kenilworth;4122;vic;19240623;3416350
org;rec-1005-org;1005;neneh;blackwell;55;crooke close;de cameron;como;2810;nsw;19171218;4774680
org;rec-280-org;280;emma;comitis;2;kareelah vista;terrara;lavington;3922;wa;19800629;4205868
org;rec-3598-org;3598;lachlan;caire;42;tarana street;langi;artarmon;2800;qld;19930226;8891061
org;rec-2868-org;2868;meg;donnaruma;49;outtrim avenue;bayford cottage;blacktown;2444;qld;19550130;4586214
org;rec-1655-org;1655;mitchell;jolly;7;;wyncliffe;lemnos;7054;qld;19690914;9604243
org;rec-2092-org;2092;lachlan;morcom;5;costello circuit;trevena;ballina;2290;nsw;19780527;5010861
org;rec-1246-org;1246;saskia;denholm;37;;hd talunga;wallsend;2094;vic;19641023;3219058
org;rec-914-org;914;finn;kapoor;1994;sturt avenue;john flynn medical centre;mullumbimby;2262;vic;19880816;8680815
org;rec-2119-dup-1;2119;connor;hilton;;mackenzie dtreet;parraweena;kurri kurri;4701;vic;19510908;2641578
org;rec-1222-org;1222;bailey;lowry;13;wakefield avenue;cinema centre bldg;lindfield;4160;qld;19370706;6170458
org;rec-2552-org;2552;liam;couzens;2;saywell place;bandicoot ridge;oatlands;3198;tas;19990423;1633720
org;rec-553-org;553;chloe;kelley;208;warrego circuit;;fadden;2118;nsw;19600203;5711153
org;rec-2298-org;2298;latham;lowry;106;suttor street;villa 3;waroona;2594;qld;19230810;2561911
org;rec-3217-org;3217;connor;pamplin;55;willoughby crescent;;yarraville;3028;nsw;19561112;4020949
org;rec-2600-org;2600;emiily;tiller;12;julia flynn avenue;dalmoora;braidwood;2903;nsw;19120412;2428834
org;rec-924-org;924;rachel;dixon;24;o'halloran circuit;merrilea;;2343;qld;19870217;6406064
org;rec-3739-org;3739;matisse;nicolle;57;shannon circuit;gleneira;riverwood;6168;vic;19360402;1155875
org;rec-1343-org;1343;chelsea;hitchenor;106;shenton crescent;rocklea;brookfield;4701;wa;19970114;2038934
org;rec-1576-dup-0;1576;hannah;brooker;1;broadbent street;masonic memoria village;gilmord;3070;vic;19151103;6359275
org;rec-1194-org;1194;finlay;walls;3;britten-jones drive;braeburn;glenside;3150;nsw;19830706;1506420
org;rec-3193-dup-3;3193;sylvbe;morrison;;aurora close;;annandale;2203;sa;19820712;2753253
org;rec-865-org;865;grayson;white;632;maranoa street;lyndale park;belmont north;2650;vic;19430328;6267627
org;rec-1879-org;1879;caleb;prideaux;93;newdegate street;the willows;maryborough;4034;vic;19000405;5046492
org;rec-2604-org;2604;bethany;parr;300;julia flynn avenue;wallaces ck;blacktown;7006;vic;19920223;8282039
org;rec-1746-org;1746;nathan;domhoff;1;gilks place;erinundra;balranald;3028;vic;19000305;8901398
org;rec-2773-org;2773;taylor;green;16;booth crescent;;padstow;2125;nsw;19600515;7266607
org;rec-2353-dup-2;2353;tahnee;stanbury;;colliervr street;longstay caravn park;woodcroft;2200;wa;19781207;7265542
org;rec-1188-org;1188;william;nguyen;3;gair place;ellerside;como;6062;vic;19530924;9479367
org;rec-2161-org;2161;bailey;grosvenor;11;ulva place;somerset cottage;cobar;2615;nsw;19061217;4247781
org;rec-2028-org;2028;joshua;orr-young;49;bagshaw place;medical centre;hackham west;3677;qld;19790803;3116655
org;rec-705-dup-2;705;makenzi;morrison;3;maclaurin crescent;aptmnt 42;mayfield;5038;vic;19810522;1135598
org;rec-3932-org;3932;william;lock;5;newbery crescent;brightwater villas;frankston;2650;vic;;8906276
org;rec-543-org;543;micaela;fakaris;1;harpur street;dewars pool;mossman;3046;sa;19800113;8824092
org;rec-2688-org;2688;harry;magazin;17;flecker place;aceland poll hereford stud;broadbeach waters;4118;qld;19830222;6791880
org;rec-643-org;643;imogen;o'garey;27;stuart street;tomar;lindfield;5022;qld;19330912;4277331
org;rec-2932-org;2932;ella;;19;charteris crescent;lirambenda;dianella;3103;;19751201;9324501
org;rec-2882-org;2882;ella;vincent;95;harricks crescent;yarrandale;carlingford;6284;nsw;19260514;9954424
org;rec-1989-org;1989;james;stubbs;8;sculptor street;round hill;lavington;2170;vic;19420119;5957463
org;rec-721-dup-4;721;daniel;sheperd;33;forbes street;;moranbah;2061;vic;19860611;7103479
org;rec-2526-org;2526;tyler;waller;6;schonell circuit;ballymannin;burpengary;2228;vic;19560225;3989955
org;rec-2639-org;2639;cameron;purseglove;9;ross smith crescent;taronga;springfield;2612;vic;19120220;2329295
org;rec-2846-org;2846;jack;dunstone;62;beaurepaire crescent;ewinga;burwood east;3690;nsw;19040718;3406398
org;rec-90-org;90;abii;mchenry;10;hodgson crescent;unt 3;nullawarre;4127;vic;19460707;9629961
org;rec-2199-org;2199;tommy;woodlock;15;namadgi circuit;lawless;munster;6018;sa;19950604;4360831
org;rec-2205-org;2205;emiily;campton;;quandong street;kay's place;katherine;3012;vic;19570120;1188036
org;rec-1319-org;1319;michael;godfrey;28;william hudson crescent;wirreanda vlge;northmead;2036;nsw;19200404;5659438
org;rec-1108-org;1108;kirra;green;47;batman street;lila park;old guildford;2759;sa;19431118;5913044
org;rec-2201-org;2201;benjamin;wyllie;38;lazar place;moodwood angus stud;eastern heights;2025;wa;19191105;1845405
org;rec-874-dup-3;874;peyton;cup;22;mathieson crescent;laughalle farm;camperdown;2233;qld;19950710;6865413
org;rec-3951-org;3951;ruby;blake;49;templeton street;lincoln close;canton beach;3188;nsw;19711219;3792181
org;rec-1175-org;1175;zakariah;potticary;30;clarkson street;medical centre;marrara;3186;vic;19380316;2217561
org;rec-2410-org;2410;annabella;piazza;83;ligertwood street;argylla;currans hill;2460;nsw;19110518;2721228
org;rec-594-dup-0;594;jaxin;allad;13;ashburner street;mallow;annandale;6172;nsw;19591218;2474767
org;rec-1334-org;1334;benjamin;bitmead;4;john russell circuit;eden lea;east roseville;2228;nsw;19550922;4916020
org;rec-2086-org;2086;trey;;65;o'rourke street;;burleigh heads;3129;vic;19821215;9322456
org;rec-2379-dup-0;2379;lucas;bowerman;104;rosenthal street;sunny- brae;toowlomba;6162;qld;19650511;4091505
org;rec-3302-org;3302;jacob;humphreys;6;kingscote crescent;hyland;vincentia;2905;qld;19780614;2604812
org;rec-276-org;276;katelyn;grossman;83;hardy place;nordale farm;greenwith;4127;vic;;3804991
org;rec-3736-org;3736;bayden;white;182;mundang crescent;;mount isa;4869;vic;19390318;3907785
org;rec-874-org;874;peyton;cupo;22;mathieson crescent;laughalle farm;camperdown;2233;qld;19950710;6865413
org;rec-1863-org;1863;anton;belperio;11;archibald street;brentwood vlge;port pirie;3630;nsw;19330530;6536032
org;rec-3117-org;3117;isabelle;nicolle;60;stonehaven crescent;military base;boondall;2913;qld;19530605;6828902
org;rec-1437-dup-1;1437;bryce;hanigan;8;dickinsonstreet;;dayboro;3388;qld;19300607;3330344
org;rec-68-org;68;ella;berry;9;spica street;noelurma;;2033;vic;19150528;5178255
org;rec-594-dup-2;594;jaxin;allard;13;ashburnee street;mall ow;mildura south;6712;;19591218;2474737
org;rec-2321-org;2321;jacqueline;white;6;appel crescent;rothwell;barcaldine;2160;qld;19210208;7690666
org;rec-527-org;527;alicia;reid;12;kater place;bedarra;bulimba;3350;qld;19820427;6164520
org;rec-113-org;113;alice;riding;18;aspinall street;;maryborough;2448;wa;19111205;4503763
org;rec-3524-org;3524;tarshya;webb;7;cusack place;pinda;kirwan;2460;qld;19050501;5456493
org;rec-2568-org;2568;ruby;green;14;rosella street;yaraan;north bondi;2490;vic;19681117;3829974
org;rec-1255-org;1255;pascale;coleman;388;mcclintock street;city centre plaza;salisbury east;3799;nsw;19121004;3800843
org;rec-1718-org;1718;max;perre;11;crozier circuit;berkeley village;rye;6015;qld;19770614;8083117
org;rec-3015-org;3015;emma;delacy;4;connibere crescent;genambig 16;st ives;2559;vic;19150924;7496538
org;rec-605-org;605;abbey;herbert;28;argyle square;englefield;bondi junction;3750;;19540719;3630471
org;rec-2844-org;2844;brigitte;danby;4;johnstone circuit;shiluvane;highett;6082;vic;19620626;8030111
org;rec-3590-org;3590;mackenzie;marshell;39;mataranka street;florina park;lower wonga;6018;vic;19941013;8809553
org;rec-429-org;429;d'arcy;gunawan;164;duncan street;;boulder;5159;qld;19970715;8080924
org;rec-1440-org;1440;imogen;tsakiridis;5;terrigal crescent;pine hill;sunshine;2145;nsw;19161130;2759568
org;rec-3239-dup-1;3239;shawn;green;17;hector place;centennialqglen;metung;4141;qld;19210218;4181522
org;rec-2370-org;2370;joel;ottens;5;howitt street;kilburnie;devonport;2830;nsw;19490511;4313663
org;rec-1087-org;1087;lachlan;coleman;7;bradfield street;brentwood vlge;atwell;4110;wa;19800901;6781398
org;rec-1236-org;1236;natalia;campbell;35;joyner place;qbd bldg;mitcham;2480;nsw;19270729;3637170
org;rec-2002-org;2002;evan;geo;4;wilson crescent;inishmore;maclean;3038;nsw;19981009;5698274
org;rec-1002-org;1002;diamond;green;66;phillipson crescent;;upper bowman;2232;sa;19650113;7684726
org;rec-3022-org;3022;cooper;wisby;10;tank street;danallor;bayview;2151;nsw;19980930;3265329
org;rec-898-org;898;elly;morrison;93;officer crescent;kurradale;ardeer;2154;tas;19350404;1478105
org;rec-1747-org;1747;kiara;weller;;piper street;villa 29;bundaberg;2500;nsw;19221228;2857782
org;rec-1613-org;1613;ebony;steed;31;crozier circuit;glendower;toowoomba;2360;wa;19290501;8976405
org;rec-2635-dup-0;2635;ebony;;31;ippia place;mororcdong;stalbans;4030;nsw;19670215;2013176
org;rec-3718-org;3718;alannah;lowe;58;grono place;;paraburdoo;4226;qld;19520913;3762102
org;rec-2127-dup-0;2127;alexander;grern;8;maclaurin rcescent;;paralowie;6101;sa;19621103;3627927
org;rec-2701-org;2701;alexandra;dolliver;35;lutana street;kyeema;glen huon;4875;nsw;19580929;8779868
org;rec-3610-org;3610;emiily;dent;25;wilkins street;the lodge;altona meadows;3697;vic;19280925;3963164
org;rec-2346-org;2346;zac;earwaker;2;morehead street;locn 8;wellington point;3073;wa;19870306;9642061
org;rec-150-dup-0;150;hand;nathan;2;hindmarsb drive;rsl park;castlemiane;2071;sa;19411217;1683498
org;rec-929-org;929;joshua;weller;5;postle circuit;budgerie;broken hill;2250;nsw;19740418;5688834
org;rec-3818-org;3818;giorgia;tuckwell;30;jerome place;stretton park hostel;blackmans bay;6210;nsw;19450923;3653736
org;rec-3607-org;3607;jasper;matthews;60;may maxwell crescent;taramayne;casino;7015;nsw;19390703;2292580
org;rec-268-org;268;;lowe;6;mckinley circuit;;scarborough;2913;qld;19570504;5603894
org;rec-2672-org;2672;sarah;campbell;7;faithfull circuit;;plympton south;3013;vic;19390812;5212073
org;rec-637-org;637;emiily;beal;4;starke street;villa 153;mooloolaba;2307;;19660429;4795445
org;rec-3677-dup-2;3677;joel;manthorpe;;pennefather street;midway servtce station;peregian beach;3131;wa;19970911;3452695
org;rec-1138-org;1138;alexander;rees;17;lincoln close;uralgurral;brighton-le-sands;2261;nsw;19930121;2535325
org;rec-1610-org;1610;joshua;alderson;6;chewings street;lemnos;camden;3555;vic;19860614;2079530
org;rec-167-org;167;jenna;darby-cocks;36;wilkins street;mt pleasant;greensborough;5092;wa;19630922;2671582
org;rec-2945-org;2945;noah;chattin;7;maxworthy street;the mall;somerton park;5540;wa;19790219;5593620
org;rec-2321-dup-3;2321;white;jasmine;6;appel cerscent;rothwell;barcaldine;2160;qld;19210208;7690666
org;rec-3710-dup-1;3710;ashlie;morrlsion;33;florey drive;nark;dural;2228;wa;19911104;1069447
org;rec-252-org;252;bailey;gnesel;26;faucett street;kieta;nedlands;2604;nsw;19320516;4088325
org;rec-261-dup-0;261;irene;pasceo;51;handasyde street;pine lqeigh;appin;4160;wa;19440314;9121985
org;rec-2098-org;2098;georgia;tippins;9;hawdon street;rosetta village;southern cross;2151;;19380128;5168618
org;rec-3774-dup-0;3774;andrew;nguyen;;florence taylor street;villa 2;albion park rail;4074;nsw;19740529;8592830
org;rec-3298-org;3298;luke;bishop;9;kallara close;merrilea;bayswater;6174;sa;19060610;7268666
org;rec-2448-org;2448;hayden;goldsworthy;49;walker crescent;ninan house;eaton;3156;vic;19901020;9815549
org;rec-596-org;596;jasper;desilva;15;sangster place;cambooya;broome;3023;wa;19310208;1187147
org;rec-3739-dup-1;3739;nicolle;matisse;57;shannon ci rcuit;glendira;riverwood;6168;vic;19360402;1155875
org;rec-233-org;233;benjamin;moyse;1;carr crescent;silverpoint;penshurst;3150;act;19290412;2423288
org;rec-2620-org;2620;ruby;havrda;56;saywell place;kimberley;nuriootpa;4075;qld;19751216;9097986
org;rec-2269-org;2269;kirra;gershon;18;nagara street;tynwall;watsonia;5163;vic;19070530;6219637
org;rec-3803-org;3803;chelsea;chandler;32;cherry street;canberra hse;bray park;3058;vic;19521011;5687766
org;rec-1447-org;1447;bailey;jeffries;18;wettenhall circuit;pontibah;north haven;6233;vic;19431011;5697323
org;rec-1422-org;1422;jayden;geue;14;crowder circuit;;bilpin;3056;tas;19770516;5582070
org;rec-1899-org;1899;renee;mahony;13;nimbin street;rsl;dianella;5255;wa;;4465988
org;rec-2314-dup-0;2314;lilian;eugh;11;mcgivern c rescent;the msll;canleyv ale;2408;sa;19140924;1991767
org;rec-1603-org;1603;sam;donaldson;10;ulm street;woodlands house;berala;4030;sa;19781213;7006756
org;rec-524-org;524;jake;ryan;28;ashburner street;moorilla;riverwood;3249;nsw;19240531;8514430
org;rec-1544-dup-0;1544;india;rees;25;waterfiel d place;;brunswick west;5014;qld;19400518;1262198
org;rec-1763-org;1763;kaitlin;bligh;27;tyson street;yandar ms 582;punchbowl;3777;wa;19730919;4127431
org;rec-1323-dup-1;1323;jack;artis;8;budgerie;tungun wtreet;stoynfell;3015;vic;19591204;8229749
org;rec-3314-org;3314;jackson;spratt;12;slight place;oatlands court;beachmere;3219;nsw;19920721;1338387
org;rec-2532-dup-0;2532;bhyce;hare;29;leslie street;;murray bridge;6223;qld;19340325;7789403
org;rec-2571-dup-0;2571;gabrielle;verco;43;;koani;alawa;2075;wa;19010220;2230507
org;rec-1844-org;1844;tahni;ryan;17;arnhem place;berkeley vlge;ringwood north;4809;qld;19210829;4845822
org;rec-959-org;959;alicia;reid;63;corey place;eden park;belrose;3101;vic;19460729;9114364
org;rec-2585-org;2585;harry;robson;12;florence taylor street;;;4159;nsw;19530520;4653119
org;rec-1160-org;1160;stephanie;harslett;10;crockett place;robinson road;keysborough;2482;vic;19141225;1157320
org;rec-904-org;904;kayla;allsopp;7;lett place;forster specialist medical centre;brisbane;2482;nsw;19330729;4961123
org;rec-3767-org;3767;elizabeth;lohe;1;mccormack street;tarlinup;sandy bay;4070;qld;19010223;5007460
org;rec-1961-org;1961;chelsea;krist;34;pandanus street;fairlight;banks;7304;nsw;19330924;9251452
org;rec-1305-org;1305;reegan;nguyen;40;fitzalan street;mianga;wendouree;4019;nsw;19940410;2057357
org;rec-2044-org;2044;jed;marring;183;flegg crescent;withern house;hope valley;3161;nsw;19760927;5860010
org;rec-1201-org;1201;jessica;shepherdson;12;luffman crescent;strathleigh;launching place;3594;sa;19830512;8589957
org;rec-3038-org;3038;jade;nguyen;62;coranderrk street;wayamba;burleigh waters;6338;qld;19441121;5673561
org;rec-419-dup-1;419;grace;rixqers;109;trainer court;sleepy p ines;eight mile plains;2125;act;19180820;4666656
org;rec-3571-org;3571;connor;white;249;mina wylie crescent;chanak;aldinga beach;2171;vic;19520707;9892887
org;rec-2668-org;2668;mitchell;leon;578;tregellas crescent;anice-ohn;elwood;2480;vic;19541119;2985245
org;rec-2015-org;2015;breana;luckman;250;capella crescent;lyndon lodge;dalby;5333;wa;19550517;5314481
org;rec-2201-dup-0;2201;benj amin;wyllie;38;lazarplace;moodwood ahgus stud;eastern heights;2025;wa;19191105;1845405
org;rec-2419-org;2419;alex;vizer;124;belconnen churches centre;glendower;preston;7006;wa;19050301;1404119
org;rec-2892-org;2892;kyle;rushby;42;cory place;optima lodge;mount riverview;4128;nsw;19490720;2200965
org;rec-50-org;50;thomas;tuckwell;16;couvreur street;kimberley land caravan park;toorak;5049;nsw;19211030;8702265
org;rec-2154-org;2154;sean;littlely;10;crozier circuit;cohors;croydon north;2444;nsw;19301228;4306475
org;rec-2794-org;2794;ysobel;krollig;115;feathertop street;;toowoomba;2100;nsw;19130331;5251018
org;rec-2802-dup-0;2802;bella;hersey;4;macgregor street;bell place (chr bell r road;clarence park;3134;vic;19711118;6907661
org;rec-838-org;838;teegan;lukeman;298;majura road;willaroo;crescent head;4342;wa;19311029;7120729
org;rec-96-org;96;bradley;griffen;18;quiros street;allunga;tennant creek;3564;sa;19620612;2373047
org;rec-1291-org;1291;sachin;rawlings;16;currong street;collaroy;redbank plains;3498;sa;19320413;5735622
org;rec-829-org;829;reuben;pawsey;53;axon street;marina park;panton hill;4880;nsw;19450221;9409634
org;rec-2142-org;2142;justin;mason;26;batchelor street;;nedlands;3944;nsw;19190128;8120742
org;rec-100-org;100;dante;akot;16;brooker street;the willows;scarborough;3305;qld;19960112;4033021
org;rec-1489-org;1489;hannah;whiteley;74;haydon drive;redlands;modbury heights;2648;sa;19601210;7346130
org;rec-261-org;261;irene;pascoe;11;handasyde street;pine leigh;appin;4160;wa;19440314;9121985
org;rec-1997-org;1997;daniel;mccarthy;;creswick place;boonberry;coonabarabran;2540;sa;19840223;6090495
org;rec-1453-org;1453;kyle;holzbauer;12;forsythe street;hillside farm;ringwood north;2151;tas;19840218;7449042
org;rec-3980-dup-0;3980;logzn;webb;19;hearn stfemet;wattlep lace;walgtt;2854;vic;19860602;5782015
org;rec-1265-dup-0;1265;dakota;ry na;7;van pelt place;;north ryde;2030;vic;19060615;9369375
org;rec-2353-org;2353;tahnee;stanbury;;collier street;longstay caravn park;woodcroft;2200;wa;19781207;7265542
org;rec-239-org;239;brooklyn;lock;183;mulley street;myalpa;sunshine beach;2644;qld;19320831;2298401
org;rec-3288-org;3288;jessica;green;1;damala street;marshanti arabians;wynnum west;3172;qld;19230507;4306444
org;rec-1719-org;1719;jared;frahn;9;hannaford street;victoria square;beaconsfield upper;2486;qld;19810313;2455392
org;rec-3054-dup-1;3054;elly;kranz;30;britten-jones drive;;ringwood east;0837;qld;;2829743
org;rec-2673-dup-0;2673;michaela;rees;7;crawford crescent;;tamborine;3437;nsw;;5048102
org;rec-3087-org;3087;abbie;whiteway;1;kelly close;section;aitkenvale;2018;wa;19191228;1327433
org;rec-1513-org;1513;carlin;miles;33;mackie crescent;glenmore;windang;5043;sa;19020528;8311833
org;rec-3409-dup-0;3409;kobe;hoerner;66;tanderra crescent;burnside;leichhardt;2767;nsw;19111118;5115494
org;rec-1259-org;1259;alice;meaney;41;tiptree crescent;;kogarah;4701;wa;19670805;9795843
org;rec-1090-org;1090;ruby;jolly;5;skene street;seagulls football club;bullsbrook;3204;qld;19321108;1387210
org;rec-1786-org;1786;ned;cenin;55;halligan place;kurrajong;sanctuary point;4815;nsw;19891122;4663705
org;rec-1019-org;1019;elli;mullin;47;ellenborough street;garema place surgery;geelong west;3028;nsw;19920114;2074916
org;rec-3436-dup-2;3436;robbie;butt;3;skirving place;rainbow ridge;greensborough;2614;nsw;19240911;8676855
org;rec-3084-org;3084;mollie;green;54;dumaresq street;brindabella specialist centre;currajong;4215;qld;19681231;1688305
org;rec-413-dup-3;413;lucy;morrison;23;baracchi rescent;buskett homestead;casino;2156;vic;19741022;4877811
org;rec-3462-org;3462;georgia;hendricks;12;jerrabomberra avenue;naringal orchard;swan hill;2474;nsw;19541225;4055174
org;rec-1536-org;1536;charlotte;fitzpatrick;2;tebbutt place;bonny farm;wantirna;2251;vic;19640309;1568244
org;rec-119-org;119;chloe;mccalman;11;tenison-woods circuit;westella;dalby;4055;nsw;19061118;4377764
org;rec-1774-org;1774;emiily;taute;22;harris place;beaumont farm;goonellabah;0820;wa;19131127;7283315
org;rec-933-org;933;;dolan;33;canberra avenue;rowethorpe;parkside;5158;qld;19411017;2396464
org;rec-332-org;332;stelio;mcallion;20;mulga street;riverside professional centre (cnr banks;nerimbera;2866;qld;19561009;3332318
org;rec-3335-org;3335;erin;noble;27;roebuck street;brinjarry;whiteside;6025;vic;19320714;9468664
org;rec-70-org;70;jessica;george;85;fremantle drive;arlington;tatura;2190;vic;19370820;1086455
org;rec-2293-org;2293;zakariah;budge;30;anderson street;biltbilli;noble park;2423;qld;19830511;4671798
org;rec-3632-org;3632;xavier;lowe;94;connell place;kooyong;sanctuary point;4740;qld;19870609;2964935
org;rec-2496-dup-1;2496;william;fornaino;126;macgregors treet;eureka;charlestown;5049;wa;19020716;6064420
org;rec-2143-dup-1;2143;pia;white;62;newman morris circuit;glenburn;balwyn north;4121;qld;19011225;7166564
org;rec-2963-org;2963;carlin;hammill;95;barraclough crescent;brentwood vlge;castlemaine;3500;act;19340331;5239528
org;rec-31-org;31;deakin;pontt;9;scrivener street;tinsdal;st albans;4650;nsw;19871012;6625428
org;rec-2029-dup-0;2029;vanessa;reid;6;battersby circuit;ashleigh house bergen court;bargara;3132;nsw;19460905;5779612
org;rec-1756-org;1756;james;burford;35;archibald street;millridge;blackmans bay;3021;vic;19390303;7889304
org;rec-2992-org;2992;liam;branston;68;adair street;bowillia court;goonellabah;3124;vic;19880406;6868075
org;rec-479-org;479;zara;mcelwee;8;lightfoot crescent;;buffalo;2027;vic;19220813;4845953
org;rec-2081-org;2081;georgia;vick;41;macalister crescent;spring ridge;carss park;2580;nt;19550105;9728952
org;rec-3731-dup-1;3731;lue;mccarthy;43;cullen street;montrose;mentone;3201;sa;19740312;4343061
org;rec-768-dup-0;768;jessica;toms;;phillipa venue;lapoinya;nichools;2795;qld;19300752;5123746
org;rec-201-dup-1;201;goode;caitlin;72;yuranigh co urt;gummy gully;maryborough;5048;nsw;19020814;9522895
org;rec-3520-org;3520;adam;green;6;goodenia street;cranbrook;ivanhoe;5023;nsw;19790818;1778015
org;rec-372-org;372;thomas;white;2;hodgson crescent;collier park vlge;toowoomba;2758;nsw;19870203;5041437
org;rec-2678-org;2678;matteus;nuebauer;30;burkitt street;kallenia rivers;vermont south;3084;wa;19690209;3776252
org;rec-1016-org;1016;darcy;campbell;6;bottrill street;villa 513;waramanga;3071;nsw;19871001;2689949
org;rec-736-org;736;nicholas;bridgland;31;rosenthal street;homestead caravan park;yorkeys knob;3084;nsw;19201222;3692302
org;rec-1757-org;1757;alexandra;webb;24;hosking place;sheep station;dean park;3280;vic;19130217;2934045
org;rec-2891-dup-1;2891;camefon;campbell;2;pogney place;boonsville;meringur;3121;qld;19740507;3169177
org;rec-2716-org;2716;april;;61;hickenbotham street;withern house;clifton;4610;wa;19520808;5548988
org;rec-2714-org;2714;daniel;kovacic;;spafford crescent;tinaroo falls;auburn;2200;sa;19560410;5050014
org;rec-3256-org;3256;lucas;mccarthy;44;brownless street;waratana;dangar island;2650;qld;19291013;8869139
org;rec-2267-dup-0;2267;holly;ryan;162;hilder street;vlla 18 pacifci bay resort;manly vale;3109;nsw;19420812;3921086
org;rec-1000-org;1000;keeley;leferink;1;jessup street;ordview estate;glenside;4020;vic;19880403;8380857
org;rec-2328-org;2328;jack;etherington;9;treharne place;hawkhurst cottage;tuart hill;4352;nsw;19210801;5726242
org;rec-1782-org;1782;jamie;shepherd;16;fred johns crescent;wandeen;safety beach;4551;sa;19970726;2724807
org;rec-1157-org;1157;paige;eisele;11;wollaston place;rosebrook;bunbury;2790;wa;19950805;1191644
org;rec-864-dup-0;864;zane;quilliam;14;;hayfiel dvlge;ngunnawal;6011;tas;19940830;9090375
org;rec-190-org;190;lauren;chereda;97;empire circuit;trewilga;wisemans ferry;4650;nsw;19690405;2651553
org;rec-3069-org;3069;;porra;69;greeves street;murga ridge;jellat jellat;4370;qld;19730121;4643174
org;rec-29-org;29;xani;bellamy;67;daley crescent;loughmore;coffs harbour;4514;nsw;19180624;1080559
org;rec-1889-dup-0;1889;madeleine;berryman;1504;castlereagh crescent;the w illows;;2121;qld;19230705;8225696
org;rec-3362-org;3362;alexandra;ryan;;duffy street;brer park;geraldton;3871;vic;19700417;2462724
org;rec-3782-org;3782;nicholas;cruttenden;4;streeton drive;the sycamores;glenhaven;5152;qld;19740820;8630099
org;rec-2638-org;2638;jacynta;finlay;56;stuart street;glamiston;kelmscott;2031;nsw;19200131;2244175
org;rec-445-org;445;timothy;gazzola;23;leggatt street;gwandalan;hawks nest;5153;tas;19291005;6400588
org;rec-1009-org;1009;simone;reid;211;pinkerton circuit;ashgrove farms;inverbrackie;6111;wa;19840404;9864133
org;rec-2729-org;2729;layla;fergie;5;fern place;oyster farm;spotswood;2230;vic;19221109;5951508
org;rec-1154-dup-1;1154;tylah;reid;25;terry close;sect 106;dwellimgup;2027;qld;19480807;7376796
org;rec-1977-org;1977;karla;frahn;1;port jackson circuit;kalga;caulfield;2284;sa;19940601;8110733
org;rec-2519-org;2519;brooklyn;rees;33;rawson street;eurunderee;beaconsfield upper;3634;vic;19980226;8181110
org;rec-2319-org;2319;liam;nicolle;86;sidaway street;lypiatt;north beach;5068;qld;19051018;6428523
org;rec-360-org;360;chelsea;mercorella;34;feakes place;moyola;st andrews;4703;qld;19340110;3451799
org;rec-1956-org;1956;jayden;clarke;14;namatjira drive;villa 2;mawson;3128;wa;19010925;1707861
org;rec-3317-org;3317;maconal;kiernan;1;clive steele avenue;;tanilba bay;3144;wa;19820719;4114011
org;rec-3348-org;3348;;wogandt;164;downard street;wallaroi west;torquay;2026;wa;19060102;8451682
org;rec-2241-org;2241;dean;mor;40;clews place;lorrha;mcdowall;5108;nsw;19540731;6906538
org;rec-1010-org;1010;stephanie;wieloch;42;stone place;medical centre;north rocks;2324;vic;19180822;5883037
org;rec-3045-org;3045;lewis;lock;7;whalan place;our folly;loganholme;6330;vic;19580111;1683402
org;rec-1335-org;1335;joshua;edson;41;alfred hill drive;raden park;wahroonga;7303;vic;19590203;5494398
org;rec-3755-org;3755;kayla;lovelock;34;grant crescent;c/-the student village;nudgee;2321;wa;19561017;4619189
org;rec-535-org;535;kristen;vlavogelakas;5;earle place;balmoral garden;toowoomba;4128;nsw;19710406;1638521
org;rec-2324-org;2324;ryan;capurso;178;kirkcaldie circuit;ethelton;little mountain;2546;qld;19211028;4444422
org;rec-1147-org;1147;andrew;campbell;;couvreur street;wahronga-lea;kurri kurri;2830;vic;19030512;3842764
org;rec-3444-org;3444;jacinta;webb;44;sampson close;riverside park;darlington;6153;nsw;19761115;4635093
org;rec-1957-org;1957;jack;rundle;2;;hallsville;mount marrow;2256;qld;19311025;6763900
org;rec-3769-org;3769;hayden;blackwell;12;shackleton circuit;caloundra family medical practice trinit;clayton;0810;sa;19340227;6042988
org;rec-1161-dup-1;1161;schkirra;green;36;beaurepairme crescent;north stirling downs;oak park;2455;vic;19700814;3838793
org;rec-1290-org;1290;noah;martinovic;3;vickery street;central highlands medical centre;speddingup east;7249;sa;19051215;8765308
org;rec-540-dup-1;540;anthony;ryani;5;guthridge crescent;worro downs;o'cnonor;3810;qld;19211114;2217488
org;rec-2211-org;2211;brianna;radic;5;sullivan crescent;gloccamorra;woy woy;2050;nsw;19390401;3343334
org;rec-2878-org;2878;alisa;shuk;309;amaroo street;north nowra shopping centre;frankston;2209;qld;19400828;4678830
org;rec-641-dup-0;641;mhary;paterson;282;maribyrnong avenue;rosedale;parramatta;2166;vic;19190703;5843579
org;rec-3952-org;3952;kynan;clarke;108;dakin place;danica;clayfield;7000;vic;19320509;7272301
org;rec-3646-org;3646;daniel;petersen;15;kangaroo court;tathra river est;rosewater;6018;vic;19521129;6318963
org;rec-3962-org;3962;jacqueline;white;9;vancouver street;lakewood estate;aldgate;3053;sa;19401221;6341276
org;rec-1294-org;1294;mia;etchell;108;john cleland crescent;the reefs;warnbro;3205;vic;19040825;1401782
org;rec-3837-org;3837;clain;george;93;jeffcott place;glendower;blackstone heights;3283;tas;19870204;9359197
org;rec-3167-dup-0;3167;daniel;green;;bagster place;thornbury;elsternwick;3629;sa;19130722;4951639
org;rec-2235-org;2235;liam;clarke;25;mckinley circuit;garden creek;nangiloc;3021;qld;19360604;2709445
org;rec-1628-org;1628;jessica;nguyen;153;baume crescent;trellech;elsternwick;4352;qld;19691229;9171377
org;rec-1022-org;1022;;green;36;baume crescent;brentwood vlge;rossmore;4655;vic;19660719;4030752
org;rec-2076-org;2076;jai;lanyon;11;lyrebird place;grandview;west wollongong;5034;vic;19850424;7182262
org;rec-1303-org;1303;alessandra;monotti;8;mceachern crescent;warhaven home;osborne park;4655;sa;19300713;2493120
org;rec-2771-org;2771;claudia;hand;24;boolee street;kintyre;clayfield;4573;nsw;19780908;8586386
org;rec-3533-dup-2;3533;toby;;29;garrards treet;riverside profesional centre;goonelalbah;2515;sa;19400608;3385061
org;rec-687-org;687;sian;lemke;61;gordon close;stretton park hostel;deer park;6725;vic;19470822;6425985
org;rec-3461-org;3461;chloe;schumann;13;;yarrabin;peakhurst;2204;nsw;19991128;5354763
org;rec-1699-org;1699;mikayla;kempe;78;lynch street;else wares;orange;0870;nsw;19790510;4436636
org;rec-1191-org;1191;mitchell;marshman;17;castleton crescent;;boronia west;3147;nsw;19280701;7123091
org;rec-3717-org;3717;chelsea;jesser;171;jackie howe crescent;locn 1487;bellmere;3216;qld;19900826;6014019
org;rec-404-org;404;imogen;white;69;davis street;;holgate;4070;qld;19041023;7414924
org;rec-1731-org;1731;alissa;ryan;27;euroka street;linton;hawthorn;2087;vic;19451223;1961728
org;rec-986-org;986;charlotte;barritt;52;foveaux street;carnsdale;bundaberg;4306;vic;19410914;6880754
org;rec-3226-org;3226;lily;lowe;17;burrinjuck crescent;bonaccord;manunda;2840;vic;19160515;8352948
org;rec-2919-org;2919;felicity;stubbs;4;hawdon street;sherwood;balkuling;4870;wa;19810224;4463820
org;rec-2489-org;2489;sana;nguyen;101;;meemar;st lucia;3108;qld;19920926;8156282
org;rec-2254-org;2254;sarah;webb;39;mcfarlan place;t int-sect garden;coomalbidgup;6023;nsw;19970702;8244083
org;rec-394-org;394;bailey;lingbeek;71;erldunda circuit;masonic retirement village;bedford park;6330;nsw;19061220;1953511
org;rec-2445-org;2445;matthew;dunnicliff;13;angophora street;st francis vlge;bundaberg;3129;qld;19851016;8574492
org;rec-640-dup-2;640;lauren;white;52;renmark street;barwaylla;kogarah;2087;nsw;19291227;5927014
org;rec-1488-org;1488;chloe;culph;18;mather street;brentwood village;caroline springs;3192;vic;19630224;1202389
org;rec-3410-org;3410;amy;godfrey;4;namatjira drive;telemon orchards;hamilton;2119;qld;19750511;4738708
org;rec-3154-org;3154;caresse;drilling;737;eyre street;canberra centre;belmont;6026;qld;19080612;5563722
org;rec-2460-dup-0;2460;nicholas;hathaay;151;;flemington markets;mill park;6011;nsw;19390305;1796925
org;rec-1900-dup-0;1900;kiara;everett;8;;legacy vlge;noble park;4078;wa;;3831644
org;rec-2903-org;2903;sonja;gulin;45;ballumbir street;;unanderra;2153;nsw;19561019;6373391
org;rec-2565-org;2565;libby;leszczynski;6;hyndes crescent;killarney;st kilda east;7010;nsw;19951021;3600921
org;rec-3972-org;3972;emiily;kostantakis;23;seaver street;booligal;gumdale;2400;wa;19290112;5304520
org;rec-1776-org;1776;josephine;plane;33;richter close;;ulladulla;2303;nsw;19680324;8278252
org;rec-266-org;266;rupert;richmond;17;wilkins street;belvedere;belmont;2824;tas;19800619;4116973
org;rec-443-org;443;jett;green;10;bougainville street;wealdstone;duncraig;3630;nsw;19451224;5509222
org;rec-3550-dup-1;3550;bri dget;vincent;6;warrumbul street;norma;ringwood;6019;qld;19870820;9591244
org;rec-1189-org;1189;matthew;coleman;8;bissenberger crescent;oatlands court;bingham;3037;qld;;4320746
org;rec-1918-org;1918;matthew;yu;2;barber crescent;glenhay;samson;3810;nsw;19210518;4675587
org;rec-2353-dup-1;2353;tahner;stanbjry;;collier street;longstay caravn park;woodcroft;2200;wa;19781207;7265542
org;rec-782-org;782;alexandra;malin;87;sherbrooke street;parraweena;new farm;2209;qld;19960506;1894315
org;rec-2891-dup-2;2891;cameron;campbell;2;pogney place;boonsville;meringur;3121;qld;19890704;3169177
org;rec-2522-org;2522;jacob;shepherdson;1251;sharwood crescent;abilene;camira;3136;vic;19920326;3781457
org;rec-3691-org;3691;emiily;priest;29;wanganeen avenue;braebourne;emerald;6063;nsw;19351003;3101142
org;rec-2560-org;2560;jaime;spicer;64;gilbert street;glenlogie;st albans;3412;nsw;19920323;2512083
org;rec-2531-org;2531;mia;clarke;26;berne crescent;wildefell;corio;2020;qld;19060403;9977051
org;rec-3379-dup-3;3379;zachariah;dzamko;75;finn street;locn 316;mirrabooka;2770;vic;19090525;2606044
org;rec-640-dup-4;640;kyle;white;;renmark s treet;barawlla;kogatah;2087;nsw;19291227;5927024
org;rec-362-org;362;alexander;kilmartin;78;durack street;;brighton;6061;vic;19581121;8568967
org;rec-981-org;981;archer;handel;91;chataway crescent;bellambi;launching place;2487;qld;19080620;5840683
org;rec-3263-org;3263;michael;weidenhofer;46;weavers crescent;flr 5 john flynn medical centre;st kilda east;4179;nsw;19781002;1824707
org;rec-2607-dup-1;2607;emiily;green;25;robsontreet;rosedown;armidale;7008;act;19930903;8733127
org;rec-1275-org;1275;madison;ronan;;montgomery place;fleetview;duncraig;3939;qld;19440308;2478853
org;rec-517-dup-0;517;nicholas;matthews;26;yampi place;villa 3;greenwiod;2809;nsw;19920917;3063954
org;rec-952-org;952;campbell;white;10;rossarden street;brentwood vlge;toowoomba;3522;sa;19070310;5403110
org;rec-2268-org;2268;bailey;morrison;71;springvale drive;bindaree;st kilda east;2540;nsw;19311231;8376380
org;rec-2320-org;2320;matthew;grimm;54;maclachlan street;;conder;3482;vic;19211015;5375895
org;rec-1126-org;1126;deakin;morrish;33;cooling place;;macgregor;2546;vic;19210817;7940021
org;rec-1010-dup-2;1010;stephanie;wieloch;24;stone place;medical centre;north rocks;2324;vic;19180822;5883037
org;rec-497-org;497;stephanie;redington;43;howitt street;kiandra;balwyn north;3123;nsw;19540725;3876982
org;rec-3318-dup-0;3318;jamie;mollaj;536;outtrim avenue;;blacktown;3061;nsw;19180415;5230053
org;rec-106-dup-1;106;bradley;bishop;14;spica street;yakilli park;bamawm;5170;nsw;19420318;6888719
org;rec-2466-org;2466;jacqueline;kondakov;296;lhotsky street;rosetta village;cranbourne;2586;vic;19650414;1162235
org;rec-979-dup-0;979;finlay;bezos;8;wheeler crescent;robertson barracks;wanenroo;2141;nsw;19661231;2051940
org;rec-3033-dup-0;3033;hyland;laurwn;5;goodchild street;carawah rmb 2;lockwood;2065;nsw;19791019;7541438
org;rec-1319-dup-0;1319;mihcael;godfrey;2;william hudson crescent;wirreand avlge;northmead;2036;nsw;19200404;5659438
org;rec-3446-org;3446;anita;morrison;18;forsythe street;grandview;greensborough;2611;vic;19030829;6809068
org;rec-3766-org;3766;blakeston;fauser;45;akhurst grove;rsl park;sunshine;2359;tas;19781029;5837164
org;rec-3330-org;3330;max;jeffries;63;stanbury close;garden settlement;st kilda west;3437;act;19730422;1003076
org;rec-2423-org;2423;lucy;boulter;5;ironside street;;bayswater;2135;vic;19190118;4648838
org;rec-28-org;28;lachlan;artis;25;federal highway;the mount;mill park;2550;wa;19820424;9366690
org;rec-7-org;7;nicholas;madge;;apperly close;ocean star villas;kilsyth south;4557;wa;19310222;9053317
org;rec-2902-org;2902;timothy;campbell;12;a'beckett street;;ingleburn;5065;nsw;19960909;1995575
org;rec-2443-org;2443;brigitte;coleman;264;launceston street;dharmananda;ceduna;2041;nsw;19380401;3832097
org;rec-1978-org;1978;joshua;millar;47;;brentwood vlge;petrie;2587;tas;19100520;6534956
org;rec-2447-org;2447;abbey;maynard;77;pinkerton circuit;cluster;east sydney;4228;vic;19751214;1726676
org;rec-1898-org;1898;harry;littlely;106;gooreen street;rsde 668;heywood;7320;nsw;19980410;6155709
org;rec-977-dup-0;977;fimlay;verner;;moyes crescent;grandview;bligh park;3217;vic;19021003;8017720
org;rec-1663-dup-1;1663;;campbell;65;moore street;rosedale;elermo rvale;1387;vic;19600727;7261504
org;rec-2928-dup-1;2928;kranx;kiera;2;sharman place;glenbrae;tara;5109;sa;19970907;1219440
org;rec-1682-org;1682;mitchell;bowerman;16;strangways street;b;adelaide;3941;nsw;19571121;2192624
org;rec-3320-org;3320;holly;nguyen;21;powlett street;;colac;5251;vic;19521023;9143026
org;rec-1955-org;1955;tahlia;wingate;21;brebner street;park lane estate;carnegie;6066;qld;19211023;9462016
org;rec-1692-dup-2;1692;oliver;hyles;7;blackman crescent;briardale;swan hill;2134;vic;19750323;1353730
org;rec-364-org;364;alana;scacchitti;12;boolimba crescent;river oaks;humpty doo;2146;vic;19200612;5287944
org;rec-891-org;891;madeline;mason;7;dixon drive;jestarlei;thornlie;2280;wa;19761231;9595082
org;rec-1301-org;1301;libby;meaney;18;kinchela crescent;cawarra cottage;granville;2200;vic;19390713;2783147
org;rec-2356-org;2356;mary;holzbauer;;;victoria barracks;huntfield heights;2517;vic;19580124;9318959
org;rec-780-org;780;james;zokalj;28;webb place;professional centre;seymour;3393;nt;19291117;6336579
org;rec-350-org;350;archie;campbell;7;moulden court;kilnacrott;st james;2280;wa;19760316;6991532
org;rec-1595-org;1595;daniel;artymowycz;7;greenough circuit;omeo;mount pleasant;2650;wa;19260504;8013405
org;rec-48-org;48;jasper;magaletta;433;raws crescent;wacharoo;greensborough;2576;vic;19590921;2993069
org;rec-739-org;739;thomas;bradshaw;49;bateman street;rose-lea;mirrabooka;2560;wa;19851105;9999314
org;rec-2063-org;2063;alexander;mahony;11;hurtle avenue;calala farm;kirrawee;5164;qld;19670821;3593207
org;rec-2264-org;2264;travis;mccarthy;40;launceston street;caravn park;coonamble;3047;vic;19560602;6539267
org;rec-632-org;632;jade;dudley;57;sprent street;highland park;murrumbateman;5088;nsw;19830218;9254904
org;rec-699-org;699;emiily;everett;25;walu street;tongbong sanctuary;wilmot;3163;tas;19300913;5569331
org;rec-2348-org;2348;noah;thorpe;17;jonsson court;hosea mizpah;corrimal;2287;wa;19840509;3120799
org;rec-1258-dup-0;1258;joel;berry;4;burkitt street;carrowmore;edgecliff;4585;wa;19980219;1900351
org;rec-2404-org;2404;carla;stephenson;54;maitland street;dudley specialist medical centre;ngunnawal;3163;wa;19070809;6991407
org;rec-2733-dup-3;2733;maxin;musolino;1;jinka st reet;kinorrss;windsor;6160;qld;19961012;3686486
org;rec-2811-org;2811;emmet;paterson;2;wilkins street;wandella park snowy;mount perry;2162;vic;19470311;5289612
org;rec-2261-org;2261;jacqueline;scarce;17;orion place;mt gravatt residence;east maitland;2452;vic;19511130;6538391
org;rec-2755-org;2755;timothy;juric;7;gosse street;mara;campbelltown;5155;vic;19620309;1648255
org;rec-3221-org;3221;jaimee;clarke;16;london circuit;noolabi;joondalup;2234;wa;19130329;1088708
org;rec-616-org;616;joel;lowe;22;boolee street;raymond terrace market place;busby;2850;vic;19710714;4485912
org;rec-2842-org;2842;hannah;laverty;2;vagabond crescent;heights estate;ringwood;2880;sa;19790403;2244101
org;rec-874-dup-2;874;emoily;cuypo;22;mathieson crescent;laughalle farm;camperdown;2233;qld;19950710;6865413
org;rec-2985-org;2985;freya;neville;6;quinlivan crescent;finn valley;narellan;2205;nsw;19120301;1989446
org;rec-1519-dup-1;1519;jade;ulrik;4;julia flynn avenue;yoorana;cabramatta;2545;nsw;19201119;7244498
org;rec-399-org;399;ruby;lydon;33;farrer street;;burwood;3922;wa;19200629;2216827
org;rec-2660-org;2660;olivia;stanfield;1;casey crescent;homevale;bossley park;5373;qld;19390528;9533954
org;rec-2880-org;2880;ashleigh;lock;22;trigg place;fairfield waters;hillston;2340;wa;19060811;8559944
org;rec-3057-org;3057;bailey;richmond;105;wettenhall circuit;hansdale lane;munster;3805;vic;19270927;2368248
org;rec-3653-org;3653;jacob;paterson;34;pohlman street;fig trees;raglan;3927;vic;19000320;1836769
org;rec-2439-dup-0;2439;hayly;david;30;christmaes street;brannigans;penrith;5064;qld;19451219;3150586
org;rec-1808-org;1808;jake;morell;8;;bakers creek;warriewood;2753;sa;19550912;7779177
org;rec-589-dup-1;589;saah;reid;1;;creston;larnok;5162;nsw;19710725;6614340
org;rec-2938-dup-2;2938;hugo;mamarika;28;bimberi crescent;cerrbus;buliba;4207;vic;19761203;1614373
org;rec-1078-org;1078;jenna;richmond;118;stutchbury street;caravn park;coldstream;3185;vic;19851121;8383696
org;rec-846-org;846;lewis;bristow;10;knoke avenue;north star holiday resort;hamilton;6053;nsw;19311024;1374722
org;rec-3506-org;3506;declen;webb;97;antill street;belandean;booval;3350;qld;19350823;7503619
org;rec-351-org;351;;ayres;10;beauchamp street;;thornlie;0820;vic;19690811;8287352
org;rec-1193-org;1193;fergus;stingle;4;pieman crescent;wandarri;surry hills;2370;nsw;19310201;3795965
org;rec-3839-dup-2;3839;luke;tiller;180;mackellar crescent;villa3 ;merrimac;2107;nsw;19301201;5873004
org;rec-1687-dup-1;1687;tyler;sterry;7;investigator street;glenveiw;isle of capri;4211;vic;19901017;5600052
org;rec-1061-dup-1;1061;ben;berry;225;blamey crescent;;willow grove;2766;vic;19520926;5956047
org;rec-1135-org;1135;oliver;hobson;3;eldridge street;beth-el;rose bay;3228;wa;19761208;8239756
org;rec-345-org;345;leon;chandler;73;massey street;camerons creek;arana hills;4655;vic;19130612;2444425
org;rec-2403-org;2403;ky;dixon;148;jinka street;enmore;creswick;2620;wa;19080413;9162308
org;rec-513-org;513;lucas;andretzke;662;;three springs stud;warriewood;2032;nsw;19350508;2257314
org;rec-47-org;47;jasper;trainor;;waramanga place;media park hostel;como;3224;nsw;19701015;7617911
org;rec-1192-org;1192;karissa;middlebrook;46;reader court;oaklands village;bangor;7051;wa;;1208867
org;rec-228-org;228;isabella;cheers;145;o'connor circuit;apt 1;coolaroo;2519;wa;19720109;7201070
org;rec-1271-org;1271;joshua;stanley;40;builder crescent;miniacres;mount isa;3757;nsw;19280329;8311595
org;rec-682-org;682;dylan;waller;10;leichhardt street;vinery;brunswick west;5162;wa;19840905;9685354
org;rec-1524-org;1524;alaiyah;gearman;10;kiewa street;villa 2;elizabeth grove;7018;nsw;19040702;1757460
org;rec-2873-org;2873;lauren;bissett;34;castleton crescent;hd of solomon;spearwood;2380;tas;19200915;4400726
org;rec-2274-org;2274;madeleine;manousos;13;mayo street;kanawalla;tannum sands;2076;nsw;19710304;5407434
org;rec-1893-dup-0;1893;alannah;secomb;10;bundeela street;paladin stud farm;myponga;4216;nsw;19340309;5474710
org;rec-1988-org;1988;harriet;paterson;9;chippindall circuit;swanleigh;salisbury;3190;qld;19730908;9729101
org;rec-2484-org;2484;desi;bishop;5;william hudson crescent;bunavon;woodlands;3070;qld;19450928;9472910
org;rec-3409-org;3409;kobe;hoerner;66;tanderra crescent;burnside;werrington;2767;nsw;19111118;5115494
org;rec-329-org;329;joel;campbell;9;griver place;northern tablelands tennis academy;north ryde;3181;nsw;19490215;5665340
org;rec-2280-org;2280;mitchell;mainprize;26;tauss place;wearmouth;noble park;3980;qld;19461010;6564378
org;rec-3244-org;3244;samantha;green;3;hilder street;dspq;port pirie;2380;vic;19671226;3970937
org;rec-2004-org;2004;joshua;hoffman;100;burraly court;;petersham;4035;qld;19531020;8768222
org;rec-2532-org;2532;holly;hare;51;leslie street;;murray bridge;6223;qld;19340325;7789403
org;rec-2224-org;2224;mia;leslie;12;;earl haven;rosetta;4311;vic;19810322;3732595
org;rec-1306-dup-0;1306;emiily;grosenor;58;hadleigh circuit;anglev ale;daradgee;3130;nsw;19440317;6430053
org;rec-3088-org;3088;keaton;hick;371;shellshear place;vinery;dulwich hill;5253;wa;19011110;4860054
org;rec-3516-org;3516;ryan;geraghty;19;eldershaw place;rowethorpe;nuriootpa;2093;wa;19140122;7546033
org;rec-2625-org;2625;lucinda;humphreys;9;cardew crescent;tara hills;frankston;2300;sa;19481110;1818239
org;rec-2126-dup-2;2126;hugh;smallacombe;126;salsola street;merrilwa;prospect;6503;vic;;6760867
org;rec-1168-org;1168;caleb;jeffries;48;kingsford smith drive;phoenix park stud;keilor east;3033;nsw;19960130;6762997
org;rec-2653-org;2653;nathan;sondergeld;27;monaro highway;;greenacre;5044;nsw;19311229;5688178
org;rec-3412-org;3412;lachlan;collier;84;cantor crescent;caroona village;gore;3187;qld;19730209;8694342
org;rec-2392-org;2392;isabella;campbell;8;lachlan street;meadow view;balwyn north;2830;wa;19650821;3294617
org;rec-2522-dup-2;2522;jacob;shepherson;1251;sharwood crescent;abilene;cai mra;3136;vic;19920326;3781457
org;rec-2802-org;2802;bella;hersey;4;macgregor street;bell place (cnr bell r road;clarence park;3134;vic;19711118;6907661
org;rec-2772-org;2772;georgia;wurm;66;mcdermott street;binbimbie;dooralong;2880;nsw;19530515;6080052
org;rec-3734-org;3734;harry;lavender;8;hope street;dalkeith homestead street;forrest;4575;nsw;19290528;1127123
org;rec-3142-dup-2;3142;tayulah;stanley;;bungonia street;;birrong;3068;wa;19960508;9999667
org;rec-702-org;702;finnbar;fusco;11;allambee street;dejarra;willetton;7018;vic;19641229;5194676
org;rec-745-org;745;kylie;lock;14;may maxwell crescent;;blayney;2287;vic;19021007;6216634
org;rec-311-org;311;jordan;campbell;66;wyselaskie circuit;;sheidow park;3555;vic;19361228;2465440
org;rec-2563-org;2563;jacinta;aldous;58;bayly place;rocklea;view bank;5040;nsw;19120917;2309779
org;rec-2297-org;2297;maria;wehr;3;jarrahdale street;moonbi;malvern east;2035;sa;19961109;7080799
org;rec-1209-org;1209;liam;campbell;37;ashby circuit;peak view;safety beach;2260;nsw;19160820;7124276
org;rec-1679-org;1679;claudia;halberda;20;bingley crescent;barwalla;lobethal;3175;vic;19770312;6770229
org;rec-1569-org;1569;ellorah;dearing;47;hirschfeld crescent;sun city resort;mirrabooka;4109;vic;19981103;9238551
org;rec-1077-dup-0;1077;rosie;minter;27;beirne street;rawon;trigg;5113;vic;19660316;8729674
org;rec-3360-org;3360;stephanie;whiteley;9;ruthven street;;alice springs;4503;nsw;19940410;1197171
org;rec-1937-org;1937;harrison;wardle;41;wattle street;court units;moree;2625;nsw;19421219;5621228
org;rec-3075-org;3075;jackson;green;11;groom street;rockley;newlands arm;4013;vic;19760111;3172622
org;rec-3529-org;3529;micaela;elphick;410;florina place;reg simpson court;tannum sands;3677;wa;19640320;7027457
org;rec-3450-org;3450;joel;frohmuller;56;strickland crescent;glenmore;christies beach;3221;vic;19700605;6540863
org;rec-993-org;993;madeline;royle;61;allwood street;cygnet river schoolhouse;wanneroo;2607;qld;19760721;3270972
org;rec-1905-org;1905;caitlin;mason;220;perrin circuit;gilston lodge;lalor;2794;vic;19181012;5031907
org;rec-1641-org;1641;tansy;chappel;288;cobbett place;miowera;patterson lakes;4702;sa;19690317;5827826
org;rec-3081-org;3081;anthony;skeen;;sparkes close;waiweer;taree;2146;qld;19960609;1223977
org;rec-487-org;487;bridget;ayotte;66;fincham crescent;flt 54;bellevue hill;2287;vic;19540822;7656611
org;rec-1097-org;1097;sarah;bloomfield;3;howe crescent;strathleven;karalee;2122;nsw;19271006;9490925
org;rec-1240-org;1240;jacob;falting;30;cowley place;retirement village;macgregor;2464;tas;19390423;5435677
org;rec-674-org;674;james;thiry;19;rose scott circuit;mawarra herefords;brighton;3196;qld;19470926;5273833
org;rec-2677-org;2677;zac;white;26;companion crescent;glenview;toronto;2226;sa;19431117;3437945
org;rec-2906-org;2906;willow;rollins;71;arabana street;creston;bondi junction;6170;nt;19931231;6759954
org;rec-926-org;926;mia;bosse;17;blacket street;t int-sect garden;greenwood;3012;qld;19040522;3793415
org;rec-3810-org;3810;ella;morrison;70;edwards street;yambacoona;mansfield;3083;qld;19700403;3927292
org;rec-3287-org;3287;joshua;pontt;16;dennis street;;dimboola;4500;vic;19670326;8809409
org;rec-3776-org;3776;sophie;;93;kidston crescent;cornvale;hinchinbrook;2577;vic;19240213;5463651
org;rec-2572-dup-0;2572;benjamin;mainsbridge;21;fryer place;tatyara;macgregor;4152;qld;19380502;1640908
org;rec-2635-dup-1;2635;ebony;;31;ippia place;morrocdong;st albasn;4030;nsw;19670215;2013176
org;rec-3548-org;3548;michael;haythorpe;7;latchford street;kilburnie;murray bridge;2446;nsw;19661107;6809163
org;rec-33-org;33;ethan;green;22;melrose drive;riverpark;safety bay;2000;wa;19240918;9174005
org;rec-1700-org;1700;alexander;nguyen;9;mcfarlan place;locn 10045;kinglake west;5032;nsw;19590824;9769183
org;rec-2465-org;2465;sarah;grafton;6;beetaloo street;naaraane;karalee;4300;nsw;19180724;8503905
org;rec-88-dup-1;88;nenehy;matthews;;morgan crescent;;toowoomba;2160;nsw;19901020;3434805
org;rec-1901-org;1901;riley;seen;30;malcolm place;middle rock park;iluka;3131;qld;19480724;9854734
org;rec-1269-dup-0;1269;isabella;stearnes;1;fiveash street;oaklane;;6103;qld;19180829;6210732
org;rec-2708-org;2708;jack;westbrook;3;caffyn place;highland park;taree;6027;sa;19980112;4923795
org;rec-589-dup-3;589;saraoh;ried;;fihelly street;creston;woodhouselee;5162;nsw;19710725;6614340
org;rec-1467-org;1467;olivia;eftimiou;77;buvelot street;brindabella specialist centre;slacks creek;2099;sa;19511211;1512566
org;rec-352-dup-0;352;harry;reid;5;roper place;robley house;yagooa;5023;nsw;19280714;3527397
org;rec-3563-dup-2;3563;quinn;musolino;2;braine sqtreet;clustedr;heckenberg;6390;nsw;19100225;8891469
org;rec-532-org;532;jake;browne;31;lachlan street;pindara medical centre;bossley park;2800;act;19801010;9475260
org;rec-3068-org;3068;hayley;thorpe;7;stradbroke street;montrose;armidale;2827;qld;19920221;3512606
org;rec-537-org;537;alisa;reid;2;adamson crescent;three acres;pearce;4352;vic;19280306;9327619
org;rec-507-org;507;aaron;morrison;5;vickers crescent;sherwood;oakville;3818;nsw;19110409;8384529
org;rec-931-org;931;sophie;godfrey;154;badimara street;bowan brae;mclaren vale;3717;wa;19231122;8090960
org;rec-3097-dup-0;3097;aurora;raposn;32;fowles street;navan park;blackmans bay;6112;vic;19131016;6154302
org;rec-359-org;359;joel;hingston;162;mertz place;warrina lakes;oakleigh;5345;sa;19461020;2641982
org;rec-2822-org;2822;molly;campbell;26;callaway crescent;southern cross;port macquarie;3172;nsw;19880106;4549668
org;rec-2682-org;2682;tyrone;weller;155;steinwedel street;gloccamorra;kirwan;2154;qld;19700728;4030943
org;rec-1197-org;1197;isabelle;chegwidden;4;purnell place;warrambah;slacks creek;3152;vic;19410220;1598145
org;rec-1539-org;1539;dante;dakin;3;chuculba crescent;greenpatch;forbes;5072;nsw;19481028;7288639
org;rec-910-org;910;jack;falting;293;kurrama close;girrahween homestead;machans beach;5016;wa;19211203;3061638
org;rec-2707-org;2707;tegan;grainger;288;deamer crescent;bexley;margaret river;4855;;19590406;7286792
org;rec-548-org;548;courtney;le lievre;256;blamey crescent;marelle;kardinya;7307;nsw;19900701;8735103
org;rec-3142-dup-0;3142;mitchell;stanley;;bungoni a street;;marlesgon;3068;wa;19960508;9999667
org;rec-1673-org;1673;chloe;campbell;2;habgood place;koenarl;burnie;2064;qld;19520323;9590211
org;rec-1725-org;1725;jordan;seppelt;43;westgarth street;chazelle;tumbulgum;4151;nsw;19290911;5774081
org;rec-1769-org;1769;sophie;elderton;30;kriewaldt circuit;kalyra retirement;bullsbrook;2145;vic;19280706;5666983
org;rec-2467-org;2467;maddison;joel;28;moore street;oakey isle wallis lke off;kaleen;3165;act;19070524;6246777
org;rec-979-org;979;finlay;bezos;8;wheeler crescent;robertson barracks;wanneroo;2114;nsw;19661231;2051940
org;rec-2143-dup-2;2143;pia;scamoni;62;newman morris circuit;canberla hse;balwyn north;4121;qld;19011225;7166564
org;rec-1458-org;1458;grace;van aardt;55;bonney street;karingal farm;noble park north;3805;vic;19490918;7034169
org;rec-1477-dup-0;1477;william;whillas;8;forbes street;;brighton-ld-sands;6147;vic;19250312;2026323
org;rec-2863-org;2863;erin;huxley;18;slessor crescent;;rochedale south;3215;tas;19050606;4625294
org;rec-1765-org;1765;tiana;dixon;9;builder crescent;ardrossan;new town;0830;nsw;19570306;7137998
org;rec-2608-org;2608;amber;clarke;34;bathurst place;bendigo retirement village;wilson;6018;;19841201;6956213
org;rec-1150-org;1150;ashlee;beadle;4;henslowe place;moolana;tongala;3018;qld;19430808;6030818
org;rec-2169-dup-0;2169;ethan;monjena;57;pokanacicuit;jarara;st albans;4075;;19440816;5251642
org;rec-1024-org;1024;james;nurse;1;;stoney station;holden hill;7015;vic;19971222;4533500
org;rec-1454-org;1454;jaden;bail;25;mansfield place;summer hill;tumbarumba;3055;vic;19650509;6813146
org;rec-1435-org;1435;emiily;thorpe;38;caladenia street;niagara;galston;6017;vic;19950612;3606590
org;rec-655-org;655;briony;nicoll;4;gurrang avenue;lapstone;maryborough;4076;vic;19351003;7316847
org;rec-2735-org;2735;dillon;hand;169;chewings street;chilton heights;aldinga beach;2047;vic;19680522;1802172
org;rec-472-org;472;cooper;neumann;1;upton street;;norwood;3082;vic;19200906;9251911
org;rec-544-dup-2;544;cooper;holland-sdukes;99;st francis village;noble colse;;2443;qld;19040414;9213769
org;rec-3082-org;3082;dylan;white;10;broome crescent;brentwood village;mount moriac;2095;nsw;19090614;5491508
org;rec-3783-org;3783;marcus;walls;74;singleton crescent;amblin caravan park;surry hills;2148;wa;;6115532
org;rec-1336-dup-0;1336;;daronco;;strehlowplace;canberra centre;wahronoga;3294;vic;19440526;2860658
org;rec-2853-dup-1;2853;ella;allik;31;darbys tteet;;st lucia;2042;wa;19241203;6838082
org;rec-3383-org;3383;kylee;fogg;30;jenner court;victoria square;narrandera;4304;wa;19760724;8194896
org;rec-218-dup-0;218;alice;morrison;135;roseberyostreet;heritage manor est;port macquarie;5075;vic;19880610;1896150
org;rec-3583-org;3583;ruby;bishop;23;lascelles circuit;dangaroo park;banyo;3796;vic;19980122;7058654
org;rec-1085-org;1085;harrison;willing;65;chandler street;baidermeer;edgewater;2067;vic;19630214;1304706
org;rec-1781-dup-0;1781;laklyynn;miles;50;bunya c lose;up the back;barrack point;5074;nsw;19961005;7643501
org;rec-2137-org;2137;lachlan;ledsham;32;fawkner street;carisbrook;point vernon;2086;nsw;19520731;4801343
org;rec-393-org;393;carly;whetham;12;bibb place;bullarook park stud;brown hill;4850;vic;19110306;3147628
org;rec-3427-org;3427;connor;blunden;;de vis place;;seven hills;3216;nsw;19991220;9150935
org;rec-889-org;889;benjamin;mazzone;139;alfred hill drive;brinjarry;peregian beach;3029;nsw;19600130;8291514
org;rec-3884-org;3884;thomas;jetter;6;rodway street;pine view;collinsvale;2440;vic;19150816;1815741
org;rec-2697-org;2697;asha;matthews;13;tryon street;;belmont;6163;nsw;19140730;4584053
org;rec-3110-org;3110;olivia;leon;555;marungal avenue;paloma;newington;2200;qld;19970224;1291452
org;rec-1502-org;1502;michael;wooley;7;shara place;the lodge;rose bay;4171;wa;19100617;1184004
org;rec-747-org;747;jacob;krollig;7;barr-smith avenue;kookardinia;cooloongup;4127;vic;19430426;9581882
org;rec-1819-org;1819;kobe;simmonds;4;dive place;first avenue;inglewood;6060;vic;19450715;8095098
org;rec-1053-org;1053;luke;mason;3239;maribyrnong avenue;meridan warana villas;eglinton;2017;vic;19630629;4510121
org;rec-1455-org;1455;thomas;sunderland;56;de little circuit;westwood homestead;calliope;6066;nsw;19640703;7591634
org;rec-1332-org;1332;nicholas;dorsey;19;sully place;villa 18;hillvue;6026;vic;19420808;1268506
org;rec-1245-org;1245;lucas;chandler;18;sampson close;como;muchea;5064;vic;19550422;5370111
org;rec-2527-org;2527;claudia;apsitis;73;wheeler crescent;menedebri;devonport;3280;qld;19300609;7442162
org;rec-3428-dup-0;3428;trey;bishop;23;powell street;bulliac;broulee;2460;nsw;19121212;7052815
org;rec-2258-org;2258;libby;irving-rodgers;19;shipard place;;corrimal east;5109;nsw;19780817;6222732
org;rec-802-dup-0;802;james;ryan;29;islesplace;the iron farm;seddon west;2126;sa;19890420;9013052
org;rec-3654-org;3654;mitchell;egan;7;bacchus circuit;;myrtleford;7006;nsw;19381218;6366389
org;rec-3023-org;3023;zachary;godfrey;77;mirbelia crescent;manuka village;greenacres;6012;qld;19660308;9160281
org;rec-712-dup-1;712;jacob;lanyln;5;milne cove;wellwood;beaconsfieod upper;2602;vic;19080712;9497788
org;rec-2245-org;2245;caleb;due;14;reader court;phoenix park stud;goonellabah;5158;nsw;19230210;9442314
org;rec-1420-org;1420;talissa;commons;13;mccaw place;square park;pymble;2825;tas;19900904;6271391
org;rec-793-org;793;;sagrestano;11;callan street;the hammond village;mansfield;6019;nsw;19811022;6634583
org;rec-2612-org;2612;daniel;moulton;33;bamford street;dugout;;4630;vic;19030320;3381308
org;rec-2927-dup-0;2927;christina;george;14;burn street;wambanumba;safety bay;4821;vic;19290625;3112654
org;rec-2344-org;2344;daniel;mccarthy;24;dines place;the bowery;clarence park;3923;qld;19070103;5201837
org;rec-653-org;653;beth;reid;1058;hagon place;the willows;greenwith;3305;vic;19510330;5871411
org;rec-2814-org;2814;kiandra;clarke;149;kingscote crescent;willow dene;oak park;2062;sa;19521221;8296501
org;rec-956-org;956;claudia;crouch;103;torrens street;lassaan;burwood;5260;nsw;19710121;9364233
org;rec-3014-org;3014;nathan;neylon;118;hawthorn road;mt moornambool;oakleigh;4556;nsw;19860118;3148146
org;rec-3313-org;3313;cooper;dudgeon;14;fremantle drive;berkeley vlge;robina;5097;nsw;19990621;5290790
org;rec-418-org;418;rhys;slatcher;2;stanley street;medical practice bendigo;golden bay;3053;nsw;19630608;5683571
org;rec-2202-org;2202;lucy;longhurst;5;port jackson circuit;wallaces ck;east maitland;2018;vic;19611129;1135283
org;rec-2283-org;2283;vendula;bottroff;26;sandover circuit;belle-eglise;coolaroo;3156;vic;19180223;2620725
org;rec-1929-org;1929;ellouise;burford;8;frater crescent;pearce shoppng centre;noble park;5024;sa;19990319;8150446
org;rec-2403-dup-1;2403;dixon;ky;148;jinka street;enmore;creswick;2620;wa;19080413;9162308
org;rec-110-org;110;belinda;green;132;barringer street;bunyule;argenton;2205;nsw;19181010;4056341
org;rec-3200-org;3200;quinn;harrington;1065;darwinia terrace;the gums;north beach;4012;nsw;19780920;3297280
org;rec-3738-org;3738;luke;capell;356;hensman street;greengrove;minto;5159;sa;19940519;1221508
org;rec-1687-dup-0;1687;blae;sterry;7;investigator street;glenview;isle of capri;4211;vic;19910017;5600052
org;rec-3144-org;3144;cameron;campbell;4;rosman circuit;thornbury house;moama;4307;nsw;19980222;1821597
org;rec-1475-org;1475;patrick;matthews;30;byrne street;orana hstl;dunwich;2388;vic;19401113;4346306
org;rec-1554-dup-1;1554;travis;mitchel;13;northbourne avenue;hse 42;;6065;qld;19520519;1445582
org;rec-942-org;942;brinley;berry;1;fink crescent;binnum banks;beenleigh;2450;vic;19010206;4389341
org;rec-2565-dup-0;2565;libby;leszczynski;6;hyndes crescent;;st kild aeast;7001;nsw;19951021;3600921
org;rec-1289-org;1289;ethan;matthews;85;sinclair street;;thornleigh;3357;sa;19610803;2300555
org;rec-1239-org;1239;kade;ryan;51;blaxland crescent;;concord;2518;vic;19100130;9407706
org;rec-3089-org;3089;jack;green;158;mccubbin street;oaklands village;hill end;3373;nsw;19740320;1840764
org;rec-3668-org;3668;tylah;stephenson;24;conolly place;loch snizort;currambine;2486;nsw;19730708;9995199
org;rec-1161-dup-0;1161;schkirra;green;36;beaurepairecrescent;north stirling downs;oak park;2455;vic;19700814;3838793
org;rec-2721-org;2721;hayden;demetriou;61;caldwell street;whattleglen;caulfield north;2133;qld;19280130;6242779
org;rec-2496-dup-3;2496;fornarino;william;126;macgregof street;eureka;charlestown;5049;wa;19830402;6064420
org;rec-2065-org;2065;hannah;tardrew;9;haystack crescent;kimberley;balwyn north;5113;qld;19890125;7179562
org;rec-3706-org;3706;jye;millar;1309;hann street;farewell;abbotsford;4385;nsw;19810612;7775039
org;rec-3429-org;3429;brock;henderson-wilson;36;harbison crescent;mountview;tweed heads;6728;nsw;19600923;3729335
org;rec-352-dup-1;352;william;rei d;5;roper pace;robley uhouse;yagoona;5032;nsw;19280714;3523797
org;rec-3318-dup-2;3318;jamie;mollaj;10;outtrim avenue;the rocks;blacktpown;3061;nsw;19180415;5230053
org;rec-230-org;230;;zaluski;87;pickworth street;wallum butta;black rock;2767;qld;19520525;7968926
org;rec-2256-org;2256;andie;brammy;35;clare dennis avenue;madeita park;barmera;2095;nsw;19220119;7769953
org;rec-3274-org;3274;nathan;lowe;15;mowle place;marrivale;donnybrook;4702;qld;19360422;7156818
org;rec-163-org;163;isabella;holburn;3;pinkerton circuit;carey park;ivanhoe east;4053;vic;19540720;1062917
org;rec-2594-org;2594;cassidy;daviess;6;casey crescent;table mountain;glenwood;2440;vic;19390114;7784777
org;rec-1629-dup-1;1629;abbey;purtell;206;lomatia place;northbank varavan park;seymour;4130;nsw;;4803304
org;rec-997-org;997;jessica;clisby;17;coghill close;braeburn;summer hill;3355;nsw;19400617;6298597
org;rec-560-org;560;jaime;longo;36;holmes crescent;old school hse;alice springs;4680;vic;19311114;3060238
org;rec-738-org;738;daniel;selkirk;22;neil place;;urangan;2069;nsw;19070525;7008105
org;rec-1512-org;1512;kyle;green;69;taronga place;c/-the student village;highton;2477;vic;19740224;4833490
org;rec-3652-dup-0;3652;christian;berry;11;chauvel street;mount patrick;mosamn;3097;nsw;19220830;7641989
org;rec-2689-org;2689;joshua;bennier;13;trussell place;k mart plaza;broken hill;3194;vic;19340706;3311717
org;rec-3569-org;3569;deakin;reece;11;ironside street;cooralook;orchard hills;2325;vic;19311114;9380392
org;rec-625-org;625;zoe;coffey;33;;montrose;granville;2221;nsw;19281218;2509072
org;rec-3191-org;3191;hayley;blowes;1;grigg place;mallaby;dimbulah;4817;vic;19340804;5543182
org;rec-3336-org;3336;jade;reid;72;castieau street;rosedina;marsden;3152;vic;19090907;7219024
org;rec-3372-org;3372;nicholas;crute;173;terewah circuit;goldview;murray bridge;5554;vic;19031219;8746213
org;rec-460-org;460;lauren;dixon;;fawkner street;warbinya;labrador;3155;qld;19300516;7025882
org;rec-2151-dup-4;2151;bradley;haberfield;11;carumbi place;bungarra;canley heights;2758;qld;19190528;5039500
org;rec-2013-org;2013;kade;paine;55;adamson crescent;kmart p plaza;bridgeman downs;2068;vic;19720509;5485493
org;rec-3269-org;3269;hamish;ferris;4;mount vernon drive;;blacktown;2121;qld;19040108;6880862
org;rec-3253-org;3253;erin;mcgregor;10;weavers crescent;brambletye vinyard;downer;4218;nsw;19980814;8227855
org;rec-2100-org;2100;douglas;glass;7;debenham street;dodona;bayswater;2617;qld;19711206;6649278
org;rec-830-org;830;jay;clarke;7;teakle place;sunvale;como;2603;qld;19670727;8558023
org;rec-2151-dup-2;2151;bradley;haberfield;11;carumbi vplace;bungarra;canley heights;2758;vic;19190528;5039500
org;rec-1976-org;1976;jai;rocca;1;birbai place;;budgewoi;2470;qld;19400830;7551155
org;rec-2494-org;2494;amy;campbell;83;zwar place;grandview;winston hills;2750;nsw;19730122;3855171
org;rec-76-dup-0;76;benjain;creten;13;dandenong court;rosetta village;orange;1657;nsw;19390616;1258716
org;rec-863-org;863;matthew;markijevic;16;logan street;creecoona;moranbah;2782;wa;19631008;5599009
org;rec-2802-dup-1;2802;bella;hersey;4;macgregor street;bell place (cnr bell r road;clarence park;3134;vic;19711118;6908661
org;rec-3238-org;3238;alec;hank;52;sage close;whiskers hill;broome;4558;qld;19420623;7189163
org;rec-1118-org;1118;annabella;wegman;101;carrington street;colbes;campsie;2168;nsw;19480503;9157836
org;rec-1349-dup-1;1349;matthew;benkovic;20;coutie place;redwoodkvillage;lismore south;3305;vic;19110228;9415905
org;rec-291-org;291;brooke;portlock;28;mundang crescent;lambar;craigmore;7009;nsw;19441015;6634317
org;rec-2741-org;2741;petreece;colegate;46;west row;huongold;yarraville;4228;wa;19940430;8363190
org;rec-3785-org;3785;lucas;nguyen;18;melrose drive;emu downs;bowral;5280;qld;19070330;4033633
org;rec-3954-org;3954;carla;marjoribanks;60;alexander mackie circuit;;dulwich hill;2333;nsw;19020321;8471872
org;rec-1392-org;1392;patrick;stephenson;;cochrane crescent;whispering pines;bundamba;2289;vic;19910919;2682787
org;rec-2997-org;2997;heather;alves;10;rule street;ardersier;dapto;4226;nsw;19181206;9472761
org;rec-3276-org;3276;james;laverty;16;port jackson circuit;brooms head carava;kaleen;3220;nsw;19731219;8837501
org;rec-2554-org;2554;amber;mitton;34;giles street;moolooboola;ferny creek;2062;vic;19260531;4315976
org;rec-3464-org;3464;joel;rachwal;207;truganini place;erinsvale;bowen hills;4343;wa;19481030;2717332
org;rec-3703-org;3703;jacqueline;crofts;10;cumpston place;barwick pastoral;pymble;4805;act;19240818;4801307
org;rec-1775-org;1775;jack;mcmullen;35;hawkesbury crescent;oaklodge;dunmora;2285;vic;19090129;3959874
org;rec-1057-org;1057;jack;metherell;9;irvine street;sherwood;north haven;4502;qld;19390423;1015748
org;rec-629-org;629;liam;mahony;15;hackett garden;brigalow court;kemps creek;3178;nsw;19630701;8912630
org;rec-3404-org;3404;emiily;weaver;31;clamp place;villa 2;newborough;3184;vic;19460811;4658122
org;rec-3769-dup-1;3769;hayden;blackwell;12;shackleton circuit;caloundra family mediddal practice trinit;clayton;0810;sa;19340227;6042988
org;rec-894-org;894;jack;buhagiar;6;mellor circuit;;avoca;5162;nsw;19430915;7194523
org;rec-1493-dup-0;1493;victoria;whiteo;11;fihellysrteet;weeroona;greenacre;6215;sa;19530625;6306432
org;rec-3838-dup-0;3838;jeo;myles;10;minora;sumner alace;glen huon;5075;nsw;19831001;1361474
org;rec-56-org;56;harry;clarke;39;maranoa street;cypress garden;newstead;6157;nt;19990510;9290227
org;rec-3791-dup-0;3791;eliza;bail;;colebatch place;;leith;2795;vic;19910109;7068825
org;rec-1073-org;1073;luke;nguyen;18;novar street;;joyner;5066;qld;19991112;5977670
org;rec-542-dup-0;542;holly;ebert;6;keys crescent;tant alvon;hastings;4558;qld;19111227;7270619
org;rec-1333-org;1333;seamus;mollross;216;ogilby crescent;gwandalan;yoogali;3199;qld;19540201;7432985
org;rec-954-org;954;elysse;hinchcliff;174;alabaster street;;riverwood;2800;sa;19270221;3734686
org;rec-2792-org;2792;hannah;feeney;1335;pinkerton circuit;hopkins view;branxton;6162;nsw;19150402;1902829
org;rec-3986-org;3986;zachary;menzies;12;sugarloaf circuit;st john of god hospital;st kilda east;2069;nsw;19430205;2833160
org;rec-3711-org;3711;marleigh;matthews;4;trumper street;berkeley vlge;northmead;3171;nsw;19550627;3132816
org;rec-3704-dup-3;3704;molly;bailloie;49;bibby poace;chippenda evillage;greens creek;3054;nsw;19010414;4210252
org;rec-852-org;852;ambrosia;princic;132;loader crescent;caravn pk rockingham holiday village;ashfield;3153;vic;;5861542
org;rec-568-org;568;thomas;hingston;9;james street;windarah;benowa;3934;nsw;19690703;2952185
org;rec-634-org;634;jack;gotovac;41;merv waite street;wilga;seymour;4051;vic;19560315;2888847
org;rec-2431-org;2431;kelsey;sima;26;brittlebank circuit;diacos caravn prk;narellan;3111;vic;19310123;8043750
org;rec-1457-dup-3;1457;robert;alfes;7;salsola street;oakdale;scarborough;5373;vic;19740430;7485604
org;rec-392-org;392;brodie;agius;109;;eurilla;clayfield;5118;qld;19660630;7805446
org;rec-3438-org;3438;shona;constance;5;sternberg crescent;blue hills;craigie;2612;qld;19900921;1649091
org;rec-953-org;953;abii;slape;25;jondol place;annecy park;athelstone;2097;vic;19690207;7405224
org;rec-2283-dup-0;2283;vendula;bottroff;95;sandover circuit;belle-eglise;coolarlo;3156;vic;19180223;2620725
org;rec-831-org;831;michaela;bishop;137;;glenview;kiara;2603;qld;19830202;8068653
org;rec-3596-org;3596;zara;bishop;44;david street;pine avon;beulah park;4123;vic;19600102;2495654
org;rec-234-org;234;cameron;lovelock;50;wolfingham place;mirrimbah;rossmoyne;3047;vic;19730414;4338236
org;rec-796-dup-0;796;clarke;tylah;14;macrossan crescent;st john of god hosp;samfocd;5051;nsw;19420819;3549452
org;rec-855-org;855;alana;ryan;;heagney crescent;fairholme;artarmon;3869;wa;19920718;3275953
org;rec-3404-dup-1;3404;william;weaver;31;clampp lace;villa 2;newborough;3184;vic;19460811;4658122
org;rec-2335-org;2335;james;bitmead;174;priddle street;;townsend;2218;nsw;19561113;3341559
org;rec-1421-org;1421;ellie;turale;10;bamford street;narek;rye;3150;wa;19410419;3867346
org;rec-2679-dup-2;2679;bayley;clarke;31;auburn street;bonholme;beenleigh;4824;wa;19961230;3122497
org;rec-279-org;279;joshua;riddoch;11;currong street;the rocks;mountain creek;4560;vic;19261007;3299660
org;rec-820-org;820;sam;miles;6;longman street;cinema centre bldg;cronulla;2790;sa;19810123;4882185
org;rec-759-org;759;george;millar;6;birrell street;ballow chambers;como;2710;vic;19580708;2250207
org;rec-2968-org;2968;maya;meares;1;dunstan street;cherry haven;lockhart;3350;vic;19880123;1578213
org;rec-2381-org;2381;tara;rees;10;wilshire street;somerset garden;san remo;2350;vic;19610314;3436779
org;rec-2934-dup-1;2934;fergus;campbejll;8;medley street;locn 2830;slacks creek;2069;qld;19041030;1164988
org;rec-2287-org;2287;bianca;kirste;6;learmonth drive;canberra hse;leeton;5277;qld;19280810;8291273
org;rec-175-org;175;bridget;singleton;21;melvin place;belgravia;lalor;4123;;19540107;7378011
org;rec-3231-dup-2;3231;holly;white;57;boolee street;caravnp ark;bacchus marsh;3934;qld;19450703;1740991
org;rec-3827-dup-0;3827;kylie;dearing;;alexander mackie circuit;hughloch lincorln red stud;auburn;4805;tas;19581221;3333878
org;rec-2050-dup-2;2050;gabriel;moulton;15;courallie;lander crescent;northgate;4217;vic;19450603;2754299
org;rec-1913-org;1913;bianca;laing;2;fleetwood smith street;entwood;ringwood;2360;nsw;19180107;9746416
org;rec-1521-dup-0;1521;thomas;cochrane;107;beazley crescent;wilgee;mount larcom;2671;wa;19971222;2997392
org;rec-3447-dup-0;3447;peter;manfield;;fuhrman street;;canterbury;2077;nsw;19881223;3052529
org;rec-183-dup-1;183;chelsea;cowell;6;bee plac;garanga;albury;6152;vic;19150410;1058992
org;rec-601-org;601;jett;harrington;33;coutts place;southern cross;flagstaff hill;2572;vic;19650815;9442291
org;rec-1212-org;1212;casey;wisby;15;coane street;baptist retirement;killara;3442;vic;19730402;2078391
org;rec-105-org;105;olivia;passmore;50;tarraleah crescent;culburra retrmnt vlge;armidale;2602;vic;19120418;2921789
org;rec-2731-dup-1;2731;conaghty;madeline;8;bonython street;umina park;myrtleofrd;2800;nsw;19850810;7498786
org;rec-2053-org;2053;aimee;trepka;9;goodchild street;kingcora;hackham west;2905;vic;19341111;4465176
org;rec-2995-org;2995;shakira;white;13;kane place;nautical vlg;dandenong north;2748;vic;19070602;3421964
org;rec-1527-org;1527;grace;webb;137;mugga way;villa 3;south melbourne;4133;sa;19120823;9449881
org;rec-3140-org;3140;mason;blake;15;shenton crescent;villa 2;seymour;2061;nsw;19820822;8036011
org;rec-1040-org;1040;stephanie;reid;739;edmondson street;carisbrook;lawson;3003;qld;19300717;4746019
org;rec-3007-org;3007;corie;callahan;51;hedger street;;lakemba;4558;wa;19540824;8087252
org;rec-2212-org;2212;harrison;clarke;260;newman morris circuit;mater professional centre;pakenham;5552;nsw;19371030;6800940
org;rec-1171-org;1171;benjamin;harrington;67;mcintosh street;griffiths wing;wynyard;6066;wa;19890909;4633421
org;rec-1775-dup-0;1775;jack;mcmullen;35;hawkesbury crescent;oakloege;dunmora;2285;vic;19321004;3959874
org;rec-1995-org;1995;thomas;stanley;176;hayley street;masonic retirement village;anula;4655;tas;19001210;3973552
org;rec-1469-org;1469;lauren;wortlehock;25;domain street;red gate;stretton;2147;nsw;19650114;6238740
org;rec-2766-org;2766;riley;herbert;;garanya street;reed thoroughbred stud;wyongah;2646;nsw;19890118;8316186
org;rec-2428-org;2428;cooper;rafanelli;14;cloncurry street;murga ridge;port kembla;3204;sa;19540116;7825882
org;rec-1644-org;1644;lachlan;mcvicar;41;paul coe crescent;marx hill street;carnegie;5031;sa;19920707;8814425
org;rec-169-org;169;shaun;worsley;68;campaspe circuit;alnwick;hoppers crossing;6743;vic;19991124;2171424
org;rec-517-dup-2;517;nichocas;matthws;26;yampi place;villa3 ;greenwood;2089;nsw;19920917;3063954
org;rec-2337-dup-1;2337;connor;campbdll;148;batchelor street;flt 170;laverton;4310;wa;19070427;8738165
org;rec-315-org;315;annalise;berry;45;dixon drive;fernlea;kirra;2155;wa;19971114;1903992
org;rec-3834-org;3834;jacob;diekman;41;darrell place;retirement village;toorak;4390;vic;19890704;5960067
org;rec-3184-org;3184;talia;mcmullen;17;mackellar crescent;kilkarlen;caulfield;2064;qld;19891130;1643201
org;rec-3946-org;3946;connor;mcneill;11;prior place;toombali;lismore;3825;vic;19200206;8030178
org;rec-1585-dup-3;1585;blakeston;nikolec;82;terrawah;burnie street;lake tyers beach;3068;vic;19001003;7244613
org;rec-2451-org;2451;alexandra;white;8;couchman crescent;;reynella;6168;nsw;19240408;8393091
org;rec-3323-org;3323;kyle;handberg;20;nepean place;oroonaka station;kuraby;3630;vic;19120611;9315490
org;rec-1076-org;1076;laura;ledsham;13;jeanette place;yarrandoo;deagon;3939;wa;19150616;8279741
org;rec-2847-org;2847;emma;white;86;mcbryde crescent;buena vista;blue haven;2035;tas;19140428;2042416
org;rec-2991-org;2991;taylah;mason;16;captain cook crescent;women's health cottage;duncraig;3550;vic;19811231;9064068
org;rec-42-org;42;william;bottroff;234;mount vernon drive;bowan brae;mooroolbark;2318;vic;19840304;5379013
org;rec-3011-org;3011;niamh;lowe;10;richmond street;ardersier;cronulla;3051;qld;19030507;5511545
org;rec-732-org;732;emiily;kelley;22;carroll street;sunnyview;narooma;4510;qld;19811025;1095895
org;rec-3785-dup-1;3785;mcmurdo;lucas;18;melrose drive;emu downs;bowral;5280;qld;19070330;4033633
org;rec-2213-org;2213;jason;walkley;1404;little place;st vincents hospital;avoca beach;3631;wa;19631003;7633350
org;rec-2983-org;2983;cooper;hingston;14;leahy close;hilltop hostel rowethorpe;pennant hills;2031;vic;19420203;9844204
org;rec-2562-org;2562;mitchell;stephenson;75;brennan street;argyle;balwyn north;5276;sa;19120226;5120917
org;rec-721-dup-2;721;daniel;sheperd;33;forbes street;bishops creek;moranbah;2016;vic;19860611;7103479
org;rec-2920-org;2920;madeleine;thorpe;130;;the rookery;padstow;5087;qld;19630614;9140394
org;rec-223-org;223;madeline;golder;446;roxon place;pipers river;woodcroft;2070;qld;19470127;6369807
org;rec-242-dup-0;242;lachlan;paine;55;sulliva n crescent;;black hill;4530;nsw;19101123;6513286
org;rec-3984-org;3984;lushia;meyhandan;18;sharland place;barwalla;tweed heads;2049;nsw;19600115;5870241
org;rec-900-org;900;robbie;reid;4;captain cook crescent;keira;albury;4680;nsw;19360822;9848029
org;rec-1363-org;1363;brydon;oleszcuk;7;brache place;minnamurra house;keilor;3781;vic;19630127;3255344
org;rec-752-org;752;harley;moody;15;quaife place;headland cvn park;richardson;2478;qld;19771112;6240453
org;rec-2962-org;2962;amber;maynard;4;mileham street;west road;swanpool;2064;nsw;19590520;8697332
org;rec-946-org;946;jasper;warde;9;onkaparinga crescent;kiermont est;kingston;3101;vic;19491118;7792509
org;rec-2589-org;2589;matthew;lock;100;gritten street;frost mews;gaven;2040;vic;19950917;3746415
org;rec-1749-org;1749;zack;hoffman;58;william hudson crescent;stonefield;hoppers crossing;2904;nsw;19760901;5923286
org;rec-1403-org;1403;kylie;schaber;19;tucana street;morven;moree;3559;wa;19510307;9692195
org;rec-492-org;492;tara;newport;4;halfrey circuit;earl haven;frankston;2220;qld;19680414;2879068
org;rec-3266-org;3266;ethan;ulbrich;17;rapanea street;valley of springs;petrie;2650;wa;19690429;2577303
org;rec-406-org;406;kailey;nguyen;38;tuck place;;maryborough;3181;nsw;19710103;2427311
org;rec-2452-org;2452;laura;harrington;4;raiwalla court;brentwood vlge;port fairy;7321;;19590314;4244947
org;rec-1133-dup-0;1133;mitchell;wetbb;43;mcilwraith close;wealsdtone;doubleview;2640;sa;19710709;9440223
org;rec-6-dup-1;6;jesse;jolly;;eucumbene drive;pegg's creek;elwoof;2171;vic;19461208;8758918
org;rec-3789-org;3789;luke;bereza;55;ironside street;tantallon;maribyrnong;4163;nsw;19380110;9192393
org;rec-242-dup-1;242;lachlan;paine;55;sullivan crescent;mount ptarick;black hill;4503;vic;19101123;6513286
org;rec-3204-org;3204;luke;boulter;5;newman morris circuit;stoney creek;burnie;4160;sa;19540129;1481094
org;rec-1373-org;1373;liam;lenartowicz;80;gardiner street;maranatha house;east hills;4214;qld;19000112;8167272
org;rec-3998-org;3998;alexandra;berryman;14;dyson street;tullinga;briar hill;5141;;19680103;6165097
org;rec-151-dup-1;151;madison;richmond;33;cooranga;mcinnes street;burnside;4035;vic;19090303;4982483
org;rec-1862-org;1862;mia;lissner;20;knoke avenue;;fig tree pocket;2131;nsw;19101225;8521205
org;rec-2143-org;2143;pia;scamoni;62;newman morris circuit;glenburn;balwyn north;4121;qld;19011225;7166564
org;rec-2364-org;2364;jordan;klus;28;astley place;mount patrick;goonellabah;2650;qld;19461009;2019610
org;rec-1044-org;1044;oliver;bradshaw;8;galibal street;hopefield;moree;2049;nsw;19260306;7573353
org;rec-1359-org;1359;anthea;sindorff;22;mulvey place;meadow view;keilor east;0850;nsw;19720628;9437758
org;rec-949-org;949;isabelle;morrison;;parkin street;southern cross;moorooka;2049;wa;19871210;1063220
org;rec-1367-org;1367;emiily;nicolle;84;jensen place;;leeton;2443;nsw;19491109;8979244
org;rec-356-dup-0;356;bradley;ikefa;7;northbourneavenue;cypress garden;lang lang;6107;vic;19601012;3655808
org;rec-620-dup-2;620;chelsea;herbert;101;glencross street;woodleigh;pimlico;2710;nsw;19691005;5559150
org;rec-2573-org;2573;jade;hanna;27;braine street;kimberley grange;northbridge;2763;qld;19481230;9396232
org;rec-135-org;135;roy;miles;655;hill corner;green desert;mayfield;4615;sa;19381206;5241205
org;rec-2259-org;2259;alana;ryan;210;hurley street;st mathews retmnt;heathcote junction;3805;nsw;19990108;9786277
org;rec-3128-org;3128;kieren;coulson;35;kingsford smith drive;fairfield waters;mckinnon;2203;qld;19760428;1834460
org;rec-705-dup-4;705;makendi;morrisn;381;maclaurinc rescent;aptmn t 42;mayfield;5039;vic;19810522;1135598
org;rec-2578-org;2578;lewis;tiller;6;;loyt 19;bundaberg;3205;qld;19330714;4823580
org;rec-1172-dup-1;1172;mia;mincher;26;sherbrooke wtreet;;avondale heights;2320;qld;19830325;6020660
org;rec-2021-org;2021;lauren;george;1;milford street;villa 3;clareville;2538;sa;19391008;1999914
org;rec-1307-org;1307;jack;netherton;41;fred johns crescent;willyaroo street;yenda;3875;qld;19900701;1194314
org;rec-2648-org;2648;ridley;dimmack;26;mugga way;tintagel;colac;5018;vic;19981023;1039771
org;rec-2761-org;2761;emiily;webb;39;kalgoorlie crescent;cluster;bray park;2460;vic;19720407;4040508
org;rec-514-org;514;monique;petersen;947;gillespie street;sect 1488;dianella;6153;tas;19830103;7560315
org;rec-798-org;798;jessica;wardle;23;nash place;geebung;salt ash;2200;tas;19051007;7647222
org;rec-3544-org;3544;logan;lamprey;66;wuruma place;sec 1;torrensville;2285;nsw;19171001;1824208
org;rec-3949-org;3949;bayden;son;4290;warrambool close;st francis vlge;blackstone;2848;qld;19390328;9100309
org;rec-492-dup-1;492;newport;tara;7;earl ahven;halfrey circuit;frankston;2220;qld;19680414;2879068
org;rec-2032-org;2032;benjamin;lowe;26;de little circuit;tillside;gordonvale;2430;vic;19200722;2412896
org;rec-44-dup-1;44;jac ob;allchin;20;sternberg crescent;ball ian;glengowrie;2650;nt;19480614;4453111
org;rec-3660-org;3660;harry;nguyen;256;nungara street;western crossing shops;clarendon;3216;wa;19640422;7825469
org;rec-2208-org;2208;mia;mason;14;o'sullivan street;anzac house (cnr archer s street;burnside;3205;nsw;19970713;1005784
org;rec-1010-dup-3;1010;stephanie;wielcoh;42;medical c entre;stone place;north rocks;3224;vic;19180822;5883037
org;rec-1619-org;1619;elizabeth;pascale;3;pridham street;moorilla;bellevue hill;2515;vic;19360308;4409709
org;rec-2050-dup-1;2050;gabriel;moulton;15;lander crescent;couralylie;northgate;4127;vic;19405603;2754299
org;rec-615-org;615;;stephenson;11;denison street;the provincial;lockyer waters;3825;qld;19180414;7643217
org;rec-2347-org;2347;kaitlyn;lette;65;ainsworth street;greglea village;lennox head;2539;nsw;19740220;1461448
org;rec-2786-org;2786;hannah;tregloan;27;danvers place;swanlea;elsternwick;4152;sa;19311023;7341340
org;rec-1712-dup-0;1712;sophie;herbert;21;somerset street;granny flat road;patterson lakes;4930;vic;19730615;7191751
org;rec-3137-org;3137;jared;webb;10;hardey place;stone oak farm;tallai;2620;nt;19250113;6223871
org;rec-2611-org;2611;madison;trivic;189;yarrawonga street;sennocke;sylvania;6024;qld;19680503;6979162
org;rec-1567-org;1567;laklynn;lowe;40;brockman street;apt 503;ivanhoe;2205;act;19380820;4904124
org;rec-2825-org;2825;ysobel;nguyen;31;brimage place;marshanti arabians;ringwood;4507;vic;19620418;4325367
org;rec-1897-org;1897;zachary;wilkins;2835;chandler street;dharmananda;bayswater north;6109;nsw;19790729;9853100
org;rec-886-org;886;gillian;liolios;2;carnegie crescent;;thirroul;2849;vic;19480520;6435701
org;rec-652-org;652;andie;morrison;;attiwell circuit;villa 513;devonport;4214;nsw;19200603;8666274
org;rec-62-dup-1;62;jacob;carmedy;31;forbess treet;the villas north;fernnale;2540;sa;19530711;2898190
org;rec-733-org;733;keely;blake;84;davis street;yilgarnia;singleton heights;2251;nsw;19560919;4146274
org;rec-2495-org;2495;mitchell;webb;61;kearne place;tiberoo;alice springs;4370;nsw;19421017;1297404
org;rec-3494-org;3494;arabella;cox-mckinnon;7;ashley drive;stone oak farm;merrijig;3071;wa;19860904;4709588
org;rec-1618-org;1618;shaun;roche;36;godfrey street;st helen's consulting suites;vermont;3040;tas;19820930;4212878
org;rec-684-org;684;lachlan;yialas;22;arid place;cooee;labrador;5290;nsw;;8268758
org;rec-2072-org;2072;liam;norgate;8;cruikshank street;riversdale caravan park;peakhurst;4069;qld;19850103;5969893
org;rec-3827-dup-2;3827;lachlan;dearing;66;alexander mackie circuit;hughloch lindoln red stud;aubur;4805;tas;19581221;3333878
org;rec-50-dup-3;50;thomas;tuckweoll;16;couvreu rwtreet;kimberley land caravan park;toorak;5049;nsw;19211030;8702265
org;rec-3787-org;3787;nicholas;shepherd;13;bainbridge close;;williamstown;2526;vic;19431012;7689478
org;rec-2952-org;2952;taylor-saige;mac donell;60;barraclough crescent;glenlee;devonport;2840;vic;19990529;5772925
org;rec-819-dup-2;819;kane;gloster;111;hawkentsreet;bonnie do on;kooyong;4017;tas;19120903;8770240
org;rec-138-dup-1;138;james;rudnle;;kallaraclose;;kogaarh;3038;qld;19100827;9310176
org;rec-2112-org;2112;stella;chandler;25;pollock street;moonbi;parramatta;4120;vic;19801229;6071784
org;rec-819-org;819;kane;gloster;111;hawken street;bonnie doon;kooyong;4017;tas;19120903;8770240
org;rec-338-org;338;luke;george;7;denovan circuit;mt annan;oakleigh;5023;wa;19870707;7058047
org;rec-879-org;879;connor;ryan;11;sternberg crescent;rockwell garden;kyabram;3174;wa;19241005;4064735
org;rec-2427-dup-0;2427;ashleigh;orchard;8;shumackstreet;mulgunna;coromandel valley;2759;vic;19460510;8472395
org;rec-1463-org;1463;james;malloch;169;allyn close;rowethorpe;eastwood;4152;nsw;19260930;7619849
org;rec-1816-org;1816;rory;dietrich;406;northmore crescent;st francis village;thornlie;2088;vic;19211116;2706494
org;rec-2048-org;2048;amber;lowe;7;clancy street;surfrider carvn park;brunswick west;3683;nsw;19230619;5351117
org;rec-3442-org;3442;mitchell;white;42;beedham place;wirraway;sunshine;3787;qld;19410818;9831971
org;rec-1608-org;1608;melanie;nabialek;12;just place;crystal creek reserve;sussex inlet;5452;nsw;19390212;8391827
org;rec-2132-org;2132;evangelia;wilkins;18;froggatt street;avenal;rose bay;2447;nsw;19331026;3214337
org;rec-710-org;710;toby;rawlings;6;mclaren crescent;surfside park;cooma;5290;sa;19901210;1727267
org;rec-1252-dup-0;1252;;steinert;9;dyett circuit;;hahndorf;3225;nsw;19860209;5411723
org;rec-3406-dup-0;3406;;clarke;37;lawrence wackrtt crescent;riverside park;mount ervelyn;3672;qld;19870906;8683852
org;rec-1589-org;1589;vincent;lewan;78;yalga close;florina park;altona meadows;5021;;19460413;4989853
org;rec-1917-org;1917;kelsea;white;39;bray place;emerald garden;murray bridge;2580;vic;19141210;3053535
org;rec-3972-dup-0;3972;emiily;kostantakis;23;seaver ntreet;boolisgal;gumdale;2400;wa;19290112;5304620
org;rec-320-dup-0;320;lachlan;hayam;56;emilybulcock crescent;marsden forest;north sydney;6163;wa;19030930;4827200
org;rec-3054-dup-0;3054;elly;kranz;30;britten-jones drive;;;0836;qld;19840729;2829743
org;rec-1631-org;1631;nicholas;garcia;4;quandong street;cranbrook;north beach;3912;tas;19150712;6479260
org;rec-140-org;140;marianne;shepherd;19;bruxner close;willows caravn park;flemington;6163;qld;19971006;1355172
org;rec-2384-dup-1;2384;kaitlin;ryan;3;woronora astreet;swanlea;northgate;2151;vic;19290605;7545389
org;rec-2815-dup-0;2815;rosfa;colquhoun;12;bonrooks treet;avalind;suffolk park;2283;nt;19000520;2083513
org;rec-3160-dup-0;3160;hayley;white;23;gilruth street;ocean brweze;denmak;4359;sa;19790413;8334292
org;rec-1491-org;1491;liam;deionno;5;summerville crescent;phoenix park stud;pimlico;2316;qld;19980412;2805155
org;rec-728-org;728;sarsha;radjenovich;12;bynoe place;ensleigh;preston;3337;vic;19070501;4233244
org;rec-2060-org;2060;thomas;ryan;13;darwinia terrace;dunmunkle lodge;carlingford;5162;nsw;19830304;7617305
org;rec-873-org;873;cooper;pascale;24;cossington smith crescent;barwon station;laverton;4017;nsw;19411030;9469222
org;rec-1501-org;1501;harry;clisby;28;greeves street;rocky bend;west wyalong;5151;vic;19800530;7005984
org;rec-485-org;485;bronte;ayres;16;florentine circuit;wytaliba;frankston;3916;vic;19601205;5596005
org;rec-1883-org;1883;kale;lowry;20;zamia place;learning earth farm;north bondi;3880;vic;19701021;9194504
org;rec-2145-dup-0;2145;ellie;de sciscio;34;syme crescent;;naremburn;4350;qld;19250303;8851861
org;rec-1355-dup-1;1355;pafis;mcgregor;18;lexcen avenue;cerbrus;frankston;3939;nsw;19301215;5422850
org;rec-3970-dup-1;3970;rebecca;laney;43;coreen place;warra sarra;belmont;6062;qld;19300322;9928277
org;rec-1815-org;1815;lukas;frainey;60;summerland circuit;corinella;hackham;5032;sa;19700728;7116340
org;rec-3225-org;3225;nicole;white;1;duggan street;warowie;dalby;4214;nsw;19630424;7558116
org;rec-2621-org;2621;isabella;pringle;49;selwyn street;clear creek cottage;hurlstone park;2447;sa;19000909;6846316
org;rec-1561-org;1561;ayden;wingate;11;banks street;southern cross;camden;6062;vic;19890402;2188036
org;rec-3441-org;3441;ruby;blunden;85;mimosa close;pevensey;punchbowl;5072;nsw;19140122;7823253
org;rec-166-org;166;emiily;stubbs;40;tasmania circle;eureka;greenacre;2800;nsw;19260513;7174287
org;rec-1530-dup-0;1530;prudence;heron;1;dolling crescent;;lake illawarra;4701;nsw;19741007;5629382
org;rec-878-org;878;fraser;corrie;17;angophora street;bowillia court;nambour;3201;qld;19010625;5274263
org;rec-1003-org;1003;luke;criswood;37;burns circuit;pine hill;wynyard;3763;nsw;19530814;9262079
org;rec-3969-org;3969;claire;laning;;sullivan crescent;wangi shoppng centre;allora;2295;vic;19870601;3713273
org;rec-51-org;51;jordan;fitzpatrick;5;bowser place;denture clnc;penrith;2558;qld;19470811;9536120
org;rec-3917-org;3917;thomas;campbell;3;mckail crescent;kurrajong;launceston south;2614;wa;19230126;8085669
org;rec-1025-org;1025;elizabeth;bellamy;51;kootara crescent;bahloo;allambie heights;2195;nsw;19130528;5557781
org;rec-2365-org;2365;emiily;liddy;33;iterra place;glengara village;tea tree gully;2430;tas;;1925890
org;rec-1835-org;1835;pino;laverick;20;leita court;riverside park;vermont south;2580;nsw;19320710;7610409
org;rec-2815-org;2815;rosa;colquhoun;12;bonrook street;avalind;suffolk park;2283;nt;19000520;2083513
org;rec-218-dup-3;218;aluce;morrison;135;rosebery street;heritage manor est;port macquarie;5075;vic;19880610;1896150
org;rec-3331-org;3331;sarah;edson;23;;gowrie;coomera;4000;sa;19331122;8179546
org;rec-335-org;335;paul;matthews;83;wyselaskie circuit;northpoint;dungog;6123;vic;19171231;6943507
org;rec-3567-org;3567;daniel;nguyen;19;wild street;the geelong private hospital (cnr bellar;lilydale;0810;vic;19140524;6241595
org;rec-1744-org;1744;sophie;white;45;oldfield circuit;urimbirra;para hills;2170;wa;19340515;7603236
org;rec-1542-org;1542;rhett;sherriff;4;;banksia village;salisbury;6027;vic;19680419;6652674
org;rec-3452-dup-0;3452;emmet;jeffries;14;connell place;rose hill;sanctuary point;2261;qld;19130331;8849668
org;rec-2886-org;2886;taalia;gillard;8;walu street;danric lodge;williamstown;4305;nsw;19410203;6345634
org;rec-287-dup-1;287;samuel;wooley;12;katherine avenue;;west oakes;3185;nsw;19890705;8058069
org;rec-1606-org;1606;jarred;boyle;8;lindrum crescent;somerview;hoppers crossing;2207;qld;19950605;4482368
org;rec-3166-dup-0;3166;ruy;rundle;29;mcgivern cfescent;lourdes hostel;mayfield;2137;nsw;19630721;7441466
org;rec-2966-org;2966;francesco;gladman;35;yiman street;kalang;grass tree hill;3175;nsw;19010830;1435338
org;rec-1799-org;1799;holly;hayball;4;inwood place;bonaccord;bayswater;2093;sa;19770302;5579609
org;rec-1683-org;1683;william;britten;128;balfour crescent;blueberry hill;beaumaris;4064;vic;19680718;9941359
org;rec-289-org;289;kayla;badman;8;sandford street;haling cottage;kedron;3167;qld;19431021;4242408
org;rec-3742-org;3742;alice;mastin-smith;104;carroll street;;padstow;3912;nsw;19430120;2176080
org;rec-1213-dup-2;1213;amber;brangwen;1;shackletok circuit;evergeen;hackhsm;6707;sa;19690905;7925975
org;rec-2955-org;2955;lily;yu;38;ogilby crescent;;avondale heights;4102;tas;19641015;8727009
org;rec-3662-org;3662;kylee;wojciechowski;57;barwon street;lambrook;hope valley;5082;nsw;19930505;7959274
org;rec-2998-dup-1;2998;angelica;alderson;17;arabanoo crescent;;seven hills;6167;sa;19210717;1772163
org;rec-2018-org;2018;damien;vincent;21;eldridge street;markool;bayswater;4215;act;19370604;1482229
org;rec-3388-org;3388;victoria;bahouche;12;fawkner street;willandra village;kirrawee;2300;nsw;19570209;6834090
org;rec-2225-org;2225;ruby;mason;7;clive steele avenue;kooyong;botany;3636;vic;19730913;4397223
org;rec-3992-org;3992;zane;richmond;60;hansen circuit;midlands terrace;eight mile plains;4152;nsw;19160615;8261881
org;rec-811-org;811;;leane;11;bootle place;beauchamp street;alice springs;2480;sa;19690609;4105056
org;rec-2686-dup-1;2686;charlotte;ryan;130;denny street;citi centre;pennant hills;4034;sa;;2548031
org;rec-3819-org;3819;freya;menzies;38;anzac park;mt sturt;montmorency;3152;wa;19260617;3305658
org;rec-381-org;381;james;kiernan;41;ridley street;byron van village caravan park;balwyn north;3172;sa;19910605;7760861
org;rec-3565-org;3565;bethanie;priest;15;musgrave street;geebung;blacktown;3675;nsw;19950922;5033370
org;rec-2752-org;2752;jaslyn;noble;43;endeavour street;wambanumba;lamb island;6023;vic;19260410;3411984
org;rec-962-org;962;carlin;geue;25;pawsey circuit;berkeley vlge;blacktown;4740;wa;19580118;9442408
org;rec-694-dup-0;694;danielle;zehetner;55;howe crescent;;tatura;2095;vic;19321129;8152232
org;rec-3050-org;3050;ysobel;filgate;10;olympus way;owendale;lilli pilli;5264;nsw;19480618;5123060
org;rec-1982-org;1982;kailey;whillas;586;de burgh street;;myrtleford;4610;nsw;19690313;9916397
org;rec-2924-dup-2;2924;channing;filanedr;77;fitzherbert place;byron acade;aranahills;3171;vic;19460203;7674861
org;rec-2056-org;2056;emiily;capel;7;;mirani;ballarat;3429;vic;19321207;8890472
org;rec-2310-dup-1;2310;taylor;millsr;20;sandover circuit;glengarry cottage;belmont;2656;nsw;19560920;2587303
org;rec-1931-org;1931;tahlia;stephenson;3;beazley crescent;lowerwood;kirrawee;2747;tas;19440119;5184701
org;rec-2138-org;2138;nacoya;reid;90;druitt place;nazareth village;murray bridge;4655;nsw;19050109;3783221
org;rec-689-org;689;callum;stigant;3;marr street;cherrydell;safety beach;4054;nsw;19650321;1616972
org;rec-3231-dup-1;3231;hollh;whitep;57;boolee street;caravn park;bacchus marsh;3934;qld;19450703;1740991
org;rec-1418-org;1418;sarah;morrison;29;newdegate street;pevensey;stephens;2150;qld;19720603;9564776
org;rec-3093-org;3093;callum;rapson;56;sue geh circuit;longridge;bena;5113;nsw;19840113;3018932
org;rec-1227-org;1227;lily;akerlind;149;corona place;huonme dicks creek;labrador;2107;sa;19380306;2609259
org;rec-156-org;156;elly;jolly;16;schonell circuit;lavender farm;coconut grove;6230;wa;19021205;9909935
org;rec-1914-org;1914;bayden;afford;28;waite street;hellemere village;acacia ridge;2330;qld;19401208;2765575
org;rec-2969-org;2969;lachlan;babic;192;deeley place;bonniview;burwood;5127;qld;19470507;8984805
org;rec-3212-org;3212;brooklyn;kousiandas;43;carroll street;jacqoona station;deakin;2500;nsw;19640722;5643636
org;rec-1806-org;1806;lauren;geue;7;tyner street;rowethorpe;orange;5238;nsw;19011018;4465681
org;rec-563-org;563;emiily;noble;15;baume crescent;ollera;coolamon;0870;vic;19870712;8764846
org;rec-2399-org;2399;jessica;matthews;349;kambalda crescent;lowerwood;narre warren north;3056;sa;19570820;3271147
org;rec-3900-org;3900;diamond;noble;325;fitchett street;crestfield;skennars head;2535;vic;19290119;8783079
org;rec-2055-org;2055;nathan;thorpe;9;maribyrnong avenue;villa 193 henry kendall bayside;coolah;3065;vic;19020605;2406455
org;rec-2315-org;2315;kimberley;dargaville;58;de little circuit;canowindra;roselands;4571;nsw;19510622;6047413
org;rec-2657-dup-1;2657;robbie;gilbertson;34;rosman circuit;summerill;raglan;6009;nsw;19150525;9773955
org;rec-3098-org;3098;charlotte;westbrook;14;evergood close;heysen village;waterloo;3147;qld;19440109;8713795
org;rec-2894-org;2894;georgia;farah;44;cumberlege crescent;st johnof god hospital;franklin;3181;qld;19441230;3370150
org;rec-2910-org;2910;logan;clarke;9;lockyer street;ardrossan;brunswick west;3936;nsw;19831221;1557141
org;rec-278-org;278;;clarke;6;o'connor circuit;medical centre;belmont north;5345;sa;19901019;7611223
org;rec-3559-org;3559;chloe;reid;10;wangara street;rosetta village;roleystone;3175;nsw;19260504;5656245
org;rec-2151-org;2151;bradley;haberfield;11;carumbi place;bungarra;canley heights;2758;vic;19190528;5039500
org;rec-3241-dup-1;3241;stockall;jack;106;frencham place;lle nomis;alberton;4350;vic;19890807;3238238
org;rec-1493-dup-2;1493;white;victoria;63;fihellystreet;weeroona;greenacre;6215;vid;19530625;6306432
org;rec-2782-org;2782;georgia;smallacombe;93;finniss crescent;;gwandalan;6522;vic;19320515;3774510
org;rec-602-org;602;joshua;noble;38;must circuit;school house;anula;2259;wa;19391019;9658557
org;rec-3844-org;3844;zachary;mccarthy;101;blacklock close;bendigo retirement village;brighton-le-sands;2233;vic;19970815;5566832
org;rec-2769-org;2769;kyle;herbert;10;allchin circuit;;wokalup;6169;sa;19331126;5392839
org;rec-8-org;8;alaiyah;campbell;19;guilfoyle street;the bight;caulfield north;0830;nsw;19070307;9839492
org;rec-2544-dup-3;2544;travis;jiang;36;crozier circuit;villa3;warrandyte;2083;nsw;19170723;4769955
org;rec-1395-org;1395;emiily;symmons;6;leycester place;afflexian;st albans;3087;wa;19640706;8425255
org;rec-3338-org;3338;nemesia;parr;10;de lissa street;hyland;newmarket;4380;tas;19781026;3120374
org;rec-2988-org;2988;darcy;bishop;2;mundang crescent;kurrall park;werrington;3174;nsw;19521124;7762713
org;rec-247-dup-0;247;stephanie;berketa;69;blakey close;airgie;burwood;2049;qld;19560525;7073006
org;rec-2464-org;2464;jessica;monteleone;18;ward place;sattwa park;toowoomba;3084;nsw;19351117;9469614
org;rec-464-org;464;rhiannon;beckwith;25;cahalan place;locheil;modbury;6230;nsw;19350527;7539652
org;rec-3625-org;3625;thomas;droegemueller;2;yambina crescent;rosehill;penshurst;5066;wa;19450109;8280519
org;rec-250-org;250;dylan;clarke;26;jane price crescent;rawdon;enoggera;2112;vic;19250117;5218115
org;rec-16-org;16;kyle;le goy;472;summerland circuit;stonehenge;scarborough;3121;nsw;19010214;7511263
org;rec-3953-org;3953;benjamin;nikolai;7;bareena street;stonehenge;jibberding;2289;nsw;19160420;6190418
org;rec-3283-org;3283;matilda;shepherd;1;mount vernon drive;mt pleasant;thornleigh;2226;vic;19070125;1969760
org;rec-2478-org;2478;ambrosia;crossman;169;andamooka street;;mayfield;2032;wa;19271216;2235894
org;rec-127-org;127;patrick;yu;68;parker street;moriah;broken hill;4717;act;19910607;9618518
org;rec-2196-dup-0;2196;isabella;maier;207;curtis place;rosewoo g arden;bomaderry;3124;act;19630227;9021684
org;rec-975-org;975;barkly;mcgregor;41;dandenong court;ba/unit 1;lymwood;2234;nt;19800513;9842806
org;rec-3849-org;3849;daniel;piening;301;goodchild street;;riverwood;4670;nsw;19040307;7232488
org;rec-725-org;725;emiily;white;27;totterdell street;liselican;pingelly;2262;nsw;19981002;4076479
org;rec-2001-org;2001;jade;campbell;89;mortimer lewis drive;edith hall;glenmore park;2138;nsw;19091002;2463150
org;rec-554-org;554;liam;roles;33;sullivan crescent;ra 881;sunshine beach;3910;vic;19000301;1616420
org;rec-1716-org;1716;james;neville;30;gascoyne circuit;kindilan;heywood;3585;vic;19590507;3030961
org;rec-3780-org;3780;jacob;jesser;16;tullaroop street;wirreanda vlge;wooree;3199;sa;19910815;9168224
org;rec-1116-org;1116;georgia;ryan;51;flegg crescent;jestarlei;mirrabooka;2576;wa;19270705;4740683
org;rec-133-org;133;julia;kulikovsky;51;richter close;kiandra;port lincoln;4006;nsw;19471001;8167684
org;rec-159-org;159;reeve;matthews;31;morduant place;;ellinbank;2290;vic;19831006;2392499
org;rec-2883-dup-1;2883;jasmine;gexrge;35;gluyas street;sunday creek;naremburn;7004;wa;19061015;7438270
org;rec-2144-org;2144;braedon;ryan;223;purnell place;ardlui;cronulla;3429;qld;19420511;8341740
org;rec-1677-dup-1;1677;lucsa;bowerman;51;macintyqe place;villa 127;yankalilla;4362;vic;19160511;9707774
org;rec-1352-org;1352;karissa;heenan;109;dennis street;barton view;aldgate;6062;sa;19560306;7515134
org;rec-2167-org;2167;ruby;bartel;724;clifford crescent;;wynnum west;2448;qld;19630727;9176337
org;rec-1185-org;1185;lewis;koslowicz;27;yirawala street;woodsong;bray park;2540;wa;19190512;5773013
org;rec-3145-org;3145;emiily;herbert;24;kerrigan street;rowethorpe;toowoomba;5031;vic;19590704;1216282
org;rec-1503-org;1503;holly;de wouytch;31;wambaya crescent;yarrabin;toowoomba;3184;vic;19230716;2106991
org;rec-1792-org;1792;thomas;negri;22;fullagar crescent;belaradah;glendale;2747;nsw;19630127;4200634
org;rec-1717-org;1717;jake;bullock;18;arnold place;sherwood;casino;2450;qld;19661225;8194054
org;rec-2068-org;2068;hayden;bullock;13;nanson place;waraba;minlaton;3215;qld;19361128;5936180
org;rec-1837-org;1837;isabella;dietrich;35;mclaren crescent;;woodcroft;5042;vic;19411026;1401173
org;rec-620-org;620;chelsea;ryan;101;glencross street;woodleigh;pimlico;2170;nsw;19691005;5559150
org;rec-3322-dup-0;3322;bailey;moyse;28;heagney crescent;;surrey hills;5109;qld;19730713;6063290
org;rec-3915-org;3915;lucy;maynard;134;boree place;brick house;holden hill;3331;sa;19890430;9029383
org;rec-370-dup-1;370;sarah;clarke;;brigden crescent;numby;oakleigh;7400;nsw;19510816;8647218
org;rec-1672-dup-0;1672;huxley;samant ha;4;biddel lplace;sec 231;elsterbwick;3942;qld;19961113;3563983
org;rec-3127-org;3127;zebediah;;53;vonwiller crescent;tricorne (cnr scone r road;milperra;2154;qld;19010623;9902615
org;rec-3893-org;3893;reuben;humpreys;19;gollan street;phillip lodge;west wyalong;2615;nsw;19590331;8596661
org;rec-3293-org;3293;sachin;every;121;kavel street;tullimbah inn;windang;2640;vic;19010512;4343117
org;rec-2534-org;2534;millie;harrington;31;boronia drive;fairbank;artarmon;4885;vic;19530820;8896233
org;rec-2749-org;2749;thomas;chubb;11;cochrane crescent;tochra;mount eliza;3141;vic;19710722;2661146
org;rec-3431-org;3431;casey;clarke;4;gamban square;walkers orchard;robina;2140;vic;19901218;9615102
org;rec-333-org;333;charlie;gigney;21;alford place;pennymuir;wangaratta;4212;nsw;19650203;2501210
org;rec-2158-org;2158;laura;vick;11;hattersley court;carlyle gardens woongarra;sea lake;2627;nsw;19201204;7523280
org;rec-3357-org;3357;fraser;kuma;8;meldrum street;greenpatch;mosman;4006;nsw;19440229;2245126
org;rec-462-org;462;angelica;green;39;winser crescent;millard centre;normanton;2040;wa;19460604;4600970
org;rec-2891-dup-0;2891;;campbell;2;pogney place;boonsville;merignur;3121;qld;19740507;3169177
org;rec-857-org;857;nell;quilty;881;millynn road;north stirling downs;warrandyte;4818;qld;;5671795
org;rec-458-org;458;matthew;humphreys;46;duigan street;tulliallan;narellan;2076;qld;19141218;3978037
org;rec-2033-org;2033;;de boar;19;severne crescent;torquay;avoca north;3073;vic;19010721;9005916
org;rec-3356-org;3356;tess;hawes;7;newlop street;rich meadows;stockton;2347;qld;;9673623
org;rec-486-dup-0;486;reid;grace;7;river street;killarney;windang;2443;nt;19060130;4156933
org;rec-448-org;448;lynton;slape;47;mura close;glenavon;dianella;3895;qld;19491228;8553698
org;rec-2889-dup-2;2889;naomi;dinnison;;van praag place;the homestead;walaln;2360;vic;19660205;9606221
org;rec-2649-org;2649;sophie;fenwick;282;george street;rosedale;boort;5251;qld;19751031;5681971
org;rec-1745-dup-1;1745;bailee;mccarthy;15;tubb place;henry kendal l bayside;belgrave;6158;vic;19880721;9821084
org;rec-2704-org;2704;kyle;hanna;17;white crescent;mudhill;wokalup;5066;vic;19790403;2366967
org;rec-1884-org;1884;;haren;30;northbourne avenue;salimtal;kyeemagh;3136;qld;19561201;6156013
org;rec-1826-org;1826;riley;staunton-smith;45;ashby circuit;rooganore;port macdonnell;2196;vic;19680618;1220542
org;rec-2673-org;2673;michaela;rees;7;crawford crescent;freonbrae;tamborine;3437;nsw;19081231;5048102
org;rec-1681-org;1681;brodie;warbroek;281;colmer street;rivonia;lennox head;7250;vic;19230623;4738953
org;rec-2781-org;2781;bianca;white;279;broadsmith street;braeburn;wangaratta;4034;;19100520;1276547
org;rec-3802-org;3802;jordan;belling;16;foott street;berkeley vlge;coldstream;3844;nsw;19970201;2813048
org;rec-3821-org;3821;megan;nicolle;6;beetaloo street;public building;raceview;2567;nsw;19410916;9252504
org;rec-3017-org;3017;alannah;reimers;192;buvelot street;kincumber nautical vlge;edenhope;2830;wa;19800410;8710090
org;rec-1510-org;1510;kirra;beaumaris;10;garratt street;dudley specialist medical centre;ashfield;2290;qld;19810427;5470242
org;rec-2984-org;2984;zac;gilbertson;44;knights road;moonah;south melbourne;2011;sa;19670817;8537139
org;rec-1093-org;1093;benjamin;harrington;7;bargang crescent;kybo station;kialla west;4810;qld;19160921;3698223
org;rec-2629-org;2629;julia;bishop;14;ranken place;kia-ora cottage;dalby;2574;nsw;19661012;8085664
org;rec-3073-org;3073;imogen;campbell;103;sweet place;clifden;coolaroo;3183;tas;19421210;5865906
org;rec-1270-org;1270;leo;scarabotti;16;john close;como;cowra;2284;qld;19051013;2246319
org;rec-3600-org;3600;jordan;clarke;;caldwell street;nordale farm;buff point;3079;nsw;19530802;5335411
org;rec-2916-dup-1;2916;joshua;bowerjan;23;wray place;;dapto;6066;qld;19320417;1991321
org;rec-3936-org;3936;ashton;chandler;165;batman street;robertson barracks;toowoomba;6152;nsw;19720904;8845920
org;rec-1964-org;1964;alexander;weavell;112;sherwood garden;broadford;gol gol;2076;qld;19210905;4152651
org;rec-2599-org;2599;riley;di domenic;265;boolee street;;penshurst;2428;nsw;19731009;7431616
org;rec-3236-dup-1;3236;briana;richardon;85;warrai place;kooraegulla;orange;4077;qld;19110323;5030053
org;rec-1943-org;1943;tara;bansemer;3;wark street;athlone;leichhardt;7011;qld;19191231;1701634
org;rec-1964-dup-1;1964;alexander;weavll;112;sherwood garden;;pakenham;2076;qld;19210905;4152651
org;rec-3589-org;3589;rachel;robson;120;gunyan place;rockedale shopping vlge;cabramatta;2617;wa;19211115;5685939
org;rec-441-org;441;arabella;thorpe;2;bennelong crescent;glenairne;narellan;3024;nsw;19501224;3937685
org;rec-2787-org;2787;katharine;feeley;181;boolimba crescent;abbie hae;segenhoe;3227;vic;19750819;5490194
org;rec-3942-org;3942;polly;beerbiuum;7;dacomb court;glenachcrawne;belmont;2537;nsw;19151216;1599894
org;rec-424-org;424;abbey;shepherd;15;girdlestone circuit;glen-airli;sunshine;3241;nsw;19150602;1572614
org;rec-3980-org;3980;logan;webb;19;hearn street;wattle place;walgett;2845;vic;19860602;5780215
org;rec-3224-org;3224;brooke;glass;294;durville crescent;roskhill;sunnybank;3690;nsw;19160326;7677322
org;rec-1437-dup-2;1437;hanigan;bryce;8;dickinson street;camara;dayboro;3387;qld;19300607;3330344
org;rec-57-org;57;gabrielle;rundle;;morgan crescent;;thornlie;3178;qld;19261230;4426085
org;rec-434-org;434;jade;berry;94;blowering street;stonehenge;kingston;2382;vic;19530623;3448596
org;rec-3449-org;3449;callie;walls;33;captain cook crescent;narellan court;burpengary;3146;nsw;19160730;7476680
org;rec-433-org;433;jasmine;crews;10286;shepherdson place;locn 5940;hinchinbrook;4702;vic;19200206;3396389
org;rec-3053-org;3053;maya;campbell;16;walu street;;cairns;2650;qld;19851028;2156545
org;rec-662-org;662;lewis;pettingill;3;loureiro street;st francis village;boggabilla;2747;vic;19830924;6983058
org;rec-2237-org;2237;noah;;9;leane street;peppercorn lodge;avondale heights;4127;wa;19351124;3457516
org;rec-1325-org;1325;millane;scougall;75;norman street;ra 31;cabramatta;2082;act;19721004;4107733
org;rec-2104-org;2104;amy;green;39;blyth place;allunga;ryde;2170;qld;19460426;1994142
org;rec-104-org;104;amelia;smithson;90;armstrong crescent;briardale;woree;7320;nsw;19440826;9257736
org;rec-370-org;370;sarah;clarke;;brigden crescent;numby;oakleigh;4700;nsw;19510816;7333388
org;rec-1634-org;1634;mitchell;atsalas;6;dore court;kingway tourist park;walgett;2166;wa;19160725;7893530
org;rec-3422-org;3422;tansy;pawliszyn;120;port jackson circuit;eden park;frankston;3056;act;19920724;8465130
org;rec-1193-dup-2;1193;fergus;stingle;4;pieman crescent;wandatri;surry hills;2370;nsw;19120813;3795965
org;rec-3465-org;3465;kelsea;maynard;99;bick place;retirement village;cronulla;2205;vic;19641102;4572581
org;rec-1943-dup-1;1943;tara;bansrmer;3;wark street;athlone;beelbangera;7011;qld;19191231;1701634
org;rec-2876-org;2876;jasper;cloke;29;norris street;gsala view;ballina;2229;vic;19820315;8005067
org;rec-1055-org;1055;joshua;berry;1;dann close;rosetta village;clifton springs;6050;vic;19900407;7968527
org;rec-2858-org;2858;jesse;white;7;debenham street;shallow crossing;andrews;7004;nsw;19980808;4747806
org;rec-160-org;160;amber;paterson;129;weetman place;masonic retirement village;anglesea;4007;qld;19211125;4604753
org;rec-2555-org;2555;mia;hare;62;berra close;ainslie house;tanilba bay;3280;nsw;19480615;7670584
org;rec-2180-org;2180;lucas;campbell;436;parkhill street;villa 213;berwick;4350;qld;19600423;9580638
org;rec-2951-org;2951;lauren;mason;4;linger place;cantlay farm;bangor;7250;nsw;19490704;6795599
org;rec-1128-org;1128;jay;beattie;66;;abbey fields;gorokan;3181;vic;19980307;5005298
org;rec-3576-org;3576;benjamin;mcvey;48;boronia drive;acton road;singleton heights;3345;wa;19980411;6412593
org;rec-112-dup-0;112;joshua;rudd;78;max henry vrescent;brentowo d vlge;port douoglas;2335;vic;19951125;1697892
org;rec-3908-org;3908;liam;edmonston;17;aldcorn place;sec 231;dianella;4019;wa;19710405;7545774
org;rec-3620-org;3620;kane;leaver;15;oxley street;wild cattle island;paddington;3805;nsw;19300519;5469272
org;rec-2879-dup-1;2879;kilby;chelsea;58;;thuruna;geelong west;3163;qld;19940503;8676751
org;rec-1358-org;1358;heath;leszczynski;394;wuruma place;;highton;2756;qld;19910808;1915752
org;rec-620-dup-1;620;chelsea;ryan;101;glencross street;woodleigh;pimloco;2170;nsw;19691005;7826225
org;rec-2662-org;2662;georgia;wilde;12;miller street;frogs gully;castlemaine;4872;vic;19840625;3545737
org;rec-2596-org;2596;nicholas;nguyen;28;hamelin crescent;leisure living vlge;cremorne;2050;nsw;19310908;3258823
org;rec-397-org;397;mitchell;autengiuber;39;tipiloura street;montado;norwood;2530;tas;19730915;1356979
org;rec-1528-dup-1;1528;makenzi;tiefenbach;16;foskett street;;crookwell;2452;vic;19110813;7680943
org;rec-3447-org;3447;peter;manfield;26;fuhrman street;;canterbury;2077;nsw;19881223;3052529
org;rec-35-org;35;darcy;morrison;36;lewis luxton avenue;the mews royal hotel bldg;cooks hill;3108;nsw;19170212;6145184
org;rec-3987-org;3987;livia;clarke;35;antill street;danric lodge;pennant hills;2299;nsw;19040313;2846313
org;rec-3364-org;3364;bailey;webb;183;st john crescent;clarence village;caulfield north;3936;vic;19561227;4459095
org;rec-525-org;525;benjamin;morrison;13;mccubbin street;killarney park;west swan;2113;nsw;19910607;3890000
org;rec-979-dup-1;979;finla;bezos;;wheeler cescent;robertsonb arracks;wanneroo;2114;nsw;19661231;2051940
org;rec-1410-org;1410;jayme;parr;2;clive steele avenue;henry kendall hostel;hoskinstown;2770;nsw;19140228;5840194
org;rec-808-org;808;charli;spears;27;bugden avenue;locn 306 molinara farm;wantirna;4103;nsw;19211108;6198295
org;rec-1293-org;1293;konstantinos;wasley;65;fincham crescent;old comara;koroit;3174;nsw;19250123;7714309
org;rec-564-org;564;harrison;smeaton;60;earle place;oaklands village;mitcham;3137;wa;19450526;2030162
org;rec-2061-org;2061;bailley;white;138;margany street;inglewood;ascot;2133;sa;19601102;7930100
org;rec-2542-org;2542;kiarnee;sherriff;4;freda gibson circuit;greenslopes;ballarat;3135;qld;19770325;4491067
org;rec-431-dup-1;431;tahlia;kuras;110;milson srteet;torbanlea;lateobe;3764;nsw;19351124;6986890
org;rec-1124-org;1124;aimee;lansdell;24;calvary clinic;whispering pines;dianella;4350;vic;19980609;9393057
org;rec-2813-org;2813;kimberley;rosborough;59;clubbe crescent;gillin park;maryborough;4207;vic;19681107;2142532
org;rec-3568-org;3568;hayden;havriluk;13;nulsen circuit;house 8;woodglen;2137;qld;19421113;6855850
org;rec-3761-org;3761;mitchell;ploughman;16;barron street;jingara;pinnacle;6061;vic;19480128;3205234
org;rec-2139-org;2139;kye;fullgrabe;222;elkington street;kenbar;wangi wangi;2112;vic;19750201;8592998
org;rec-1791-org;1791;alannah;rosato;44;city walk;break water mariner;ascot vale;7006;sa;19010503;7999454
org;rec-455-dup-2;455;fergus;lowe;4;golden gr ove;;erindaoe;5118;wa;19640522;1653650
org;rec-517-org;517;nicholas;matthews;26;yampi place;villa 3;greenwood;2089;nsw;19920917;3063954
org;rec-2103-org;2103;alyssa;;5;jacob place;bluegum;west lakes;3660;qld;19010520;9135518
org;rec-1052-dup-0;1052;speight;riley;35;daley crescent;st john of gd hospital;;2750;wa;19510627;1975078
org;rec-595-org;595;liam;gogel;20;coolibah crescent;springdale;lilydale;2222;nsw;19601005;8623889
org;rec-3485-org;3485;thomas;;1;abrahams crescent;kalinda park;windang;2876;vic;19460608;6694647
org;rec-945-org;945;krystin;mason;23;meiklejohn place;st francis vlge;hilltown;2821;vic;19980107;6413037
org;rec-2491-org;2491;timothy;blenkle;407;rosebery street;;berkeley vale;4118;qld;;8673594
org;rec-2126-dup-1;2126;hugh;smallacombe;126;salsola street;merrilea;spearwood;6530;vic;19210508;6760867
org;rec-1486-org;1486;jessica;moog;8;bulcock place;graylands;south casino;4210;nsw;19580213;4416437
org;rec-1494-org;1494;connor;waller;4;heard street;;tea tree gully;3054;nsw;19920511;3849120
org;rec-1426-org;1426;chantelle;collinson;157;namatjira drive;top edge;tennant creek;4129;nsw;19150508;4785333
org;rec-3369-org;3369;dylan;vincent;626;gooromon ponds road;mt gravatt residence;plympton south;6157;nsw;19860203;3039209
org;rec-2857-org;2857;mollie;jervis;277;tyson street;sun city resort;potts point;4626;vic;19280217;1975858
org;rec-2090-org;2090;sophie;naumoska;31;davenport street;the lodge;tweed heads south;3140;nsw;19020801;9312859
org;rec-1045-dup-2;1045;eloise;singleton;31;stephen wrtreet;salimtal;payneham;3204;vic;19800521;3292852
org;rec-579-org;579;emma;eves;1;girdlestone circuit;rajamare;glenmore park;4051;vic;19830127;2341624
org;rec-2025-org;2025;zachary;ballantyne;11;popplewell place;eureka;concord west;2340;vic;19281012;5759274
org;rec-3615-org;3615;tynan;blackwell;16;gamor street;nelgrove park;cronulla;4500;qld;19520515;2732801
org;rec-1540-org;1540;sarah;lock;57;florey drive;kolora;lakemba;4271;vic;19600825;2108583
org;rec-2736-org;2736;caitlin;noble;69;nangi place;philip centre;carnegie;4570;tas;19911102;3607478
org;rec-2663-org;2663;ashleigh;shelley;1;boddington crescent;;north sydney;6063;qld;19761010;9648845
org;rec-1550-org;1550;sian;coleman;43;chewings street;fl 3;bundaberg;2770;qld;19640530;9802206
org;rec-3483-org;3483;lukas;eyles;63;moroak street;uranbah;casino;2530;qld;19010122;6338954
org;rec-2035-org;2035;thomas;;7;girdlestone circuit;rosetta village;toorloo arm;3910;nsw;19390212;4171191
org;rec-2135-org;2135;jessica;smallacombe;66;notting court;moonabba;bundanoon;2077;sa;19420703;9622378
org;rec-2747-org;2747;macormack;white;26;sexton street;lansdowne;peakhurst;3197;qld;;4306622
org;rec-2029-org;2029;vanessa;reid;6;battersby circuit;ashleigh house bergen court;cranbourne;3132;nsw;19460905;5779612
org;rec-41-org;41;benjamin;verner;50;eggleston crescent;the burrows;carrara;6163;tas;19570409;8143576
org;rec-422-org;422;kasey;george;130;edwards street;brentwood village;beverly hills;2500;tas;19040211;9794213
org;rec-511-org;511;anita;theodore;;nemarang crescent;wallerwaugh;cromer;5013;qld;19640519;4941384
org;rec-1626-org;1626;joshua;whiteley;30;warrego circuit;knox retirement village;rocklea;3759;tas;19220921;7659040
org;rec-302-org;302;christina;neville;47;martley circuit;the ponderosa;plumpton;3130;vic;19500201;7600626
org;rec-544-dup-1;544;cooper;holland-ddukes;99;noble close;st francis village;;2443;qld;19040414;2142191
org;rec-2036-org;2036;christian;collier;36;tyenna close;highfields medical centre;rosslea;5048;nsw;19490526;3396959
org;rec-2059-org;2059;michael;frahn;159;totterdell street;rosedale;trevallyn;3555;act;19121006;8309924
org;rec-883-org;883;malakai;lehane;13;campbell street;blueberry hill;west kempsey;4068;wa;19270920;9778667
org;rec-1045-org;1045;eloise;singleton;31;redfern street;salimtal;payneham;3204;vic;19800521;3292852
org;rec-2311-org;2311;madison;clarke;220;mckinley circuit;jeir park;kalamunda;3500;nsw;19211006;3639827
org;rec-1279-org;1279;sara-louise;fabbro;54;;tesbury;carrara;3820;nsw;19471110;3786387
org;rec-323-org;323;beau;spicer;199;bimberi crescent;rainbow park rp 8965;sunshine;3155;vic;19770529;1548361
org;rec-2843-org;2843;ellie;caruana;34;carr crescent;cinema centre bldg;highton;3168;vic;19111027;2983493
org;rec-596-dup-0;596;desllva;jasper;15;sangster place;cambodya;;3023;wa;19310208;9195663
org;rec-957-org;957;hannah;browne;8;edmondson street;janefield;brunswick west;2622;qld;19030403;2463000
org;rec-2851-org;2851;shana;hope;24;burkitt street;warra view;carnegie;3214;qld;19760709;2091042
org;rec-3255-org;3255;breony;robson;26;herron crescent;rivergum van park;bargara;4109;nsw;19780305;1357926
org;rec-1060-org;1060;sophie;ryan;64;flack street;riverside park;castlemaine;4342;nsw;19900827;6493713
org;rec-3353-org;3353;liam;sarossy;26;gungurra crescent;st francis vlge;warilla;3199;sa;19841109;1119316
org;rec-186-org;186;james;matthews;;halford crescent;winteriga;goonellabah;2050;nsw;19340116;9897342
org;rec-3566-dup-0;3566;lucy;webl;10;tenison-wodos circuit;berkeley village;moe;2288;vic;19910223;6807130
org;rec-3864-org;3864;ayla;garden;28;binya place;rosehill;noble park;2560;act;19490611;2790836
org;rec-3948-org;3948;oscar;ongley;82;jansz crescent;;seven hills;2752;tas;19300710;7282350
org;rec-3381-org;3381;charlie;colquhoun;67;federal highway;villa 19;sunnybank;3153;sa;19660126;8473682
org;rec-64-org;64;george;white;;hoadley street;;bayswater;3040;vic;19501126;2392222
org;rec-480-org;480;hugo;neumann;102;henty street;carrington retrmnt vlge;;2333;nsw;19100620;7964236
org;rec-1745-dup-0;1745;bailee;mccarthy;;tubb place;glenabon;ryde;6185;vic;19230520;9821084
org;rec-1273-org;1273;ruby;fitt;200;;;orange;3134;vic;19900809;9921520
org;rec-1195-org;1195;cameron;clarke;48;castleton crescent;phantom ranch;mitcham;6150;wa;19821122;2326732
org;rec-3175-org;3175;yana;curry;11;morrison street;huntlywood;terrigal;4301;nsw;19501215;1307757
org;rec-2548-org;2548;;van de kamp;;rylah crescent;durambang;northbridge;3172;qld;19530814;3613735
org;rec-2302-org;2302;oliver;martinic;155;currie crescent;denny downs;bundeena;4075;nsw;19410630;7963593
org;rec-3129-org;3129;daniel;bishop;49;ibis street;brentwood vlge;maryborough;4556;nsw;19490725;1055497
org;rec-486-dup-1;486;grace;reid;7;river street;;windang;2443;nt;19060130;4156933
org;rec-1543-dup-1;1543;kyle;novotny;86;mahon place;rowethorpe;rose bay;4170;qld;19170401;3910434
org;rec-2758-org;2758;blake;mason;41;dalrymple street;sunnybank garden;woree;4122;qld;19501110;6027819
org;rec-1573-org;1573;chloe;pinto;36;walu street;;eastwood;2029;nsw;19481020;7461696
org;rec-2141-org;2141;zac;vorrasi;6;letters street;;biggera waters;4615;nsw;19230417;1748975
org;rec-3515-org;3515;aidan;michelmore;9;howitt street;wollangambe;buninyong;3198;qld;19890419;7767759
org;rec-1554-org;1554;travis;mitchel;13;northbourne avenue;hse 42;caulfield;6065;qld;19520519;1445582
org;rec-2575-org;2575;ellen;hemmings;415;berra close;marooda stud;preston;2072;vic;19680411;6755432
org;rec-1102-org;1102;layla;lante;25;galbu place;camden;coonabarabran;6110;nsw;19570430;5309135
org;rec-3086-dup-0;3086;owen;allik;59;davidstreet;kyree;bellmont;2145;qld;19571012;7593251
org;rec-2744-dup-0;2744;aidan;broughn;40;ryrie street;creekside cottage;smithfield;2135;nsw;;7500055
org;rec-1030-org;1030;benjamin;adair;24;wollaston place;jemalong retrmnt vlge;redbank plains;4700;vic;19050907;7867478
org;rec-2757-org;2757;benjamin;thorpe;9;ahern place;rosetta village;pinjarra;3175;nsw;19310104;2585810
org;rec-1519-dup-0;1519;jade;ulrick;4;julia flynn avenue;yoorana;cabramtta;2545;nsw;19210119;7244498
org;rec-1442-dup-0;1442;erin;patetson;5;aspinall s treet;;albion park;4814;qld;19481126;5219471
org;rec-1144-org;1144;jake;tuckwell;30;maclachlan street;melrose farm;orange;6054;vic;19291124;2015262
org;rec-527-dup-1;527;alicia;reid;12;kater place;;bulimba;3350;qld;19820427;6164520
org;rec-344-org;344;ethan;brooker;20;rounsevell street;egerton;the entrance north;4680;wa;19880618;1584458
org;rec-1894-org;1894;ruby;reid;8;throsby crescent;;paralowie;6312;vic;19250929;9951759
org;rec-3681-org;3681;archer;hingston;4;connor place;inglewood;arundel;5089;qld;19611130;7946258
org;rec-1730-org;1730;chloe;de sciscio;21;larcombe crescent;muralappi;lilydale;4101;qld;19110820;5891466
org;rec-17-org;17;georgia;nguyen;221;hanretty place;narraburra lodge;hawkwood;4109;nsw;19620311;6166273
org;rec-1362-org;1362;jamie;trent;90;namatjira drive;eventide homes;bayonet head;2628;qld;19380523;2759458
org;rec-1745-org;1745;bailee;mccarthy;15;tubb place;glenavon;belgrave;6158;vic;19230520;9821084
org;rec-198-org;198;alia;tunstall;12;blamey crescent;billycreek farm;phillip;3688;wa;19880120;7538513
org;rec-3138-dup-0;3138;dixon;cale;11;wanderer court;;tarragindi;4012;vic;19701025;5152948
org;rec-3272-dup-4;3272;trey;held;19;holman street;kookaburray village;peregian beach;5266;nsw;19520113;6172652
org;rec-2545-dup-0;2545;tara;ryan;10;sumnerplace;arlin tgon;kingsford;6155;vic;19210427;4694259
org;rec-1735-org;1735;toby;mcvilly;2;allott place;loccn 7229;coldstream;3193;vic;19731125;5292300
org;rec-3797-org;3797;freya;canton;9;lyttleton crescent;riversdale caravan park;bourke;2250;nsw;19990804;3042449
org;rec-201-dup-3;201;caitlni;goode;72;yuranigh court;gummy gully;maryborough;5048;nsw;19020814;9528295
org;rec-3484-org;3484;joel;green;42;mighell place;st james;hoppers crossing;4215;wa;19900427;8652393
org;rec-3361-org;3361;zachary;miels;5;morgan crescent;;yeronga;5034;wa;19111019;1158087
org;rec-1213-org;1213;amber;brangwen;1;shackleton circuit;evergreen;hackham;6707;sa;19690905;7925975
org;rec-3229-org;3229;nicholas;lette;9;keith street;brentwood vlge;moruya;5081;qld;19330827;5299189
org;rec-2389-org;2389;benjamin;wilkins;8;selwyn street;;preston west;4860;nsw;19270917;6356872
org;rec-1461-org;1461;sarah;ellston;17;sherlock street;sorrento;byford;2036;nsw;19230806;9511232
org;rec-845-org;845;rebecca;crofts;43;rosman circuit;lesma;brighton-le-sands;4820;qld;19730421;6722241
org;rec-3543-org;3543;jordan;dolan;389;kirkham place;tobruk hse;broken hill;4217;nsw;19601105;5724113
org;rec-2948-org;2948;isabelle;jolly;166;hodges street;bosmit;thornlie;3163;wa;19050126;2719590
org;rec-1768-org;1768;rhys;speight;5;hyndes crescent;scalabrini vlg;colac;4007;qld;19460101;6773164
org;rec-1920-org;1920;amy;pegg;18;mcrae place;;moree;2550;wa;19780630;1480713
org;rec-2553-org;2553;lauren;clarke;9;howe crescent;carinya lodge;centennial park;2903;qld;19791015;9001302
org;rec-1252-dup-1;1252;;steinert;9;dyett circuit;;hahndrf;3220;sa;19860209;5411723
org;rec-3649-org;3649;wil;aesche;19;perrin circuit;underwood;hawthorn;5067;vic;19370109;7592636
org;rec-1010-dup-0;1010;stephanie;wieloch;42;stone place;;north rocks;2324;vic;19180822;5883037
org;rec-834-org;834;adam;negash;42;handasyde street;apt 211;illabo;7320;vic;19991022;6651494
org;rec-2455-org;2455;chelsea;brock;;aurora close;star court arcade;ellenbrook;2533;nsw;19691205;3778924
org;rec-1866-org;1866;nicholas;wisby;11;staunton place;the lodge;ballarat;4218;vic;19791005;3723611
org;rec-32-org;32;teagan;faull;55;mcwhae circuit;yarrabee;bouvard;6168;wa;19010802;9148303
org;rec-501-org;501;oliver;lombardi;3;lhotsky street;valencia park;thornlie;2880;qld;19160110;8487767
org;rec-2501-org;2501;;apted;45;tuck place;;cooroy;4822;vic;19700603;6992181
org;rec-164-org;164;christian;manson;1;martens crescent;caprice;corio;5251;nsw;19790516;8216634
org;rec-218-dup-2;218;alice;morrison;153;rosebery gstreet;heritagemanor est;port macquarie;5075;vkc;19880610;1896150
org;rec-3565-dup-0;3565;bethanie;priest;15;musgrave street;geebnng;blacktown;3675;nsw;19950922;5033370
org;rec-2184-org;2184;lachlan;meaney;53;stuart street;;collie;4213;vic;19540706;5065678
org;rec-2901-org;2901;joshua;stephenson;87;mataranka street;unt 3;bundaberg;3184;vic;19600912;8847803
org;rec-123-org;123;thomas;mcmullen;12;anne clark avenue;dennington;paralowie;3943;qld;19580414;1472827
org;rec-1340-org;1340;dakota;eves;32;hutchison crescent;bullarook park stud;barwon heads;3162;nsw;19870106;5350965
org;rec-2437-org;2437;brianna;riding;530;musgrave street;paddington place;new farm;2516;vic;19110206;5738499
org;rec-1336-org;1336;tiana;daronco;;strehlow place;canberra centre;wahroonga;3249;vic;19440526;2860658
org;rec-1974-org;1974;caitlin;berry;267;;oakdale;ashford;4171;qld;19961105;8330726
org;rec-2846-dup-2;2846;jack;dunstone;62;beaurepaijr crescent;ewinga;burwood east;3690;nsw;19040718;3406398
org;rec-1594-dup-0;1594;jassim;bahgat;4;meares place;silver shore qa cravan park;condon;3037;qld;19031021;5434533
org;rec-1993-org;1993;isabelle;clarke;78;tristania street;bayview towers;sanctuary point;2250;wa;19640312;9935714
org;rec-2130-dup-0;2130;chloe;manson;91;dominion circuit;;toosoomba;2287;nsw;19480218;7184074
org;rec-600-org;600;hannah;wang;87;ashkanasy crescent;wildefell;st kilda east;3173;nsw;19370227;4465115
org;rec-38-org;38;isabella;yu;50;charteris crescent;banyula retirement village;bassendean;3061;qld;19621114;7333955
org;rec-947-org;947;timothy;haar;5;currie crescent;;malvern;7250;wa;19020213;8777184
org;rec-2250-org;2250;elizabeth;epari;1;stewart crescent;tallinga park;sheffield;6030;vic;19090414;6234709
org;rec-3765-org;3765;michelle;everett;176;rivett street;;west wollongong;3280;nsw;19510721;2692768
org;rec-3854-org;3854;joshua;imgraben;3;currong street;citi centre;taringa;2350;nsw;19951105;3130101
org;rec-1629-dup-0;1629;abbry;purtell;206;lomatia place;northbank caravan park;seymour;4130;nsw;19540518;4803304
org;rec-2145-org;2145;ellie;de sciscio;34;syme crescent;;naremburn;4350;qld;19250303;5015428
org;rec-3678-org;3678;holly;golder;16;investigator street;kings apmts;ardrossan;2560;nsw;19151123;2668002
org;rec-731-org;731;ethan;lock;;serra place;shadoof lodge;mount nathan;4034;vic;19410811;1404484
org;rec-1578-org;1578;logan;chandler;99;sargeant place;yarrambah;mosman;2260;qld;19900929;6090598
org;rec-3374-org;3374;brooklyn;gowling;60;ellwood crescent;brokenspoke;scarborough;3122;qld;19361227;9354039
org;rec-3301-dup-3;3301;matilda;madugan;28;john cleland crescent;ponderossa;westfield;2135;tas;19301107;5084817
org;rec-1544-dup-1;1544;rees;india;25;waterfield place;john flynn m edical centre;brunswick west;5014;qld;19400318;1262198
org;rec-3873-org;3873;brianna;campbell;125;strzelecki crescent;argyle village;dorrigo;4306;act;19040616;8403198
org;rec-1975-org;1975;kayla;jolly;24;hawdon street;;alice springs;2350;nsw;19040926;4187766
org;rec-1020-org;1020;hana;browne;76;haly place;rosebery hill;gordonvale;4215;vic;19190415;4851919
org;rec-1666-org;1666;caleb;charman;55;wettenhall circuit;garden settlement;waterloo;2319;nsw;19980604;2594163
org;rec-1885-dup-0;1885;jemmah;ryan;175;attiwell cibrcuit;medical centre;old bar;2170;tas;19080812;1482721
org;rec-1650-org;1650;lauren;thorpe;11;downard street;;coolum beach;5127;qld;19880913;8477543
org;rec-496-org;496;tyrone;mislov;65;pandanus street;;bridgeman downs;2035;wa;19940829;4660450
org;rec-1431-org;1431;benjamin;boyle;44;balonne street;marina one;frankston;4221;nsw;19841019;4719624
org;rec-3498-org;3498;alana;webb;7;namadgi circuit;oora park;hoppers crossing;3186;qld;19970516;9456687
org;rec-470-org;470;benjamin;white;50;dann close;yackatoon rtrmnt vlge;north ryde;2250;nsw;19160905;2192670
org;rec-2296-org;2296;aimee;parkitny;7;burdekin avenue;greenbushes-boyup;warneet;2340;vic;19101225;8544642
org;rec-1368-org;1368;alana;brammy;167;newlop street;glenavon;mcmahons point;2611;nsw;19030212;5844282
org;rec-2616-org;2616;;webb;19;fred williams crescent;palm lake resort;mullumbimby;2577;vic;19841225;3682180
org;rec-2790-org;2790;barnaby;hand;17;julia flynn avenue;glenross;para hills;3116;vic;19170607;5375355
org;rec-3426-org;3426;shelbey;hanna;95;burkitt street;villa 724 henry kendall vlge;dirranbandi;3414;nsw;19240126;6563591
org;rec-2178-org;2178;emiily;magnusdottir;1;eggleston crescent;rowethorpe;forbes;4011;vic;;4559725
org;rec-3688-org;3688;;;68;mcmanus place;rowethorpe;laverton;3190;vic;19151024;5706721
org;rec-267-org;267;shelbey;reimers;1322;;waraba;castle cove;2320;qld;19640109;5331282
org;rec-459-org;459;joshua;reid;;southern cross drive;bowen park;parramatta;4165;qld;19600908;6202841
org;rec-2429-org;2429;grace;morrison;82;brigden crescent;the willows;new farm;6233;qld;19710909;1081266
org;rec-3976-dup-2;3976;tara;greemn;34;marston place;;point cook;4807;vic;19860816;4388415
org;rec-2977-org;2977;max;rolins;418;buvelot street;jarroo;kununurra;5086;act;19510128;7142314
org;rec-1597-org;1597;isabella;nguyen;27;finlayson place;northern tablelands tennis academy;flora hill;2042;vic;;7781922
org;rec-147-org;147;natalia;herbert;171;degraves crescent;camusfearna;maude;6163;nsw;19910530;8559231
org;rec-3478-org;3478;eliza;astley;39;greene place;loyt 19;coolaroo;2430;tas;19190330;5908975
org;rec-2384-org;2384;kaitlin;ryan;3;woronora street;swanlea;northgate;2151;vic;19290605;7545389
org;rec-2532-dup-1;2532;hare;tabitha;51;leslie street;;murrayb tidge;6223;qld;19340325;7789403
org;rec-742-org;742;amy;jolly;24;freshford;karlea;hoppers crossing;7170;tas;19170228;1175782
org;rec-3301-org;3301;matilda;madigan;28;john cleland crescent;ponderossa;westfield;2135;tas;19301107;5084817
org;rec-842-dup-0;842;joe;clarke;172;crowder circuit;the mall springwood;blackburn north;4021;nsw;19920410;5126609
org;rec-253-org;253;brock;dixon;30;bannerman place;willandra;ballarat;2144;qld;19431111;5526877
org;rec-3445-org;3445;thomas;nadels;6;cossington smith crescent;kyeema;sunshine;4701;vic;19541226;2219723
org;rec-73-org;73;christopher;hering;82;raymond street;park trees vlge;springwood;2357;qld;19261025;6221188
org;rec-2140-org;2140;harry;noble;72;allan street;karinga park;narellan;3128;wa;19690920;1023892
org;rec-882-org;882;alex;brazzalotto;44;lanley square;council accomm;warnbro;3167;vic;19971201;8518170
org;rec-2377-org;2377;toby;bahnisch;20;braine street;rp 155232;sandy bay;3758;vic;19140610;8941270
org;rec-2278-org;2278;chloe;devin;54;phillipson crescent;rockview;concord;2041;wa;;5279472
org;rec-3786-org;3786;jackson;noack;80;lee-steere crescent;winchester;forest hill;3340;nsw;19130626;5871183
org;rec-2457-org;2457;;large;27;kirkland circuit;tintagel;mosman;2612;nsw;19711221;8964209
org;rec-3824-org;3824;shandril;portlock;4;broadsmith street;wyoming park;carrum;2530;wa;19170409;4396645
org;rec-3760-org;3760;tommy;geraghty;22;burkitt street;ellerside;hoppers crossing;7255;nsw;19610813;6310752
org;rec-2165-org;2165;declen;kuzmycz;19;damala street;marjidin;burwood;5290;nsw;19070303;7689618
org;rec-26-org;26;aaron;reid;4;sladen place;alblas hostel;tarragindi;2155;nsw;19620109;7214615
org;rec-1605-org;1605;samuel;hannink;3;beazley crescent;cambalong;berriedale;4506;nsw;19820708;6386537
org;rec-336-org;336;jade;;5;atherton street;moyola;trigg;6168;tas;19750803;4049914
org;rec-639-dup-1;639;charlotte;allchin;37;alphard place;wallaroi west;dimbopla;4815;sa;19261018;2454246
org;rec-3282-org;3282;felicity;bishop;1;rossarden street;lyndon caves;bunbury;4818;act;19380215;5313190
org;rec-566-org;566;emma;rauch;32;temperley street;mogo goldfields park;quorn;2455;nsw;19110311;6650874
org;rec-3100-org;3100;mitchell;ryan;7;forwood street;diamond place;robina;2284;nsw;19330202;2436644
org;rec-3828-org;3828;kirra;lavender;214;kilby crescent;fairbank;suffolk park;3195;qld;19910715;9925790
org;rec-2309-org;2309;jacqueline;nguyen;19;david street;craiglyn;sale;2528;vic;;8412978
org;rec-1432-dup-1;1432;ella;rawlings;51;therry place;;wynyad;3151;nsw;19870312;1757892
org;rec-1434-org;1434;joe;white;25;dryandra street;ellanbah;burwood;2204;vic;19140217;8103556
org;rec-3026-org;3026;madison;rabbitt;21;logan street;the gums;devonport;5068;sa;19770410;2156426
org;rec-2691-dup-1;2691;harley;bizjak;8;roughsey place;conmarra;dover gardens;3047;qld;;2461092
org;rec-3275-org;3275;charles;toseland;5;ossa place;maroochy palms;forestdale;2646;qld;19010614;6693103
org;rec-1272-org;1272;jordan;ryan;94;casson street;middle earth;kirrawee;2121;qld;19410429;5669443
org;rec-598-org;598;ella;rankine;16;kidston crescent;tulse hill;daisy hill;7008;vic;19900807;7514382
org;rec-2363-org;2363;william;mason;79;dooring street;homewood;coober pedy;3444;nsw;19550828;5883572
org;rec-3065-org;3065;timothy;webb;31;oliver street;section;st huberts island;3465;nsw;19110712;2751042
org;rec-1370-org;1370;ellie;howie;75;osburn drive;wurrami;granville;5152;nsw;19941116;2636575
org;rec-1743-org;1743;henry;clarke;157;yirawala street;mungo park;mooloolaba;4650;wa;19770413;1268681
org;rec-1847-org;1847;mitchell;berry;7;lubuma place;kookardinia;regents park;6281;sa;19020313;9690398
org;rec-3281-org;3281;harriet;blackwell;43;leahy place;danabar;frankston;2145;;19570612;3934702
org;rec-3845-org;3845;maxin;rees;6;sherwin place;thane house;mount pleasant;3909;nsw;19200115;4616738
org;rec-2801-org;2801;madison;ferris;9;hayden close;finis river;newborough east;2282;nsw;19280306;5945505
org;rec-420-org;420;erin;macgowan;3;coxen street;warrawong;cohuna;2162;nsw;19090414;9168552
org;rec-2083-org;2083;melinda;granburg;5;eddy crescent;barweng vineyard;mooroolbark;6728;qld;19100418;9800940
org;rec-3653-dup-1;3653;jacob;wilud;34;pohlman street;fig trees;raglan;3927;vic;19000320;1836769
org;rec-3933-org;3933;dylan;lowe;8;carina street;sec 791;east melbourne;2318;vic;19790809;1277799
org;rec-1083-org;1083;;stranger;189;lanne place;;mosman;2156;vic;19630601;5622272
org;rec-1594-org;1594;jassim;bahgat;4;meares place;silver shore caravan park;condon;3037;qld;19031021;5434533
org;rec-3086-org;3086;owen;allik;59;david street;kyree;belmont;2145;qld;19571012;7593251
org;rec-1535-org;1535;emma;flatman;141;onkaparinga crescent;north dara;st kilda east;3109;nsw;19800520;6057959
org;rec-1904-org;1904;kane;carbone;42;risdon place;parkside flats;san remo;4158;nsw;19781008;8437775
org;rec-1066-org;1066;ethan;selth;22;kennewell place;watchorns hill;northmead;2010;qld;19161226;4517141
org;rec-1311-org;1311;gabriella;weaver;63;meldrum street;currie park hostel;cherrybrook;4221;vic;19610408;2842697
org;rec-2859-org;2859;william;rees;10;;toowoomba;molloy island;3103;qld;19370117;7100869
org;rec-3938-org;3938;dante;highet;20;groom street;flt 10;ngunnawal;2171;nsw;19440713;6714678
org;rec-357-org;357;alexander;lombardi;19;joel place;winooka;thornlie;3000;wa;19510127;4658253
org;rec-2793-dup-0;2793;jack;leaver;11;shann place;caravnp ark;cherrybrook;4301;nsw;19900722;3018635
org;rec-2967-org;2967;sam;galgaardt;41;finey close;holmleigh;ryde;2650;nsw;19690501;2871759
org;rec-785-org;785;;burford;47;beazley crescent;rsm 849;wantirna;7250;wa;19500319;9424051
org;rec-3519-org;3519;mitchell;turale;144;grylls crescent;woodbury;freshwater;2101;vic;19661213;5616712
org;rec-1637-org;1637;benjamin;royans;3;upton street;mt drysdale;kempsey;2478;wa;19550721;2589979
org;rec-171-org;171;tori;reid;829;golden grove;cotton tree caravan park;blayney;2076;vic;19250228;6950342
org;rec-3848-org;3848;tayah;shack;7;conyers street;eulong;coombabah;5107;nsw;19470518;5844848
org;rec-2657-org;2657;robbie;gilbertson;34;rosman circuit;summer hill;raglan;6009;nsw;19150525;9773955
org;rec-2804-org;2804;kaitlin;lainez;101;port arthur street;apt 710;shoalwater;2446;vic;19710903;5748895
org;rec-15-org;15;alexander;gaden;77;alexander street;barnet brae;koroit;3131;wa;19960319;7241211
org;rec-721-dup-1;721;daniel;shepherd;33;forbes street;bishops creek;moranbah;2061;vic;19580828;7103479
org;rec-3865-org;3865;jacob;kerley;;bunker place;;plympton south;2287;qld;19540907;1292016
org;rec-2281-org;2281;lauren;lo-sapio;47;chirnside circuit;ainslie house;tweed heads;4500;nsw;19950102;7323703
org;rec-2981-org;2981;benjamin;tomney;51;summerville crescent;eden park;davistown;4226;act;19060716;5735764
org;rec-1984-org;1984;tyler;croker;14;hemmant street;urambi vlge;maryborough;4215;qld;19940312;3849361
org;rec-2321-dup-1;2321;jacqueline;white;6;appel crescent;rothwell;barcaladine;2160;qod;19210208;7690666
org;rec-2999-org;2999;thomas;miocevich;15;hart close;abbie hae;point lonsdale;2073;nsw;19911110;1941344
org;rec-768-org;768;jessica;toms;;phillip avenue;lapoinya;nicholls;2795;qld;19300725;5123746
org;rec-3982-org;3982;luke;reichardt;9;clive steele avenue;coolbellup hotel (cnr waverley r road;;2567;nsw;19261007;3012152
org;rec-1324-org;1324;tai;snell;25;loddon street;blueberry farm est;south perth;2011;nsw;19271109;7527690
org;rec-1691-org;1691;michael;drechsler;18;hodgson crescent;ocean breeze;camperdown;2540;nsw;19680706;2490175
org;rec-3949-dup-2;3949;bayden;son;4290;warrambool close;st francis vlge;blacksone;2848;qld;19281012;9100309
org;rec-1220-org;1220;kiera;menzies;7;lofty close;tallageris-demijoh;bunbury;2040;sa;19600206;4861790
org;rec-3747-org;3747;harry;scannell;65;tolmer place;twenty-third avenue pharmacy (cnr mawarr;mulgrave east;5174;act;19350415;1131584
org;rec-2122-dup-2;2122;jackson;tertipis;19;pindari crescent;fiveways;nowa nowa;2135;vic;19421209;1348284
org;rec-3390-org;3390;natalia;birindzic;34;tryon street;glenburn;abbotsford;6275;nsw;19100727;1565167
org;rec-199-org;199;madison;robson;75;hurry place;trevena;regents park;4720;qld;19030502;4530204
org;rec-2196-dup-2;2196;jack;maier;207;leah close;rosewood garden;bomaderry;3142;act;19630227;9021684
org;rec-1824-org;1824;seamus;berryman;20;bonython street;carnsdale;kogarah;2145;nsw;19600708;2363754
org;rec-1894-dup-3;1894;ruby;reid;29;throsby cerscent;;paralowie;6312;vic;19250929;9951759
org;rec-1148-org;1148;breana;wang;3;kingsbury street;forest hills;bowen hills;2067;sa;19690818;7562061
org;rec-3545-org;3545;liam;d'addio;6;wakelin circuit;valbella;glenthompson;2120;nsw;19490316;2855465
org;rec-2887-org;2887;emiily;went;18;glenmaggie street;berkeley vlge;blue haven;6051;vic;19521205;8530937
org;rec-1694-org;1694;spencer;block;36;lewis luxton avenue;professional centre;flinders park;2643;nsw;19460612;3062312
org;rec-2522-dup-0;2522;shephsrdson;jacob;1251;sharwood crescent;abilene;nedlands;3163;vic;19920326;3781457
org;rec-2885-org;2885;christian;white;6;ballumbir street;inverneath;dianella;2207;qld;19870325;1570736
org;rec-2430-org;2430;benjamin;thiessen;9;augusta court;old cob;reynella;5098;qld;19021031;6928993
org;rec-1514-org;1514;lily;wooley;129;streeton drive;mornington;granville;3064;vic;19450304;9764557
org;rec-6-org;6;jesse;jolly;;eucumbene drive;pegg's creek;elwood;2171;vic;19461208;8758918
org;rec-3158-org;3158;joshua;smithson;33;le gallienne street;ponderosa;south perth;6125;sa;19550930;3985161
org;rec-3270-org;3270;eliza;dooley;111;yabsley place;;berriedale;3066;nsw;19410310;4702714
org;rec-3379-dup-2;3379;zachariah;kuhnt;;finn street;locn 316;mirrabooka;2770;vic;19090525;2605044
org;rec-27-org;27;jasmine;skeen;10;freda bennett circuit;somerset cottage;bomaderry;2261;qld;19230926;9590659
org;rec-1098-org;1098;dante;hand;9;mckillop circuit;hamden place;moama;3137;wa;19990924;3216021
org;rec-1229-org;1229;hannah;carbone;45;moseley place;;carrara;2470;sa;19561208;5723073
org;rec-1330-org;1330;kristo;stanley;477;deamer crescent;channel;macgregor;2010;nsw;19321004;1599068
org;rec-741-org;741;max;skeen;5;howitt street;cottonwood;moonah west;6061;nsw;19910625;6161021
org;rec-2696-org;2696;cooper;green;92;helemon street;north road;plumpton;3074;sa;19341014;9463800
org;rec-3537-org;3537;jessica;campbell;5;narambi street;belvedere;leichhardt;5244;qld;19911109;7414580
org;rec-217-org;217;william;dolan;41;delegate street;urambi vlge;riverhills;2142;wa;19620122;5181347
org;rec-3284-org;3284;jack;nicoll;18;freda gibson circuit;tintagel;sanctuary point;2047;qld;19440114;4318182
org;rec-3748-dup-1;3748;oliver;nguyen;16;weerona grabben gullen;mann place;woodcroft;4012;wa;19760119;4025649
org;rec-1417-org;1417;emmet;leaf-milham;89;wheeler crescent;court units;windsor;2015;nsw;19701020;6473827
org;rec-2440-dup-0;2440;hudson;vandenbroucke;7;woolls street;wongxamine;east melbourne;3132;vic;19330904;8949891
org;rec-691-org;691;;white;31;mcgill street;murga ridge;st clair;2500;nsw;19721207;3348308
org;rec-3878-dup-0;3878;joshua;godfrey;50;;war veternas hme;mona vale;7250;;19150911;1158833
org;rec-2340-org;2340;harrison;tremellen;215;meerup street;arlington;tweed heads;6025;tas;19240524;5821964
org;rec-2810-dup-1;2810;dakota;urosevic;45;kosciusko avenue;byron lodge;narre warre n north;3070;vic;19760701;7882697
org;rec-2544-dup-1;2544;nicholas;jiang;36;crozier circuit;villa 3;warranpyte;2083;nsw;19170723;4769955
org;rec-3354-org;3354;campbell;campbell;30;barringer street;lambar;numeralla;5095;qld;19900227;1125893
org;rec-1586-dup-0;1586;holly;kalinowski;26;dumaresq street;mcedwards;sunnybank;4023;nsw;19401027;3978981
org;rec-1892-org;1892;samantha;lanyon;53;greenough circuit;glenefer garden;campsie;2143;vic;19261105;3852092
org;rec-3384-org;3384;matilda;bloomfield;80;elliott street;bagheera;longreach;2444;vic;19680524;7776000
org;rec-1468-org;1468;jessica;salt;2;carina street;the stables;berala;6102;nsw;19850122;3378870
org;rec-15-dup-0;15;alexander;gaden;77;alexander street;barnet brae;korokt;3131;wz;19960319;7241211
org;rec-2982-org;2982;tyler;nguyen;34;byles place;kurrajong;vaucluse;5020;vic;19820811;4075656
org;rec-1909-org;1909;joel;penno;41;chauncy crescent;la rhune;mount evelyn;2480;nsw;19830726;7498683
org;rec-3379-org;3379;zachariah;kuhndt;75;finn street;locn 316;mirrabooka;2770;vic;19090525;2605044
org;rec-2329-org;2329;jacob;rankine;40;gaunson crescent;toora;colac;4701;sa;19810607;7055761
org;rec-3666-org;3666;lachlan-john;giannos;10;mockridge crescent;;rose bay;4820;vic;19740914;6153150
org;rec-3366-org;3366;emma;berry;32;ern florence crescent;;keilor east;2114;qld;19671210;2627906
org;rec-727-org;727;eloise;reece;8;napper place;;ngunnawal;5700;nsw;19810418;4779732
org;rec-1470-org;1470;stephanie;dearing;227;dexter street;eulalia;zilzie;3142;nsw;19220712;6412533
org;rec-86-org;86;hugo;clarke;44;reay place;c/-the student village;ardeer;5047;nsw;19120125;8869813
org;rec-145-org;145;william;bloomfield;40;allambee street;the park;warrandyte;3630;vic;19671007;8311697
org;rec-1935-org;1935;joshua;dixon;340;armstrong crescent;horton park;deer park;2263;wa;19550324;7338794
org;rec-3856-org;3856;daniella;edgworth;24;mackinnon street;donald coburn lodg;stonyfell;2847;nsw;19221115;4707408
org;rec-1659-org;1659;cade;campbell;5;tantangara street;yarrabin;devonport;3228;sa;19910915;5245742
org;rec-599-dup-0;599;kaitlin;callahan;4;tauss place;;lilydale;6102;nsw;19510429;9533959
org;rec-944-org;944;olivia;rhyne;20;von guerard crescent;glenmore;berwick;2870;vic;19370301;2665016
org;rec-1766-org;1766;felicity;juanta;27;kootingal street;kareela;bowral;4305;vic;19490204;3965834
org;rec-1254-org;1254;madison;morrison;28;woollum street;the rocks;dover gardens;3167;nsw;19010628;2758249
org;rec-2517-org;2517;jean-claude;hagemann;34;wardell place;utopia;surfers paradise;2224;qld;19201013;8789143
org;rec-1058-org;1058;hannah;kyriacou;40;muntz street;berkeley village;beresford;3040;qld;19610930;7067209
org;rec-3189-org;3189;kelsy;trevorrow;32;sturgeon street;cannonvale whitsunday shopping centre;bondi junction;4740;vic;19960705;1296078
org;rec-2719-org;2719;shelby;lionis;356;paterson street;waiweer;peterborough;6530;nsw;19970927;3802005
org;rec-1061-org;1061;ben;campbell;225;blamey crescent;;willow grove;2766;vic;19520926;5956047
org;rec-2539-org;2539;victoria;lowe;3;hawkesbury crescent;miranda;iluka;2750;nsw;19370408;9256554
org;rec-1987-org;1987;mackenzie;mason;85;armstrong crescent;moondah;orange;4352;act;19100307;9742460
org;rec-1466-org;1466;haylee;alderman;24;lyttleton crescent;kellys lookout;mosman;3350;wa;19700208;8279114
org;rec-3076-org;3076;erin;bahnisch;192;chippindall circuit;the tops;botany;3221;nsw;19721012;7067220
org;rec-1647-org;1647;andrew;zilm;3;howie court;masonic memorial village;cremorne;6430;nsw;19480319;6749122
org;rec-1560-org;1560;logan;selth;147;goyder street;rivonia;queenscliff;2120;tas;19860921;4161322
org;rec-3721-dup-0;3721;saralouise;drechsler;60;eugenia street;birrabilla;heathmere;3133;nsw;19800823;9494007
org;rec-3831-org;3831;lushia;coleman;116;lyttleton crescent;nazareth village;shoalhaven heads;6024;vic;19311018;8610313
org;rec-641-org;641;mhary;paterson;12;maribyrnong avenue;rosedale;parramatta;2166;vic;19190703;5843579
org;rec-3687-org;3687;bianca;reid;7;clifford crescent;retmnt vlge;toronto;3046;nsw;19911230;9930550
org;rec-24-org;24;alana;howie;54;burkitt street;south macroom;moorabbin;4217;wa;19590112;1534736
org;rec-1465-org;1465;thomas;scott-jackson;2;twynam street;yooringa;beauty point;3796;vic;19520204;4468640
org;rec-3636-org;3636;will;nevin;52;bradfield street;gowrie;kingsford;4017;nsw;19430903;7404677
org;rec-2449-org;2449;joshua;ferris;16;warramoo crescent;rutland park;lakemba;3028;nsw;19800911;7448826
org;rec-659-org;659;ben;soward;247;tinderry circuit;triton units;old toongabbie;6027;nsw;19301203;1248945
org;rec-1588-org;1588;david;cannell;5;lexcen avenue;gunnedoo;boyne island;6101;vic;19460825;8555722
org;rec-1668-org;1668;stephanie;weetra;41;downard street;holmleigh;nicholls;5556;vic;19530223;2228272
org;rec-2088-org;2088;luke;rundle;6;mockridge crescent;;alice springs;3678;vic;19430212;1928645
org;rec-2120-org;2120;olivia;shepherdson;5;hanretty place;jarrah;west wyalong;2756;tas;19020528;7586308
org;rec-2358-org;2358;madeline;jeffries;24;sid barnes crescent;rosetta village;trott park;2011;sa;19731215;4571833
org;rec-1534-org;1534;zachary;vincent;12;sheehan street;sunnyspot farm;goonellabah;4630;vic;19190809;8727415
org;rec-1936-org;1936;;white;55;;camusfearna;brunswick west;3015;nsw;19861127;5818248
org;rec-1665-dup-1;1665;oscar;potemapa;6;max henry crescent;ponderoasa;crib point;3029;sa;19280707;3563502
org;rec-1450-org;1450;rebecca;talladira;7;john cleland crescent;rushall park;bossley park;2430;nsw;19601213;1744354
org;rec-1916-org;1916;georgia;dudek;;wattle street;the lodge;ringwood;3134;nsw;19380128;3177022
org;rec-666-org;666;samuel;manson;41;freda gibson circuit;the swamp;magill;3505;nsw;19730214;4207622
org;rec-2633-org;2633;sophie;snell;4;vaughan garden;arcadia;hahndorf;2372;tas;19231114;8638391
org;rec-534-dup-3;534;lachlan;wheatley;30;goodwin street;rosetta village;mount grvaatt;4218;sa;19620815;8894816
org;rec-2976-org;2976;charlotte;lowe;12;namatjira drive;sectn 6 crown allotment;tabourie lake;4873;nsw;19070807;4938262
org;rec-3561-org;3561;henry;dent;60;wilkins street;bega flats;penola;2483;nsw;19460829;8530789
org;rec-2331-org;2331;lillian;halladay;6;barber crescent;villa 3;malvern east;2261;vic;19240405;4799994
org;rec-3436-org;3436;robbie;butt;3;skirving place;rainbow ridge;ellenbrook;2614;nsw;19240911;8676855
org;rec-191-org;191;lauren;mccausland;18;taronga place;glenfine station;cronulla;5573;nsw;19480518;5647776
org;rec-586-org;586;kyle;nickolai;18;bradfield street;st johns retirement;robertson;2906;sa;19550329;7990227
org;rec-2042-org;2042;sonja;fitzpatrick;75;george street;fig trees;inglewood;5038;nsw;19350227;9778972
org;rec-2940-org;2940;laura;havelberg;34;woodfull loop;seabank;coldstream;2032;nsw;19220408;5912345
org;rec-3842-org;3842;blake;bishop;10;spalding street;walkabout palms;hawthorn;6060;sa;19730929;1175184
org;rec-1282-dup-2;1282;charlotte;blakclow;7200;crocker place;inishmore;londonderry;2099;nsw;19240608;5390869
org;rec-414-org;414;joshua;gilfedder;3;henry street;brentwood village;cleveland;2036;qld;19800623;3198603
org;rec-3044-org;3044;caitlin;;17;davenport street;braeburn;mulgrave east;2604;tas;19120523;3241792
org;rec-3272-dup-0;3272;trey;held;19;holman street;;peregian beach;5266;nsw;19520113;6172652
org;rec-2216-org;2216;samuel;clarke;42;moloney close;albeni station;ulverstone;2765;qld;19160219;3317097
org;rec-1187-org;1187;meg;feil;17;biraban place;hughloch lincoln red stud;hawthorne;3429;vic;19060812;4027997
org;rec-918-org;918;;herbert;61;attunga street;kincumber nautical vlge;gordonvale;6031;sa;19580602;7209871
org;rec-640-org;640;kyle;white;52;renmark street;barwalla;kogarah;2087;nsw;19291227;5927014
org;rec-3109-org;3109;lachlan;noble;13;enderby street;collier vlge;st kilda;5013;nsw;19560407;6279390
org;rec-2370-dup-1;2370;joel;o'shannessy;5;howitt s treet;kilbunrie;devonport;2803;nsw;19490511;4313663
org;rec-2960-dup-0;2960;caitlin;lihou;;miranda place;lambrxok;;6562;vic;19760922;5015894
org;rec-2556-org;2556;jack;stubbs;17;namatjira drive;apt 211;ingleside;2204;nsw;19571209;6383252
org;rec-540-org;540;anthony;ryan;5;guthridge crescent;worro downs;chittaway bay;3810;qld;19211114;2217488
org;rec-2565-dup-2;2565;arren;leszczynski;;hyndes creascent;;st kilfa east;0710;nsw;19951021;3600921
org;rec-10-org;10;lucy;crouch;202;goulburn street;sattwa park;cromer;2096;vic;19400305;1800445
org;rec-2691-dup-3;2691;harley;bizjak;8;roughseyxplace;conmurra;dover gardens;3043;qld;19671030;2461092
org;rec-589-dup-0;589;sarah;reid;1;fihelly strwet;creston;larnook;5162;nsw;19710725;6614340
org;rec-3228-dup-0;3228;brydee;macphail;57;tuthill fplace;korrelocking;new town;2234;nsw;19841211;9212160
org;rec-2821-org;2821;konstantinos;nygaard;3;buckley circuit;st agnes vlg;bassendean;7017;vic;19201110;8739495
org;rec-3435-org;3435;lachlan;heron;3;alroy circuit;banksia village;north ward;2650;nsw;19780531;5232137
org;rec-1086-org;1086;isabella;singleton;10;hannan crescent;telopea park;bundaberg west;4508;qld;19321226;7185188
org;rec-657-org;657;lily;priest;238;kirkland circuit;lazy acres;yorkeys knob;4017;nsw;19910414;3163740
org;rec-281-org;281;charlotte;grainger;2;hector place;flr 5 john flynn medical centre;lake haven;2756;qld;19460826;3025555
org;rec-3721-dup-1;3721;sara-louise;denholm;60;eugenia street;birrabilla;heathmree;3133;nsw;19800823;9494007
org;rec-770-org;770;jaykob;butt;12;elsey street;the mall;kogarah;3440;sa;19821101;9029237
org;rec-1632-org;1632;ruby;needham;18;toms crescent;eureka;belgian gardens;6280;nsw;19000929;3880933
org;rec-799-org;799;timothy;pascoe;17;mialli place;telemon orchards;goonellabah;6330;vic;19500113;2730623
org;rec-3546-org;3546;joshua;bradshaw;12;guthridge crescent;water view;blackall;5461;wa;19000102;1237544
org;rec-2725-org;2725;jordan;grierson;;cardell place;greenwood;southbank;4064;nsw;19740217;9729221
org;rec-35-dup-0;35;darcy;morrison;36;lewis luxtosn avenue;the mews royal hotel bldg;cooks hill;3108;nsw;19170212;6145184
org;rec-3303-org;3303;sam;roccatti;3;murranji street;medical centre;childers;5092;qld;19251217;5992497
org;rec-3968-dup-1;3968;elise;norrison;23;biddlecombe street;wingar;mitcham;6203;vic;19770819;9705642
org;rec-2156-org;2156;lilly;hemmings;10;throsby crescent;never die;armidale;2197;nsw;19650912;7269203
org;rec-996-org;996;marcus;coleman;40;;kurrall park;goodna;4030;nsw;19610611;7712570
org;rec-622-org;622;william;chandler;31;sturt avenue;neretva;mill park;5051;wa;19020326;8312574
org;rec-583-org;583;timothy;huxley;14;groom street;kirkcaldy;albury;2570;vic;19471121;8010082
org;rec-1406-org;1406;thomas;widdowson;21;fincham crescent;glenmore;kogarah;0810;vic;19850101;7651068
org;rec-3247-org;3247;keely;stranger;12;whitty crescent;;lavington;3149;;19720105;5231365
org;rec-463-org;463;alannah;berry;7;morrison street;;abergowrie;2233;nsw;19740922;5872474
org;rec-1669-org;1669;holly;soden;52;skirving place;villa 19;glen william;3199;vic;19230831;1957863
org;rec-2190-org;2190;marcus;verco;3;rumbelow court;craigie lea garden;ballarat;5480;vic;19251216;4262069
org;rec-3408-org;3408;madison;thiessen;23;de little circuit;the provincial;hawthorne;4019;qld;19011128;4097508
org;rec-2474-org;2474;kenneth;challenor;50;leist street;north hill medical centre;craigie;3040;vic;19030508;9817988
org;rec-3363-org;3363;luka;berry;85;gamban square;kindilan;moorabbin;3215;vic;19780717;8097376
org;rec-3159-org;3159;jack;shelley;15;phillip avenue;cascades;south west rocks;3177;qld;19541226;3707551
org;rec-1343-dup-0;1343;chelsea;hitchzenor;106;shenton crescent;rocklea;brook field;4701;wa;19970114;2038934
org;rec-780-dup-0;780;james;zokaoj;28;webb place;professional centre;;3393;nt;19291117;6336579
org;rec-2805-org;2805;benjamin;stephenson;84;builder crescent;lochanbrae;franklin;3939;nsw;19960329;2908406
org;rec-3365-org;3365;jake;barbuto;2;denovan circuit;southern cross;hoddles creek;6164;tas;19530627;4891683
org;rec-1522-org;1522;olivia;van galen;6;paul coe crescent;oak valley;queenscliff;3012;vic;19191014;3782139
org;rec-823-dup-1;823;erin;ryam;7;jardine street;rocky flat;kaleen;3109;qld;19401111;9499719
org;rec-2760-org;2760;kylie;bishop;20;windradyne street;holmwood cottage;st clair;6430;sa;19960818;6179739
org;rec-967-org;967;christian;morrison;5;rischbieth crescent;wanding;sale;4502;vic;19611108;9282266
org;rec-636-org;636;jack;;52;woollum place;pindara medical centre;grenfell;3199;nsw;19511108;6053879
org;rec-2924-dup-0;2924;channing;rundle;25;fitzherbert place;byron arcade;arana hills;3171;vic;19460203;7674861
org;rec-531-org;531;catherine;wastell;107;tallara parkway;upper meroo;middleton;5212;nsw;19510118;5135638
org;rec-455-dup-3;455;fergus;lowe;4;moore street;;erindale;5118;wa;19640522;6431010
org;rec-3062-org;3062;kobe;wojciechowski;8;mainwaring rich circuit;lyndale;dapto;2257;qld;19690628;7988369
org;rec-2921-org;2921;brody;ausserlechner;16;maclaurin crescent;hse 139;asquith;2102;qld;19591027;8967415
org;rec-2994-org;2994;joel;hammer;20;wentworth avenue;argyle;campbelltown;6019;vic;19470312;2383107
org;rec-789-org;789;charlotte;pastars;;ligertwood street;tarwong;tweed heads south;2760;qld;19560402;5102481
org;rec-3728-org;3728;emiily;white;21;guthrie street;summit cottage;balwyn north;5112;wa;19900302;9148492
org;rec-651-dup-1;651;jayden;hingston;116;alawa zstreet;longplain;wendouree;3138;qld;19171120;6249338
org;rec-772-org;772;tarnia;mason;411;eucumbene drive;glenhurst;maryborough;3400;qld;19910721;9963663
org;rec-103-org;103;andie;sariago;24;callaway crescent;calderwood;wangaratta;3028;nsw;19631228;5826548
org;rec-907-org;907;isabella;white;4;melba street;shaudell;lower templestowe;3029;wa;19340826;2804586
org;rec-2307-org;2307;;silson;5;eungella street;garden flat;terrigal;2023;nsw;19490620;7427355
org;rec-3945-org;3945;lilian;beckwith;39;cope place;ellerside;east sydney;3018;vic;19450915;1016983
org;rec-3704-dup-1;3704;molly;baillie;49;bibby place;chippendale village;greens creek;2131;nsw;19050529;4210252
org;rec-3363-dup-0;3363;luak;berr;85;kindilan;gambansquare;moorabbin;3215;vic;19780717;8097376
org;rec-2239-org;2239;katelin;marzec;14;sentry crescent;first avenue;morwell;3033;vic;19891014;8212002
org;rec-819-dup-3;819;kane;gloster;111;hawken street;;kooyong;4017;tas;19120903;8770240
org;rec-2827-org;2827;joshua;guthridge;30;magenta square;uc-dai-loi;ravenshoe;2620;vic;19650131;4036350
org;rec-821-org;821;mitchell;berce;14;pinkerton circuit;blue hills;glenside;5125;qld;19800207;9213403
org;rec-3489-org;3489;alexandra;kuzmycz;39;giblin street;ryhd-talog;springwood;4570;qld;19270212;5699316
org;rec-3376-org;3376;christian;dolejs;17;bynoe place;the mews royal hotel bldg;flemington;5064;nsw;19560805;3257232
org;rec-2529-org;2529;zoe;matthews;73;ligertwood street;old mia mia school;south perth;2641;nsw;19510517;9476753
org;rec-390-org;390;jordan;morrison;13;callister crescent;hosea mizpah;lalor;2154;tas;19550428;7183634
org;rec-1760-org;1760;alexandra;albertini;32;narryer close;takalvan medical centre;cooran;3444;vic;19650516;7415489
org;rec-1733-org;1733;jordan;campbell;6;northcote crescent;penquite road;wellington point;2527;act;19250801;7790163
org;rec-3722-org;3722;jamie;menzies;43;burdett crescent;pipers river;glenella;4211;nsw;19380420;4241749
org;rec-1379-org;1379;william;hislop;17;deane street;sunbury;cedar creek;3073;qld;19830819;6153593
org;rec-419-dup-2;419;grace;;6;trainercourt;sleepy pines;eight mile plains;2125;act;19180820;2913947
org;rec-2935-dup-0;2935;dylan;mewett;10;sheehan stfeet;wayside;toowoomba;3166;vic;19630508;8649383
org;rec-3553-org;3553;kelsey;crouch;10;love street;yarrabee;;3094;qld;19321220;7402446
org;rec-2480-org;2480;andrew;musolino;50;hackett garden;matilda park;ingham;5153;qld;19740616;6302105
org;rec-77-org;77;lily;hope;2;inkster street;druid's oak;berala;2320;qld;19150907;4726313
org;rec-2598-dup-1;2598;sophie;nicklason;29;knoke av enue;littledale;west lakes shore;3305;vic;19090220;5509445
org;rec-2711-org;2711;christian;mchenry;4;akuna street;glencot;villawood;6061;vic;19480328;7801015
org;rec-757-org;757;beau;holyoak;6;booroondara street;pindara medical centre;newcomb;5118;vic;19470610;2717329
org;rec-3976-dup-0;3976;tara;green;34;marston place;;point cook;4807;vic;19860816;1352943
org;rec-2164-org;2164;isobel;flockhart;31;belconnen way;mollesmain;lalor;3058;wa;19200129;1260250
org;rec-3505-org;3505;jacob;webb;72;hayden close;yurnga;ermington;2146;vic;19611026;1082945
org;rec-37-org;37;sean;pulford;54;coningham street;old airdmillan road;lockleys;2825;vic;19100116;1410662
org;rec-3759-org;3759;ben;neville;12;troughton street;;safety bay;4152;nsw;19620805;4206310
org;rec-3197-org;3197;samuel;rabe;89;gundulu place;sec 692;st albans;2640;nsw;19460312;6474421
org;rec-446-org;446;bailey;hassall;19;rowe place;byado;toowoomba;3125;vic;19140830;7575692
org;rec-2498-org;2498;bailey;thiessen;231;paul coe crescent;kapeka;maryborough;3629;vic;19130512;9921943
org;rec-516-org;516;lucy;schuster;9;cromwell circuit;section;morwell;6054;nsw;19901128;9663618
org;rec-551-org;551;jack;beattie;86;streeton drive;greenslopes;innaloo;2835;nsw;;8289599
org;rec-1708-org;1708;makenzie;webb;28;cambridge street;inglewood;hendra;2066;nsw;19730725;2094796
org;rec-3692-org;3692;harry;campbell;1;pridham street;marylands;moss vale;4869;vic;19820721;6160118
org;rec-3130-org;3130;dominic;hanks;115;snowgum road;kiola;waverley;3885;wa;19140419;3693666
org;rec-1882-dup-2;1882;taylor;spada;7;pearson treet;harriman park;armidlae;3020;qld;19450830;4439810
org;rec-3616-org;3616;alia;tromp;4;hemmant street;canberra hse;benowa;3134;sa;19640522;5819867
org;rec-978-org;978;jared;white;9;;settle downs;mount beauty;6153;vic;19411028;5407714
org;rec-3777-org;3777;kate;hinks;75;rodda place;st francis vlge;salisbury heights;6052;nsw;19220527;2383597
org;rec-2290-org;2290;isabella;berry;24;powell street;blue hills;mount gravatt;2480;nsw;19330630;5811501
org;rec-1159-org;1159;kiara;clarke;;murranji street;carlow;narellan vale;2328;qld;19410210;5681929
org;rec-2528-org;2528;richard;baloch;6;attwood close;little tinana;castlemaine;3012;nsw;19370507;1033439
org;rec-1120-org;1120;katelyn;blackwell;34;belconnen way;inglewood cottage;kilcoy;6233;qld;19140719;6118230
org;rec-875-org;875;teegan;egan;15;beltana road;;kotara;2077;vic;19850531;5568074
org;rec-62-dup-0;62;jacob;green;31;forbesstreet;the villa s north;ferndale;2540;sa;19530711;2898109
org;rec-735-org;735;finlay;browne;15;waratah street;barwick pastoral;burwood;2341;vic;19920917;8742660
org;rec-3927-org;3927;mitchell;mitton;72;strangways street;;jubilee pocket;3038;nsw;19140817;9392270
org;rec-1951-org;1951;chloe;matthews;9;lamb place;lylehurst;caulfield;4806;vic;19480117;6401104
org;rec-69-dup-1;69;cooper;millar;73;harrison treet;;whitemore;3049;sa;19700804;6512572
org;rec-2113-org;2113;daniel;kerslake;33;elimatta street;cabrini medical centre;davistown;5096;wa;19020130;5945544
org;rec-1186-org;1186;joel;chappel;5925;willcock place;;para hills;3012;qld;;2264940
org;rec-1018-org;1018;sarah;;3;vasey crescent;ettalong beach village;keilor east;3051;vic;19410106;2200858
org;rec-1943-dup-2;1943;tara;bansemer;3;wark steret;athlone;leichhardt;7011;qld;19191231;3742863
org;rec-639-dup-0;639;charlotte;allchin;6;alphard place;wallar oi west;dimboola;4815;sa;19261018;2454246
org;rec-3177-org;3177;;maynard;855;newbery crescent;;preston;3059;nsw;19191018;8544857
org;rec-1045-dup-0;1045;eloise;singleton;31;redfern street;sali mtal;payneham;3204;vic;19800521;3292852
org;rec-1457-org;1457;robert;alves;90;salsola street;oakdale;scarborough;5373;vic;19740430;7485604
org;rec-271-org;271;joel;white;780;musgrave street;;natimuk;4870;vic;19190203;8539545
org;rec-3599-org;3599;jackson;hingston;;flecker place;bays hospital;warriewood;2226;nsw;19640707;6951305
org;rec-1807-org;1807;riley;dichiera;27;bainbridge close;caroona village;mill park;2203;nsw;19930127;2635113
org;rec-3976-dup-4;3976;tara;eagn;34;marston place;;point cook;4807;vic;19860816;4388415
org;rec-2580-org;2580;phoebe;slape;8;rowley place;unt 3;risdon vale;2518;nsw;19980606;1234649
org;rec-1720-org;1720;matthew;hathaway;14;forwood street;;nowra;2426;nsw;19440319;8922794
org;rec-1300-org;1300;jaiden;neville;44;tarra place;villa 5;donvalley;6027;tas;19301121;4887463
org;rec-705-dup-0;705;makenzi;morrison;381;maclaurin crescent;aptmn t 42;mayfield;5038;vic;19810522;1135598
org;rec-1038-org;1038;holly;feil;32;hawken street;twenty-third avenue pharmacy (cnr mawarr;bundaberg;6027;sa;19381207;9557940
org;rec-1355-org;1355;paris;mcgregor;18;lexcen avenue;cerbrus;frankston;3939;nsw;19301215;5422850
org;rec-1742-org;1742;toby;campbell;42;caley crescent;mini acres;o'connor;4123;nsw;19600706;7704021
org;rec-194-dup-1;194;;matthews;4;jim pike avenue;;frankston;4870;qld;19361206;2300647
org;rec-2925-org;2925;emiily;lyden;279;marsden street;market town centre;cleveland;7268;nsw;19421122;5252810
org;rec-1528-org;1528;makenzi;tiefenbach;16;foskett street;blue hills;crookwell;2452;vic;19110813;7680943
org;rec-2314-org;2314;lilian;clarke;11;mcgivern crescent;the mall;canley vale;2408;sa;19140924;1991767
org;rec-2816-org;2816;paris;lumabas;10;berrigan crescent;;waaia;4740;qld;19910601;5162945
org;rec-1407-org;1407;ethan;lock;11;durkin street;villa 32;coramba;2162;vic;19610711;2926391
org;rec-1213-dup-1;1213;amber;brangwen;1;evergreen;shackleton circuit;hackham;6707;sa;19690905;7925975
org;rec-748-dup-1;748;maya;white;55;florencetaylor street;;hurstville south;6714;sa;19460501;5257846
org;rec-3245-org;3245;hayley;wagnitz;641;nelumbo street;locn 2192;newcastle;6168;wa;19570201;1120050
org;rec-3815-org;3815;mia;clarke;1;proserpine court;birubi bch caravan park;st clair;3805;vic;19120814;3271670
org;rec-1342-org;1342;timothy;clarke;18;nemarang crescent;lort heights;alawa;4051;sa;19430929;2843828
org;rec-713-org;713;ethan;wilkey;13;upton street;apmt 1702;concord;6018;qld;19730518;5122312
org;rec-743-org;743;connor;heerey;233;duffy street;bythorne;tweed heads;4506;qld;19700929;1093948
org;rec-3679-org;3679;ryan;warnock;15;crofts crescent;barclay downs;ruse;2030;nsw;19070124;2541731
org;rec-476-org;476;sam;janowski;10;hagen place;brick house;kogarah;2482;nsw;19010525;7755828
org;rec-1945-org;1945;melanie;beaty;12;maribyrnong avenue;ferndale;whalan;3101;nsw;19570421;2509791
org;rec-2135-dup-0;2135;jessica;smallabombe;66;notting court;moonabba;bundanoon;2077;sk;19420703;9622378
org;rec-2607-org;2607;emiily;green;25;robson street;rosedown;armidale;7008;act;19930903;8733127
org;rec-3181-org;3181;hannah;mason;13;dooland court;kiloran;bangor;6014;qld;19500506;1294669
org;rec-3334-org;3334;xepheren;resili;39;hirschfeld crescent;pacific haven;cooma;4514;nsw;19741024;2933806
org;rec-3453-org;3453;brooke;kiernan;34;schomburgk street;mungo park;clifton springs;4030;nsw;19770929;7541587
org;rec-3970-dup-0;3970;rebecca;laney;43;coreen place;warra arra;belmont;6062;qld;19300322;9928277
org;rec-1872-org;1872;bailee;george;7;cutlack street;tallinga park;exeter;6061;vic;19650619;5508850
org;rec-3601-org;3601;isabella;sheldon;11;reynolds street;cherokee vlge;beverly hills;3941;nsw;19721127;1296034
org;rec-1992-org;1992;gregory;lambropoulos;165;wray place;aintree;south wentworthville;4217;nsw;19261016;6277918
org;rec-3779-org;3779;lillianna;white;245;duncan street;clear creek;queenscliff;2763;sa;19620609;7798744
org;rec-1122-org;1122;sienna;coleman;69;;parkwood piazza;canley vale;2790;vic;19720607;8658765
org;rec-3163-dup-1;3163;stanlaey;emiily;39;antill sreet;key;woy woy;6330;nsw;19650320;2407021
org;rec-3939-dup-0;3939;capurso;aleihsha;;hyndes crescent;;burwood;6210;qld;19590512;9935501
org;rec-2793-dup-1;2793;chloe;leaver;11;shann place;carav npark;cherrybrook;4301;nsw;19900722;3018635
org;rec-1077-dup-1;1077;rosie;minter;27;rawdon;aurora close;trigg;5113;vic;19660316;8729674
org;rec-645-org;645;bailey;green;31;seddon place;portland house;farrer;2536;vic;19150703;3332072
org;rec-2360-org;2360;benjamin;hodby;9;ossa place;south melbourne market;bundanoon;2430;vic;19880226;9634725
org;rec-599-org;599;kaitlin;callahan;4;tauss place;rainmore;lilydale;6102;nsw;19510429;9533959
org;rec-3927-dup-0;3927;mitchell;mitton;72;strangways street;;jubilee pocket;3038;nsw;19140817;1499063
org;rec-3201-org;3201;sarah;menard;7;brimage place;paddy;enoggera;2026;act;19580510;7371540
org;rec-1996-org;1996;steven;thorpe;24;the pines avenue;the willows;terrigal;2282;nsw;19500720;1192106
org;rec-320-dup-1;320;lachlan;hayam;56;emily bulcock crescent;marsden forest;north sydney;6163;wa;19050221;3083874
org;rec-3749-org;3749;matthew;procter;46;leist street;leicestershire;annandale;4122;sa;19520130;1908716
org;rec-871-org;871;james;weller;67;wilkins street;the willows;daisy hill;4751;qld;19511201;4751296
org;rec-999-org;999;dean;lomman;2;chuculba crescent;villa maria society;wynyard;3082;qld;19360427;8072356
org;rec-14-org;14;annika;reid;10;edmunds place;gillin park;paralowie;5063;act;19200728;8654011
org;rec-3575-org;3575;brayden;fleet;99;livingston avenue;;turner;3192;wa;19960819;5740425
org;rec-596-dup-1;596;jaspe;desilva;18;sangster place;cambooya;broome;3023;wa;19310208;1187147
org;rec-2277-org;2277;zachariah;coffey;14;scrivener street;graham;kingston;2460;nsw;19580428;7399308
org;rec-2173-org;2173;aidyn;reid;;chermside street;upper ross medical centre;dalby;5082;sa;19900504;1481827
org;rec-3605-org;3605;charli;moerkerke;8;fenton street;sec 209 clifton farm;daisy hill;4814;vic;19421212;6570255
org;rec-2071-org;2071;william;riding;52;glover street;brentwood vlge;stanmore;4000;wa;19960501;9016056
org;rec-1685-dup-1;1685;matthew;mcahon;4;grant cfrescent;morrisno park;ringwood;4505;vic;19640204;2357488
org;rec-1986-org;1986;madison;bishop;13;maclagan street;bimbimbie vlge;arana hills;2030;vic;19331218;9130667
org;rec-1684-dup-1;1684;lusted;petreece;78;baseby place;;east branxton;6214;sa;19950620;8084076
org;rec-3891-org;3891;cain;dreckow;19;baynton street;cooloola farms;seven hills;3564;nsw;19390315;8829105
org;rec-3193-dup-4;3193;sylvie;morrison;;aurora close;gillin park;annandale;2023;sa;19820712;2753253
org;rec-692-org;692;mitchell;whetstone;105;foreman place;halls of residence monash university;evans head;2422;nsw;19460523;1477917
org;rec-3284-dup-2;3284;jadk;nicoll;18;freda gibson circuit;tintagel;sanctuary point;2407;qld;19440114;4318182
org;rec-100-dup-0;100;dante;ako t;16;brooke rstreet;the willows;scarborough;3305;qld;19960112;4033021
org;rec-2960-dup-1;2960;caitlin;lhiou;16;miranda place;lambrook;kingston;6562;vic;19760922;5015894
org;rec-1667-org;1667;layla;muschamp;1;hargrave street;willtarny;pakenham;3071;tas;19480718;6742396
org;rec-1306-dup-1;1306;emiily;grosvenor;58;hadleigh circuit;anglev ale;kurri kurri;3130;nsw;19440317;6430853
org;rec-3448-org;3448;montana;gillard;40;hooper crescent;central coast fair;paddington;2518;qld;19860526;8262027
org;rec-3996-dup-2;3996;tahnee;campbell;763;chillagoe street;;bethania;2785;qld;19171003;6587343
org;rec-1979-org;1979;alexia;schuster;43;illingworth street;university shores;pakenham;2528;wa;19120816;3232137
org;rec-317-org;317;kaitlyn;jongebloed;24;strong place;charters towers electorate office stock;figtree;3085;vic;19760211;5217036
org;rec-2996-org;2996;neve;george;21;hobart place;fleetview;goodwood;3352;nsw;19780911;2081525
org;rec-556-org;556;jacqueline;ryan;17;fitchett street;bobblegigbie;surry hills;2042;wa;19120701;5743006
org;rec-1710-org;1710;jacob;hand;10;gingana street;locn 2565;shoalhaven heads;6507;nsw;19191003;5137419
org;rec-1125-org;1125;byron;plane;2;baracchi crescent;ocean shores shopping village;loveday;2611;sa;19210316;3421596
org;rec-1063-org;1063;kane;matthews;540;besant street;shangrila cvan park;lockleys;3458;nsw;19690117;6893497
org;rec-633-dup-2;633;hattie;guyat;3;callaghan street;;clarinda;6562;wa;19670217;1573717
org;rec-1401-org;1401;grace;white;4;o'sullivan street;hawkline;newstead;2194;vic;19630712;3455270
org;rec-2671-org;2671;felicity;mason;1662;kernot street;milamba;caulfield north;4455;nsw;19900613;6087880
org;rec-3526-org;3526;jakob;menzies;33;coverdale street;bundong;worongary;2190;vic;19140610;4557295
org;rec-1399-dup-0;1399;izaac;furness;670;jamieson crescent;;hinchinbrook;3184;wa;19391228;6349926
org;rec-2751-org;2751;simone;green;19;nott street;raffa estate;hazelwood park;4514;nsw;19980720;8052936
org;rec-1726-org;1726;mitchell;beams;6;priestley place;acadia;regents park;2283;sa;19720611;2135418
org;rec-571-org;571;alex;pascoe;4;archibald street;;rokeby;2151;sa;19910524;9912294
org;rec-3000-dup-0;3000;tristan;matthews;16;livingston avenue;wandearah;taree;2101;nsw;19901103;8005727
org;rec-1052-dup-3;1052;riley;speiggt;4;daley crescent;st john of god hospital;labrador;2750;wa;19510627;1975078
org;rec-3563-dup-3;3563;quinn;musoqlinl;2;braine street;cluster;heckenbdrg;6309;nsw;19100225;8891469
org;rec-3009-org;3009;michael;ryan;9;bodel place;hobbit hole;balwyn north;2017;nsw;19370511;5128041
org;rec-925-org;925;nathan;harrington;113;tillyard drive;palmview hamlet;hope valley;3712;vic;19651108;7187109
org;rec-3178-org;3178;ethan;browne;1036;johnston street;willandra village;garfield;3280;vic;;3397372
org;rec-1823-org;1823;amy;gierus;35;pokana circuit;sect 1488;abbotsford;2540;qld;19601226;3379678
org;rec-638-org;638;matthew;degasperi;40;morton street;dunmunkle lodge;bacchus marsh;3183;vic;19630401;5389929
org;rec-744-org;744;harrison;matthews;8;louis loder street;cherrybank;salisbury;4555;nsw;19830124;2152823
org;rec-3664-org;3664;india;crouch;48;sargood street;b & b hooper farms;northbridge;5064;tas;19970531;5138280
org;rec-355-org;355;jacob;wastell;1;jabanungga avenue;rosetta village;ashfield;6232;vic;;5471209
org;rec-1430-org;1430;alyssa;lowe;37;howitt street;the meadows;wamberal;5063;nsw;19470626;1362480
org;rec-992-org;992;jayden;smallacombe;28;ryan street;mallow;marsden;3356;vic;;6411490
org;rec-1545-org;1545;zoe;;7;mataranka street;moranbah;spring hill;2536;nsw;19111024;6396949
org;rec-767-org;767;rebekah;hanna;18;correa street;rowethorpe;st agnes;4226;qld;19361118;5825982
org;rec-305-org;305;jessica;chandler;5;endeavour street;;altona north;2093;qld;19501023;6756516
org;rec-2619-org;2619;isabella;glinatsis;21;kingsford smith drive;fl 3;frankston;4218;nsw;19270321;1109819
org;rec-2418-org;2418;jordan;marwaha;436;bernacchi street;the mall springwood;midland;3129;nsw;19640419;5161756
org;rec-374-org;374;joshua;micek;50;southwell street;rockview;murchison;4854;qld;19330630;5877257
org;rec-1574-dup-0;1574;;humphreys;38;dominion ircuit;georgecale;nightcliff;4211;wa;19080319;9632931
org;rec-2349-org;2349;marcus;tinsley;93;napier close;borambil;mooloolaba;2261;vic;19170528;5501672
org;rec-251-org;251;charlie;sushames;3;northbourne avenue;;broken hill;2161;act;19290816;5109559
org;rec-2855-org;2855;mitchell;white;13;lewis luxton avenue;kendle green;barrington;6280;vic;19180227;9419379
org;rec-2832-org;2832;david;wardle;11;blamey crescent;villa 5;rivett;2220;qld;19140314;9223606
org;rec-1430-dup-0;1430;alyssa;lowj;37;howitt s treet;the meadows;wamberal;5063;nsw;19470626;1362480
org;rec-2444-org;2444;sachin;binns;63;mackenzie street;colooli village;milbrodale;2539;qld;19860615;6266672
org;rec-943-org;943;haylee;lomman;32;kingsford smith drive;;forrest beach;4121;tas;19340123;1449353
org;rec-1070-org;1070;shane;campbell;40;michaelis court;kalinda park;sale;3496;qld;19230605;5350776
org;rec-2388-org;2388;jacob;mcgregor;6;yambina crescent;stretton park hostel;tarrawanna;5167;vic;19930302;3897892
org;rec-3300-org;3300;james;marshman;12;whitfield circuit;haven court;cranbourne;3070;nsw;19001222;1275991
org;rec-2026-org;2026;jeremy;webb;9;warrego circuit;ramano estate locn 1;auburn;2298;sa;19051112;8762307
org;rec-2211-dup-0;2211;brianna;radic;5;sullivanc rescent;gloccamrorra;woy woy;2050;nsw;19390401;3343334
org;rec-1132-org;1132;michael;jaminon;15;guguru place;white house;cooranbong;6725;qld;19001108;7661989
org;rec-2089-org;2089;;yun;3;becke place;highfields medical centre;bonnells bay;2669;nsw;19220803;6095940
org;rec-663-org;663;erin;rees;2;wheadon street;stoney creek;north narrabeen;3060;nsw;19650806;5460976
org;rec-2904-org;2904;tayla;sax;216;wolfe place;cascades;keysborough;6100;nsw;19691005;5977986
org;rec-3727-org;3727;ruben;yost;60;dooley place;the willows;cloverdale;2904;vic;19801214;9365496
org;rec-3382-org;3382;nicholas;coleman;7;riddle place;;box hill south;3690;vic;19400201;6206082
org;rec-3400-org;3400;heather;rawlings;69;bundey street;rosetta village;kingsford;4169;vic;19300417;4079800
org;rec-633-org;633;hattie;guyatt;3;callaghan street;castle pines;clarinda;6562;wa;19670217;1573717
org;rec-956-dup-0;956;claudia;crouch;103;torrens street;lassaan;burwood;5260;nsw;19710121;9364323
org;rec-1617-org;1617;kylee;thorpe;2;mckinlay street;kia-ora cottage;woollahra;3796;sa;19180830;5519162
org;rec-2652-org;2652;cooper;kanikula;7;willoughby crescent;marsden forest;magill;6058;nsw;19841009;4232662
org;rec-803-org;803;chloe;goessling;12;lutwyche street;rowethorpe;bundaberg;2680;qld;19190507;7004132
org;rec-378-org;378;brooke;shepherdson;2;blamey crescent;selassie house;yatteyattah;3377;nsw;19720628;3742239
org;rec-3731-dup-2;3731;luke;mccarthyv;43;cullen street;;mentone;2316;sa;19750226;4343061
org;rec-1580-org;1580;liam;au;16;ina gregory circuit;;mansfield;2112;nsw;19210716;2977543
org;rec-950-org;950;ebony;rollins;5;kingscote crescent;;brewarrina;5268;nsw;19850602;1308335
org;rec-1400-org;1400;william;boothroyd;19;coxen street;archdale back;ashgrove;4059;qld;19860308;8494318
org;rec-814-dup-2;814;sascha;clarke;;perry drive;rockett e lodge;south perth;4054;vic;19991011;5938504
org;rec-1804-org;1804;connor;fitzpatrick;124;brigalow street;medical centre;campbelltown;2151;qld;19710716;7317665
org;rec-1284-org;1284;brandon;niemietz;3;ern florence crescent;athlone;carnegie;3103;nsw;19840723;3200406
org;rec-1882-dup-1;1882;taylor;spada;7;pearson xtreet;harrimab park;armidale;3023;qld;19450830;4439810
org;rec-2467-dup-1;2467;maddison;joelu;28;;;kaleen;3156;act;19070524;6246777
org;rec-1869-org;1869;grace;cogzell;1;ina gregory circuit;dalkeith cottage;beenleigh;3690;nsw;19101126;9046938
org;rec-3028-org;3028;sophie;blewett;6;ewing street;wisteria cottage;camooweal;3204;nsw;19141112;8389865
org;rec-2979-org;2979;lara;tebbutt;58;broinowski place;seapoint;nollamara;2136;tas;19250125;2353064
org;rec-188-org;188;tia;khalid;62;dianella street;kioloa park;richardson;5107;nsw;19310514;4503383
org;rec-273-org;273;krystin;hoffman;18;schomburgk street;john flynn medical centre;katherine;4814;wa;;5750737
org;rec-3258-org;3258;william;morcom;66;dale circuit;shalvah;rowville;4211;sa;19611026;9939791
org;rec-3991-org;3991;harry;lill;12;curlewis crescent;st lawrence park;sylvania;4051;vic;19810730;1832629
org;rec-3034-org;3034;micaela;mccully;72;mugga way;on river;charmhaven;2162;qld;19890407;3014645
org;rec-1832-org;1832;trevor;dallos;87;chandler street;warra creek;cunningham;7277;qld;19460118;2259658
org;rec-777-org;777;eva;willing;;reveley crescent;coralyn;armidale;2075;sa;19790427;1761286
org;rec-748-org;748;maya;white;55;florence taylor street;;hurstville south;6714;sa;19460501;5257846
org;rec-1781-org;1781;laklynn;miles;50;bunya close;up the back;barrack point;5074;nsw;19961005;7643501
org;rec-842-org;842;joe;clarke;172;crowder circuit;;blackburn north;4021;nsw;19920420;5126609
org;rec-403-org;403;william;blake;7;tipiloura street;urambi vlge;brighton;2500;nsw;19461122;2939255
org;rec-3155-org;3155;joel;yeoman;54;thurgood court;yambira;noble park;3361;qld;19190916;7203466
org;rec-2121-org;2121;michael;ohsson;17;eaglemont retreat;dalmoora;londonderry;3199;nsw;19570913;4776516
org;rec-2779-org;2779;joshua;manalac;30;disney court;santa lucille;camp hill;3189;vic;19200810;6627612
org;rec-2931-dup-1;2931;annabella;modystach;38;stieglitz circuit;rosetta village;woodcroft;5900;nsw;19351112;7895561
org;rec-3486-org;3486;mark;neville;29;staaten crescent;makor;parramatta park;2117;vic;19240612;4219828
org;rec-1095-org;1095;caitlin;lowe;63;coode street;glenview;williamstown;2165;nsw;19050515;2955019
org;rec-720-org;720;april;baynes;24;o'loghlen street;bella dona;launceston south;2132;sa;19550508;2285870
org;rec-3227-org;3227;philip;jnguye nphamhh;1405;musgrave street;summervale;bayview;6148;vic;19250516;7352921
org;rec-3624-org;3624;amy;morden;26;verbrugghen street;henry kendall bayside;burleigh waters;4562;vic;19030909;8686238
org;rec-3467-org;3467;max;;33;de little circuit;nerriga;hamilton;6168;sa;19060826;3811446
org;rec-697-org;697;oliver;hutcheson;24;diamond street;willows caravn park;fairlawn;3150;nsw;19971107;4075737
org;rec-1585-dup-0;1585;blakeston;nikolec;82;burnie street;terrawah;lake tyers beach;3086;vic;19001003;7244613
org;rec-94-org;94;natalia;flannery;14;copland drive;hayfield vlge;toowoomba;2221;nsw;19770214;2007743
org;rec-2958-org;2958;morgan;rajopadhyaya;25;collicott circuit;pine view;harristown;3782;tas;19150614;1961257
org;rec-348-org;348;;berry;38;belconnen way;haydens;nollamara;5167;vic;19090504;6935920
org;rec-2650-org;2650;lachlan;vincent;29;collicott circuit;aberglasslyn cottage;wantirna;2154;wa;19470521;9522455
org;rec-2926-org;2926;ashleigh;la roche;10;;medical centre;port macquarie;6155;qld;19510611;6412822
org;rec-1790-org;1790;blayke;koslowicz;21;noel ryan garden;morago;yarrawonga;3691;vic;19190723;2250909
org;rec-1432-dup-2;1432;ella;rawlings;51;therry place;ainslid house;clarendon;3151;qld;19870312;1757892
org;rec-3965-org;3965;sarah;dixon;19;roe street;howie circuit;upwey;3168;nsw;19090907;6125069
org;rec-132-org;132;adam;leaver;144;edlington street;surfside park;sandgate;2603;nsw;19440202;5830610
org;rec-804-org;804;brianna;fogg;49;bickley close;black snake creek;st peters;2655;nsw;19960526;4861165
org;rec-3001-org;3001;jackson;kemish;17;carstensz street;timber haven;currans hill;3152;vic;19060303;7395322
org;rec-2709-org;2709;victoria;uu;14;finniss crescent;greenwood;sunshine;3133;nsw;19531025;1650947
org;rec-837-org;837;ryleh;rimsky-korsakov;16;moorhouse street;glenburnie lodge;wilston;2540;wa;19980517;7272510
org;rec-3166-dup-1;3166;ruby;stoneman;29;mcgivern crescent;lourdes hqostel;mayfield;2137;nsw;19630721;7441466
org;rec-2143-dup-0;2143;pia;scamoni;39;newman morris circuit;glenburn;balwyn north;4121;qld;19011225;7166564
org;rec-938-org;938;nasyah;lombardi;25;murdoch street;fourmile;hahndorf;4870;nsw;19450409;8408708
org;rec-3526-dup-0;3526;pearson;menzies;33;;bundogh;worongary;2190;vic;19140610;4557295
org;rec-3858-org;3858;jack;poumako;24;buntine crescent;bosmit;prospect;7250;nsw;19690925;8698759
org;rec-2417-org;2417;harrison;sohkanen;23;a'beckett street;golden vale;dooralong;2536;nsw;19000906;7618129
org;rec-2607-dup-2;2607;emiily;green;;robson street;rosedown;armidsle;7008;act;19930903;8733127
org;rec-2151-dup-1;2151;bradley;haberfield;11;carumbi place;bungarza;canley heights;2758;viy;19581211;5039500
org;rec-1548-org;1548;caitlin;schumann;2034;verney place;villa 80;hinchinbrook;3150;nsw;19740126;6833515
org;rec-282-org;282;isabelle;pascoe;9;gurr street;yaroonga;concord west;3048;nsw;19751220;5212556
org;rec-2496-dup-2;2496;william;fornarino;126;macgregor street;eureka;charletown;5029;wa;19830402;6064420
org;rec-1665-org;1665;oscar;potempa;6;max henry crescent;ponderossa;crib point;3029;sa;19280707;3563502
org;rec-2108-org;2108;isabelle;hobson;16;dethridge street;wandella park snowy;derrinallum;3450;nsw;19830124;1613735
org;rec-2937-org;2937;lachlan;campbell;14;southwell street;lanhydrock;ashgrove;4564;nsw;19070113;4836569
org;rec-1099-org;1099;tylah;alderman;159;heagney crescent;belmont towers;wingham;4655;vic;19721103;9020923
org;rec-610-org;610;caitlin;dudgeon;19;hull place;roachdale;mcleans ridges;4740;vic;19530820;5932933
org;rec-3701-org;3701;oliver;riding;48;oliver street;glenlee;villawood;5320;tas;;3697022
org;rec-2361-org;2361;jake;thorpe;28;springvale drive;willow dale;sandgate;4285;sa;19771011;1205567
org;rec-2515-org;2515;erin;crouch;19;katherine avenue;kimberley grange;cable beach;4655;vic;19890522;6336016
org;rec-2973-org;2973;noah;hingston;10;moorehead place;ironbark ridge;eight mile plains;5606;vic;19490705;8137426
org;rec-2323-org;2323;madison;bridgland;4;crace street;yurnga;raleigh;4702;vic;19120329;9155269
org;rec-3235-org;3235;olivia;everett;31;massey street;ainslie house;gundagai;4680;tas;19720708;9403742
org;rec-3241-dup-2;3241;jack;camplbell;106;frencham lpace;llen nomis;alberton;4350;vic;19890807;3238238
org;rec-1497-org;1497;crystal;clarke;11;gairdner circuit;the manor garden;;2519;vic;19111116;3151136
org;rec-1007-org;1007;kye;campbell;3;aurora close;gosford rsl;mulgrave east;2330;sa;19641208;6623196
org;rec-3405-org;3405;isabella;wheatley;2;hirschfeld crescent;gull cottage;blackbutt;2525;vic;19220107;7097177
org;rec-3964-org;3964;amelia;montalvan;;kater place;booligal;malvern east;5033;nsw;19070101;1992783
org;rec-2583-org;2583;joshua;howie;11;brownlow place;adare stock route road;portarlington;3216;tas;19320711;9583117
org;rec-2916-dup-0;2916;joshua;bowerman;20;wray place;wisperin t pines;melton south;6016;qld;19320417;1991321
org;rec-3741-dup-0;3741;michael;shepherd;70;hurry nplace;tintagel;penguin;4179;vic;19761129;8270855
org;rec-2247-org;2247;kyle;ryan;97;dyurra place;brentwood vlge;greenfield park;4805;vic;19401104;8609698
org;rec-2477-org;2477;tanyshah;yogarajan;13;gilmore crescent;retirement village;naracoorte;4301;qld;19361229;3799242
org;rec-1857-org;1857;;campbell;33;burston place;argyle;para hills;3156;wa;19570827;2135852
org;rec-1601-org;1601;lucy;de paoli;9;benjee place;willaroo;upwey;6163;vic;19500225;1559594
org;rec-3169-dup-0;3169;bayden;lomman;4;fergusson crescent;;hurlstone park;2040;vic;19881004;8590575
org;rec-1281-org;1281;sebastian;hauser;49;lansell circuit;rosedale;st kilda;3015;nsw;19141111;4512864
org;rec-225-org;225;ashley;rundle;45;noongale court;shingledale;wangaratta;3356;nsw;19170214;8230842
org;rec-2929-org;2929;solomon;green;3;gelane street;;west perth;2527;sa;19250604;9587130
org;rec-2270-org;2270;amy;clarke;6;;locn 1025;parmelia;6027;qld;19120219;6695723
org;rec-3881-org;3881;kadin;palasis;6;pridham street;rhosewyn;kincumber;4017;nsw;19630221;1653383
org;rec-136-org;136;rebecca;kempe;46;william hudson crescent;;seven hills;3340;vic;19980529;3841196
org;rec-3825-org;3825;evan;webb;4;bramble street;barton view;cecil hills;3095;tas;19731213;4110038
org;rec-2342-org;2342;hayden;dixon;58;tallara parkway;glenview;vaucluse;3206;vic;19780505;8111145
org;rec-3213-org;3213;nasyah;warde;65;jondol place;mcivor park;kilmore;2486;nsw;19740510;6041114
org;rec-3168-org;3168;hannah;mcvilly;6;bathurst place;laane coree;rankin park;6112;nsw;19090901;7949417
org;rec-3436-dup-0;3436;robbie;butt;;skirving place;rainbow ridge;ellenbrook;2614;nsw;19240911;8676855
org;rec-478-org;478;natalia;harrland;121;edmunds place;brightling park;severnlea;5417;nsw;19800313;1893606
org;rec-3099-dup-2;3099;matthew;burman;32;burns circuit;gumnut cottage;tahmoor;3073;qld;19030823;4228403
org;rec-1224-org;1224;emiily;skailes;48;corinna street;oroana aprtmnts;west perth;2036;qld;19750323;6530849
org;rec-3377-org;3377;benjamin;white;46;bundeela street;padicam;mckinnon;4101;nsw;19880612;4443876
org;rec-2538-org;2538;dayna;nguyen;9;florence taylor street;wheogo;elwood;6230;vic;19570328;7201088
org;rec-3254-org;3254;harrison;seppelt;7;jackie howe crescent;holmwood cottage;hawthorn;5062;vic;19891107;6492725
org;rec-512-org;512;dominic;coatsworth;;biffin street;elmwood;murray bridge;2590;nsw;19241008;3995524
org;rec-3903-org;3903;sara;lambert-smith;23;albermarle place;kiloran;macleay island;4221;qld;19801002;9872227
org;rec-1443-org;1443;chelsea;ayres;18;pokana circuit;delicate nobby street;keilor east;6024;nsw;19130223;7240317
org;rec-493-org;493;lachlan;tiedemann;47;diamantina crescent;weeronga hostel;orange;6050;nsw;19000521;3897807
org;rec-58-org;58;william;dolan;46;weatherburn place;derry lodge;pakenham;3082;sa;19610724;7602826
org;rec-3875-dup-0;3875;lauren;mcgregor;2;de gry place;montrose;vermont;3041;nsw;19780307;5674315
org;rec-3018-org;3018;lily;campbell;24;kenyon circuit;;punchbowl;3072;nsw;19620902;6069476
org;rec-3702-org;3702;aidan;faull;18;bottrill street;lagoon farm;port pirie;2480;act;19110506;2456313
org;rec-773-org;773;charlotte;ferrar;64;bamir square;ra 23012;stannifer;3085;nsw;19501126;8180661
org;rec-1703-org;1703;katelin;gillard;188;burtt crescent;rosetta village;toorak;2440;tas;19761228;6354267
org;rec-3785-dup-0;3785;lucas;nguyewh;18;melrose drive;emu doqns;bowral;2580;qld;19070330;4033633
org;rec-2733-dup-1;2733;musolino;maxni;1;jinka stireet;kinross;windsor;6160;qld;;3686486
org;rec-983-org;983;harvey;lodge;13;goldstein crescent;reinfrew park;moffat beach;4012;vic;19010912;8258003
org;rec-3659-org;3659;vianca;shank;13;burria place;geegeela;clayfield;4720;nsw;19131212;3468273
org;rec-11-org;11;kate;leslie;169;quinlivan crescent;inishmore;campsie;5453;vic;19250416;1026159
org;rec-1261-org;1261;isabella;mcgregor;20;nina jones crescent;warramunda;bronte;2251;vic;19570616;2121314
org;rec-3989-org;3989;talyah;ryan;52;goodman street;brentwood vlge;cronulla;2142;vic;19560206;7433213
org;rec-3604-org;3604;jasper;dorn;16;dumaresq street;the mews royal hotel bldg;san remo;3038;nsw;19100127;2245187
org;rec-185-org;185;lara;alderman;14;yapunyah street;bulala;winston hills;4655;nsw;19391001;1192451
org;rec-1748-org;1748;lynae;haberstich;257;edmond close;talawa;smithtown;2615;nsw;19140608;2792936
org;rec-892-dup-3;892;imogen;muehlbserg;17;;bluehills;parramatta;3300;qld;19300518;6631613
org;rec-2305-org;2305;timothy;lowe;77;ironbark crescent;glenfern park;mosman;2207;qld;19570120;5862061
org;rec-2849-org;2849;jack;croker;137;;ferndale;toormina;3620;vic;19440607;1796731
org;rec-3906-org;3906;kaitlyn;webb;2;leonard close;;toorak;2064;qld;19140627;2814925
org;rec-1206-org;1206;jarvis;webb;28;bunny street;attadandoo;safety beach;4870;vic;19590214;6223958
org;rec-872-org;872;amy;morrison;131;mcmillan crescent;mayfair;hamilton;2540;vic;19910914;4333721
org;rec-346-org;346;alexandra;ollivier;62;beaumont close;;bayswater north;2160;nsw;19340421;8698768
org;rec-2230-dup-1;2230;nathan;;17;ijong street;sec 960;el arish;3220;;19260709;4874098
org;rec-3924-org;3924;dylan;hyland;8;marchant circuit;laurel bank;waverley;4557;vic;19100618;1102927
org;rec-1286-org;1286;jye;elrick;1;hibiscus crescent;grammar school;taylors beach;2650;qld;19420715;9051603
org;rec-658-org;658;jaggah;millar;46;cromwell circuit;;roxburgh park;5065;wa;19070729;5562743
org;rec-846-dup-1;846;lewis;bristow;10;knoke avenue;northstar ho liday resort;hamilton;6035;nsw;19311024;1374722
org;rec-2030-org;2030;emma;krile;5;woodfull loop;flr 5 john flynn medical centre;nicholls;4560;wa;19920224;6056050
org;rec-1877-org;1877;amber;green;10;leichhardt street;ronobri;normanhurst;2251;sa;19340111;6848056
org;rec-3407-org;3407;dominic;matthews;67;campbell street;narraburra lodge;coonabarabran;3174;nsw;19470226;3115384
org;rec-533-org;533;samuel;lomman;23;warren place;ngere;devonport;4872;nsw;19031114;1215728
org;rec-508-org;508;macy;gold;7;chaseling street;el pedro caravan park;thornbury;2541;vic;19500326;4728256
org;rec-438-org;438;adam;o'shannessy;53;leibnitz place;bulala;woodville south;2093;vic;19790225;4508790
org;rec-1464-org;1464;abbey;white;106;dobell circuit;espana village;;3199;vic;19200828;8247013
org;rec-540-dup-2;540;anthony;ryan;5;guthridgey rcescent;;chittasay bay;3810;qdl;19211114;2217488
org;rec-2500-org;2500;joel;bowerman;1;field street;;molong;4228;vic;19090613;4028465
org;rec-2799-org;2799;sara;van aardt;7;marou place;redlands;lalor;3165;nsw;19750628;7950048
org;rec-3813-org;3813;brody;moubarak;1;irwin street;cruachan;ringwood;2075;qld;19360610;8771231
org;rec-939-org;939;joshua;walkley;2;reuther street;parklands estate;burwood east;2758;sa;19871023;4249008
org;rec-3148-org;3148;laura;mitton;30;luckins place;rosehill;kirwan;3666;vic;19271002;1272415
org;rec-3779-dup-1;3779;lillianna;white;245;duncan street;clearx reek;queenscliff;2763;sa;19620609;7798744
org;rec-3164-org;3164;dylan;whillas;1;cataract street;st francis vlge;beecroft;3465;qld;19840419;5981860
org;rec-44-dup-3;44;jacob;allchin;2;sternberg crescent;ballina;glengpwrie;2650;nt;19480614;4453111
org;rec-783-org;783;sophie;seen;80;caldwell street;flr 8;geelong west;3125;wa;;1892347
org;rec-1297-org;1297;madeline;burford;11;harrison street;ainslie house;greensborough;5320;qld;19560628;6718942
org;rec-2321-dup-2;2321;jcaob;white;6;appel crescent;rothwelk;barcaldine;2160;qld;19210208;7690666
org;rec-2659-org;2659;giuliana;kemsley;46;wray place;koenarl;spring hill;2606;nsw;19910327;3452350
org;rec-262-org;262;mitchell;egan;4;steffanoni circuit;brentwood vlge;gwynneville;7004;nsw;19980507;5688328
org;rec-3202-org;3202;madelyn;wang;38;ovens street;buena vista;nambour;2577;wa;19280914;9961941
org;rec-569-org;569;jayden;stubbs;2;mauldon street;algonquin;denmark;4122;nsw;19790315;2812489
org;rec-3105-org;3105;jacob;denholm;9;kenyon circuit;inglewood;hamilton north;4811;vic;19821128;3657124
org;rec-3627-org;3627;caitlin;meaney;2;dawes street;greenslopes;cardiff;6168;qld;19090729;8328911
org;rec-1355-dup-0;1355;paris;mcgregor;18;lexcen avenue;;frankston;3939;nsw;19301215;5422850
org;rec-1014-org;1014;daniele;hare;63;burgan place;argyle;peakhurst;4740;vic;19981101;2457655
org;rec-2888-org;2888;grace;coleman;1;o'connor circuit;timaru heights;hermit park;2478;vic;19221002;7944681
org;rec-120-org;120;;moody;177;lampard circuit;phyliss stewart house;dookie;5045;vic;19170327;6658819
org;rec-2793-org;2793;chloe;leaver;11;shann place;caravn park;cherrybrook;4301;nsw;19900722;3018635
org;rec-89-org;89;nicholas;simonetti;32;pickworth street;ashell;kirwan;4005;nsw;19890410;8992443
org;rec-1658-org;1658;christian;green;1;huelin circuit;carrington retrmnt vlge;inglewood;2484;vic;19220121;3375808
org;rec-1141-org;1141;kasey;green;9;spofforth street;laureldale;rivett;2191;wa;;1683627
org;rec-1026-org;1026;imogen;lavender;97;charlick place;dalkeith park;banks;2250;nsw;19920531;5340583
org;rec-1767-org;1767;sophie;shepherd;154;badimara street;cherrybank;;3214;nsw;;2847474
org;rec-2085-org;2085;zane;asher;29;currong street;;hamilton;2217;sa;19900316;5823367
org;rec-2879-dup-0;2879;chelsea;kilby;58;launceston street;thuruna;geelon ggwest;3063;qld;19940503;8676751
org;rec-612-org;612;noah;white;48;howie court;st vincent hosp;cronulla;4740;vic;19801219;8452865
org;rec-2693-org;2693;sebastian;millar;10;hobart avenue;little tinana;wellington point;2780;vic;19360222;2678134
org;rec-71-org;71;angie;hobson;286;chandler street;redwood village;armidale;2340;nsw;19390619;8503078
org;rec-3673-org;3673;anthony;montalvo;31;mortlock circuit;sunnyview;prospect;2101;wa;19280209;1423216
org;rec-2183-dup-0;2183;kyle;noack;71;mcmillan crescent;;creswick;2230;sa;19290903;3982346
org;rec-3048-org;3048;jaiden;neumann;62;torrens street;norfolk estate;mundingburra;3082;nsw;19371111;1618355
org;rec-3658-org;3658;robert;hamelink;27;streeter place;hartley st school;marks point;2170;vic;19660212;6484517
org;rec-1357-org;1357;jessica;cupo;13;keys crescent;kepnock grove;invermay;2446;nsw;19610511;8556638
org;rec-3197-dup-0;3197;samuel;rabe;89;gundulu place;sec 692;st albans;2604;nsw;19460312;2798365
org;rec-1237-dup-0;1237;alec;clarke;;aurora close;border park;glenelg suoth;2201;vic;19780226;2472673
org;rec-1867-org;1867;jade;wortmeyer;24;pleasance place;;nedlands;4179;vic;19700617;4196006
org;rec-3391-org;3391;annalise;mcjannett;115;trickett place;rsl westhaven;charmhaven;4671;nsw;19720216;8337815
org;rec-641-dup-3;641;mhary;patesrn;12;maribyrnongsmavenue;rosedale;parraamtta;2166;vic;19820220;5843579
org;rec-2295-org;2295;jeremy;seo;5;rushbrook circuit;hd willochra;eastwood;4305;nsw;19990731;3616990
org;rec-2110-org;2110;dylan;balingit;18;gilday place;top camp;theodore;3031;qld;19290313;6449155
org;rec-256-org;256;montana;coleman;23;hammond close;wirreanda vlge;currans hill;5214;sa;19730512;6844641
org;rec-1543-org;1543;kyle;novotny;86;mahon place;rowethorpe;rose bay;4170;qld;19151222;3910434
org;rec-776-org;776;hayley;blake;105;mccabe crescent;kindilan;condong;5223;sa;19301214;9365093
org;rec-1419-org;1419;jessica;clarke;59;carron street;mt pleasant;vaucluse;3088;qld;19960705;6396291
org;rec-1960-org;1960;;coulson;74;pialligo avenue;;casino;2671;qld;19900602;8578725
org;rec-3967-org;3967;amy;musolino;45;willoughby crescent;bosmit;annandale;3730;vic;19291214;2970798
org;rec-3897-org;3897;samantha;berry;7;chewings street;st vincents medical centre;kirribilli;3802;nsw;19240430;9239972
org;rec-3707-dup-0;3707;georgia;dignam;66;mccay place;;daylesford;3216;nsw;19660610;7778628
org;rec-3321-org;3321;benjamin;spinato;78;balsillie crescent;ferndale;glenside;3167;qld;19430307;9443152
org;rec-3770-org;3770;macormack;matthews;46;doyle terrace;elston;vermont;7015;qld;19370308;4534306
org;rec-151-dup-0;151;maeison;ricmhind;33;mcinnes syreet;cooranga;craigmore;4035;vic;19090303;4982483
org;rec-791-org;791;chloe;cadman;8;handasyde street;walyaming farms;beaudesert;4680;vic;19950413;4457396
org;rec-1684-dup-0;1684;ethan;lusted;78;baseby lace;;kiara;6214;sa;19950620;8084076
org;rec-113-dup-0;113;alice;riding;18;aspinall street;;maryxorough;2448;wa;19111205;4503673
org;rec-1167-org;1167;joshua;dignam;16;medley street;pink lake caravan park;scarborough;2530;nsw;19330329;1600406
org;rec-3773-org;3773;kalli;kulas;8;may maxwell crescent;australia fair medical west centre;st andrews;2428;tas;19121023;7832481
org;rec-2463-org;2463;george;peachey;114;tingha place;larnach;broadmeadows;2166;vic;19760505;8457842
org;rec-2191-dup-0;2191;lachlzn;egka;7;roebuck street;villa 184;broadmeadows;3020;qld;19050609;5020917
org;rec-1343-dup-1;1343;ethan;hitchenor;106;shenton crescent;rocklea;brookfield;4710;wa;19970114;2038934
org;rec-3183-org;3183;cameron;reid;130;pankhurst crescent;;barwon heads;2566;wa;19290911;3681965
org;rec-2401-org;2401;cameron;coleman;10;edwards street;broadbridge manor;blackmans bay;3630;nsw;19871030;5502408
org;rec-3839-dup-0;3839;luke;tiller;180;villa 3;mackellar csrescent;merrimac;2170;nsw;19301201;5873004
org;rec-874-dup-0;874;imogen;clarke;22;mathieson c rescent;laughalple farm;camperdown;2233;qld;19950710;6865413
org;rec-1902-org;1902;ella;kuzmycz;18;elkington street;rockley;mont albert;2768;nsw;19270204;2588455
org;rec-358-org;358;daniel;lowe;81;dugdale street;gillabri;arcadia;3630;wa;19710116;6182582
org;rec-2461-dup-0;2461;harriet;negri;1;mccabe crescent;bellbird vtge;norman hurst;2306;vic;19551128;6047697
org;rec-3211-org;3211;ashlee;felmingham;11;mackenzie street;brentwood vlge;ringwood;2036;nsw;19131119;5477639
org;rec-2931-dup-0;2931;annabella;modystach;26;stieglitz circuit;rosetta village;woodcroft;5000;nsw;19351112;4886879
org;rec-158-org;158;gabrielle;cochrane;;wilshire street;browne's reef;winthrop;3802;qld;19681006;6678498
org;rec-3193-dup-2;3193;sylvie;morrion;20;aurora close;;lilydale;2203;sa;19820712;2753253
org;rec-2956-org;2956;judah;white;4;bullala circuit;;mountain creek;3116;nsw;19120626;7378751
org;rec-2989-org;2989;kayden;binns;60;linger place;linvale;bray park;5019;;19701230;2653649
org;rec-1034-org;1034;daniel;bassani;106;fidge street;crisvale;geelong west;4131;sa;19120226;6266290
org;rec-1077-org;1077;rosie;minter;27;aurora close;rawdon;trigg;5113;vic;19660316;8729674
org;rec-2301-org;2301;jack;braithwaite;27;donaldson street;yarrabundy palms;edgewater;6064;qld;19141027;8849744
org;rec-3547-org;3547;sarah;mamarika;18;playoust place;wahronga;bundamba;6061;tas;19780314;4876969
org;rec-3871-org;3871;sarah;morrison;53;prichard circuit;innawyn;camperdown;4118;vic;19130827;5804379
org;rec-3368-org;3368;olivia;lipscombe;235;bugden avenue;bungarra;lilydale;2156;nsw;19931118;6027054
org;rec-1585-dup-1;1585;jack;nikolegc;82;burnie street;terrawah;lake tyrrs beach;3068;vic;19001003;7244613
org;rec-2337-dup-0;2337;connor;campbell;148;batchelor street;flt 170;lavreton;4310;wa;19070427;8738165
org;rec-3890-dup-1;3890;hannah;gree;9;lumeah street;;yuroke;4744;nsw;19241228;7692145
org;rec-2220-org;2220;lachlan;sperber;;willcock place;;wangi wangi;2357;nsw;19880118;1770949
org;rec-1511-org;1511;james;white;16;wenholz street;terra nostra;parramatta;4005;qld;19730729;7820214
org;rec-3419-org;3419;adam;blake;125;finniss crescent;fraser lodge;prospect;2620;vic;19400510;4165197
org;rec-3929-org;3929;shawn;petersen;1;macarthur avenue;wheatlea;murray bridge;4740;vic;19220925;9947334
org;rec-63-org;63;olivia;white;55;ern florence crescent;shopping village;mirrabooka;2260;vic;19000106;4996142
org;rec-3131-dup-0;3131;tess;koenders;;lochbuy sutreet;anzac house (cnr racher s street;nunawading;2211;wa;19230116;4141693
org;rec-3528-org;3528;joshua;seselja;17;brimage place;clifden;valentine;3103;qld;19180813;2624259
org;rec-878-dup-0;878;corrie;fraser;5;angophora street;bowill iac ourt;nambour;3201;qld;19010625;5274263
org;rec-69-org;69;chloe;millar;73;harrison street;flt 79;whitemore;3049;sa;19700804;6512572
org;rec-2286-org;2286;jordan;clarke;53;kallara close;woombye trader building;mulgrave east;6006;tas;19600412;9646027
org;rec-1698-dup-0;1698;kiana;laverty;27;alexander maciie circuit;fairburn park;swan hill;4211;nsw;19850402;9806497
org;rec-1912-dup-0;1912;elli;sheremetjev;;hedland circuit;rosetta village;montmroency;4211;nsw;19480904;1142152
org;rec-2240-org;2240;jamie;reni;29;florey drive;barkool;melville;2760;qld;19600301;9028804
org;rec-6-dup-2;6;jesse;jolly;;eucumbenze drive;pegg's creek;elwood;2171;vic;19461208;8758918
org;rec-3752-org;3752;thomas;tossell;4;mcginness street;ainslie house;adamstown heights;4670;nsw;19690619;1062146
org;rec-2409-org;2409;meggie;mason;74;weatherburn place;nunkeri;hammondville;3634;sa;19310222;9048388
org;rec-2892-dup-1;2892;kyle;rushby;42;cory place;optima lodge;mount riverview;4128;nsw;19490720;2200695
org;rec-118-org;118;ewan;mccarthy;8;wanliss street;;mount gravatt;2261;tas;19321002;7920849
org;rec-380-org;380;eboni;white;19;phillip avenue;grey oaks;cape tribulation;3205;qld;19541105;9250242
org;rec-3959-org;3959;christopher;green;56;bywaters place;oak park;lilydale;2567;vic;19260318;4827751
org;rec-3905-org;3905;deakin;campbell;28;buik place;black snake creek;sunnybank;3121;nsw;19660323;3455551
org;rec-558-org;558;nicholas;lamprey;28;canberra avenue;westleigh;bargara;3078;nsw;19420428;1267227
org;rec-941-org;941;bethany;haeusler;5;david street;bracken leigh;williamstown;2906;nsw;19740412;7804536
org;rec-254-dup-1;254;maddison;roller;5;poruts place;glenlee;cromer;5504;nsw;19510401;3881429
org;rec-3763-org;3763;spyke;clarke;39;werriwa crescent;lakeview park;newmarket;3630;wa;19411004;2865913
org;rec-2181-org;2181;jye;nicoll;97;clambe place;waioma;buronga;6155;nsw;19300219;2104348
org;rec-665-org;665;matthew;wilde;8;balala place;railway cottage;broadwater;2035;nsw;19850328;7130362
org;rec-2991-dup-0;2991;taylah;mason;11;captain cook crescent;women's health cottage;duncraig;3550;vic;19811231;9064068
org;rec-1764-org;1764;oliver;blake;30;debenham street;;berwick;2031;qld;19121126;7150707
org;rec-1137-org;1137;sienna;matzka;1849;clancy street;oakdale;caloola;3854;wa;19290110;3436286
org;rec-1473-org;1473;spyke;vanbrecht;78;de little circuit;westside;scarborough;6050;nsw;19160229;7545005
org;rec-2238-org;2238;delaney;berry;16;collings street;wellshot;rosebud;3108;nsw;19350227;5408495
org;rec-3115-org;3115;mitchell;paterson;8;mugga way;leith;cranbourne;3280;vic;19651030;5196452
org;rec-1145-org;1145;pace;huxley;78;sandover circuit;;paddington;4051;nsw;19760323;9318375
org;rec-3090-org;3090;levi;bishop;98;hargraves crescent;glenhurst;wynnum west;2360;vic;19250108;1874436
org;rec-987-org;987;rhett;mewett;9;collings street;nanto;craigmore;2213;vic;19640517;8116985
org;rec-2746-org;2746;zebediah;strehovski;128;hopegood place;rosetta village;geelong east;2256;wa;19640314;1825415
org;rec-3703-dup-0;3703;jacqueline;crofts;10;cumpstond place;barwick wastoral;glenden;4805;act;19240818;4801307
org;rec-3635-org;3635;marlee;thorpe;20;cerutty crescent;glenforslan;frankston;2040;tas;;3715057
org;rec-1258-org;1258;joel;berry;4;burkitt street;carrowmore;edgecliff;4558;wa;19980219;1900351
org;rec-734-org;734;joshua;gilfedder;13;bon place;tubbarubba;mount eliza;3910;act;19531115;2107767
org;rec-1409-org;1409;benjamin;;17;birdwood street;the stables;maryborough;2350;vic;19421106;1712149
org;rec-544-org;544;cooper;holland-dukes;99;noble close;st francis village;;2443;qld;19040414;2142191
org;rec-2074-org;2074;emiily;carmody;30;alexander mackie circuit;knox retirement village;rose bay;3714;nsw;19880523;7984957
org;rec-646-org;646;rebecca;slape;29;marcus clarke street;;pennant hills;4670;nsw;;8704289
org;rec-2052-org;2052;cooper;paterson;6;hart street;ethnam farm;ravenshoe;2478;nsw;19910120;4531974
org;rec-3400-dup-1;3400;heather;rawilngs;69;bundey street;rosetta village;kingsford;4169;vic;19300417;8052358
org;rec-1932-org;1932;benjamin;wynne;42;buller crescent;trinity haven;lyonville;3219;qld;19000704;2403112
org;rec-2310-dup-0;2310;talro;millar;20;sandover circuit;glengarry cottage;belmont;2656;nsw;19560920;2587303
org;rec-951-org;951;matthew;colantoni;35;outtrim avenue;prospect creek;broome;4370;wa;19350526;5672631
org;rec-2403-dup-2;2403;ky;dixon;148;jinka street;enmo re;creswick;2602;wa;19080413;9162308
org;rec-2453-org;2453;;matthews;12;;cooee;toowoomba;3091;qld;19330103;2305211
org;rec-1374-org;1374;felicity;webb;20;summerville crescent;wandendi;bittern;4059;nsw;19581227;4437929
org;rec-3672-org;3672;benjamin;hobson;17;rickard place;locn 6589;highton;4301;sa;19640105;1216255
org;rec-1252-org;1252;;steinert;9;dyett circuit;;hahndorf;3220;nsw;19860209;5411723
org;rec-2978-org;2978;lucy;bellon;6;gouger street;st francis vlge;beaumaris;2340;vic;19850818;5308583
org;rec-1568-org;1568;sarah;anderson-haig;69;browne place;rsde 302;acacia ridge;5068;qld;19741111;4554204
org;rec-3614-org;3614;sarah;clarke;41;coxen street;kincumber nautical vlge;campsie;2027;qld;19201227;8597438
org;rec-2336-org;2336;thomas;fitzpatrick;100;mudie place;executive arcade;creswick;4610;vic;19420522;7235218
org;rec-3342-org;3342;timothy;ferris;180;homburg street;;surry hills;3046;nsw;19591215;5910463
org;rec-1336-dup-2;1336;tiana;daronco;;strehlow place;canberra centre;wahroonag;3249;vic;19440526;2860568
org;rec-2354-org;2354;lucas;goldsworthy;53;narrabundah lane;navan park;mitcham;6043;nsw;19020610;6458434
org;rec-2622-org;2622;harrison;rafanelli;9;lincoln close;parish lorne;leppington;4220;nsw;19210628;5064212
org;rec-3349-org;3349;channing;girdler;34;waterhouse street;paling south;carnegie;2232;wa;19901026;7806132
org;rec-1221-org;1221;georgia;orr-young;167;haystack crescent;sutherwood north;burwood;2036;tas;19060621;6009450
org;rec-896-org;896;crystal;taute;30;phillip avenue;killarney;nunawading;4807;vic;19760130;4917380
org;rec-222-org;222;jacob;wilkins;32;waller crescent;immanuel garden;para hills;2536;nsw;19831203;6207647
org;rec-3416-org;3416;nikita;dinh;15;lutwyche street;palm lake resort;glen innes;4567;sa;19230518;1446845
org;rec-3312-org;3312;sebastian;kolton;21;st john crescent;tantallon;camperdown;6530;wa;19550108;4089886
org;rec-2581-org;2581;matthew;wasteneys;4;croton street;;tharwa;2303;vic;19361207;7262460
org;rec-3890-dup-0;3890;hannah;green;9;lumeah street;bowen park;;4744;nsw;19241228;7692145
org;rec-2374-org;2374;erin;matthews;15;gundara street;carrington retrmnt vlge;blacktown;2449;sa;19191025;5979293
org;rec-2936-org;2936;kyle;schuster;61;jemalong street;geebung;heckenberg;4568;vic;19121027;5476651
org;rec-3579-org;3579;joshua;mccarthy;11;mcrae place;pindara medical centre;budgewoi;5022;nsw;19231016;6674288
org;rec-3043-org;3043;samuel;nguyen;8;musgrave street;glendower;brookfield;2017;nsw;19180725;2433372
org;rec-3623-org;3623;olivia;lovelock;65;bungaree crescent;raworth cottage medical practice;calista;2440;qld;19110704;2609472
org;rec-3934-org;3934;brielle;campbell;21;perrin circuit;villa 5;palgarup mill;2615;nsw;19140923;3949141
org;rec-4-org;4;lilian;golder;56;carnegie crescent;airdrie;malabar;2075;qld;19840205;2549764
org;rec-1596-org;1596;james;noble;2236;emerton street;kingway tourist park;tennyson;3181;vic;19841005;1647087
org;rec-807-org;807;leo;heyer;3;slessor crescent;mt forrest;ormeau;2234;vic;19200228;4301865
org;rec-1970-org;1970;alexander;coulls;106;kerr place;palazz;bonnells bay;4012;qld;19661229;3210228
org;rec-3025-org;3025;lucy;mccarthy;102;cullen street;flowerpot;wombat;3121;vic;19560508;1134992
org;rec-587-org;587;olivia;green;5;patey street;south seas (cnr cook s street;moree;4613;vic;19450201;7099248
org;rec-2683-org;2683;jonah;agius;33;ennor crescent;sect 1488;rose bay;3806;nsw;19700819;1694273
org;rec-2617-org;2617;lachlan-john;agius;150;mckay garden;the gorge portion;berala;5605;qld;19041204;3699985
org;rec-2559-org;2559;lucy;campbell;17;dowling street;;bunbury;4007;nsw;19550609;6649920
org;rec-3389-org;3389;brooke;horsley;75;henning place;deridgeree;kareela;6064;nsw;19320209;4772357
org;rec-3732-org;3732;kelsey;cachia;620;hayter place;;petersham;2220;nsw;19340625;6646429
org;rec-552-dup-0;552;brianna;goode;15;hardma n street;fairholme;rosebud;2774;qld;19980129;8471487
org;rec-3027-org;3027;grayson;marshman;82;risdon place;villa 2;redbank plains;6164;qld;19620201;7981234
org;rec-2834-org;2834;abby;beattie;12;lucy gullett circuit;kooraegulla;cherrybrook;2540;qld;19340908;6048100
org;rec-3839-org;3839;luke;tiller;180;mackellar crescent;villa 3;merrimac;2170;nsw;19301201;5873004
org;rec-3779-dup-2;3779;lillianna;white;245;duncan street;clear reek;queencsliff;2763;sa;19620609;1010993
org;rec-354-org;354;finn;lodge;39;;eventide homes;keiraville;5162;vic;19760603;8523267
org;rec-3347-org;3347;kylee;colpo;10;beetaloo street;padicam;acacia ridge;6054;vic;19171222;4905729
org;rec-1081-org;1081;tayah;george;8;chippindall circuit;jacana park;leeton;4701;nsw;19150524;2922253
org;rec-3134-org;3134;beau;tenbensel;19;verbrugghen street;glendas;mackay north;2325;wa;19500719;8991756
org;rec-1827-org;1827;kristen;clarke;8;rubbo crescent;mt pleasant;lamington;4121;nsw;19661008;4370375
org;rec-170-org;170;matthew;white;2;oldham court;cherry haven;wonthella;2261;nsw;19210429;5747900
org;rec-3417-dup-0;3417;talia;crossell;;borrowdale street;greenslopes;gundagai;5540;qld;19121227;7190843
org;rec-1633-org;1633;dylan;george;88;hawker street;mater professional centre;maitland;7248;qld;19060507;1278171
org;rec-1393-org;1393;blake;laing;121;downward place;ponderosa;thirroul;2646;nsw;19121205;6266730
org;rec-1552-org;1552;stephanie;eglinton;12;moore street;evergreen;malvern;2032;nsw;19570604;3505616
org;rec-989-org;989;phoenix;gazzola;5;oxley street;oora park;canterbury;2753;vic;19930424;3531895
org;rec-97-org;97;jasmine;white;178;edmondson street;pinewood;brighton;2108;wa;19790726;1336317
org;rec-517-dup-3;517;joanna;matthews;26;yampi plvace;villa 3;currimundi;2098;nsw;19920917;3063954
org;rec-2267-org;2267;holly;ryan;162;hilder street;vlla 18 pacific bay resort;manly vale;3105;nsw;19420812;3921086
org;rec-60-org;60;hannah;huddy;27;attunga street;bellevue gardens rv;coconut grove;2611;nt;19600905;3538440
org;rec-2715-org;2715;taylah;mcmullen;8;ainslie avenue;sec 64;cable beach;2190;vic;19710107;1426301
org;rec-1266-org;1266;;simmonds;27;astrolabe street;the rocks;blair athol;2212;nsw;19930714;6152284
org;rec-2579-org;2579;isabelle;tiller;10;muir close;;ballina;3103;qld;19500211;8282026
org;rec-2617-dup-0;2617;lachlan-john;agius;246;mckaygarden;;berala;5605;qld;19041204;3699985
org;rec-2909-org;2909;portia;shepherd;13;phelp court;;mount pleasant;3000;nsw;19820728;6058882
org;rec-1499-org;1499;reganne;blake;6;watson street;border park;yagoona;4883;wa;19040618;7108154
org;rec-3404-dup-0;3404;weaver;emiily;31;clamp place;vill a 2;newborough;3184;vic;19460811;4658122
org;rec-349-org;349;holly;rosendale;1;clode crescent;village on the green;como;3154;tas;19761122;2521424
org;rec-20-org;20;dayna;dudley;14;spowers circuit;2/98-latchford barracks;vermont;3631;wa;19620305;7539566
org;rec-2174-org;2174;jasmine;simmonds;28;maribyrnong avenue;stockwell hotel;coledale;5290;vic;19630317;4332039
org;rec-173-org;173;catherine;dixon;20;forbes street;the lodge;currans hill;3216;;19520915;3196318
org;rec-721-dup-0;721;daniel;shepherd;15;forbes street;bishopsc reek;;2061;vic;19860611;7103479
org;rec-1366-org;1366;georgia;suzor;21;prisk place;valley fair;bayswater;4116;wa;19250113;9764983
org;rec-1973-org;1973;harry;robson;;knox street;mount patrick;port douglas;4161;vic;19690305;5480727
org;rec-195-org;195;hannah;rustam;29;eagle circuit;;kempsey;3802;nsw;19160323;5457962
org;rec-44-dup-0;44;jacob;allchin;20;sternberg crescent;ballian;glengowrie;2650;nt;19480614;4453111
org;rec-2512-org;2512;robbie;miels;14;bennett street;belgrade park;narrandera;2448;nsw;19850130;4115290
org;rec-3885-org;3885;joel;franklin-browne;30;jondol place;eureka;tara;3186;sa;19970823;9625825
org;rec-2775-org;2775;chloe;cruicksank;10;oliver street;westport;parkdale;4557;qld;19571110;6430623
org;rec-1170-org;1170;pace;bishop;38;tantangara street;;jesmond;2110;nsw;19160818;9643179
org;rec-2209-org;2209;brianna;clarke;738;levine street;three rivers tourist park;bray park;2322;wa;19431224;7977087
org;rec-3511-org;3511;brianna;mason;43;bullala court;eagle view;cabramatta;6530;sa;19570823;8834969
org;rec-626-org;626;brooke;dixon;27;scarborough street;umina park;woy woy;2602;qld;19980907;2574357
org;rec-730-org;730;benjamin;;83;herman close;;albury;2517;sa;19241128;4053081
org;rec-482-dup-0;482;fusco;lachlan;6;yakilli park;dampier tcrescent;kangaroo flat;5008;sa;19150326;6398868
org;rec-534-dup-1;534;lachlan;wheatley;30;goodwin street;rosettax village;mount gravatt;4218;sa;19620865;8894816
org;rec-2632-org;2632;nicholas;white;52;newman morris circuit;kressville lodge;whyalla;4109;sa;19221022;8390633
org;rec-885-org;885;zachariah;rhyne;14;archibald street;windorah;picnic point;2170;vic;19260403;1765475
org;rec-3386-org;3386;ned;oats;2;clive steele avenue;aminya vlge;smithfield;6056;nsw;19700916;6084496
org;rec-1310-org;1310;jamie;ryan;46;myall street;old post office;logan reserve;4157;nsw;19171016;9995882
org;rec-3561-dup-0;3561;thomas;dent;60;bega fkats;wilkins street;penola;2483;nsw;19460829;8530789
org;rec-2846-dup-1;2846;cameron;dunstone;62;beaurepaire crescent;ewinga;burwood east;3690;nsw;19040718;3406398
org;rec-521-org;521;seamus;white;49;eddy crescent;acacia house;moorooka;2029;vic;19760529;6510939
org;rec-2824-org;2824;;berry;42;boolee street;mater professional centre;brogo;4170;vic;19001201;6727174
org;rec-2251-org;2251;abbey;ebdell;22;curnow place;fig trees;elsternwick;3483;wa;19950616;3305156
org;rec-2171-org;2171;jordan;leslie;24;bellchambers crescent;st francis vlge;belmont;2335;sa;19940217;2169575
org;rec-1900-dup-2;1900;kieran;everett;;eddy crescent;legacy vlge;noble park;0676;wa;;3831644
org;rec-3151-org;3151;samuel;green;48;tumbleton place;woodsong;loganholme;3166;qld;19650226;2082459
org;rec-1675-org;1675;kale;warnock;95;flora place;;belmont;5052;nsw;19010624;8787123
org;rec-447-dup-0;447;dominic;hislop;17;raffa estate;braine street;dably;5290;aw;19911026;1065977
org;rec-892-dup-0;892;imogen;muehlberg;17;reuther street;blueh ills;parramatta;3300;qld;19300518;6631613
org;rec-413-dup-2;413;sana;morrison;7;baracchi cprescent;buskett homestead;casino;2156;vic;19600409;4877811
org;rec-2722-org;2722;taylor;carmody;29;draper crescent;summer hill;mill park;3154;nsw;19120820;1724081
org;rec-1531-org;1531;imogen;bugera;7;giblin street;gillin park;longreach;4510;qld;19990321;2918146
org;rec-2809-org;2809;brody;georgiadis;85;fitchett street;palazz;bongaree;5351;nsw;19140523;3313838
org;rec-2195-org;2195;jack;bruinewoud;27;eaglemont retreat;glenburnie lodge;menindee;4350;vic;19110322;7968992
org;rec-1685-org;1685;matthew;mcahon;4;grant crescent;morrison park;ringwood;4505;vic;19640204;2357488
org;rec-3474-org;3474;kynan;coleman;10;bimberi crescent;alexandra racecourse;lalor;2430;vic;19691225;5475048
org;rec-389-org;389;jack;seddon;6;gaylard place;brentwood vlge;cleveland;3204;nsw;19501226;8040223
org;rec-76-dup-1;76;benjamin;creten;;dandenong court;rosettauvillage;orange;6157;nsw;19390616;1258716
org;rec-492-dup-0;492;tara;newport;4;halfrey circuit;earl haven;frank ston;2220;qld;19680414;2879086
org;rec-238-org;238;emiily;siviour;26;phillip avenue;australia fair medical west centre;carina heights;5091;nsw;19720527;7196610
org;rec-3290-org;3290;zachary;richmond;14;marou place;hillside farm;port lincoln;0820;qld;19350927;7796486
org;rec-818-org;818;natalia;ryan;40;banfield street;rowethorpe;broadmeadows;2116;wa;19960420;9466043
org;rec-3466-org;3466;catherine;innis;74;lalor street;jetty village;cumnock;3073;nsw;19201201;5145983
org;rec-3080-org;3080;jett;kriaris;;tindall place;medical centre;lavender bay;2257;wa;19240927;6179729
org;rec-3387-org;3387;kyle;dichiera;739;grono place;weeroona;tweed heads south;3218;qld;19720111;2154773
org;rec-101-org;101;courtney;campain;7;muresk street;border park;geelong east;2031;vic;19601220;3854639
org;rec-447-dup-3;447;dominci;hislop;17;braine street;;dalby;5290;wa;19911026;1065977
org;rec-1136-org;1136;kira;lambrinos;21;beaumaris street;st francis village;mitcham;3223;nsw;19040627;3862119
org;rec-130-org;130;erin;mitchell-collins;71;curlewis crescent;lake kennedy street;sharon;4301;qld;19540530;4088713
org;rec-695-org;695;oscar;wilkey;9;venables place;cranbrook;naracoorte;2871;nsw;19680526;5216784
org;rec-2667-dup-1;2667;lee;nortonb-aker;55;grimshaw street;tewantin plaza;campsie;4650;sa;19420718;3972176
org;rec-1013-org;1013;archie;george;10;mcclure street;marylebone;junortoun;2166;sa;19010101;9493364
org;rec-2070-org;2070;shae;browne;29;deamer crescent;riverview terraces;frankston;3105;vic;19280429;6660713
org;rec-891-dup-1;891;madelnie;;7;dixon drive;jestarlei;;2280;wa;19761231;9595082
org;rec-3841-org;3841;james;kristoff;18;zox circuit;albeni station;labrador;5573;nsw;19880902;1382074
org;rec-218-dup-1;218;abbey;morirson;315;rosebery street;heritage mranor est;port macquarie;5075;vic;19880610;1896150
org;rec-213-org;213;nicholas;dudley;36;renwick street;lynden grv;melton south;3076;vic;19340905;8977839
org;rec-3888-org;3888;hannah;manson;17;battersby circuit;westbury;mosman;5082;nt;19450818;4650037
org;rec-3899-org;3899;joshua;walls;9;wettenhall circuit;hopefield;spring hill;5034;nsw;19771001;5246005
org;rec-588-dup-2;588;henry;agius;23;hindmars hdrive;;toowoonba;2280;vic;19840529;6445755
org;rec-3542-dup-0;3542;kirra;gaskin;15;;jodayne;auburn;4043;vic;19901111;6678130
org;rec-3534-org;3534;luke;georgiadis;55;pasmore close;little forest;dalby;2147;vic;19590710;4025743
org;rec-3504-org;3504;ethan;coleman;14;evelyn owen crescent;acton road;annandale;2449;nt;19170126;6001430
org;rec-1339-org;1339;kylee;haggett;22;tipiloura street;manning village;ballarat;3461;wa;19321019;2359636
org;rec-1133-org;1133;phoebe;webb;43;mcilwraith close;wealdstone;doubleview;2640;sa;19710709;9440223
org;rec-1850-org;1850;zachary;quinton;64;owen dixon drive;anzac house (cnr archer s street;auburn;7315;vic;19470817;1609279
org;rec-1645-org;1645;kyle;maclaine;37;fihelly street;;williamstown;4223;sa;19301007;4564653
org;rec-3393-org;3393;harry;boyle;142;jardine street;henry kendall bayside;canterbury;3054;qld;19140702;3918781
org;rec-1306-org;1306;emiily;grosvenor;58;hadleigh circuit;anglevale;daradgee;3130;nsw;19440317;6430853
org;rec-3395-org;3395;luke;;6;macrossan crescent;kooltuo;mooroolbark;7307;vic;19621028;5806498
org;rec-2742-org;2742;danielle;clarke;45;erldunda circuit;avenel;mona vale;4815;sa;19460817;1807971
org;rec-849-org;849;mia;eke;175;fitchett street;minnavale;monduran;2021;nsw;19400109;8507820
org;rec-2795-org;2795;jye;sydorenko;5;southern cross drive;glenachcrawne;wallsend;2280;wa;19270413;7171399
org;rec-3487-org;3487;ella;mason;54;coxen street;;coconut grove;7325;vic;19741129;8612352
org;rec-2221-org;2221;kane;paine;109;mt warning crescent;wandary hill;daw park;2022;qld;19301227;2246239
org;rec-3063-org;3063;stella;spratt;21;revell close;lytton;dianella;3357;nsw;19470109;3519818
org;rec-3996-org;3996;tahnee;campbell;150;chillagoe street;;bethania;2785;qld;19171003;6587343
org;rec-3700-org;3700;mitchell;satterley;15;faunce crescent;eden park;cecil plains;2131;nsw;19420624;8285291
org;rec-2040-org;2040;kayla;fendy;14;nemarang crescent;telopea park;paddington;4109;vic;19470126;6141847
org;rec-120-dup-0;120;;moody;177;lampard circuit;phyliss stewart house;dookie;5045;vic;;6658819
org;rec-1032-org;1032;kiria;green;8;tallon place;craigston l1bg;kondinin;2045;wa;19390924;3477374
org;rec-1640-org;1640;benjamin;howie;2;fitzsimmons street;willandra;andergrove;3182;vic;19970912;1279138
org;rec-960-org;960;paris;sonnack;42;clode crescent;knackery rhs;ballarat;3130;vic;19220619;2096926
org;rec-1075-org;1075;cambell;clarke;26;warrego circuit;clanoc cottage;macquarie plains;2046;vic;19570506;3865988
org;rec-935-org;935;harry;byrt;2;brereton street;virginia estate;south grafton;3006;nsw;19970708;6112200
org;rec-2470-org;2470;matilda;longman;4;lucy gullett circuit;;moree;2605;qld;19150612;4658307
org;rec-3305-org;3305;arabella;basyaruddin;76;beddome place;cascade condo;bargara;6056;wa;19051108;7520209
org;rec-3880-org;3880;barnaby;du;22;mcconnel crescent;padgee;bundaberg;5211;nsw;19200622;7692441
org;rec-2565-dup-1;2565;;leszczynski;55;hyndes crescent;killarney;st kilda east;7010;nsw;19951021;3600921
org;rec-153-org;153;tyler;hursey;17;marr street;kilnacrott;salisbury heights;3175;qld;19050606;3988955
org;rec-555-org;555;kade;laing;31;robin place;pia place;strathalbyn;3207;qld;19120703;5571766
org;rec-2853-dup-2;2853;ella;al lik;31;darbys treet;riverland village;st luvia;2212;wa;19241203;6838082
org;rec-982-org;982;jazz;;5;tantangara street;;ringwood;2099;wa;19920829;2782706
org;rec-150-org;150;nathan;hand;28;hindmarsh drive;rsl park;castlemaine;2071;sa;19411217;1683498
org;rec-786-org;786;;coenen;67;florey drive;lamington national;palmerston;3677;qld;19440508;2701012
org;rec-117-org;117;talissa;irudayaraj;85;alawa street;mundine 30 km;magill;4019;qld;19510315;1178388
org;rec-3628-org;3628;riley;mainsbridge;7;brunswick circuit;glenresa;scarborough;3564;vic;19890422;1036760
org;rec-215-org;215;archie;laundon;;summerland circuit;jewells medical centre;westbury;2450;qld;19631210;6584147
org;rec-2514-org;2514;grace;mewett;19;wattle street;mt moornambool;port neill;5125;act;19101115;9103409
org;rec-593-org;593;montanna;tomney;50;dettmann close;;montmorency;2176;wa;19011016;9144639
org;rec-2177-org;2177;cooper;berry;6;keith street;;north bondi;2085;qld;19750704;5874084
org;rec-2159-org;2159;cameron;provan;36;crommelin place;goyder centre;forrest;6059;nsw;19841208;6733053
org;rec-275-org;275;rachel;fragomeli;25;warby place;crisvale;caulfield north;2145;vic;19840903;4480294
org;rec-246-org;246;taalia;lowe;10;alberga street;robin's cottage;toowoomba;5072;nsw;19140512;5974398
org;rec-2475-org;2475;abii;zilm;27;glover street;alongamor;beechboro;3070;sa;19680921;4597212
org;rec-913-org;913;thomas;morrison;9;quandong street;villa 2;point cook;2756;nsw;19930907;1707268
org;rec-3033-dup-1;3033;lauren;hyland;5;goodchil dstreet;carawqh rmb 2;lockwood;2065;nsw;;7541438
org;rec-2204-org;2204;holly;passmore;;badenoch crescent;;paralowie;2077;nsw;19811218;3400151
org;rec-3373-org;3373;georgia;hunting;25;myles connell crescent;scots college;woodcroft;2430;vic;19480920;1198435
org;rec-575-dup-2;575;dylan;;102;bainton creescent;cadogan;lalogr park;4304;nsw;19920616;7632481
org;rec-3040-org;3040;kyle;fenwick;283;dexter street;loughmore;edensor park;3225;wa;19060130;8007817
org;rec-3806-org;3806;india;borgelt;16;le hunte street;inglewood;broken hill;3500;vic;19050219;1876004
org;rec-1684-dup-2;1684;petreece;lusted;78;baseby lace;;east branxton;2133;sa;19950620;8084076
org;rec-781-org;781;oliver;harward;264;cockle street;village on the green;woodlands;3133;wa;19620903;4948144
org;rec-478-dup-2;478;nataoia;harrland;121;edmundsplace;brightlin park;severnlea;5417;nsw;19800313;1893606
org;rec-3827-dup-1;3827;lachlan;dearing;;alexander mackie circuit;;auburn;4805;tas;19581221;3333878
org;rec-1764-dup-1;1764;oliver;blakem;30;debenham street;;berwick;2031;qld;19121126;7150707
org;rec-1564-dup-0;1564;lily;hoistech;56;jennings stnreet;tupelo;blackall;2161;nsw;19781005;4152694
org;rec-3392-org;3392;james;burrill;27;fullagar crescent;peak view;chinchilla;6514;nsw;19180116;9275216
org;rec-2808-org;2808;robert;filipovic;30;longley place;oivi;tweed heads;2130;tas;19890812;6007009
org;rec-2986-org;2986;blake;grimm;24;epenarra close;stayput;moruya;4655;act;19181229;4546654
org;rec-928-org;928;jayden;white;57;o'rourke street;ascotvalley;mosman;5211;vic;19000726;1067788
org;rec-3394-org;3394;jared;iussa;267;wilkins street;;junee;6169;qld;19471102;6015111
org;rec-1771-org;1771;joshua;cowell;20;saltash place;yambacoona;punchbowl;3089;vic;19491005;8998369
org;rec-767-dup-0;767;toyby;hannax;18;correa street;rowethorpe;st agnes;3638;qld;19361118;5825982
org;rec-1481-org;1481;nicholas;ryan;115;barnett close;rosedale;kendall;4211;sa;;6883455
org;rec-475-org;475;emma;spicer;91;brodzky place;aberglasslyn cottage;yerrinbool;2756;vic;19601213;9985208
org;rec-1382-org;1382;isabelle;jolly;140;duterrau crescent;unt 2;annandale;5606;qld;19581126;1945608
org;rec-3867-org;3867;harrison;verschoor;357;ballard place;burnside;dangar island;3190;vic;19470624;5147849
org;rec-802-org;802;koben;ryan;47;isles place;the iron farm;seddon west;2126;sa;19890420;9013052
org;rec-2691-dup-0;2691;harley;bizjak;8;roughsey place;conmfrra;dover garsens;3043;qld;19671030;2461092
org;rec-2279-org;2279;daniel;large;44;quandong street;corcoran;mill park;2303;wa;19440917;8722966
org;rec-3084-dup-2;3084;mollie;green;27;dumaresq street;brindabella spceialist centre;currajong;4215;qld;19681231;1688305
org;rec-2908-org;2908;kaitlyn;musolino;23;meehan garden;villa 5;toowoomba;6003;;19311214;7052813
org;rec-795-org;795;michael;mikeska;47;bethune close;st frances village;homebush;7249;tas;19820421;6398687
org;rec-3832-dup-1;3832;bertie;clarke;25;roope close;st francis village;toosoomba;4112;wa;19230111;2081991
org;rec-2507-org;2507;james;berry;9;anzac park;anzac house (cnr archer s street;albion park;2112;nsw;19611212;6837199
org;rec-138-org;138;james;rundle;170;kallara close;;kogarah;3038;qld;19100827;9310176
org;rec-321-org;321;michael;luckman;8;percival street;allandale;lakemba;4103;qld;19120307;2498970
org;rec-3337-org;3337;jack;egan;1;strickland crescent;villa 3;sanderston;3400;nsw;;8962560
org;rec-3021-org;3021;adam;blunden;10;bundeela street;pine creek rubyvale;salisbury;3585;tas;19370107;8730932
org;rec-3775-org;3775;abbey;speeles;29;mawson drive;;frankston;3194;qld;19571030;5200198
org;rec-339-org;339;carly;surch;22;moruya circuit;allandale aged care facility;west swan;2650;vic;19690119;2183302
org;rec-2271-org;2271;darcy;wilkey;;bugden avenue;mendip lodge;beeliar;2044;sa;19190826;4452928
org;rec-930-dup-0;930;naomi;haniagn;5;foxlowcoose;heysen vlilage;albion park;3212;nsw;19973015;2581739
org;rec-1585-dup-2;1585;blakeston;nikolec;82;burnie street;terrawnah;lake tyers beach;3068;vic;19001003;8778791
org;rec-1439-org;1439;benjamin;huddy;4;paul coe crescent;broadwater caravn park;connolly;4218;qld;19050314;9950949
org;rec-2316-org;2316;thomas;burleigh;34;tilley place;;cobar;5088;vic;19840110;8291289
org;rec-1130-org;1130;lochlan;taniora;14;caley crescent;parkglen;balwyn north;6148;qld;19371212;9723633
org;rec-2516-dup-0;2516;alex;kesseck;11;alroy cirxuit;shamro ck vale;brighton;2321;nsw;19040802;8516644
org;rec-1821-org;1821;nicholas;browne;;birnie place;gobbagumbalin;wamberal;2607;nsw;19290626;5372755
org;rec-2119-dup-2;2119;conor;hilotn;;mackenzie street;parraweena;kurri kurri;4701;vic;;2641578
org;rec-2196-org;2196;jack;maier;207;curtis place;rosewood garden;bomaderry;3124;act;19630227;9021684
org;rec-3199-org;3199;jake;cassebohm;;durack street;mariah;agnes banks;2402;nsw;19450703;3347709
org;rec-3319-org;3319;kane;tallarida;11;burrendong street;northbridge marina;ngunnawal;2024;vic;19500717;7132573
org;rec-1033-org;1033;kate;mormina;14;narrabundah lane;lingard;dysart;2101;vic;19200528;1018945
org;rec-2460-org;2460;nicholas;hathaway;74;;flemington markets;mill park;6011;nsw;19390305;1796925
org;rec-115-org;115;brianna;savino;51;fred johns crescent;bringalong;mitcham;3912;nsw;19060713;8630282
org;rec-2006-org;2006;kristin;campbell;47;clarendon street;kelman vineyard;black rock;5091;wa;19010817;4985643
org;rec-825-org;825;latham;roles;373;clarkson street;flr 2 dunkheld garden;tarragindi;2840;vic;19640222;9026329
org;rec-2047-org;2047;jack;lesevre;1;corinna street;ben nevis estate;eumundi;3196;qld;19020429;2127538
org;rec-1493-org;1493;victoria;white;63;fihelly street;weeroona;greenacre;6215;sa;19530625;6306432
org;rec-902-dup-1;902;emma;plane;81;smit hs road;gungahlin market place;hat;3030;vic;19661123;7916163
org;rec-3754-org;3754;kylie;reid;111;learmonth drive;;corlette;3844;qld;19410328;8486308
org;rec-3931-org;3931;brett;crouch;34;fred lane crescent;moonbi;ngunnawal;4715;vic;19331017;4173155
org;rec-40-org;40;melinda;rachwal;9;meeson street;lethbridge court;armidale;2729;wa;19021119;2314192
org;rec-1510-dup-0;1510;kirrc;beaumaris;10;garratt street;dudley specialist medical centre;ashfield;2290;qld;19810427;5470242
org;rec-2233-org;2233;emiily;;18;derrington crescent;ronobri;mitcham;3169;nt;19550113;9032625
org;rec-187-org;187;kyle;miles;48;archibald street;teneriffe wharfs;hillston;2265;vic;19580827;6652792
org;rec-385-org;385;liam;crouch;3;basedow street;berkeley vlge;williamstown;4116;nsw;19400226;7257382
org;rec-2544-dup-2;2544;travis;jinag;36;crozier circuit;villq 3;warrandyte;2083;nsw;19170723;4769595
org;rec-3328-org;3328;sophie;hingston;180;gillespie street;ark hall;corryong;2611;nsw;19390502;3087250
org;rec-1479-org;1479;oliver;yeap;536;beattie crescent;bunkers hill;calliope;3630;vic;19710906;7728520
org;rec-1230-org;1230;joshua;jiang;4;leahy close;peridon vlge;cleveland;4807;wa;19620613;7585236
org;rec-779-org;779;thomas;mcmullen;38;lewis luxton avenue;murray vale murray valley;annandale;2233;vic;19560316;4100885
org;rec-2263-org;2263;amber;bellchambers;;jelbart street;bayview caravn park;caulfield;5048;sa;19121017;5115726
org;rec-1051-org;1051;giuliana;nguyen;52;bennelong crescent;jackaranda lodge;picnic point;2747;nsw;19301219;6532262
org;rec-2479-org;2479;kyle;clarke;76;matina street;summer hill;ruse;3224;vic;19820822;7536088
org;rec-3094-org;3094;summer;portlock;16;greenough circuit;lawless;silverdale;2066;vic;19280613;2780442
org;rec-1825-org;1825;michael;navatu;28;hattersley court;;barmera;2070;qld;19850628;1424811
org;rec-1593-org;1593;teagan;haeusler;23;crofts crescent;essex stud;ardeer;4570;qld;19340508;3947246
org;rec-1944-org;1944;sarah;pontt;50;luckins place;women's health cottage;edithvale;2145;nsw;19860402;9727241
org;rec-421-org;421;hannah;tschirpig;25;flora place;pieracle;jamberoo;3429;sa;19490725;7529626
org;rec-1326-org;1326;demie;jefferys;10;julia flynn avenue;beltrasna angus stud;boorowa;3660;nsw;19140220;7605373
org;rec-2378-org;2378;cooper;white;31;northbourne avenue;hmas cerberus;echunga;2137;nsw;19800914;8224628
org;rec-3085-org;3085;oliver;siviour;44;bingley crescent;;glenelg south;5087;sa;19700312;7095801
org;rec-796-dup-1;796;clarke;tylah;14;macrossan crescent;st john of god hosp;samford;5051;nsw;19420819;3549452
org;rec-494-org;494;clodagh;ryan;8;magrath crescent;moorillyah;evanston gardens;3136;sa;19530524;2244255
org;rec-2172-org;2172;jeremiah;matthews;89;laverton avenue;;wandi;6058;vic;19610721;2629932
org;rec-3855-org;3855;nathan;heidrich;81;osborne place;ra 23012;cronulla;2756;nsw;19551225;7440531
org;rec-2385-org;2385;lucy;clarke;45;o'grady place;waddi;port lincoln;7248;nsw;19180803;9449841
org;rec-2890-org;2890;tarnia;burghof;48;howitt street;riversdale caravan park;lakemba;4006;nsw;19120106;8175593
org;rec-1381-org;1381;campbell;mason;1;jackie howe crescent;sunningdale farm;wilkesdale;2223;vic;19130426;5903375
org;rec-1132-dup-0;1132;michaql;jaminon;15;guguru place;;cooranbong;6725;qld;19440423;7661989
org;rec-2045-org;2045;lochlan;paterson;19;percival street;foxdown;hoppers crossing;2033;vic;19970905;2148587
org;rec-59-org;59;joshua;versteegen;18;axford place;robina;moe;2713;qld;19250326;3869579
org;rec-3916-org;3916;william;zimmermann;1074;bayly place;inghams plant;swan reach;2747;tas;19721005;6385533
org;rec-647-org;647;neneh;nguyen;18;kosciusko avenue;;dean;2233;wa;;2281360
org;rec-2415-org;2415;jack;tomney;10;chandler street;;ventnor;2653;vic;19080510;4953396
org;rec-3173-org;3173;deakin;ludgate;17;robertson street;rosetta village;frankston;2287;vic;19341124;5710253
org;rec-1878-org;1878;harley;shepherdson;4;archibald street;mt providence hostel;thornlie;5290;vic;19410928;2416291
org;rec-2884-org;2884;jessica;dixon;143;hicks street;;bacchus marsh;5161;sa;19640427;3252620
org;rec-3452-dup-1;3452;emmt;jeffries;14;connel l place;rosehill;sanctuayr point;2261;qld;19130331;8849668
org;rec-3084-dup-1;3084;mollie;grpen;54;brindabella specialist centre;dumaresq street;currajong;4215;qld;19681231;1688305
org;rec-352-org;352;harry;reid;5;roper place;robley house;yagoona;5032;nsw;19280714;3527397
org;rec-3108-org;3108;;klemm;560;corinna street;kildurham;cleveland;4814;nsw;19121226;5510163
org;rec-1885-dup-1;1885;jemms;ryan;157;attiwell circuit;medical centre;old bqr;2170;tas;19080812;1482721
org;rec-3531-org;3531;yana;wasley;10;northbourne avenue;murga ridge;camira;6104;vic;19270201;8510118
org;rec-411-org;411;rhys;priest;295;de gillern place;bindaree;woombye;2390;nsw;19880424;9814170
org;rec-22-org;22;pino;campbell;171;jondol place;sunshine coast private hosptl medcl cent;melton south;2550;wa;19250806;9478368
org;rec-3960-org;3960;shanaye;ryan;5;salomons place;mulvra;bomaderry;2906;nsw;19810328;5633110
org;rec-1309-org;1309;laura;morrison;19;duffus place;glenlee;penshurst;7250;vic;19250508;8283141
org;rec-3473-org;3473;brooke;white;11;berkeley street;;forbes;5048;qld;19860910;6939392
org;rec-3839-dup-1;3839;luke;till er;180;mackellar crescent;vilpa 3;merrimac;2170;nsw;19301201;5873004
org;rec-3291-dup-0;3291;shandril;shepherd;10;dewar place;jormaizwe;greenfield park;3840;vic;19600410;3749954
org;rec-2467-dup-3;2467;maddison;joeo;28;moore street;;samson;3165;act;19070524;6246777
org;rec-3400-dup-0;3400;thomas;rawlings;69;bundey street;rosetta village;kingsford;4196;vic;19300417;4079800
org;rec-3193-org;3193;sylvie;morrison;;aurora close;;annandale;2203;sa;19820712;2753253
org;rec-1068-org;1068;brooklyn;berry;44;aspinall street;;monbulk;2217;vic;19350909;3909107
org;rec-3721-org;3721;sara-louise;denholm;60;eugenia street;birrabilla;heathmere;3133;nsw;19800823;9494007
org;rec-3974-org;3974;takara;large;9;piesse place;lake line estate;roselands;4580;vic;19580304;7342277
org;rec-2425-org;2425;isabella;rothe;23;bennelong crescent;corporate house;alton downs;7249;nsw;19540426;7542084
org;rec-1244-org;1244;ruby;orchard;43;walton street;macian house;bonnells bay;2060;vic;19510630;8343975
org;rec-1228-org;1228;shana;steed;180;duterrau crescent;foxdown;bundaberg;4735;vic;19610819;8191308
org;rec-1738-org;1738;natassia;dabinet;1;pullen street;the willows;somerton park;5014;vic;19911017;1642266
org;rec-72-org;72;d'arcy;fawkner;;boucaut place;pacific palms caravn park;bundaberg;6155;act;19391213;2427778
org;rec-1219-org;1219;jaden;colquhoun;;andamooka street;dalkeith cottage;armidale;4510;nsw;19730114;9433069
org;rec-2544-org;2544;travis;jiang;36;crozier circuit;villa 3;warrandyte;2083;nsw;19170723;4769955
org;rec-3457-org;3457;brayden;marring;50;moorhouse street;medical centre;jerrabomberra;6020;nsw;19030901;1222126
org;rec-240-org;240;dylan;clarke;15;kitchener street;gallagher house;bacchus marsh;2340;vic;19380716;4709536
org;rec-3398-org;3398;ebony;saenz;;santalum street;wonkinya;hastings;4825;nsw;19880319;4989262
org;rec-930-org;930;naomi;hanigan;5;foxlow close;heysen village;albion park;3216;nsw;19970315;2581739
org;rec-523-org;523;april;nguyen;2;perry drive;riana;altona meadows;7307;nsw;19720116;3803841
org;rec-515-org;515;lachlan-john;garcia;18;burn street;elston;vaucluse;3072;wa;19380212;3744625
org;rec-2493-org;2493;jasmine;lipscombe;236;burkitt street;burong;hughes;4700;sa;19431215;7544045
org;rec-1707-org;1707;chloe;campbell;72;investigator street;roseleigh farms;urana;3844;nsw;19430414;6716303
org;rec-1139-org;1139;tyler;stanbury;6;grylls crescent;wyuna;kingaroy;3153;qld;19720223;3673567
org;rec-1648-org;1648;melanie;sherriff;49;maclean street;surfside park;mill park;3002;wa;19881023;8659347
org;rec-1890-org;1890;sean;ollwitz;15;jansz crescent;elston;barongarook;4305;nsw;19571209;8175264
org;rec-2867-org;2867;mason;;103;scott street;hermans hideaway;fishermans paradise;5118;vic;19160808;6481317
org;rec-2034-org;2034;joselyn;dorsey;19;ballumbir street;tudor court;anglesea;2086;vic;19270528;9290769
org;rec-2959-org;2959;aidan;kowald;35;woolcock street;grand view;robina;5290;qld;19810830;9538499
org;rec-3976-dup-1;3976;tara;green;34;marstonplace;;point cook;4807;vic;19860816;4388415
org;rec-1649-org;1649;kobe;stubbs;8;werriwa crescent;vil 21;new town;2121;qld;19061211;6247050
org;rec-1842-org;1842;quinn;steers;18;rogers street;;port lincoln;3070;nsw;19150421;2538768
org;rec-3968-org;3968;elise;norrison;23;biddlecombe street;wingara;mitcham;6230;vic;19770819;9705642
org;rec-1943-dup-0;1943;tara;bansmrer;3;wark street;athkoen;leichhardt;7011;qld;19191231;1701634
org;rec-2687-org;2687;alex;krecu;70;fisken crescent;;williamstown;2193;nsw;19801130;2585362
org;rec-546-org;546;tara;bindoff;41;alinga street;jessiefield;verrierdale;3150;nsw;19790822;9078771
org;rec-3488-org;3488;joshua;coleman;29;gellatly place;;kaleen;2640;nsw;19850410;4631366
org;rec-2754-org;2754;alisa;haeusler;2;mertz place;villa 102;ingleburn;2750;vic;19411013;4389662
org;rec-690-org;690;lewis;witty;20;stapylton street;town & country caravn park;south perth;6164;vic;19630812;6717704
org;rec-3185-org;3185;annabelle;yu;19;burkitt street;belmont park belted galloway stud;trott park;2330;qld;19560911;4766354
org;rec-613-org;613;jack;killington;232;clavert place;berkeley vlge;barmah;5374;wa;19020402;2746521
org;rec-681-org;681;blake;whishaw;31;jardine street;trinity college melb uni;keysborough;6107;nt;19571209;9772611
org;rec-3471-org;3471;daniel;death;3;boote street;sunbury;seymour;2519;vic;19501123;4902977
org;rec-973-org;973;ashley;heron;22;rudall street;byron lodge;seaton;3199;nsw;19240516;5451384
org;rec-1052-dup-2;1052;;speight;27;daley crescent;st john of god hospital;labrador;2750;wa;19510627;1975078
org;rec-1797-org;1797;connor;white;106;bowen street;urunga;bundaberg;4802;qld;19640503;8992284
org;rec-2459-org;2459;elysse;hauripz;7;sherbrooke street;;o'sullivan beach;3135;vic;19590703;9991182
org;rec-2803-org;2803;carmen;hingston;61;reveley crescent;tyrolean vllge;cambridge gardens;3226;nsw;19980112;9748318
org;rec-3415-org;3415;isaac;gibb;16;madsen place;dudley specialist medical centre;frenchs forest;6050;vic;19800316;7618717
org;rec-1794-org;1794;;hodby;20;mckillop circuit;balamba;emerald;2290;vic;19360817;5003925
org;rec-1355-dup-2;1355;paris;mcrgegor;18;lexcen avenue;cerbrus;frankston;3939;nsw;19301215;5422850
org;rec-618-org;618;sidonie;tapper;12;arabana street;;marks point;2611;sa;19350920;4252191
org;rec-2925-dup-0;2925;emiily;lyden;279;marsden sreet;market town centre;cleveland;7286;nsw;19421122;5252810
org;rec-1829-org;1829;emma;speight;76;badenoch crescent;glenairne;kangaroo flat;3212;vic;19321214;6079144
org;rec-2041-org;2041;andrew;heyes;12;wolstenholme street;donnelly rvr villg;campbelltown;2147;nsw;19440512;3530011
org;rec-2931-org;2931;annabella;modystach;26;stieglitz circuit;rosetta village;woodcroft;5000;nsw;19351112;7895561
org;rec-751-org;751;jayden;mckerlie;;holland street;mountainview retirement vlge;kiels mountain;3043;vic;19110612;4741347
org;rec-3187-org;3187;amber;millar;101;backhouse street;ocean park towers;lorn;4551;qld;19790125;7363827
org;rec-3308-org;3308;ella;lero;21;bainton crescent;villa 3;wanneroo;2299;nsw;19291206;7785323
org;rec-3716-org;3716;campbell;parr;;nulsen circuit;colomie;frankston;4109;vic;19481110;6578478
org;rec-3912-org;3912;shane;tippins;36;hyndes crescent;kmart p plaza;glenelg south;4870;nt;19340321;4668489
org;rec-3970-org;3970;rebecca;laney;43;coreen place;warra warra;belmont;6062;qld;19300322;9928277
org;rec-1778-org;1778;alexandra;cannons;48;nardoo crescent;brentwood village;woodend;2096;vic;19110616;1297509
org;rec-892-dup-1;892;harroet;;17;reuther street;blue hills;parramatta;3300;tas;19300518;6631613
org;rec-347-org;347;ethan;farah;13;poynton street;racecourse;coombabah;2250;nsw;19450621;2090871
org;rec-182-org;182;lachlan;salt;37;port jackson circuit;elenera;ivanhoe;3102;nsw;19270329;2059611
org;rec-465-org;465;joshua;jolly;;vasey crescent;glenview;knoxfield;2220;vic;;3317758
org;rec-1129-org;1129;jackson;elphick;;bimberi crescent;reed thoroughbred stud;panorama;4521;nsw;19860713;8548975
org;rec-3862-org;3862;kane;mewett;14;anthony rolfe street;evergreen;cordeaux heights;7321;sa;19730430;8735955
org;rec-3037-dup-0;3037;evan;vincent;13;bourne street;ewing a;utakarra;2223;nsw;19830418;9228763
org;rec-2185-org;2185;elisha;bloomfield;102;geils court;ashdown;millgrove;2620;qld;19820420;9956262
org;rec-179-org;179;connor;dearing;2;mainoru place;st 1d;dundowran;2424;vic;19780218;6997740
org;rec-290-org;290;roberta;reinmuth;2;macgregor street;;potts point;4122;qld;19190511;2205301
org;rec-1515-org;1515;mitchell;stanley;919;neumayer street;sunset;box hill south;5290;wa;19220925;6895616
org;rec-3868-org;3868;heath;bissett;201;tullaroop street;dusty corner;concord;4205;nsw;19150614;6984995
org;rec-436-org;436;jackson;leicester;22;spowers circuit;;wandin north;3134;qld;19350107;8455371
org;rec-667-org;667;joshua;kelley;16;monson place;;lindfield;2151;qld;19870125;5385611
org;rec-3512-org;3512;tayah;noble;11;paul coe crescent;towrie cottage;maryborough;4217;nsw;19550428;3760414
org;rec-423-org;423;aimee;du;2;derwent street;willonyx;nambour;3053;qld;19631003;7973000
org;rec-1243-org;1243;laetitia;miles;25;burnie street;pevensey;kilsyth;2130;nsw;19880305;3061064
org;rec-2839-org;2839;tyler;campain;14;daglish street;nullo mntain;mooroolbark;3174;nsw;19380323;8182947
org;rec-146-org;146;april;ebert;13;mcghie place;;callala bay;4163;wa;19740831;2222318
org;rec-1264-org;1264;elizabeth;rees;85;poynton street;;rye;2153;nsw;19971205;4090476
org;rec-1849-org;1849;keahley;armanini;1;tyson street;house 8;putney;2262;nsw;19630209;1351100
org;rec-2535-org;2535;jacob;harrington;27;carruthers street;lake side caravn park;port pirie;2076;vic;19960726;3579386
org;rec-196-org;196;jaggah;travini;66;;villa 5;callala bay;6007;wa;19910415;2760893
org;rec-1663-org;1663;;campbell;65;moore street;rosedale;elermore vale;3187;vic;19600727;7261504
org;rec-1237-dup-2;1237;aler;clarke;;aurora close;border park;glenelg south;2204;vic;19780226;2472763
org;rec-2078-org;2078;kiera;wasley;51;harbison crescent;under silos;west swan;7330;vic;;2441009
org;rec-3573-org;3573;kelsye;jolly;23;edkins street;nulama village;coolah;2307;vic;19260628;5940768
org;rec-454-org;454;jasmine;bramble;7;boddington crescent;;goodna;6065;vic;19570501;4506195
org;rec-1338-org;1338;emma;kiss;3;bingley crescent;panaroo farm;potts point;2250;nsw;19610618;2729395
org;rec-2393-org;2393;liam;edson;37;hamelin crescent;;port sorell;5540;qld;19190430;1724242
org;rec-1399-org;1399;izaac;furness;670;jamieson crescent;shepherds hill;hinchinbrook;3184;wa;19391228;5768575
org;rec-557-org;557;jessica;pringle;61;hayward street;braeburn;florey;2800;qld;19330525;8308454
org;rec-94-dup-0;94;natala;flannery;14;copland drive;hayfield vlge;toowoobma;2221;nsw;;2007743
org;rec-3805-org;3805;noah;dudley;260;casson street;hemco park;ardeer;7325;wa;19170701;4155481
org;rec-3401-org;3401;breony;glass;5;higinbotham street;the lodge;sunshine;2039;qld;19820620;5687846
org;rec-400-dup-0;400;kristo;guiler;61;luckinsplace;pink lake caravan park;summrr hill;0800;qld;19581127;1419169
org;rec-1968-org;1968;isaac;longo;219;casey crescent;villa 9 fingal haven;caves beach;2283;nsw;19140501;7261812
org;rec-3406-org;3406;;clarke;37;lawrence wackett crescent;riverside park;mount evelyn;3672;qld;19870906;8683852
org;rec-386-dup-0;386;luca;mccadrthy;84;nicklin crescent;;bayswater;2144;nsw;19601101;5188554
org;rec-3595-org;3595;hannah;berry;24;bainton crescent;gerapna;claymore;2280;qld;;2069851
org;rec-2082-org;2082;alia;lowry;23;youl court;yongala;sheidow park;5009;wa;19450126;2409913
org;rec-3358-org;3358;alia;mercorella;134;gellatly place;glen-moria;macgregor;6516;;19160408;7960841
org;rec-762-org;762;ruby;dudley;1615;bungonia street;forestvale;clifton grove;3912;qld;19961214;8339003
org;rec-1571-org;1571;jackson;ryan;31;carr crescent;parry hse;pennant hills;2146;nt;19600503;3419204
org;rec-3613-org;3613;nathan;rundle;32;cuthbertson crescent;glenumbral;waramanga;2753;nsw;19190606;8673667
org;rec-1701-org;1701;riley;whale;18;glenflesk;;samford;2527;qld;19441228;8787739
org;rec-287-dup-0;287;samuel;wooley;133;katherine avenue;;west lakes;3185;nsw;19890705;7819333
org;rec-3859-org;3859;benjamin;mccarthy;77;neil place;cathys creek;oakleigh east;2142;sa;19090107;8539507
org;rec-3241-dup-0;3241;jack;;106;frencham place;llen nomis;alberton;4350;vic;19890807;3238238
org;rec-2582-org;2582;jordan;steed;22;gairdner circuit;brooklyn farm;broken hill;6230;sa;19631222;1508618
org;rec-722-org;722;lucinda;clarke;3;cowper street;clanville;scotts creek;5163;sa;19920610;7537094
org;rec-356-dup-2;356;bradley;ikpeda;7;northbourne avenue;cypress garden;lang lang;6170;vic;19601012;3655808
org;rec-3237-org;3237;alexander;dixon;12;jardine street;north star resort;regents park;2000;nsw;19440124;3713023
org;rec-1017-org;1017;angelina;bovill;228;;wattandee;reservoir east;2400;nsw;19380803;1967126
org;rec-2522-dup-1;2522;jacob;shepherdson;1251;sharwood crescent;abilene;camrka;3136;vic;19920326;3781457
org;rec-1656-org;1656;cameron;cochrane;108;burnie street;masonic memorial village;budgewoi;2022;qld;19021028;2246302
org;rec-224-org;224;samuel;hoang;96;beale crescent;wurtulla shopping vlge;clayton;3764;sa;19420627;4281617
org;rec-1949-org;1949;ethan;cowell;5;mainwaring rich circuit;kurrajong;noble park;4360;;19161214;3836725
org;rec-1052-org;1052;riley;speight;27;daley crescent;st john of god hospital;labrador;2750;wa;19510627;1975078
org;rec-3729-org;3729;rhys;matthews;7;clive steele avenue;cooroora;waverley;2196;vic;19451001;6448203
org;rec-2029-dup-2;2029;vanessa;reid;6;battersby circuit;ashleigh house bergen court;cranbourne;3132;nsw;19460905;5797612
org;rec-2285-org;2285;archie;white;30;mather street;redcliffe showgrounds;warrawidgee;3765;wa;19080515;7895119
org;rec-2101-dup-0;2101;thomas;weaver;38;bonrook street;lakewood estate;annadnale;2034;nsw;19201221;1350786
org;rec-1062-org;1062;luke;matthews;33;torrens street;chellow dene;springwood;3660;tas;19060926;5961934
org;rec-3748-dup-0;3748;oliver;hobson;1;mann place;weeronagrabb en gullen;oystevr bay;4012;wa;19760119;4025649
org;rec-286-org;286;jordan;boyle;40;loftus street;warra-gan;leichhardt;4556;sa;19671030;2798350
org;rec-570-org;570;hollie;liddy;31;ellenborough street;palmview hamlet;wingham;2567;sa;19500227;5176156
org;rec-1946-org;1946;mikayla;haupt;45;antill street;mt forrest;valla;2780;nsw;19830303;7918501
org;rec-368-org;368;aimee;white;83;jardine street;river mews;shoalhaven heads;7250;nsw;19190118;5058657
org;rec-86-dup-1;86;hugl;clarke;44;reay place;c/-the studrnt village;ardeer;5047;nsw;19120125;8869813
org;rec-1508-org;1508;brody;hursey;3;helen mayo crescent;bungarra;mittagong;3586;tas;19210727;1063887
org;rec-2571-org;2571;gabrielle;verco;43;healy street;koani;alawa;2075;wa;19010220;2230507
org;rec-2806-org;2806;charlotte;terrens;104;maharatta circuit;wilsonton medical centre;woorndoo;2289;vic;19840314;1973586
org;rec-2266-org;2266;david;michelmore;79;sugarloaf circuit;;new farm;3204;nsw;19070313;1301184
org;rec-2408-org;2408;alexandra;mcveigh;21;;castle hill farm;avalon;4224;nsw;19290207;1120386
org;rec-969-dup-1;969;jemima;patresbn;31;dominion circuit;robertsonb arracks;punchbowl;5290;qld;19640418;6169888
org;rec-3246-org;3246;samantha;von hoist;43;macgregor street;brest hill;coolbellup;2099;wa;19180331;4728377
org;rec-3046-org;3046;nacoya;clarke;1;ebenezer street;emerald garden;nicholls rivulet;3169;vic;19830320;6658256
org;rec-1318-org;1318;lara;noble;7;amos place;afflexian;padstow;4055;vic;19191018;5387439
org;rec-1390-org;1390;hayley;jahic;44;hamblin place;arlington;robina;4157;nsw;19110419;6012229
org;rec-3629-org;3629;zach;green;55;allambee street;shillelagh park;lake illawarra;7248;nsw;19511007;1437966
org;rec-495-org;495;dylan;scriva;4;appel crescent;nyarrin cottage;yass;2549;vic;19601211;1857446
org;rec-503-dup-2;503;jacob;gencheff;1;elder street;st franci svlge;para hills;4074;qld;19071231;8581017
org;rec-2435-org;2435;cade;la roche;17;maxwell street;matlock;cambridge;2550;nsw;19770831;5462431
org;rec-0-org;0;annabelle;friswell;205;meares place;sunningdale farm;wildes meadow;7018;wa;19761129;9016980
org;rec-1096-dup-0;1096;;woseman;3;banvard place;sutton;scarborough;4051;qld;19890906;2542729
org;rec-756-org;756;jacob;goldsworthy;21;cadell street;st francis village;moorooka;4870;qld;19221204;4420994
org;rec-2679-dup-0;2679;;clarke;13;auburn street;bonholme;christies beach;4824;wa;19961230;3122497
org;rec-3142-dup-1;3142;mitchell;stanley;10;bungoni a street;;birrong;3068;wa;19960508;9999667
org;rec-3037-org;3037;evan;vincent;13;bourne street;ewinga;pacific paradise;2223;nsw;19830418;9228763
org;rec-712-dup-2;712;jac ob;lanyon;5;milne cove;;oatlands;2602;vic;19080712;9497788
org;rec-3118-org;3118;noah;rapisarda;32;chandler street;apple cottage;carlingford;6108;vic;19470512;6469737
org;rec-2728-org;2728;lachlan;badman;145;marshall street;gillin park;forbes;3844;nsw;19070119;6492634
org;rec-61-org;61;kirrah;westhorp;30;dunstan street;anglican church;toronto;3177;sa;19620216;6725818
org;rec-2355-org;2355;lily;szopko;5;woolner circuit;gowrie;loganlea;4128;qld;19621220;1384713
org;rec-3174-org;3174;ella;dixon;9;fimister circuit;langi;williamstown;2604;vic;19930518;8442578
org;rec-1436-org;1436;thomas;goode;21;macfarland crescent;herbert river;st kilda;2136;tas;19280120;3512377
org;rec-3101-org;3101;natalee;early;101;kanga place;buddah station;north ryde;4511;vic;19030112;2627070
org;rec-2227-org;2227;solomon;noack;470;london circuit;ocean star villas;lakemba;2450;qld;19241016;1275153
org;rec-988-org;988;jack;gilbertson;31;lawrence wackett crescent;governors resort;vaucluse;5061;nsw;19761016;6999424
org;rec-3324-org;3324;amber;cowell;762;crowder circuit;corella;toowoomba;5453;qld;19321218;5701945
org;rec-2505-org;2505;amy;blackwell;667;westgarth street;east lynn;wyong;3555;qld;19340809;2475030
org;rec-484-org;484;connor;mildren;1;bedford street;john flynn hospital;daisy hill;4655;vic;19330906;6840540
org;rec-3239-dup-0;3239;shawn;green;;hector place;;metung;4114;qld;19210218;4181522
org;rec-384-org;384;aidan;block;6;body place;;melton south;3977;nsw;19090706;4533516
org;rec-3301-dup-2;3301;;madigan;28;;pondeossa;westfield;7018;tas;19301107;5084817
org;rec-3996-dup-0;3996;tahnee;campbrell;150;chillagoje street;;bethania;2784;qld;19171003;6587343
org;rec-2740-org;2740;nicholas;pendergrast;4;strangways street;evanmore;seven hills;4507;sa;19580928;9107843
org;rec-3497-org;3497;shelby;green;3;victoria street;tycannah station;jacobs well;2158;qld;19621001;1834644
org;rec-604-org;604;zachary;white;17;currong street;moy;marmor;4218;nsw;19370504;4966578
org;rec-3172-org;3172;jamie;goode;8;ross smith crescent;holmville;cabramatta;2540;act;19771201;7449813
org;rec-247-dup-1;247;stephanie;berketa;69;blakeylclose;airluie;burwodo;2049;qld;19560525;7073006
org;rec-1432-dup-0;1432;ella;rawlints;51;therrylpace;ainslie house;wynyafd;3151;nsw;19870312;1757892
org;rec-998-org;998;kelsea;chandler;21;springvale drive;war veterans hme;safety beach;2205;vic;19710623;8831096
org;rec-3890-dup-2;3890;hannah;green;9;lumeah street;bowenx park;yuroke;4744;nsw;19241228;7692145
org;rec-2667-dup-2;2667;lee;norton-baker;55;grimshaw street;tewantinhplaza;campsie;4650;sa;19420718;3972176
org;rec-3602-org;3602;cooper;reid;97;derrington crescent;coolinda;tweed heads;4305;vic;19760116;9448376
org;rec-1886-org;1886;eliza;tregloan;14;carrington street;binnawee;st clair;2485;wa;19511113;2014847
org;rec-2584-org;2584;thomas;egan;111;yambina crescent;;fitzroy falls;2230;nsw;19280329;1507919
org;rec-3886-org;3886;victoria;goode;50;colmer street;tabbagong;greensborough;3095;nsw;19601129;7664915
org;rec-2368-org;2368;darcie;astley;82;knoke avenue;emerywood;manyana;4560;vic;19420804;2769992
org;rec-1459-org;1459;michael;streich;16;pelsart street;willaroo;forrestfield;3942;vic;19170729;9969138
org;rec-956-dup-1;956;claudia;crouch;103;torrens street;lassan;burwood;5260;nsw;19710121;9364233
org;rec-3125-org;3125;quinn;beattie;73;thurgood court;ocean crt (cnr beach s street;barrack heights;3073;qld;19990729;5863164
org;rec-2069-org;2069;reuben;berry;21;merriman crescent;hd curramulka;miami;2075;wa;19971010;5513660
org;rec-2571-dup-3;2571;gabrilele;verco;43;healy street;koani;alawa;2075;wa;19010220;3198491
org;rec-2312-org;2312;courtney;robson;11;arunta street;overnewton;cremorne;2160;nsw;19880909;8820005
org;rec-3309-org;3309;jake;tu;100;mount vernon drive;glen elgin;burwood;4720;wa;19140603;1214504
org;rec-466-org;466;jessica;miles;20;macleay street;grandview;auburn;2011;qld;19210108;6182257
org;rec-2341-org;2341;eleni;noble;3;griffiths street;;bibra lake;5114;nsw;19450713;8190959
org;rec-3750-org;3750;deakyn;pregarz;18;mainwaring rich circuit;greenbank garden;undera;4103;nsw;19710707;9158921
org;rec-923-dup-0;923;evangelia;white;301;telopea park;glenlee;botany;5010;nsw;19210531;2604630
org;rec-226-org;226;cassandra;musolino;19;hensman street;norellen;greensborough;3844;act;19550303;7684753
org;rec-371-org;371;fiona;green;11;vaughan garden;north star resort;bomaderry;2221;vic;19670416;8247767
org;rec-2411-org;2411;emiily;green;;freda bennett circuit;;somerton park;5109;vic;19880427;7855331
org;rec-1980-org;1980;callum;sherren;;banks street;cherry haven;lansvale;3078;qld;;5647558
org;rec-327-org;327;sean;kilby;96;knox street;villa 36 sovereign garden;sherwood;4078;wa;19770521;6025124
org;rec-1257-org;1257;beth;webb;66;chinner crescent;camusfearna;o'connor;4108;nsw;19280630;1873913
org;rec-1938-org;1938;cooper;shepherd;15;burgan place;blueberry hill;kingsford;4737;act;19610625;2876373
org;rec-3937-org;3937;joshua;white;8;william webb drive;;armidale;6050;sa;19220303;4483189
org;rec-800-org;800;lee;maier;12;blanc court;rushall park;st andrews;2905;vic;19140616;5560146
org;rec-2019-dup-0;2019;breony;brosdby;40;picton close;callom onda;roxburgh park;4725;vic;19380402;6890560
org;rec-307-org;307;sara;hislop;;mcmaster street;glenlee;bayswater;3068;wa;19430401;2657137
org;rec-774-org;774;daniel;matthews;;antis street;st joseph;boulder;3037;nsw;19420602;2414009
org;rec-1046-org;1046;michael;rajkowski;5;;applewoods;o'connor;6152;;19301020;8240333
org;rec-143-dup-0;143;alexanpdra;green;39;moorhouse street;brae view;abbotsford;3215;qld;19640328;1560574
org;rec-2345-org;2345;sophie;kaukov;31;ironbark crescent;phillip town;ivanhoe north;3796;vic;19660422;4835733
org;rec-2436-dup-0;2436;lucast;fenwick;30;yanda strceet;st john of god hospital;maclean;4217;nsw;19900518;9145825
org;rec-2043-org;2043;jenna;feil;14;stretton crescent;berkeley vlge;scarborough;6147;sa;19320523;6450926
org;rec-3940-org;3940;joshua;hope;27;southern cross drive;mindalay appts;narooma;3182;nsw;19850729;1189951
org;rec-2646-org;2646;luke;fleet;45;eagle circuit;peridon vlge;altona meadows;5045;nsw;19510113;5905607
org;rec-567-dup-2;567;kyle;bulner;24;caldwellstreet;brentwood vlge;ormond;7330;vic;19750210;6099792
org;rec-1202-org;1202;lily;tu;10;outtrim avenue;rosall;glen innes;2044;qld;19471031;9673371
org;rec-2571-dup-1;2571;gabrielle;verco;43;;koani;akawa;2075;wa;19010220;2230507
org;rec-2318-org;2318;;white;12;woodfull loop;retirement village;como;3230;wa;19600807;7972994
org;rec-2215-org;2215;anton;le lievre;25;kanangra place;balmoral garden;oakden;3029;nsw;19490107;8549214
org;rec-1677-dup-0;1677;lucas;bowerman;51;macintyreplace;villa 127;yankalilla;4362;vic;;9707774
org;rec-1654-org;1654;daniel;butter;7;james street;loc 14738;rowville;2282;qld;19610114;3204647
org;rec-1582-org;1582;nathan;clarke;28;ord street;keira;taree;3759;sa;19810930;9095450
org;rec-1777-org;1777;thomas;kiernan;14;simpson street;rahan arabians;east innisfail;6237;sa;19140511;4627107
org;rec-2591-org;2591;alisa;mapstone;159;dalyell street;moonkirra;toorak;3620;qld;19060215;8157950
org;rec-758-org;758;zach;nguyen;175;raphael close;naygoondy;fullarton;2135;qld;19380220;4647429
org;rec-3612-org;3612;naomi;krzoska;48;love street;;swan hill;2060;nsw;19490214;5584541
org;rec-2557-org;2557;ajay;boyle;;steffanoni circuit;toowoomba;bateman;6152;nsw;19690127;4028168
org;rec-3203-org;3203;lachlan;green;11;bromby street;umavale;moranbah;2566;vic;19581214;4727836
org;rec-980-org;980;oscar;renfrey;1;pickles street;koninonia;punchbowl;3170;vic;19020622;3862398
org;rec-3799-org;3799;benjamin;mccarthy;11;macalpine close;kurrajong;greenacre;4816;vic;19430429;8234854
org;rec-3113-org;3113;adam;shepherd;77;pelsart street;cornucopia;concord west;3505;nsw;19740623;6279019
org;rec-3657-org;3657;kaela;morcom;4;carnall close;;mount eliza;2484;vic;19070724;7001361
org;rec-2447-dup-0;2447;holly;maynard;77;pinkertoncircuit;cluster;east sydney;4228;vic;19751214;1726676
org;rec-1184-org;1184;emiily;browne;5;mundawari circuit;heathfield qld;dandenong north;2500;vic;19390606;6474937
org;rec-2191-dup-1;2191;lachlan;egan;7;roebuck street;vill a 184;broadmeadows;3020;qld;19050609;5020917
org;rec-1101-org;1101;jack;kerkham;11;affleck place;kilvinton village;ryde;6064;act;19860304;6217100
org;rec-3708-org;3708;joel;spargo;5;bunbury street;tintagel;wangi wangi;4730;qld;19460924;6258907
org;rec-1845-dup-0;1845;alisa;ballantyne;121;rowley p lace;;wandin east;2046;vic;19450923;1751604
org;rec-3396-org;3396;juliana;clarke;67;magarey place;brentwood vlge;labrador;4562;vic;19700513;1809213
org;rec-3530-dup-0;3530;nathan;grene;;scrivene rstreet;magel lan;condon;2749;vic;19411109;3806757
org;rec-65-org;65;phoebe;menzies;20;blackwood terrace;gibraltar;whaleback;4740;nsw;19350604;3778980
org;rec-18-dup-0;18;caey;sieber;44;rankin street;glenvillacraavn park;campbekltown;5245;vic;19750208;9304390
org;rec-55-org;55;james;croci;8;miranda place;banksia springs;dandenong north;4132;qld;19670525;9400446
org;rec-2974-org;2974;nathan;neufeld;29;northbourne avenue;barnet brae;crib point;4216;nsw;19331016;4277724
org;rec-2080-org;2080;jed;donaldson;305;emmott place;upson & downs;prospect;4573;qld;19750429;8808509
org;rec-3210-org;3210;jessica;dermatis;169;fairweather circuit;brentwood vlge;nungurner;4615;sa;19901225;7200676
org;rec-391-org;391;emma;white;15;caley crescent;umina park nursing;surfers paradise;6148;vic;19350420;5459823
org;rec-3196-org;3196;benjamin;coleman;43;mclaren crescent;argyle;benowa;4500;nsw;19620531;4314075
org;rec-1621-org;1621;isabella;webb;47;leahy close;;bundamba;2303;nsw;19890918;2634474
org;rec-2019-org;2019;breony;broadby;40;picton close;callomonda;roxburgh park;4725;vic;19380402;6890560
org;rec-1365-org;1365;harriet;zilm;69;sherwood circuit;rosedale;lake munmorah;3337;wa;19900519;4273815
org;rec-124-org;124;april;nguyen;2;wangara street;kingway tourist park;bomaderry;3216;wa;19741002;1808102
org;rec-3403-org;3403;madison;miles;164;ringrose crescent;ponderosa;mcleans ridges;6163;nsw;19260406;8864140
org;rec-2823-org;2823;carlin;jinks;77;buzacott place;gerlyn;aspley;4054;vic;19320215;4646053
org;rec-934-org;934;karli;lodge;6;carnegie crescent;;kilsyth;3019;sa;19400228;6883707
org;rec-3622-org;3622;jayden;benger;3;ridley street;st helens pastoral co;mount eliza;6169;sa;19790823;6742545
org;rec-2571-dup-2;2571;gabrielle;verco;4;healy street;koan o;alawa;2075;wa;19010220;2230507
org;rec-580-org;580;stephanie;nguyen;2;oxley street;yallambee hostel;north gregory;4740;vic;19760526;3483298
org;rec-3339-org;3339;makenzi;morrison;;goldner circuit;manning village;cooroy;2232;vic;19791122;5288343
org;rec-76-org;76;benjamin;creten;13;dandenong court;rosetta village;orange;6157;nsw;19390616;1258716
org;rec-375-org;375;isabelle;manzie;;freda gibson circuit;sheep station;minlaton;3013;wa;19470524;5653889
org;rec-1207-org;1207;jenna;bowerman;41;liffey circuit;goodradigbee;mount julian;2033;qld;19000217;9126560
org;rec-2667-dup-0;2667;lee;norton-baker;55;grimsha street;tewantin plaza;campsie;4650;sa;19420718;3972176
org;rec-3479-org;3479;jackson;donaldson;30;kingsbury street;adventure bay;burwood east;2460;nsw;19930317;6532801
org;rec-1213-dup-4;1213;amger;brangwen;1;shackleton circuit;;hackham;6707;sa;19690905;7925075
org;rec-3013-org;3013;elton;malin;72;wenlock street;sec 443 bellamour;blackmans bay;2291;sa;19160525;8711966
org;rec-80-org;80;brooke;philcox;139;mcgowan street;padua park holsteins;narooma;5064;;19900421;2014488
org;rec-2169-dup-3;2169;ethan;monjean;57;pokana circuit;jaraa;st albans;4075;vic;19440816;5251642
org;rec-2543-org;2543;isabella;;7;namatjira drive;;narellan;3101;vic;19530106;1636927
org;rec-2149-org;2149;isabella;nguyen;1;nerli place;cascades;dongara;2830;sa;19891128;2747681
org;rec-2593-org;2593;laura;vidlov;48;ahern place;the mews royal hotel bldg;forest hill;2040;nsw;19480930;6582021
org;rec-1314-org;1314;chloe;fleet;28;loton place;;arundel;4820;nsw;19701106;9987843
org;rec-1966-org;1966;lexie;morrison;230;crisp circuit;brinjarry;laurieton;2904;nsw;19910311;1590195
org;rec-708-org;708;hugo;milburn;25;pandanus street;belvoir;knoxfield;2821;qld;19250816;7028106
org;rec-3542-dup-3;3542;kirra;stubbs;15;dampier crescent;jodayfne;auburn;4034;vic;19091111;6678130
org;rec-2918-org;2918;jack;green;55;biddlecombe street;villa 5;hamilton;3555;sa;19981203;8006208
org;rec-977-org;977;finlay;verner;10;moyes crescent;grandview;bligh park;3127;vic;19021003;8017720
org;rec-2905-org;2905;ned;hope;6;stokes street;carrington retirement;angaston;2775;sa;19660618;5806509
org;rec-1162-org;1162;taylah;spratt;33;mackellar crescent;gillin park;sandgate;2031;vic;19661008;5546303
org;rec-1154-org;1154;lucy;reid;25;terry close;sect 106;dwellingup;2207;qld;19480807;7376796
org;rec-1653-org;1653;jack;stanley;10;fawkner street;pineangle (cnr green l lane;conder;2776;vic;19520318;9193944
org;rec-527-dup-0;527;alicia;;12;kater place;bedarra;broken hill;3530;qld;19820427;6164520
org;rec-1750-dup-0;1750;jack;nguyen;6;kelleway avenue;;woomye;2163;;19670617;7343200
org;rec-3492-org;3492;mason;jessup;14;namadgi circuit;westbury;bassendean;7109;nsw;19270428;7467718
org;rec-3832-org;3832;bertie;clarke;25;roope close;st francis village;toowoomba;4112;wa;19230111;2081991
org;rec-2326-dup-1;2326;tahlia;rundle;189;pohlman street;lytgon;belconnen;2035;nsw;19020301;5316859
org;rec-2970-org;2970;liam;hauser;28;cripps place;cypress garden;noble park;6169;nsw;19020619;8943755
org;rec-2000-org;2000;levi;rushby;40;nicholls place;chateau tahbilk;moe;3150;vic;19541212;1123485
org;rec-2865-org;2865;jordan;waller;8;outtrim avenue;longmead;yinnar;2011;sa;19420824;5758276
org;rec-3481-org;3481;thomas;bunt;68;ratcliffe crescent;villa 36 sovereign garden;penola;2250;qld;19980514;1038639
org;rec-220-org;220;rohan;campbell;19;bellinger circuit;buena vista;slacks creek;3820;act;19861129;2046797
org;rec-2192-org;2192;lilian;matthews;11;barnard circuit;casa corrigia;yinnar;2749;vic;19761118;8970973
org;rec-2643-org;2643;aidan;morrison;5;booth crescent;braemore;mulgrave east;2506;vic;19550306;5826077
org;rec-592-org;592;katelin;carbone;177;bromell circuit;moorefields;seelands;2471;nsw;19931121;8403630
org;rec-1282-org;1282;charlotte;blacklow;7200;crocker place;inishmore;londonderry;2099;nsw;19240608;5390869
org;rec-590-org;590;hannah;ferris;16;barraclough crescent;tawonga rdside;logan reserve;2259;nsw;19111105;2416431
org;rec-18-dup-2;18;casey;sieber;44;rankin street;glenvilla caravn park;campbelltown;5245;vic;19750208;9304390
org;rec-100-dup-1;100;dante;akyot;16;brooker street;the willows;scarborough;3305;qld;19960112;4033021
org;rec-1722-org;1722;tristan;daumont;86;fox place;;wingham;3152;vic;19970831;4412975
org;rec-584-org;584;ethan;mason;80;moore street;fairbank;macedon;4068;nsw;19251108;3060401
org;rec-3973-org;3973;cain;nguyen;194;mchenry street;oakdale;kilsyth;2795;nsw;19570620;6874145
org;rec-3156-org;3156;lachlan;leslie;10;du faur street;burong;lismore;5109;wa;19410526;2548505
org;rec-2442-org;2442;benjamin;nemec;448;;coulter court;mcmahons point;4455;wa;19240115;5867359
org;rec-3840-org;3840;isaac;morrison;12;fink crescent;wayside;unanderra;4670;qld;19521109;2842846
org;rec-1424-org;1424;lachlan;reid;20;marcus clarke street;plantation caravn park;bundaberg;2750;sa;19801213;2040168
org;rec-1831-org;1831;nellie;bishop;215;newman morris circuit;locn 5940;beechboro;2260;qld;19570821;3775666
org;rec-703-dup-0;703;michael;kriekenbeek;12;narrabundah lane;tynwall;woollahra;2720;;19950926;3189782
org;rec-1822-org;1822;rosie;ekers;35;dianella street;glenlee;kempsey;4122;vic;19010515;7075035
org;rec-320-dup-2;320;lachlan;hayam;56;emily bulcock crescent;marsden f orest;north sydney;6163;wa;19670831;3083874
org;rec-917-org;917;maconal;webb;19;kneebone street;moline village;bayview;2122;qld;19430605;2634789
org;rec-3705-org;3705;alisa;wheatley;202;alpen street;pleasant view;whitfield;5571;qld;19150602;5156173
org;rec-3436-dup-1;3436;robbie;butt;3;skirving pkace;;ellenbrook;2614;nsw;19240911;8676855
org;rec-1663-dup-0;1663;;campbtevl;65;moore street;;elermore vale;3187;vic;19600727;7261504
org;rec-2242-org;2242;zac;fitzpatrick;350;barraclough crescent;birch grove;wanniassa;4560;vic;19920715;5085804
org;rec-2820-org;2820;darcy;braithwaite;135;la perouse street;yooringa;port adelaide;3175;nsw;19710825;3578280
org;rec-891-dup-3;891;madel ine;;7;dixon drive;jestarlei;thornlie;2280;wa;19761231;9595082
org;rec-660-org;660;jake;tepohe;37;riddle place;berkeley vlge;sale;2620;qld;19910905;2847112
org;rec-2907-org;2907;madeline;campbell;26;getting crescent;mayo;stanmore;2720;qld;19110409;1732761
org;rec-920-org;920;oliver;clarke;112;jerrabomberra avenue;bridgefoot down;ruse;6076;wa;19431118;7395899
org;rec-3791-dup-1;3791;baij;eliza;112;colebatch lace;lasswade;leith;2795;vic;19910109;7003514
org;rec-2785-org;2785;;bastiaans;47;fisher street;villa 2;chinchilla;2230;vic;19181220;5388443
org;rec-2105-org;2105;chantelle;bourrell;21;hooker street;grant patch;andergrove;3128;nsw;19570817;8203402
org;rec-2572-dup-3;2572;benjamin;mainsbridge;12;fryer place;;macgrdogr;4152;qld;19380502;1640908
org;rec-3343-org;3343;james;apsitis;148;longworth place;larnach;clayton;3123;vic;19171128;8104749
org;rec-269-org;269;lydia;brooker;26;mcculloch street;;austral eden;4109;vic;19110220;3382976
org;rec-3284-dup-1;3284;jacl;nicoll;18;freda gibson circuit;tintagel;sanctuary point;2047;qld;19440114;4318182
org;rec-2938-dup-0;2938;hugo;mamarika;28;abilene;bimberi crdscent;bulimba;4207;vic;19761203;1614373
org;rec-2681-org;2681;jessica;denning;3;grigg place;eventide homes;moree;2000;;19490404;1996934
org;rec-2545-dup-1;2545;tara;du;10;sumner place;arli ngton;kingsford;6152;nsw;19210427;4694295
org;rec-2122-dup-0;2122;jackson;tertiips;19;gamban square;fiveways;nowa nowa;2135;vic;19421209;1348824
org;rec-3689-org;3689;angus;reid;20;wilson street;carron vale;tweed heads south;3500;wa;19870910;4965404
org;rec-1885-org;1885;jemma;ryan;175;attiwell circuit;medical centre;old bar;2170;tas;19080812;1482721
org;rec-3243-org;3243;james;shepherd;83;collits place;athlone;bassendean;4170;qld;19270703;8262472
org;rec-1759-org;1759;dillon;verco;3;marlock street;waiweer;belmont;2085;vic;19410118;9087384
org;rec-5-org;5;kynan;collier;18;sturt avenue;karingal age hostel;roxburgh park;3121;vic;19281017;8450005
org;rec-2427-org;2427;ashleigh;green;169;shumack street;mulgunna;coromandel valley;2759;vic;19460510;8472395
org;rec-1462-org;1462;peter;george;17;gritten street;mt pleasant;devonport;6167;nsw;19380613;7973786
org;rec-915-org;915;;painter;187;dale circuit;yalkara;the entrance north;5571;nsw;19401126;4966069
org;rec-3566-dup-1;3566;lucy;webb;10;tenison-woods circuit;berkeley village;moe;2189;vic;19660412;6807130
org;rec-400-org;400;kristo;guiler;61;luckins place;pink lake caravan park;summer hill;0800;qld;19581127;1419169
org;rec-18-org;18;casey;sieber;44;rankin street;glenvilla caravn park;campbelltown;5254;vic;19750208;9304390
org;rec-2628-org;2628;alexander;white;18;leahy close;glenwarren;regents park;4701;nsw;19360807;4710482
org;rec-241-org;241;sophie;;33;pillar place;cherry haven;mackay north;2430;wa;19190830;6263926
org;rec-353-org;353;jacob;spada;2;handcock crescent;hilldale;shelley;4074;nsw;19970811;5852021
org;rec-261-dup-1;261;irene;pasode;11;handasyde street;pine l eigh;appinq;4160;wa;19440314;9121985
org;rec-775-org;775;bayley;browne;282;dunstan street;lansdowne;berwick;2168;nsw;19400412;9238709
org;rec-3890-org;3890;hannah;green;9;lumeah street;bowen park;yuroke;4744;nsw;19241228;7692145
org;rec-3791-org;3791;eliza;bail;;colebatch place;lasswade;leith;2795;vic;19910109;7003514
org;rec-1521-org;1521;thomas;cochrane;107;beazley crescent;wilgee;mount larcom;2617;wa;19971222;2997392
org;rec-3721-dup-2;3721;sara-louise;denholm;60;birragilla;eugenia xtreet;heathmere;3143;nsw;19800823;9494007
org;rec-1153-org;1153;sophie;schembri;14;john russell circuit;hd tickera;st kilda;3810;tas;19220929;5488700
org;rec-517-dup-1;517;nicholas;matthews;26;cerutty crescent;vill a 3;grednwood;2089;nsw;19920917;3063954
org;rec-2044-dup-0;2044;jed;marring;183;flegg crqescent;wither n house;hope valley;3161;nsw;19760927;5860010
org;rec-3578-org;3578;logan;bendyk;11;lambrigg street;grand central;marsden;2903;vic;19350911;9073128
org;rec-2370-dup-0;2370;joel;ottgns;5;howitt treet;kilburnie;devonport;2830;nsw;19490511;4313663
org;rec-2326-dup-0;2326;molly;reid;189;pohlman street;lytton;belconnen;2035;nsw;19020301;5316895
org;rec-288-org;288;brooklyn;sreenatha;22;ross street;danric lodge;parndana;2482;qld;19320819;1606758
org;rec-1276-org;1276;charles;miles;2;bega flats;tylden park;devonport;4077;nt;19420629;6470019
org;rec-3793-org;3793;adrian;maynard;1;pokana circuit;masonic memorial village;stretton;4051;wa;19700410;6157696
org;rec-3895-org;3895;;kiripolszki;67;jenkinson street;hawkline;belmont heights;3131;qld;19210319;4125721
org;rec-2471-org;2471;thomas;coleman;1;tolmer place;boronia lodge;bundaberg;0820;qld;19030124;7333539
org;rec-356-dup-1;356;bradley;ikeda;7;northbourne avenue;cypress g arden;lang lang;6107;vic;19601012;3655808
org;rec-1351-org;1351;;mckerlie;1;kellway street;rosetta village;ashgrove;2145;sa;19920806;6679754
org;rec-2744-org;2744;aidan;broughan;32;ryrie street;creekside cottage;smithfield;2135;nsw;;7500055
org;rec-1064-org;1064;zac;brooker;2;angas street;nullagong;dysart;3722;nsw;19101003;9390002
org;rec-3271-org;3271;cambell;clarke;105;larakia street;braeburn;keilor east;5074;qld;19151110;9664575
org;rec-3816-org;3816;;eyles;41;bentham street;sweet waters;yarragon;3709;vic;19731020;1184814
org;rec-3002-org;3002;lucy;coxon;5;wilkins street;crown allotment;annandale;6255;qld;19121214;9019680
org;rec-826-org;826;joel;webb;198;powlett street;deauville;burwood;7253;tas;19320724;3550791
org;rec-1546-org;1546;alisa;tlauka;4;michaelis court;sunshine farm;paddington;2250;nsw;19871007;5117192
org;rec-2567-org;2567;meggie;d'abate;20;foster place;the willows;dapto;2068;sa;;3877318
org;rec-624-org;624;talyah;richmond;33;dyson street;specialist centre;paddington;4179;wa;19121104;1861249
org;rec-3322-org;3322;bailey;moyse;28;heagney crescent;;surrey hills;5107;qld;19730713;6063290
org;rec-1387-org;1387;lucas;dolan;299;warrego circuit;browie;scarness;3230;sa;19830611;8520058
org;rec-1096-org;1096;;wiseman;3;banvard place;sutton;scarborough;4051;qld;19890906;2542729
org;rec-3073-dup-0;3073;imogne;campbell;103;clifd en;sweet place;coolaroo;3183;tas;19421210;5865906
org;rec-3683-org;3683;lara;clarke;16;diamantina crescent;osborne house;penguin;5092;sa;19400406;6467501
org;rec-1623-org;1623;nathan;white;11;lumeah street;tiverton;hawthorne;5554;nsw;19661024;8945655
org;rec-2739-org;2739;victoria;mason;4;antill street;steen heuvel;belrose;2528;sa;19080731;6971912
org;rec-3852-org;3852;sarah;stanbury;16;crawford crescent;ascot park;bongaree;4077;nsw;19330219;7043488
org;rec-2337-org;2337;connor;campbell;148;batchelor street;flt 170;laverton;4310;wa;19070427;8738165
org;rec-3784-org;3784;petreece;leon;16;mclean place;opal cove resort;embleton;2134;wa;19170401;6470500
org;rec-1614-org;1614;finlay;tsikmis;67;lorne place;tallageris-demijoh;forbes;5168;qld;19711113;3351072
org;rec-594-dup-1;594;jaxin;allard;13;ashburner street;;annandale;6172;nsw;19591218;2474767
org;rec-2051-org;2051;isabella;morrison;166;spowers circuit;;sunshine;2087;qld;19370120;3669792
org;rec-2107-org;2107;ebony;harrington;60;rawson street;sbend carvn park;blakehurst;2350;qld;19720420;5859152
org;rec-561-org;561;mystique;jeffries;17;blackman crescent;killarney;pearcedale;3206;vic;;4080433
org;rec-810-org;810;mollie;thorpe;176;knights road;monkani;bossley park;6725;wa;19140506;9219757
org;rec-2382-org;2382;jye;dent;12;bunda street;;burrum heads;6722;nsw;19300327;1409807
org;rec-1907-org;1907;nathan;donaldson;315;dixson circuit;villa 131 village glen;albion park;2218;nsw;19251129;5536641
org;rec-1665-dup-3;1665;alexandra;potempa;6;max henry clrescent;ponderossa;crib point;3029;sa;19280707;3563502
org;rec-651-dup-4;651;douglas;hingston;116;alawa sutreet;longplain;wendouree;3138;qld;19171120;6243938
org;rec-676-org;676;;dennes;32;drummond row;aptmnt 2;annandale;5062;vic;19551030;7729880
org;rec-3530-dup-1;3530;nathan;green;17;scrivener street;magellan;conodn;2749;vic;19411109;3806757
org;rec-1394-org;1394;ellie;hawes;3;shoalhaven avenue;summercourt;mount colah;3196;nsw;19400521;3790074
org;rec-326-org;326;lily;braithwaite;18;the crest;;kallista;5066;nsw;19610826;7261377
org;rec-1971-org;1971;serena;mahony;4;salsola street;brentwood village;ngunnawal;4032;wa;19401028;3275904
org;rec-114-org;114;darcy;godfrey;4;anne clark avenue;tranquility gdns;new farm;6237;vic;19540330;6358585
org;rec-3432-org;3432;oliver;noble;10;newland street;hotel laguna;arundel;2800;wa;19300319;2085195
org;rec-1941-org;1941;lachlan;bresvansin;14;whalan place;horseshoe ck;firle;2800;qld;19770909;2544764
org;rec-3898-org;3898;joel;neumann;8;alabaster street;pevensey;eaglehawk;3284;nsw;19800117;1979546
org;rec-260-org;260;brooke;petersen;12;schomburgk street;glenmarla rmb 2563;pacific palms;4814;nsw;19880821;5888705
org;rec-2188-org;2188;jack;jolly;2;lindwall place;the lakes retirement village;granville;2147;qld;19670824;6601331
org;rec-970-org;970;christopher;noack;106;greeves street;view banks cottage;coombabah;5000;sa;19270310;4422280
org;rec-1750-org;1750;jack;nguyen;68;kelleway avenue;glenbrook orchard;woombye;2163;nsw;19670617;7343200
org;rec-3006-org;3006;hannah;woodmansee;36;brierly street;eventide homes;paddington;4280;qld;19130403;8064229
org;rec-1214-org;1214;lachlan-john;lindschau;4;wootton crescent;hazel hill;figtree;3763;qld;19221027;5886139
org;rec-221-org;221;tara;olbrei;12;finniss crescent;belaradah;swan bay;2074;sa;19710614;3244815
org;rec-1803-org;1803;mackinley;rees;48;elliott street;central coast van park;koorawatha;4213;vic;19180407;7817298
org;rec-2980-org;2980;joshua;covino;29;tregellas crescent;banksia;kilmore;6051;qld;19610813;2599462
org;rec-3743-org;3743;isabella;blackwell;38;;longmead;frankston;3824;qld;19320619;8029693
org;rec-3540-org;3540;nikita;rees;12;dixon drive;;kellyville;3551;wa;19760404;6243965
org;rec-3941-org;3941;rebecca;hyland;10;forbes street;berkeley village;lismore;2145;nsw;19200109;3721168
org;rec-3501-org;3501;joel;simmonds;7;cuthbert circuit;b;torquay;4700;nsw;19780627;7880484
org;rec-2368-dup-2;2368;darcie;astly;82;knoke avenue;;manyana;4560;vic;19420804;2769992
org;rec-1607-org;1607;magnus;lomman;6;schonell circuit;;glenella;4825;wa;19350604;6973207
org;rec-265-org;265;mitchell;coffey;207;coverdale street;minoru;bittern;2483;qld;19800413;6587013
org;rec-1677-dup-2;1677;lucas;bowemran;51;villa 127;macintyre place;yankalilla;4362;vic;19160511;9707874
org;rec-3533-org;3533;toby;;29;garrard street;riverside professional centre;goonellabah;2515;sa;19400608;3385061
org;rec-1945-dup-1;1945;melanie;beaty;12;maribyrnong avenue;ferndale;wahlan;3101;nsw;19570421;2509791
org;rec-3758-org;3758;alysha;toms;3;frencham place;;naracoorte;3065;qld;19900427;5740153
org;rec-2248-org;2248;lara;alderson;27;shackleton circuit;burnie north west private hospital;highbury;7320;nsw;19350619;6890767
org;rec-547-org;547;charlotte;white;75;kemsley place;scenic lodge;tuart hill;3193;vic;19470227;4593477
org;rec-2383-org;2383;logan;byers;24;dennys place;brentwood vlge;berwick;5039;qld;19680809;3353696
org;rec-3971-org;3971;jacynta;lowe;112;croton street;warra creek;wyong;2233;qld;19390214;5828603
org;rec-1714-org;1714;alexander;grosser;19;mackenzie street;;carrara;2517;nsw;19550917;5244486
org;rec-703-org;703;michael;kriekenbeek;12;narrabundah lane;tynwall;woollahra;2720;sa;19950926;3189782
org;rec-591-org;591;aaron;novak;21;walker crescent;rosemount;artarmon;2096;qld;19460424;7730783
org;rec-1912-org;1912;elli;sheremetjev;5;hedland circuit;rosetta village;montmorency;4211;nsw;19480904;1142152
org;rec-2252-org;2252;tyler;matthews;344;fink crescent;star court arcade;rosebud;4051;sa;19680111;6749530
org;rec-1915-org;1915;angelica;stubbs;7;finniss crescent;settlers hills;st kilda;3184;nsw;19310304;8814905
org;rec-1415-org;1415;ruby;mcgregor;16;nelson place;shangrila cvan park;proston;6210;qld;19580830;5236146
org;rec-3638-org;3638;ella;green;1;plummer street;top house;seaton;2428;nsw;19850316;7441213
org;rec-680-org;680;kane;binns;11;jinka street;goyder centre;kemblawarra;4868;;19980419;7408112
org;rec-3751-org;3751;emma;myriti;91;purbrick street;woodburn cottage;kincumber;2750;nsw;19550324;9464534
org;rec-2776-org;2776;leah;armanious;149;glover street;cherry haven;port lincoln;2176;wa;19670307;3844231
org;rec-2194-org;2194;jesse;rundle;55;theodore street;riverside hme park;cecil park;3021;nsw;19850313;2382113
org;rec-2157-org;2157;james;flannery;422;julia flynn avenue;golambio cottage;werrington;4306;nsw;19300330;9228739
org;rec-1238-org;1238;hamish;dobrigna;24;milari street;don ray;bokarina;2340;vic;19910314;1653771
org;rec-1754-org;1754;sarah;coleman;26;groom street;lourdes hostel;woodcroft;5211;wa;19010701;5513412
org;rec-2815-dup-1;2815;rosa;colquhoun;125;bonroo k street;avalind;suffolk park;2283;nt;19000520;2083513
org;rec-2601-org;2601;emiily;rees;58;mina wylie crescent;;duncraig;2560;vic;19421115;5744972
org;rec-3380-org;3380;joshua;sumsion;39;nanima road;westerdale;st kilda east;3660;sa;19391021;2152885
org;rec-254-org;254;maddison;roller;5;la perouse street;glenlee;cromer;5540;nsw;19510401;3881429
org;rec-840-org;840;james;rauseo;;debenham street;;dora creek;2110;nsw;19980131;6070430
org;rec-2957-org;2957;claire;binns;14;oldershaw court;;stockton;7250;nsw;19531211;5675829
org;rec-3640-org;3640;jett;chuck;6;potts place;the willows;the basin;2325;vic;19880910;5231330
org;rec-1866-dup-0;1866;nicholas;wisby;11;stauntozn place;theoldge;winhtrop;4218;vic;19791005;3723611
org;rec-3769-dup-0;3769;hatden;blackwell;12;shackletno circuit;caloundra family medical practice trinit;clayton;0810;sa;19340227;6042988
org;rec-3194-org;3194;ebony;ferris;33;dunbar street;glenview;wetherill park;2515;wa;19300115;8528086
org;rec-1023-org;1023;dillon;leane;;belconnen mall;berkeley vlge;ardeer;2529;qld;19910306;1577394
org;rec-850-org;850;alana;caruana;84;allott place;mirreanda;;4074;qld;19511022;6633978
org;rec-2872-org;2872;lynae;jukic;3;burrinjuck crescent;;morwell;2602;vic;19160324;2640557
org;rec-3234-org;3234;rebecca;noble;308;totterdell street;wiluna;san remo;5074;vic;19970820;6827429
org;rec-3739-dup-0;3739;matisse;nicolle;57;gleneira;shannon circuit;riverwood;6186;vic;19360402;1155875
org;rec-846-dup-0;846;lewis;bristow;10;knok eavenue;north star holiday resort;hamilton;4870;nsw;19311024;1374722
org;rec-2343-org;2343;lawson;zilm;75;gladstone street;jandarra;albany creek;4111;nsw;19060417;9689855
org;rec-2853-dup-0;2853;ella;allik;31;darby sreet;riverland ivllage;st lucia;2122;wa;19241203;6838082
org;rec-2788-org;2788;jayden;webb;92;rainbow place;dugout;hurstbridge;2218;vic;19090511;9685667
org;rec-1544-dup-2;1544;india;rees;25;waterfieldplace;;brunswick west;5014;qld;;1262198
org;rec-1430-dup-3;1430;alyssa;lowe;37;howitt street;;wambreal;5063;nsw;19470626;1362480
org;rec-2520-org;2520;madeleine;afford;13;;fairbank;windsor;2042;nsw;19440913;3914690
org;rec-2432-org;2432;jack;zemanovic;13;mattingley court;the park;northgate;2627;qld;19570105;4997474
org;rec-3106-org;3106;lauren;hand;16;mcgowan street;river mews;cedarton;4510;tas;19381113;8921824
org;rec-1615-org;1615;nicholas;lodge;11;kitchener street;first avenue;christie downs;3070;qld;19230621;5772676
org;rec-2485-org;2485;isabella;worsley;14;mckain place;yallambee hostel;granville;4069;vic;19501221;4666456
org;rec-641-dup-2;641;patwrson;mhary;12;maribyrnong avenue;rosedale;parramatta;2166;vic;19190703;5843579
org;rec-2835-org;2835;caleb;heron;33;beilby place;palm grove;punchbowl;6437;nsw;19900311;4395932
org;rec-447-dup-2;447;dominic;hislp;17;brainesrreet;raffa dstate;dalby;5290;wa;19911026;1065977
org;rec-3231-org;3231;holly;white;57;boolee street;caravn park;bacchus marsh;3934;qld;19450703;1740991
org;rec-891-dup-0;891;madellne;mason;7;dixondrive;jestarlei;thornoie;2208;wa;19761231;9595082
org;rec-3541-org;3541;ronan;pride;26;gorrie close;ochiltree;taringa;4067;nsw;19850325;2135951
org;rec-2322-dup-0;2322;victoria;nobloe;49;montefiore crescent;edith jall;raymond terrace;2226;vic;19400304;1339068
org;rec-1375-org;1375;jade;zbierski;25;karri street;mount beauty;kincumber;3331;vic;19991019;2832128
org;rec-2467-dup-4;2467;maddison;matthews;28;moore street;oakey isle wallis lke off;kaleen;3165;act;19070524;6246777
org;rec-1620-org;1620;sophie;trimmer;11;enid lorimer circuit;gogulger stock;picketts valley;6149;vic;19490414;2685382
org;rec-2598-org;2598;sophie;nicklason;29;knoke avenue;littledale;west lakes shore;3305;vic;19090220;5509445
org;rec-3648-org;3648;isabella;hick;27;summerville crescent;kelgoola;werrington;5092;wa;19791122;7487683
org;rec-2203-org;2203;blake;mckinnell;80;holden crescent;wytaliba;whitewood;3166;nsw;19660825;9591894
org;rec-3661-org;3661;spyke;beams;35;couvreur street;brentwood vlge;surfers paradise;0820;nsw;19060524;2836042
org;rec-3582-org;3582;;bennier;22;;greenhills;charlestown;4111;nsw;19240330;2340122
org;rec-1624-org;1624;charlee;mulree;41;pelham close;eventide homes;tweed heads south;2546;vic;19630224;1116059
org;rec-91-org;91;alexander;mason;7;batchelor street;loc 5129;petrie;3911;act;19320826;6387066
org;rec-165-org;165;sara;huxley;11;theodore street;rosetta village;pinnaroo;3984;nsw;19040610;8178814
org;rec-1611-org;1611;nathan;clarke;29;epacris place;the tops;emerald;2011;wa;19040217;9549954
org;rec-2456-org;2456;isabella;trenerry;4;mawson drive;myrrhee;cashmere;3414;qld;19690913;6858659
org;rec-3413-org;3413;madison;salt;21;maccallum circuit;kangaroo grnd;brown hill;2615;nsw;19100405;9615838
org;rec-2655-org;2655;april;campbell;85;cassinia street;mt sturt;scarborough;2439;nsw;19001228;7544100
org;rec-1354-org;1354;hayley;koral;16;vonwiller crescent;sherwood;tuart hill;2540;vic;19380819;9881520
org;rec-3655-org;3655;john;dixon;;fraser court;eventide homes;somerset;4370;qld;19990918;8350632
org;rec-961-org;961;jaime;gohl;40;goodwin street;pepinmarti;lake clifton;4123;nsw;19390425;8972415
org;rec-1584-org;1584;amy;ferris;6;seaborn place;mckail;port lincoln;4017;vic;19870622;7362485
org;rec-3703-dup-1;3703;jacob;crfots;10;cumpston place;barwick pastoral;pymble;4805;act;19240818;4801307
org;rec-3160-dup-1;3160;white;hayley;23;gilruthstreet;ocean breeze;denmark;4211;sa;19790413;8334292
org;rec-2395-org;2395;lily;matthews;21;brahe place;eriswell park;st kilda;4730;nsw;19000509;1392788
org;rec-2275-org;2275;james;hope;17;gluyas street;;chittaway point;6112;vic;19010412;5862932
org;rec-2300-org;2300;larissa;sickles;13;kneebone street;coralyn;bindoon;2540;nsw;19210107;1792912
org;rec-3209-org;3209;emiily;marzec;95;stuart street;thuruna;coconut grove;2285;vic;19100801;4960107
org;rec-3957-org;3957;zakariah;holgate;55;mckinlay street;winton;sale;6507;qld;;2988460
org;rec-3230-org;3230;alyssa;lionis;13;hakea crescent;sunset;harbord;7150;vic;19760515;4383990
org;rec-1237-dup-1;1237;alec;clarke;;aurora close;border park;wy yung;2204;vic;19780226;2472763
org;rec-2253-org;2253;alexander;green;545;banks street;pennymuir;clayfield;0870;nsw;;2415228
org;rec-1316-dup-0;1316;kazde;evans-zijlstra;16;merrimancrescent;brindabella specialist centre;allinham;2460;vic;19540530;8441006
org;rec-1520-org;1520;courtney;mulquiney;18;fizelle place;grammar school;moorabbin;2065;nsw;19970103;8729844
org;rec-1316-dup-1;1316;kade;evans-zijlstra;11;merriman crescent;;allihnam;2400;vic;19540530;8441006
org;rec-2624-dup-0;2624;zachariah;dohse;5;wheeler crescent;como;thornliegh;2535;vic;19020607;8733364
org;rec-1277-org;1277;braedon;broadby;49;arthaldo court;tannamurra;yagoona;3250;vic;19580201;8631771
org;rec-1247-org;1247;madison;drady;18;chippindall circuit;;emu plains;2066;vic;19991128;1256806
org;rec-2292-org;2292;archer;ranson;16;clarendon street;glengara village;bellambi;4740;nsw;19340105;8623230
org;rec-3795-org;3795;thomas;petersen;25;joyce place;bethany;watsonia;3195;nsw;19920728;9853965
org;rec-1298-org;1298;lucas;keepence;35;perrin circuit;longridge village;maryborough;2228;nsw;19000527;7207408
org;rec-503-dup-0;503;jacob;gencheff;;elder street;stfrancis vlge;para htlls;4074;qld;19071231;8581017
org;rec-1263-org;1263;laura;cirelli;161;whatmore court;teazles;karratha;2192;act;19800926;7934332
org;rec-3236-org;3236;brianna;mccarthy;85;warrai place;kooraegulla;orange;4077;qld;19110323;5030053
org;rec-1059-org;1059;pia;cromer;8;mullan street;paradise springs;broken hill;4670;vic;19600707;2163145
org;rec-1887-org;1887;tiarna;green;34;crozier circuit;the briar patch;creswick;2251;wa;19211214;3699757
org;rec-2101-org;2101;thomas;weaver;38;bonrook street;lakewood estate;annandale;2034;nsw;19201221;1350786
org;rec-2511-org;2511;;dixon;15;devonport street;oaklands village;hay;2650;wa;19210622;4701674
org;rec-1337-org;1337;carlin;webb;9;jemalong street;littledale;cardiff;4810;nsw;19920520;8613201
org;rec-66-org;66;thomas;;20;carr crescent;uargon;sunshine north;3071;nsw;19951010;8667811
org;rec-3891-dup-1;3891;cain;dreckow;19;baynton w treet;cooloola farms;seven hills;3564;nsw;19390315;8829105
org;rec-2010-org;2010;oliver;wiseman;20;bargang crescent;aminya hmes;innaloo;4213;vic;19971031;2004166
org;rec-3286-org;3286;angus;armfield;39;diamond street;killone park;lawson;4020;vic;19490222;4950263
org;rec-607-org;607;cooper;green;6;tyson street;;fish creek;6225;nsw;19250720;5465786
org;rec-2050-dup-0;2050;moulton;gabriel;10;courallie;lander crescent;northgnate;4217;vic;19450603;2754299
org;rec-2720-org;2720;victoria;kennealy;7;connelly place;citrus country caravan park;burleigh heads;2050;nsw;19511216;7418570
org;rec-1071-org;1071;naomi;white;;buxton street;woodstock park;toowoomba;2800;sa;19260225;4422830
org;rec-1237-dup-3;1237;alec;clarke;;aurora close;border p ark;glenelg south;2204;sa;19780226;2472763
org;rec-701-org;701;emma;ryan;9;naas valley;holloway haven;kilsyth;3023;sa;19430225;2417435
org;rec-3976-dup-3;3976;tara;green;34;marston place;tiverton;point cook;4807;vic;19860816;4388415
org;rec-3574-dup-0;3574;aidan;hague;;goodman street;;avoca beach;4213;wa;19480913;6181261
org;rec-1723-org;1723;trey;dubicki;56;rischbieth crescent;eventide homes;wolumla;5065;tas;19190402;9078716
org;rec-3820-org;3820;william;burford;25;marshall street;oakdale;rowville;3444;nsw;19230612;7549270
org;rec-1671-org;1671;liam;jiang;20;sturdee crescent;the meadows;wantirna;4810;qld;19651109;8497858
org;rec-809-org;809;tiffany;turco;28;traeger street;somerset house;eaglehawk;4670;qld;19791228;7453380
org;rec-413-dup-0;413;lucy;morruson;23;baracchi crqescent;buskett homestead;casino;2165;vic;19600409;4877811
org;rec-3609-org;3609;michael;nguyen;4;clarey crescent;;belmont north;3875;vic;19001222;1015664
org;rec-1635-org;1635;oscar;mauric;35;lincoln close;three acres;bunbury;3032;sa;19191208;4716680
org;rec-2530-org;2530;jackson;green;73;hardman street;marandyvale;katherine;5042;vic;19031008;3052271
org;rec-2169-dup-1;2169;ethan;monjean;57;pokana circuit;jarala;st albans;4075;vic;19440816;5251642
org;rec-651-dup-2;651;jayedn;hingskon;116;alawa street;lonpglain;wendouree;3138;qld;19171120;6243938
org;rec-2674-org;2674;ajay;steed;16;verran place;spring vale;venus bay;3182;nsw;19170206;3751304
org;rec-1830-org;1830;jasmin;ryan;49;bushby close;;braddon;2114;act;19531205;4236780
org;rec-1841-org;1841;harry;blunden;428;willis street;romilly hills;bridgewater;3185;vic;19740519;1057365
org;rec-453-org;453;matthew;ruffy;15;james street;top end;murray bridge;3977;nsw;19101026;1957951
org;rec-3822-org;3822;caitlin;fusco;20;damala street;bethel hostel;wangi wangi;4701;nsw;19591210;2633483
org;rec-705-dup-3;705;makenzi;morrisin;381;maclaurin crescent;aptmnt f42;macgregor;5038;vic;19810522;1135598
org;rec-3961-org;3961;alysha;seib;252;binns street;scottish masonic village;orange;2541;vic;19490912;6515880
org;rec-3475-org;3475;jordan;harrland;1;du faur street;the meadows;wyoming;0870;nsw;19551028;9552598
org;rec-969-dup-2;969;jemima;paterson;31;dominion circuit;robertson barracks;punchvowl;5290;qld;19640418;6169888
org;rec-3052-org;3052;trinity;tomney;27;nangi place;summit cottage;burwood;2192;wa;19260130;8365405
org;rec-816-org;816;bailey;clarke;1;hetherington circuit;gundaline;harden;2077;vic;19930416;6134615
org;rec-3926-org;3926;jacob;golden;42;ireland place;war veterans hme;balwyn north;3782;nsw;19790121;6186962
org;rec-3122-dup-0;3122;daniella;qunzi;3;chevalleh loop;hd curramulka;daptot;2065;vic;19420225;8970508
org;rec-3379-dup-1;3379;zachariah;kuhndt;75;finn sgret;locn 316;mirraboo ka;2770;vic;19090525;2605044
org;rec-2117-org;2117;;shepherd;3;alexander street;talonmane;calliope;6149;tas;19121019;6588164
org;rec-3997-org;3997;anthony;pallot;28;tully street;barwick pastoral;hamilton;6410;nsw;19421004;4771430
org;rec-3943-org;3943;emiily;portlock;82;dalley crescent;banksia vlge;birkdale;4014;nsw;19621013;6139910
org;rec-2971-org;2971;ebony;;15;leahy close;toorale;nollamara;3057;vic;19640831;1404101
org;rec-3807-org;3807;malakai;white;20;longstay caravn park;pleasant ridge;alice springs;3212;sa;19401229;3589551
org;rec-3111-org;3111;kyle;boxhall;30;hawkins close;dma offices (cnr wales s street;golden bay;2234;qld;19531224;9946374
org;rec-2623-org;2623;rhys;dent;201;dalton place;north road;manly vale;4077;wa;19460401;2651071
org;rec-2246-org;2246;isabelle;poliakova;11;baracchi crescent;kincumber nautical vlge;cobar;2125;qld;19100412;6904829
org;rec-469-org;469;evan;markov;12;kapiu place;;mooroolbark;2322;nsw;19761021;5885212
org;rec-1811-org;1811;zachary;braunack;23;hutcheson street;riverbourne;tin can bay;2050;nsw;19730309;6217112
org;rec-477-org;477;kayden;blake;18;sainsbury street;riverpark;midland;6069;vic;19741104;7158992
org;rec-3996-dup-1;3996;tahnee;campbell;150;chillagoe street;;bethania;2875;qld;19171003;6587334
org;rec-1216-dup-2;1216;rily;whittlesis;;blacket st reet;donnavalley;curl curl;2617;nsw;19660630;3785882
org;rec-210-org;210;zachary;browne;40;dale circuit;uarah;burleigh waters;3199;vic;19660925;5005881
org;rec-3470-org;3470;cooper;dicks;12;coolibah crescent;skilbister;armidale;3216;nsw;19561216;7499773
org;rec-611-org;611;charles;kumpus;85;epenarra close;adeline rtrmnt vlg;cabramatta;3175;nsw;19790501;1517425
org;rec-92-org;92;noah;hazell;235;farrelly close;lorong kampong;mentone;3058;nsw;19061218;3044987
org;rec-1861-org;1861;vendula;;8;drosera place;rye park;mona vale;3936;vic;19630922;2425427
org;rec-3507-dup-3;3507;henry;collinson;1;mcgivern crescent;winchester;bonnyrigg;2602;nsw;19670520;4217909
org;rec-1500-org;1500;cooper;guymer;89;lorimer place;melody cottage;matraville;4740;nsw;19601220;5159459
org;rec-3079-org;3079;miranda;ryan;67;morgan crescent;;mount annan;3013;vic;19010325;1978278
org;rec-483-org;483;brody;morrison;25;chave street;pleasant acres;lakes entrance;3763;nsw;19380113;8281513
org;rec-2264-dup-0;2264;;mccarthy;21;launcestonrstreet;carav n park;coonamble;3047;vif;;6539267
org;rec-726-org;726;mason;thorpe;17;wenholz street;westleigh;kincumber;4130;wa;19490402;6439306
org;rec-828-org;828;chloe;sporn;48;gellibrand street;the willows;armidale;2533;sa;19210302;8169471
org;rec-1413-org;1413;mia;thredgold;1596;;donore;crosslands;2151;sa;19360217;2092952
org;rec-3532-org;3532;mitchell;rauseo;600;currie crescent;rosedale;elsternwick;4165;nsw;19261209;8945207
org;rec-2743-org;2743;alexander;maynard;31;toohey place;billilla;barnawartha north;3135;sa;19911024;1169319
org;rec-416-org;416;abbey;petersen;42;goldfinch circuit;ashley manor;birkdale;2261;qld;19310213;3633596
org;rec-1067-org;1067;jack;mahony;90;ainslie avenue;;granville;5114;nsw;19540424;5517731
org;rec-1885-dup-2;1885;jemma;ryan;175;attiwell circuit;medicalkcentre;old bar;2172;tas;19080812;1482721
org;rec-585-org;585;sarah;heidrich;42;pandanus street;woden;moree;7250;qld;19030531;3752378
org;rec-3296-org;3296;lucy;dixon;19;cornelian place;belmont park;nicholls;3074;nsw;19211023;4176255
org;rec-3359-org;3359;eliza;bloomfield;15;doyle terrace;espana village;greenwood;3219;vic;19830527;3228735
org;rec-2605-org;2605;;priest;;a'beckett street;locn 1901;palmerston;2640;act;19290710;5029006
org;rec-1688-org;1688;brodie;ryan;2;;killarney;port pirie;2227;nsw;19110218;3963862
org;rec-737-org;737;giuliana;spong;100;hirschfeld crescent;riverpark;doubleview;2650;nsw;19840131;3674664
org;rec-588-org;588;henry;agius;23;hindmarsh drive;;toowoomba;2280;vic;19840529;6445755
org;rec-2421-org;2421;benjamin;nesich;19;candlebark close;apt pc;roselands;3280;wa;19740716;3774412
org;rec-1525-org;1525;james;bott-sarma;101;casey crescent;boronia;brighton;5125;vic;19380113;4408316
org;rec-766-org;766;wade;yvanovich;25;purbrick street;glenmore;christie downs;2228;vic;19350815;2844799
org;rec-2536-org;2536;matthew;drysdale;6;gibbes place;bungarra;magill;3124;vic;19220718;3501378
org;rec-3279-org;3279;tyler;mccully;9;wolfingham place;farmhouse;newcastle;2046;vic;19091031;3663116
org;rec-534-dup-0;534;lachlan;wheatley;30;;rosettasvillage;mount gravatt;4218;sa;19620815;8894816
org;rec-3882-org;3882;matthew;britten;15;hakea crescent;brentwood vlge;wynyard;4610;sa;19010719;7962983
org;rec-1572-org;1572;dayna;mahony;24;paul coe crescent;s 477;red range;5107;nsw;19321203;1145766
org;rec-1547-org;1547;ty;clarke;14;eyre street;;yeronga;3130;nsw;19780925;8931261
org;rec-3539-org;3539;kieran;goodchap;15;chandler street;mayflower retrmnt vlge;cowley;2220;nsw;19180410;2391918
org;rec-3242-org;3242;joel;matthews;31;knox street;oyster farm;eatons hill;5161;;19451128;2759549
org;rec-3731-dup-0;3731;luke;mccarthy;43;cullen street;rosemount;mentone;2316;sa;19541020;4343061
org;rec-1163-org;1163;d'arcy;mccarthy;16;kennerley street;;talgarno;6155;wa;19010320;6809060
org;rec-1386-org;1386;felicity;ho;20;marika street;marsden forest;punchbowl;2233;vic;19180812;5863512
org;rec-3259-org;3259;ella;bishop;13;beatham close;;winston hills;4510;nsw;19880812;6431019
org;rec-594-org;594;jaxin;allard;13;ashburner street;mallow;annandale;6172;nsw;19591218;2474767
org;rec-2482-org;2482;dante;coleman;;beaumont close;cooloola farms;collinsvale;2774;nsw;19651207;4173265
org;rec-1783-org;1783;georgia;spicer;33;mackay crescent;mac donnells bldg (cnr grafton s street;waverley;6171;sa;19111019;2453332
org;rec-2572-dup-2;2572;benjamin;mainsbridge;12;fryerp lace;tatyaar;macgregor;4152;qld;19380502;1640980
org;rec-2854-org;2854;finlay;kowald;5;lascelles circuit;shenstone park;south nanango;6058;nsw;19040211;3979902
org;rec-2680-org;2680;benjamin;campbell;102;connor place;hopkins view;orchard hills;2642;vic;19680325;7238277
org;rec-3719-org;3719;eleni;ploughman;46;launceston street;mt moornambool;west lakes;3175;vic;19740911;3640360
org;rec-3741-dup-2;3741;michael;white;70;hurry place;tintagel;penguin;4179;;19761129;4419815
org;rec-2939-org;2939;jenna;mazzone;108;goa place;cottesbrook;cronulla;4557;sa;19121013;9774328
org;rec-2461-org;2461;kieren;negri;1;mccabe crescent;bellbird ctge;normanhurst;2036;vic;19551128;6047697
org;rec-2822-dup-2;2822;molly;campbell;26;callaway crescent;southern cross;port macquarie;3172;nsw;19070605;4549668
org;rec-2603-org;2603;toby;slape;33;currey street;hd tiparra sec 333;carnegie;4701;sa;19000826;3123482
org;rec-3976-org;3976;tara;green;34;marston place;;point cook;4807;vic;19860816;4388415
org;rec-2308-org;2308;angelina;chandler;21;;trevellyn;seven hills;3551;nsw;19251230;2292944
org;rec-3181-dup-0;3181;hannah;mason;13;dooland court;kiloran;bangor;6014;qld;19101101;1294569
org;rec-1262-org;1262;charlie;meadows;12;hawker street;binnalong;mosman;2150;vic;19100704;3025776
org;rec-1117-org;1117;christopher;nguyen;5;lawley street;st johns retirement village;mount gravatt;2146;nsw;19910123;1666403
org;rec-864-dup-2;864;zane;quilliam;14;croziercircuit;hayfield vlge;ngunpnawal;6011;nsw;19940830;9090375
org;rec-3423-org;3423;joshua;longhurst;3;gilbert street;kyeema vineyard;armidale;4312;nsw;19971117;7432421
org;rec-1676-org;1676;ryan;tenbensel;24;cunningham street;jalna (cnr barbato c corner;south melbourne;3083;vic;19740429;3639813
org;rec-1702-org;1702;aiden;mason;18;pocket avenue;hd curramulka;geographe;6765;wa;19750722;9631692
org;rec-1079-org;1079;brooklyn;george;38;froggatt street;lapoinya;cronulla;4116;nsw;19600826;9799670
org;rec-3257-org;3257;sophie;lock;68;richardson circuit;warra view;ravenshoe;3814;nsw;19801103;8736294
org;rec-1965-org;1965;xani;sach;8;bugden avenue;;baranduda;4746;nsw;19510326;4856538
org;rec-3725-org;3725;gianni;beverlee;3;;braebrook;clayton;4060;nsw;19891022;7728609
org;rec-478-dup-3;478;natalia;harrland;121;edmund splace;brightling park;severnlea;5417;vic;19800313;1893606
org;rec-3622-dup-1;3622;jayden;nguyen;3;ridley street;st helens pastoral co;mount eliza;6169;sa;19790823;6742545
org;rec-2020-org;2020;madeleine;paterson;25;allchin circuit;locn 8200;greensborough;2069;vic;19390204;8622246
org;rec-2889-dup-1;2889;lacey;dinnison;;van praag place;;wallan;2360;vic;19660205;9606221
org;rec-3522-org;3522;dylan;crouch;64;castieau street;pine hut;walkley heights;5280;tas;19911005;7322729
org;rec-1010-dup-1;1010;edward;selmlann;42;medical centre;stoneplace;north rocks;2324;vic;19180822;5883037
org;rec-893-org;893;tyler;pellos;7;bemboka crescent;;wyong;2096;nsw;19430309;2002748
org;rec-1576-org;1576;hannah;brooker;1;broadbent street;masonic memorial village;gilmore;3070;vic;19151103;6359275
org;rec-1998-org;1998;tiffany;swiggs;5;wheeler crescent;keralland;bayswater;3204;vic;19921226;4525087
org;rec-628-org;628;emma;mason;6;couvreur street;padicam;lake munmorah;4216;vic;19671115;3361550
org;rec-2151-dup-0;2151;bradley;haberield;11;carumbi place;bunga rra;canley heights;2560;vic;19190528;5039500
org;rec-630-org;630;matthew;la roche;27;dickson chiropractic dickson chambers;craiglee station;mullaway;2063;nsw;19890705;4492826
org;rec-3920-org;3920;oliver;nguyen;68;brimage place;owl manor;adelaide;2324;qld;19680829;4166588
org;rec-247-org;247;stephanie;berketa;69;blakey close;airlie;burwood;2049;qld;19560525;7073006
org;rec-161-org;161;emiily;;38;adair street;;newcomb;2155;vic;19501007;6870036
org;rec-113-dup-2;113;alice;riding;18;aspinall rtreet;;maryborough;2448;;;4503763
org;rec-1429-org;1429;jake;weaver;6;noble close;;alice springs;2158;act;19220505;8299281
org;rec-431-dup-0;431;tahlia;kuras;110;torbalea;milson street;latrobe;2211;nsw;19351124;6986890
org;rec-3228-dup-2;3228;macphail;brydee;;tuthill place;korrelocking;new town;2234;qld;19841211;9212610
org;rec-3652-dup-1;3652;christian;berry;11;chauvel street;;momsan;3097;nsw;19220830;7641989
org;rec-2169-org;2169;ethan;monjean;57;pokana circuit;jarara;st albans;4075;vic;19440816;5251642
org;rec-3310-org;3310;alexander;morcom;29;cochrane crescent;morrells park;birkdale;2790;nsw;19970511;4952724
org;rec-3922-org;3922;dale;lodge;60;loureiro street;elmwood;west lakes;2041;nsw;19820929;2554490
org;rec-1353-org;1353;;halligan;4;meldrum street;aronui;aspendale gardens;2259;sa;19870725;1527708
org;rec-2481-org;2481;james;robson;258;perrin circuit;gracemere grdns;castlemaine;2152;vic;19290309;9992782
org;rec-3853-org;3853;naomi;edson;3;badimara street;villa 3;bundaberg;2046;nsw;19200714;5998581
org;rec-3314-dup-2;3314;jacison;spratt;12;slight place;oatland scourt;beachmere;3219;nsw;19920731;1338387
org;rec-1457-dup-2;1457;robert;abves;90;salsola street;oakdlae;scarborough;5373;vic;19740430;7485604
org;rec-2420-org;2420;zac;morrison;3;heagney crescent;killarney;willetton;5083;vic;19300722;7079685
org;rec-3726-org;3726;sarah;harrington;4;stromlo crescent;eddington;swan hill;2086;nsw;19641013;3783872
org;rec-921-org;921;makenzie;quilliam;19;scrivener street;cressbrook;broken hill;2009;nsw;19350609;4672704
org;rec-1037-org;1037;charlotte;meaney;202;chewings street;mandurah retirement village;somerset;2131;sa;19180427;9496465
org;rec-2067-org;2067;nicholas;clapham;169;belconnen way;kincumber nautical vlge;berwick;2050;qld;19660609;8242467
org;rec-2973-dup-0;2973;noah;hingston;10;ironbar k ridge;mooreheadp lace;eight mile plains;5606;vic;19490705;8137426
org;rec-1692-dup-1;1692;oliver;hyles;7;blackman crescent;rose lane centre;swan hill;2134;vic;19621010;1353730
org;rec-550-org;550;alexandra;noble;9;scarlett street;rsl park;milvale;6063;wa;19660509;9229853
org;rec-152-org;152;matthew;nguyen;13;popplewell place;villa 2;pearce;2600;wa;19671202;6184256
org;rec-787-org;787;hannah;mccarthy;11;langley place;barkool;warilla;4105;qld;19400904;8038893
org;rec-2317-org;2317;jackson;walkley;1;carroll street;ortawenah;port macquarie;4825;nsw;19800401;5487489
org;rec-2862-org;2862;koula;shepherd;114;sabine close;lynden park stud;macquarie fields;3216;vic;19090906;8598579
org;rec-2264-dup-1;2264;alexander;mccarthy;40;launceston street;caravn park;coonamble;3047;vic;19560602;6531276
org;rec-2598-dup-0;2598;sophie;nicklason;29;knoke avenue;litteldale;west lakes shore;3305;vic;19090220;5504945
org;rec-82-org;82;peter;clarke;34;banambila street;milton;rowville;0870;qld;19070515;5188591
org;rec-1251-org;1251;charlotte;clarke;30;brooks street;murray vale lodge;keilor;2615;nsw;19250216;5207967
org;rec-3150-org;3150;christian;morrison;168;moorhouse street;narada upper;asquith;2421;tas;19340610;2980706
org;rec-753-org;753;samuel;monaco;;taronga place;townview;minyip;5062;vic;19580103;6277786
org;rec-430-org;430;isabella;hindley;27;tewksbury circuit;naringal orchard;sandy bay;2480;qld;19450610;1927735
org;rec-3304-dup-0;3304;jula;badman;22;calder crescent;lucky corner;margaret river;3194;vic;19980519;1390230
org;rec-1692-org;1692;oliver;hyles;7;blackman crescent;rose lane centre;swan hill;2134;vic;19750323;1353730
org;rec-1983-org;1983;patrick;hulands;98;dunstan street;currandina;paddington;3074;qld;19410830;4406867
org;rec-3272-dup-2;3272;hels;trey;19;holmans treet;kookaburra village;peregianjbeach;5266;nsw;19520113;6172652
org;rec-2427-dup-1;2427;ashleigh;gree;169;shumackrstreet;mulgun na;coromandel valley;2759;vic;19460510;8472395
org;rec-134-dup-2;134;zali;fondum;51;clancy street;rosemonut;cowell;2066;vic;19140220;3131278
org;rec-2815-dup-2;2815;rosa;colquhoun;13;bonrook street;avalind;suffolk park;2283;nt;19000520;2083513
org;rec-178-org;178;caleb;nevin;52;horbury street;old post office;surry hills;3480;nsw;19700930;5049738
org;rec-1587-org;1587;takeisha;tiller;2;de little circuit;ripon estate;spearwood;4558;nsw;19400325;4042323
org;rec-2214-org;2214;natalee;rankine;5;risdon place;budgereebella;cherrybrook;3305;nsw;19521231;3393576
org;rec-1430-dup-2;1430;alyssa;lowe;37;howitt street;the meadows;wamberal;5064;nsw;19470626;1362480
org;rec-2853-org;2853;ella;allik;31;darby street;riverland village;st lucia;2122;wa;19241203;6838082
org;rec-231-org;231;sarah;frew;23;harrison street;garema place surgery;ivanhoe north;3055;qld;19450530;7942523
org;rec-1028-org;1028;daniella;nguyen;42;noala street;;forbes;3758;sa;19780911;9367799
org;rec-3223-org;3223;holly;campbell;2;rechner place;sec 1;doubleview;2021;vic;19301127;2599140
org;rec-1712-dup-1;1712;eleanor;herbert;21;somerset street;granny flat road;patterson lakes;4350;vic;19730615;7191751
org;rec-797-org;797;isabella;grillas;33;jerrabomberra avenue;the garden village;roselands;2304;tas;19351007;9647713
org;rec-1412-org;1412;jessica;blake;6;mcintyre street;;orange;2717;qld;19190219;5946432
org;rec-1602-org;1602;michael;snell;67;hyndes crescent;wiltshire;windsor;3194;nsw;19251123;7319948
org;rec-309-org;309;nathan;asher;1;cooling place;umavale;college grove;3941;vic;19500215;1188033
org;rec-1994-org;1994;ryan;bowerman;5;spafford crescent;willowcrest;torquay;3197;qld;19711023;7140705
org;rec-1553-org;1553;isabella;kao;10;blackbutt street;willsburn;cranbourne;5203;qld;19870518;6024269
org;rec-3524-dup-0;3524;tarshya;webb;7;cusakcplace;pinad;kirwasn;2460;qld;19050501;5456493
org;rec-3073-dup-1;3073;imogen;campbell;103;sweet place;clifden;coolaroo;3182;tas;19421210;5865906
org;rec-2807-org;2807;amber;bellchambers;44;springvale drive;perry park hostel;enoggera;4226;nsw;19470222;7817854
org;rec-3533-dup-1;3533;dreckow;toby;7;garrarg ystreet;riverside professional centre;goonellabah;2515;sa;19400608;3385061
org;rec-3039-org;3039;harrison;nurse;3;tallon place;medical centre;beenleigh;2546;qld;19260804;6459244
org;rec-116-org;116;samantha;ryan;12;galali place;summerdale medical centre;seacliff;2034;nsw;19151010;1105837
org;rec-1437-org;1437;bryce;hanigan;8;dickinson street;camara;dayboro;3388;qld;19300607;3330344
org;rec-2130-org;2130;chloe;cachia;91;dominion circuit;;toowoomba;2287;nsw;19480218;7184074
org;rec-3190-org;3190;nathan;hazell;116;sherwood circuit;fairway villas;kalamunda;6052;nsw;19930517;2793465
org;rec-814-dup-1;814;sascha;clarke;;perry drive;rockettw lodge;south perth;4054;vic;19991011;5938594
org;rec-3469-org;3469;hannah;dooley;48;;ashgrove farms;mulwala;6064;qld;19131021;3424210
org;rec-2602-org;2602;isabella;wallin;29;want place;wattandee;moorabbin;3931;wa;19230525;8844981
org;rec-36-org;36;chloe;kilby;204;pennefather street;athlone 2;manly vale;4306;nsw;19770724;8718156
org;rec-2547-org;2547;james;hope;52;chinner crescent;kareela;coolah;3011;qld;19480603;8155097
org;rec-1852-org;1852;jordyn;tunstall;16;padbury street;balamba;new town;4207;qld;19380310;9125569
org;rec-425-org;425;georgia;green;9;fulton street;mt annan;padstow;6151;wa;19620310;3906966
org;rec-1029-org;1029;hannah;clarke;30;debenham street;athlone;glenwood;6007;wa;19450728;4709851
org;rec-141-dup-1;141;clain;purser;7;marr stteet;;alfred cove;4077;qld;19431127;1760227
org;rec-1344-org;1344;emiily;webb;1;vonwiller crescent;island court;dapto;2590;vic;19000326;7812207
org;rec-2686-dup-0;2686;charlotte;ryan;50;denny street;;pennant hills;4034;sa;19350312;2548031
org;rec-3555-org;3555;brendan;gibb;14;durham place;henry kendall bayside;raceview;2155;nsw;19740521;9700396
org;rec-1846-org;1846;ella;poore;8;cunningham street;warwillah;mount eliza;6233;vic;19560426;3514376
org;rec-1616-org;1616;riley;miles;274;namatjira street;ken hunter lodge;dapto;3150;sa;19990621;1536415
org;rec-1895-org;1895;ebony;dekrell;29;wentworth avenue;camphill;parramatta;3168;wa;19170812;9225510
org;rec-3132-org;3132;emma;glass;52;martley circuit;ridge glen;ascot;2335;vic;19440601;1562138
org;rec-2294-org;2294;sophie;capell;78;sadlier street;dalintober estate;brisbane;2443;qld;19530526;3658504
org;rec-3345-org;3345;eliza;simmonds;12;;buckhobble;canley heights;6149;nsw;19190919;2486665
org;rec-3439-org;3439;jamie;leah;5;cooper place;coastal resort caravn park;concord;2289;vic;19990716;4993322
org;rec-3126-org;3126;jordan;overington;24;tenison-woods circuit;kingston tower;bilgola plateau;2200;sa;;9224285
org;rec-340-org;340;liam;hope;9;macedon crescent;wingara;lachlan;2067;sa;19130608;3477661
org;rec-2723-org;2723;sana;lock;3;tank street;summer hill;st albans;6109;wa;19690617;4064351
org;rec-572-org;572;;goode;6;norman fisher circuit;;boondall;3926;nsw;19970621;1005756
org;rec-866-org;866;caleb;browne;268;wenholz street;laure;kilmore;5109;vic;19070804;8637078
org;rec-839-org;839;simon;george;107;stieglitz circuit;sheep station;enoggera;2228;qld;19680403;9932427
org;rec-1555-org;1555;brandon;bishop;3;degraves crescent;talawa;seacliff;3061;qld;19160803;1465845
org;rec-2791-org;2791;;shadbolt;85;blair street;villa 3;kogarah;3280;nsw;19970319;3290314
org;rec-3584-dup-0;3584;kiandra;matthews;117;florence taylor street;carrington nursing;morwell;2601;nsw;;6108487
org;rec-3704-dup-2;3704;molly;baillie;49;bibby place;chippendale ivllage;green screek;3054;nsw;19050529;4210252
org;rec-2780-org;2780;nicholas;cochrane;65;bennelong crescent;redlands;manly vale;3194;nsw;19121118;2381304
org;rec-3665-org;3665;joshua;longhurst;18;bimberi crescent;rosetta village;wantirna;3089;vic;19320427;7115792
org;rec-1812-org;1812;thomas;veis;150;traeger street;;urangan;2170;qld;19690212;4536593
org;rec-3340-org;3340;tyler;byers;8;crisp circuit;alice downs;broken hill;4805;vic;19050124;5617719
org;rec-2812-org;2812;bailey;mcfadden;409;augustus close;;anula;2195;vic;19360913;3040989
org;rec-62-org;62;jacob;carmody;31;forbes street;the villas north;ferndale;2540;sa;19530711;2898109
org;rec-3291-org;3291;shandril;spradau;10;dewar place;jormaizee;greenfield park;3840;vic;19600410;3749954
org;rec-2641-org;2641;;wazlawek;49;castles place;glen shiel;thornlie;2330;wa;19530312;1992813
org;rec-1969-org;1969;jacob;crouch;46;shannon circuit;;woodville gardens;6025;qld;19240901;5892874
org;rec-3167-org;3167;daniel;green;2;bagster place;thornbury;elsternwick;3629;sa;19130722;4951639
org;rec-3761-dup-0;3761;dylan;ploughman;16;barron street;jingara;pinnacle;6061;vic;19480128;3205234
org;rec-749-org;749;kaleb;ho;3;henty street;mayo;ascot;2093;nsw;19030217;6454165
org;rec-3325-org;3325;hayley;berry;28;o'reilly street;tongeroo;yeronga;6054;vic;19090307;1074750
org;rec-1564-org;1564;lily;hoistech;56;jennings street;tupelo;blackall;2161;nsw;19781005;4152694
org;rec-25-org;25;taylah;berry;49;marr street;lambar;hyde park;7330;sa;19521015;7307690
org;rec-862-org;862;jack;berry;17;bandt place;dudley specialist medical centre;bundaberg;3201;nsw;19540123;5000326
org;rec-2016-org;2016;seth;gripton;12;goulburn street;brokenspoke;gaven;2590;vic;19001104;4063498
org;rec-3710-dup-0;3710;ashlie;gerste;34;florey drive;narek;morajnbah;2228;wa;19911104;1069447
org;rec-969-dup-0;969;jemima;paterson;31;dominion circuit;robertso nbarracks;punchbowl;5290;qld;19640418;6169888
org;rec-517-dup-4;517;nicholas;matthes;22;yampi place;;greenwood;2089;nsw;19920917;3063954
org;rec-1448-org;1448;rhys;jolly;23;burn street;tarlinup;margaret river;4112;nsw;19090417;1033153
org;rec-2218-org;2218;madeline;koulianos;51;maclaurin crescent;cascades;maclean;4220;nsw;19910824;1722934
org;rec-2325-org;2325;benjamin;pegg;30;mountain circuit;marlin cove;wetherill park;3579;nsw;19771210;6978189
org;rec-3894-org;3894;zack;seare;31;lennard street;callitris;balcatta;2550;nsw;19960424;4910006
org;rec-836-org;836;isaac;campbell;35;balonne street;willandra;graceville;3355;nsw;19030918;9169341
org;rec-640-dup-3;640;kyle;whites;52;renmark street;barwalla;kograh;2087;nsw;19291227;5927014
org;rec-2460-dup-3;2460;nichokas;hathaway;74;;flemingtonmarkets;mill park;6011;nsw;19390305;1796925
org;rec-1173-org;1173;caitlin;rawlings;31;rischbieth crescent;clifden;sunset;2107;vic;19480603;9105096
org;rec-2405-org;2405;ava;roles;77;longmore crescent;torrens grove estate;ellenbrook;3153;nsw;19491211;7418461
org;rec-3138-org;3138;caleb;dixon;11;wanderer court;;tarragindi;4012;vic;19701025;5152948
org;rec-2371-org;2371;bree;lomman;32;poynton street;crower;bidwill;5041;nsw;19281103;5661897
org;rec-3644-org;3644;benjamin;ahmed;100;rischbieth crescent;mountview;centennial park;5235;nsw;19360328;2813038
org;rec-3182-org;3182;zali;varcoe;14;mcgowen close;locn 2042 gillingarra;evandale;2121;tas;19910903;5705363
org;rec-2898-org;2898;finley;waller;21;wentworth avenue;marlou;delevin;6163;vic;19181008;1968384
org;rec-3563-dup-0;3563;quinn;musolkno;2;brainestreet;cluster;heckenberg;6390;nsw;19100225;8891469
org;rec-788-org;788;ella;green;41;mcmaster street;john flynn medical centre;cranbourne north;4350;qld;19900114;3024874
org;rec-1780-org;1780;hamish;siemers;33;kingsbury street;minore falls;norwood;2452;tas;19620912;3576595
org;rec-2692-org;2692;;caine;14;roxon place;ron gol station;clovelly;3109;nsw;19200924;3910793
org;rec-3958-org;3958;sam;garcia;102;chevalier street;jarroo;scarborough;2880;nsw;19780422;1120880
org;rec-2111-org;2111;oliver;vatchenko;24;mccaw place;pegg's creek;bargara;3059;qld;19050921;4646427
org;rec-1737-org;1737;jayde;grubb;49;lewin street;cranford;bongaree;2527;nsw;19450603;6721377
org;rec-860-org;860;kadin;nguyen;10;novar street;rowethorpe;wantirna;2190;vic;19040622;2878328
org;rec-2700-org;2700;lachlan;pyle;6;hannam place;john flynn medical centre;terrey hills;2710;vic;19400511;1644593
org;rec-3801-org;3801;hayden;;126;lewis luxton avenue;hardways;bacchus marsh;4501;nsw;19361226;7392433
org;rec-2633-dup-2;2633;snell;sophie;47;vaughan g arden;arcdia;hahndorf;2372;tas;19231164;8368391
org;rec-974-org;974;antonio;renfrey;92;sharwood crescent;curtin house;christies beach;2108;nsw;19780428;2816286
org;rec-1750-dup-2;1750;jack;nguyuen;68;kelleway avenue;glenbrokoorchard;woombye;2163;nsw;19670617;7343200
org;rec-2147-org;2147;brody;webb;27;la perouse street;triton units;palmer;5600;nsw;19041208;5369238
org;rec-1208-org;1208;emma;dent;21;bulloo place;forest hills;mcdowall;7260;nsw;19651216;7381670
org;rec-2897-org;2897;alana;alstin;48;giliruk crescent;kookaburra village;worrigee;3162;nsw;19301104;4185288
org;rec-621-org;621;amaya;hanna;180;newman morris circuit;pangani;silverdale;4300;nsw;19250113;9970784
org;rec-377-org;377;finn;dixon;94;dexter street;fairway villas;ballarat;3850;nsw;19211227;7281865
org;rec-3550-org;3550;bridget;vincent;6;warrumbul street;norma;ringwood;6019;qld;19870820;9591244
org;rec-2588-org;2588;sian;dudley;7;getting crescent;peechabella;dalby;2065;vic;19170204;1262551
org;rec-1216-org;1216;chloe;whittlesis;;blacket street;donna valley;curl curl;2617;qld;19660630;3785882
org;rec-2928-org;2928;gabriel;kranz;17;sharman place;glenbrae;tara;5109;sa;19970907;1219440
org;rec-3874-org;3874;sophie;burford;24;jerramlee;kangaroo gnd;tweed heads;4221;act;19250214;4269724
org;rec-1551-org;1551;hannah;clarke;49;;helenvale;beecroft;2222;qld;19441214;5234213
org;rec-3533-dup-0;3533;chantelle;;29;garrard sstreet;riverside professoonal centre;gooneloabah;2515;sa;19400608;3385061
org;rec-709-org;709;thomas;tims;25;moss street;moonah;prospect vale;6170;qld;19600721;6114411
org;rec-888-org;888;david;webb;32;blacket street;ewinga;wentworth falls;4655;vic;19911113;2910770
org;rec-3047-org;3047;daniel;dietrich;3;pelsart street;qunaba;hughes;3032;nsw;19570510;4922928
org;rec-626-dup-1;626;brodoke;dixon;27;scarborouh h street;uminan aprk;woy woy;2602;qld;19980907;2574357
org;rec-3198-org;3198;harry;micek;5;maidment place;silverland roadhouse;telegraph point;6168;vic;19700115;7136297
org;rec-1176-org;1176;william;white;4;northbourne avenue;brentwood vlge;rowville;2251;qld;19831115;6193807
org;rec-410-org;410;thomas;neumann;54;atherton street;thomas scott village;glenside;4405;sa;19190212;8247927
org;rec-216-org;216;adam;clarke;9;woralul street;garema place surgery;wahroonga;2085;qld;19950716;5651476
org;rec-1174-org;1174;harley;reid;411;antill street;bondura;pimlico;6104;nsw;19150131;4284271
org;rec-50-dup-2;50;thomas;tuckwell;;couvreur street;kimberley land caravan park;toorak;5049;nsw;19211030;8702265
org;rec-137-org;137;genevieve;aspinall;7;duffy street;kirkdale;como;4751;sa;19970425;9655903
org;rec-1875-org;1875;hamish;crouch;69;northbourne avenue;corridella;plumpton;4031;qld;19820813;4062055
org;rec-1864-org;1864;samuel;reid;12;saw place;irrigation farm;lalor;2541;qld;19141004;4489087
org;rec-2690-org;2690;joel;ranson;10;phillip avenue;;box hill south;3865;nsw;;1839401
org;rec-3557-org;3557;samuel;green;3;gleeson place;meringle;noble park;4558;qld;19710704;5308212
org;rec-3740-org;3740;benjamin;gowers;26;withnell circuit;promenade arcade;cooma;3156;sa;19720109;9006933
org;rec-49-org;49;joshua;willing;110;gollan street;naringal orchard;mountain creek;2335;nsw;19880701;4725037
org;rec-2207-org;2207;abbey;greenberg;;alderman street;;port macquarie;2324;vic;19660821;3389702
org;rec-716-org;716;chloe;baensch;12;cloncurry street;lamont park;blacktown;2428;nsw;19781118;6440481
org;rec-2487-org;2487;jessica;carbone;2;melbourne avenue;buckamall;safety beach;2132;sa;19010826;9894414
org;rec-1107-org;1107;joshua;neville;128;yambina crescent;jerrabung;mount eliza;3431;;19041103;2878958
org;rec-386-dup-1;386;lucas;mccarthy;50;nicklin crescent;;bayswater;2144;nsw;19920912;5188554
org;rec-3049-org;3049;alana;green;65;namoi place;forest views;mount evelyn;5254;qld;19151216;2528114
org;rec-3304-dup-1;3304;lucas;badman;14;calder crescent;;margaret river;3149;vic;19980519;1390230
org;rec-562-org;562;christina;neuendorf;3;devonport street;murga ridge;greensborough;3377;wa;19200115;3522663
org;rec-3136-org;3136;sarah;reid;;fenner street;browie;rochedale south;2250;nsw;19590408;4166072
org;rec-2440-org;2440;hudson;vandenbroucke;7;woolls street;wongamine;east melbourne;3132;vic;19330904;8949891
org;rec-559-org;559;benjamin;morrison;86;macadam street;rawdon;laverton;4019;qld;19680119;5549810
org;rec-245-org;245;bayley;green;;mackey place;killarney;giralang;3730;qld;;4707655
org;rec-162-org;162;alexia;lionis;677;limestone avenue;weetabella;warrandyte;2282;vic;19910302;3485012
org;rec-640-dup-1;640;kyle;white;52;renmark street;;kogarah;2087;nsw;19291227;5927014
org;rec-1115-org;1115;abbey;lieben;14;;omaru;melville;3074;nsw;19520702;9190841
org;rec-911-org;911;benjamin;hassell;16;marakai street;jemular downs;murgon;2226;nsw;19630521;2382272
org;rec-3677-dup-1;3677;joel;manthorpe;;pennefatherstreet;midway service station;peregianlbeach;3131;wa;19970911;3452695
org;rec-382-org;382;elly;green;8;neumayer street;carinya vlge;st albans;2478;nsw;19750718;5725418
org;rec-1182-org;1182;andrew;spagnoletti;36;fitchett street;hillside farm;coonalpyn;4217;qld;19880126;2022755
org;rec-1581-org;1581;lily;leslie;19;rudall street;;reidy creek;2444;nsw;19460705;6406842
org;rec-439-org;439;kira;boromisa;29;mindarie street;torr dean;kenwick;4113;vic;19220720;3178512
org;rec-1361-org;1361;aiden;hoffman;105;copland drive;wimdaliri;leichhardt;4226;sa;19140607;8617142
org;rec-778-org;778;marlee;ikonomou;23;blamey crescent;oakridge park;medina;3183;nsw;19080630;7042299
org;rec-2467-dup-0;2467;sarah;joel;28;moore s treet;oakey isle w allis lke off;kaleen;3165;act;19070524;6246777
org;rec-34-org;34;maya;dusek;69;eggleston crescent;knowsley park;cooloongup;3169;wa;;5836440
org;rec-2861-org;2861;anthea;campbell;279;watling place;red gate;burleigh waters;2190;vic;19850625;3676445
org;rec-318-org;318;cameron;clarke;86;salsola street;jacana park;chittaway bay;3691;nsw;19660709;5802533
org;rec-3744-org;3744;blake;campbell;17;buckmaster crescent;rmbe 770;st johns wood;7248;sa;19560408;4449555
org;rec-1570-org;1570;chelsea;everett;1;shumack street;jacana park;east maitland;2761;vic;19550606;1787792
org;rec-3409-dup-1;3409;kobe;hoernr;66;tanderra crescent;burnside;werrington;2767;nsw;19111118;5115494
org;rec-2656-org;2656;joshua;jagodzinski;6;weddin circuit;mungery;terrigal;2582;qld;19140703;8754353
org;rec-672-dup-0;672;green;tarnia;15;dumas nstreet;emeral d garden;frankston;3130;sa;19860606;9374843
org;rec-3477-org;3477;lucy;bristow;72;henty street;nunderi;gin gin;4171;nsw;19750129;4629032
org;rec-966-org;966;james;treager;46;mackay crescent;geebung;waverley;3131;nsw;19411124;6833996
org;rec-1457-dup-1;1457;robert;alves;90;salsola street;oakdale;scarborough;6060;vic;19740430;7485604
org;rec-1210-org;1210;liam;green;33;david street;;heywood;2035;qld;19590427;2270430
org;rec-2322-org;2322;victoria;noble;49;montefiore crescent;edith hall;raymond terrace;2226;vic;19400304;1339068
org;rec-2146-org;2146;megan;hope;31;matina street;;craigmore;2550;qld;19270913;9794482
org;rec-603-org;603;samuel;white;32;whiteman street;toombimba;yowie bay;2440;vic;19330712;9574929
org;rec-750-org;750;archie;;43;martley circuit;point cook home;para hills;4680;nsw;19070502;4671989
org;rec-1788-org;1788;amy;kowald;10;toona place;mcedwards;westerway;3568;nsw;19511202;4713939
org;rec-3112-org;3112;danielle;nicolle;11;fellows street;mabuiag island;st albans;3121;vic;19540509;1170812
org;rec-3417-dup-1;3417;talia;crosswell;4;borrowdale street;greensopes;queenscliff;5540;qld;19041109;7190843
org;rec-3955-org;3955;michaela;hefford;484;tauss place;twin top;penshurst;2630;wa;19921208;4371123
org;rec-491-org;491;eliza;nguyen;111;harrison street;brentwood vlge;camden;6169;vic;19920202;5778844
org;rec-30-org;30;cameron;limbert;19;coobina place;rosehill;adamstown;2777;vic;19261016;3547239
org;rec-3165-org;3165;eliza;restell;4;muntz street;villa 3;wantirna;5114;nsw;19300404;1775485
org;rec-1834-org;1834;ryan;hope;19;evelyn owen crescent;the avenues;thornleigh;2026;vic;19751209;2441561
org;rec-405-org;405;april;rees;29;parker street;glenlee;glenwood;2587;nsw;19690905;2740013
org;rec-589-dup-2;589;sarah;reid;2;fihelly street;two mile;larnook;5162;nsw;19710725;6614340
org;rec-2550-org;2550;sean;ryan;32;ashburner street;kenara;whitfield;2259;nsw;19390213;2756004
org;rec-700-org;700;jack;ryan;262;leahy close;bugala;milperra;2607;sa;19080824;5161844
org;rec-1216-dup-0;1216;chloet;whittesis;;blacket street;donna valley;curl curl;2617;qld;19660630;3785882
org;rec-468-org;468;rachel;green;43;richter close;littledale;bolwarra;4746;nsw;19580424;2481695
org;rec-1924-org;1924;bailey;thavarajadeva;23;kelleway avenue;ulinga;beaudesert;3057;vic;19040123;3304194
org;rec-520-org;520;jaime;brain;65;doyle terrace;longhouse;brunswick heads;3134;qld;19031003;8464129
org;rec-3264-org;3264;david;rees;36;banambila street;extension;port kembla;3109;sa;19070416;2389789
org;rec-673-org;673;madeleine;hope;28;parfitt crescent;south seas (cnr cook s street;kalamunda;4215;tas;19941108;9010727
org;rec-878-dup-1;878;fraser;corrie;17;;bowillia court;nambour;3201;qld;19010625;5274263
org;rec-2838-org;2838;madison;donaldson;678;napier close;red hills;maude;2800;vic;19280508;9226697
org;rec-1350-org;1350;lachlan;gread;45;bremer street;wheller garden;;5278;qld;19140513;5949552
org;rec-2737-org;2737;tayla;bowerman;33;ambalindum street;mountview;parkside;7270;nsw;19780913;1166194
org;rec-263-org;263;emiily;carbone;34;nardoo crescent;lazy acres;old toongabbie;6280;nsw;19841013;7068798
org;rec-672-org;672;alexander;green;15;dumas street;emerald garden;frankston;3130;sa;19860606;9374843
org;rec-3024-org;3024;jade;belonoha;4;london circuit;norley;loftus;2260;nsw;19701208;1001710
org;rec-3979-org;3979;abbey;green;1;la perouse street;murray bank;launching place;3804;nsw;19860614;9100230
org;rec-2946-org;2946;heather;baynes;192;clive steele avenue;star court arcade;willetton;3173;wa;19800805;8593126
org;rec-1923-org;1923;matilda;bishop;142;evelyn owen crescent;gundamain;nevertire;3444;nsw;19910812;1292779
org;rec-1181-org;1181;brayden;webb;14;dandenong court;dudley specialist medical centre;wellard;3757;nsw;19021106;8707883
org;rec-1802-org;1802;kimberly;drysdale;11;esperance street;;wangaratta;2558;nsw;19851211;7869068
org;rec-1741-org;1741;hannah;kerley;4;boldrewood street;north north street;collie;2780;nsw;19460123;3492304
org;rec-202-org;202;bailey;bolis;10;aspinall street;eden park;braddon;4051;wa;19180727;5256268
org;rec-3016-org;3016;michael;musolino;111;heagney crescent;lonesome dove;ashfield;2099;nsw;19910515;9626312
org;rec-1031-org;1031;jeremy;reid;11;furey street;yarralong;flemington;4226;qld;19541126;2374074
org;rec-1526-org;1526;sarah;;28;langdon avenue;villa 3;woodlands;3051;qld;19520728;7960716
org;rec-575-dup-0;575;dylan;;102;bainton crescent;cadogan;lalorpark;4304;nsw;19920616;7632481
org;rec-1581-dup-0;1581;lil y;leslie;19;rudal l street;;reidy creek;2444;nsw;19460705;6406842
org;rec-1172-org;1172;mia;mincher;26;sherbrooke street;;avondale heights;2320;qld;19830325;6020660
org;rec-902-dup-0;902;emma;white;81;smiths road;;hay;3003;vic;19661123;7916163
org;rec-706-org;706;meg;chandler;131;cromwell circuit;rosedale;annandale;4225;nsw;19161021;1385685
org;rec-154-org;154;joshua;clisby;37;rogers street;sunbury;deniliquin;2777;qld;19601128;6920115
org;rec-1405-org;1405;imogen;reszitnyk;41;paterick place;walungurru community;braidwood;5680;vic;19330509;8265933
org;rec-3179-org;3179;tiahana;tiedemann;3;sharwood crescent;thorndale;st albans;4825;qld;;3144230
org;rec-296-org;296;gracie;leslie;62;clermont street;rivonia;dover gardens;4205;vic;19530823;1487614
org;rec-312-org;312;mollie;reid;43;;linton;tahmoor;3523;nsw;19091209;3825180
org;rec-1564-dup-1;1564;lily;hoistech;56;jennings street;;blackall;2161;nsw;19781005;4152694
org;rec-1121-org;1121;leah;riddell;37;rule street;garrawilla;paralowie;7210;wa;19510709;6073862
org;rec-1952-org;1952;india;cmarch;9;badenoch crescent;cotton tree caravan park;frankston;4503;sa;19060126;4980198
org;rec-812-org;812;james;mccracken;72;steffanoni circuit;afflexian;allansford;2820;nsw;19710914;5989343
org;rec-2230-dup-0;2230;nathan;ezis;15;ijong street;sec 960;el arish;3220;;;4871098
org;rec-2079-org;2079;olivia;gillard;3;mccullock place;;belmont;2261;nsw;19550110;7207519
org;rec-1927-org;1927;chelsea;hoffman;31;meiklejohn place;;wanneroo;3031;tas;19120121;7766876
org;rec-650-org;650;beth;dooley;216;harper street;albion;hadspen;3083;nsw;19400815;5462333
org;rec-3622-dup-0;3622;;benger;3;ridley street;;mount eliza;6169;sa;19790823;6742545
org;rec-2231-org;2231;bertie;hartland;74;jacka crescent;warrigunya;annandale;4854;nsw;19670511;7374435
org;rec-379-org;379;connor;mason;5;freda bennett circuit;stockland cairns;parkinson;2144;vic;19810120;8462311
org;rec-3617-org;3617;danjel;blows;46;araluen street;cave hill creek;concord;3764;nsw;19040505;6437587
org;rec-1820-org;1820;olivia;bishop;10;lansell circuit;coolibah;springwood;5017;tas;19060314;6793368
org;rec-552-org;552;brianna;goode;15;hardman street;fairholme;rosebud;2774;qld;19980129;8471487
org;rec-1292-org;1292;connor;white;7;gungurra crescent;lindsay island;bondi junction;5490;qld;19210903;7828788
org;rec-2730-org;2730;liam;worthington-eyre;39;shackleton circuit;steen heuvel;st andrews;3806;vic;19921016;5240132
org;rec-214-org;214;marley;george;3;;jinchilla;cowra;2780;qld;19820408;3395242
org;rec-3161-org;3161;ashleigh;kowald;18;macnaughton street;tantallon;kareela;4670;qld;19900918;9403665
org;rec-2826-org;2826;takara;moulton;3;crisp circuit;brileen;kings park;3019;nsw;19680708;5107702
org;rec-1911-org;1911;samantha;dorrell;76;whitford place;malinga;lismore;2750;qld;19070912;7412197
org;rec-1853-org;1853;chelsea;ballantyne;38;darby street;vlla 18 pacific bay resort;ottoway;4352;vic;19550811;3785865
org;rec-2533-org;2533;taylor;reid;43;foord place;brightwater villas;concord west;2290;qld;19600619;1712032
org;rec-870-org;870;oliver;kranz;795;haynes place;donnachaidh;toorak;2539;wa;19731017;3960568
org;rec-3071-org;3071;taylah;ferri;37;raymond street;;mount colah;2539;vic;19820212;6016285
org;rec-2911-org;2911;alisa;hage;24;;garden settlement;wellington point;4870;nsw;19540629;4302830
org;rec-2397-org;2397;max;headon;1;hughes crescent;harefield;wards river;4551;sa;19900903;6746280
org;rec-1280-org;1280;beth;corrie;101;gurrang avenue;bessy sue;black hill;6060;sa;19440722;6576664
org;rec-3131-org;3131;tess;koenders;;lochbuy street;anzac house (cnr archer s street;nunawading;2211;wa;19230116;4141693
org;rec-1203-org;1203;emiily;thorpe;16;kitchener street;camrai village;blacksmiths;2216;nsw;19501215;5616863
org;rec-2450-org;2450;chelsea;crook;65;berwick place;tibarrum;toowoomba;2143;vic;19560221;7372134
org;rec-2587-org;2587;cooper;webb;43;maranboy street;peridon vlge;brockman;2444;wa;19750216;6604292
org;rec-3091-org;3091;belinda;tuckwell;371;heard street;belleview;carrara;2150;vic;19140114;4788781
org;rec-2438-org;2438;jock;white;7;alberga street;st johnof god hospital;garran;3220;tas;19670925;7675466
org;rec-1519-org;1519;jade;ulrick;4;julia flynn avenue;yoorana;cabramatta;2545;nsw;19201119;7244498
org;rec-648-org;648;maxin;menteith;27;chippindall circuit;bombowlee;goonellabah;5073;qld;;5014690
org;rec-1928-org;1928;kimberley;dooley;21;berrigan crescent;two tree hill;carlingford;4701;nsw;19341129;8176393
org;rec-754-org;754;joshua;stanley;4;wambaya crescent;st johnof god hospital;cleveland;3212;qld;19350414;2387278
org;rec-2524-org;2524;joshua;clarke;40;reid place;;altona north;2086;nsw;19400719;5429327
org;rec-3265-org;3265;harrison;sunderman;17;collings street;lochadair;canley heights;3825;vic;19060312;4501509
org;rec-1336-dup-1;1336;tiana;daronco;;strehlow poace;canberra centre;wahroouga;3294;vic;19440526;6641814
org;rec-3748-org;3748;oliver;hobson;16;mann place;weerona grabben gullen;oyster bay;4012;wa;19760119;4025649
org;rec-567-org;567;kyle;bulner;24;caldwell street;brentwood vlge;ormond;7330;vic;19750210;6099792
org;rec-2577-org;2577;brayden;wilkey;5;burdekin avenue;corandirk;forbes;2138;qld;19630202;1315314
org;rec-1414-org;1414;liana;kempson;2;hodgson crescent;rowethorpe;greenacre;3216;wa;19910519;1167273
org;rec-270-org;270;bethany;reid;15;hambidge crescent;groomfields;tweed heads;2577;qld;19371010;6014974
org;rec-2126-org;2126;hugh;smallacombe;126;salsola street;merrilea;prospect;6530;vic;19210508;6760867
org;rec-3774-org;3774;andrew;nguyen;;florence taylor street;villa 2;aitkenvale;4074;nsw;19740529;8592830
org;rec-2866-org;2866;nicholas;everett;363;holyman street;sec 21;stephens;4017;wa;19300101;7597965
org;rec-2135-dup-1;2135;jessica;smallacombe;66;notting court;moonabba;;2077;sa;19420703;9622378
org;rec-789-dup-1;789;pastars;charlotte;;ligertwood street;tarowng;tweed heads south;2760;qld;19560402;5102481
org;rec-2050-dup-4;2050;gabrniel;moulton;;lander crescent;courallie;northgate;4217;vic;19820217;2754299
org;rec-1712-org;1712;sophie;herbert;21;somerset street;granny flat road;patterson lakes;4350;vic;19730615;7191751
org;rec-361-org;361;zac;haren;25;london circuit;villa 444 the village glen;dandenong north;2207;sa;;4089662
org;rec-2049-org;2049;kailey;wilkins;99;tambo street;malchi;seven hills;2031;qld;19880403;7604831
org;rec-2095-org;2095;john;bishop;;wilkins street;greater cess vill;salisbury east;2095;sa;19300818;1365790
org;rec-2607-dup-0;2607;gre n;emiily;25;robson street;rosedown;armidale;7008;act;19930903;8733127
org;rec-3577-org;3577;zachary;goode;228;macrossan crescent;;rowville;2154;vic;19951115;6135805
org;rec-2124-org;2124;larissa;bishop;79;dallachy street;rosedale;morwell;3064;qld;19290913;7203986
org;rec-956-dup-2;956;claudia;crouch;103;torrenqs dtreet;lassaan;burwood;5260;nsw;19160429;9364233
org;rec-437-org;437;harrison;kakko;97;buik place;palm lake resort;gorokan;2515;wa;19490106;2631588
org;rec-3231-dup-0;3231;white;holly;57;boolee street;caravn park;bacchus marsh;3934;qdl;19457003;1740991
org;rec-383-org;383;chelsea;walpole;34;haystack crescent;professional centre;strathmerton;6112;wa;19020225;7461711
org;rec-2115-org;2115;kale;;1160;fewtrell place;kilburnie;st andrews beach;4810;nsw;19540720;8960408
org;rec-1237-dup-4;1237;ale c;clarke;;aurora close;border pxark;glenelg south;2204;vic;19780226;2472763
org;rec-3724-org;3724;jacob;savas;5;heagney crescent;kinross;trinity park;3128;nsw;19750821;1893519
org;rec-1035-dup-1;1035;bailey;rabbitt;17;ellerston avenue;greglea v illage;mermaid waters;2146;vic;19420816;9956483
org;rec-1269-org;1269;isabella;stearnes;16;fiveash street;oaklane;maryborough;6103;qld;19180829;6210732
org;rec-3169-org;3169;bayden;lomman;4;fergusson crescent;roseleigh farms;hurlstone park;2040;vic;19881004;8590575
org;rec-1360-org;1360;campbell;hyland;6;spence place;willandra;mill park;3000;nsw;19750105;2821885
org;rec-3012-org;3012;jacob;green;6;wakool circuit;gottabe appy park;londonderry;6154;qld;19300125;2342481
org;rec-644-dup-0;644;ainsley;reid;114;condamine street;;loftu;2533;vic;19271010;5251581
org;rec-293-org;293;christopher;gully;51;guilfoyle street;;north narrabeen;2170;vic;19140210;6073547
org;rec-614-org;614;kelsy;egglestone;15;fihelly street;jessiefield;belrose;3105;sa;19290512;3215008
org;rec-1709-org;1709;teresa;newport;139;beasley street;berragoon;geelong east;5431;wa;19000305;4520827
org;rec-2257-org;2257;ellie;morecroft;21;fullagar crescent;falconhorst;robina;3204;vic;19250114;6509889
org;rec-1172-dup-0;1172;mia;mincehr;26;sherbrookestreet;;avondale heights;2320;qld;19830325;6020660
org;rec-1260-org;1260;luke;feneley;8;kingscote crescent;;o'sullivan beach;3793;wa;19291004;6037871
org;rec-2412-org;2412;jordan;brock;2;keira street;pevensey;port sorell;2262;tas;19041219;3786142
org;rec-3944-org;3944;rebecca;green;36;rylah crescent;anzac house (cnr archer s street;kyogle;5082;wa;19930119;5656752
org;rec-2934-dup-0;2934;fergus;campbell;28;medley street;;slacks creek;2151;qld;19041030;1164988
org;rec-2561-org;2561;lara;siviour;14;harker place;environganic farm;eaglehawk;5049;vic;19541006;3881648
org;rec-2864-org;2864;adam;cappelluti;79;cotge valewe merino stud;highland park;keysborough;2022;nsw;19471006;1626889
org;rec-2380-org;2380;taylah;pesari;13;rogers street;glen rock;st albans;2450;vic;19900312;2440989
org;rec-823-dup-2;823;erin;ryan;7;jardine street;rocky f at;kaleen;3190;qld;19401111;9499719
org;rec-2686-org;2686;charlotte;ryan;130;denny street;citi centre;pennant hills;4034;sa;19350312;2548031
org;rec-431-org;431;tahlia;kuras;110;milson street;torbanlea;latrobe;3746;nsw;19351124;6986890
org;rec-651-dup-0;651;jayden;hingston;116;alawa street;long plain;wendouree;3139;qld;19171120;6243938
org;rec-1687-dup-3;1687;blake;sterry;7;investigato r street;glebview;isle of capri;4211;vic;19901017;5600054
org;rec-206-org;206;tyler;blake;20;harper street;cornucopia;st agnes;2260;nsw;19500204;8651331
org;rec-467-org;467;kimberly;green;35;;stonefield;landsdale;4014;vic;19400304;2526177
org;rec-2633-dup-1;2633;sophie;snekl;38;vaughan garden;arcadia;hahndorf;2372;tas;19231114;8638391
org;rec-3538-org;3538;jackson;blake;210;marconi-harrington crescent;phoenix park stud;clifton springs;3556;sa;19911228;3984074
org;rec-1134-org;1134;ryleh;berryman;;barlee place;rbm 1020;waverley;2076;wa;19410206;1555493
org;rec-1225-org;1225;nathan;grubb;10;hinton place;pioneer lodge;cranbourne;2087;qld;19210320;4588351
org;rec-134-org;134;zali;fondum;51;clancy street;rosemount;cowell;2066;vic;19140220;3131278
org;rec-2254-dup-1;2254;sarah;donaldsqon;;mcfarlan place;t int-sect garden;coomalbidgup;6023;nsw;19970702;8244083
org;rec-2441-org;2441;bailee;hemmings;10;hardman street;the gums;vermont;3825;qld;19670726;2557912
org;rec-2127-org;2127;alexander;newport;8;maclaurin crescent;;paralowie;6101;sa;19621103;3627927
org;rec-1689-org;1689;blakeston;garcia;36;currey street;peregrine;wallsend;3646;nsw;19890313;8458399
org;rec-2846-dup-3;2846;jack;dunstone;62;beaurepaire xrescent;ewinga;burwood east;3690;nsw;19040718;3406398
org;rec-851-org;851;luke;abat;38;carr crescent;fassifern retirement village;kahibah;6450;act;19761206;4382686
org;rec-3463-org;3463;riley;warendorf;45;illa langi;jewells medical centre;south perth;4069;vic;19340324;6801255
org;rec-1643-org;1643;shona;waller;2;endeavour street;;sussex inlet;5170;qld;19500511;1136202
org;rec-53-org;53;sam;denholm;260;moorehead place;lake chatsworth;st kilda;3216;wa;19611016;9281990
org;rec-1110-org;1110;ysobel;bellchambers;20;monaro crescent;nioka;bonnells bay;5290;qld;19790904;6404620
org;rec-1165-org;1165;connor;soeroes;34;chevalier street;dundindi;success;2530;wa;19350527;4565035
org;rec-212-org;212;thomas;vincent;25;musson close;;surry hills;5211;qld;19570430;6606287
org;rec-1793-org;1793;maddison;bullock;57;dexter street;parraweena;dareton;6230;nsw;19150721;3666373
org;rec-1798-org;1798;tara;bissett;39;vasey crescent;scenic lodge;killara;4305;nsw;19540623;2029030
org;rec-3549-org;3549;vianca;teti;4;watterson place;wyong plaza village;ecklin south;2515;qld;19751016;2729557
org;rec-2879-org;2879;chelsea;kilby;58;launceston street;thuruna;geelong west;3163;qld;19940503;8676751
org;rec-2819-org;2819;harrison;clarke;9;valli place;;cudmirrah;2441;wa;19160605;8093720
org;rec-503-org;503;jacob;gencheff;;elder street;st francis vlge;para hills;4074;qld;19071231;8581017
org;rec-471-org;471;laura;reid;156;beasley street;shopping village;tatura;3437;qld;19360130;1802139
org;rec-2189-org;2189;kirra;roche;;cockle street;moolooboola;lennox head;2319;vic;19461026;5891770
org;rec-107-dup-1;107;stirling;;6;mortimer lewis drive;telebang station;port lincoln;6506;nsw;19311106;7452730
org;rec-2702-org;2702;joel;tsang;100;amess place;skye lodge;killara;4123;wa;19470501;4864523
org;rec-3968-dup-0;3968;elisep;norrison;23;biddlecombe street;wing raa;mitcham;6320;;19770819;9705642
org;rec-927-org;927;robin;willing;15;gamor street;killara lodge;mount gravatt;6450;qld;19441101;7078843
org;rec-2304-org;2304;joel;gazzola;8;ellerston avenue;;gundagai;5540;act;19940817;4106939
org;rec-107-dup-2;107;stirling;leslie;6;mortimer lewis drive;telebang tsation;port lincoln;6503;nsw;;7452730
org;rec-3206-org;3206;wilson;coffey;15;blakely row;tulloch;ringwood east;4017;vic;19100222;5678345
org;rec-2726-org;2726;caleb;pinheiro;36;cobb crescent;easedale lodge;maclean;3130;vic;19300110;9003533
org;rec-2634-org;2634;jackson;macgowan;15;macdonnell street;central highlands medical centre;maryborough;2077;nsw;19651205;3490923
org;rec-2050-dup-3;2050;michaela;moulstn;15;lander crescent;courallie;northgate;4217;vic;19450603;2754299
org;rec-3703-dup-3;3703;jacqueline;bellchambers;10;cumpstonaplace;barwick pastoral;pymble;4850;act;19240818;4801307
org;rec-113-dup-3;113;riding;alice;18;aspinall street;;maryborough;2448;wa;19111205;4503763
org;rec-2122-org;2122;jackson;tertipis;19;gamban square;fiveways;nowa nowa;2135;vic;19421209;1348284
org;rec-3054-dup-2;3054;elly;krapz;30;britten-jones drive;;;0836;qld;;2829743
org;rec-19-org;19;lauren;clucas;26;arthur circle;parkway centre;seventeen mile rocks;6044;nsw;19020210;8134427
org;rec-2037-org;2037;henry;mason;92;lorne place;john flynn medical centre;bundaberg;2760;wa;19491013;4284222
org;rec-122-org;122;todd;matthews;8;togo place;rowethorpe;eastwood;2234;vic;19591210;1674842
org;rec-1813-org;1813;james;dohse;47;giblin street;rosetta village;mount riverview;3072;vic;19271202;9260085
org;rec-2915-dup-0;2915;;seen;86;tallara parkway;rowethorpe;bayswater north;2160;sa;19030819;8830494
org;rec-141-dup-0;141;lucy;purser;7;marr street;;alfred ocve;4077;qld;19431127;1760227
org;rec-529-org;529;anneliese;schepers;21;o'rourke street;;kirrawee;3844;nsw;19210926;7408533
org;rec-76-dup-2;76;benjamin;creten;165;dandenon court;rosetta ivllage;;6157;nsw;19390616;1258716
org;rec-588-dup-1;588;hemry;agius;23;hindmarsh drive;;toowoomba;7163;vic;19840529;6445755
org;rec-1954-org;1954;noah;seymour-griffin;;le gallienne street;;ballarat;3912;wa;19881001;2782759
org;rec-2094-org;2094;alisha;lansford;42;kingscote crescent;rowethorpe;worrolong;7030;vic;19630723;9534030
org;rec-1664-org;1664;sascha;lindholm;15;bushby place;hylows;moonah west;4610;nsw;19501102;4783796
org;rec-3490-org;3490;talyah;green;;fortescue place;trellech;dianella;2131;vic;19561115;1929072
org;rec-2122-dup-1;2122;jackson;tertipis;19;;fiveways;nowa nowa;2135;vic;19421209;1348284
org;rec-678-org;678;nathan;shoubridge;28;deumonga court;court units;margaret river;3739;vic;19710114;7236121
org;rec-2975-org;2975;caleb;wilkins;23;cumpston place;stoneyhurst;kiels mountain;3910;vic;19341013;7801784
org;rec-197-org;197;mikayla;van schie;;brisbane avenue;tynwall;kilsyth;2605;qld;19151205;6415387
org;rec-264-org;264;micaela;ryan;23;gair place;frank jeffrey hostel;joyner;2103;nsw;19261028;1273774
org;rec-3454-org;3454;jacob;browne;20;archibald street;kooltuo;campbelltown;6112;qld;19670209;9516746
org;rec-1585-org;1585;blakeston;nikolec;82;burnie street;terrawah;lake tyers beach;3068;vic;19001003;7244613
org;rec-3518-org;3518;dean;nguyen;1;coningham street;furlough house;st johns park;6220;nsw;19410620;2312867
org;rec-679-org;679;jacob;green;123;miller street;bandera;putney;3195;wa;19840421;7805223
org;rec-1483-org;1483;ridley;clarke;9;;coolac hotel;oakville;2041;qld;19711019;9577729
org;rec-1779-org;1779;emiily;berry;116;mchugh street;longplain;blacktown;2171;qld;19140514;4553028
org;rec-530-org;530;madison;bishop;41;allan street;trevelen;;3132;nsw;19411220;4959851
org;rec-3869-org;3869;joshua;campbell;8;haskett place;star court arcade;wynyard;5290;vic;19550322;9470294
org;rec-168-org;168;blake;mason;60;maribyrnong avenue;solitaire;preston;3638;nsw;19820810;1427456
org;rec-3228-dup-1;3228;brycdee;macphail;57;tuthill place;korrelocking;newntown;2234;wa;19021006;9212160
org;rec-784-org;784;kira;hearn;28;redcliffe street;;mill park;2747;vic;19261010;2358967
org;rec-1538-org;1538;zac;capell;5;rushbrook circuit;frm 654;midway point;6108;nsw;19140922;4047333
org;rec-108-org;108;james;wang;1;pridham street;hse 13;st lucia;2008;qld;19500209;2946018
org;rec-1402-org;1402;mathilde;mason;9;ella close;peridon vlge;el arish;6155;nsw;19341229;2632661
org;rec-2223-org;2223;elly;mitton;8;port jackson circuit;mayflower retrmnt vlge;whalan;2830;wa;19900424;5694037
org;rec-2387-org;2387;samuel;mccarthy;4;barrallier street;medical centre;moorina;6056;qld;19610405;3887133
org;rec-1674-org;1674;angie;gully;30;torrens street;villa 3;ulverstone;3672;nsw;19770409;8630407
org;rec-125-org;125;ryan;lock;222;elizabeth crescent;cohuna estate;inman valley;4223;nsw;19641230;5834288
org;rec-827-org;827;amalia;ryan;13;iterra place;victoria mill estate;picnic point;3782;wa;19430720;6298895
org;rec-3493-org;3493;phoenix;michalek;33;hensman street;meadowvale village;bundaberg;4740;nsw;;7106861
org;rec-2684-org;2684;harry;crosswell;67;kambalda crescent;surrey;cromer;4020;nsw;19321205;4169081
org;rec-2396-org;2396;louise;trimble;61;bareena street;;hawthorn;6107;qld;19090602;6225525
org;rec-1574-dup-1;1574;;milburn;38;dominion circuit;georgedale;nightclqiff;4211;wa;19080319;9632931
org;rec-958-org;958;sascha;conaghty;34;jacka crescent;;burleigh waters;3071;vic;19961201;3016214
org;rec-183-org;183;chelsea;cowell;6;bee place;garanga;albury;6152;vic;19150410;1058992
org;rec-121-org;121;anton;ryan;38;messenger street;rsl park;st johns park;3085;nsw;19440407;8378144
org;rec-3809-org;3809;alice;chittleborough;17;southern cross drive;wattagan;balwyn north;5608;vic;19580817;9200981
org;rec-2870-org;2870;tara;jolly;46;gardiner street;;railway estate;3129;qld;19960310;7056926
org;rec-2998-dup-0;2998;joel;alderson;17;arabanoo crescent;unt 2;seven hills;6167;sa;19890118;1772163
org;rec-254-dup-0;254;maddison;roller;5;la perouse street;;cromea;5540;nsw;19510401;3881429
org;rec-2338-org;2338;nicholas;campbell;13;goyder street;lazy acres;dulwich hill;2540;nsw;19630226;3041592
org;rec-1218-org;1218;jessica;rau;27;federal highway;hyfields;maroona;4216;vic;19870719;7053280
org;rec-1518-org;1518;nikki;wiseman;66;enderby street;monarch;malvern east;3073;vic;19980528;2492106
org;rec-2667-org;2667;lee;norton-baker;55;grimshaw street;tewantin plaza;campsie;4650;sa;19420718;3972176
org;rec-3078-org;3078;alexandra;spagnoletti;1;rankine place;silverdale south;hamilton;2038;sa;19521027;5845162
org;rec-789-dup-0;789;charlotte;pastars;;ligertwood street;tarwng;;2760;qld;19560402;5102481
org;rec-1298-dup-0;1298;lucas;keepencw;35;perrin circuit;longridg village;maryborough;2282;nsw;19000527;7207048
org;rec-3030-org;3030;natalee;wynne;16;alarmon crescent;watamurra;craigie;3300;;19630101;8745768
org;rec-3289-org;3289;koben;ryan;276;white crescent;drayton villas;woodgate;2011;vic;19291010;1495564
org;rec-257-org;257;oliver;pryer;;bourne street;neretva;mosman;3196;nsw;19581220;4927986
org;rec-3351-org;3351;larissa;callado;57;freda bennett circuit;silkwood estate;blackheath;4350;act;19711120;3757700
org;rec-205-org;205;nicholas;mcpharline;58;tinderry circuit;burnside;south melbourne;3036;sa;19390728;2444285
org;rec-461-org;461;phoebe;mech;48;barnett close;greenslopes;ballarat;7250;nsw;19910104;2275227
org;rec-1896-org;1896;takeisha;hawes;98;wheatley street;;cranbourne;6210;vic;19560921;4285333
org;rec-596-dup-3;596;desilva;jasper;15;sangstrr place;cambooya;broome;3023;wa;19310208;1187147
org;rec-1922-org;1922;james;stolz;2;stapylton street;glenview;kendall;2287;vic;19091103;8520727
org;rec-2706-org;2706;talia;mayer;300;charterisville avenue;the rocks;lilydale;3043;nsw;19950113;7752704
org;rec-193-org;193;charlotte;fullgrabe;46;bunbury street;baptist retirement;mosman;4802;vic;19680723;6447530
org;rec-1713-org;1713;james;wurlod;146;merv waite street;;mosman;3216;nsw;19170427;8255449
org;rec-1672-org;1672;samantha;huxley;42;biddell place;sec 231;elsternwick;3942;qld;19961113;3563983
org;rec-2352-org;2352;natalia;george;8;abernethy street;juandah garden;campbelltown;4110;sa;19310918;7803329
org;rec-3055-org;3055;benjamin;stubbs;91;jansz crescent;glenapp;mirrabooka;2430;act;19690203;8820729
org;rec-2521-org;2521;nathan;seen;31;frencham place;tynwall;leeton;2176;vic;;9938702
org;rec-3378-org;3378;charlie;mason;15;mehaffey crescent;the meadows;emerald;2101;nsw;19801119;7982152
org;rec-1787-org;1787;riley;moody;293;goyder street;manor park;mount eliza;2569;vic;19280724;8829876
org;rec-3250-org;3250;joel;matthews;248;eyre street;craig-athol;oxford park;2148;wa;19570928;3351550
org;rec-2057-org;2057;benjamin;ryan;60;bargang crescent;violet creek;huntfield heights;4558;qld;19510824;3666435
org;rec-1739-org;1739;james;moorby;105;blacket street;eleiwah street;aroona;2429;wa;19900301;1976547
org;rec-2447-dup-2;2447;abbey;maynard;92;pinkerton circuit;cluster;east sydney;4228;vic;19751214;1726676
org;rec-3417-org;3417;talia;crosswell;4;borrowdale street;greenslopes;gundagai;5540;qld;19121227;7190843
org;rec-2288-org;2288;joanna;hoffman;55;gosse street;tarcolla retirement village;toowoomba;2108;vic;19071204;4128726
org;rec-965-org;965;georgia;herbert;1;mcinnes street;peppercorn lodge;lilydale;4550;qld;19810725;3335075
org;rec-2-org;2;connor;wardle;87;cooling place;upper yarrowitch;view bank;3909;vic;19051205;8455674
org;rec-589-org;589;sarah;reid;1;fihelly street;creston;larnook;5162;nsw;19710725;6614340
org;rec-3220-org;3220;finnbar;paterson;13;dowthwaite street;valencia park;mount low;3155;vic;19980703;2143976
org;rec-3737-org;3737;chloe;bullock;24;nuyts street;hse 4;aspley;6020;vic;19280312;2342407
org;rec-3669-org;3669;luke;gohl;19;greenvale street;;keysborough;2534;sa;19170306;8100458
org;rec-2810-dup-0;2810;dakota;uroseivc;45;kosciusko avenue;byron lodge;petersham;3070;vic;19760701;7881697
org;rec-3827-org;3827;lachlan;dearing;;alexander mackie circuit;hughloch lincoln red stud;auburn;4805;tas;19581221;3333878
org;rec-3350-org;3350;steven;arlott;40;stacy street;sunset;corlette;2135;vic;19551204;9225792
org;rec-2947-org;2947;ruben;gultjaeff;3;strangways street;site lakes caravan park;pine creek;2086;vic;19600307;1107932
org;rec-3010-org;3010;campbell;george;9;mcinnes street;apmnt 203;seven hills;5118;vic;19790722;8255633
org;rec-833-dup-1;833;mitchpll;mcmel lon;84;osmand street;executive arcade;toorak;3016;vic;19080412;4647270
org;rec-1296-org;1296;andrew;mesecke;26;chauvel street;;surry hills;5044;vic;19240924;5245543
org;rec-52-org;52;grace;robson;10;petterd street;dry rush;newmarket;2217;nsw;19921118;2731637
org;rec-3535-org;3535;hannah;koulianos;16;gardiner street;moorilla;thornbury;6163;vic;19840112;9082964
org;rec-2193-org;2193;benedict;coulson;78;marshall street;;hackham west;5169;sa;19940923;8775779
org;rec-1715-org;1715;logan;george;43;crossley close;watchorns hill;shoalhaven heads;3155;vic;19050311;6998840
org;rec-85-org;85;barkly;nirta;4;darling street;;maryborough;2010;vic;19330928;1683806
org;rec-1532-org;1532;isaac;bishop;5;tom place;lanacora;port macquarie;3199;vic;19220325;4960734
org;rec-2915-org;2915;jayden;seen;86;tallara parkway;rowethorpe;suffolk park;2160;sa;19030819;8830494
org;rec-1250-dup-0;1250;claurdia;clelland;12;box hill a venue;st francis vlge;old beach;3127;wa;19640902;9508954
org;rec-853-org;853;spencer;green;9;sheehy street;halfmoon station;dean park;7000;nsw;19650309;6331064
org;rec-3741-dup-1;3741;michazel;shepherd;0;hurry p luace;tintagel;penguin;4179;vic;19761129;4419815
org;rec-599-dup-1;599;kaitlin;pocaro;4;tauss place;rainmore;lilydake;6120;nsw;19510429;9533959
org;rec-1345-org;1345;thomas;de pizzol;6;parsons street;shillelagh park;bibra lake;2250;vic;19320908;5482518
org;rec-2230-org;2230;nathan;ezis;15;ijong street;sec 960;el arish;3220;;19260709;4874098
org;rec-3322-dup-2;3322;bailry;moyse;28;heagney crescent;;surrey hills;5107;qld;19730713;6063290
org;rec-2841-org;2841;alexander;kilmartin;25;bragg street;blue mountain lagoon;tinderbox;2620;vic;19640310;1102994
org;rec-3186-org;3186;emma;librandi;257;woralul street;;saddleworth;4115;qld;19341213;6220156
org;rec-2187-org;2187;henry;bloomfield;20;wattle street;kinselmac;chester hill;2641;vic;19000411;5694232
org;rec-3502-org;3502;christopher;white;158;flanagan street;warraview;winston hills;6103;act;19100321;9396739
org;rec-3975-org;3975;danielle;maynard;4;embley street;arcadia;toowoomba;2322;vic;19290913;8469977
org;rec-9-org;9;emma;kempson;18;flood place;wihareja street;cunnamulla;6337;sa;19241203;8569555
org;rec-3677-org;3677;joel;manthorpe;;pennefather street;midway service station;peregian beach;3131;wa;19970911;3452695
org;rec-1250-org;1250;claudia;clelland;11;box hill avenue;st francis vlge;old beach;3127;wa;19580819;9508954
org;rec-2243-org;2243;matthew;;14;hughes crescent;surrey;belmont;2298;vic;19360817;5426383
org;rec-1712-dup-2;1712;sopjhie;herbert;21;somerset street;granny flat road;pattersob lakes;4305;vic;19730615;7191751
org;rec-419-org;419;grace;george;6;trainer court;sleepy pines;eight mile plains;2125;act;19180820;4666656
org;rec-3712-org;3712;breony;rylie;19;schofield place;rydellan;view bank;2260;vic;19301117;5044429
org;rec-308-org;308;liam;hague;6;forwood street;santa lucille;ascot park;2360;nsw;19261112;3578923
org;rec-963-org;963;bailey;lodge;476;prout place;nanjomara;wyong;6031;nsw;19090725;5496326
org;rec-1851-org;1851;thomas;egan;2;singleton crescent;galashiels;vaucluse;2196;nsw;19931221;5341431
org;rec-642-org;642;madison;klemm;41;lapsley street;cresden 12182;bossley park;3149;qld;19591112;6372454
org;rec-678-dup-0;678;nathan;shoubriwdge;394;deumongacourt;court units;margaret river;3739;vic;19710114;7236121
org;rec-3676-org;3676;ambrosia;hostler;8;stieglitz circuit;argyl square;pakenham;2040;vic;19120929;5854482
org;rec-2509-org;2509;bridget;green;66;bowley place;trumalon;keysborough;4610;wa;19950223;4034917
org;rec-1054-org;1054;ethan;sternek;424;clive steele avenue;winchester;loftus;6168;vic;19231024;3069224
org;rec-2673-dup-1;2673;michaela;;7;crawford crescent;freonbrae;tamborine;4060;nsw;19081231;5048102
org;rec-2759-org;2759;rebecca;blake;7;william hudson crescent;busbey's flat;clarence park;5031;nsw;19440703;8882882
org;rec-2091-org;2091;zane;ayres;123;brebner street;st james;inglewood;2750;qld;19260606;4076621
org;rec-1933-org;1933;abbie;rawlings;9;marengo place;broadford;neerim east;3043;sa;19141107;2113338
org;rec-2492-org;2492;lara;wiseman;13;mathison place;willowcrest;brookdale;3079;nsw;19400319;2295432
org;rec-3939-dup-1;3939;alesha;capurso;68;hyndes crescent;;burwood;6210;sa;19590512;9935501
org;rec-1253-org;1253;sienna;grobler;50;hilder street;wongon;casula;2251;qld;19550825;3521904
org;rec-2422-org;2422;charlotte;brammy;2;badcoe street;rosetta village;trevallyn;4178;;19210331;7058233
org;rec-2472-org;2472;dylan;mason;;fenton street;killarney;londonderry;3189;qld;19090121;2864686
org;rec-1528-dup-0;1528;harrison;tiefenabch;16;foskett street;blue hills;heckenberg;2452;vic;19110813;7680943
org;rec-3240-org;3240;pascale;longman;9;truscott street;brindabella specialist centre;thorpdale;3128;vic;19391114;7165284
org;rec-2917-org;2917;mitchell;wojtyna;63;condamine street;chittagong;ballarat;4575;wa;19570413;5928996
org;rec-2667-dup-3;2667;lew;norton-baker;55;tewantin plaza;grimshaw street;campsie;4605;sa;19420718;3972176
org;rec-498-org;498;hayden;wilkins;5;ovens street;circle h;belmont north;4037;nsw;19961126;6173803
org;rec-427-org;427;stirling;weaver;171;glover street;canberra hse;maryborough;7330;vic;19290111;7379554
org;rec-1105-org;1105;jack;maynard;37;ashburton circuit;sunny braes;brighton-le-sands;5290;vic;19410307;9728773
org;rec-848-dup-1;848;daniel;coffey;26;parkhill ktreet;lan bi;port broughton;3186;vic;19270224;3714025
org;rec-3304-org;3304;julia;badman;22;calder crescent;lucky corner;margaret river;3194;vic;19980519;1390230
org;rec-3315-org;3315;;white;26;greenough circuit;kilwinning;hurstville south;7310;qld;19000315;4791188
org;rec-2852-dup-1;2852;white;georgia;12;tenison-woos circuit;ywurrie;daptp;2195;vic;;2938217
org;rec-712-org;712;jacob;lanyon;5;milne cove;wellwood;beaconsfield upper;2602;vic;19080712;9497788
org;rec-1586-org;1586;joshua;kalinowski;26;dumaresq street;mcedwards;sunnybank;4032;nsw;19401027;3978981
org;rec-2183-dup-1;2183;tahni;noack;71;mcmillan ctescent;section;creswivk;2230;sa;19870813;3982346
org;rec-823-dup-0;823;erin;ryan;7;jardine street;rocky flat;kaleen;3199;qld;19401111;9499719
org;rec-1498-org;1498;stephanie;parremore;37;clucas place;hallsville;beaconsfield upper;5238;vic;19690212;7575951
org;rec-2614-org;2614;emma;lupoi;14;forbes street;rowethorpe;gorokan;2097;vic;19520814;4528225
org;rec-3714-org;3714;caleb;dooley;131;eton place;afflexian;mill park;4605;vic;19941117;8247696
org;rec-277-org;277;riley;lissner;11;rossell place;;concord;5097;wa;19970417;2046249
org;rec-2102-org;2102;caleb;bahgat;33;bursaria street;cooloola farms;exeter;2126;vic;19510820;4816091
org;rec-1449-org;1449;jake;noble;4;denovan circuit;hopeview;slacks creek;2042;vic;19170223;2837828
org;rec-3507-dup-2;3507;henry;collinson;1;mcgivern crescent;winchester;bonndrigg;2602;nsw;19670520;4213909
org;rec-3153-org;3153;jordyn;boyle;67;jukes street;whispering pines;chester hill;4815;nsw;19191112;1784693
org;rec-2913-org;2913;shae;burdzielow;118;bega place;lot nq;ulverstone;2875;act;19410424;7731950
org;rec-1910-org;1910;lachlan-john;whiteley;13;carron street;lylehurst;woollahra;2229;vic;19810509;3327710
org;rec-1283-org;1283;finlay;pennell;72;caley crescent;wurtulla shopping vlge;elsternwick;2287;vic;19150723;4214547
org;rec-87-org;87;sonja;atholwood;7;henty street;rosehill;surry hills;5032;tas;19000803;1113622
org;rec-3939-dup-2;3939;aleisha;capurso;68;hyndes crescent;;burwood;6231;sa;19590512;9935501
org;rec-3930-org;3930;thomas;campbell;10;winton place;nareen gardens hostel;lismore;2397;qld;19430401;5093122
org;rec-1004-org;1004;dominic;gillis;133;archdall street;red tank;hillside;3437;nsw;19141125;2547624
org;rec-2362-org;2362;liam;green;26;levine street;tulloch;eastwood;2144;vic;19190528;6911150
org;rec-2012-org;2012;freya;gillard;4;hodgson crescent;;eaglehawk;2222;nsw;19610602;2156104
org;rec-2764-org;2764;julia;gaynes;3;cunningham street;lochadair;daw park;4221;vic;19340527;3086730
org;rec-2836-org;2836;sophie;campbell;6;tallara parkway;tourist caravn park;deniliquin;6019;nsw;19410916;3108339
org;rec-1112-org;1112;caitlin;fakaris;37;ern florence crescent;;whittington;2213;qld;19711126;4361640
org;rec-2504-org;2504;;walpole;49;duterrau crescent;glenlee;parkdale;2381;nsw;19680313;2686384
org;rec-3536-org;3536;amber;cother;5;weddin circuit;athlone;port augusta;4605;vic;19760725;7860228
org;rec-2944-org;2944;hayden;kontopoulos;76;mclarty court;lansdowne;bayswater;2166;sa;19460529;5434523
org;rec-3097-org;3097;aurora;rapson;32;fowles street;navan park;blackmans bay;6112;vic;19131016;6154302
org;rec-1504-org;1504;timothy;drysdale;1;minter place;arthelen;paddington;2122;sa;19090620;9781841
org;rec-2322-dup-1;2322;victoria;noble;49;montefiore vrescent;edith hall;raymond terrace;2226;vic;19400304;1339068
org;rec-1579-org;1579;deakyn;bradshaw;67;daglish street;;woodcroft;2041;nsw;19300828;6906464
org;rec-3781-org;3781;callum;billman;16;manning street;wunpalm;merrimac;6110;nsw;19700926;7859432
org;rec-792-org;792;sophie;fullerton;9;barwon street;ashley manor;condell park;2565;vic;19350420;8780452
org;rec-3667-org;3667;ethan;ansford;1;hilder street;lambton denture clinic;kirrawee;7331;act;19490925;7846313
org;rec-2685-org;2685;jack;reid;;harrison street;fairbank;sefton;3214;nsw;19330429;2675993
org;rec-289-dup-0;289;kayl a;badman;8;sandford street;haling cottage;kedron;3167;qld;;4242408
org;rec-2379-org;2379;lucas;bowerman;104;rosenthal street;sunny-brae;toowoomba;6162;qld;19650511;4091505
org;rec-1180-org;1180;tiana;burford;50;grounds crescent;bungowannah park;surfers paradise;4655;qld;19430404;2216043
org;rec-1828-org;1828;louis;teague;24;kelleway avenue;inglebar station;wantirna;3138;sa;19390922;5053708
org;rec-1906-org;1906;emiily;averkin;24;birrigai square;argyle;eastwood;2168;vic;19620613;8964398
org;rec-817-org;817;riley;leah;95;chewings street;avalyn;sunshine;4305;nsw;19161022;5940426
org;rec-1543-dup-0;1543;kyle;bullock;86;mahon place;rowethorpe;rose bay;4107;qld;19151222;3910434
org;rec-3095-org;3095;toby;shepherd;130;lort place;mac donnells bldg (cnr grafton s street;hawthorn;6110;vic;19661206;5198184
org;rec-1231-org;1231;olivia;colquhoun;85;appel crescent;lantana lodge;murray bridge;7017;qld;19480209;9469594
org;rec-3586-org;3586;heath;donda;57;yirawala street;villa 317 the village glen;ringwood east;3927;nsw;19461013;8954387
org;rec-1196-org;1196;amy;brakensiek;105;badcoe street;warrion rsd;bowning;2100;vic;19140719;6450920
org;rec-892-org;892;imogen;muehlberg;17;reuther street;blue hills;parramatta;3300;qld;19300518;6631613
org;rec-1329-org;1329;madison;nguyen;24;galloway street;jodayne;redbank plains;2039;nsw;19691227;7328951
org;rec-806-org;806;samantha;renfrey;115;newbery crescent;nunderi;broken hill;3107;nsw;19580707;9878247
org;rec-1692-dup-0;1692;olviver;hyles;7;blackman crescent;rose lane centre;revesby;2134;vic;19750323;1353730
org;rec-1041-org;1041;liam;miles;41;outtrim avenue;hillview rmb 4280;williamstown;5048;nsw;19500716;8455360
org;rec-1427-org;1427;abbey;gulliver;2;enderby street;st pauls college;whitebridge;5091;vic;19960102;3632988
org;rec-1677-org;1677;lucas;bowerman;51;macintyre place;villa 127;yankalilla;4362;vic;19160511;9707774
org;rec-435-org;435;isabella;lydon;14;larcombe crescent;the waterford;st kilda;3931;wa;19981002;5813812
org;rec-3301-dup-1;3301;matilda;madigan;28;john cleland crescent;pondero ssa;westfield;2135;tas;19301107;5084817
org;rec-177-org;177;bailey;howie;12;duffy street;margaret river carvn park;dooralong;4152;nsw;19770812;3379959
org;rec-1705-org;1705;samuel;denne;23;pattinson crescent;mt butler street;ardeer;2480;nsw;19340731;1596919
org;rec-3550-dup-0;3550;bridget;vincent;47;;norma;ringwood;6019;qld;19870820;9591244
org;rec-1451-org;1451;samantha;egan;35;mulvany place;wisteria;sherwood;2731;wa;19260530;5307769
org;rec-3581-org;3581;jared;mcphail;11;brunswick circuit;sectn 6 crown allotment;peakhurst;2021;nsw;19650310;5435741
org;rec-3099-dup-1;3099;matthew;burman;32;burns cifrcuit;gumnut cottage;tahmoor;3073;qld;19150825;4228403
org;rec-3794-org;3794;emiily;howie;19;leahy close;;mount stuart;3121;qld;19690516;7374627
org;rec-2496-org;2496;william;fornarino;126;macgregor street;eureka;charlestown;5049;wa;19830402;6064420
org;rec-2196-dup-1;2196;jack;maier;207;rosewood garden;curtis place;bomaderry;3124;act;19630227;3288185
org;rec-2699-org;2699;harry;philps;31;mcshane place;fernlea;st kilda;2340;vic;19981112;4846124
org;rec-3863-org;3863;isaac;hiscox;8;jeffery place;wealdbarns;caulfield;3123;nsw;19260417;5490783
org;rec-3233-org;3233;grace;mullin;110;marulda street;crystal park;swan view;2011;vic;19770313;6172588
org;rec-3178-dup-0;3178;spenc rer;browne;1036;johnston street;willandra village;emerald;3280;vic;19490522;3397732
org;rec-867-org;867;kyle;etschmann;8;paterick place;sec 1569;yamba;4383;vic;19290214;6453400
org;rec-1566-org;1566;ella;bartel;5;jose place;carrington nursing;rendelsham;3131;nsw;19230527;9440151
org;rec-2462-org;2462;jack;maynard;10;ellenborough street;high valley;goodna;6074;vic;19940124;2575950
org;rec-474-org;474;aneka;o'shannessy;18;gaunson crescent;kioma;mosman;4216;wa;19680603;4587764
org;rec-2008-org;2008;anari;crosswell;45;parker street;yalgoora;abbotsford;4701;nsw;19131214;3719220
org;rec-3746-org;3746;james;boase;78;chippindall circuit;woodcrest;beverly hills;2170;sa;19370922;5936779
org;rec-2990-org;2990;luke;mccarthy;36;vasey crescent;;berwick;2133;vic;19480225;4563495
org;rec-510-org;510;amy;cosgrove-brown;11;duggan street;rawdon;newstead;2034;sa;19011210;8172449
org;rec-2357-org;2357;bianca;block;8;knaggs crescent;grandview;glenhaven;5355;nsw;19260210;8738333
org;rec-1558-org;1558;luke;paterson;156;trumper street;john flynn medical centre;west lakes;3169;nsw;19861109;8834930
org;rec-1590-org;1590;bailey;seng;2;moir place;mostyn on the park;east rockingham;2035;nsw;19140718;7196094
org;rec-656-org;656;hayley;webb;32;bandjalong crescent;sunset ridge;surry hills;3029;wa;19411122;1699157
org;rec-3735-org;3735;jaime;matthews;87;hyndes crescent;rp 31513;clayton;4501;tas;19340726;6785316
org;rec-1751-org;1751;lara;david;;allan street;argyle;bacchus marsh;4228;nsw;19571111;9726541
org;rec-3-org;3;joshua;campbell;40;rabnor place;anzac house (cnr archer s street;cranbourne;6026;wa;19701009;1041544
org;rec-3963-org;3963;joshua;egan;27;cuthbert circuit;cooroora;blacktown;3170;vic;19941027;2251804
org;rec-3058-org;3058;brock;white;24;enright crescent;oakdale;karratha;4113;qld;19450529;5956737
org;rec-1686-org;1686;erin;hand;61;mcgivern crescent;;gowrie;2031;vic;19610921;7058822
org;rec-3086-dup-1;3086;owven;allik;59;david street;kyrre;belmont;2145;qld;19571012;7593251
org;rec-2883-org;2883;jasmine;george;35;gluyas street;sunday creek;naremburn;7004;wa;19061015;7438270
org;rec-1320-org;1320;georgia;hyland;6;handasyde street;;gorokan;7006;tas;19540920;7727823
org;rec-1285-org;1285;lauren;rollins;22;julia flynn avenue;goolwa cottage;dunalley;3187;vic;19341211;9940155
org;rec-3704-org;3704;molly;baillie;49;bibby place;chippendale village;greens creek;3054;nsw;19050529;4210252
org;rec-1317-org;1317;rachel;eyre;;derwent street;brentwood vlge;geelong east;2700;wa;19980828;9828901
org;rec-2973-dup-1;2973;noah;hingston;20;mooreheadlplace;ironbark ridge;eight mile plains;5606;vic;19490705;8137426
org;rec-69-dup-2;69;chloe;millar;73;harrison street;flty w9;whitemore;3049;sa;19700804;6512572
org;rec-69-dup-0;69;chloe;millar;73;harrisovj street;flt 79;campbelltown;0349;sa;19700804;6512572
org;rec-3195-org;3195;adam;mariager;64;russell drysdale crescent;brentwood vlge;concord;6018;vic;19830825;7864526
org;rec-1840-org;1840;simon;mason;91;tucana street;redwood village;punchbowl;5024;nsw;19990620;5058281
org;rec-3135-org;3135;jasmine;zordan;43;gairdner circuit;cedar oaks;toowoomba;3023;nsw;19850830;2955568
org;rec-623-org;623;scott;megovimovic;50;wakelin circuit;southern cross;aldinga beach;3226;nsw;19740705;8963912
org;rec-940-org;940;mitchell;colquhoun;4;ferguson place;kinross street;andrews;5052;vic;19390105;6362191
org;rec-2615-org;2615;mitchell;jeffries;;brache place;brentwood vlge;duncraig;2866;vic;19870718;5713581
org;rec-2516-org;2516;alex;kesseck;11;alroy circuit;shamrock vale;brighton;2321;nsw;19040802;8516644
org;rec-1084-org;1084;eva;ranson;473;leichhardt street;brookvale;dural;2099;nsw;19920104;3859996
org;rec-3268-org;3268;flynn;falting;20;harbison crescent;colooli village;loganholme;4567;qld;19381219;6988596
org;rec-3798-org;3798;emiily;hilton;;collier street;rosedale;rothwell;3165;sa;19410306;9583949
org;rec-3003-org;3003;channing;fullgrabe;7;kingsford smith drive;crestwood;walhalla;3085;nsw;19691127;5154645
org;rec-1732-org;1732;cooper;shih;13;lysaght street;strathalynne;annandale;2223;qld;19020917;3179880
org;rec-2631-org;2631;adam;george;320;halford crescent;st francis vlge;manly vale;2251;nsw;19520729;2644698
org;rec-2606-org;2606;oliver;coleman;;melrose drive;mira monte;albury;3023;nsw;19371221;2505473
org;rec-3690-org;3690;alessandra;jolly;12;riddell court;coolamon road;ourimbah;3135;vic;19010110;3062387
org;rec-2108-dup-2;2108;isabelle;hobson;16;dethridge street;wandella park snowy;derri nallum;3450;nsw;19830124;1613735
org;rec-2454-org;2454;keahley;flannery;40;beasley street;rbm 1020;pentland;2077;nsw;19281010;4693693
org;rec-3399-org;3399;allegra;caruana;20;goyder street;rivulett cottage;burwood;4221;sa;19160112;5399661
org;rec-2934-dup-2;2934;bethay;campbell;28;medley xtreet;locn 2830;slacks creek;2151;qld;19041030;1164988
org;rec-2537-org;2537;jordan;boutchard;23;macgregor street;pacific bay villas;willagee;2165;sa;19750818;6489324
org;rec-2114-org;2114;jessica;waller;40;denny street;brentwood village;harrington;6069;nsw;19410516;2078104
org;rec-139-org;139;matthew;campbell;7;bernacchi street;croydon;frankston;5342;sa;19890613;6331279
org;rec-748-dup-0;748;maya;whit e;6;florencetaykor street;;hurstville south;6714;sa;19460501;5257846
org;rec-3239-org;3239;shawn;green;17;hector place;centennial glen;metung;4114;qld;19210218;4181522
org;rec-3570-org;3570;;nguyen;3;majura avenue;;sadleir;2583;sa;19351114;1163758
org;rec-3749-dup-0;3749;;procter;46;leist street;leiceste rshire;annanale;4122;sa;19520130;1908716
org;rec-2679-dup-1;2679;bayley;clarke;13;;bonh olme;beenleigh;4824;wa;19961230;3122497
org;rec-2186-org;2186;lily;christo;6;port jackson circuit;john flynn medical centre;st lucia;3020;sa;19100312;4549599
org;rec-2198-org;2198;charlotte;collier;3;flecker place;;bonython;2380;qld;19010909;4695814
org;rec-2756-dup-0;2756;danielle;waller;7;larkin close;haven caravn park;currans hill;2031;nsw;19740329;4391640
org;rec-3421-org;3421;cassidy;bradshaw;56;lane-poole place;ellanbah;norah head;3810;vic;19180310;6764383
org;rec-2850-org;2850;katie;filipovic;15;masonic retirement vlge;gwandalan;blacktown;2285;wa;19750121;4594194
org;rec-631-org;631;stelio;bradshaw;20;sturt avenue;merricroft;tennyson;5159;nsw;19261118;4781174
org;rec-1103-org;1103;jared;powderly;484;arnott street;;granville;2800;nsw;19420729;7531797
org;rec-3670-org;3670;ella;green;3;shirra close;retirement village;humpty doo;2199;vic;19240820;7493949
org;rec-1945-dup-0;1945;ayres;melanie;12;maribyrnong avenue;ferndale;whalan;3101;nsw;19570421;2509791
org;rec-3966-org;3966;jessica;hyland;59;tauss place;;paddington;4814;vic;19801029;1068495
org;rec-502-org;502;finn;harrington;4;carruthers street;catumbel lodge;adamstown heights;2200;act;19760220;5349204
org;rec-2148-org;2148;zac;leslie;41;kingscote crescent;moolooboola;mckinnon;7018;nsw;19550816;3063145
org;rec-3507-org;3507;henry;collinson;1;mcgivern crescent;winchester;bonnyrigg;2602;nsw;19670520;4213909
org;rec-3556-org;3556;kailey;slape;23;marlock street;wyoming park;riverwood;2152;vic;19480117;6171273
org;rec-2717-org;2717;ben;dixon;15;tatchell street;dalamar;winston hills;6103;qld;19111229;6208281
org;rec-932-org;932;elizabeth;matthews;14;corinna street;sec 1;albany creek;5013;nsw;19670503;2549009
org;rec-2900-org;2900;dylan;richmond;25;sherwood circuit;loyt 19;auburn;5159;nt;19361010;4786141
org;rec-2394-org;2394;karlee;berry;40;totterdell street;greenhills;port germein;2747;vic;19380920;7333730
org;rec-1947-org;1947;michael;campbell;304;kennedy street;meadows conv cntre;point vernon;2095;qld;19621002;3343211
org;rec-3634-org;3634;jason;ryan;1;;;broken hill;6026;qld;19450529;5454552
org;rec-705-dup-1;705;makenzi;vimpany;381;maclaurin crescent;aptmnt 42;mayfield;5038;vic;19810522;1135598
org;rec-823-org;823;erin;ryan;7;jardine street;rocky flat;kaleen;3190;qld;19401111;9499719
org;rec-1999-org;1999;hayden;green;49;patey street;sec 478 hd paringa;st kilda east;4814;vic;19710803;1393981
org;rec-3913-org;3913;mia;brammy;360;westhoven street;lambrook;ashwood;2551;wa;19011102;8387565
org;rec-2326-org;2326;tahlia;reid;189;pohlman street;lytton;belconnen;2035;nsw;19020301;5316859
org;rec-1818-org;1818;alana;dent;38;leichhardt street;crestwood;paddington;2281;nsw;19411101;5408761
org;rec-3918-org;3918;madison;priest;18;boobialla street;dudley specialist medical centre;failford;2756;nsw;19270119;7950285
org;rec-2108-dup-1;2108;isabelle;hobson;16;dethridge street;wandella poark snowy;derrinallum;3450;nsw;19830124;1613735
org;rec-3124-org;3124;willow;goldsworthy;9;adinda street;merrimac heights;elwood;7253;nsw;19510122;9832560
org;rec-1205-org;1205;kai;coenen;231;william webb drive;blue hills;andergrove;4825;vic;19831013;3337237
org;rec-2703-org;2703;michael;aspinall;25;mclarty court;apt 710;wantirna;3337;vic;19180924;5864612
org;rec-577-org;577;nicholas;mclaine;15;couvreur street;;lake grace north;3175;sa;19630718;2576036
org;rec-1950-org;1950;rohan;mandica;74;dumaresq street;cypress garden;brighton;2428;nsw;19210914;5963303
org;rec-134-dup-0;134;dylan;fondum;51;clanc ystreet;rosemount;cowell;2066;vic;19140220;3131278
org;rec-1817-org;1817;holly;oatey;;macgregor street;north hill medical centre;womboota;4007;nsw;19810716;2229819
org;rec-2403-dup-3;2403;kyo;dixon;148;jinka street;enmore;creswick;2620;wa;19080403;9161308
org;rec-2664-org;2664;adela;dudley;;nemarang crescent;;old guildford;3158;nsw;19671101;5823785
org;rec-2637-org;2637;kaitlin;wallent;43;ibis street;knmre street;lismore;2450;vic;19540722;4502625
org;rec-3685-org;3685;holly;white;8;london circuit;clear creek cottage;carine;3181;wa;19531031;5292855
org;rec-2774-org;2774;alexa-rose;goy;25;pethebridge street;torbanlea;birkdale;4744;wa;19060722;7234535
org;rec-1457-dup-0;1457;robert;ales;90;salsoal street;oakdale;scarboriugh;5373;vic;19740470;7485604
org;rec-2503-org;2503;jamie;green;29;blowering street;evergreen;toowong;4030;nsw;19380209;6859030
org;rec-3622-dup-2;3622;jayden;beneger;3;ridley street;st helens pastoral co;mounteliza;6169;sa;19790823;6742545
org;rec-1089-org;1089;alec;bitmead;37;fitzhardinge crescent;wychwood;coffs harbour;6000;nsw;19131003;1286931
org;rec-3379-dup-0;3379;zachariah;kuhndt;75;finn street;locn 316;mirrabooka;2727;vic;19090525;2605044
org;rec-141-org;141;lucy;purser;7;marr street;;alfred cove;4077;qld;19431127;1760227
org;rec-1226-org;1226;amy;paine;24;pomeroy street;glendower;thornleigh;2230;tas;19710529;1319143
org;rec-180-org;180;sophie;campbell;7;mckail crescent;murlali lodge;mill park;6163;nsw;19850720;6984108
org;rec-565-org;565;fraser;clarke;407;cochrane crescent;north hill medical centre;loganholme;2500;vic;19480126;8590113
org;rec-864-dup-1;864;zane;quillhiam;14;crozier circuit;;ngunnawal;6011;tas;19711112;9090375
org;rec-1131-org;1131;lexie;excell;24;wilhelmi crescent;surfrider carvn park;eastwood;3079;vic;19700814;1869199
org;rec-1169-org;1169;alisha;trainor;34;beasley street;marella;bridgeman downs;3193;vic;19660402;8062012
org;rec-2436-dup-1;2436;matthew;fenwick;30;st john of god hospital;yanda street;maclean;4271;vic;19900518;9145825
org;rec-244-org;244;shelbey;dimitrijevich;52;edmunds place;shalvah;atwell;6016;qld;19300404;7092782
org;rec-1836-org;1836;kyra;mainprize;12;croton street;ranchers bridge;ringwood;2097;nsw;19930920;6385667
org;rec-3850-dup-1;3850;keeley;dent;18;theodor e street;henry kendall bayside;devonport;2000;vic;19000603;7769362
org;rec-1698-org;1698;noah;laverty;27;alexander mackie circuit;;swan hill;4211;nsw;19850402;9806497
org;rec-1088-org;1088;max;stubbs;144;wilsmore crescent;beachfront caravan park;croudace bay;5291;vic;19911022;1859258
org;rec-3904-org;3904;catherine;green;14;sprent street;;charlestown;6020;qld;19320809;5483241
org;rec-3162-org;3162;teal;bishop;163;;weemilah;chisholm;3082;nsw;19291012;6334469
org;rec-3875-org;3875;lauren;mcgregor;2;de grey place;montrose;vermont;3041;nsw;19780307;5674315
org;rec-319-org;319;drew;detzner;28;winnecke street;glenmore;whitby;2076;qld;19441112;6350648
org;rec-144-org;144;timothy;cochrane;363;dryandra street;sec 1;bibra lake;2474;sa;19790611;5538061
org;rec-1348-org;1348;rachel;matthews;74;mugga way;brentwood vlge;florida;4350;wa;;7434058
org;rec-3764-org;3764;jacob;hannagan;84;somerset street;millbay;riverhills;4214;nsw;19521121;6722475
org;rec-272-org;272;vendula;crook;12;cassia place;longstay caravn park;lower templestowe;4121;qld;19540408;6207256
org;rec-649-dup-1;649;emiily;waal;61;britten-joens drive;mira monte;shelley;2065;nsw;19150129;1217484
org;rec-1533-org;1533;danika;zimmermann;55;leake place;bayford cottage;pennant hills;3130;vic;19220819;5992262
org;rec-2712-org;2712;hayden;nguyen;12;bandjalong crescent;ashell;tara;5022;qld;19180809;3178765
org;rec-3375-org;3375;ruby;oats;12;earle place;warra creek;st ives;5007;qld;19240621;9087913
org;rec-3476-org;3476;charlie;collier;3;altson circuit;kurrajong;adamstown heights;6104;vic;19221018;7645705
org;rec-2797-org;2797;lauren;hilton;2;calvert street;diamond downs;sanctuary point;5038;tas;19311205;6562281
org;rec-1544-dup-4;1544;india;rees;25;waterfirld place;;brunswicl west;5014;qld;19400318;1262198
org;rec-526-org;526;lucy;blomberg;12;bugden avenue;strathmore vineyard;irymple;4037;wa;19291211;5284390
org;rec-2486-org;2486;tristan;fleischmann;31;fred williams crescent;bombowlee;bassendean;3166;qld;19680319;7387645
org;rec-2191-org;2191;lachlan;egan;7;roebuck street;villa 184;broadmeadows;3020;qld;19050609;5020917
org;rec-1690-org;1690;cameron;green;47;yambina crescent;lindenleigh;armidale;4455;vic;19920414;1458708
org;rec-1396-org;1396;emiily;rankine;22;chave street;headland garden;baralaba;3084;nsw;19140408;5637427
org;rec-1685-dup-0;1685;toby;mcahon;4;grant crsecent;morris on park;ringwood;4505;vic;19640204;2357488
org;rec-1199-org;1199;evangelia;thorpe;38;morton street;coolamon road;sherwood;7016;nsw;19610830;2637309
org;rec-3228-org;3228;brydee;macphail;57;tuthill place;korrelocking;new town;2234;nsw;19841211;9212160
org;rec-3247-dup-0;3247;keely;stragnwr;12;whitty cerscent;;lavington;3419;;19720105;5231365
org;rec-2179-org;2179;zachary;bennell;98;tindall place;kurrajong;mount hutton;4740;sa;19960812;4234502
org;rec-1881-org;1881;brianna;coulson;;bambridge street;rose hall;mannering park;6011;nsw;19700413;4206788
org;rec-3563-dup-1;3563;quinn;musolino;2;braine s treet;cluater;heckenberg;6390;nsw;19100225;8891469
org;rec-1035-org;1035;bailey;rabbitt;;ellerston avenue;greglea village;mermaid waters;2146;vic;19420816;9956483
org;rec-1939-org;1939;callie;spong;123;northbourne avenue;rowethorpe;waroona;6056;qld;19000624;3363288
org;rec-39-org;39;christian;bellchambers;1048;mcluckie crescent;raycroft;highett;2166;nsw;19030410;1072481
org;rec-2418-dup-0;2418;jordan;marwahsa;436;bernacchi street;;mid land;3129;nsw;19640419;5161756
org;rec-2467-dup-2;2467;maddison;;28;moore street;oakey isle wa llis lke off;ascot vale;3165;act;19070524;6246777
org;rec-2460-dup-1;2460;nicholas;emmanuel;74;;laurelb ank;mill park;6011;nsw;19390305;1796925
org;rec-111-org;111;jacob;brain;110;macdonnell street;millridge;inglewood;7173;nsw;19700511;3813271
org;rec-1839-org;1839;brooke;collinson;15;richter close;murga ridge;patterson lakes;4740;nsw;19660722;8763045
org;rec-3651-org;3651;sidonie;coveny-sanders;4;lampard circuit;crisvale;thornlie;4108;nsw;19710309;5912480
org;rec-3180-org;3180;zara;nguyen;;goldsworthy place;thane house;hurstbridge;5600;qld;19910120;2348352
org;rec-3107-org;3107;cameron;curry;7;riley place;;maryborough;7010;act;19501025;5616421
org;rec-2197-org;2197;brock;povey;65;figg place;ewlyamartut farm;parmelia;6147;vic;19310725;6743421
org;rec-1140-org;1140;harrison;reid;10;sugarloaf circuit;;mansfield;4211;qld;19861020;7267695
org;rec-2005-org;2005;emiily;shepherdson;12;springbett street;pleasant view;jervois;2560;qld;19511120;2500824
org;rec-3109-dup-0;3109;lachlan;novle;;enderby street;collire vlge;st kilda;5013;nsw;19560407;6279930
org;rec-664-org;664;carmen;grbovac;62;teague street;lengora;wallsend;6443;nsw;19510806;5302567
org;rec-2128-org;2128;chelsea;milburn;55;luehmann street;berowra;pascoe vale south;4214;vic;19490421;6641758
org;rec-3147-org;3147;ella;leslie;15;keith street;henry kendall hostel;yackandandah;6150;nsw;19540616;1345257
org;rec-295-org;295;cameron;nguyen;6;bullala court;mayflower retrmnt vlge;glenmore park;7006;vic;19700711;2104963
org;rec-3887-org;3887;nathan;george;3;green street;;marion;2289;qld;19261125;4663382
org;rec-2118-org;2118;abbey;arrison;21;dunstan street;gannet house;altona meadows;3196;wa;19300920;7862104
org;rec-89-dup-0;89;nichnlas;simonetti;32;pickwortlh street;ashell;kirwan;4005;nsw;19890410;8992443
org;rec-470-dup-1;470;benjamin;whitee;50;dann close;yackatoonrtrmnt vlge;north ryde;2250;nss;;2192670
org;rec-3600-dup-0;3600;jordan;beattie;;caldwell smreet;nordale farm;buff pont;0379;nsw;19530802;5335411
org;rec-771-org;771;felicity;clarke;10;redcliffe street;tawonga rdside;bullsbrook;2430;nsw;19081204;2949800
org;rec-3608-org;3608;nicola;statham;25;saville close;tathra;devonport;3820;wa;19140615;5999935
org;rec-711-org;711;amalia;havu;;bennie street;villa 405 bally cara;west wyalong;2216;nsw;19800911;2768637
org;rec-721-org;721;daniel;shepherd;33;forbes street;bishops creek;moranbah;2061;vic;19860611;7103479
org;rec-2935-org;2935;dylan;mewett;10;sheehan street;wayside;toowoomba;3166;vic;19630508;8649383
org;rec-3565-dup-2;3565;bethanie;priest;15;geebung;musgrave sgreet;blacktown;3675;nsw;19950922;5033370
org;rec-3757-org;3757;lachlan;noble;1;sherwood garden;military base;burpengary;3260;nsw;19741119;8031070
org;rec-2576-org;2576;lachlan;campbell;26;faithfull circuit;creekside cottage;lismore;2340;nsw;19260111;1750957
org;rec-1282-dup-1;1282;charlotte;blaclkow;7200;crocker place;;londonderry;2099;sa;19240608;5390869
org;rec-576-org;576;robert;waldhauser;52;healy street;booleringa;nuriootpa;3162;nsw;19990617;4589425
org;rec-3932-dup-1;3932;willam;lock;67;newberycrescent;brightwater villas;frankston;2650;vic;;8906276
org;rec-1477-dup-2;1477;william;whillas;8;forbes street;ra 23012;brighton-le-sands;6140;vic;19250312;2026323
org;rec-671-org;671;oliver;koslowicz;139;kirkcaldie circuit;humbie;daisy hill;4670;nsw;19831201;2902364
org;rec-2044-dup-2;2044;jed;marring;183;withernhouse;flegg crescent;hope valley;3161;nsw;19760927;5860010
org;rec-887-org;887;chloe;de michele;184;maray place;belgary;noble park;0822;wa;19060415;6782160
org;rec-3507-dup-0;3507;collinson;henry;1;mcgiver crescent;winchester;bonnyrigg;2602;nsw;19670520;4213909
org;rec-3814-org;3814;kyle;kennaway;9;traeger street;brentwood village;cedar creek;5112;nsw;19420704;8760612
org;rec-794-org;794;jasper;vavic;36;onslow street;eagle rock;st kilda east;2450;vic;19470712;2598936
org;rec-93-org;93;nicholas;normandale;44;youl court;curringa;parkville;3037;act;19490811;2830637
org;rec-201-dup-0;201;caitli;goode;29;yuranighcourt;gummy gully;maryborough;5048;nsw;19020814;9522895
org;rec-3745-org;3745;joel;mcneill;1;lawes place;llantwit house;warriewood;3196;nsw;19630418;1589048
org;rec-1376-org;1376;jayden;matthews;;bennelong crescent;salford waters re;montmorency;7190;qld;19570429;8551396
org;rec-2665-org;2665;emiily;brock;3;cotter road;trapalanda;coolaroo;2168;vic;19301223;7802215
org;rec-538-org;538;paige;mchenry;136;newlop street;loormeah park;port fairy;3825;wa;19370514;3571198
org;rec-884-org;884;jye;willing;136;fellows street;parraweena;alice springs;5235;sa;19160704;8330041
org;rec-1940-org;1940;christian;jessup;11;port arthur street;mirra monte;magill;3181;nsw;19600421;3941414
org;rec-3611-org;3611;connor;pulford;185;hugh mckay crescent;;modbury heights;2476;nsw;19251215;4576569
org;rec-1506-org;1506;jesse;priest;23;quamby place;greenslopes;kangaroo flat;6112;vic;19321224;3173217
org;rec-3560-org;3560;benjamin;selth;9;banambila street;berkeley village;sandgate;2042;vic;19270201;8260645
org;rec-1789-org;1789;caleb;glennon;16;tangari street;colooli village;warrandyte;3199;wa;19410721;1957875
org;rec-2436-org;2436;lucas;fenwick;30;yanda street;st john of god hospital;maclean;4217;nsw;19900518;9145825
org;rec-1493-dup-1;1493;mikayla;white;63;fihell street;weeroona;greenacre;6215;sa;19530625;6306432
org;rec-1267-org;1267;riley;mac kinder;415;bowser place;galloway;ringwood;6154;vic;19210728;3161282
org;rec-3800-org;3800;elizabeth;noble;59;follett street;kimbe;elwood;3400;sa;19850907;1940059
org;rec-955-org;955;joshua;egglestone;74;belconnen way;goodvale;dandenong north;3870;nsw;19620617;5803506
org;rec-1123-org;1123;emiily;teague;130;attiwell circuit;moolana;plumpton;3197;vic;19350208;1428715
org;rec-3472-org;3472;holly;clarke;71;morphy place;robboview;hoppers crossing;2045;nsw;19280326;1783484
org;rec-426-org;426;olivia;lowe;15;aldcorn place;aprt 22;midway point;3133;nsw;19370611;2705785
org;rec-373-org;373;dylan;felmingham;240;roderick street;flr 1 the professional centre;toowoomba;3352;wa;19930910;7218257
org;rec-3633-org;3633;blake;george;26;elder street;wandana;kalamunda;3912;nsw;19260326;5969680
org;rec-149-org;149;brianna;donaldson;45;levien street;adams cottage;artarmon;2148;nsw;19460521;9226588
org;rec-721-dup-3;721;daniel;shepherd;33;forbes srteet;bishops creek;moranbah;2601;vic;19860611;7103479
org;rec-1001-org;1001;abby;kerley;13;barangaroo street;uc-dai-loi;surrey hills;5023;qld;19370417;4182983
org;rec-3278-org;3278;dominic;manthorpe;3;sharland place;;como;3082;vic;19770919;8673312
org;rec-2731-org;2731;madeline;conaghty;8;bonython street;umina park;myrtleford;2800;nsw;19850810;6575036
org;rec-1629-org;1629;abbey;purtell;206;lomatia place;northbank caravan park;seymour;4130;nsw;19540518;4803304
org;rec-783-dup-0;783;sophie;seen;80;caldwell street;flrx 8;geelong west;3125;wa;;1892347
org;rec-2914-org;2914;zane;mcvicar;19;shumack street;lykabetos;nairne;3199;nsw;19740521;6977558
org;rec-574-org;574;gabrielle;coppock;92;morrison street;greenbushes;marsfield;3223;nsw;19630228;9002464
org;rec-2748-org;2748;lachlan;egan;6;fincham crescent;redfern station;oxley vale;3978;vic;19230717;5848335
org;rec-365-org;365;andie;perin;25;carina street;locheil;rosebud;4280;nsw;19390621;5951046
org;rec-1687-org;1687;blake;sterry;7;investigator street;glenview;isle of capri;4211;vic;19901017;5600052
org;rec-2182-org;2182;lewis;webb;17;;golden ponds;jesmond;2825;qld;19070320;4853583
org;rec-3133-org;3133;isabella;coleman;38;playfair place;old mia mia school;dianella;4073;qld;19380728;5566215
org;rec-1161-org;1161;schkirra;green;36;beaurepaire crescent;north stirling downs;oak park;2455;vic;19700814;3838793
org;rec-1888-org;1888;abby;coleman;7;wisdom street;clear creek;dianella;6009;qld;19781021;5845261
org;rec-541-org;541;andrew;mahaffey;42;pails place;windella downs;fullarton;6286;vic;19951007;6284168
org;rec-301-org;301;jackson;berryman;51;fawkner street;morrison park;milperra;2132;nsw;19791219;7624909
org;rec-3935-org;3935;danielle;webb;14;cracknell street;dooralong valley;hollow tree;6415;vic;19830923;9030915
org;rec-2368-dup-1;2368;darcie;astley;82;knoke avenue;emerywood;darlington;4560;vic;19420804;2769992
org;rec-3341-org;3341;connor;cowman;4;swanton street;bypass road;acacia ridge;3056;vic;19061021;3742327
org;rec-1612-org;1612;isabella;ting;35;burramurra avenue;glen shiel;wingham;3173;wa;19990628;8682466
org;rec-447-dup-1;447;dominic;hislop;17;braineystreet;raffa estate;dalby;5290;wa;19911026;1065977
org;rec-1241-org;1241;holly;liddy;6;florentine circuit;;torrensville;5211;wa;;5054133
org;rec-2446-org;2446;juliana;strehovski;24;newman morris circuit;bendigo retirement village;smithfield plains;6155;nsw;19341231;2032650
org;rec-1008-org;1008;fraser;bishop;295;yambina crescent;;mount pleasant;6210;nsw;19240229;6655386
org;rec-2928-dup-0;2928;gabriel;kranz;17;sharmanw place;glenbeae;tra;5109;sa;19970907;1219440
org;rec-1657-org;1657;jacqueline;large;7;mulder place;keriroca;coleyville;5481;qld;19920211;5587010
org;rec-3715-org;3715;liam;reid;519;sampson close;tomar;rose bay;3198;nsw;19170612;9853743
org;rec-3480-org;3480;katelyn;cruicksank;23;wilshire street;wilgalea;ellenbrook;2282;qld;19050818;8067857
org;rec-3306-org;3306;sophie;reid;13;quiros street;;bundanoon;4035;vic;19610328;5895196
org;rec-617-org;617;marcus;hope;25;ellenborough street;lillydale;beaumaris;4701;wa;19580116;9512534
org;rec-1437-dup-0;1437;bryce;hanigan;8;dickinson street;caamya;dayboro;3388;qld;19300607;3330344
org;rec-2087-org;2087;aneka;jessup;16;wyangala street;argyle;milperra;4670;wa;19160122;3722086
org;rec-814-dup-0;814;sascha;clarnke;49;perry drive;rockettel odge;south pdrth;4044;vic;19991011;5938504
org;rec-3988-org;3988;bridget;ryan;29;argyle place;fairdeal;burleigh heads;2527;qld;19180125;5829288
org;rec-1316-org;1316;kade;evans-zijlstra;11;merriman crescent;brindabella specialist centre;allingham;2460;vic;19540530;8441006
org;rec-1237-org;1237;alec;clarke;;aurora close;border park;glenelg south;2204;vic;19780226;2472763
org;rec-1193-dup-0;1193;fergus;stingle;4;pieman crescent;wandarri;surry h ills;2370;nsw;19310201;3795965
org;rec-2923-org;2923;emiily;green;15;carron street;jaybees;deer park;2400;vic;19970228;1702626
org;rec-2123-org;2123;;wehr;70;cockle street;eastfield orchards;avoca;6516;qld;19510822;4430199
org;rec-284-org;284;maddison;helling;66;greene place;beauchamp street;glenmore park;3166;nsw;19861119;4130350
org;rec-45-org;45;riley;croker;9;meacham place;heritage estate;narre warren north;2478;nsw;19891107;8251742
org;rec-3193-dup-0;3193;connor;morrson;;auroraclose;baybreeze;annandale;2203;sa;19820712;2753253
org;rec-2733-dup-2;2733;maxin;musodlino;1;jinka street;kinross;windsor;6160;qld;19650409;3686486
org;rec-2384-dup-0;2384;kaitlin;ryman;20;woronora street;;northgate;2151;vic;19290605;7545389
org;rec-2254-dup-0;2254;sarah;webb;;mcfarlan place;t int-sec tg arden;coomalbidgup;6023;nsw;19970702;8244083
org;rec-1346-org;1346;;hanna;120;amess place;la villades pins;lachlan;2428;nsw;19860709;3269213
org;rec-1492-org;1492;rachel;grindley;9;foxall street;edgewater;moonta;2428;qld;19081010;9026814
org;rec-1349-dup-0;1349;benkovic;matthew;20;coutie place;redwood village;lismore south;3350;vic;19110228;9415905
org;rec-470-dup-0;470;benjamin;white;50;dann close;yackatoon rrtmnt vlge;northryde;2259;nsw;19160905;2192670
org;rec-142-org;142;emiily;timperon;69;maltby circuit;glenmore;gailes;3041;tas;19021228;5319582
org;rec-204-org;204;joel;markotany;15;bate place;fairburn farm;peakhurst;2145;nsw;19390721;3765361
org;rec-176-org;176;travis;fogg;2;orchard place;grandview;longreach;2131;vic;19690327;7217159
org;rec-456-org;456;mia;kaney;70;clifford crescent;armidale private hospital;marsden;5167;tas;19860117;2681671
org;rec-3850-org;3850;alexander;dent;21;theodore street;henry kendall bayside;devonport;2000;vic;19000603;7769362
org;rec-919-org;919;zachariah;mason;480;tazewell circuit;;ivanhoe;4500;qld;19210827;7243584
org;rec-2871-org;2871;;green;41;totterdell street;don ray;coombabah;2711;wa;19420812;1075585
org;rec-2572-org;2572;benjamin;mainsbridge;12;fryer place;tatyara;macgregor;4152;qld;19380502;1640908
org;rec-2592-org;2592;connor;marris;42;blythe close;bells ck;cable beach;4113;nsw;19190611;3672673
org;rec-686-org;686;tony;ryan;1;lahey place;blues hills;vermont;3996;nsw;19050612;9103198
org;rec-2390-org;2390;liam;heithersay-jones;42;lindrum crescent;summerset;sandy bay;5166;nsw;19810214;2152933
org;rec-3192-org;3192;blake;donnison;1837;;;canley vale;4878;vic;19640414;2364430
org;rec-1323-dup-0;1323;jack;artis;91;tungun street;budgeroe;stonyfell;3015;vic;19591204;8229749
org;rec-3119-org;3119;bella;hingston;33;enderby street;poitrel;middleton;2041;qld;19790421;8959237
org;rec-1805-org;1805;lucas;stephenson;17;armstrong crescent;mannibadar;carine;3002;wa;19990901;8662736
org;rec-1727-org;1727;;nand;20;chippindall circuit;jalkaro;midvale;2330;sa;19010502;5724082
org;rec-3765-dup-1;3765;michelle;everett;176;rivett s treet;;westwollongong;3280;nsw;19510721;2692768
org;rec-3696-org;3696;emiily;chitti;136;severne crescent;rowethorpe;penola;2902;nsw;19211007;4066673
org;rec-2874-dup-0;2874;catheri ne;wevill;8;florina place;;cowra;2830;qld;19830304;8112950
org;rec-2039-org;2039;zach;pennell;51;fullerton crescent;villa 724 henry kendall vlge;north haven;4068;vic;19980619;3444276
org;rec-3637-org;3637;imogen;benger;13;waratah street;cypress garden;goonellabah;4703;nsw;19200604;5297809
org;rec-3631-org;3631;ainsley;deakin;111;wattle street;montrose;kogarah;3941;nsw;19750403;8014342
org;rec-2330-org;2330;oliver;priest;280;burdekin avenue;kerry street;port douglas;3200;vic;19980510;3577312
org;rec-819-dup-1;819;kane;gloster;92;hawken street;bonnied oon;kooyong;4017;tas;19120903;8770240
org;rec-1800-org;1800;tess;dixon;460;ebden street;bethel hostel;alice springs;3040;nsw;19820813;3465677
org;rec-2289-org;2289;tiana;woollaston;264;tilley place;glen oak street;kings cross;2904;vic;19390410;2713114
org;rec-1661-org;1661;liam;fullgrabe;11;saunders street;immanuel garden;redbank plains;2031;nsw;19350606;8824360
org;rec-3823-org;3823;charlie;bishop;256;hackett garden;sectn 6 crown allotment;paddington;4802;vic;19440528;7034009
org;rec-1099-dup-0;1099;tylah;aldebrmvn;159;heagney crescent;belmontv towers;wingham;4655;vic;19721103;9020923
org;rec-3523-org;3523;jackson;egan;81;davenport street;golambio cottage;jerrabomberra;6153;nsw;19351024;2692656
org;rec-573-org;573;jack;arribas;61;russell drysdale crescent;shadyside;toowoomba;2065;nsw;19220802;2272795
org;rec-903-org;903;wilson;campton;2;waramanga place;st johns retirement village;frankston;4128;qld;19841018;5007106
org;rec-18-dup-1;18;casey;sieber;44;rankin steret;;campbelltown;5254;vic;19750208;9304390
org;rec-696-org;696;;agius;4;trainer court;;kedron;4018;nsw;19781119;8228248
org;rec-842-dup-1;842;joeb;cachia;;crowder circuit;;blackburn north;0421;nsw;19920420;5126609
org;rec-606-org;606;aleisha;stanley;4;hammett place;;colac;2707;nsw;19430102;4293519
org;rec-1795-org;1795;;mccarthy;20;crozier circuit;;kariong;3756;sa;19011122;5001447
org;rec-1755-org;1755;kyle;vidlov;91;goyder street;anstee court;armidale;3101;nsw;19520415;3584921
org;rec-1011-org;1011;hayley;pontt;205;shackleton circuit;johamenline;cabramatta;2217;sa;19630227;5133078
org;rec-1541-org;1541;chloe;rivers;45;goldstein crescent;colooli village;ashfield;2146;nsw;19980606;6289128
org;rec-1127-org;1127;sonja;hoerner;18;somerset street;rpc 371031;;6025;nsw;19830519;6547061
org;rec-526-dup-0;526;lucy;blomberg;12;bugden avenue;strathmore vneyard;irymple;4037;wa;19291211;5284390
org;rec-509-org;509;sophie;millar;4;coree place;alabama;orange;3000;nsw;19400716;3709283
org;rec-670-org;670;kyle;reid;205;helemon street;currandina;burleigh waters;4218;vic;19710812;9295091
org;rec-3879-org;3879;charles;koolen;14;clavert place;the gums;thornbury;0812;nsw;19560531;8961937
org;rec-1052-dup-1;1052;riley;speight;27;daley crescent;st john of god hospital;labsrdor;2750;wa;19510627;1975078
org;rec-3804-org;3804;julia;boxhall;23;archernar close;kmart p plaza;como;2250;nsw;19391011;2152922
org;rec-366-org;366;luke;white;30;harkness street;crookshanks;harbord;7259;vic;19701025;3692433
org;rec-2084-org;2084;jett;lanyon;12;marulda street;keppoch;bunbury;2570;nsw;19771003;4945501
org;rec-249-org;249;hayley;chubb;105;;mawarra herefords;malvern east;2605;qld;19571107;7623718
org;rec-1397-org;1397;hunter;paterson;9;coxen street;rsl westhaven;chester hill;2251;sa;19840402;2756442
org;rec-3170-org;3170;sarah;mccalman;;dowthwaite street;cottonwood;balwyn north;3537;nsw;19880527;7403444
org;rec-2007-org;2007;bethanie;quilliam;3;clive steele avenue;broadbridge manor;giralang;6330;nsw;19720228;8325896
org;rec-2359-org;2359;caleb;finlay;27;macnamara place;boxwood vale;coolum beach;2204;wa;19621009;4571325
org;rec-991-org;991;alexandra;bishop;9;montagu place;wanding;newstead;2204;vic;19030701;6809680
org;rec-901-dup-1;901;william;tossell;1;lutana street;nara cnsa;craigmore;2509;nsw;19250116;5322906
org;rec-1484-org;1484;gabrielle;clarke;10;mackerras crescent;pooley bridge;darlington point;3046;vic;19311109;1831733
org;rec-1043-org;1043;ryan;colegate;6;faucett street;osprey vill;dapto;2079;nsw;19140916;1278371
org;rec-3020-org;3020;juliana;reuter;33;southern cross drive;john flynn medical centre;elwood;2233;vic;19750503;5104140
org;rec-3008-org;3008;amber;rees;22;trickett street;colefield cvn park;greensborough;6147;vic;19931130;6662950
org;rec-755-org;755;harrison;braithwaite;5;amess place;nr cnr school art;port macquarie;6210;sa;19120530;2828425
org;rec-2313-org;2313;jack;mcgregor;13;ingamells street;rosetta village;hawthorn;2577;qld;19191020;5750897
org;rec-2031-org;2031;lachlan;shepherd;3;stephen street;kelindy ridge;dulwich hill;3939;qld;19160719;8378775
org;rec-3142-org;3142;mitchell;stanley;;bungonia street;;birrong;3068;wa;19960508;9999667
org;rec-1151-dup-0;1151;emiily;ottens;1;albermarle place;yarrambee;parkdale;3350;nsw;19720507;9387979
org;rec-3554-org;3554;eva;ludgate;4;hopetoun circuit;kolora;leichhardt;3875;qld;19681206;5891364
org;rec-3684-org;3684;jackson;winfield;113;firbank close;mountview;maryborough;2137;qld;19840929;8899028
org;rec-2044-dup-1;2044;jed;marring;3;flegg crescent;withernhouse;hope valley;3161;nsw;19760927;5860010
org;rec-1507-org;1507;jemma;holyoake;7;wybalena grove;palm lake resort;kogarah;3465;qld;19631004;4459531
org;rec-3459-org;3459;jarred;hearn;96;miller street;milby cottage;belconnen;2640;nsw;19440811;6847669
org;rec-67-org;67;michael;ryan;344;girdlestone circuit;thousand hills;collie;3134;vic;19660221;8571204
org;rec-1734-org;1734;daniel;mccarthy;6;brunton street;tall pines;fairlight;3155;nsw;19760107;8093038
org;rec-1544-org;1544;india;rees;25;waterfield place;;brunswick west;5014;qld;19400318;1262198
org;rec-2831-org;2831;kailey;chater;17;seaborn place;baroa finn & texel stud;willetton;2118;sa;19861113;6157633
org;rec-2327-org;2327;kiera;badger;17;o'rourke street;anzac house (cnr archer s street;yoogali;3911;vic;19230903;2600189
org;rec-1678-org;1678;lily;mccarthy;11;flack street;old kapoola;sandy bay;3085;wa;19491116;8694848
org;rec-1216-dup-1;1216;chloe;whittlesis;;blacket street;donnav alley;curl curl;2617;qld;19660630;3785882
org;rec-1092-org;1092;olivia;wiseman;;watson street;linton;kirrawee;2821;wa;19870514;7558836
org;rec-1444-org;1444;evangelia;white;14;moorhouse street;nuffield village;greensborough;7018;nsw;19741218;9693789
org;rec-2551-org;2551;mikayla;robson;17;dempster place;mcdougall hill;burwood;4114;nsw;19550213;3248933
org;rec-769-org;769;thomas;clarke;146;foskett street;red hill fruit;parkville;4207;qld;19000904;3616925
org;rec-3832-dup-2;3832;clarke;bertie;25;roope close;st francis village;toowoomba;1412;wa;19230111;2081991
org;rec-452-org;452;emma;nickolai;421;whatmore court;kooraegulla;noble park;6056;qld;19970402;9172360
org;rec-3585-org;3585;jayde;green;3;chauncy crescent;;glenbrook;2121;nsw;19100106;6330814
org;rec-1991-org;1991;tayla;longman;9;cripps place;white house;greensborough;2748;;19430516;3051023
org;rec-2569-org;2569;emerson;waller;;chipperfield circuit;oaklands village;hackham west;3122;vic;19890114;9968914
org;rec-3939-org;3939;aleisha;capurso;68;hyndes crescent;;burwood;6210;sa;19590512;9935501
org;rec-2661-org;2661;clain;gillard;3;tate street;south gwandalan;rye;4160;qld;19450322;5869516
org;rec-2133-org;2133;seanna;kidner;86;verdon street;fairholme;corio;0850;vic;19050223;3935685
org;rec-2679-org;2679;bayley;clarke;13;auburn street;bonholme;beenleigh;4824;wa;19961230;3122497
org;rec-1111-org;1111;chloe;ryan;68;fitzhardinge crescent;oaklodge;maryborough;4105;vic;19280526;4047748
org;rec-2545-org;2545;tara;du;10;sumner place;arlington;kingsford;6152;nsw;19210427;4694259
org;rec-2073-org;2073;maddison;pusser;16;summerland circuit;bindaree;frankston;3193;sa;19480828;7004056
org;rec-1627-org;1627;kylee;spong;26;burdekin avenue;;teewah;4005;wa;19431106;5768564
org;rec-143-org;143;alexandra;green;39;moorhouse street;brae view;abbotsford;3215;qld;19640328;1560574
org;rec-3771-org;3771;lauren;webb;4;kingham place;brentwood village;ballarat;4110;vic;19500509;9635744
org;rec-3832-dup-0;3832;bertie;clarek;25;roope close;st francis village;toowoomba;4121;wa;19230111;9196403
org;rec-3468-org;3468;max;rees;10;waite street;rosedown;nambour;2620;wa;19751230;1361900
org;rec-419-dup-0;419;tia;georfe;;trainwr court;sleepy pines;eight mile plains;2142;act;19180820;4666656
org;rec-499-org;499;cameron;white;9;thornhill crescent;windorah;elwood;3350;vic;19550626;4029878
org;rec-994-org;994;maddison;ryan;194;rosenthal street;;orange;2400;wa;19460214;7396511
org;rec-1369-org;1369;ellen;rees;11;von guerard crescent;bogabigal;nunawading;2042;nsw;19030214;6077216
org;rec-3647-org;3647;nathan;tatpo;95;eungella street;glenlee;tweed heads;2135;vic;19840307;3192178
org;rec-3697-org;3697;ella;needham;54;shipard place;heritage estate;phillip;7018;vic;19090422;5097511
org;rec-455-dup-1;455;fergus;mycko;4;golden grove;karsul;erindale;5118;wa;19640522;1653650
org;rec-100-dup-2;100;dzne;brock;115;brooker street;the wi llows;scarborough;3305;qld;19960112;4033021
org;rec-3671-org;3671;david;jolly;4;enid lorimer circuit;shingledale;bacchus marsh;6171;nsw;19090910;5726007
org;rec-746-org;746;william;smeaton;2;atherton street;retirement village;castlecrag;3101;nsw;19990718;3526516
org;rec-1781-dup-2;1781;lakynn;miles;50;bunya cklose;up the back;barrack point;5074;nsw;19961005;7643591
org;rec-3061-org;3061;jessica;glossop;82;swinden street;lowerwood;walpa;4105;wa;19120319;5300832
org;rec-1349-org;1349;matthew;benkovic;20;coutie place;redwood village;lismore south;3350;vic;19110228;9415905
org;rec-3521-org;3521;campbell;schuster;3;marien place;warrambucca garden;berwick;6014;sa;19470613;1648448
org;rec-396-org;396;thomas;wilkins;154;riordan street;jarrah;ringwood north;5014;wa;19570224;9706792
org;rec-2096-org;2096;ella;wardle;89;verney place;eldoret;frankston;2041;wa;19240626;7919672
org;rec-1183-org;1183;aliza;burnell;99;marrawah street;tesbury;rowville;3039;wa;19320517;7028799
org;rec-841-org;841;hannah;beams;9;light street;castle hill farm;sale;3221;vic;19560811;7444484
org;rec-2424-org;2424;joshua;myles;20;stops place;court units;padstow;0830;vic;19400303;2093284
org;rec-3352-org;3352;talyah;dooley;63;freda bennett circuit;springbanks;cloverdale;2251;qld;19550213;1235857
org;rec-2762-org;2762;gabriella;white;23;wisdom street;kantz;broken hill;4556;qld;19830808;7100659
org;rec-640-dup-0;640;kyle;white;52;renmark street;barwalla;kogarha;2017;nsw;19291227;5927014
org;rec-1810-org;1810;sarah;bloomfield;67;culgoa circuit;st francis vlge;north sydney;5608;nsw;19590906;7800724
org;rec-2544-dup-0;2544;travos;white;36;crozier circuit;villa 3;warrandyte;2083;nsw;19170723;4769955
org;rec-2877-org;2877;katie;noble;45;lumeah street;the gums;bullsbrook;3216;nsw;19360909;2912515
org;rec-668-org;668;zane;matthews;409;jabanungga avenue;moorilla;batemans bay;4879;vic;19321007;6429775
org;rec-2525-org;2525;mitchell;allegretto;85;medley street;belvoir;leichhardt;2251;qld;19421115;7088925
org;rec-3949-dup-0;3949;bayde;son;4290;warramboolfclose;st francks vlge;blackstone;2488;qld;19390328;1372776
org;rec-3434-org;3434;rebecca;worsley;12;scrivener street;bellona;bacchus marsh;6213;qld;19520910;1008126
org;rec-413-dup-1;413;lucy;morrkson;23;baracchi crescent;buskett homestead;caisno;2156;vic;19600409;4877811
org;rec-183-dup-0;183;chelsea;coewll;6;bee place;;punchbowl;6152;vic;19150410;1058992
org;rec-107-dup-3;107;;leslie;11;bednall place;telebangrstation;port linvoln;6508;nsw;19311106;7452730
org;rec-2255-org;2255;max;campbell;20;beasley street;restdown village;woori yallock;5041;qld;19610121;3998485
org;rec-2925-dup-2;2925;emiily;lyden;279;marsden street;market towwn centre;cleveland;7286;nsw;19421122;5252810
org;rec-506-org;506;charlotte;beattie;107;mcclintock street;pleasant view;flaxton;2088;vic;19170829;8494225
org;rec-3566-org;3566;lucy;webb;10;tenison-woods circuit;berkeley village;moe;2289;vic;19660412;6807130
org;rec-1371-org;1371;samantha;chandler;20;perrin circuit;cantlay farm;padstow;2298;nsw;19120925;3823824
org;rec-3847-org;3847;olivia;boxer;6;hobart place;;woombye;2571;vic;19670809;3975732
org;rec-3000-org;3000;tiarna;matthews;16;livingston avenue;wandearah;taree;2101;nsw;19901103;8005727
org;rec-400-dup-1;400;kristo;guielr;61;luckinsplace;pinklake caravan park;wyong;0800;qld;19581127;1419169
org;rec-2373-org;2373;jordan;aiston;522;bryant place;mount patrick;labrador;2830;nsw;19650128;4196451
org;rec-3727-dup-0;3727;ruben;yost;60;dooley p lace;the willows;;2904;vic;19801214;9365496
org;rec-3949-dup-1;3949;son;bayden;4290;warramboko close;;blackstne;2848;qld;19390328;9100309
org;rec-518-org;518;ella;heenan;12;bollard street;;toukley;4401;qld;19240521;8406954
org;rec-3674-org;3674;isabella;duvnjak;44;wylie street;pine view;south brisbane;3156;vic;19530306;1248884
org;rec-2228-org;2228;jacqueline;stolz;3;nona place;;hawthorn;5137;qld;19240131;8009787
org;rec-304-org;304;andrew;white;69;ebden street;torbanlea;westmead;6151;nsw;19360613;6426611
org;rec-2003-org;2003;samantha;hope;19;yarra street;;whittington;3644;qld;19760319;5104017
org;rec-3765-dup-0;3765;;evertet;176;rivett street;;west wollongong;3280;nsw;19510721;2692768
org;rec-1249-org;1249;nathan;green;58;fraenkel street;whispering pines;wendouree;3182;tas;19020107;2808300
org;rec-3653-dup-0;3653;marlee;paterson;34;pohlman street;fig trees;raglan;3927;vic;19000320;1836769
org;rec-3603-org;3603;caitlin;ketelaars;9;duffy street;riverbend;;0810;nt;19910419;1933710
org;rec-3901-org;3901;kiana;clarke;1;fred johns crescent;rosetta village;newcastle;3103;nsw;19281115;2763591
org;rec-1537-org;1537;david;edmonds-wilson;36;heagney crescent;moolooboola;east maitland;2048;wa;19630223;1724048
org;rec-651-dup-3;651;jayden;hingston;116;alawa atreet;long plain;wendoree;3318;qld;19171120;6243938
org;rec-1027-org;1027;ryan;vandonderen;29;;alexander's folly;parkerville;5162;vic;19030713;5590032
org;rec-2541-org;2541;riley;gladman;5;stapylton street;banksia;reynella;5156;wa;19310802;7965536
org;rec-2744-dup-1;2744;aidan;broughan;32;creekside c ottage;ryrie street;smithfield;2135;nsw;;7500055
org;rec-539-org;539;mitchell;clarke;50;twynam street;chest base hospital;rye;6168;vic;19170424;8217061
org;rec-1604-org;1604;grace;braithwaite;22;evergood close;kersley mews;emerald;2315;nsw;19950117;4555676
org;rec-208-org;208;hannah;green;16;bimberi crescent;mt pleasant;woodpark;2166;vic;19020503;5143512
org;rec-575-dup-1;575;dylan;;102;bainton crescent;cado gan;lalor patk;4304;nsw;19920616;7632481
org;rec-3707-dup-2;3707;georgia;disgnam;66;mcca yplace;brentwood vlge;daylesford;3216;nsw;19660610;7778628
org;rec-3261-org;3261;kirrah;ganibegovic;7;hood place;inverwood;parrakie;4630;nsw;19071127;1778943
org;rec-3508-org;3508;hannah;klemm;24;harriot road;;colac;4350;nt;19970911;3537822
org;rec-15-dup-1;15;alexander;gaden;539;alexander street;;koroit;3131;wa;19960319;7241211
org;rec-341-org;341;harrison;goldsworthy;14;shepherdson place;cypress garden;willetton;2191;qld;;9180971
org;rec-2896-org;2896;christopher;parr;972;sambell place;old farm;mount pleasant;2602;vic;19420811;9814641
org;rec-3896-org;3896;jordan;hearn;;skinner street;st francis village;berriedale;3128;nsw;19720713;9638305
org;rec-1646-org;1646;kirra;bishop;11;attwood close;kintyre;wyoming;4655;qld;19471029;2679161
org;rec-3054-org;3054;elly;kranz;30;britten-jones drive;;;0836;qld;;2829743
org;rec-1035-dup-0;1035;jacksn;rabbitt;;ellerston avenue;greglea village;mermaidwaters;2146;vic;19420816;9956483
org;rec-1764-dup-0;1764;oliver;blqek;30;debenham street;glenevie;berwick;2039;qld;19121126;7150707
org;rec-3503-org;3503;taylah;dent;16;bunya close;lochinvah;carine;7467;vic;19240705;4406611
org;rec-3695-org;3695;lucy;white;1;tenison-woods circuit;australian fair west;wahroonga;2486;vic;19921122;6386914
org;rec-455-dup-0;455;fergus;lowe;4;golden grove;;erinadle;5118;wa;19640522;1653650
org;rec-2846-dup-0;2846;jack;dunstone;62;beaurepaireycrescent;ewinga;burwood east;3960;nsw;19040718;3406398
org;rec-200-org;200;melanie;green;5;fullagar crescent;mayfair;beaumaris;5255;nsw;19860625;1079702
org;rec-534-org;534;lachlan;wheatley;30;goodwin street;rosetta village;mount gravatt;4218;sa;19620815;8894816
org;rec-1248-org;1248;matthew;lund;;reader court;talasea;worongary;2148;qld;19751128;8392918
org;rec-3402-org;3402;shanaye;white;63;birdwood street;karalta park;watsonia;3171;nsw;19640403;1761856
org;rec-3188-org;3188;ethan;graetzer;17;couvreur street;rosetta village;rankin park;2680;nsw;19980904;3833270
org;rec-478-dup-0;478;natalia;harrland;121;;brightling park;severnvea;5417;nsw;19800313;1893606
org;rec-1833-org;1833;monique;gao;291;o'connor circuit;barodoky;eastwood;2026;nsw;19960123;9439515
org;rec-3292-org;3292;chelsea;grosvenor;16;goldner circuit;tinaroo falls;penneshaw;2830;tas;19340102;5585478
org;rec-3723-org;3723;zachary;vincent;56;harcus close;eden park;bondi junction;2360;nsw;19180815;6580060
org;rec-2810-org;2810;dakota;urosevic;45;kosciusko avenue;byron lodge;narre warren north;3070;vic;19760701;7881697
org;rec-1106-org;1106;henry;eglinton;31;sly place;poplar grove;toowoomba;2151;nsw;19421006;9930110
org;rec-490-org;490;aaliyah;beaufort;65;astley place;forster specialist medical centre;surfers paradise;6054;vic;19211229;7429401
org;rec-545-org;545;callum;ryan;1;grigg place;dunbar;adelaide;3977;vic;19610225;5622962
org;rec-3036-org;3036;jacob;white;3;archel place;;mitcham;6102;nsw;19280608;2466760
org;rec-971-org;971;kaitlyn;oats;55;worrell place;wainui lodge;ashfield;3162;qld;19420813;6822381
org;rec-1119-org;1119;lucy;jardine;732;allawah flats;orana gardens retirement village;goodwood;2148;act;;9532585
org;rec-2933-org;2933;angelica;byers;28;meldrum street;the rookery;oxley vale;4207;qld;19010128;3946472
org;rec-854-org;854;andrew;coleman;9;carruthers street;talooby;windsor;3850;qld;19780225;6480406
org;rec-88-org;88;neneh;ryan;13;morgan crescent;westport;toowoomba;2106;nsw;19901020;3434805
org;rec-3122-org;3122;daniella;quinzi;3;chevalley loop;hd curramulka;dapto;2065;vic;19420225;8970580
org;rec-1639-org;1639;micaela;;50;fogarty place;argyle garden;pakenham;2112;qld;19320801;4266869
org;rec-1299-org;1299;lachlan;kowald;6;hargraves crescent;meadow vale;halbury;3496;nsw;19870316;3295469
org;rec-649-org;649;emiily;waal;61;britten-jones drive;mira monte;shelley;2065;nsw;19150129;1217484
org;rec-542-org;542;holly;ebert;6;keys crescent;tantallon;hastings;4558;qld;19111227;7270619
org;rec-1697-org;1697;joshua;riddoch;233;rubbo crescent;banksia village;mannum;5066;qld;19590808;2178814
org;rec-1609-dup-1;1609;madison;cowel;140;ainslieavenue;bowan downs;nambour;3087;vic;19810922;8773092
org;rec-833-dup-0;833;mitchell;mcmellon;84;osmand str eet;executiv e arcade;jindalee;3016;vic;19080412;4647270
org;rec-395-org;395;troy;stephenson;41;tauss place;knmre street;;2166;qld;19581230;4087214
org;rec-694-org;694;danielle;zehetner;55;howe crescent;apt 503;tatura;2095;vic;19321129;8152232
org;rec-2145-dup-1;2145;ellie;de sciscio;7;syme crescent;;naremburn;4350;qld;19250303;5015428
org;rec-407-org;407;anthony;paterson;33;freda bennett circuit;brokenspoke;terrigal;4818;wa;19000927;7055788
org;rec-2938-org;2938;hugo;mamarika;28;bimberi crescent;cerbrus;bulimba;4207;vic;19761203;1614373
org;rec-796-org;796;tylah;clarke;14;macrossan crescent;st john of god hosp;samford;5051;nsw;19420819;3549452
org;rec-3249-org;3249;michael;mccarthy;23;higgerson street;southern wood;brookdale;2148;nsw;19080816;1599076
org;rec-2938-dup-1;2938;libby;mamarika;28;bimberi crescent;cerbrus;bulimba;4207;vic;19761203;1614373
org;rec-2869-org;2869;lara;rawlings;40;clianthus street;meadowvale village;rosebank;2210;vic;19110812;5188533
org;rec-3892-org;3892;bailey;eyre;79;downard street;cremona stud;torquay;5211;nsw;19550204;6602325
org;rec-283-org;283;brett;dessart;56;leibnitz place;southern cross;malvern east;6450;vic;19341229;4347061
org;rec-635-org;635;vanessa;rawlings;20;must circuit;hilltop hostel rowethorpe;somerton park;3184;vic;19270516;9010119
org;rec-1154-dup-0;1154;lucy;reid;25;terry close;sect 106;dwellingup;2207;qld;19480807;7376976
org;rec-3355-org;3355;rachel;webb;19;beardsmore place;boonawah;canley heights;5558;sa;19120107;9201083
org;rec-3452-dup-2;3452;emmet;jeffries;14;connell place;roshill;sanctuary point;2261;qld;19130331;8849668
org;rec-719-org;719;thomas;boyes;28;ruthven street;connemara;yandoit;2036;nsw;19500523;7249807
org;rec-1868-org;1868;bailee;grosser;30;nambir court;riverside station;bundaberg;2259;sa;19671025;3250477
org;rec-1680-org;1680;gabrielle;white;82;newman morris circuit;camusfearna;planland;5251;nsw;19970907;3919649
org;rec-3756-org;3756;aleisha;bradshaw;5;mcalpine place;legacy units;stratford;4069;nsw;19070709;8738803
org;rec-2282-org;2282;jacob;paine;;howe crescent;dudley specialist medical centre;rostrevor;2539;nsw;19541019;3873443
org;rec-1151-dup-1;1151;emiily;ottens;1;yarrabe e;albermar le place;parkdale;3350;nsw;19720507;9387979
org;rec-3496-org;3496;william;cicolella;451;alfred hill drive;mt oeba;kalamunda;4565;wa;19870608;8879283
org;rec-3677-dup-0;3677;joel;manthorpe;;pennefather street;;carss park;3131;wa;19970911;3452695
org;rec-3152-org;3152;riley;demetriou;45;newman morris circuit;lazy acres;petersham;2622;nsw;19880515;2333639
org;rec-388-org;388;luke;weaver;100;dyson street;lvel 2180;crookwell;2034;qld;19001205;1186195
org;rec-1770-org;1770;jed;micke;61;cavill close;coraleigh;frankston;2090;vic;19110421;7777283
org;rec-1696-org;1696;david;carbone;1;sinclair street;kinross;bull creek;2480;vic;19321127;8971131
org;rec-2210-org;2210;cooper;robson;45;gungurra crescent;the willows;bunbury;2224;nsw;19010201;3429245
org;rec-3836-org;3836;matthew;lovelock;18;bugden avenue;treetops;gosford east;2281;vic;19650405;2980349
org;rec-972-org;972;mikhayla;campbell;11;britten-jones drive;berkeley vlge;stirling north;5583;nsw;19970720;5853359
org;rec-715-org;715;tiahana;schamschurin;62;bateman street;john flynn medical centre;kalamunda;4350;nsw;19491023;1337169
org;rec-2779-dup-1;2779;joshua;manalca;30;disney court;santa lucille;camp hill;3189;vic;19200810;6627612
org;rec-2333-org;2333;pia;malin;44;max henry crescent;port 366;jalbarragup;5153;act;19260518;6016499
org;rec-3099-org;3099;matthew;burman;32;burns circuit;gumnut cottage;tahmoor;3073;qld;19150825;4228403
org;rec-588-dup-0;588;henry;;23;hindmarsh drive;;toowoomba;2280;vic;19840529;6445755
org;rec-2017-org;2017;daniel;morrison;238;cossington smith crescent;;cromer heights;3020;nsw;19780916;2828143
org;rec-107-dup-0;107;striling;leselie;6;mortimer lewis drive;telebangstation;port lihcoln;6503;nsw;19311106;7452730
org;rec-473-org;473;bertie;trimbell;45;woollum street;alice downs;aldgate;2570;vic;19720116;4239689
org;rec-1642-org;1642;jed;leblond;15;rounsevell street;bindaree;malvern east;2443;wa;19290204;4658936
org;rec-1876-org;1876;harrison;moody;2;higgins crescent;tureevale;nerimbera;3147;vic;19141207;2055591
org;rec-2942-org;2942;lucas;rawlings;13;embling street;taraglen;myrtleford;5108;nsw;19380909;8256656
org;rec-431-dup-2;431;riley;kursj;110;milson street;torbanlea;latrobe;3746;nsw;19351124;6986890
org;rec-1530-org;1530;prudence;heron;1;mccoll street;loch snizort;lake illawarra;4701;nsw;19741007;5629382
org;rec-440-org;440;lucas;stanley;4;neumayer street;cremona stud;greensborough;7010;nsw;;4607302
org;rec-1958-org;1958;zoe;waal;3;hakea crescent;meander rise;golden grove;6150;nsw;19470227;8804434
org;rec-306-org;306;adam;kennion;8;goessling place;inalinga c/van park;brighton;3079;nsw;19440407;6562595
org;rec-1773-org;1773;eva;menzies;7;bundeela street;calvery specialist clinic;sunnybank;5540;nsw;19680509;2623316
org;rec-2062-org;2062;cooper;penno;654;checchi place;tweed heritage car;keilor park;3174;qld;19740809;2432512
org;rec-1482-org;1482;domenique;bradshaw;235;sturt avenue;yarrum;flemington;4306;nsw;;4472409
org;rec-3990-org;3990;laura;giannikouris;40;southern cross drive;horse park;thornlie;3031;vic;19200711;7390502
org;rec-1882-org;1882;taylor;spada;7;pearson street;harriman park;armidale;3023;qld;19450830;4439810
org;rec-3983-org;3983;rupert;nguyen;417;sid barnes crescent;forestdale;stratton;2800;vic;19571208;8278774
org;rec-3703-dup-2;3703;jacqueline;croftd;10;cumpston place;barwick pastoral;pymble;4806;act;19240818;4801307
org;rec-2574-org;2574;lauren;iskra;54;maranoa street;lakewood estate;hazelwood north;3204;nsw;19241229;4618473
org;rec-43-org;43;sophie;dellmann;9;enright crescent;belandean;blakehurst;7113;nsw;19210124;4092057
org;rec-3215-org;3215;naomi;morrison;61;dumas street;villa 102;springwood;2220;nsw;19090312;1874697
org;rec-3909-org;3909;christopher;ryan;7;doughty place;steen heuvel;geelong west;2042;act;19960621;8230094
org;rec-2150-org;2150;isobel;hand;104;shakespeare crescent;golden down;toowoomba;6102;tas;19710925;7140910
org;rec-330-org;330;kaitlin;tims;4;findlay street;banksia village;coonabarabran;2040;act;19580404;5723527
org;rec-50-dup-1;50;thomas;tuckwell;16;couvreur street;;toorak;5049;nsw;19211430;8702265
org;rec-2705-org;2705;ruby;lodge;16;knox street;watchorns hill;surrey hills;5162;sa;19951110;3856992
org;rec-2518-org;2518;harrison;gaugg;36;albermarle place;grandview;broadwater;6021;nsw;19240920;9249550
org;rec-376-org;376;kirra;morrison;9;biala place;cannonvale whitsunday shopping centre;modbury;5085;nsw;19150405;2614838
org;rec-2724-org;2724;georgia;danelon;13;jim pike avenue;stockland cairns;taree;2565;vic;19840826;3888866
org;rec-3964-dup-0;3964;montalvan;amelia;44;kater place;booligal;malvern east;5033;nsw;19070101;1929783
org;rec-1151-org;1151;emiily;ottens;1;albermarle place;yarrabee;parkdale;3350;nsw;19720507;9387979
org;rec-1217-org;1217;archie;vincent;2;lethbridge street;ocean pines caravn park;kangarilla;4128;nsw;19880406;7721563
org;rec-3565-dup-1;3565;priest;bethanie;15;musgrave street;geebung;blacktown;3675;nsw;19950922;5033370
org;rec-2328-dup-0;2328;jack;etherington;9;treharne place;hawkhurst cottage;tuart gill;5113;;19210801;5726242
org;rec-964-org;964;declen;noble;123;eungella street;isavale;south grafton;2027;qld;;9663956
org;rec-2513-org;2513;alyssa;royle;12;wattle street;rosetta village;beverly hills;4034;vic;19620130;1516540
org;rec-1072-org;1072;olivia;serafin;19;michael holt crescent;symes grove;st albans;3192;nsw;19531219;1028330
org;rec-331-org;331;isabelle;commons;11;alberga street;clifton vale;robina;6375;vic;19631204;2208967
org;rec-3713-org;3713;erin;fangler;4;sweet place;rosedale;arundel;4069;vic;19850204;2887951
org;rec-990-org;990;flynn;ryan;49;cooks street;perry park hostel;kyogle;2577;nsw;19840513;4805167
org;rec-1926-org;1926;edward;middlebrook;72;pankhurst crescent;villa 102;greensborough;2177;vic;19730528;4620756
org;rec-3272-org;3272;trey;held;19;holman street;kookaburra village;peregian beach;5266;nsw;19520113;6172652
org;rec-1048-org;1048;jayden;mazurek;2;federal highway;cromdale;highett;2194;nsw;19080115;3849904
org;rec-608-org;608;tia;boyle;24;threlfall street;bandera;charlestown;2213;sa;19580502;2745120
org;rec-1146-org;1146;john;wreford;8;burkitt street;blue springs;tarragindi;3139;vic;19441017;8378848
org;rec-3218-org;3218;matthew;hutcheson;3;rosenthal street;the atlas;westmead;5038;vic;19440101;5085202
org;rec-3846-org;3846;lewis;ekiert;103;canberra avenue;rose lane centre;burwood;6430;nsw;19830813;4482856
org;rec-3311-org;3311;archie;mclelland;373;forbes street;gumnut cottage;bomaderry;4054;qld;19360125;7477495
org;rec-316-org;316;joshua;matthews;8;tarana street;villa 2;macdonald park;4051;tas;19100721;9769945
org;rec-3704-dup-0;3704;molly;baillie;49;bibby place;chippendale village;greens creek;3045;nsw;19050529;4210252
org;rec-1287-org;1287;brooke;clarke;5;parsons street;camelot est;semaphore park;4503;vic;19380602;2575311
org;rec-342-org;342;sophie;baddeley;17;tenison-woods circuit;glenfine station;mulgrave east;3068;nsw;19700924;4767603
org;rec-1858-org;1858;leah;mason;13;luckman place;kulcutra;darlington;2219;nsw;19600224;3242481
org;rec-661-org;661;jack;nabialek;17;canberra avenue;;burwood;2171;nsw;19041030;4254466
org;rec-890-org;890;jordan;stephenson;19;wuronga hill street;mater professional centre;garah;2165;vic;19380904;4942551
org;rec-2334-org;2334;jacinta;white;31;gunning place;rosehill;;6230;nsw;19780528;8511047
org;rec-287-org;287;samuel;wooley;12;katherine avenue;;west lakes;3185;nsw;19890705;7819333
org;rec-1871-org;1871;zakariah;chee;64;london circuit;beltrasna angus stud;boulder;4670;qld;19680309;2319327
org;rec-3260-org;3260;harrison;webb;36;deloraine street;goodhope;wanneroo;2208;vic;19491013;3778099
org;rec-74-org;74;briony;wheldale;3;fowles street;rowethorpe;leichhardt;2131;vic;19380616;9466892
org;rec-194-dup-0;194;;matthews;4;jim pike avenue;the wllows;frankston;4870;qld;19290102;2300647
org;rec-848-dup-0;848;daniel;coffey;59;parkhill street;langi;islington;3186;qld;19270224;3714025
org;rec-1036-org;1036;benjamin;reid;5;springbett street;derwent wtrs;tyabb;3079;wa;19430913;9844003
org;rec-2941-org;2941;jaslyn;mycko;15;owen dixon drive;seaforth vlge;acacia ridge;4514;vic;19650217;4315441
org;rec-3455-org;3455;maxin;farnham;5;whalan place;wymea park;burnie;3186;vic;19070926;4567877
org;rec-2009-org;2009;alisha;leppard;7;canning street;bowan downs;st albans;7250;nsw;19940619;9700978
org;rec-75-org;75;brielle;nuttycombe;104;albermarle place;mount sandiman;cooloongup;2094;sa;19431026;9176125
org;rec-1559-org;1559;matthew;white;5;hayward street;;golden grove;2646;qld;19171204;5503374
org;rec-3102-org;3102;ebony;berman;77;gooreen street;lorikeet caravn park;swan hill;4560;nsw;19880215;8981845
org;rec-1889-org;1889;madeleine;berryman;1504;castlereagh crescent;the willows;beenleigh;2121;qld;19230705;8225696
org;rec-2460-dup-4;2460;nicholas;hathqway;;;flemingto nmarkets;mill aprk;6011;nsw;19390305;1796925
org;rec-864-org;864;zane;quilliam;14;crozier circuit;hayfield vlge;ngunnawal;6011;tas;19940830;9090375
org;rec-1894-dup-0;1894;ruby;reid;8;throsby crescent;;paralosie;6312;vic;19250929;9951759
org;rec-2840-org;2840;mya;bishop;80;cuscaden crescent;platina;taree;2217;wa;19470522;4981694
org;rec-694-dup-1;694;zehrtner;danielle;55;howe crescent;apt 503;tatu ra;0295;vic;19321129;8152232
org;rec-3254-dup-0;3254;harrison;seppelt;7;jackie howe crescent;;hawthorn;5062;vic;19891107;6492725
org;rec-2734-org;2734;christopher;gibb;16;moncrieff street;flt 17;christies beach;6603;nsw;19590905;1631372
org;rec-908-org;908;chloe;mason;31;candlebark close;kilacloran;armidale;4116;sa;19520508;3091059
org;rec-2350-org;2350;ellie;wable;34;conlon crescent;;terrigal;6054;sa;19160629;6706520
org;rec-3650-org;3650;samuel;kisch;2;couvreur street;loxley hse mdcl centre;homebush bay;6560;nsw;19140529;2877433
org;rec-1323-org;1323;jack;artis;91;tungun street;budgerie;stonyfell;3015;vic;19591204;8229749
org;rec-1278-org;1278;michael;moody;33;crisp circuit;rangeville;avoca beach;4305;qld;19480229;3518474
org;rec-540-dup-0;540;anthony;ryan;5;guthridge drescent;worrodowns;chittaway bay;3810;qld;19211114;2217488
org;rec-724-org;724;kaitlin;szklarz;44;bolali place;ferndale;west perth;2550;vic;19260202;2378871
org;rec-3120-org;3120;monique;kromwyk;22;tumbleton place;ellice hill este;highett;7301;nsw;19240310;5765135
org;rec-881-org;881;brooklyn;shepherdson;26;drysdale circuit;melita;whitfield;4305;vic;19141009;9144376
org;rec-2303-org;2303;polly;noble;32;carrodus street;clanoc cottage;port lincoln;6025;nsw;;3008610
org;rec-1772-org;1772;amber;greenhalgh;27;vansittart crescent;may cottage;coonabarabran;3818;nsw;19050724;2373799
org;rec-3587-org;3587;madelyn;robnik;31;tullaroop street;rose-lea;carrum;3128;vic;19110108;7695257
org;rec-3005-org;3005;christopher;taubman;1;dacomb court;kirkside cottage;colac;3460;qld;;5317648
org;rec-2636-org;2636;annabel;eversen;83;southern cross drive;ainslie house;kingston;4215;vic;19110427;4393110
org;rec-235-org;235;thomas;berry;2;grover crescent;anzac house (cnr archer s street;towradgi;2263;vic;19441006;8157050
org;rec-2822-dup-0;2822;molly;campbell;26;callaway cgeescent;southern cross;portmacquarie;3172;nsw;19880106;4549668
org;rec-322-org;322;brooke;willes;4;ahern place;kinross;labrador;3862;nsw;19941227;1977740
org;rec-1972-org;1972;carly;grainger;10;tipping place;belmont bayview park;altona north;3031;vic;19260313;7860553
org;rec-3433-org;3433;william;tassis;;captain cook crescent;sherwood;torquay;2213;qld;19350909;4379006
org;rec-2889-org;2889;naomi;dinnison;;van praag place;the homestead;wallan;2360;vic;19660205;9606221
org;rec-1313-org;1313;zachary;bishop;21;gardiner street;mcleod south;cohuna;5133;nsw;19091214;1779856
org;rec-2206-org;2206;john-paul;green;;harrington circuit;lansdowne;largs north;4562;sa;19911228;1951685
org;rec-2433-org;2433;mia;schuster;254;burkitt street;crathie;south perth;4551;nsw;19310806;2198108
org;rec-1609-org;1609;madison;cowell;140;ainslie avenue;bowan downs;nambour;3087;vic;19810922;8773092
org;rec-3812-org;3812;georgia;dojcic;21;bainbridge close;berkeley vlge;north narrabeen;2280;qld;19670416;7737396
org;rec-303-org;303;clodagh;lisiak;25;albermarle place;;kingston;2257;vic;19600321;5832887
org;rec-2284-org;2284;sam;boyle;46;mcintyre street;bass view;albion park rail;5061;vic;19320901;3512831
org;rec-1487-org;1487;thomas;green;44;tuthill place;holmeleigh;bonny hills;4740;vic;19420210;9334580
org;rec-1856-org;1856;james;mcneill;42;archibald street;;evans head;2250;nsw;19011207;4837378
org;rec-3307-org;3307;paige;lock;7;a'beckett street;camboon;carina heights;2290;nsw;19871002;5142242
org;rec-227-org;227;antonio;collier;25;govett place;the rocks;broken hill;2304;qld;19400225;3973395
org;rec-1143-org;1143;harry;ryan;30;van raalte place;anana;preston west;2572;wa;19250425;6392122
