B;G000001;1;domenique;anna;gramolini;31;f;w;burlington;eldorado;1313;27217;ri
B;G000002;2;deborah;besinger;wells;49;f;w;raleigh;magellan;5715;27612;
B;G000004;3;alyssa;danielle;marion;30;f;w;burlington;spring;852;27215;ny
B;G000005;4;lacosta;gail;webster;37;f;w;bear creek;vander oldham;1650;27207;fl
B;G000006;5;jakia;tykel;sellars;23;f;b;burlington;fix;1010;27215;nc
B;G000007;6;william;weldon;jones;43;m;w;burlington;shadowbrook;223;27215;nc
B;G000008;7;rebecca;cheek;murray;70;f;w;elon;gibsonville ossipee;2060;27244;nc
B;G000009;8;clayton;holloway;spivey;63;m;w;efland;efland cedar grove;2711;27243;fl
B;G000010;9;maralyne;;sanchez;50;f;w;archdale;old thomasville;5675;27263;nc
B;G000011;10;zachary;joseph;pfeiffer;38;m;w;pittsboro;chicken bridge;1445;27312;in
B;G000013;11;gloria;mae;schweitzer;53;f;w;graham;sun;1203;27253;oh
B;G000014;12;chara;lane;o connor;33;f;w;yadkinville;old us 421;2208;27055;ga
B;G000015;13;carolyn;hubbard;gainey;74;f;w;timberlake;willie gray;1148;27583;md
B;G000016;14;brittany;pertice delores;taylor;21;f;b;durham;medina;911;27707;nc
B;G000017;15;bethany;elizabeth;gilmore;22;f;b;graham;main;217;27253;nc
B;G000018;16;sherri;jo;adams;56;f;w;liberty;foster store;5434;27298;nc
B;G000019;17;candace;hatch;wilson;45;f;w;haw river;millbrook;2489;27258;nc
B;G000020;18;carol;fiske;gates;66;f;w;hickory;kings;1476;28602;vt
B;G000022;19;phillip;scott;smith;56;m;w;liberty;moody;8338;27298;nc
B;G000023;20;jeanetta;lakisher;mcneil;44;f;b;mebane;ashbury;113;27302;nc
B;G000025;21;stacey;harmon;higgins;46;f;w;burlington;somerton;3215;27215;nc
B;G000026;22;thomas;ralph;hayes;35;m;w;liberty;butler;234;27298;nc
B;G000027;23;deana;lynn;green;57;f;w;burlington;porterfield;733;27217;tx
B;G000029;24;robin;denise;robinson;57;f;w;burlington;kernodle;217;27215;nc
B;G000030;25;billie;emma;dodson;42;f;w;mebane;pine valley;2652;27302;ct
B;G000031;26;stephen;emory;hurysz;28;m;w;graham;old farm;112;27253;nc
B;G000032;27;bryan;scott;langley;27;m;w;burlington;mebane;1515;27215;nc
B;G000033;28;lamonda;almira;sykes;28;f;b;garner;faye;1416;27529;il
B;G000034;29;albert;keith;bradshaw;72;m;w;yanceyville;rosewood;291;27379;nc
B;G000036;30;paul;riley;frick;52;m;w;durham;liberty;410;27701;
B;G000037;31;darryl;raynard;moye;53;m;b;mebane;dogwood;1007;27302;nc
B;G000038;32;jeffrey;alan;apple;47;m;w;gibsonville;park;823;27249;nc
B;G000039;33;sierra;shanel;cousin;28;f;b;mebane;quaker creek;606;27302;
B;G000040;34;dale;shannon;gordon;50;m;w;burlington;donelson;284;27217;ca
B;G000041;35;joanne;enman;martindale;74;f;w;chapel hill;windsor;165;27516;ma
B;G000043;36;matthew;russell;gugino;42;m;w;mebane;doral;408;27302;ny
B;G000044;37;andrew;lee;mcclanahan;36;m;w;graham;monroe holt;826;27253;nc
B;G000045;38;jessica;lee;harrell;38;f;w;burlington;cherry;1728;27215;nc
B;G000046;39;judith;eleanor;filbey;72;f;w;reidsville;arbor;1109;27320;ny
B;G000047;40;cleveland;leroy;mclemore;62;m;w;haw river;freshwater;2360;27258;
B;G000048;41;wayne;albert;oatis;33;m;b;raleigh;wolf walk;5909;27606;nc
B;G000049;42;linda;ann;krug;71;f;w;hillsborough;borland;2711;27278;pa
B;G000050;43;clara;terrell;gibson;90;f;w;raleigh;converse;4021;27609;nc
B;G000051;44;dona;c;kverneland;45;f;w;elon;franz;106;27244;tx
B;G000052;45;brandy;cheree;moore;39;f;b;burlington;lakeside;702;27217;nc
B;G000053;46;james;marshall;shelton;43;m;w;granite quarry;main;135;28072;
B;G000054;47;eric;kahreen jabbar;murphy;46;m;b;graham;trail s end;713;27253;nc
B;G000055;48;reginald;leslie;singletary;29;m;b;boone;east dorm;0;28608;pa
B;G000056;49;dana;litrelle;dupree;39;f;b;mebane;willow brook;1416;27302;nc
B;G000057;50;john;dalton;loftin;63;m;w;mebane;meadowood;1616;27302;va
B;G000057;51;john;dalton;loftin;63;m;w;mebane;meadowood;1616;27302;va
B;G000058;52;tracy;lynn;mack;45;f;w;mebane;tanglewood;110;27302;
B;G000059;53;ronnie;jonathan;jeffries;42;m;b;graham;olde carolina;1617;27253;nc
B;G000060;54;alyssa;jaclyn;ferguson;30;f;w;raleigh;clover;408;27604;il
B;G000061;55;shawan;chresmie;tyson;37;f;b;ramseur;king;397;27316;nc
B;G000062;56;jennifer;clayton;noah;45;f;w;haw river;gifford;2155;27258;nc
B;G000065;57;rickie;curtis;parrish;64;m;w;winterville;branchwood;419;28590;ga
B;G000066;58;lindsay;nicole;enoch;27;f;w;graham;ward;412;27253;nc
B;G000067;59;cameron;stainback;michael;33;f;w;burlington;bellemont alamance;2834;27215;nc
B;G000068;60;ursula;rachelle;tysor;51;f;b;durham;revere;4806;27713;
B;G000069;61;marcus;;wilson;37;m;b;burlington;fernway;608;27217;fl
B;G000070;62;zachary;thomas;lorenz;29;m;w;liberty;silver lockemy;4216;27298;nc
B;G000071;63;kathryn;shackelford;foster;58;f;w;burlington;westridge;604;27215;nc
B;G000072;64;keith;richard;ustaszewski;46;m;w;hillsborough;murray;106;27278;il
B;G000073;65;kathryn;miller;bosquet;74;f;w;nags head;albemarle;213;27959;
B;G000074;66;jessica;lynn;church;32;f;w;mebane;darlas walk;1514;27302;nc
B;G000075;67;kathy;carroll;viars;62;f;w;graham;guinness;1913;27253;nc
B;G000076;68;patricia;constance;kurt;58;f;w;chapel hill;churchill;716;27517;ny
B;G000078;69;tarnisha;renee;edwards;32;f;u;burlington;trail two;2006;27215;
B;G000079;70;robert;wayne;blankenship;25;m;w;concord;amarillo;4153;28027;nc
B;G000079;71;robert;wayne;blankenship;25;u;u;raleigh;diploma;1811;27606;
B;G000080;72;miguel;angel;amaya;21;m;o;burlington;belmont;2208;27215;nc
B;G000081;73;leah;elizabeth;burns;27;f;w;raleigh;oberlin;1028;27605;la
B;G000082;74;joshua;caleb;spencer;22;m;w;cullowhee;central;490;28723;nc
B;G000083;75;amy;diana;dalton;36;f;w;burlington;stonecrest;4184;27215;nc
B;G000084;76;jessica;;evans;29;f;w;kernersville;round hill;1616;27284;
B;G000085;77;shannon;bailey;auman;44;f;w;liberty;greensboro chapel hill;3352;27298;
B;G000086;78;theresa;noel;hunter;31;f;w;burlington;forestdale;3117;27215;oh
B;G000087;79;ronald;t;morris;84;m;w;graham;maple;215;27253;nj
B;G000088;80;cynthia;marcia;rose;67;f;w;mebane;third;623;27302;nc
B;G000089;81;renee;ashby;burns;59;f;w;blanch;nc highway 62 n;1410;27212;va
B;G000089;82;renee;ashby;lee;59;f;w;blanch;ray and chandler;21;27212;va
B;G000090;83;chase;daniel;hamrick;22;m;w;charlotte;par cove;10713;28277;nc
B;G000091;84;david;michael;buck;36;u;u;graham;quandary lake;1352;27253;
B;G000092;85;jerry;nolan;thomas;75;m;w;raleigh;basketweave;12323;27614;nc
B;G000093;86;james;alexander;vassil;75;m;w;lake lure;fern;165;28746;dc
B;G000094;87;rosemary;ann;lentzen;75;f;w;siler city;dogwood;303;27344;nc
B;G000095;88;jessica;lynn;wilkerson;33;f;w;hurdle mills;brock;4530;27541;nc
B;G000096;89;whitney;ellen;baker;29;f;w;durham;trinity;214;27701;in
B;G000096;90;whitney;ellen;baker;29;f;w;durham;green;709;27701;in
B;G000097;91;mandrell;edward;davis;28;m;b;burlington;park;315;27217;nc
B;G000098;92;luci;mary agnes;cunningham;28;f;w;chapel hill;booker creek;2525;27514;mn
B;G000099;93;craig;leroy;jackson;27;m;b;elon;danieley center;203;27244;
B;G000102;94;jacqueline;marie;van hoewyk;31;f;w;mebane;carden place;151;27302;oc
B;G000103;95;matthew;william;teal;34;m;w;chapel hill;granville towers;2410;27514;nc
B;G000104;96;danielle;shea;peschon;28;f;m;burlington;kelso;1049;27215;tn
B;G000104;97;danielle;shea;peschon;28;f;m;burlington;boone station;730;27215;
B;G000105;98;nancy;louise;yerton;75;f;w;mebane;cook mill;655;27302;nc
B;G000106;99;danshel;denise;williams;38;f;o;burlington;day;905;27217;nc
B;G000107;100;rita;ann;ferguson;53;f;b;graham;thompson;704;27253;
B;G000108;101;tracy;anne;llewellyn;30;f;w;matthews;fawn hill;3305;28105;sc
B;G000109;102;charlie;nmn;watson;93;m;b;burlington;westmoreland;1229;27217;ms
B;G000110;103;peter;andrew;mcsparin;35;m;w;mebane;longmeadow;3802;27302;nj
B;G000111;104;richard;l;cochran;58;m;w;burlington;nc hwy 119;6132;27217;nc
B;G000112;105;monica;ra chelle;gibbs;39;f;b;mebane;dogwood;802;27302;ct
B;G000113;106;leta;naomi;falls;64;f;w;mebane;mebane airport;1015;27302;nc
B;G000114;107;evan;william;burkhart;32;m;w;raleigh;taylor;213;27607;tx
B;G000116;108;kellan;matthew;mckeon;32;m;w;elon;charleigh;1529;27244;ca
B;G000118;109;rebecca;lowe;james;37;f;w;liberty;fogleman;1750;27298;nc
B;G000119;110;robert;stanley;allen;68;m;w;burlington;judy;2619;27217;nc
B;G000120;111;david;spencer;brenner;29;m;w;burlington;atwood;2330;27215;nc
B;G000121;112;lloyd;ray;gilliam;81;m;w;burlington;crestwell;1093;27215;nc
B;G000122;113;lauren;;johnson;27;f;w;elon;windsor;8015;27244;
B;G000123;114;shani;renee;riley;30;f;b;raleigh;south;118;27601;nc
B;G000124;115;michael;anthony;pierce;59;m;w;chapel hill;old greensboro;3500;27516;ca
B;G000125;116;robert;james;muszynski;75;m;w;gibsonville;alyssa;104;27249;ct
B;G000126;117;bonnie;christine;atwell;36;f;w;gibsonville;broad;719;27249;nc
B;G000127;118;bryan;scott;dinsmore;49;m;w;graham;rock castle;3367;27253;ca
B;G000128;119;mary;creacy;hill;63;f;b;mooresville;elizabeth hearth;152;28115;nc
B;G000129;120;nathan;andre;hackney;29;m;b;carrboro;nc hwy 54;200;27510;
B;G000130;121;mallory;barker;wilcox;32;f;w;haw river;barksdale;2812;27258;ga
B;G000131;122;david;stewart;sutter;57;m;w;burlington;blanche;2420;27215;mi
B;G000132;123;mellissie;kathleen;davis smith;33;f;w;graham;thompson mill;4265;27253;az
B;G000133;124;ashley;marie;bishop;31;f;w;graham;kernodle;423;27253;nc
B;G000135;125;tyelisha;lashaune;fearrington;22;f;b;burlington;meadowtop;616;27217;md
B;G000136;126;brittany;jo;gerringer;26;f;u;burlington;boone station;770;27215;nc
B;G000137;127;anna;lee;smith;37;f;w;elon;woodale;120;27244;nc
B;G000138;128;latonya;nicole;mciver penny;40;f;b;burlington;angel falls;2915;27215;va
B;G000138;129;latonya;nicole;mciver;40;f;b;roxboro;boulder;47;27574;va
B;G000139;130;peggy;sue;kishpaugh;52;u;u;burlington;creekview;525;27217;
B;G000141;131;timothy;daniel;taylor;64;m;w;wilmington;mill creek;534;28403;nc
B;G000142;132;crystal;sheree;haith;35;f;b;gibsonville;joyner;807;27249;nc
B;G000143;133;lillie;mae;moore;59;f;b;charlotte;eastwycke place;4707;28215;nc
B;G000144;134;page;hamilton;alberts;55;f;w;burlington;friendship patterson mill;5318;27215;nc
B;G000145;135;lesley;;rohrer;36;f;w;mebane;frances;3001;27302;oh
B;G000146;136;elizabeth;andrews;price;50;f;w;burlington;garden;3508;27215;oc
B;G000147;137;lamont;;tyson;38;m;b;elon;eastgate;102;27244;nc
B;G000148;138;daryl;wayne;clark;51;m;b;mebane;pleasant woods;5508;27302;nc
B;G000149;139;darlene;louise;sutton;47;f;w;roxboro;gravitte;358;27573;oh
B;G000150;140;patricia;leigh;denault;24;f;w;elon;cook;475;27244;nc
B;G000152;141;randall;keith;summers;62;m;w;burlington;roger;2133;27217;mi
B;G000152;142;randall;keith;summers;62;m;w;kernersville;abbotts lake;4124;27284;mi
B;G000153;143;timothy;wayne;lail;42;m;w;thomasville;pleasant grove church;456;27360;va
B;G000153;144;timothy;wayne;lail;42;m;w;carrboro;jones ferry;624;27510;va
B;G000154;145;regina;ruth;thomas;61;f;b;mebane;calloway;3135;27302;nc
B;G000156;146;joseph;faulk;ashley;40;m;w;liberty;garrett;7320;27298;nc
B;G000157;147;noland;lewis;tipton;37;m;w;mebane;ashbury;713;27302;tx
B;G000158;148;karen;cristina;antunez;25;f;u;durham;williamsburg;1801;27707;
B;G000159;149;treyvon;ishmael;alston;25;m;b;fayetteville;kittrell;1319;28311;nc
B;G000160;150;briana;paige;lefler;26;f;w;cedar grove;mill creek;4206;27231;nc
B;G000161;151;mark;stephon;english;49;m;b;burlington;morningside;906;27217;nc
B;G000162;152;erinn;joann;dimeo;32;f;w;charlotte;hawkins;2225;28203;nc
B;G000163;153;james;william;sanes;51;m;w;graham;greensboro chapel hill;4727;27253;nc
B;G000164;154;lauren;winslow;kearns;52;f;w;burlington;tarleton;143;27215;nh
B;G000166;155;alison;d;foushee;42;m;b;burlington;boone station;710;27215;
B;G000167;156;adriene;;murphy;44;f;b;burlington;sinclair;2051;27215;ms
B;G000168;157;kameka;lashelle;springfield;40;f;b;burlington;jeffries;437;27217;nc
B;G000169;158;elysa;nicole;corin;32;f;w;chapel hill;purefoy;204;27514;ny
B;G000171;159;michelena;pascarelli;hajduk;77;f;w;mebane;fifth;962;27302;ct
B;G000172;160;meaghun;mary;darab;41;f;w;burlington;stonecrest;4119;27215;wi
B;G000173;161;alessandra;elizabeth;geboff;42;f;w;raleigh;peach haven;3508;27607;nc
B;G000174;162;mark;warriner;inge;26;m;u;raleigh;oberlin;401;27605;
B;G000175;163;robert;c;eberhardt;67;m;w;durham;mont haven;2417;27712;wi
B;G000176;164;martha;erin;holland;37;f;w;marshville;olive branch;511;28103;ny
B;G000178;165;sharon;ann;adams;63;f;w;durham;barcelona;3606;27707;il
B;G000179;166;genese;bernadette;willis;38;u;u;yanceyville;willie mccain;398;27379;nc
B;G000180;167;maryland;virginia;gibson;84;f;b;elizabeth city;peartree;2528;27909;nc
B;G000181;168;kathleen;ann;mawhorr;75;f;w;graham;oakwood;500;27253;nc
B;G000182;169;genie;rae;moore;24;f;w;burlington;carolina;2238;27217;nc
B;G000183;170;leah;boyd;whitt;28;f;w;fuquay varina;hollywood;2032;27526;va
B;G000184;171;jeremy;leighton;wells;41;m;w;burlington;maple ridge;1204;27217;nc
B;G000186;172;trudy;bettis;boggs;59;f;w;burlington;alamance;3251;27215;vt
B;G000186;173;trudy;joan;bettis;59;f;w;mebane;fieldview;5510;27302;vt
B;G000187;174;katelyn;mccahan;stenersen;30;f;w;wilmington;stevenson;1002;28405;nc
B;G000187;175;katelyn;mccahan;stenersen;30;f;w;wilmington;scotts hill loop;1247;28411;nc
B;G000189;176;jesse;william;lawless;37;m;w;burlington;whitt;534;27215;va
B;G000190;177;stacey;annette;reichl;32;u;u;gibsonville;graphite;206;27249;
B;G000191;178;thomas;earl;johnson;29;m;b;burlington;crescent;415;27217;nc
B;G000192;179;jacqueline;iris;simmons;69;f;w;harrisburg;dorchester;5606;28075;
B;G000193;180;john;cary;johnson;23;m;w;mebane;oakland;115;27302;nc
B;G000194;181;jeffrey;scott;harkleroad;48;m;w;burlington;newcastle;311;27215;nm
B;G000195;182;sharonda;lavon;james;49;f;b;durham;francis;2404;27707;nc
B;G000196;183;matthew;a;johnson;29;m;w;elon;courtland;206;27244;ky
B;G000197;184;machara;jo nae;street;19;f;b;boone;stadium justice dorm;189;28608;nc
B;G000198;185;pamela;;keith;33;f;b;durham;savannah;1504;27713;nc
B;G000199;186;curtis;john;cignetti;57;m;w;burlington;aviemore;4209;27215;pa
B;G000200;187;brittany;lee;clegg;32;f;w;cameron;constitution;68;28326;wv
B;G000201;188;david;akers;hosford;63;m;w;durham;cottonwood;3412;27707;ga
B;G000201;189;davis;akers;hosford;63;u;w;winston salem;fourth;310;27101;ga
B;G000202;190;melissa;;clay;42;f;o;siler city;wildflower;124;27344;il
B;G000203;191;megan;creech;dye;27;f;w;king;laurel bluff;1060;27021;nc
B;G000204;192;jessica;rosie;reyes;25;f;u;gibsonville;marie;63;27249;ca
B;G000205;193;thomas;william;pirt;38;m;w;graham;raspberry;1206;27253;co
B;G000206;194;robert;tollefsen;thompson;48;m;w;elon;westover;129;27244;nc
B;G000208;195;anna;w;friddle;39;f;w;burlington;st mark s church;1720;27215;
B;G000209;196;andrew;gail;lemasters;39;m;w;winston salem;beeson acres;3175;27105;wv
B;G000210;197;harvey;monroe;broadway;79;m;w;kernersville;creek bed;1540;27284;nc
B;G000211;198;kelly;marie;jeffries;31;f;b;mebane;tanglewood;116;27302;nc
B;G000212;199;hayley;brooke;warschkow;25;f;w;mebane;barnett;3242;27302;nc
B;G000213;200;beverly;moody;kelso;63;f;w;statesville;taylorsville;4274;28625;nc
B;G000214;201;louis;sampson;geary;32;m;w;burlington;sidney;1306;27217;wv
B;G000215;202;wendy;evans;howerton;45;f;w;reidsville;roberts farm;551;27320;nc
B;G000216;203;mary;a;mckenzie;69;f;w;charlotte;harrisburg;6406;28227;
B;G000217;204;rhonda;melissa;teague;56;f;w;liberty;pleasant hill church;8749;27298;nc
B;G000218;205;sean;patrick;brougham;43;m;w;durham;callandale;412;27703;wa
B;G000219;206;bobby;ray;horne;67;m;b;raleigh;davie;1015;27601;nc
B;G000220;207;charles;hammond;foster;62;m;w;burlington;gun;2148;27215;co
B;G000221;208;joseph;parker;barbour;59;m;w;new bern;tryon;1714;28560;nc
B;G000222;209;roger;brice;vandling;51;m;w;elon;shepherd;3437;27244;mi
B;G000223;210;patrick;henry;watkins;50;m;b;burlington;farningham;1734;27215;nc
B;G000224;211;eddie;michael;headen;64;m;b;graham;parker;207;27253;nc
B;G000225;212;tishy;nicole;vincent;39;f;b;burlington;la vista;2322;27215;nc
B;G000226;213;doris;curl;tillman;88;f;w;pittsboro;east;1825;27312;
B;G000227;214;mark;elliott;young;45;m;b;wake forest;alstonburg;2408;27587;nc
B;G000229;215;allison;kay;gregory;40;f;w;hillsborough;nc hwy 57;1418;27278;tx
B;G000230;216;angie;michelle;watts;47;f;w;mebane;quaker creek;1004;27302;nc
B;G000230;217;angie;michelle;watts;47;f;w;chapel hill;brookberry;111;27517;nc
B;G000231;218;thomas;joseph;patterson;75;m;w;elizabeth city;adelaide;100;27909;in
B;G000232;219;gloria;prosper;alex;43;f;b;burlington;mebane;2008;27215;oc
B;G000233;220;gayle;rolen;blevins;52;f;w;burlington;benjamin;218;27215;wv
B;G000234;221;robert;ashby;grant;29;m;w;durham;fayetteville;1801;27707;nc
B;G000236;222;leslie;ann;benfield;32;f;w;mebane;ashbury;124;27302;nc
B;G000238;223;dwayne;eric;artis;46;m;b;durham;bedford;2330;27707;nc
B;G000239;224;nancy;anne;depalma;57;f;w;mebane;fifth;505;27302;ny
B;G000241;225;charles;braddy;corbett;39;m;w;bolivia;goose marsh;2588;28422;nc
B;G000242;226;crystal;diane;murawsky;35;f;w;leland;hidden branches;10033;28451;nc
B;G000243;227;richard;michael;dellapia;42;m;w;leland;rye field;301;28451;nj
B;G000244;228;danese;rachel;martin;49;f;w;huntersville;mccoy;11625;28078;tx
B;G000245;229;courtney;taylor;mason;30;f;a;leland;night harbor;9397;28451;mi
B;G000245;230;courtney;taylor;mason;30;f;b;fayetteville;murchison;1200;28301;mi
B;G000246;231;lisa;ann;christie;62;f;w;wilmington;lynnbrook;4121;28405;vt
B;G000247;232;carol;ann;camberg;40;f;w;wilmington;michelle;5850;28403;pa
B;G000248;233;amber;colley;thomas;31;f;w;raleigh;sheetbend;1009;27606;nc
B;G000248;234;amber;renee;colley;31;f;w;wilson;wembly;3402;27896;nc
B;G000249;235;candice;michelle;hodgson abouelazm;31;f;w;norwood;deland;13318;28128;nc
B;G000250;236;douglas;james;siler;53;m;w;calabash;beach;10085;28467;mi
B;G000251;237;harry;thomas;boney;32;u;b;knightdale;newport common;1231;27545;
B;G000252;238;kimberly;d;glenn;48;f;w;leland;huckabee;9498;28451;
B;G000253;239;leroy;christopher;dowless;56;m;w;tar heel;bethel church;2420;28392;nc
B;G000254;240;vickie;surrell;robbins;47;f;b;riegelwood;old lake;11343;28456;
B;G000255;241;james;carlton;howard;95;m;w;carolina shores;gate 1;29;28467;nc
B;G000256;242;albert;hayden;caylor;74;m;w;southport;park;138;28461;
B;G000257;243;robert;samuel;davis;48;m;b;bolivia;brown;3075;28422;ny
B;G000258;244;deborah;smith;bellamy;61;f;w;winnabow;aqua;824;28479;nc
B;G000259;245;becky;lynn;bichlmeir;63;f;w;boiling spring lakes;batton;872;28461;il
B;G000260;246;autumn;rachel;place;31;f;w;oak island;dolphin;5126;28465;pa
B;G000261;247;star;;merrill;37;f;w;leland;little beaver;7765;28451;nj
B;G000261;248;star;merrill;obser;37;f;w;winnabow;central;9203;28479;nj
B;G000261;249;star;;merrill;37;f;w;wilmington;briarcliff;2421;28411;nj
B;G000262;250;amber;lanae;manus;33;f;w;oak island;5th;102;28465;nc
B;G000263;251;lydia;marie;robinson;62;f;b;shallotte;holmes;303;28470;ca
B;G000264;252;gregory;trelle;stackhouse;48;m;b;leland;old fayetteville;150;28451;nc
B;G000265;253;jeffrey;thomas;sworsy;32;m;w;leland;oakmont;9522;28451;fl
B;G000265;254;jeffrey;thomas;sworsy;32;m;w;wilmington;rutledge;320;28412;fl
B;G000266;255;roderick;leo;denkins;58;m;b;wilmington;mayfield;3916;28412;nc
B;G000267;256;sherry;hinson;simpson;71;f;w;shallotte;owendon;4400;28470;nc
B;G000267;257;sherry;hinson;simpson;71;f;w;charlotte;plum creek;10317;28210;nc
B;G000268;258;paul;ballengee;badgett;51;m;w;carolina beach;canal;1801;28428;nc
B;G000269;259;joseph;warren;winstead;34;m;w;leland;tall tree;2954;28451;nc
B;G000270;260;marion;hirst;benham;90;f;w;southport;minnesota;5175;28461;ny
B;G000271;261;laura;sutphin;green;68;f;w;wallace;east winding way;211;28466;nc
B;G000272;262;rachael;lynn;cushing;43;f;w;oak island;11th;150;28465;nh
B;G000273;263;james;cornelius;moore;56;m;b;winnabow;spicebush;906;28479;nc
B;G000274;264;eleanor;marie;sullivan;68;f;w;caswell beach;fairway;19;28465;ny
B;G000275;265;eileen;deitz;kapetsky;75;f;w;leland;brookhaven;109;28451;md
B;G000276;266;sylvia;dove;liner;65;f;w;carolina shores;sunfield;14;28467;nc
B;G000277;267;renado;devlin;prince;33;m;b;winnabow;van galloway;326;28479;
B;G000278;268;gerald;;carr;55;m;b;leland;calico;3811;28451;nc
B;G000279;269;dana;michelle;king;35;f;w;boiling spring lakes;george ii;2801;28461;nc
B;G000280;270;dwight;tommie;jessup;68;m;w;wilmington;mason knoll;706;28409;nc
B;G000281;271;rebecca;lunsford;price;64;f;w;leland;woodwind;963;28451;nc
B;G000282;272;mildred;edwards;goodwin;63;f;w;laurel hill;omah hill;21621;28351;sc
B;G000283;273;kristie;michelle;watson;36;f;w;taylorsville;paul payne store;720;28681;ky
B;G000284;274;wanda;renee;enamait;62;f;w;hudson;elm;208;28638;mi
B;G000285;275;bruce;george;mabey;40;m;w;supply;waterscape;2625;28462;nj
B;G000286;276;john;barton;felts;33;m;w;wilmington;wilshire;4230;28403;tx
B;G000287;277;wiley;truett;brooks;66;m;w;lake toxaway;resorts;20;28747;nc
B;G000288;278;thomas;alvin;reebel;71;m;w;oak island;13th;119;28465;oh
B;G000289;279;joshua;thomas;barnts;32;m;w;leland;neese;1871;28451;vt
B;G000289;280;joshua;thomas;barnts;32;m;w;wilmington;wine cellar;881;28411;vt
B;G000290;281;marilyn;rose;clark;71;f;w;maiden;main;401;28650;nc
B;G000291;282;brenda;l;everhart;62;f;w;charlotte;sandy;112;28213;
B;G000292;283;kathryn;michele;langford;53;f;w;calabash;peakwood;9301;28467;
B;G000293;284;christy;ann;farr;57;f;w;fayetteville;pintail;7776;28311;md
B;G000294;285;paul;c;lawrence;34;m;w;williamston;jack cowan;1452;27892;nc
B;G000295;286;sebastian;f;demarco;72;m;w;garner;water lilly;2304;27529;ny
B;G000296;287;kristina;chamberlain;sherrill;31;f;w;kannapolis;oakwood;1412;28081;nc
B;G000297;288;bronwyn;a;megginson;58;f;w;matthews;tensing;2523;28105;tx
B;G000298;289;richard;joseph;trotta;58;m;w;leland;radio;7453;28451;pa
B;G000299;290;tonnya;hamrick;campagna;54;f;w;wilmington;3rd;814;28401;nc
B;G000300;291;diane;mary;lare;68;f;w;bolivia;hidden oaks;1509;28422;ny
B;G000301;292;kaitlyn;anne;lorenz;23;f;w;leland;britton;2154;28451;nc
B;G000302;293;angelia;brook;taylor;41;f;w;wake forest;mcdowell;222;27587;al
B;G000303;294;denise;;dickson;60;f;b;leland;quail hollow;9422;28451;
B;G000304;295;jerry;paul;fowler;64;m;w;oak island;74th;128;28465;nc
B;G000305;296;eric;levon;freeman;44;m;b;wilmington;kings grant;818;28405;nc
B;G000306;297;brandon;guy;garner;37;m;w;laurinburg;pine harbor;12281;28352;nc
B;G000307;298;deborah;jean;phelps;69;f;w;warrenton;main;210;27589;mi
B;G000308;299;william;jackson;braswell;68;m;w;shallotte;village point;1619;28470;nc
B;G000308;300;william;jackson;braswell;68;m;w;wilmington;wrightsville;5113;28403;nc
B;G000309;301;george;walton;wells;74;m;w;leland;natural springs;1025;28451;tx
B;G000310;302;kimberly;marie;eadie;51;f;w;wilmington;college;3330;28412;va
B;G000311;303;thomas;reginald;knight;30;m;w;leland;brunswick;763;28451;nc
B;G000312;304;laurie;ann;gallo;69;f;w;bolivia;zion hill;1611;28422;ny
B;G000313;305;billy;ray;palmatier;28;m;w;leland;king;8869;28451;nc
B;G000314;306;billy;young;currie;41;m;w;calabash;valley;1068;28467;ca
B;G000315;307;laurence;wayne;phipps;74;m;w;leland;garden club;1124;28451;md
B;G000316;308;sarah;beth;wise;34;f;w;boiling spring lakes;redwood;208;28461;ms
B;G000317;309;jahson;;jno baptiste;25;m;b;leland;gum branch;3970;28451;ma
B;G000318;310;robert;john;spino;26;m;w;atkinson;ferris;144;28421;ct
B;G000320;311;casey;cahill;black;38;m;w;wilmington;chariot;1006;28412;nc
B;G000321;312;victoria;shaye jordan;gabriel;23;f;w;concord;prey;5000;28025;nc
B;G000322;313;frederick;kent;pape;61;m;w;wilmington;rivage promenade;321;28412;il
B;G000323;314;elizabeth;helen;zwolinski;68;f;w;calabash;north balfour;7967;28467;ct
B;G000324;315;judy;clarke;parker;56;f;w;knightdale;money tree;249;27545;nc
B;G000325;316;christopher;jay;hines;21;m;w;thomasville;lakeview;136;27360;nc
B;G000326;317;robert;glenn;hunt;60;m;w;oak island;62nd;321;28465;nc
B;G000327;318;payge;marie;taylor;26;f;m;greenville;3rd;415;27858;
B;G000328;319;joshua;dion;hewett;40;m;b;charlotte;cabin creek;12211;28269;nc
B;G000329;320;jeremy;lee;walters;47;m;w;boiling spring lakes;lumberton;2509;28461;pa
B;G000330;321;paul;alcinor;louis;38;u;u;leland;elsie;1909;28451;
B;G000330;322;paul;alcinor;louis;38;m;b;durham;beaver dam run;411;27703;ny
B;G000331;323;trinton;devon;freeman;32;m;b;bolton;spearman;609;28423;nc
B;G000332;324;betty;gatewood;walker;84;f;w;shallotte;highland forest;41;28470;nc
B;G000333;325;stephen;paul;prokop;49;m;w;shallotte;country club;159;28470;md
B;G000333;326;stephen;paul;prokop;49;m;w;shallotte;country club;159;28470;
B;G000335;327;logan;aaron;parrish lopez;28;m;w;carrboro;greensboro;1601;27510;ca
B;G000336;328;gerald;wayne;briggs;68;m;w;leland;crestfield;1102;28451;nc
B;G000337;329;betty;jo;bennett;64;f;w;leland;woodridge;905;28451;nc
B;G000338;330;pamela;lynn;whinnery;59;f;w;boiling spring lakes;tate lake;472;28461;pa
B;G000339;331;virginia;allene;rose;101;f;w;bolivia;autumn breeze;171;28422;ky
B;G000340;332;george;medrick;bozeman;42;m;i;bolton;cypress;74;28423;nc
B;G000341;333;lindsay;leanne;king;33;f;w;winnabow;liberty landing;1211;28479;nc
B;G000342;334;calvin;phillip;frady;70;m;w;greenville;river chase;2610;27858;nc
B;G000343;335;sharon;kuulei kapu;harper;45;f;o;southport;eagle bluff;4388;28461;hi
B;G000344;336;david;lynn;bradley;52;m;w;clyde;poplar;219;28721;nc
B;G000345;337;vernon;pierre;smith;56;m;b;wilmington;orange;1717;28403;nc
B;G000346;338;margie;fylstra;pope;62;f;w;harrisburg;beth;4844;28075;sc
B;G000347;339;patricia;nicholson;clark;66;f;w;oak island;dolphin;2308;28465;nc
B;G000348;340;larry;d;lemon;63;m;w;charlotte;camp stewart;4604;28215;ia
B;G000349;341;marc;patrick;marziale;55;m;w;southport;juneberry;2742;28461;ny
B;G000350;342;glenn;alfred;lemay;55;m;w;wilmington;wedderburn;6611;28412;ny
B;G000351;343;gina;swinson;logue;53;f;w;shallotte;gurganus;1529;28470;nc
B;G000352;344;dania;shimon;flaverney;46;m;b;wilmington;crawdad;4616;28405;oc
B;G000353;345;charles;joseph;novotney;66;m;w;lake waccamaw;central;203;28450;dc
B;G000354;346;carol;johanna;bowman;71;f;w;sunset beach;twisted oak;524;28468;pa
B;G000355;347;teresa;gail;tant;55;f;w;boiling spring lakes;cedar;93;28461;nc
B;G000356;348;donna;bradford;bridges;53;f;w;shelby;mcswain;614;28150;nc
B;G000357;349;joan;;vitale;49;f;w;wilmington;cameron;1547;28401;ny
B;G000358;350;dorothy;christine;baumgartner;73;f;w;wilmington;mayfaire club;6809;28405;mn
B;G000359;351;maureen;frances;more;65;f;w;holly springs;lake edge;5224;27540;ma
B;G000360;352;billy;joe;ward;55;m;w;angier;deer run;164;27501;ca
B;G000361;353;stephen;anthony;wilkes;39;m;w;ocean isle beach;gores landing;1658;28469;nc
B;G000362;354;brooke;wilson;mccarthy;38;f;w;leland;willow pond;1101;28451;nc
B;G000363;355;sarah;suzann;laprade;38;f;w;oak island;29th;110;28465;ia
B;G000364;356;sean;nicholas;mcgovern;39;m;w;leland;pine branches;674;28451;oh
B;G000365;357;bobbie;shoaf;marshall;61;f;w;thomasville;lakeview;106;27360;va
B;G000366;358;anthony;wayne;vetter;61;m;w;leland;goodman branch;7885;28451;in
B;G000368;359;madison;nicole;pigott;23;f;w;ocean isle beach;plantation;63;28469;sc
B;G000369;360;joanne;wagoner;harkey;60;f;w;shallotte;rising meadow;4490;28470;nc
B;G000370;361;richard;lloyd;shope;35;m;w;leland;primm forest;8548;28451;dc
B;G000371;362;matthew;gregroy;renner;21;m;w;pinehurst;everette;215;28374;
B;G000372;363;timothy;charles;pigford;42;m;b;wilmington;anderson;507;28401;nc
B;G000372;364;timothy;charles;pigford;42;m;b;greenville;allen;1228;27834;nc
B;G000372;365;timothy;charles;pigford;42;m;i;council;agnes russ;228;28434;nc
B;G000373;366;jennifer;renee;wall;36;f;w;mocksville;pine valley;269;27028;nc
B;G000373;367;jennifer;renee;wall;36;f;w;winston salem;brookshire;4015;27107;nc
B;G000374;368;malinda;sue;miller;30;u;w;calabash;wilson;1045;28467;
B;G000375;369;herbert;neal;hunter;94;m;w;ocean isle beach;first;270;28469;nc
B;G000376;370;christopher;david;hyatt;34;m;m;salemburg;minnie hall;10400;28385;
B;G000377;371;martin;bradford;comuzie;40;m;w;mebane;cummings;7507;27302;wv
B;G000378;372;margaret;proctor;swann;70;f;w;leland;lillibridge;1166;28451;nc
B;G000379;373;sebastian;tyler;alamond;27;m;w;wallace;sawyer;181;28466;pa
B;G000380;374;christopher;michael;howey;42;m;w;leland;j t westfield;1034;28451;nc
B;G000381;375;teruko;mori;dalcher;89;f;a;oak island;beach;6903;28465;oc
B;G000382;376;wanda;ann;skoog;56;f;w;west end;vivian;153;27376;in
B;G000383;377;abigail;frances;piette;26;f;w;southport;alamance;4919;28461;co
B;G000384;378;kathy;morris;hall;66;f;w;leland;pine harbor;1538;28451;sc
B;G000385;379;jarrod;hoke;richardson;30;m;w;troutman;wagner;360;28166;nc
B;G000385;380;jarrod;hoke;richardson;30;m;w;charlotte;mary alexander;9824;28262;nc
B;G000386;381;river;matthew;granton;23;m;w;calabash;terri s landing;9244;28467;sc
B;G000387;382;linda;armstrong;deal;77;f;w;oak island;beach;5726;28465;nc
B;G000388;383;jimmy;lewis;tatum;46;m;w;albemarle;thompson;24912;28001;nc
B;G000389;384;jesse;dylan;white;23;m;w;delco;brinkley;456;28436;ms
B;G000390;385;hannah;rae;todd;28;f;w;leland;loop;120;28451;nc
B;G000391;386;susan;helen;urbaniak;72;f;w;wilmington;saltaire village;5949;28412;ny
B;G000392;387;thaddeus;mark;zych;71;m;w;southport;summerswell;4942;28461;oc
B;G000393;388;casey;delashmutt;nolan;27;m;w;wilmington;hearthside;4173;28412;md
B;G000394;389;curtis;mark;garst;43;m;u;carolina beach;tennessee;206;28428;
B;G000395;390;eva;king;worley;72;f;w;old fort;big bear;547;28762;nc
B;G000396;391;melinda;kay;edge;35;f;w;calabash;south crow creek;395;28467;md
B;G000397;392;pamela;jean;lee;73;f;w;shallotte;queens grant;19;28470;
B;G000398;393;jon;keith;karschnik;48;m;w;wilmington;melinda;3609;28409;oh
B;G000399;394;emily;stuart;lennon;41;f;w;wilmington;plantation landing;8656;28411;ny
B;G000400;395;james;robert;morrison;54;m;w;southport;river;311;28461;nc
B;G000400;396;james;robert;morrison;54;m;w;wingate;lawyers;4709;28174;nc
B;G000401;397;benjamin;james;meyer;43;m;w;supply;cedar grove;831;28462;nc
B;G000401;398;benjamin;james;meyer;43;m;w;troy;eldorado;742;27371;nc
B;G000402;399;daniel;james;barth;31;m;w;leland;wayne;9855;28451;nc
B;G000403;400;james;walter;lillagore;77;m;w;hickory;crown;5780;28601;pa
B;G000404;401;sheila;lynne;schult;62;f;w;wilmington;saltaire village;5900;28412;mi
B;G000405;402;mary;elizabeth;tucker;65;f;w;cary;roberts;7416;27519;nc
B;G000406;403;david;wayne;rhew;71;m;w;burgaw;union chapel;790;28425;
B;G000407;404;thomas;wayne;mears;63;m;w;carolina shores;cable lake;248;28467;va
B;G000408;405;norman;marshall;gore;56;m;w;riegelwood;justice flynn;692;28456;nc
B;G000409;406;rebecca;ann;hixon;61;f;b;leland;lillibridge;1276;28451;ia
B;G000410;407;lisa;m;goodspeed;60;f;w;charlotte;museum;719;28207;nj
B;G000411;408;kevin;peers;brown;66;u;u;weaverville;oak;5;28787;co
B;G000412;409;sherry;gibbs;christian;57;f;w;winnabow;tylers cove;206;28479;
B;G000413;410;vernon;carver;rudolph;71;m;w;southport;indigo village;778;28461;dc
B;G000414;411;taylor;marie;smith;30;f;w;wilmington;bors;321;28403;oc
B;G000415;412;ira;ray;whitfield;69;m;w;oak island;10th;141;28465;nc
B;G000416;413;rebecca;sue;rogers;50;f;w;delco;delco prosper;6048;28436;fl
B;G000417;414;sarah;sellers;latham;90;f;w;leland;lennon;9754;28451;nc
B;G000418;415;john;;bogumil;52;m;w;wake forest;big bend;924;27587;ny
B;G000419;416;daniel;john;reese;54;m;w;leland;sandy creek;166;28451;ny
B;G000420;417;donna;vandergrift;tankersley;78;f;w;ocean isle beach;maple;1574;28469;nc
B;G000421;418;richard;george;dolan;63;m;w;rutherfordton;old stonecutter;854;28139;wv
B;G000422;419;charnetta;denise;frye;31;f;b;leland;church;908;28451;nc
B;G000423;420;nancy;r;padgett;76;f;w;carolina shores;sunfield;14;28467;nc
B;G000424;421;katherine;dare;harrison;55;f;w;wilmington;croquet;2555;28412;nc
B;G000425;422;betty;doebler;christl;60;f;w;shallotte;kestrel;351;28470;pa
B;G000426;423;judy;ann;murray;67;f;w;calabash;beach;1046;28467;nj
B;G000427;424;sandra;june;becker;70;f;w;leland;guyton;3433;28451;wi
B;G000428;425;margaret;mary;isbell;55;f;w;leland;lincoln place;101;28451;mi
B;G000429;426;michael;kenneth;coger;28;u;b;shallotte;birch pond;12;28470;nc
B;G000430;427;tiffany;stevenson;grant;38;f;b;supply;holden beach;1460;28462;
B;G000431;428;dona;herrmann caine;francis;67;f;w;mooresville;templeton bay;177;28117;ny
B;G000432;429;timothy;ray;justice;55;m;w;supply;green swamp;131;28462;wv
B;G000433;430;philip;eugene;peeler;68;m;w;ocean isle beach;sunset creek;1401;28469;nc
B;G000434;431;jeffery;frank;curry;55;m;w;leland;lanvale hills;608;28451;pa
B;G000435;432;anekia;arnee;walker;43;f;b;leland;goodman;67;28451;nc
B;G000436;433;michael;alan;bryant;36;m;w;southport;windham;4151;28461;pa
B;G000437;434;penny;;polites;51;f;w;wilmington;botsford;3901;28412;oc
B;G000438;435;david;bradley;purvis;34;m;w;supply;sand hill;729;28462;ga
B;G000439;436;barbara;dillard;rogers;79;f;w;raleigh;glen laurel;4109;27612;sc
B;G000440;437;gregory;s;freeman;54;m;w;thomasville;wilbrook;41;27360;nc
B;G000441;438;john;david;hamilton;31;m;w;leland;ramble;3007;28451;ny
B;G000442;439;hannah;elizabeth;stewart;33;f;w;bakersville;rhododendron;102;28705;nc
B;G000443;440;anthony;dale;pope;57;m;w;candler;church;18;28715;nc
B;G000444;441;kira;agnete;lee;40;f;w;burnsville;main;695;28714;oh
B;G000444;442;kira;agnette;greco;40;f;w;asheville;riverview;183;28806;oh
B;G000445;443;alfred;john;moore;56;m;w;cleveland;cool springs;11535;27013;tx
B;G000446;444;sonya;ann;vess;55;f;w;burnsville;hickory;317;28714;nc
B;G000447;445;anna;mueller;thompson;74;f;w;burnsville;bobwhite;616;28714;
B;G000448;446;teresa;chapman;blount;56;f;w;burnsville;down to earth;100;28714;nc
B;G000449;447;brandi;marie;peterson;37;f;w;bakersville;homer young;145;28705;nc
B;G000450;448;morgan;paige;edwards;27;f;w;jacksonville;broadleaf;112;28546;nc
B;G000451;449;heather;nichole;robinson;39;f;w;burnsville;east us hwy 19e;1875;28714;
B;G000452;450;marquita;yvette;amodio;57;f;w;marion;park;93;28752;nc
B;G000453;451;teresa;ann;hatley;51;f;w;valdese;john berry;4880;28690;nc
B;G000454;452;crystal;michele;beaver;41;f;w;burnsville;molly;270;28714;nc
B;G000455;453;heather;nicole;queen;29;f;w;burnsville;whippoorwill;52;28714;nc
B;G000456;454;mariah;leigh;keller;30;f;w;carrboro;greensboro;607;27510;nc
B;G000457;455;donald;reynolds;crane;58;m;w;weaverville;john king;40;28787;fl
B;G000458;456;lanny;everett;nicks;64;m;w;burnsville;springwater;78;28714;nc
B;G000459;457;jeremy;lance;gregory;32;u;u;weaverville;barnett shoals;7;28787;
B;G000460;458;amanda;marie;rivenbark;29;f;w;green mountain;toe river;2955;28740;tn
B;G000461;459;vera;c;davis;80;f;w;burnsville;sleepy hollow;220;28714;nc
B;G000462;460;travis;caleb;wright;37;m;w;weaverville;northview;4;28787;ok
B;G000463;461;lauren;bailey;chriscoe;33;f;w;southern pines;deacon palmer;35;28387;nc
B;G000464;462;hannah;elizabeth;levin;40;f;w;sylva;perley hyatt;324;28779;nc
B;G000464;463;hannah;elizabeth;levin;40;f;w;pisgah forest;hart;43;28768;nc
B;G000465;464;linda;mallonee;hovis;72;f;w;green mountain;waterwheel;121;28740;nc
B;G000465;465;linda;mallonee;hovis;72;f;w;tryon;grady;305;28782;nc
B;G000466;466;darryl;ray;blankenship;54;m;w;burnsville;ram horn;56;28714;nc
B;G000467;467;michael;earl;tunks;70;m;w;burnsville;heartland;222;28714;il
B;G000468;468;connie;stanley;hewett;56;f;w;durham;delafield;209;27704;nc
B;G000469;469;mitzy;jo sides;stansberry;53;f;w;newton;davis;423;28658;nc
B;G000470;470;william;jeffrey;austin;29;m;w;burnsville;pleasant valley;777;28714;nc
B;G000471;471;timothy;cline;burchett;71;m;w;kill devil hills;devonshire;1303;27948;nc
B;G000472;472;julie;ann;smith;50;f;w;hendersonville;melissa;301;28791;al
B;G000473;473;thomas;wayne;defrange;66;m;w;asheville;governors view;214;28805;
B;G000474;474;joseph;blake;owenby;26;m;w;asheville;wood;41;28803;nc
B;G000475;475;ryan;thomas;slagle;30;m;w;cary;tack;102;27513;ny
B;G000476;476;ernest;lamaus;hargrove;34;m;b;henderson;evans;126;27537;
B;G000477;477;john;wainwright;mckeever;25;m;w;boone;crossing way;233;28607;la
B;G000478;478;baisha;kwanna;tisdale;40;f;b;fayetteville;larue;6209;28303;sc
B;G000479;479;bryan;keith;gregory;45;m;w;wilmington;wrenwood;208;28405;va
B;G000480;480;thomas;eugene;richards;57;m;w;middlesex;smith;10447;27557;pa
B;G000481;481;brooke;ashley;reaves;20;f;w;asheville;dover;86;28804;
B;G000482;482;spencer;norman;scheidt;29;m;w;durham;hazel;1209;27701;ca
B;G000483;483;douglas;scott;west;61;m;w;arden;sunwest;120;28704;az
B;G000484;484;lance;james;mcdonald;51;m;w;wilkesboro;nc hwy 268;3200;28697;wi
B;G000485;485;jonathan;michael;brown;30;m;u;leicester;lawson ridge;35;28748;
B;G000487;486;richard;daniel;baldasaro;48;m;w;leicester;georgetown;17;28748;nc
B;G000488;487;jordan rene;mccarroll;mathes;27;f;w;hendersonville;pine spring;1319;28739;nc
B;G000489;488;lois;hensley;norman;53;f;w;weaverville;jupiter;1139;28787;nc
B;G000490;489;thomas;monroe;ward;33;m;w;asheville;adams;70;28801;nc
B;G000491;490;laurinda;kirsten;anderson;49;f;w;lenoir;kentwood;525;28645;ct
B;G000492;491;andrew;james;brouwer;37;m;w;fletcher;glensprings;436;28732;mi
B;G000493;492;angela;jane;shelton;55;f;w;swannanoa;poplar hill;5;28778;nc
B;G000493;493;angela;jane;shelton;55;f;w;saluda;sawmill valley;149;28773;nc
B;G000493;494;angela;gonzalez;norton;55;f;w;columbus;ward;60;28722;nc
B;G000494;495;thomas;warfield;hodges;35;m;o;asheville;fuller;25;28805;ak
B;G000495;496;robert;lee;collins;64;m;w;asheville;freemont;1;28806;mi
B;G000496;497;johnny;bruce;mcmorris;64;m;b;asheville;french broad;365;28801;nc
B;G000497;498;james;kyle;addison;65;m;w;asheville;stonecliff;40;28803;fl
B;G000498;499;james;robert;denny;43;m;w;fletcher;briarwood;6;28732;fl
B;G000499;500;courtney;nicole;rogers;26;f;w;asheville;courtland;196;28801;nc
B;G000500;501;ann;patricia;williams;61;f;w;bryson city;fontana lake;3219;28713;pa
B;G000501;502;brenda;l;wade;55;f;w;asheville;governors view;162;28805;
B;G000502;503;hilliary;shea;begley;32;f;w;brevard;country club;728;28712;nc
B;G000503;504;debra;f;schwartz;53;f;w;clyde;hamlet park;234;28721;ny
B;G000504;505;katie;lynn;dager;31;f;w;hendersonville;chestnut tree;3001;28792;ri
B;G000505;506;laura;michelle;galloway;50;f;w;candler;holbrook;23;28715;ga
B;G000506;507;luke;nathanael;gaines;22;m;a;weaverville;windago;154;28787;nc
B;G000507;508;jeffrey;warren;lavoie;41;m;u;weaverville;hillside;45;28787;ny
B;G000508;509;vera;argoe;minton;69;f;w;asheville;aiken;315;28804;sc
B;G000509;510;david;setzer;bebber;58;m;w;asheville;lakeshore;550;28804;
B;G000510;511;shelly;lynn;mathis;51;f;w;leicester;greasy cove;106;28748;ca
B;G000511;512;george;duncan;barnes;28;m;w;asheville;chestnut;116;28801;nc
B;G000511;513;george;duncan;barnes;28;m;w;rocky mount;gloucester;3909;27803;nc
B;G000512;514;amanda;renea;fritts;28;f;w;asheville;ascension;99;28806;mi
B;G000513;515;rebekah;sue;white;40;f;w;west jefferson;mountain;503;28694;ok
B;G000514;516;suzanne;marie;riddle;47;f;w;hendersonville;glasson;64;28792;in
B;G000514;517;suzanne;marie;sexton;47;f;w;charlotte;andover creek;8003;28210;in
B;G000515;518;robert;edward;brett;72;m;w;asheville;hiawatha;6;28806;ny
B;G000516;519;alisa;dawn;howe;50;f;w;waynesville;davis cove;131;28786;oh
B;G000517;520;nicole;michelle;lemieux;33;f;w;waynesville;mystic;272;28785;fl
B;G000518;521;william;horace;cutrone;74;m;w;swannanoa;viera;33;28778;ny
B;G000519;522;gay;ray;huff;80;f;w;leicester;green valley;367;28748;nc
B;G000520;523;melissa;jane;harmon;63;f;w;arden;cedar;474;28704;nc
B;G000521;524;tammy;jolene;dease;55;f;w;hendersonville;foxhunt;252;28791;sc
B;G000522;525;robert;joseph;worrell;43;m;w;hendersonville;willow;2049;28739;nc
B;G000523;526;jon;reed;gallimore;63;m;w;stokesdale;albert;413;27357;nc
B;G000524;527;carolyn;waldron;sheets;72;f;w;asheville;woody;292;28804;fl
B;G000525;528;johnathan;paul;hamlin;34;m;w;asheville;debra;15;28806;nc
B;G000526;529;jesseca;mae;randall;32;f;w;hubert;quail creek;125;28539;sc
B;G000527;530;melissa;beth johnson;dobbins;37;f;w;asheville;lamancha;102;28805;il
B;G000528;531;jennifer;helene;morrow;41;f;w;arden;toy;40;28704;fl
B;G000529;532;rhonda;darlene;carpenter;55;f;w;asheville;old haw creek;55;28805;nc
B;G000530;533;thomas;francis;frye;75;m;w;arden;pensacola;7;28704;nc
B;G000531;534;john;charles;brinkley;44;m;w;swannanoa;edwards;126;28778;nc
B;G000532;535;donald;edward;kirchner;83;m;w;waynesville;jonathan creek;887;28785;oh
B;G000533;536;rick;shannon;queen;55;m;w;waynesville;bage;6;28786;nc
B;G000534;537;eric;daniel;mcconnellogue;54;m;w;arden;mills gap;313;28704;
B;G000535;538;stephen;marshall;brooks;48;m;w;chapel hill;woodhaven;304;27514;nc
B;G000537;539;maggie;canipe;smith;59;f;w;conover;stafford;1440;28613;nc
B;G000538;540;stanley;marion;vardiman;56;m;w;arden;edgewood;140;28704;nc
B;G000539;541;stefanie;lynn;hall;32;f;w;candler;estrine;105;28715;fl
B;G000540;542;joshua;cameron;young;39;m;w;asheville;merrimon;600;28804;ky
B;G000541;543;susan;kay;fruchey;41;f;w;brasstown;settawig;7;28902;mi
B;G000542;544;christina;irene;gajewski;34;f;w;asheville;ascot point;21;28803;
B;G000543;545;teresa;lunsford;rodriques;53;f;w;weaverville;jupiter;497;28787;
B;G000544;546;caroline;elizabeth;odell;32;f;w;asheville;coley s;40;28806;nc
B;G000545;547;clark;andrew;uhlenhopp;28;m;w;asheville;elm;105;28805;md
B;G000546;548;jonathan;marshall;jones;35;m;w;hendersonville;rugby hollow;161;28791;nc
B;G000547;549;jason;alan;putnam;42;m;w;arden;heywood;110;28704;ct
B;G000548;550;william;joseph;hoffart;43;m;w;franklin;pauline;112;28734;nc
B;G000549;551;daniel;leslie;dockery;49;m;w;morganton;river ridge;105;28655;nc
B;G000550;552;jenifer;ann;whitmire;42;f;w;monroe;alexander farm;6909;28110;
B;G000551;553;terry;lee;ouser;53;m;w;asheville;chamwood;205;28804;nc
B;G000552;554;cathy;renee;haney;52;f;w;asheville;scottlynn;204;28806;nc
B;G000553;555;nikunj;hasmukh;patel;37;m;a;black mountain;state;600;28711;oc
B;G000554;556;kim;marie;yvon;51;u;u;fletcher;stafford;97;28732;
B;G000555;557;jeffrey;;lynch;52;m;w;asheville;windswept;405;28801;nc
B;G000555;558;jeffrey;harold;lynch;52;m;w;charlotte;8th;208;28202;nc
B;G000556;559;matthew;adam;toms;33;m;w;charlotte;ivy meadow;1610;28213;nc
B;G000557;560;cory;adam;bowen;33;m;w;whittier;lizzie cucumber;303;28789;sc
B;G000558;561;matthew;clark;pike;40;m;w;marshall;board tree;625;28753;nc
B;G000558;562;matthew;clark;pike;40;m;w;charlotte;craig;4135;28211;nc
B;G000559;563;eric;dwayne;winebarger;45;u;w;asheville;reddick;5;28805;
B;G000560;564;patricia;ann;obrien;53;f;w;weaverville;union chapel;21;28787;ga
B;G000561;565;jaslyn;tiara ilene;russell;32;f;b;old fort;oakdale;93;28762;nc
B;G000562;566;elizabeth;lawrence;huffman;26;f;w;mills river;mills river;736;28759;sc
B;G000563;567;maryann;o;purser;60;f;w;raleigh;fallbrook;4904;27604;pa
B;G000564;568;josue;elias;berduo;25;m;o;asheville;oakview;209;28806;ca
B;G000565;569;lisa;joy;cooley;49;f;w;mills river;quellette;83;28759;pa
B;G000566;570;michael;benjamin;boyd;33;m;w;asheville;weaverville;245;28804;nc
B;G000567;571;jenni;beth wood;sims;50;f;w;candler;bradshaw;25;28715;nc
B;G000568;572;leslie;klein;newman;34;f;w;arden;spring valley;5;28704;nc
B;G000569;573;apryl;turner;frady;38;f;w;asheville;clubhouse;10;28803;nc
B;G000570;574;patrick;edward;mcelwaine;33;m;w;arden;cranbrook;812;28704;va
B;G000571;575;samuel;cameron;hill;28;u;u;asheville;university mills;1;28804;nc
B;G000572;576;lorraine;jordan;nelson;42;f;b;candler;misty mountain;16;28715;va
B;G000573;577;jared;albert;ray;44;m;w;asheville;riceville;2075;28805;ut
B;G000574;578;mark;wayne;cabe;47;m;w;fletcher;burlington;86;28732;mi
B;G000575;579;angelon;daye;smith;40;f;w;asheville;flint;119;28801;nc
B;G000575;580;angelon;daye;gore;40;f;w;wilmington;hearthside;4116;28412;nc
B;G000576;581;todd;franklin;williams;54;m;w;candler;dogwood;151;28715;in
B;G000577;582;phillip;nathaniel;purcell;33;m;w;hendersonville;huff;316;28739;nc
B;G000578;583;robert;frank;fullbright;49;m;w;asheville;laurel;66;28806;nc
B;G000578;584;robert;frank;fullbright;49;m;w;leicester;quinn;43;28748;nc
B;G000579;585;sharon;blevins;gordon;67;f;w;candler;hidden mountain;40;28715;nc
B;G000579;586;sharon;blevins;gordon;67;f;w;hendersonville;starmount;510;28791;nc
B;G000580;587;ashleigh;brooke;ayers;34;f;w;swannanoa;azalea;110;28778;nc
B;G000581;588;derek;james;ibarguen;43;m;w;brevard;millbrook;81;28712;me
B;G000582;589;arnold;douglas;corriher;70;m;w;asheville;fawn;2;28803;
B;G000583;590;william;lamar;davis;64;m;w;asheville;jones cove;31;28805;
B;G000584;591;kayla;jeanne;ovenell;32;f;w;hendersonville;mountain meadow;1451;28739;ca
B;G000585;592;katherine;caroline;krupnick;21;f;w;asheville;greenwood;10;28803;mi
B;G000586;593;matthew;erik;silver;23;m;w;asheville;merrills cove;863;28803;co
B;G000587;594;william;david;cagle;74;m;w;asheville;crowfields;455;28803;nc
B;G000588;595;lydia;lynn;manhold;44;f;w;weaverville;highland pointe;30;28787;ca
B;G000589;596;karlie;elizabeth;mclamb;22;f;w;raleigh;crimson cross;611;27606;nc
B;G000590;597;joseph;anthony;meo;55;m;w;asheville;sherwood;121;28803;mi
B;G000590;598;joseph;anthony;meo;55;m;o;hendersonville;norleon;244;28791;mi
B;G000591;599;jane;stolka;ryan;63;f;w;asheville;willow tree;18;28803;ia
B;G000592;600;joseph;william;dalton;32;m;w;arden;christ school;500;28704;ca
B;G000593;601;benjamin;john;kaiser;35;m;w;candler;brooks cove;202;28715;
B;G000594;602;dillon;charles;whatley;26;m;w;weaverville;palmer ford;170;28787;az
B;G000595;603;jennifer;marie;puglisi;37;u;w;weaverville;arrowood;135;28787;
B;G000596;604;mary;elyse;yow;31;f;w;asheville;university west ridge;1;28804;nc
B;G000597;605;christopher;victor;roberts;49;m;w;hendersonville;huff;511;28739;tn
B;G000598;606;mary;evangelene;craig;66;f;w;bailey;oak;12296;27807;sc
B;G000599;607;dede;marie;keasler;51;f;w;gerton;chestnut hill loop;427;28735;nc
B;G000600;608;jeremy;michael;scott;34;m;w;asheville;asbury;19;28804;nc
B;G000601;609;sarah;sisler;flohr;38;f;w;charlotte;charles;1002;28205;va
B;G000602;610;fredrick;lee;reese;68;m;w;flat rock;overlook;166;28731;nc
B;G000603;611;jeffrey;hunter;swayngim;23;m;w;candler;asvista;104;28715;nc
B;G000604;612;amy;susan;anderson;28;f;w;barnardsville;walker creek;64;28709;
B;G000605;613;christine;nowak;johnston;76;f;w;asheville;craftsman;2;28805;ny
B;G000606;614;daniel;lee;henson;38;m;w;asheville;dawnwood;5;28803;ar
B;G000607;615;bonnie;karen;nix;34;f;w;asheville;lamar;26;28803;
B;G000608;616;joshua;mark;knights;30;m;w;hendersonville;north carolina;103;28739;
B;G000609;617;jamie;allen;canton;38;m;w;black mountain;edith;18;28711;fl
B;G000611;618;fiora;beveridge;lizak;62;f;w;raleigh;bremerton;11108;27613;nc
B;G000612;619;peter;schuyler;forfa;59;m;w;candler;hartshorn;38;28715;ny
B;G000613;620;christopher;james;rollins;43;m;w;black mountain;hiawassee;411;28711;
B;G000614;621;ashley;lauren;gunter;28;f;w;asheville;clayton;256;28806;nc
B;G000615;622;jeannette;beaulieu;manzi;86;f;w;arden;saddlewood;17;28704;me
B;G000616;623;lance;alan;armstrong;44;m;w;asheville;shadowlawn;143;28806;fl
B;G000616;624;lance;armstrong;wisely;44;m;w;garner;rose common;108;27529;fl
B;G000617;625;cynthia;carol;kaminski;33;f;w;salisbury;equestrian;158;28144;nc
B;G000618;626;anna;elise;thompson;29;f;w;black mountain;pond;6;28711;nc
B;G000619;627;brittany;;long;29;f;w;fletcher;sigmon;155;28732;nc
B;G000620;628;emily;louise weber;thome;44;f;w;asheville;merchant;54;28803;md
B;G000621;629;ricky;dean;jolly;35;m;w;asheville;lorena;28;28806;sc
B;G000622;630;jennifer;monroe;johnson;32;f;w;asheville;fairway;70;28805;nc
B;G000623;631;joan;hinson;weirich;88;f;w;asheville;crowfields;516;28803;nc
B;G000624;632;neal;arnold;chastain;48;m;w;asheville;liberty;109;28801;nc
B;G000625;633;amanda;nicole;waldrop;34;f;w;durham;willowhaven;5146;27712;
B;G000626;634;lindsay;kay;hankins;33;f;w;arden;muirfield;24;28704;mi
B;G000626;635;lindsay;kay;carpenter;33;f;w;fletcher;english oak;222;28732;mi
B;G000627;636;sara;beth;demlow;40;f;w;asheville;merrimon;600;28804;mi
B;G000627;637;sara;beth;melder;40;f;w;kernersville;forrest acres;175;27284;mi
B;G000628;638;beth;ann;phipps;41;f;w;asheville;hillside;205;28801;nc
B;G000629;639;shirley;mae;clayton;93;f;w;mills river;mallard;5;28759;pa
B;G000630;640;verba;stamey;brister;60;f;w;clyde;wild cherry;52;28721;nc
B;G000631;641;donna;webb;russell;53;f;w;asheville;waters;70;28805;
B;G000631;642;donna;rene;greenberg;53;f;w;arden;sleepy gap;184;28704;sc
B;G000632;643;cathleen;forester;rosenfeldt;57;f;w;asheville;foxfire;15;28803;nc
B;G000633;644;william;leroy;clawson;67;m;w;lake lure;gene stratton porter;146;28746;mn
B;G000634;645;terri;smith;preston;37;f;w;boone;fawn;439;28607;
B;G000635;646;allison;faye;livingston;31;f;w;chapel hill;hillsborough;425;27514;nc
B;G000635;647;allison;faye;livingston;31;f;w;chapel hill;hillsborough;425;27514;
B;G000636;648;maria;bohan;haddon;31;u;u;asheville;fairview;271;28803;
B;G000636;649;maria;yamano;bohan;31;f;a;boone;marich;239;28607;oc
B;G000637;650;paul;arthur;esch;70;m;w;hendersonville;rowe;33;28792;mi
B;G000638;651;elizabeth;anne;provost;61;f;w;newton;fairway;1602;28658;
B;G000639;652;michael;david;gregory;33;m;o;concord;albany;161;28027;nc
B;G000639;653;michael;david;gregory;33;m;w;concord;albany;161;28027;nc
B;G000640;654;alfred;frank;vetere;67;m;w;arden;pine needle;20;28704;ny
B;G000641;655;jeanne;michele;burnette;74;f;w;asheville;idlewood;108;28806;ar
B;G000642;656;paula;joy;conley;47;f;w;hendersonville;cureton;7;28791;me
B;G000643;657;megan;nicole;williams;33;f;w;arden;long shoals;300;28704;nc
B;G000644;658;trevor;h;tullos;28;m;w;fairview;old fort;205;28730;fl
B;G000645;659;shandrika;tameli;thompson;36;f;b;arden;pigeon;408;28704;
B;G000646;660;david;patrick;conley;39;m;w;fletcher;roanoke;32;28732;ny
B;G000647;661;mary;ellen;gardner;57;f;w;fairview;owenby cove;66;28730;md
B;G000648;662;maria;;muscarella;44;f;w;leicester;dandelion;61;28748;nh
B;G000649;663;carmen;marie;anderson;48;f;w;asheville;ben franklin;12;28805;mn
B;G000650;664;sharon;p;jones;60;f;b;asheville;erskine;42;28801;nc
B;G000651;665;rosa;lynn;tuitele;35;f;m;asheville;covington;66;28806;nc
B;G000652;666;matthew;ross;gregg;36;m;w;asheville;peach knob;22;28804;
B;G000653;667;thomas;edward;dillard;88;m;w;asheville;bevlyn;17;28803;
B;G000654;668;alonzo;dean;cudd;71;m;w;marshall;bend of ivy;2751;28753;sc
B;G000655;669;lyudmila;anatolyevna;tirgoala;28;f;w;weaverville;holcombe branch;1659;28787;
B;G000656;670;joshua;adam;mccaskill;33;m;w;ellerbe;millstone;213;28338;nc
B;G000657;671;andrew;robert;lawson;29;m;w;sylva;mountain forest;475;28779;nc
B;G000658;672;sarah;marie;dreske;36;f;w;asheville;hendersonville;1680;28803;mi
B;G000659;673;janet;ebbs;kellett;65;f;w;leicester;dorothy;32;28748;
B;G000660;674;rebecca;phelps;campbell;31;f;w;asheville;starnes cove;817;28806;nc
B;G000661;675;jill;monti;frayne;45;f;w;fairview;roseanne;54;28730;ri
B;G000662;676;ceyanne;elizabeth;brooks;44;f;w;asheville;forest run;14;28803;ms
B;G000663;677;suka;jo;chapel horst;81;f;w;hendersonville;riverwind;300;28739;il
B;G000663;678;suka;jo;chapel horst;81;f;w;hendersonville;cranbrook;221;28792;il
B;G000664;679;ian;hunter;wilson;24;m;w;winston salem;winburn;4030;27106;nc
B;G000665;680;charles;taylor;jensen;28;u;u;asheville;pace;300;28806;
B;G000666;681;stephanie;victoria;trinko;20;f;w;southern pines;ridgeview;210;28387;nc
B;G000667;682;ashley;dowell;edwards;32;f;w;lansing;fees branch;544;28643;va
B;G000668;683;brittany;k;hill;27;f;u;fairview;village;351;28730;
B;G000669;684;shannon;elizabeth;michalka;42;f;w;randleman;rolling farm;4996;27317;fl
B;G000670;685;metis;kaiko;meloche;21;f;o;durham;gatehouse;405;27707;
B;G000671;686;irem;;ozay;27;f;w;raleigh;lane;1104;27601;oc
B;G000672;687;richard;t;rice;52;m;w;marshall;big laurel;10998;28753;nc
B;G000673;688;jamie;leanne;gosey;24;f;w;fairview;cane creek;47;28730;nc
B;G000674;689;milton;james;canupp;25;m;w;candler;winter forest;153;28715;nc
B;G000675;690;brooke;ann;st john;37;u;u;asheville;village creek;405;28806;
B;G000676;691;elizabeth;grace;stephens;20;u;u;marshall;long branch;2057;28753;
B;G000677;692;holly;christine;sosebee;45;f;w;valdese;columbo;208;28690;nc
B;G000678;693;carolyn;sprinkle;bagby;53;f;w;candler;hookers gap;332;28715;nc
B;G000679;694;phillip;alan;norris;70;m;w;salisbury;newport;125;28144;
B;G000680;695;molly;elizabeth;penny;22;f;w;hendersonville;forest hill;1206;28791;nc
B;G000681;696;inna;olegovna;zhuravleva;28;f;w;asheville;parkwood;35;28804;oc
B;G000682;697;amber;nicole;white;21;f;b;marshall;anderson branch;3005;28753;oh
B;G000683;698;roger;kent;wolff;72;m;w;arden;pennsylvania;813;28704;in
B;G000684;699;uriel;edmond;velandia;86;m;w;wilmington;arboretum;1173;28405;oc
B;G000685;700;melanie;white;harriss;38;f;w;raleigh;oldgate;2631;27604;nc
B;G000686;701;sydney;alexandra;waycaster;18;f;w;hickory;43rd;1304;28601;nc
B;G000687;702;patricia;szymanski;lopez;70;f;w;maggie valley;timberline;695;28751;ny
B;G000688;703;dawn;marie;kochevar;26;f;w;asheville;hiawassee;37;28801;
B;G000689;704;meghan;perry;lafave;27;f;w;weaverville;nicole;4;28787;ca
B;G000690;705;angel;myria;hensley;18;f;w;hendersonville;chinaberry;739;28792;nc
B;G000691;706;joyce;p;roberts;62;f;w;hendersonville;cannon;122;28792;nh
B;G000692;707;katelyn;;braschler;32;f;w;fletcher;thorncrest;991;28732;
B;G000693;708;howard;gregory;schwartz;57;u;u;black mountain;iroquois;2;28711;
B;G000693;709;howard;gregory;schwartz;57;m;w;canton;creative;105;28716;va
B;G000694;710;rachel;anne;davidson;40;f;w;asheville;spruce hill;152;28805;nc
B;G000695;711;brenda;;frizzell;58;f;w;weaverville;ashleigh grove;28;28787;ky
B;G000696;712;ernest;charles;drake;60;u;u;arden;cranbrook;1109;28704;
B;G000697;713;jessica;saams;metcalf;27;f;w;asheville;bear creek;109;28806;nc
B;G000698;714;kelly;obrien;nassis;35;f;w;waynesville;woodbine;565;28785;pa
B;G000699;715;montoya;denise;maxwell;29;f;b;asheville;klondyke;82;28801;nc
B;G000700;716;derek;lane;biggs;29;m;w;asheville;deaver;74;28806;nc
B;G000701;717;jennifer;ruth;biggs;29;f;w;asheville;deaver;74;28806;nc
B;G000702;718;andrew;john;douglas;54;m;w;fletcher;burney mountain;83;28732;in
B;G000703;719;deborah;kay;dennis;61;f;u;asheville;carlyle;103;28803;
B;G000705;720;sean;allen;safrit;31;m;w;rockwell;ashley;316;28138;fl
B;G000706;721;johnathon;dwight;chaplain;26;m;w;brevard;brevard college;1;28712;tn
B;G000707;722;jarred;bobby;chandler;20;m;w;wilmington;bexley;1301;28412;nc
B;G000708;723;trevor;patrick;jordan;31;m;w;black mountain;white willow;16;28711;nc
B;G000708;724;trevor;patrick;jordan;31;m;w;conover;lakeview;2710;28613;nc
B;G000709;725;joseph;;scheliga;66;m;w;hampstead;topsail greens;127;28443;ny
B;G000710;726;darren;bryce;slaughter;51;m;w;canton;wes;36;28716;in
B;G000711;727;jill;caroline;refvem;29;f;w;asheville;cumberland;111;28801;
B;G000711;728;jill;caroline;refvem;29;u;w;mount airy;cross creek;667;27030;
B;G000712;729;ellen;beth;richard;58;f;w;asheville;springwood;55;28805;ca
B;G000713;730;michael;collins;wyatt;69;m;w;carthage;brinkley;651;28327;fl
B;G000714;731;shannon;lynn;waters;40;f;w;flat rock;old cagle;234;28731;nc
B;G000715;732;kevin;patrick;heslin;60;m;w;charlotte;springs village;7722;28226;ma
B;G000716;733;roger;william;hayes;76;m;w;candler;brookstone;21;28715;ny
B;G000717;734;caitlin;millelli;mullen;26;f;w;old fort;flatlander;88;28762;
B;G000719;735;lashawn;michele;horton;49;f;b;asheboro;park;360;27203;nc
B;G000720;736;marian;camille;cruz bergollo;33;f;w;asheville;atkinson;31;28801;pr
B;G000722;737;lauren;michael;flynn;32;f;w;brevard;country club;1659;28712;nc
B;G000722;738;lauren;michael;flynn;32;f;w;boone;meadowview;247;28607;nc
B;G000723;739;karen;lisa;sartorius;36;f;w;durham;forest hills;810;27707;ny
B;G000724;740;patrick;andrew;mclean;39;m;w;black mountain;laurel branch;14;28711;nc
B;G000725;741;fred;lee;walker;44;m;w;mills river;regal knolls;50;28759;nc
B;G000726;742;aleesa;thomas;conner;44;f;w;mills river;pennsylvania;193;28759;nc
B;G000727;743;michael;james;brasunas;37;m;w;black mountain;another;42;28711;wv
B;G000728;744;donna;evans;may;60;f;w;leicester;may haven;13;28748;fl
B;G000729;745;mica;bowen;phillips;33;m;w;asheville;verde vista;4310;28805;sc
B;G000730;746;vanessa;zoe;wright;36;f;w;hendersonville;raymond;78;28791;oh
B;G000731;747;debra;ann;gann;40;f;w;fletcher;matthews;7;28732;nc
B;G000732;748;eli;;rojas;55;m;w;mills river;deer path;108;28759;oc
B;G000733;749;michael;andrew;mahoney;39;m;w;asheville;ascot point;19;28803;ky
B;G000734;750;ronald;d;norman;65;m;w;arden;long shoals;300;28704;nc
B;G000735;751;alexandra;maria;livingston;30;f;w;charlotte;delane;1528;28211;nc
B;G000736;752;gretchen;christine;horn;38;f;w;mars hill;long ridge;85;28754;ca
B;G000737;753;monica;denise;ridgway;47;f;w;asheville;oregon;16;28806;ar
B;G000738;754;omecia;margaritta;ponder;36;f;b;asheville;creekside;436;28804;ga
B;G000739;755;christopher;steven;mills;55;m;w;hendersonville;dream;135;28792;fl
B;G000740;756;james;travis;keefer;52;m;a;leicester;colton;78;28748;in
B;G000741;757;lillian;j;byers;35;f;w;asheville;maxwell;32;28801;nc
B;G000742;758;vivian;anne;lutz;83;f;w;hendersonville;perseverance pathway;45;28739;mi
B;G000743;759;shirlene;renee;byas;51;f;w;marion;mud cut;403;28752;nc
B;G000744;760;jacob;james;mcmahan;20;m;w;weaverville;northview park;135;28787;nc
B;G000745;761;nastasia;tyler;madera;34;f;i;spring lake;lenoir;200;28390;nm
B;G000746;762;alan;lee;king;48;m;w;asheville;tipperary;40;28806;nc
B;G000747;763;gloria;lori;taran;83;f;w;asheville;hendersonville;1680;28803;ny
B;G000749;764;shawn;lee;wheeler;26;m;w;candler;audria;36;28715;fl
B;G000750;765;jeffrey;heber;coward;59;m;w;asheville;ascot point;4;28803;nc
B;G000751;766;jessica;;alterman;33;f;w;brevard;neely;295;28712;tx
B;G000752;767;brandon;kent;passmore;50;m;w;leicester;red rose;7;28748;nc
B;G000753;768;christopher;douglas;webster;44;m;w;weaverville;sherwood;115;28787;nc
B;G000754;769;rebecca;woods;trump;28;f;w;arden;saddlewood;17;28704;nc
B;G000755;770;sarah;henry;wickers;39;f;w;candler;glady;10;28715;fl
B;G000756;771;bradley;mcdowell;owens;42;m;w;asheville;haw creek mews;441;28805;ms
B;G000757;772;hansel;anthony;lyda;37;m;w;hendersonville;glen echo;336;28739;nc
B;G000758;773;michael;eugene;elliott;65;m;w;arden;colony;144;28704;
B;G000759;774;susan;joslin;williams;69;f;w;hendersonville;high point;302;28791;pa
B;G000760;775;renee;marie;reece;35;f;w;hickory;5th av;228;28601;or
B;G000761;776;clifton;kincaid;avery;28;m;w;asheville;mountain view;27;28805;nc
B;G000761;777;clifton;kincaid;avery;28;m;w;boone;water;150;28607;nc
B;G000762;778;alexandria;meshelle;amezquita castro;27;f;w;candler;maple branch;19;28715;sc
B;G000763;779;deborah;gary;smith;42;f;b;asheville;hillside;141;28801;nc
B;G000763;780;deborah;gary;baird;42;f;b;hendersonville;pace;710;28792;nc
B;G000764;781;kimberly;d berry;woodard;39;f;w;valdese;katherine;1220;28690;nc
B;G000765;782;amber;elizabeth;rogers;23;f;w;alexander;phoenix;19;28701;nc
B;G000766;783;sarah;nichole;albert;47;f;w;raleigh;farm gate;5925;27606;pa
B;G000767;784;nancy;elliott;dill;83;f;w;asheville;wakefield;11;28803;pa
B;G000768;785;chloe;nicole;satter;26;f;w;asheville;logan;45;28806;nc
B;G000769;786;rodney;lee;oertel;80;m;w;asheville;tunnel;200;28805;oh
B;G000770;787;charles;lendon;cox;65;m;w;hendersonville;long john;109;28791;nc
B;G000771;788;lily;mae;hayes;30;u;u;mills river;forge garden;5;28759;
B;G000772;789;laura;venning;wilson;38;f;w;asheville;alexander;10;28801;nc
B;G000773;790;billie;marie;lowery;70;f;w;hendersonville;bluebonnet;0;28791;ks
B;G000774;791;robert;caleb;blanton;29;m;w;asheville;ridge hall;300;28804;nc
B;G000775;792;karina;michelle;barnes;41;u;m;asheville;beechwood;16;28805;
B;G000776;793;angelina;m;younger;44;f;w;cary;bishop;107;27513;ia
B;G000777;794;cynthia;lu;wells;65;f;w;oriental;third;310;28571;il
B;G000778;795;eric;lott;purdy;44;m;w;hendersonville;courtwood;550;28739;ma
B;G000779;796;archie;earl;benton;65;m;w;weaverville;double brook;180;28787;sc
B;G000781;797;joshua;edward;peller;34;m;w;asheville;woodrow;71;28801;nc
B;G000783;798;timothy;lee;shivers;60;m;b;asheville;flint;191;28801;
B;G000783;799;timothy;lee;shivers;60;m;b;asheville;caribou;542;28803;nc
B;G000784;800;john;david;patterson;46;m;w;alexander;white thorn;53;28701;oh
B;G000785;801;marie;phillips;thomas;80;u;w;morrisville;cary;1995;27560;nc
B;G000786;802;david;william;tallant;49;m;w;asheville;deno;6;28806;nc
B;G000787;803;megan;jane wilson;serzan;38;u;u;candler;sedgefield;8;28715;nc
B;G000788;804;hunter;douglas;gomes;22;m;w;asheville;glendale;118;28803;nc
B;G000789;805;louis;wayne;hill;28;m;u;asheville;turtle creek;308;28803;sc
B;G000790;806;sarah;ashley;reeves;29;f;w;asheville;panola;44;28801;va
B;G000791;807;ryan;scott;andrews;40;m;w;arden;mallard run;63;28704;nc
B;G000792;808;christopher;gerald;kessler;60;m;w;asheville;ascot point;19;28803;nm
B;G000793;809;benjamin;arnold;bradshaw;27;m;w;asheville;walnut;85;28801;
B;G000794;810;kasey;dawn earley;barilari;30;u;u;etowah;sunset ridge;81;28729;
B;G000795;811;carley;brooke;haber;34;f;u;raleigh;knickerbocker;3904;27612;oc
B;G000796;812;james;shirley;oneal;41;m;w;asheville;stockwood;24;28803;ms
B;G000797;813;douglas;james;metcalf;47;m;w;roxboro;dolly;1212;27573;nc
B;G000798;814;jillian;robin;gregory;36;f;w;boone;furman;259;28607;fl
B;G000799;815;elizabeth;faith;king;30;f;w;leicester;bear creek;2354;28748;nc
B;G000800;816;david;michael;wronko;59;m;w;valdese;davis;120;28690;in
B;G000801;817;gloria;love;johnson;64;f;b;asheville;selwyn;85;28806;nc
B;G000802;818;ashlan;n;hendricks;32;f;w;asheville;brevard;83;28806;nc
B;G000803;819;alice;katherine;urquhart;57;f;u;mars hill;hamburg;472;28754;tn
B;G000804;820;montana;coll;torrey;36;f;w;asheville;cherry grove;2;28805;va
B;G000805;821;buddie;dwayne;crowder;44;m;w;wendell;turnipseed;248;27591;nc
B;G000806;822;margaret;a;boisvert;79;f;w;black mountain;padgettown;441;28711;
B;G000807;823;james;george;econopouly;56;m;w;asheville;chatham;167;28804;
B;G000808;824;adele;;greenwood;84;f;w;hendersonville;deermouse;1801;28792;oc
B;G000809;825;erin;denise;varvel;40;f;w;swannanoa;bridgestone;3;28778;ny
B;G000810;826;janae;elisabeth;foster;29;f;w;fletcher;brickton village;176;28732;ga
B;G000811;827;kevin;lee;brisbin;39;m;w;asheville;north ridge;117;28804;oh
B;G000812;828;karen;;larson;78;f;w;fletcher;farington;230;28732;
B;G000813;829;oana;carmen adina;devera;42;f;w;black mountain;roselyn;4;28711;oc
B;G000814;830;matthew;shane;bolanos;30;m;w;hendersonville;lincoln;1514;28792;nc
B;G000815;831;christin;lea riddle;carter;33;f;w;brevard;east fork;8736;28712;nc
B;G000816;832;paul;walter;andrews;53;m;w;mills river;mt gilead church;694;28759;
B;G000817;833;john;thomas;labruyere;32;m;w;wilmington;park;3921;28403;ky
B;G000818;834;paige;mcneal;holt;29;f;w;chapel hill;swansea;185;27516;oh
B;G000819;835;natalie;dawn;wise;32;f;w;asheville;stratford;412;28804;nc
B;G000820;836;adam;wallker;richardson;30;m;w;boone;green;219;28607;ri
B;G000821;837;crystal;elysa;lucinian;33;f;w;asheville;robinwood;18;28806;fl
B;G000822;838;brittany;ann;payne;28;f;w;marshall;dogwood;288;28753;nc
B;G000823;839;katie;lynn;burleson;29;f;w;asheville;bulldog;1500;28801;nc
B;G000824;840;roy;lee;kilby;77;m;w;candler;morgan;441;28715;nc
B;G000825;841;sandra;price;stork;68;f;w;hendersonville;tennis ranch;123;28791;sc
B;G000826;842;carolyn;crain;foley;76;f;w;clayton;fernwood;713;27520;tn
B;G000827;843;michael;atchison;harter;49;m;w;hendersonville;woodlawn;125;28791;sc
B;G000828;844;amy;suzanne;sams;45;f;w;fletcher;meadow pathway;302;28732;tn
B;G000830;845;donya;sarell coleman;surrett;42;f;b;fletcher;roberts;2;28732;nc
B;G000830;846;donya;sarell;surrett;42;f;b;pisgah forest;hudlin gap;238;28768;nc
B;G000831;847;celeste;elan;gulick;39;f;w;wilmington;saint johns;3614;28403;ga
B;G000832;848;grady;bynum;baldwin;68;m;w;mars hill;jordan branch;188;28754;nc
B;G000833;849;carey;leigh;west;45;f;w;charlotte;mountain point;5701;28216;nc
B;G000834;850;hugh;reid;montgomery;60;m;w;asheville;abbey;1104;28805;nc
B;G000835;851;dawn;vandress;spann;54;f;w;cornelius;lake norman cove;19221;28031;va
B;G000836;852;sara;lauren;burton;24;f;w;denver;old homestead;778;28037;nc
B;G000837;853;britney;acosta;clubb;28;u;u;asheville;sydney;16;28806;
B;G000837;854;britney;lynn;acosta;28;f;w;sapphire;carefree;59;28774;
B;G000838;855;tiffany;marie;jones;23;f;b;charlotte;beatties ford;100;28216;nc
B;G000838;856;tiffany;marie;jones;23;f;b;charlotte;carter creek;8325;28227;nc
B;G000839;857;barbara;jean hare;rice;63;f;w;fletcher;sunflower;16;28732;nc
B;G000840;858;kathryn;bridgers;willis;27;f;w;boone;king;1397;28607;
B;G000841;859;gina;kae;smith;50;f;w;morganton;chestnut;110;28655;fl
B;G000842;860;cecil;junior;owenby;63;m;w;hendersonville;starlight;36;28792;nc
B;G000843;861;lisa;anne;brennan;43;f;w;asheville;fulton;27;28801;ny
B;G000844;862;jason;michael;long;42;m;w;chapel hill;salem;1204;27516;nc
B;G000845;863;athena;elaheh;maktabi;34;f;w;hendersonville;dovetree;43;28739;fl
B;G000846;864;billy;r;carter;78;m;w;asheville;white ash;118;28803;nc
B;G000847;865;wanda;allen;johnson;64;f;b;hendersonville;cherry;650;28792;nc
B;G000848;866;katherine;virginia;martin;71;f;w;hendersonville;main;125;28792;ct
B;G000849;867;judith;renaldo;warner;77;f;w;asheville;timber;3501;28804;
B;G000850;868;carol;patton;gardner;63;f;w;nebo;north point;2217;28761;nc
B;G000851;869;gregory;w;davis;47;m;w;marshall;bear creek;2606;28753;ar
B;G000852;870;james;lawrence;burgess;42;m;w;asheville;mount carmel;187;28806;nc
B;G000853;871;karla;suzanne;patterson;26;f;w;monroe;ashley woods;2904;28112;pa
B;G000854;872;anna;kay;poorbaugh;64;f;w;mars hill;walker branch;1642;28754;nm
B;G000855;873;delaney;reeves;kloesel;32;f;w;carrboro;greensboro;407;27510;tx
B;G000856;874;rhett;churchill;mays;39;m;w;asheville;watauga;20;28801;ar
B;G000857;875;mildred;gail;smith;74;f;w;asheville;wilburn;6;28806;mi
B;G000858;876;james;edward;allred;42;m;w;asheville;edwards;22;28806;nc
B;G000859;877;olivia;suzanne;vanderelzen;28;u;w;weaverville;shanna;11;28787;nc
B;G000860;878;caitlin;marie;vorst;30;f;w;fairview;secretariat;311;28730;il
B;G000861;879;david;;floyd;45;u;u;todd;laurel mountain estates;126;28684;ga
B;G000862;880;chelsey;ann;wilson;33;f;w;candler;monte vista;760;28715;nc
B;G000863;881;judith;martin;muerdter;77;f;w;leicester;new morning;25;28748;ca
B;G000864;882;christine;ann;keaton;55;f;w;franklinville;kidds mill;3350;27248;sd
B;G000865;883;harlan;roger;tallman;74;m;w;fletcher;red barn;32;28732;wv
B;G000866;884;gregory;price;benton;57;m;w;asheville;windswept;405;28801;ga
B;G000867;885;joseph;patrick;fleming;49;m;w;connelly springs;roger hill;9546;28612;nc
B;G000868;886;richard;shawn;kilpatrick;52;m;w;cherryville;highway 274;2734;28021;tn
B;G000869;887;heather;;canipe;31;f;w;morganton;lost corner;100;28655;nc
B;G000870;888;tiffany;renee;carter;45;f;w;morganton;clearwater;117;28655;
B;G000870;889;tiffany;renee;carter;45;f;w;marion;airport;1405;28752;il
B;G000871;890;jeannette;new;davis;78;f;w;morganton;dogwood;109;28655;nc
B;G000872;891;elizabeth;lawson;dann;90;f;w;charlotte;walnut springs;10710;28277;oh
B;G000873;892;john;wilber;sidel;36;m;w;hickory;forest ridge;4970;28602;mi
B;G000874;893;lori;price;haney;45;f;w;lenoir;thunderbird;2380;28645;nc
B;G000875;894;alaina;diane;laws;26;f;w;old fort;church;330;28762;nc
B;G000877;895;caleb;donavan;lowman;27;m;w;raleigh;yates mill pond;5833;27606;nc
B;G000878;896;logan;christopher;vanover;27;m;w;henderson;ridge;212;27536;tx
B;G000879;897;emily;ann;lyford;30;f;w;conover;15th;3250;28613;ma
B;G000879;898;emily;;lyford;30;u;w;raleigh;wolf park;6108;27606;
B;G000880;899;anthony;scott;bruner;46;m;w;morganton;alexander;604;28655;tn
B;G000881;900;ashley;nicole;elliott;29;f;w;catawba;byers;5945;28609;nc
B;G000881;901;ashley;nicole;elliott;29;f;w;cullowhee;memorial;245;28723;nc
B;G000882;902;jeffrey;warren;pritchard;32;m;w;old fort;middle;149;28762;nc
B;G000883;903;joshua;william;kincaid;40;m;w;morganton;rhyne;110;28655;nc
B;G000884;904;monica;ann;mcgee;31;f;w;hickory;20th av;1655;28601;nc
B;G000884;905;monica;;mcgee;31;f;w;durham;holly berry;122;27703;
B;G000886;906;bobby;darrin;mitchell;30;m;w;morganton;coulter;204;28655;nc
B;G000887;907;steven;michael;beshears;49;m;w;morganton;alexander;408;28655;nc
B;G000887;908;steven;michael;beshears;49;m;w;hudson;hilltop;360;28638;nc
B;G000888;909;barbara;quarles;murray;72;f;w;granite falls;morningside;19;28630;tn
B;G000889;910;tammy;garland;setzer;54;f;w;morganton;nuckolls;6992;28655;nc
B;G000890;911;sharon;joy;holmes;64;f;w;spindale;west;358;28160;ny
B;G000891;912;david;saint john;hennessee;75;m;u;morganton;concord;331;28655;dc
B;G000892;913;rachael;patricia;proctor;32;f;w;granite falls;delta;2407;28630;nc
B;G000893;914;wendy;virginia;swayngim;47;f;w;hickory;swayngims;82;28601;nc
B;G000893;915;wendy;reid;kennedy;47;f;w;hickory;heritage farm;859;28601;nc
B;G000894;916;fred;bartholomew;brendle;48;m;w;connelly springs;horseshoe;7649;28612;nc
B;G000895;917;glenn;scott;colwell;47;m;w;conover;31st st;1223;28613;pa
B;G000896;918;jason;larry;ross;33;m;w;marion;oak;410;28752;nc
B;G000897;919;megan;marie;smith;30;f;w;valdese;wildflower;4695;28690;nc
B;G000898;920;vang;;vang;54;m;a;valdese;temple;1175;28690;oc
B;G000899;921;jody;tyler;deaton;32;m;w;kings mountain;edgemont;354;28086;nc
B;G000900;922;leveda;marie;ritch;31;f;w;hickory;rogers;5274;28602;nc
B;G000901;923;brandi;howell;walker;33;f;w;granite falls;grace chapel;4692;28630;nc
B;G000902;924;jillian;marie;mitchell;36;f;w;valdese;gardiol;813;28690;
B;G000903;925;jacquelyn;sue;price;60;f;w;morganton;erwin;114;28655;nc
B;G000904;926;lisa;wakefield;dooley;40;f;w;morganton;ones branch;100;28655;nc
B;G000905;927;deborah;christina;thayer;28;f;w;whittier;dry bone;146;28789;wa
B;G000906;928;kory;t;morlin;83;f;w;morganton;morris;5711;28655;ny
B;G000906;929;kory;t;morlin;83;f;w;morganton;concord;414;28655;ny
B;G000907;930;joshua;britt;fowler;40;m;w;hickory;woodridge;1700;28602;nc
B;G000908;931;lexia;palmer;churchill;68;f;w;morganton;henredon;301;28655;
B;G000909;932;lois;janet;baker;71;f;w;drexel;poteat;303;28619;nc
B;G000910;933;allison;elizabeth;joseph;26;f;w;hickory;paige;7365;28602;ny
B;G000911;934;justin;;hullett;26;m;w;hickory;8th st;1721;28601;
B;G000912;935;jennifer;burgess;fender;48;f;w;valdese;montanya view;3258;28690;nc
B;G000913;936;stacy;self;price;29;f;w;morganton;virginia;106;28655;nc
B;G000914;937;gerald;a;enos;83;m;w;new bern;boros;413;28560;va
B;G000915;938;francis;anthony;masterson;77;m;w;morganton;hillside;102;28655;ny
B;G000916;939;justin;tommie;brittain;39;m;w;morganton;sara;105;28655;nc
B;G000917;940;moua;;lor;36;m;o;vale;legend;2213;28168;ca
B;G000918;941;shannon;dale;sigmon;43;m;w;conover;woodleaf;1836;28613;nc
B;G000919;942;anthony;david;mesa;25;m;w;morganton;bristol creek;1945;28655;or
B;G000920;943;katlin;paige;canipe;25;f;w;morganton;lost corner;100;28655;nc
B;G000921;944;jeffrey;wesley;roper;52;m;w;morganton;farris;5871;28655;sc
B;G000922;945;jessica;griggs;carpenter;29;f;w;salisbury;dunns mountain;3290;28146;nc
B;G000922;946;jessica;whitney;griggs;29;f;w;albemarle;tom;30431;28001;nc
B;G000923;947;tyler;franklin;sain;27;m;w;drexel;abee;215;28619;nc
B;G000924;948;anthony;miguel;carbonetti;35;m;w;bostic;pleasant view;164;28018;fl
B;G000925;949;stephanie;reid;davis;49;f;w;archdale;wedgewood;202;27263;fl
B;G000926;950;amanda;louise;dula;34;f;w;hickory;county line;8725;28602;wv
B;G000927;951;merrick;duane;smith;48;m;b;morganton;valdese;607;28655;nc
B;G000927;952;merrick;duane;smith;48;m;b;wilson;wembly;3407;27896;nc
B;G000928;953;joseph;daniel;tallent;33;m;w;morganton;dale;103;28655;nc
B;G000929;954;michael;edward;tilley;70;m;w;drexel;abee;212;28619;nc
B;G000930;955;alvin;;hinnant;35;m;b;morganton;cascade;100;28655;ny
B;G000931;956;george;robert;sanders;61;m;w;morganton;royce;1531;28655;nc
B;G000932;957;david;lee;revis;67;m;w;morganton;bryant;475;28655;
B;G000933;958;mary;alice michael;poteat;71;f;w;granite falls;grace view;3009;28630;nc
B;G000934;959;teresa;lynne;harrison;58;f;w;connelly springs;old blue ridge;2785;28612;nc
B;G000935;960;brittany;marie;hamilton;28;f;w;morganton;sequoyah;200;28655;fl
B;G000936;961;leiland;;floyd;90;m;w;hudson;mt herman;137;28638;al
B;G000937;962;bradley;rapheal;mccurdy;27;m;b;drexel;river hills;104;28619;nc
B;G000938;963;monica;cox;erwin;33;f;w;spruce pine;pine run;561;28777;nc
B;G000939;964;gregory;lewis;stone;27;m;w;hickory;28th av;57;28601;nc
B;G000940;965;karen;renee;reese;47;f;w;lake lure;antioch;351;28746;nc
B;G000941;966;jena;renae;castle;18;f;w;cullowhee;centennial;750;28723;nc
B;G000942;967;gary;lamar;ray;59;m;w;nebo;biggerstaff;398;28761;tn
B;G000943;968;heather;davis;moody;43;f;w;hickory;1st;2850;28601;nc
B;G000944;969;christina;ricketts;franklin;35;f;w;jonas ridge;cold springs lodge;5853;28641;nc
B;G000945;970;carley;anne;prenshaw;34;u;u;hillsborough;summit;2204;27278;
B;G000945;971;carley;anne;prenshaw;34;f;w;greenville;cambria;2029;27834;ca
B;G000946;972;contessa;marietta;millsaps;46;f;b;lenoir;roy dula;1341;28645;nc
B;G000947;973;misty;nicole;sprinkle;37;f;w;granite falls;opossum hollar;4423;28630;nc
B;G000948;974;margaret;christina;gardner;28;f;w;charlotte;eastport;2700;28205;nc
B;G000949;975;kimberly;dawn;hayes;47;f;w;morganton;wesley;1713;28655;nc
B;G000949;976;kimberly;hayes;bennett;47;f;w;nebo;cedar brook;55;28761;nc
B;G000949;977;kimberly;dawn;hayes;47;f;w;nebo;cedar brook;55;28761;
B;G000950;978;christopher;jarion;freeman;27;m;b;morganton;taylor;203;28655;nc
B;G000950;979;christopher;jairon;freeman;27;m;b;hickory;28th av;224;28601;nc
B;G000951;980;laurel;tolene;broom;66;f;w;glen alpine;doe run;138;28628;il
B;G000952;981;dakota;william;effler;24;m;w;marion;condrey;146;28752;nc
B;G000953;982;faith;allison;draper;26;f;w;connelly springs;emerson;1920;28612;nc
B;G000954;983;donald;neal;tucker;61;m;b;hickory;19th;504;28602;nc
B;G000955;984;denise;michelle;mcconnell;34;f;w;morganton;walton;313;28655;nc
B;G000956;985;angel;johnson;mcclellan;41;f;w;granite falls;bowman;3205;28630;nc
B;G000957;986;laura;beth;famularo;36;f;w;morganton;northwood;201;28655;
B;G000957;987;laura;beth;famularo;36;f;w;goldsboro;foxwood;306;27530;mn
B;G000958;988;jonathan;james;allen;40;m;w;lexington;cow palace;580;27295;nc
B;G000959;989;judy;gail;huntley;66;f;w;rutherford college;spann;101;28671;nc
B;G000960;990;brianna;elizabeth;lloyd;27;f;b;morganton;hilltop;212;28655;nc
B;G000961;991;haylea;nicole;workman;26;f;w;connelly springs;old blue ridge;2781;28612;nc
B;G000962;992;robert;earl;lovenshimer;61;m;w;morganton;knollwood;1731;28655;
B;G000963;993;timothy;webb;davis;58;m;w;ellenboro;hollis;1323;28040;nc
B;G000964;994;robin;pritchard;birchfield;55;f;w;valdese;stones throw;3357;28690;
B;G000965;995;vivian;wingate;croft;79;f;w;glen alpine;park;101;28628;ga
B;G000966;996;richard;justin;reeves;31;m;w;valdese;lydia;1500;28690;nc
B;G000967;997;anita;larhonda;randle;56;f;b;kannapolis;hammock;1727;28083;mo
B;G000968;998;cheryl;ann;powell;55;f;w;concord;fair oaks;3617;28027;wv
B;G000969;999;nita;;patel;44;f;i;concord;island point;2757;28027;oc
B;G000970;1000;ronald;phil;denton;47;m;w;stanfield;elizabeth;200;28163;tn
B;G000971;1001;latricia;leigh;hunter;46;f;b;waxhaw;beauhaven;620;28173;
B;G000972;1002;trivonna;june;blair;42;f;w;concord;dartmoor;1622;28027;va
B;G000973;1003;ashley;janean;brockington;31;f;b;concord;ann;342;28025;ca
B;G000974;1004;janelle;latrice;williams;40;f;b;huntersville;gibson;408;28078;nc
B;G000975;1005;candace rae;o neil;storey;43;f;w;davidson;jetton;930;28036;dc
B;G000976;1006;zulema;;castillo;48;f;u;thomasville;national;1508;27360;oc
B;G000977;1007;linda;lyons;jenkins;62;f;b;knightdale;limewood;5213;27545;ny
B;G000978;1008;robert;louis;burris;90;m;w;mount pleasant;north;8150;28124;nc
B;G000979;1009;jimmy;davis;hitchcock;47;m;b;clemmons;springfield village;6673;27012;nc
B;G000979;1010;jimmy;davis;hitchcock;47;m;b;charlotte;sage hills;5724;28277;
B;G000979;1011;jimmy;davis;hitchcock;47;m;b;waxhaw;berwick;1009;28173;
B;G000980;1012;michael;travis;blanton;32;m;w;concord;kendra;273;28025;nc
B;G000981;1013;emogene;mitchell;butler;91;f;w;charlotte;asheby;7900;28213;nc
B;G000982;1014;billy;coleman;cates;30;m;b;fuquay varina;bridlemine;917;27526;pa
B;G000983;1015;joseph;emido;strefezza;42;m;w;charlotte;prindle lake;7736;28227;ny
B;G000984;1016;amber;cruse;martin;36;f;w;concord;sir raleigh;789;28025;
B;G000984;1017;amber;leigh;cruse;36;f;w;pinehurst;topaz;1;28374;nc
B;G000985;1018;abigail;benham;cummings;28;f;w;salisbury;cantiberry;225;28146;tx
B;G000986;1019;omayra;collazo;collazo rodriguez;39;f;o;concord;glen laurel;3124;28025;pr
B;G000987;1020;rona;grissom;moore;48;f;w;albemarle;watts;515;28001;nc
B;G000988;1021;patricia;ann;volbright;67;f;w;taylorsville;bandit;190;28681;nc
B;G000989;1022;william;dale;rice;34;m;w;kannapolis;freeze;8161;28081;nc
B;G000990;1023;gary;;panepinto;63;m;w;concord;wellington chase;2455;28027;ny
B;G000991;1024;mildred;mack;ellis;89;f;b;salisbury;joe lewis;130;28146;nc
B;G000992;1025;gwendolynn;amber;markolf;27;f;w;concord;cloister;751;28027;sc
B;G000993;1026;lindsey;billings;kells;28;f;w;rockwell;lower stone church;5588;28138;nc
B;G000993;1027;lindsey;billings;kells;28;f;w;kannapolis;woodlawn;2122;28083;
B;G000994;1028;carlos;alberto;godinez;23;m;o;east spencer;spencer;110;28039;ca
B;G000995;1029;joyce;merrick;howitt;89;f;w;charlotte;thalia;919;28262;ny
B;G000995;1030;joyce;merrick;howitt;89;f;w;salisbury;klumac;728;28144;ny
B;G000996;1031;nathan;daniel;stone;33;m;w;huntersville;cocheco;13409;28078;fl
B;G000997;1032;tyler;jordan;schwartz;48;m;w;concord;eversham;2263;28027;mi
B;G000998;1033;ryan;patrick;ivers;38;m;w;harrisburg;dorchester;5606;28075;ct
B;G000999;1034;donald;wesley;lockhart;71;m;w;williamston;us highway 17;6000;27892;nc
B;G001000;1035;bethany;joy;shoff;42;f;w;charlotte;old forester;849;28214;pa
B;G001001;1036;shivasaran;andagudi;prabhushankar;20;m;a;chapel hill;hinton james;515;27514;oc
B;G001002;1037;jennifer;elaine;bullock;38;f;w;charlotte;valcourt;5130;28216;ny
B;G001003;1038;jenneffer;;richardson;52;f;b;concord;hillandale;571;28025;ny
B;G001003;1039;jenneffer;;richardson;52;f;u;concord;winecoff;171;28025;ny
B;G001004;1040;sandra;marie;mcgee;48;f;b;charlotte;kelston;1306;28212;ma
B;G001005;1041;brandi;morgan;blair;23;f;w;albemarle;millingport;26131;28001;nc
B;G001006;1042;david;keith;sheets;63;m;w;salisbury;pond view;130;28147;nc
B;G001007;1043;bria;shanette;mosby;25;f;b;concord;hydrangea;726;28027;ny
B;G001008;1044;logan;morgan;shuman;30;f;w;kannapolis;eastwood;1628;28083;nc
B;G001009;1045;joseph;daniel;vanskiver;36;m;w;kannapolis;rose;213;28083;ny
B;G001010;1046;khalil;jermiah;spratt;20;m;b;concord;robbins;126;28025;nc
B;G001011;1047;akhil;;gundabathula;20;m;a;harrisburg;carnation;2501;28075;tx
B;G001012;1048;gordon;alexander;edwards;84;m;w;charlotte;reafield;6312;28226;
B;G001013;1049;nicole;antoinette;crabtree nash;44;u;u;concord;seasons;600;28027;
B;G001014;1050;patsy;daniel;waldrop;73;f;w;denver;three wood;3080;28037;al
B;G001015;1051;gene;delano;pennell;71;m;w;kannapolis;kenlough;4317;28081;
B;G001016;1052;john;edward;branshaw;46;m;w;concord;spring;500;28025;ny
B;G001017;1053;le shondra;antione;mcmullen;47;f;b;concord;robbins;152;28025;
B;G001018;1054;gail;scott;hammond;66;m;w;concord;blossom;9705;28025;ms
B;G001019;1055;gary;thomas;craft;71;m;w;china grove;whispering pines;1020;28023;ga
B;G001020;1056;christopher;dennis;lambert;35;m;w;kannapolis;22nd;503;28083;nc
B;G001021;1057;kirsen;seritta;mckeithan;34;f;b;durham;hwy 55;5523;27713;mi
B;G001022;1058;peter;;carlyle;43;m;w;kannapolis;danlow;121;28081;me
B;G001023;1059;jonathan;patrick;taylor;39;m;w;kannapolis;tuckaseegee;7447;28081;nc
B;G001024;1060;alicia;ja quan;gaddy;30;f;b;kannapolis;mallard pointe;2117;28083;nc
B;G001025;1061;peter;;wong;55;m;o;charlotte;pipestone;6813;28269;ct
B;G001026;1062;johnathon;reid;johnson;36;m;w;concord;george w liles;396;28027;nc
B;G001027;1063;brian;thomas;loseke;56;m;w;cary;silvercliff;111;27513;il
B;G001028;1064;andrew;thomas;hinsley;38;m;w;concord;concord pointe;4822;28027;mi
B;G001029;1065;jimmeka;nicole;cameron;39;f;b;raeford;mackay;709;28376;nc
B;G001030;1066;thomas;jesse;kombol;28;m;w;brevard;brevard college;1;28712;nc
B;G001031;1067;sarah;casey;covington;104;f;w;huntersville;hillston ridge;9244;28078;nc
B;G001032;1068;stephen;michael;schaefer;54;m;w;charlotte;wilburn park;1843;28269;mo
B;G001033;1069;patricia;ann;radney;60;f;w;norwood;pee dee;444;28128;la
B;G001034;1070;eva;kerns;wallace;52;f;b;fayetteville;calista;1804;28304;nc
B;G001035;1071;allison;kate;everhart;28;f;w;lexington;salem;848;27295;nc
B;G001036;1072;jaicie;dee;conrad;41;f;w;charlotte;purple thistle;8735;28215;nj
B;G001037;1073;jasmine;janay;rucker;29;f;b;kannapolis;akron;110;28081;nc
B;G001038;1074;danielle;marie;bolder;38;f;w;kannapolis;suburban;301;28083;nc
B;G001039;1075;louise;locke;burzanko;70;f;w;mooresville;jousters;116;28117;
B;G001040;1076;bronson;trente;klutz;29;m;b;salisbury;longleaf;150;28147;nc
B;G001041;1077;timothy;jackson;snodgrass;62;m;w;mount pleasant;empire;7250;28124;va
B;G001042;1078;murray;clay;taylor;45;m;b;pineville;pinewell;12910;28134;il
B;G001043;1079;monica;josephine;grant;83;f;b;concord;perennial;263;28027;
B;G001044;1080;reginald;todd;peters;54;m;m;salisbury;elliott;265;28147;mi
B;G001045;1081;rasheika;sade;oneal;28;f;b;huntersville;dry stone;10813;28078;nc
B;G001046;1082;matthew;scott;parkus;44;m;w;charlotte;aston mill;2303;28273;oh
B;G001047;1083;judith;ann;small;48;u;u;concord;bartram;776;28025;
B;G001048;1084;amy;elaine;spence;43;f;w;concord;bay meadows;1606;28027;al
B;G001049;1085;shirley;bade;duff;72;f;w;concord;basswood;5101;28025;va
B;G001050;1086;jeanna;lazaro;willix;47;f;w;kannapolis;shady lane;2502;28081;
B;G001051;1087;centrail;davis;johnson;42;f;b;charlotte;babbitt;9027;28216;nc
B;G001052;1088;christopher;lemarc;wattie;38;m;b;harrisburg;hammermill;5669;28075;
B;G001053;1089;christopher;gene;williams;45;m;w;kannapolis;hickory wood;306;28083;nc
B;G001054;1090;stephen;douglas;linn;50;m;w;concord;odell school;4135;28027;nc
B;G001055;1091;julie;annette;morales;35;f;w;kannapolis;22nd;503;28081;az
B;G001056;1092;janette;chanene;eberhardt;28;f;b;concord;river oaks;11027;28027;fl
B;G001057;1093;sacha;lafroye;bias;43;f;b;charlotte;misty oaks;4920;28269;sc
B;G001058;1094;sarah;helen;king;27;f;w;china grove;patterson;986;28023;nc
B;G001059;1095;richard;alan;stanchek;43;m;w;charlotte;old timber;12529;28269;ny
B;G001060;1096;michelle;fleming;moore;34;f;w;kannapolis;oakshade;1008;28083;nc
B;G001061;1097;daniel;joseph;anticoli;35;m;w;concord;fountainview;3057;28027;nj
B;G001062;1098;timothy;jason;andrews;35;m;w;concord;lynwood;6400;28027;mo
B;G001063;1099;john;brady;melvin;47;m;w;concord;summerlake;1005;28025;tn
B;G001064;1100;william;matthew;arrington;34;m;w;concord;boyington;2407;28025;nc
B;G001065;1101;mary lou;;iantosca;53;f;w;charlotte;andrew thomas;6130;28269;nj
B;G001066;1102;robert;burns;roberts;59;m;w;charlotte;seton house;6918;28277;nc
B;G001067;1103;michael;john;primerano;48;m;w;indian trail;lindley crescent;5714;28079;pa
B;G001069;1104;tammy;juanik;mccullough;43;f;b;kannapolis;odessa;1623;28083;ny
B;G001070;1105;martha;bates;lang;51;f;w;vale;howards creek mill;1185;28168;nc
B;G001070;1106;martha;bates;strahan;51;f;w;charlotte;alydar;6837;28216;nc
B;G001071;1107;melissa;amy;peacock;29;f;m;concord;englewood;2116;28025;
B;G001072;1108;janae;shauntai;faucette;41;f;b;concord;corban;187;28025;ny
B;G001073;1109;christina;bond;wilson;55;f;w;matthews;birdie;8017;28104;
B;G001074;1110;charles;joseph;herron;25;m;w;concord;asherton;4836;28027;az
B;G001075;1111;sean;edward;johnson;29;m;w;charlotte;15th;525;28206;mi
B;G001076;1112;jane;boyle;navarra;58;f;w;huntersville;northstar;17045;28078;ny
B;G001076;1113;jane;boyle;box;58;f;w;salisbury;shade tree;220;28146;ny
B;G001077;1114;kenneth;edward;sparr;41;m;w;concord;dartmoor;1541;28027;ny
B;G001078;1115;donald;;kiefer;61;m;w;beaufort;meeting;442;28516;ny
B;G001079;1116;lonaire;cerita;lindo;30;f;b;charlotte;berkeley hill;520;28262;ny
B;G001079;1117;lanaire;;lindo;30;f;b;matthews;scenic view;238;28104;ny
B;G001080;1118;kara;ann;williams;24;f;w;mount pleasant;brackenberry;112;28124;nc
B;G001081;1119;gary;lynn;dunlap;50;m;w;charlotte;pond valley;11215;28269;nc
B;G001082;1120;pamela;renee;taylor;48;f;w;kannapolis;desoto;1004;28083;
B;G001083;1121;charles;patrick;hamilton;54;m;w;monroe;monterrey;3016;28110;nc
B;G001084;1122;patti;ann;alquist;64;f;w;salisbury;statesville;635;28144;ny
B;G001085;1123;jennifer;faith;mahoney;43;f;w;concord;poplar woods;134;28027;pa
B;G001086;1124;larry;wayne;white;39;m;w;kannapolis;bailey;1300;28081;nc
B;G001087;1125;karen;dobson;barker;59;f;w;concord;chinaberry;8809;28027;
B;G001088;1126;thomas;tracy;hosbein;60;m;w;concord;flicker;627;28027;in
B;G001089;1127;christopher;s;crutchfield;40;m;w;concord;thompson;1815;28025;
B;G001090;1128;mark;alan;andrews;60;m;w;concord;king s crossing;865;28027;
B;G001091;1129;cynthia;eudy;gigandet;40;f;w;apex;heritage;453;27523;nc
B;G001091;1130;cynthia;denise;gigandet;40;f;w;cary;carolina rose;6217;27519;nc
B;G001092;1131;linda;gandia;zarian;70;f;o;concord;gatehouse;6594;28027;
B;G001094;1132;nicole;lynn;parker;33;f;w;kannapolis;inspired;1721;28083;nc
B;G001095;1133;john;bowman;conrad;71;m;w;concord;carrington;4231;28027;dc
B;G001096;1134;wesley;elliott;days;45;m;b;huntersville;emerald wood;10814;28078;ny
B;G001097;1135;rita;chareese;hunter;47;f;b;concord;grouse;3829;28025;dc
B;G001098;1136;robert;j;gibson;68;m;w;matthews;kilkenney hill;2219;28105;nj
B;G001099;1137;stephanie;g;koomen;47;f;w;charlotte;gold wagon;6328;28227;ny
B;G001100;1138;ricardo;tate;teal;38;m;b;badin;marion;622;28009;nc
B;G001101;1139;tracy;lee;shivers;48;m;w;mooresville;kisa;105;28117;
B;G001102;1140;tiffane;monique;thompson;37;f;b;davidson;brackhill;3356;28036;sc
B;G001103;1141;holly;elizabeth;roberts;51;f;w;charlotte;tangley;1506;28269;md
B;G001104;1142;carl;john;valentin;48;m;w;cornelius;henderson;19835;28031;md
B;G001105;1143;joshua;darren;sanders;30;m;w;kannapolis;longview;922;28081;nc
B;G001106;1144;timothy;;greene;54;m;b;albemarle;hawthorn;501;28001;nc
B;G001107;1145;james;branson;heishman;63;m;w;charlotte;elrond;1157;28269;va
B;G001108;1146;jimmie;lee;cranfield;50;m;w;kannapolis;sapp;5300;28083;nc
B;G001109;1147;gregory;crist;pierce;68;m;u;kannapolis;stonewyck;1922;28081;
B;G001110;1148;noah;daniel;driver;24;m;w;kannapolis;charles towne;2170;28083;nc
B;G001111;1149;billie;benfield;atwell;73;f;w;concord;bishop;220;28025;nc
B;G001112;1150;rebecca;dawn carlisle;blunt;30;f;w;concord;melba;128;28025;nc
B;G001113;1151;annie;mahaeilani;garner;50;f;o;kernersville;lamshire;6441;27284;hi
B;G001114;1152;mary elizabeth;;lauria ripley;35;f;u;concord;pond landing;4736;28025;va
B;G001115;1153;brian;glynn;adlerstein;29;m;w;charlotte;taranasay;1128;28269;ny
B;G001116;1154;lucinda;maria;washington;55;f;b;locust;cornwall;8707;28097;nj
B;G001117;1155;william;rhyne;bost;64;m;w;concord;virginia;200;28025;nc
B;G001118;1156;julie;anne;ward;40;f;w;harrisburg;furlow;7143;28075;ny
B;G001119;1157;alan;howard;dietz;40;m;w;charlotte;aragorn;9719;28269;sc
B;G001120;1158;donophan;;clyburn;67;m;b;charlotte;toxaway;7223;28269;sc
B;G001121;1159;michael;douglas;mclaurin;46;m;w;oakboro;college;711;28129;nc
B;G001122;1160;amelia;grace;morgan;28;f;w;kannapolis;4th;404;28083;fl
B;G001123;1161;dru;franklin;rentfro;58;m;w;holly ridge;cottage;502;28445;nm
B;G001124;1162;clifton;lavell;boone;55;m;b;concord;derby;6571;28027;wa
B;G001125;1163;darlene;k;smith;70;f;w;salisbury;wedgewood;2405;28146;nc
B;G001126;1164;christy;addington;overcash;35;f;w;salisbury;trails end;255;28146;nc
B;G001127;1165;cheryl;anne;bowker;58;f;w;charlotte;east lake;10807;28215;
B;G001128;1166;heather;r;counts;39;f;w;charlotte;flintrock;7030;28214;nc
B;G001128;1167;heather;renee;counts;39;f;w;cary;woodfield lake;5103;27518;nc
B;G001129;1168;terry;danita;mcconneaughey;58;f;b;kannapolis;forest pond;207;28083;
B;G001130;1169;julie;krista;young;41;f;w;concord;setter;305;28025;
B;G001131;1170;steve;franklin;wilson;74;m;w;charlotte;plaza rd;12587;28215;
B;G001132;1171;neil;calvin;leach;64;m;w;charlotte;one woodlake;9900;28215;va
B;G001133;1172;michael;wayne;gainey;60;m;w;kannapolis;smith;8113;28081;sc
B;G001134;1173;catherine;jones;yarn;82;f;w;concord;ramsgate;958;28025;ga
B;G001135;1174;kristina;leigh;holcomb;40;f;w;kannapolis;stratton;1974;28081;
B;G001136;1175;matthew;william;clark;57;m;w;shelby;windsor;307;28150;il
B;G001137;1176;angela;denise;scott;40;f;w;concord;oakland;24;28025;tn
B;G001138;1177;james;christopher;louis;55;m;w;pine knoll shores;salter path;650;28512;ma
B;G001138;1178;james;christopher;louis;55;m;w;statesville;brandenburg;198;28677;ma
B;G001138;1179;james;christopher;louis;55;m;w;chapel hill;nc hwy 54;4911;27516;ma
B;G001139;1180;peggy;sue;gorman;65;f;w;murphy;ashley;170;28906;ks
B;G001140;1181;william;;jefferson;43;m;b;harrisburg;britley;4434;28075;sc
B;G001141;1182;patricia;pryor;buck;71;f;b;charlotte;caldwell ridge;4207;28213;va
B;G001143;1183;richard;lamar;boyd;43;m;w;albemarle;brown;448;28001;sc
B;G001144;1184;nicole;lynne;borkowski;28;u;u;cornelius;chagrin;9021;28031;
B;G001145;1185;stacey;nicole;robinson;35;f;b;concord;waterlynn;8655;28027;
B;G001147;1186;michael;;morici;44;m;w;charlotte;bonnie;1724;28213;ny
B;G001148;1187;shawn;michael;horton;46;m;w;kannapolis;skyway;906;28083;oh
B;G001149;1188;joshua;adam;rollins;33;m;w;charlotte;founders club;7104;28269;nc
B;G001150;1189;otis;john;huntley;26;m;b;carthage;needmore;395;28327;ny
B;G001151;1190;karen;williams;palomar;42;f;w;indian trail;lighthouse;8010;28079;ms
B;G001152;1191;ashley;nicole;hinson;29;u;u;charlotte;university park;10050;28213;
B;G001153;1192;douglas;hunter;blacker;48;m;w;huntersville;rutledge ridge;10416;28078;ct
B;G001154;1193;todd;lee;drye;34;m;w;whitakers;bellamy mill;14068;27891;nc
B;G001155;1194;anita;thomas;ballard;64;f;b;kannapolis;copel;517;28083;
B;G001156;1195;chelsea;leigh;white;26;f;w;charlotte;legacy park;8907;28269;
B;G001157;1196;farrah;leigh;gershenson;42;f;w;concord;rankin;3400;28027;mi
B;G001158;1197;william;eugene;capps;40;m;w;charlotte;carleen way;13734;28213;mo
B;G001160;1198;tyler;ashleigh;broadnax;25;f;b;charlotte;cypress view;11102;28262;nc
B;G001161;1199;logan;james;maletta;18;m;w;concord;piper;1471;28025;nc
B;G001162;1200;sara;elaine;plante;30;u;u;midland;ramble;2000;28107;
B;G001163;1201;teresa;marie;galvin;52;f;w;cornelius;meadow crossing;10045;28031;ia
B;G001164;1202;jeremy;;klipp;39;m;w;concord;high ridge;8531;28027;fl
B;G001165;1203;tyler;travis;robes;35;m;w;mooresville;sterling terrace;110;28115;nh
B;G001166;1204;david;alan;crump;54;m;w;lexington;southlake;305;27295;nc
B;G001167;1205;leah;maree;shoemaker;40;f;w;charlotte;copper mountain;12039;28277;nc
B;G001168;1206;dolores;jean;yoders;54;f;w;mount pleasant;mount pleasant;470;28124;oh
B;G001169;1207;thomas;francis;sweeney;69;m;u;charlotte;haven ridge;14112;28215;dc
B;G001170;1208;benjamin;white;icard;69;m;w;charlotte;sardis oaks;10139;28270;nc
B;G001170;1209;benjamin;white;icard;69;m;w;indian trail;filly;7005;28079;nc
B;G001171;1210;timothy;dean;spiegel;56;m;w;charlotte;ventura;1440;28213;tx
B;G001172;1211;julie;kay;hudgens;46;f;w;rockwell;phaniel church;265;28138;nc
B;G001173;1212;rebecca;anne;hallatschek;29;f;w;harrisburg;crimson oak;5785;28075;oc
B;G001174;1213;ibn zawdie;abdul malik;stevenson;46;m;b;concord;kison;1381;28027;pa
B;G001175;1214;dianna;drayson;singler;52;f;w;concord;grovecreek pond;3632;28027;md
B;G001176;1215;lance;steven;shinn;34;m;w;charlotte;hanberry;9613;28213;al
B;G001177;1216;jamilah;teresa;dolaballie;33;f;m;kannapolis;mission oaks;1834;28083;nc
B;G001178;1217;martina;michelle;jones;37;f;b;charlotte;springset;5441;28212;pa
B;G001179;1218;kelli;nicole;christian;34;f;w;harrisburg;sweethaven;10682;28075;
B;G001180;1219;susan;howie;moody;70;f;w;harrisburg;market;6829;28075;nc
B;G001181;1220;linnette;soler;santiago;43;f;o;davidson;brackhill;3321;28036;pr
B;G001182;1221;sandra;susan;morici;47;f;w;charlotte;owen;1121;28213;ny
B;G001183;1222;bipin;r;parekh;73;m;o;matthews;bathgate;2613;28105;
B;G001184;1223;courtney;lynn;newton;23;f;u;new london;watermelon;39164;28127;
B;G001185;1224;franklin;delano;ferree;78;m;w;harrisburg;ruth fidler;7158;28075;in
B;G001186;1225;shawne;anthon;carew;51;m;b;charlotte;grantham;516;28262;
B;G001187;1226;sirisopa;jacklin;keovilay;20;f;a;kannapolis;lower pond;308;28083;
B;G001188;1227;nichole;marchell;gipson;41;f;b;salisbury;dappler;221;28147;tn
B;G001189;1228;renee;antoinette;thompson;47;f;b;charlotte;mill cove;3528;28262;ny
B;G001190;1229;jordan;scott;bosker;35;m;w;charlotte;slater ridge;1929;28216;mi
B;G001191;1230;michael;leonard;baggett;51;m;w;concord;carly;644;28025;ga
B;G001192;1231;eric;charles;munson;54;m;w;matthews;weddington manor;4009;28104;ca
B;G001193;1232;randy;eugene;earnhardt;65;m;w;concord;glendale;65;28025;nc
B;G001194;1233;jeffrey;l;munn;48;m;w;concord;herrons nest;2349;28027;nc
B;G001195;1234;michael;c;grier;66;m;u;charlotte;andrew thomas;6120;28269;ny
B;G001196;1235;stephanie;nicole;willyard;33;f;w;salisbury;woodleaf;2205;28147;nc
B;G001197;1236;janet;karen;monte;70;f;w;concord;spruce;399;28025;fl
B;G001198;1237;amanda;nicole;baldwin;27;f;w;kannapolis;hilton lake;4885;28083;oc
B;G001199;1238;samara;alicia;colon;22;f;b;concord;courage;3590;28027;nc
B;G001200;1239;tloria;b;perkins;46;f;b;charlotte;faires farm;10125;28213;la
B;G001201;1240;tiesha;colleen;lowery;36;f;b;concord;bright orchid;669;28025;nc
B;G001202;1241;julie;shawn;milligan;44;f;w;davidson;traders;10846;28036;ma
B;G001203;1242;charles;michael;perry;27;m;b;concord;hydrangea;513;28027;nc
B;G001204;1243;ashley;michelle;brown;25;f;w;rockwell;quail haven;1128;28138;nc
B;G001205;1244;christopher;michael;hawkins;39;m;w;huntersville;bridgeford;1345;28078;oc
B;G001206;1245;emily;kathrine;snider;29;f;w;mount pleasant;nc hwy 73;9820;28124;nc
B;G001207;1246;beckey;jo;ashley;44;f;w;harrisburg;cambridge;6230;28075;wv
B;G001208;1247;kristen;margaret;cozart;26;f;w;concord;spring;331;28025;
B;G001209;1248;sherita;latrice;hamilton;50;f;b;charlotte;farm pond;5224;28212;va
B;G001210;1249;tonya;widenhouse;clayton;50;u;u;albemarle;tiffany;34512;28001;
B;G001211;1250;barry;lee;moore;71;m;w;concord;faraway;6160;28025;
B;G001212;1251;daniele;elizabeth;summerfield;45;f;w;east bend;shady grove ch;3436;27018;ma
B;G001213;1252;jessica;torres;pineda;36;f;u;charlotte;balsam fir;6154;28212;tx
B;G001214;1253;andrew;robinson;gilbert;33;m;w;concord;corban;156;28025;va
B;G001215;1254;pamela;greene;cannon;52;f;w;charlotte;spratt;534;28206;nc
B;G001216;1255;anthony;joseph;prieto;28;m;o;concord;covington;4823;28027;fl
B;G001217;1256;robin;marie;morris;34;f;w;concord;miller;98;28025;nc
B;G001218;1257;tiana;renae;butler;32;f;b;kannapolis;oak leaf;528;28081;nc
B;G001219;1258;michelle;lee;gant;43;f;w;stony point;mountain aire;46;28678;wv
B;G001220;1259;jody;phillip;barbee;43;m;w;mount pleasant;lorelei;1876;28124;nc
B;G001221;1260;jared;bruce;thompson;29;m;u;concord;falcon chase;4601;28027;al
B;G001222;1261;amy;beth;frankenstein;39;f;w;concord;union cemetery;448;28027;
B;G001223;1262;takennya;dionne;burton;36;f;b;charlotte;long creek;322;28214;la
B;G001224;1263;barbara;a;ray;50;f;b;charlotte;meadowmont view;9385;28269;il
B;G001225;1264;leandria;luvene;berry;48;f;m;kannapolis;sycamore;418;28081;ct
B;G001226;1265;diane;winecoff;rice;69;f;b;concord;winecoff woods;436;28027;nc
B;G001227;1266;mark;eddward;strohm;61;m;w;charlotte;springhouse;6124;28211;oh
B;G001228;1267;marvin;roddell;alexander;54;m;b;princeton;wakefield;310;27569;nc
B;G001229;1268;sara;;bouaseng;35;f;a;concord;hawick commons;2990;28027;nc
B;G001230;1269;gregory;nye;curtis;53;m;w;huntersville;hunters;405;28078;nc
B;G001231;1270;meredith;graham;robb;32;f;w;concord;union;116;28025;nc
B;G001232;1271;michael;;maher;32;m;w;concord;monticello;5520;28027;ny
B;G001233;1272;donna;bland;warner;56;f;b;salisbury;shue;3625;28147;va
B;G001234;1273;thomas;samuel;roberts;30;m;w;concord;ferncliff;6120;28027;va
B;G001235;1274;vanaye;janece;hamilton;32;f;b;concord;deep cove;3037;28027;ca
B;G001236;1275;hazel;wilhoit;love;78;f;w;rockwell;organ church;3625;28138;nc
B;G001237;1276;betsy;anne;kaiser;33;f;w;concord;montgrove;505;28027;nc
B;G001238;1277;megan;rhoda;hughes allison;46;f;b;concord;mill wright;2601;28027;ks
B;G001239;1278;nikki;nashia;pharr;40;f;b;kannapolis;running brook;2402;28081;nc
B;G001240;1279;victor;k;benitez;51;m;w;charlotte;division;1721;28205;sc
B;G001241;1280;danielle;marie;pasiner;31;f;w;concord;clover;2948;28027;ny
B;G001242;1281;douglas;hugh;oliver;63;m;b;matthews;belle grove manor;13134;28105;nj
B;G001243;1282;dominique;latasha;blount chambers;28;f;b;concord;hydrangea;825;28027;nc
B;G001244;1283;holly;deadwyler;padgett;57;f;w;midland;sparkle creek;11010;28107;sc
B;G001245;1284;devaughn;joe;keith;69;m;w;kannapolis;poplar;610;28081;
B;G001246;1285;latona;thornwell;moore;47;f;b;charlotte;pintail;10206;28269;nc
B;G001247;1286;betty;florence;winchester;86;f;w;concord;arlington;131;28025;oc
B;G001247;1287;betty;florence;winchester;86;f;w;woodleaf;river church;2620;27054;oc
B;G001248;1288;daniel;robert;fellenzer;21;m;w;charlotte;mallard creek church;1530;28262;oc
B;G001249;1289;barbara;pearson;glascoe;51;f;b;mt pleasant;finger;34927;28124;nc
B;G001250;1290;rosemary;gallagher;hyman;66;f;w;mooresville;fieldstone;1135;28115;pa
B;G001251;1291;jennifer;neubacher;rogers;45;f;w;salisbury;partridge;170;28147;oh
B;G001252;1292;joe;calvis;parker;45;m;b;kannapolis;earley;2400;28083;nc
B;G001253;1293;tammy;suzanne;davis;46;f;b;concord;samuel adams;1508;28027;nc
B;G001254;1294;kristen;donnelly;rickard;45;f;w;huntersville;fairwoods;435;28078;nc
B;G001255;1295;kenneth;matthew;griffin;32;m;w;huntersville;bud henderson;8119;28078;nc
B;G001256;1296;diane;elizabeth;cummis;46;f;w;harrisburg;sequoia hills;6736;28075;ca
B;G001257;1297;john;l;dunlop;54;m;b;charlotte;parkland;8611;28227;oc
B;G001258;1298;amanda;paige;nordahl;29;f;w;concord;misty forest;5880;28027;nj
B;G001259;1299;jordan;scott;deloach;29;m;w;kannapolis;back bay;941;28083;la
B;G001260;1300;kevin;scott;lott;31;m;w;china grove;nc hwy 153;1725;28023;nc
B;G001261;1301;michael;james;kammeraad;37;m;w;new bern;woodland;2627;28562;mi
B;G001262;1302;girdhari;bhimandas;ramchandani;82;m;a;concord;georgetown;631;28027;oc
B;G001263;1303;marjorie;ellen;weiland;61;f;w;concord;mark;1516;28025;nj
B;G001264;1304;janny;;molina;42;f;o;concord;morning dew;280;28025;ny
B;G001265;1305;michael;travis;wagner;46;m;w;kannapolis;peachtree;821;28081;
B;G001266;1306;lisa;lunsford;porter;57;f;w;landis;ryder;208;28088;nc
B;G001267;1307;donna;jeanne;celli;37;f;w;concord;bellamy;9633;28027;ny
B;G001268;1308;kelly;lynn;bonelli;40;f;w;davidson;brackhill;3342;28036;sd
B;G001269;1309;jessica;martinson;carter;36;u;w;carrboro;old fayetteville;222;27510;
B;G001270;1310;tawanda;johnnell;ford;37;f;b;charlotte;jeffrey bryan;1526;28213;nc
B;G001271;1311;kyle;ian;hansen;32;m;w;charlotte;amberly;5904;28213;tx
B;G001272;1312;julie;watt;garlatz;56;f;w;concord;ravenscroft;9736;28027;ca
B;G001273;1313;courtney;nicole;agee;26;f;w;concord;montford;2924;28027;nc
B;G001275;1314;stephanie;n;payne;45;f;w;pineville;stratfield place;12422;28134;ky
B;G001276;1315;rebecca;pearson;smith;30;f;w;hickory;black oak;3997;28602;nc
B;G001276;1316;rebecca;pearson;smith;30;f;w;boone;tulip tree;169;28607;
B;G001278;1317;dwight;m;garrison;49;m;b;granite quarry;edgewater;1208;28072;nc
B;G001279;1318;joe;m;lewis;88;m;w;matthews;bounty;3716;28104;nc
B;G001280;1319;nadaara;andrenale;harris;25;f;b;charlotte;dervish;12621;28269;az
B;G001281;1320;deborah;lee;hayden;65;f;w;kannapolis;b;911;28081;nc
B;G001282;1321;jeffrey;thomas;clearwater;51;m;w;landis;allison;710;28088;ny
B;G001283;1322;tinna;louise;lawing;67;f;w;charlotte;kestral ridge;9233;28269;nc
B;G001284;1323;lydia;madaris;efird;34;f;w;charlotte;chatham;1709;28205;nc
B;G001285;1324;timothy;scott;woody;40;m;w;concord;goldeneye;3868;28025;nc
B;G001286;1325;felicia;levon;caple;48;f;b;salisbury;lakewood;510;28147;nc
B;G001287;1326;allison;michelle;dowker;35;f;w;charlotte;sunburst;4948;28213;oh
B;G001288;1327;christina;marie;greenlaw;54;f;w;concord;old airport;117;28025;ca
B;G001289;1328;erin;patricia;neely;24;f;w;carrboro;smith level;500;27510;va
B;G001290;1329;brian;ronald;monteleone;48;m;o;charlotte;ravencrest;6913;28269;ny
B;G001291;1330;angela;plyler;talley;48;f;w;midland;clydesdale;12856;28107;nc
B;G001291;1331;angela;plyler;talley;48;f;w;stanfield;math;8592;28163;
B;G001292;1332;rondel;lamon;epps;35;m;b;fayetteville;winward;1046;28314;ok
B;G001293;1333;brittany;renee;kraycirik;24;f;a;davidson;shiloh church;2809;28036;nc
B;G001294;1334;timothy;lohr;younts;59;u;u;concord;morris burn;4271;28027;nc
B;G001295;1335;diane;stella;ramirez;27;f;o;charlotte;allen a brown;11732;28269;ny
B;G001296;1336;joclynne;elaina;byers;40;f;b;mooresville;logan;742;28115;tn
B;G001297;1337;john;steven;beaver;71;m;w;china grove;menius;705;28023;nc
B;G001298;1338;frank;charles;revels;68;m;w;boone;raven rock;498;28607;nc
B;G001299;1339;raellen;elizabeth;stockman;36;f;w;kannapolis;main;606;28081;ct
B;G001300;1340;jacqueline;soule;byerly;42;f;w;durham;sandlewood;829;27712;nc
B;G001301;1341;craig;spencer;parkin;45;m;b;charlotte;haddington;10502;28269;ny
B;G001302;1342;georgia;barth;fields;69;f;w;kannapolis;margaret;1218;28081;vt
B;G001303;1343;russell;dewitt;stirrup;40;m;w;salisbury;windmill;105;28147;ny
B;G001304;1344;howard;michael;mccoy;58;m;w;waxhaw;madeira;2213;28173;nc
B;G001305;1345;crystal;yvonne;mazzaro;32;f;w;concord;firethorne;6031;28025;nc
B;G001306;1346;holly;meadows;simmers;37;f;w;kannapolis;settlers ridge;404;28081;va
B;G001307;1347;gabr l;tamaki;cuthbertson;38;f;b;cornelius;burton;19900;28031;nc
B;G001308;1348;andre;len;cottrell;52;m;b;kannapolis;roanoke;6584;28081;
B;G001309;1349;lisa;hollaway;stancil;54;f;w;locust;creekview;17047;28097;
B;G001310;1350;andrew;edward;elseman;35;m;w;davidson;traders;10766;28036;ia
B;G001311;1351;james;reed;kelly;68;m;w;lexington;salem;324;27292;mi
B;G001312;1352;dwayne;;lawson;57;m;b;concord;brookwood;260;28025;ny
B;G001314;1353;martha;pearson;caudle;56;f;w;concord;scenic;261;28025;nc
B;G001314;1354;martha;elizabeth;rose;56;f;w;thomasville;bethlehem;301;27360;nc
B;G001315;1355;charles;darnell;thomas;69;m;b;concord;mill creek;1668;28025;nc
B;G001316;1356;norman;benton;galloway;70;m;w;kannapolis;pearl;507;28083;nc
B;G001317;1357;erin;lynn;blaeser;37;f;w;huntersville;cold creek;1548;28078;il
B;G001318;1358;nathaniel;david;fronk;36;m;w;huntersville;dry stone;10917;28078;ca
B;G001319;1359;briana;;mcguine;25;f;b;kannapolis;jonathan;201;28083;
B;G001320;1360;steven;nicholas;walters;29;m;w;raleigh;royal coach;5927;27612;nc
B;G001321;1361;jessica;deseree;lee;30;f;w;concord;pebblebrook;4528;28027;nc
B;G001322;1362;wanda;hurley;byrd;56;f;w;lincolnton;meadowland;1353;28092;mi
B;G001323;1363;alan;russell;weimer;57;m;w;conover;2nd;401;28613;mo
B;G001324;1364;hollie;roper;pennell;41;f;w;lenoir;champion;3222;28645;nc
B;G001325;1365;tracy;lynn;crump;47;f;w;hickory;valley run;6039;28601;oh
B;G001326;1366;jessica;lyn;allen;33;f;w;lenoir;holly;1609;28645;va
B;G001327;1367;theresa;leeman;arenas;39;f;w;wilmington;briar creek;714;28411;va
B;G001328;1368;andrea;nicole;pennell;34;f;w;lenoir;grandin;4390;28645;nc
B;G001329;1369;james;marcus;mccloud;45;m;u;boone;hopewell church;1354;28607;nc
B;G001330;1370;brandon;dale;wickizer;37;m;w;lenoir;swanson;332;28645;
B;G001331;1371;joseph;lee;hoyle;30;m;w;lenoir;bernhardt;212;28645;nc
B;G001332;1372;david;boyd;whisnant;44;m;w;lenoir;corolla hills;2485;28645;nc
B;G001333;1373;ashley;wilson;bumgarner;33;f;w;lenoir;fairview;259;28645;
B;G001334;1374;elizabeth;marie;baker;47;f;w;hickory;18th av;48;28601;nc
B;G001335;1375;daniel;ray;keller;30;m;w;lenoir;virginia;125;28645;nc
B;G001336;1376;mark;thomas;aubrey;44;m;w;hudson;helena;4276;28638;nc
B;G001337;1377;wesley;carithers;mccarter;30;m;w;rural hall;brightsfield;601;27045;nc
B;G001338;1378;jennifer;leigh;kiziah;47;f;w;hudson;mission;2758;28638;nc
B;G001339;1379;thomas;alexander;bailey;27;m;w;hudson;cliffwood;106;28638;nc
B;G001340;1380;steve;raymond;helderman;64;m;w;goldsboro;april;105;27530;
B;G001341;1381;megan;courtney;deal;27;f;w;granite falls;westwood;5408;28630;
B;G001342;1382;lawrence;eugene;laws;40;f;w;hickory;gold creek bay;5669;28601;nc
B;G001342;1383;lawrence;eugene;laws;40;m;w;hickory;7th;412;28601;nc
B;G001343;1384;caleb;levi;hobbs;23;m;w;wilmington;shannon;226;28409;va
B;G001344;1385;joseph;james;poli;64;m;w;lenoir;johns ridge;2002;28645;ny
B;G001345;1386;sonya;justine;griffin;26;f;w;lenoir;timberlane;127;28645;nc
B;G001346;1387;angela;lail;yi;46;f;w;hickory;14th av;1215;28601;nc
B;G001347;1388;angel;clawson;ingram;36;f;w;marion;gurleigh;166;28752;nc
B;G001348;1389;melanie;dawn;cannon;49;f;w;granite falls;archer;78;28630;nc
B;G001349;1390;mitchell;eugene;lefever;45;m;w;granite falls;north main;100;28630;nc
B;G001350;1391;beverly;jean;spears;51;f;b;hickory;old lenoir;1328;28601;nc
B;G001351;1392;steve;allen;coffey;43;m;w;moravian falls;pearson;895;28654;nc
B;G001352;1393;keith;michael;clement;37;m;w;boone;meadowview;314;28607;md
B;G001353;1394;carl;;waters;78;m;w;lenoir;legion;485;28645;wv
B;G001354;1395;shannon;miller;triplette;49;f;w;granite falls;dudley shoals;932;28630;oh
B;G001355;1396;christopher;ben;buff;41;m;w;hickory;henry river;1521;28602;nc
B;G001356;1397;julia;elizabeth;wright;34;f;w;claremont;sparrow;1260;28610;nc
B;G001357;1398;camilla;coffey;stacy;77;f;w;lenoir;hawthorne;911;28645;nc
B;G001358;1399;jarrett;william;bradley;78;m;i;cherokee;acquoni;1108;28719;nc
B;G001359;1400;larry;joseph;phillips;53;m;w;lenoir;capital;3279;28645;nc
B;G001360;1401;jeanine;theresa;russell;34;f;w;lenoir;sheriffs;5364;28645;pa
B;G001361;1402;yulson;montrese;suddreth;30;m;b;lincolnton;cloudburst;1694;28092;nc
B;G001362;1403;andrea;leigh;karr;40;f;w;wilkesboro;dragway;361;28697;in
B;G001363;1404;asia;corrine;lewis;26;f;b;lenoir;charlie ridge;2382;28645;nc
B;G001364;1405;nathaniel;gay;young;50;m;b;elkin;ridge;121;28621;nc
B;G001365;1406;pamela;rae;dehlin;64;f;w;statesville;east elementary;605;28625;ca
B;G001366;1407;karl;phillip;kimball;61;m;w;hillsborough;woodbury;2100;27278;oh
B;G001367;1408;thomas;norton;cowart;37;m;w;durham;cedar elm;203;27713;va
B;G001368;1409;ashley;brooke;helton;32;f;w;granite falls;helton;4890;28630;nc
B;G001370;1410;kristi;nicole;whitaker;39;f;b;hudson;delmar;316;28638;nc
B;G001371;1411;jordan;lynn;mullinax;27;m;w;hudson;angle;3593;28638;nc
B;G001372;1412;robert;bradley;miller;39;m;w;lenoir;jason;526;28645;nc
B;G001373;1413;ashley;nicole;bumgarner;33;f;w;wilmington;lacewood;1104;28409;nc
B;G001374;1414;sandra;lee;arnold;46;f;w;lenoir;sharon;405;28645;md
B;G001375;1415;douglas;phillip;blevins;71;m;w;granite falls;connelly springs;2393;28630;nc
B;G001376;1416;sonja;sexton;murray;72;f;w;hickory;14th av;1175;28601;ky
B;G001377;1417;trace;bryan;cook;20;m;w;cullowhee;centennial;732;28723;nc
B;G001378;1418;taryn;looper;wesson;27;f;w;mount ulla;lentz;585;28125;nc
B;G001379;1419;marilynn;hagy;olson;77;f;w;hickory;selkirk;5755;28601;mn
B;G001380;1420;taylor;leigh;bray;28;f;w;elizabeth city;mt hermon church;744;27909;ga
B;G001381;1421;sondra;lynn;shelton;43;f;w;south mills;old swamp;407;27976;va
B;G001382;1422;jeannette;morris;johnstone;65;u;w;elizabeth city;burgess;203;27909;
B;G001383;1423;morris;ruffen;jones;72;m;w;barco;swains;127;27917;nc
B;G001384;1424;thomas;george;holt;46;m;w;camden;nc hwy 343;345;27921;ny
B;G001385;1425;dennis;r;white;40;m;w;south mills;culpepper;195;27976;va
B;G001386;1426;jeremy;ryan;mclain;34;m;w;apex;nc highway 751;696;27523;co
B;G001387;1427;melanie;brite;riggs;43;f;w;moyock;robert walker;245;27958;va
B;G001388;1428;jon;eric;thomas;20;m;w;elizabeth city;schwarzkopf;115;27909;ca
B;G001389;1429;eric;glenn;warren;37;m;w;hampstead;mooney;108;28443;nc
B;G001390;1430;alishia;rochelle;mcclenney;33;f;b;elizabeth city;westway;831;27909;mo
B;G001391;1431;paul;scott;hebden;35;m;w;south mills;horseshoe;514;27976;va
B;G001392;1432;sheena;denise;thorn;35;f;w;camden;shipyard;139;27921;va
B;G001393;1433;ellis;wade;dunn;66;m;w;morehead city;arendell;4004;28557;nc
B;G001394;1434;samuel;james;tyler;26;m;w;emerald isle;ocean;302;28594;il
B;G001395;1435;ian;norman;phillips dezalia;38;m;w;atlantic beach;fort macon;1010;28512;ks
B;G001397;1436;stephanie;garner;rill;38;f;w;newport;gray;193;28570;nc
B;G001398;1437;margaret;c;nelson;61;f;w;raleigh;clingmans;1000;27614;oh
B;G001399;1438;marty;dean;warren;52;m;w;vanceboro;stewart;328;28586;nc
B;G001399;1439;marty;dean;warren;52;m;w;falcon;west;7207;28342;nc
B;G001400;1440;julia;charles;lassiter;30;f;w;cullowhee;memorial;245;28723;nc
B;G001401;1441;susan;lynn;geiges;61;f;w;newport;sea trace;209;28570;ga
B;G001402;1442;gregory;paul;novicki;61;m;w;pink hill;central;304;28572;nc
B;G001403;1443;joseph;andrew;wade;43;m;w;hubert;lewis humphrey;115;28539;nc
B;G001403;1444;joseph;andrew;wade;43;m;w;hubert;deer run;110;28539;nc
B;G001404;1445;daniel;patrick;clark;55;m;w;beaufort;pine;310;28516;va
B;G001404;1446;daniel;patrick;clark;55;m;w;mocksville;crestview;154;27028;va
B;G001405;1447;denise;hope;commander;66;f;w;atlantic beach;atlantic;503;28512;fl
B;G001406;1448;michael;wayne;adkins;52;m;w;beaufort;glenda;204;28516;fl
B;G001406;1449;michael;wayne;adkins;52;m;w;clarendon;james b white;13477;28432;fl
B;G001407;1450;richard;loy;hoover;36;m;w;havelock;hollywood;210;28532;wa
B;G001408;1451;kaylin;michelle;hoeflaak;29;f;w;morehead city;bridges;2720;28557;
B;G001408;1452;kaylin;michelle;hoeflaak;29;f;w;wilmington;honey wood;908;28405;va
B;G001409;1453;jessica;ashton;parks robertson;37;f;w;morehead city;rochelle;112;28557;nc
B;G001409;1454;jessica;ashton parks;byrd;37;f;w;kinston;forrest;2622;28504;nc
B;G001410;1455;laura;dawn;griesmer;44;f;w;jacksonville;drummer kellum;273;28546;va
B;G001411;1456;cameron;s;thompson;31;m;w;hubert;abbitts branch;150;28539;
B;G001412;1457;david;brian;dunlow;49;m;w;newport;roberts;599;28570;va
B;G001413;1458;matthew;vincent;delsignor;32;m;w;morehead city;country club;4600;28557;fl
B;G001414;1459;thomas;brungart;keefer;52;m;w;morehead city;pamlico;210;28557;nc
B;G001415;1460;crystal;taylor;glass;42;f;w;newport;southwinds;129;28570;nc
B;G001416;1461;cynthia;maxwell;grote;46;f;w;cedar point;lookout ridge;109;28584;nc
B;G001417;1462;joseph;britton;poppell;52;m;w;newport;howard;225;28570;ga
B;G001418;1463;robert;gerard;domanski;57;m;w;swansboro;cedarwood;200;28584;mi
B;G001419;1464;robert;curtis;hickman;58;m;w;morehead city;riverside;111;28557;nc
B;G001420;1465;elwood;clayton;massey;85;m;w;emerald isle;lee;410;28594;nc
B;G001421;1466;helen;elizabeth;westbrook;50;f;w;newport;yacht club;152;28570;
B;G001422;1467;anna;delong;jones;76;f;w;emerald isle;lee;408;28594;va
B;G001423;1468;poneece;;nichols;61;f;w;newport;howard;353;28570;nc
B;G001424;1469;alan;marshall;horton;56;m;w;new bern;village;1309;28562;or
B;G001425;1470;vernon;r;bush;55;m;w;morehead city;yaupon;1009;28557;va
B;G001426;1471;lynn;johnson;woolard;66;f;w;goldsboro;airle;401;27530;nc
B;G001427;1472;james;garfield;spencer;85;m;w;winston salem;hannaford;1405;27103;nc
B;G001428;1473;william;barry;ryan;90;m;w;atlantic beach;club colony;104;28512;va
B;G001429;1474;kristopher;brian;lucas;38;m;w;havelock;patriot;105;28532;nc
B;G001430;1475;charles;brooks;marriner;57;m;w;dudley;sleepy creek;134;28333;
B;G001431;1476;teresa;gail;starnes;63;f;w;newport;pearson;635;28570;nc
B;G001432;1477;kristen;morton;turney;33;f;w;smithfield;brazil nut;122;27577;nc
B;G001433;1478;karen;watson;lietuvninkas;62;f;w;havelock;smith;103;28532;hi
B;G001434;1479;margaret;therese;hutnick;35;f;w;morehead city;fairway;3021;28557;dc
B;G001435;1480;gayle;marie;fricke;58;f;w;emerald isle;loblolly;308;28594;nj
B;G001436;1481;teresa;lynn;glover;51;f;w;wilson;davis farms;4415;27896;tn
B;G001437;1482;joan;elizabeth;bank;72;f;w;morehead city;35th;804;28557;mn
B;G001438;1483;robert;michael;mccosley;31;m;w;broadway;mercy;219;27505;tx
B;G001439;1484;amanda;nicole;pauli;31;f;w;newport;nine foot;446;28570;nc
B;G001440;1485;amanda;denise;williams;32;f;b;charlotte;ware;6808;28212;nc
B;G001441;1486;ruth;brainard;matthews;69;f;w;swansboro;creekside woods;14;28584;nc
B;G001442;1487;kenneth;michael;ide;77;m;w;atlantic beach;club colony;415;28512;mi
B;G001443;1488;melissa;marie;godwin;33;f;w;durham;lasalle;311;27705;nc
B;G001444;1489;jimmy;hugh;sebren;75;m;w;beaufort;olde towne yacht club;100;28516;la
B;G001445;1490;carolyn;honeycutt;gurganus;74;f;w;emerald isle;ocean;7303;28594;nc
B;G001445;1491;carolyn;honeycutt;gurganus;74;f;w;clayton;deer;2017;27527;nc
B;G001446;1492;catherine;cecilia;klein;73;f;w;new bern;coral;907;28560;dc
B;G001447;1493;joseph;harvey;peltier;55;m;w;pine knoll shores;hemlock;105;28512;va
B;G001447;1494;joseph;harvey;peltier;55;m;w;pleasant garden;whitt hunt;2159;27313;va
B;G001448;1495;steven;philip;street;43;m;w;morehead city;lake n shore;902;28557;nc
B;G001448;1496;steven;philip;street;43;m;w;sanford;cox maddox;200;27332;nc
B;G001449;1497;charlza;lynn;babcock;71;f;w;waynesville;crawford;410;28785;la
B;G001450;1498;thomas;mark;farlow;42;m;w;beaufort;hwy 70 beaufort;2475;28516;nc
B;G001451;1499;crystal;annette;thomason;32;f;w;newport;chatham;910;28570;ma
B;G001452;1500;robert;scott;sanders;61;m;w;greenville;avery;119;27858;mo
B;G001453;1501;carrie;caroline;clay;29;f;w;gloucester;nautilus;103;28528;nc
B;G001454;1502;carroll;i;page;79;f;w;beaufort;front;215;28516;al
B;G001455;1503;danielle;renee;adams;37;f;w;durham;miller;5007;27704;nc
B;G001456;1504;richard;derrick;whatley;30;m;w;wilmington;racine;438;28403;nc
B;G001457;1505;michael;lawrence;perry;30;m;w;cedar point;magens;116;28584;nc
B;G001458;1506;jason;matthew;barclift;42;m;w;winterville;hickory branches close;204;28590;va
B;G001459;1507;edwin;john;stetter;95;m;w;morehead city;barbour;303;28557;ky
B;G001460;1508;areial;gayle;arnold;26;f;w;salisbury;pickler;255;28144;nc
B;G001461;1509;cayla;michelle;brown;27;f;w;beaufort;laurel;620;28516;va
B;G001462;1510;cassandra;l;calwell;37;f;w;cary;springbrook;106;27518;nc
B;G001463;1511;jameson;elaine;whitfield;30;f;b;goldsboro;nelson;406;27534;nc
B;G001464;1512;nancy;poole;reyes;75;f;w;emerald isle;white water;109;28594;va
B;G001465;1513;harley;dallas;costley;44;m;w;havelock;bridle;104;28532;tx
B;G001466;1514;karen;holder;ramchandani;52;f;w;emerald isle;wyndtree;10532;28594;sc
B;G001467;1515;wharton;g;separk;69;m;w;raleigh;waterlow park;12613;27614;nc
B;G001468;1516;kim;joy;gualtieri;55;f;w;newport;croatan;120;28570;or
B;G001469;1517;gilbert;gordon;wagi;73;m;w;mills river;lost cabin;196;28759;nj
B;G001470;1518;sheryll;marie;fulmer;60;f;w;jacksonville;robinhood;124;28546;pa
B;G001471;1519;eileen;muldoon;boone;46;f;w;morehead city;widgeon;1905;28557;ct
B;G001472;1520;tammera;michelle;lyons;55;f;w;hubert;east ivybridge;204;28539;va
B;G001473;1521;david;windsor;barringer;52;m;w;kinston;cambridge;1713;28504;nc
B;G001474;1522;ryan;alan;gilbert;34;m;w;jacksonville;bennie;102;28540;ca
B;G001475;1523;alan;spencer;hill;28;m;w;newport;roberts;688;28570;nc
B;G001476;1524;thomas;spencer;rouse;78;m;w;morehead city;evans;2200;28557;nc
B;G001477;1525;kirsten;gay;burt;25;f;w;greenville;saddle;1533;27858;nc
B;G001478;1526;donna;clayton;spain;57;f;w;morehead city;sunny;3510;28557;nc
B;G001479;1527;jeremiah;daniel;bunting;31;m;w;havelock;china;109;28532;va
B;G001480;1528;james;willie;mcrae;50;m;b;fairmont;turkey branch;1527;28340;nc
B;G001481;1529;jennifer;hollowell;barber;46;f;w;atlantic beach;fort macon;114;28512;nc
B;G001482;1530;robert;jay;bergman;66;m;w;new bern;fields;825;28560;ny
B;G001483;1531;john;bryant;whitley;80;m;w;swansboro;jasmine north;402;28584;nc
B;G001484;1532;margie;grissett;tyndall;64;f;w;newport;camp view;703;28570;nc
B;G001485;1533;ana;marie;parker;36;f;w;peletier;rolling hill;128;28584;nc
B;G001486;1534;stephaine;marie;hoppe;34;f;b;fayetteville;kirkcaldy;423;28314;ny
B;G001487;1535;nigel;andrew;story;25;m;w;emerald isle;fawn;119;28594;tn
B;G001487;1536;nigel;andrew;story;25;m;w;cary;hidden oaks;111;27513;tn
B;G001488;1537;tony;allen;grimes;38;m;w;newport;kevin;308;28570;fl
B;G001489;1538;jenna;leigh;bryant;28;f;w;greenville;greene hall;917;27858;nc
B;G001490;1539;sybil;gene;mcclung;75;m;w;morehead city;reserve green;102;28557;wv
B;G001491;1540;heather;renee mccloud;vickers;35;f;w;wilmington;darlington;389;28403;nc
B;G001492;1541;barry;davis;evans;72;m;w;beaufort;macgregor;106;28516;fl
B;G001493;1542;courtney;mitchell;parker;25;f;w;pinetops;mitchell crossing;123;27864;nc
B;G001494;1543;john;henry;barwick;81;m;w;morehead city;westchester;207;28557;nc
B;G001495;1544;jennifer;ann weaver;duff;30;f;w;morehead city;mayberry loop;2202;28557;nc
B;G001496;1545;tamara;;scott crispino;49;f;w;newport;holly;304;28570;ny
B;G001497;1546;keith;alexander;fournier;26;m;w;newport;water;123;28570;nc
B;G001498;1547;barbara;kay;brun;36;f;w;newport;walking leaf;107;28570;nc
B;G001499;1548;jose;otilio;rodriguez;67;m;b;newport;paradise;113;28570;tx
B;G001500;1549;beverly;j;ghesquiere;71;f;w;durham;westridge;7;27713;mi
B;G001502;1550;jason;daniel;lewis;35;m;w;newport;coachman;110;28570;nc
B;G001503;1551;roberta;;gelin desrivieres;43;f;b;morehead city;bridges;612;28557;oc
B;G001504;1552;katherine;victoria;barthel;20;f;w;newport;kelly;1414;28570;
B;G001505;1553;savanna;;hersh;27;f;w;raleigh;devereux;600;27605;
B;G001506;1554;charles;elvis;schreckengost;40;m;w;swansboro;golden leaf;110;28584;
B;G001506;1555;charles;elvis;schreckengost;40;m;w;farmville;moye turnage;4509;27828;nc
B;G001507;1556;jesse;taylor;bensen;31;m;w;morehead city;crystal oaks;3200;28557;nc
B;G001508;1557;brianna;settiann;jones brix;25;f;w;wingate;wilson;211;28174;nc
B;G001509;1558;dustin;norris;spivey;25;m;w;marshallberg;second;132;28553;nc
B;G001510;1559;kelley;finch;maroules;44;f;w;cape carteret;anita forte;217;28584;nc
B;G001511;1560;ralph;elliott;chappell;70;m;w;winston salem;north wind;612;27127;nc
B;G001512;1561;gwen;ellen;snow;64;f;w;newport;kathryn;312;28570;ny
B;G001513;1562;visitacion;delapaz;baker;72;f;a;newport;coastal view;408;28570;oc
B;G001514;1563;ronald;ward;thompson;75;m;w;richlands;jesse williams;302;28574;nc
B;G001515;1564;pamela;;vaughen;69;f;w;waynesville;villa;49;28786;
B;G001516;1565;karen;bell;martin;40;f;b;beaufort;pearl;102;28516;nc
B;G001517;1566;ann;whaley;semones;44;f;w;newport;scot;508;28570;nc
B;G001518;1567;amber;taylor;raynor;36;f;w;richlands;angels haven;163;28574;
B;G001519;1568;marie;raper;barnette;80;f;w;wilson;queen anne;1218;27896;nc
B;G001520;1569;tarla;ezzell;howard;52;f;w;emerald isle;sunrise;404;28594;nc
B;G001521;1570;angela;marie;gates;46;f;w;havelock;mccotter;326;28532;mi
B;G001522;1571;rex;wayne;bowman;32;m;w;wilmington;hobart;2902;28405;hi
B;G001523;1572;tia;danielle;jones;37;f;w;lexington;pearl;243;27292;nc
B;G001524;1573;melissa;may;marsh;56;f;w;beaufort;steel tank;235;28516;ca
B;G001525;1574;mallory;booth;faircloth;32;f;w;trenton;richlands;564;28585;nc
B;G001526;1575;robert;ronald;frye;75;m;w;emerald isle;sandhill crane;204;28594;in
B;G001528;1576;anthony;shay;futrell;43;m;w;morehead city;shackleford;1508;28557;nc
B;G001529;1577;heather;renae;janney;34;f;w;prospect hill;nc highway 86 s;12397;27314;mo
B;G001530;1578;elaine;;griffiths;66;f;w;blanch;husk;673;27212;nj
B;G001531;1579;timothy;j;powell;55;m;w;matthews;wester ross;13414;28105;ky
B;G001532;1580;sharon;lea;bosetti;61;f;w;yanceyville;badgett sisters;6679;27379;
B;G001533;1581;hollie;barker;neathery;35;f;w;milton;norman barker;162;27305;nc
B;G001534;1582;ernest;gilbert;anderson;61;m;w;yanceyville;court;166;27379;va
B;G001535;1583;reginald;richard;reynolds;41;m;w;milton;dotmond;692;27305;ny
B;G001536;1584;gregory;lamont;lee;39;m;b;pelham;allison;4935;27311;nc
B;G001536;1585;gregory;lamont;lee;39;m;b;reidsville;hilltop;913;27320;nc
B;G001537;1586;john;esthus;willis;57;m;b;pelham;newnam;1074;27311;nc
B;G001538;1587;scott;dewey;lee;78;m;w;pittsboro;wild cherry;24;27312;oh
B;G001539;1588;brandon;l;poteat;37;m;b;charlotte;laurel hall;303;28223;va
B;G001540;1589;shelly;nicole;orr;28;f;w;laurinburg;airbase;18580;28352;ga
B;G001541;1590;douglas;james;stallings;55;m;w;franklin;sunrise ridge;112;28734;va
B;G001542;1591;rhonda;sue;holaday;50;f;w;leasburg;us highway 158 e;7374;27291;nc
B;G001543;1592;garime;dicenzo kamashi;henry;28;m;b;efland;ten oaks;928;27243;nc
B;G001545;1593;donnie;keith;mcdow;37;m;w;reidsville;butler lake;238;27320;nc
B;G001546;1594;michelle;clark;helton;27;f;w;carrboro;rock haven;100;27510;nc
B;G001547;1595;jesse;clyde;daniel;69;u;u;durham;mcgehee;2411;27707;
B;G001548;1596;graham;clifton;staley;43;m;w;reidsville;country club;1607;27320;nc
B;G001549;1597;mattie;coleman;senter;68;f;w;maiden;wildwood;108;28650;nc
B;G001550;1598;bonnita;kaye;moser;54;f;w;hickory;elizabeth;2064;28602;nc
B;G001551;1599;katherine;renee;pendergast;19;f;w;maiden;floyd laney farm;3603;28650;nc
B;G001552;1600;helen;;henry;84;f;b;newton;mt olive church;809;28658;
B;G001553;1601;frances;frey;stites;54;f;w;hickory;8th av;1045;28601;ms
B;G001554;1602;travis;wayne;downs;39;m;w;maiden;springhill;308;28650;
B;G001555;1603;christina;michelle;benfield;25;f;w;shelby;eaves;1526;28152;nc
B;G001556;1604;atava;denise;haggins;31;f;b;winston salem;kinnamon;2335;27103;nc
B;G001557;1605;seth;tyler;houston;24;m;w;hickory;24th st;2707;28601;nc
B;G001558;1606;kristin;townsend;fulcher;40;f;w;hickory;7th av;421;28601;nc
B;G001559;1607;jerisha;vonketria;farrer;28;f;b;hickory;9th av;625;28602;nc
B;G001560;1608;james;patrick;hickel;29;m;w;taylorsville;wood hollow;328;28681;nj
B;G001561;1609;jessica;shan;perz;31;f;w;hickory;23rd av;2468;28601;nc
B;G001562;1610;wesley;scott;dial;53;m;w;hickory;section house;3987;28601;nc
B;G001563;1611;anthony;david;pendasulo;71;m;w;conover;5th;312;28613;ny
B;G001564;1612;jody;ann;gagnon;60;f;w;newton;radio station;1584;28658;ma
B;G001565;1613;carolyn;byers;lewis;58;f;w;hickory;31st;290;28602;nc
B;G001566;1614;dana;kanipe;hoyle;49;f;w;newton;maple;1032;28658;
B;G001567;1615;angela;lee;nichols;39;f;w;conover;short tail;2021;28613;va
B;G001568;1616;wayne;gilbert;lentz;80;m;w;catawba;carlos;5086;28609;nc
B;G001569;1617;christian;mark alan;freitag;24;m;w;hickory;mulberry;1161;28602;mn
B;G001570;1618;amy;stiles;brendle;36;f;w;hickory;24th st;754;28602;nc
B;G001571;1619;terri;ann;lease;48;f;w;hickory;melton road;51;28601;wv
B;G001572;1620;patricia;jane;hayes;64;f;w;boone;center court;481;28607;nc
B;G001573;1621;devin;arnett;rudd;34;m;w;hickory;claridge;5671;28602;nc
B;G001574;1622;shiu hui;;chuang;31;f;a;chapel hill;union grove church;8609;27516;oc
B;G001575;1623;christi;rhoades;connor;45;f;w;conover;7th st;319;28613;nc
B;G001576;1624;bradley;mark;king;39;m;w;chapel hill;marcus;100;27514;nc
B;G001577;1625;eugene;charles;williams;83;m;w;sherrills ford;welborn;4564;28673;nc
B;G001578;1626;douglas;sean;lecompte;37;m;w;charlotte;destin;11532;28277;ny
B;G001579;1627;carole;morgan;knowles;81;f;w;hickory;26th;479;28601;nc
B;G001580;1628;gaither;stanford;hutchins;75;m;w;salisbury;faith;5350;28146;nc
B;G001581;1629;tanner;scott;helms;24;m;w;hickory;shakespeare;3896;28601;nc
B;G001582;1630;ivan;efrain;torres;69;m;o;sherrills ford;jacobs;1761;28673;oc
B;G001584;1631;peter;hamilton;ehart;26;m;o;sherrills ford;ingleside;6850;28673;ma
B;G001585;1632;norma;lee;wright;66;f;w;elk park;jones;140;28622;nc
B;G001586;1633;aaron;r;cool;40;m;w;sherrills ford;lynwood;5045;28673;va
B;G001587;1634;rose;risovich;archer;71;f;w;hickory;29th av;116;28601;oh
B;G001588;1635;jeremy;shawn;ledford;29;m;w;catawba;long bay;7685;28609;nc
B;G001589;1636;marquita;antonette;shuford;35;f;b;hickory;10th st pl;1176;28601;nc
B;G001590;1637;wendy;leigh;johnson;49;f;w;lincolnton;reepsville;3323;28092;nc
B;G001591;1638;mariah;elise;huffman;26;f;w;charlotte;stone park;4905;28269;nc
B;G001592;1639;jason;heath;foster;34;m;w;lincolnton;poarch;1898;28092;nc
B;G001594;1640;mary;bryant;harwell;35;f;w;claremont;hall dairy;4440;28610;nc
B;G001595;1641;roosevelt;;long;47;m;b;charlotte;waters trail;2320;28216;sc
B;G001596;1642;carla;lois;van zandt;64;f;w;hickory;2nd;2220;28601;tx
B;G001597;1643;danny;odell;whitfield;46;m;w;conover;willow ridge;1939;28613;tx
B;G001598;1644;vanessa;;perez;32;f;u;hickory;6th;2734;28601;ny
B;G001599;1645;david;alexander;hudson;47;m;w;maiden;island ford;403;28650;nc
B;G001600;1646;shelly;e;meadows;46;f;w;maiden;blackburn bridge;2299;28650;wv
B;G001600;1647;shelly;elizabeth;meadows;46;f;w;mooresville;jocelyn;149;28117;wv
B;G001601;1648;wendy;leigh;inglefield;57;f;w;franklin;cabin;59;28734;nm
B;G001603;1649;sallie;lee;geyer;59;f;w;maiden;sierra;5010;28650;va
B;G001604;1650;matthew;w;sytek;47;m;w;newton;11th;521;28658;
B;G001605;1651;kathleen;jessica;williams;34;f;w;hickory;42nd av;85;28601;nc
B;G001606;1652;katie;michelle;bodford;21;f;w;lewisville;fox ridge;250;27023;nc
B;G001607;1653;judith;mcree;harman;79;f;w;maiden;thunder;3573;28650;
B;G001608;1654;frederick;harding;martin;67;m;w;catawba;alley;6023;28609;
B;G001609;1655;pamela;baker;faw;47;f;w;newton;fairway;1850;28658;
B;G001610;1656;claudia;main;pless;56;f;w;hickory;11th;1545;28601;
B;G001611;1657;brandon;michael;huggins;20;m;w;newton;9th;715;28658;nc
B;G001612;1658;randy;thomas;schwingle;53;m;w;denver;st james church;3301;28037;wi
B;G001613;1659;jeffrey;derek;stone;32;m;w;hickory;20th;1110;28601;nc
B;G001614;1660;julia;elisabeth anne;morency;27;f;w;taylorsville;devil track;277;28681;fl
B;G001615;1661;amy;williams;hedrick;48;f;w;sherrills ford;gabriel;7301;28673;nc
B;G001616;1662;dakotah;shane;ledford;29;m;w;conover;fairgrove church;1125;28613;nc
B;G001617;1663;linda;smith;jordan;72;f;w;hickory;26th;2557;28601;nc
B;G001618;1664;aaron;tanner;mundy;27;m;w;maiden;oak valley;2474;28650;nc
B;G001619;1665;penny;hiatt;johnson;53;f;w;conover;monford;6641;28613;nc
B;G001619;1666;penny;hiatt;texeira;53;f;w;mount airy;slate mountain;743;27030;nc
B;G001620;1667;colter;timothy;little;26;m;w;charlotte;providence;6001;28226;nc
B;G001621;1668;steven;eugene;anderson;50;m;b;fayetteville;quailmeadow;1082;28314;nc
B;G001622;1669;philip;albert taylor;dellinger;45;m;w;hickory;9th st;1913;28602;nc
B;G001623;1670;william;bryan;lentz;41;m;w;hickory;7th;111;28601;nc
B;G001624;1671;rebecca;ann starnes;maulding;32;f;w;taylorsville;river hills;1278;28681;nc
B;G001625;1672;stephen;brian;mullins;40;m;w;huntersville;dunmore;8206;28078;nc
B;G001626;1673;laurie;marie;bramwell;53;f;w;hickory;grady;1326;28602;
B;G001627;1674;kimberly;sue;campbell;54;u;u;terrell;granite;3876;28682;
B;G001628;1675;eugene;raymond;fernandez;39;m;o;huntersville;mccoy;11824;28078;ny
B;G001629;1676;cheryl;bolen;melton;54;f;w;vale;jacob fork river;8450;28168;ga
B;G001630;1677;charles;franklin;williams;67;m;w;mocksville;magnolia;249;27028;
B;G001631;1678;nicholas;wayne;hughes;35;m;w;lincolnton;buffalo;1698;28092;mn
B;G001632;1679;leroy;dean;dellinger;64;m;w;lawndale;fallston;5730;28090;nc
B;G001633;1680;james;loyd;stepp;55;m;w;taylorsville;little river church;2266;28681;nc
B;G001634;1681;shirena;;james;37;f;b;hickory;11th;2932;28602;
B;G001635;1682;erin;elizabeth;drager;34;f;w;claremont;oxford school;5890;28610;oh
B;G001636;1683;kazzie;krystal;woodley;39;f;b;hickory;20th av;1910;28601;mi
B;G001637;1684;karen;denise;mitchem;63;f;w;crouse;crouse school;3569;28033;nc
B;G001639;1685;macon;edward;huffman;66;m;w;troutman;ashmore;129;28166;nc
B;G001640;1686;david;michael;boldon;41;m;w;marion;clear creek;1179;28752;nc
B;G001641;1687;ruthann;elizabeth;cline;21;f;w;claremont;julia;3400;28610;nc
B;G001642;1688;james;jordan;fuller;21;m;b;hickory;homestead;1303;28602;nc
B;G001643;1689;stephanie;gregory;tyson;35;f;w;iron station;arden gate;4988;28080;nc
B;G001644;1690;nita;claire;windon;34;f;w;catawba;hudson chapel;7355;28609;nc
B;G001645;1691;elise;ann;tome;29;f;w;lincolnton;myrtle hill;1890;28092;fl
B;G001646;1692;ronald;lee;miller;61;m;w;conover;bridges;1997;28613;nc
B;G001647;1693;kevin;james;leonard;59;m;w;conover;stadler;4010;28613;pa
B;G001648;1694;robin;neal;rudisill;60;f;w;newton;old latter;2028;28658;nc
B;G001649;1695;nicole;;mangiapane;34;f;w;morrisville;checkerberry;1008;27560;mi
B;G001650;1696;nicole;marie;shaffer;30;f;w;hickory;steel bridge;180;28601;pa
B;G001651;1697;jerry;lee;eckard;70;m;w;sherrills ford;little mountain;6777;28673;
B;G001652;1698;redonna;gilbert;skinner;54;f;w;maiden;fisherman s;4199;28650;nc
B;G001653;1699;william;gaston;morrison;61;m;w;hickory;8th st;1032;28601;
B;G001654;1700;william;h;wilson;77;m;w;hickory;24th av;1121;28601;ri
B;G001655;1701;john;t;lyerly;64;m;w;charlotte;buckspring;6916;28269;nc
B;G001656;1702;timothy;alan;phelps;40;m;w;mount ulla;childers;285;28125;
B;G001657;1703;john;rodny;mathews;39;u;u;hickory;12th;545;28601;
B;G001658;1704;roger;allen;tucker;73;m;w;mooresville;isle of pines;185;28117;md
B;G001659;1705;leah;michelle;boggs;48;f;w;newton;nance;1904;28658;nc
B;G001660;1706;phyllis;ann;moncsko;72;f;w;mount airy;beamer;469;27030;nc
B;G001661;1707;anita;dawn;mitchell;36;f;w;hickory;mitchell;2314;28602;nc
B;G001662;1708;glenda;ellen;clark hayes;47;f;w;hickory;abernethy park;5035;28602;nc
B;G001663;1709;ashlee;rae;cook;32;f;w;maiden;four c s;3993;28650;nc
B;G001664;1710;crystal;carswell;feimster;34;f;w;stony point;rosemont;89;28678;nc
B;G001665;1711;dana;alisha;hawkins;48;f;w;charlotte;park;3236;28209;ny
B;G001666;1712;margaret;louise;mills;41;f;w;mocksville;wandering;166;27028;ma
B;G001667;1713;justin;;mcalister;43;m;w;wendell;wheel barrel;6312;27591;fl
B;G001668;1714;kevin;robert;tapia;61;m;w;sherrills ford;mt beulah;3886;28673;tx
B;G001669;1715;nicki;rae;walker;28;f;w;vale;highway 10;9419;28168;nc
B;G001670;1716;angel;william;laboy;21;m;w;maiden;union;219;28650;nc
B;G001672;1717;juliet;sharon;armold;80;f;w;denver;gates;5114;28037;
B;G001673;1718;viet;quoc;nguyen;43;m;a;conover;spencer;631;28613;
B;G001674;1719;j len;dashaun;wilson;22;u;b;cullowhee;wcu norton;293;28723;nc
B;G001675;1720;carl;eugene;beardsworth;46;m;w;sherrills ford;shade tree;6892;28673;or
B;G001676;1721;marcella;javonda;dowdy;31;f;b;hickory;8th st;1749;28601;nc
B;G001677;1722;david;mabry;legrand;33;m;w;hickory;36th;711;28601;nc
B;G001678;1723;carla;kilby;billings;50;f;w;boomer;high rock;4061;28606;nc
B;G001679;1724;heather;lynn;locastro;29;f;w;maiden;main;404;28650;nc
B;G001680;1725;jered;nathan;clark;38;m;w;stanley;rock hollar;2037;28164;nc
B;G001681;1726;james;stephen;young;49;m;w;hickory;center;2425;28601;sc
B;G001682;1727;hailey;margaret;mathison;28;f;w;matthews;meadow lake;728;28105;
B;G001683;1728;thomas;ralph;kintner;69;m;w;salisbury;sea breeze;105;28144;in
B;G001684;1729;thomas;patrick;thornton;44;m;w;statesville;coolwood;125;28625;fl
B;G001685;1730;kimberly;dawn;phillips;51;f;w;bostic;dead end;191;28018;nc
B;G001686;1731;james;bradley;cobb;61;m;w;hickory;18th;1341;28601;
B;G001687;1732;corey;ashley;mckinney;41;m;w;lincolnton;buffalo shoals;207;28092;nc
B;G001688;1733;necole;elizabeth;lusk;29;f;w;mocksville;nc highway 801;5757;27028;nc
B;G001689;1734;donna;rae;bolduc;62;f;w;cornelius;nantz;18112;28031;nc
B;G001690;1735;claude;stevenson;beam;53;m;w;sherrills ford;shade tree;6918;28673;nc
B;G001691;1736;katherine;anne;martin;26;f;w;hickory;13th;1232;28601;sc
B;G001692;1737;jessica;ellis;nasrallah;38;f;w;charlotte;primm;2201;28216;nc
B;G001693;1738;jannis;caldwell;barnette;78;u;u;hickory;18th;1341;28601;nc
B;G001694;1739;roger;neal;staley;66;m;w;cornelius;mariner cove;7615;28031;nc
B;G001695;1740;patrick;michael;nollett;38;m;w;salisbury;woodleaf;2205;28147;ne
B;G001696;1741;kathy;ann;stange;63;f;w;hickory;12th st;3414;28601;in
B;G001697;1742;nathan;john;gould;41;m;w;huntersville;asbury chapel;11801;28078;mo
B;G001698;1743;anna;scarlett;meade;22;f;w;wilmington;cedar branch;233;28403;nc
B;G001699;1744;tiffany;ann;hammonds;31;f;w;taylorsville;basin creek;28;28681;oh
B;G001700;1745;kellus;antonio;sanchez;29;m;m;charlotte;ansley falls;6416;28217;nc
B;G001701;1746;jeremy;john;gmerek;47;m;w;mooresville;superior;124;28117;oh
B;G001702;1747;alice;helsabeck;mathews;50;f;w;hickory;woodhall;5946;28602;nc
B;G001703;1748;marielle;elizabeth;yohe;41;f;w;chapel hill;durant;300;27517;ct
B;G001704;1749;karamarie;;fecho;50;u;u;pittsboro;revmont;742;27312;
B;G001705;1750;michelle;mckenzie;bradian;23;f;w;sanford;abbott;402;27330;nv
B;G001706;1751;francine;;alfano;66;f;w;cary;vineyard mist;1542;27519;ny
B;G001707;1752;hassan;raheem;olivo;44;m;m;pittsboro;burnett;316;27312;ny
B;G001708;1753;michael;eugene;beck;48;m;w;pittsboro;grove park;120;27312;mi
B;G001709;1754;ellen;forderhase;de graffenreid;49;f;w;carrboro;old fayetteville;222;27510;ky
B;G001710;1755;laura;hardman;irvin;67;f;w;chapel hill;butternut;104;27514;sc
B;G001711;1756;jonathan;edward;buss;30;m;w;pittsboro;trace;143;27312;wi
B;G001711;1757;jonathan;edward;buss;30;m;w;boone;newland dorm;0;28608;wi
B;G001712;1758;james;ronald;wilson;75;m;w;chapel hill;old franklin grove;208;27514;wv
B;G001713;1759;william;daniel;crocker;41;m;w;apex;churchill falls;5006;27539;nc
B;G001714;1760;roger;;lee;57;m;a;cary;strathorn;917;27519;dc
B;G001715;1761;rebekah;ellen;bell;53;f;w;sanford;big sky;316;27330;nj
B;G001715;1762;rebekah;ellen;bell;53;f;w;hillsborough;old nc hwy 86;3409;27278;nj
B;G001716;1763;jon;;neal;46;u;w;pittsboro;small;198;27312;
B;G001717;1764;joseph;malcolm;dunn;70;m;b;pittsboro;woodbury;578;27312;va
B;G001718;1765;jordan;alyssa;mays;28;u;w;chapel hill;briar chapel;2396;27516;
B;G001719;1766;robert;baskin;cooper;48;m;w;carrboro;smith level;1000;27510;dc
B;G001720;1767;marvin;spencer;johnson;32;f;w;davidson;hudson;1329;28036;nc
B;G001721;1768;jacqueline;renee;buffalo;62;f;w;fayetteville;virginia;200;28305;nc
B;G001722;1769;mary;dieudonne;frantz;75;f;w;new bern;gentry;53;28562;md
B;G001723;1770;julie;boone;cummins;46;f;w;pittsboro;moon meadow;271;27312;
B;G001724;1771;christopher;phillips;brophy;36;m;w;durham;burch;823;27701;sc
B;G001725;1772;dena;louise;haugley;49;f;w;moncure;forest lake;84;27559;ny
B;G001726;1773;whitney;marie;benton;32;f;w;pittsboro;andrews store;1477;27312;sc
B;G001727;1774;freddie;lee;lambert;77;m;b;chapel hill;alexander;81603;27517;mo
B;G001728;1775;valentina;moreno;tengono;21;f;m;charlotte;vinca;9629;28213;oc
B;G001729;1776;larry;;bissette;66;m;w;bennett;nc highway 902;22395;27208;nc
B;G001730;1777;carolyn;keneipp;kang;43;f;o;morrisville;sterling green;2534;27560;oc
B;G001731;1778;john;norman;ritter;74;m;w;morrisville;folsom;706;27560;mn
B;G001732;1779;timothy;joseph;cye;76;u;u;bear creek;rosser;446;27207;
B;G001733;1780;thomas;robert;burr;62;m;o;charlotte;crystal downs;16328;28278;mi
B;G001734;1781;katherine;lynn;goldston;62;f;w;goldston;goldston glendon;1291;27252;
B;G001735;1782;stacy;lynn;schmidt;37;f;w;siler city;mount vernon springs;1296;27344;fl
B;G001736;1783;ginger;mclaurin;cook;36;f;w;staley;benjie williams;378;27355;
B;G001736;1784;ginger;valen;mclaurin;36;f;w;siler city;dogwood;913;27344;
B;G001737;1785;max;johann;krohn;35;m;w;taylorsville;molly reese;35;28681;nc
B;G001738;1786;jean;moore;sloop davis;90;u;u;wilmington;smith bay;1300;28405;
B;G001739;1787;joshua;holston;smith;47;m;w;chapel hill;oliver;114;27516;
B;G001740;1788;joseph;john;polcaro;83;m;w;pittsboro;lamont norwood;1821;27312;
B;G001741;1789;herbert;;lowry;57;m;i;siler city;ed clapp;2160;27344;nc
B;G001742;1790;blythe;lee;rose;87;m;w;moncure;north;460;27559;nc
B;G001743;1791;camaron;lucas;bryan;41;f;w;newton grove;houses mill;447;28366;nc
B;G001744;1792;elvin;;munn;63;m;b;sanford;hickory hill;3109;27330;nc
B;G001745;1793;travis;paul;stanley;48;m;w;apex;scotts ridge;402;27502;ky
B;G001746;1794;dale;randall;zuckert;48;m;w;carrboro;fidelity;105;27510;or
B;G001747;1795;robert;merrill;hendrickson;25;m;w;cary;eldridge;712;27519;dc
B;G001748;1796;charles;robert;mcginn;32;m;w;raleigh;pilots view;8412;27617;il
B;G001749;1797;molly;colleen;luby;44;f;w;ramseur;pleasant ridge;1423;27316;fl
B;G001750;1798;eric;preston;wales;63;m;w;asheboro;scott mtn rd;2686;27205;il
B;G001751;1799;daniel;thomas;sedlak;29;m;w;durham;crimson oak;121;27713;ny
B;G001752;1800;renee;christine;difranco;28;u;w;chapel hill;farrington point;1491;27517;
B;G001752;1801;renee;christine;difranco;28;f;w;apex;creek glen;6202;27502;ny
B;G001753;1802;carolyn;dwyer;bentley;36;f;w;apex;lyndenbury;205;27502;ca
B;G001754;1803;william;shannon;cameron;47;m;w;hillsborough;becketts ridge;2211;27278;nc
B;G001755;1804;debra;ann;lefton;50;f;w;clayton;wyndfall;234;27527;ny
B;G001756;1805;joyce;marie;greene;84;f;b;siler city;dolphin;900;27344;
B;G001757;1806;andrea;;young;60;f;w;chapel hill;lystra;1970;27517;dc
B;G001758;1807;robert;ancil;freiburghouse;77;m;w;chapel hill;great ridge;1921;27516;nj
B;G001759;1808;joshua;ar tai;edwards;39;m;b;pittsboro;alston;800;27312;
B;G001760;1809;louretta;v;fike;62;f;b;liberty;flynt;260;27298;
B;G001761;1810;george;andrew;matroni;57;m;w;apex;tunstall;206;27502;ny
B;G001762;1811;jacob;dmitry;denham;28;m;w;durham;university;4600;27707;oc
B;G001763;1812;david;granville;dougherty;76;m;w;carrboro;old fayetteville;222;27510;pa
B;G001764;1813;john;david;henry;66;m;w;shelby;mark;1012;28152;va
B;G001765;1814;rachel;anne;schlosser;23;f;w;durham;milan;1512;27704;
B;G001766;1815;thomas;a;kovacik;70;m;w;cary;garendon;500;27519;pa
B;G001767;1816;melissa;anne;kiner;42;f;w;pittsboro;hudson woods;85;27312;nc
B;G001768;1817;jaclyn;myers;johnson;39;f;w;raleigh;athens;844;27606;nc
B;G001769;1818;john;william;huffstetler;71;m;w;chapel hill;old greensboro;3500;27516;nc
B;G001770;1819;carol;meyer;little;46;f;w;goldston;rosemary;215;27252;nc
B;G001771;1820;marian;beth;powell;41;f;w;pittsboro;nc hwy 87;7239;27312;wv
B;G001772;1821;uzma;khatoon;khan;31;f;o;carrboro;estes drive;306;27510;
B;G001773;1822;sarah;rachel;howard;44;f;u;siler city;wellaway;493;27344;ct
B;G001774;1823;fae;grace;goodman;50;f;w;durham;chapel hill;2613;27707;mi
B;G001775;1824;torre;a;devito;57;m;w;cary;maynard;511;27511;ny
B;G001776;1825;dexter;allan;beals;72;m;w;carrboro;waterside;414;27510;ny
B;G001777;1826;john;reeves;carpenter;38;m;w;lincolnton;springs;999;28092;nc
B;G001778;1827;sean;michael;dillon;27;m;w;chapel hill;cedar lake;618;27516;pa
B;G001779;1828;danny;ray;williams;54;m;w;new hill;bosco;3901;27562;va
B;G001780;1829;melissa;dawn;hilliard;34;u;w;siler city;ike brooks;2082;27344;fl
B;G001781;1830;michael;todd;morris;54;m;w;ramseur;friendly;4453;27316;oc
B;G001782;1831;thomas;sylvester;hall;48;m;b;durham;rockport;4801;27703;nc
B;G001782;1832;thomas;s;hall;48;m;b;raleigh;erinsbrook;9101;27617;nc
B;G001783;1833;francine;monique;gray;30;f;b;durham;cornwallis;1707;27713;md
B;G001784;1834;elizabeth;daniell;lancaster;33;u;w;chapel hill;hamilton;40;27517;
B;G001785;1835;robert;theodore;schwachenwald;39;m;w;apex;poets corner;2406;27523;fl
B;G001786;1836;ellison;saharna;howard;40;f;b;durham;bainbridge;2909;27713;ny
B;G001787;1837;david;robert;hansen;31;m;w;pittsboro;tobacco;1024;27312;nj
B;G001788;1838;heather;michelle;walker;31;f;w;pittsboro;whites mh;1380;27312;nc
B;G001788;1839;heather;michelle;walker;31;f;w;ramseur;patterson grove;432;27316;nc
B;G001789;1840;randy;ray;sharp;63;m;w;cary;painted turtle;104;27519;mt
B;G001789;1841;randy;ray;sharp;63;m;w;chapel hill;hamilton;14;27517;mo
B;G001790;1842;joel;warren;moretz;38;m;w;boone;blairmont;209;28607;nc
B;G001791;1843;patricia;delinda;seiler;58;f;w;pittsboro;town lake;106;27312;la
B;G001792;1844;donald;;dunston;69;m;b;moncure;gade bryant;1804;27559;ct
B;G001792;1845;donald;laverne;dunston;69;m;b;hillsborough;dairyland;4716;27278;ct
B;G001793;1846;cynthia;hanson;brothers;50;f;w;durham;old fox;105;27713;ny
B;G001794;1847;margaret;ann;stone;70;f;b;cameron;bryant;814;28326;nc
B;G001795;1848;peter;frederick;bochenek;74;m;w;chapel hill;purefoy;111;27514;nj
B;G001797;1849;rita;christine;bigham;70;f;w;chapel hill;salem;1317;27516;nc
B;G001798;1850;william;jeffrey;maness;50;m;w;ramseur;elam;311;27316;nc
B;G001799;1851;brooke;astor;beeaker;25;f;w;chapel hill;hoey;90004;27517;il
B;G001800;1852;katie;marie;garland;31;f;w;apex;patriot;85;27523;ny
B;G001801;1853;jonathan;perry;micancin;40;m;w;hillsborough;nash;105;27278;
B;G001801;1854;jonathan;perry;micancin;40;m;w;chapel hill;barclay;130;27516;ny
B;G001802;1855;stephanie;michelle;eissens meacomes;38;u;u;chapel hill;bridgewater;57;27517;nc
B;G001802;1856;stephanie;michelle;eissens;38;f;w;cary;wards ridge;133;27513;nc
B;G001803;1857;dana;petty;sheffield;34;f;w;asheboro;friendly acres;640;27205;nc
B;G001804;1858;robert;eugene;diezi;68;m;w;cary;canyon bluff;204;27519;il
B;G001805;1859;cynthia;jane;parker;60;u;u;franklinville;kings way;3730;27248;
B;G001806;1860;georgia;marie;rothschild;65;f;w;cary;endhaven;804;27519;ny
B;G001807;1861;brittany;mae;dickens;29;f;w;goldston;coral;323;27252;
B;G001808;1862;shawn;lemonte;hensley;49;m;b;eden;brookside;128;27288;nc
B;G001809;1863;richard;lee;sullivan;24;m;w;carthage;lick creek;234;28327;nc
B;G001810;1864;carol;elizabeth;eberle;73;f;w;pittsboro;log barn;134;27312;fl
B;G001811;1865;james;allen;cochie;61;m;w;advance;old march;156;27006;oh
B;G001812;1866;marsha;h;henthorn;73;f;w;raleigh;cahill;10848;27614;nc
B;G001813;1867;celeste;simpson;hester;40;f;w;chapel hill;booker creek;2525;27514;nc
B;G001814;1868;sandra;;gonzalez;50;f;u;siler city;olympia;114;27344;oc
B;G001815;1869;kathleen;ann;padgett;53;u;u;chapel hill;timber creek;78;27517;
B;G001816;1870;james;bernard;delpapa;56;m;w;raleigh;st marys;2514;27609;nc
B;G001817;1871;joshua;grant;hawk;37;m;w;holly springs;gremar;156;27540;in
B;G001818;1872;susan;louise;knowles;33;f;w;pittsboro;hanks chapel;1537;27312;
B;G001819;1873;joseph;corey;bass;32;m;w;greenville;queen annes;410;27858;nc
B;G001819;1874;joseph;corey;bass;32;m;w;greenville;fairview;1910;27858;nc
B;G001820;1875;william;roy;pohlman;77;m;w;chapel hill;davie;60206;27517;ne
B;G001821;1876;pamela;fay;ciambotti;68;f;w;pittsboro;millbrook;600;27312;il
B;G001822;1877;chad;randall;oates;43;m;w;siler city;old coleridge;1702;27344;nc
B;G001823;1878;justin;wilhelm;snipes;31;m;w;siler city;driftwood;1009;27344;nc
B;G001824;1879;robert;peter;henning;59;m;w;pittsboro;rabbit;166;27312;ny
B;G001825;1880;rebecca;taylor;glascock;43;f;w;lillington;bogie landing;55;27546;va
B;G001826;1881;alirio;;estevez;49;m;o;sanford;providence hall;321;27330;oc
B;G001827;1882;samantha;lynn;duke;47;f;w;pittsboro;cotton;54;27312;nc
B;G001828;1883;jodie;nicolle;swisher;43;f;w;sanford;victory;2504;27330;oh
B;G001829;1884;anthony;ryan;cochran;41;m;w;stanley;forest ridge;1467;28164;va
B;G001829;1885;anthony;ryan;cochran;41;m;w;charlotte;brooksedge;8415;28216;va
B;G001830;1886;anthony;hsi tien;huang;42;m;o;greenville;cedar creek;2913;27834;oc
B;G001831;1887;timothy;dale;fulk;58;m;w;chapel hill;brookberry;238;27517;in
B;G001832;1888;monica;;bintz;37;f;w;durham;mallard;609;27701;ny
B;G001833;1889;adam;isaac;gensler;36;m;w;cary;albion;606;27519;ks
B;G001834;1890;jon;;koritz;33;m;w;apex;nc highway 751;1515;27523;va
B;G001834;1891;jon;thomas;koritz;34;m;w;chapel hill;dorset;101;27516;va
B;G001835;1892;dewang;satish;bhavsar;36;m;i;pittsboro;evergreen;176;27312;
B;G001836;1893;robert;charles;nelson;48;m;w;siler city;tanglewood;919;27344;
B;G001837;1894;keiser;aldon;shook;46;m;w;hiddenite;creeks end;174;28636;nc
B;G001838;1895;donald;patterson;lackey;46;m;w;hiddenite;mt wesley church;2028;28636;nc
B;G001839;1896;cole;thomas;whitehurst;19;m;w;taylorsville;windsor;183;28681;
B;G001840;1897;benjamin;quade;dockey;46;m;w;taylorsville;n bethlehem terrace;85;28681;nc
B;G001841;1898;penny;jolly;brown;54;f;w;taylorsville;robinette;3886;28681;nc
B;G001842;1899;cynthia;beaver;herndon;59;f;w;jacksonville;country club;1216;28546;
B;G001843;1900;william;vaughn;vannoy;24;m;w;taylorsville;fiddlers ridge;153;28681;nc
B;G001844;1901;glenn;franklin;linney;61;m;b;fayetteville;gooden;9455;28314;nc
B;G001845;1902;darius;alexander;byers;38;m;w;stony point;tomahawk;121;28678;nc
B;G001846;1903;jamie;suzanne;hornsby;30;f;w;king;boxer;1035;27021;nc
B;G001846;1904;jamie;suzanne;hornsby;30;f;w;yadkinville;taft;148;27055;nc
B;G001847;1905;johnny;lynn;kirby;48;m;w;taylorsville;browning;75;28681;nc
B;G001848;1906;emma;elizabeth;price;46;f;w;vale;smokey dan kennel;2602;28168;nc
B;G001849;1907;sandra;chapman;kepley;61;f;w;statesville;ashbrook;174;28677;nc
B;G001850;1908;kathryn;elizabeth;hartley;26;f;w;blowing rock;hartley hl;382;28605;nc
B;G001851;1909;ronald;kevin;ross;61;m;w;murphy;tims;408;28906;ok
B;G001852;1910;arlene;riddle;dockery;58;f;w;andrews;aquone;635;28901;nc
B;G001853;1911;curnis;;wilson;67;m;w;murphy;turkey ridge;121;28906;nc
B;G001854;1912;martha;lequire;hughes;73;f;w;murphy;mama s;5;28906;nc
B;G001855;1913;james;edwin;weis;47;m;w;murphy;honeybee;25;28906;oh
B;G001856;1914;nancy;way;dehart;63;f;w;hayesville;daytura;141;28904;nc
B;G001857;1915;glenda;gail;hughes;52;f;w;murphy;notla church;500;28906;ga
B;G001858;1916;richard;nathan;henderson;50;m;w;andrews;lazy bear;11;28901;nc
B;G001859;1917;sara;elizabeth;adamovich;45;f;w;raeford;rockfish;7084;28376;ne
B;G001860;1918;misty;dawn;williams;44;f;w;topton;little choga;2505;28781;nc
B;G001861;1919;jamie;lynn;hackett;41;f;w;elizabeth city;county;2008;27909;la
B;G001862;1920;william;sanders;coston;46;m;b;edenton;hicks;213;27932;nc
B;G001863;1921;ashley;patricia;jernigan;36;f;w;edenton;cabarrus;806;27932;nc
B;G001864;1922;donald;raymond;dove;64;m;w;edenton;schooner landing;177;27932;md
B;G001865;1923;pamela;jeanean;commander;54;f;b;edenton;broad;913;27932;nc
B;G001866;1924;kent;lee;tucker;49;m;w;salisbury;sherrills ford;2170;28147;mi
B;G001867;1925;timothy;gibson;fitch;28;m;w;edenton;mexico;344;27932;
B;G001867;1926;timothy;gibson;fitch;28;m;w;creswell;weston;951;27928;ct
B;G001869;1927;beverly;williams;elliott;56;f;b;edenton;church;223;27932;nc
B;G001870;1928;courtney;audrey;beasley;30;f;w;edenton;seaview;315;27932;nc
B;G001871;1929;melinda;perry;craddock;43;f;w;edenton;macedonia;1129;27932;nc
B;G001872;1930;jonathan;adam;stallings;37;m;w;hertford;beech springs;443;27944;nc
B;G001873;1931;susan;;mcrae;68;f;w;edenton;old hertford;375;27932;va
B;G001874;1932;sarah;sims;jones;77;f;w;edenton;edgewater;168;27932;al
B;G001875;1933;edwin;allen;christopher;45;m;w;elizabeth city;springvale;210;27909;ma
B;G001876;1934;reese;;crispen;70;m;w;tyner;yellow hammer;128;27980;ma
B;G001877;1935;robert;james;jackson;63;m;w;belhaven;pungo;1126;27810;ma
B;G001878;1936;robert;scott;beasley;26;m;w;edenton;surfside;525;27932;nc
B;G001879;1937;e;steve;smith;72;m;w;mooresboro;mckinney;3520;28114;nc
B;G001880;1938;lee;r;putnam;81;m;w;mooresboro;beachwood;1515;28114;nc
B;G001881;1939;antonio;marquette;briscoe;38;m;b;shelby;vernon;1907;28150;nc
B;G001882;1940;cameron;davis;blanton;63;f;w;shelby;three lakes;1909;28150;nc
B;G001883;1941;jennifer;lynn;baisden;30;f;w;old fort;sugar hill;836;28762;nc
B;G001884;1942;waylon;scott;lingerfeldt;48;m;w;kings mountain;el bethel;409;28086;sc
B;G001885;1943;jacob;evan;wilson;32;m;w;kings mountain;crystal brook;122;28086;nc
B;G001886;1944;fentricia;enzor;beaver;48;f;w;east flat rock;blue ridge;402;28726;ks
B;G001888;1945;michael;ray;pruett;37;m;w;ellenboro;hopewell;540;28040;nc
B;G001889;1946;martin;edward;philmon;61;m;w;charlotte;sugar hollow;1302;28214;nc
B;G001890;1947;morgan;clay;morrison;30;f;w;brevard;shepard;30;28712;nc
B;G001891;1948;amanda;louise;baird;32;f;w;lawndale;african violet;116;28090;ca
B;G001892;1949;robert;wayne;gammons;32;m;w;shelby;spake;1337;28150;nc
B;G001893;1950;oceanous;timothy;hardin;60;m;w;fayetteville;beaubien;4035;28306;sc
B;G001894;1951;hanna;mackenzie;bales;24;f;w;cherryville;sador;130;28021;
B;G001895;1952;aaron;scott;bostic;32;m;w;ellenboro;dycus;774;28040;nc
B;G001896;1953;alexis;leigh;bowen;27;f;w;shelby;creek;209;28150;nc
B;G001897;1954;emily;church;fowler;76;f;w;shelby;padgett;844;28150;nc
B;G001898;1955;julia;williams;reed;32;f;w;kings mountain;charles;612;28086;
B;G001900;1956;darryl;alexander;manley;57;m;w;grover;timberland;214;28073;nc
B;G001901;1957;charles;edward;haynes;29;m;b;charlotte;century oaks;2527;28262;nc
B;G001902;1958;katie;lea earl;chevalier;31;f;w;lawndale;oak grove clover hill ch;220;28090;nc
B;G001903;1959;danny;allen;eaker;49;m;w;cherryville;north shore;170;28021;nc
B;G001904;1960;carrie;elizabeth;johnson;35;f;w;charlotte;bordeaux;12013;28277;sc
B;G001905;1961;kelli;anderson;martin;50;f;w;shelby;hunter valley;1053;28150;nc
B;G001906;1962;anita;dexter;durant;78;f;w;hendersonville;greenville;1503;28792;ma
B;G001908;1963;patricia;lynn;bracken;63;f;w;kings mountain;tibor;106;28086;pa
B;G001909;1964;alba;;mendez;72;f;o;kings mountain;erskine;714;28086;oc
B;G001910;1965;kristian;leigh;deaton;24;f;w;lincolnton;baxter deaton;3111;28092;nc
B;G001911;1966;arthiando;lurgz;phillips;30;m;b;shelby;whisnant;504;28150;nc
B;G001912;1967;sonya;yvette;tallent;57;f;w;shelby;gordon;121;28152;nc
B;G001913;1968;edgar;eugene;passmore;78;m;w;shelby;mark;801;28152;
B;G001914;1969;krista;annette;smith;29;f;w;raleigh;ncsu wood;0;27607;nc
B;G001915;1970;lucille;hearn;wright;87;f;w;rutherfordton;rock;735;28139;nc
B;G001916;1971;staci;spake;hoyle;39;f;w;cherryville;harbor view;310;28021;wa
B;G001917;1972;sandra;barger;todd;70;f;w;grover;bettis;2910;28073;tn
B;G001918;1973;brittany;michelle;carita;31;f;w;charlotte;clavell;6523;28210;nc
B;G001919;1974;roger;allan;johannes;42;m;w;indian trail;bridleside;2018;28079;hi
B;G001920;1975;jeremy;curtis;johnson;41;m;w;marshville;hwy 218;5709;28103;nc
B;G001921;1976;citori;nicole;swink;21;f;w;fairmont;iona;1004;28340;
B;G001922;1977;tara;ellen;mauney;38;f;w;lawndale;charlie elliott;3450;28090;nc
B;G001923;1978;james;thomas;hinson;36;m;w;charlotte;thompson;1500;28216;nc
B;G001925;1979;yvette;michelle;whitley;51;f;w;casar;grady mcneilly;110;28020;al
B;G001926;1980;jessica;lee harden;lackey;32;f;w;cary;gold meadow;138;27513;nc
B;G001927;1981;lisa;carol;davis;55;f;w;shelby;polkville;1500;28150;nc
B;G001928;1982;kelly;jean;robinson;43;f;w;kings mountain;meadow;412;28086;
B;G001929;1983;william;joseph;elliott;45;m;w;kings mountain;ola;105;28086;az
B;G001930;1984;rodney;o neal;lattimore;43;m;b;shelby;williamson;1502;28150;
B;G001931;1985;erica;leigh;williams;36;f;b;kings mountain;kilgore;107;28086;la
B;G001932;1986;tina;brooks;culver;44;f;w;lincolnton;highway 150;5423;28092;nc
B;G001933;1987;sharmiece;aminata;dobson;38;f;b;raleigh;hearthridge;940;27609;pa
B;G001934;1988;kelly;joette;richardson;39;f;w;mayodan;ayersville;3268;27027;nc
B;G001935;1989;aaron;britt;miller;30;m;w;shelby;delta park;157;28150;
B;G001936;1990;sidney;brian thomas;hayes;27;m;w;whispering pines;martin;46;28327;nc
B;G001937;1991;samantha;marie;turner;33;f;w;shelby;foxcroft;913;28152;
B;G001938;1992;sara;hammel;karner;34;f;w;cherryville;oak point;120;28021;fl
B;G001938;1993;sara;kate;hammel;34;f;w;clayton;walden;2013;27527;fl
B;G001939;1994;amanda;sue;kohl;51;f;w;lawndale;casar belwood;927;28090;
B;G001940;1995;bobby;rayvon;canipe;50;u;u;lincolnton;lockridge;943;28092;
B;G001941;1996;karlene;constance;hartel;57;f;w;shelby;sulphur springs;1810;28152;nj
B;G001942;1997;anna;engstorm;rucker;29;f;w;ocracoke;cemetery;57;27960;nc
B;G001943;1998;garron;ernel;pressley;33;m;w;shelby;bear creek;400;28152;nc
B;G001946;1999;david;franklin;brown;63;m;w;brevard;rich mountain;1142;28712;nc
B;G001947;2000;charles;eric;murdock;48;m;b;charlotte;vickery;720;28215;nc
B;G001948;2001;steven;kanleel;byrd;25;u;b;shelby;friendship;1674;28150;
B;G001948;2002;steven;kahleel;byrd;25;m;b;greenville;exchange;1920;27858;nc
B;G001949;2003;johnny;lee;surratt;39;m;b;fayetteville;rosemary;219;28301;nc
B;G001949;2004;johnny;lee;surratt;39;m;b;charlotte;harrowfield;11420;28226;nc
B;G001950;2005;karen;elaine;falls;49;f;w;linden;hawkins;8731;28356;in
B;G001951;2006;anthony;wayne;millwood;63;m;w;grover;long branch;1237;28073;nc
B;G001952;2007;richard;m;canipe;74;m;w;kings mountain;marion;702;28086;nc
B;G001953;2008;kelly;lynn;tew;45;f;w;whiteville;sellers town;370;28472;nc
B;G001954;2009;henry;brian;leonard;43;m;w;clarendon;butler town;1040;28432;sc
B;G001955;2010;kayla;beth;fowler;29;f;w;clarendon;jim jolly;2563;28432;nc
B;G001956;2011;angela;denise;legette;59;f;b;whiteville;mill stream;116;28472;ny
B;G001957;2012;michael;leroy;daniels;36;m;o;wilmington;kennedy;1504;28401;
B;G001958;2013;marion;daphine;coleman;83;f;w;chadbourn;chappin;216;28431;nc
B;G001959;2014;kevin;grant;williamson;35;m;w;whiteville;maple;203;28472;nc
B;G001960;2015;denning;thomas;buchter;76;m;w;new bern;appenzell;105;28562;pa
B;G001961;2016;emily;annett;smith;41;f;b;whiteville;lewis;410;28472;
B;G001962;2017;saundra;carter;faircloth;49;f;w;cerro gordo;church;156;28430;sc
B;G001963;2018;santeidra;eunae;bland;34;f;b;bolton;sam potts;15133;28423;nc
B;G001965;2019;jacob;anderson;edmund;25;m;w;greenville;brook hollow;1629;27834;nc
B;G001966;2020;jaimie;dare;harwood;29;f;w;whiteville;mrs tates;563;28472;nc
B;G001967;2021;raymond;mcarthur;hill;75;m;w;chadbourn;peacock;12100;28431;nc
B;G001968;2022;lori;foronda;sloan;51;f;w;sanford;farrell;3205;27330;hi
B;G001969;2023;starr;juelle;nichols;24;f;b;whiteville;camp ground;332;28472;
B;G001970;2024;shannon;rose;king fowler;44;f;w;lincolnton;jacks;1493;28092;nc
B;G001971;2025;sheila;yvonne;thomas;56;f;b;tabor city;school;120;28463;pa
B;G001972;2026;iris;gail;smith;50;f;b;whiteville;joe brown;4253;28472;sc
B;G001973;2027;ashley;nicole;rouse;30;f;w;chadbourn;emily;555;28431;va
B;G001975;2028;willie;banks;batton;53;m;b;tabor city;pine circle;60;28463;sc
B;G001976;2029;emma;moore;blanks;67;f;b;elizabethtown;walker;103;28337;nc
B;G001978;2030;jasmine;yvette;mcclendon;26;f;b;chadbourn;brown;321;28431;nc
B;G001979;2031;eric;hubert;jenkins;44;m;w;whiteville;hallsboro;8363;28472;nc
B;G001980;2032;sue;davis;ward;65;f;w;clinton;boykin;193;28328;nc
B;G001980;2033;sue;davis;ward;65;f;w;warrenton;hazelwood;326;27589;nc
B;G001981;2034;patrick;oneal;mccormick;29;m;b;hallsboro;jockey;656;28442;nc
B;G001982;2035;aretha;mckenzie;matthews;47;f;b;whiteville;joe brown;4499;28472;nc
B;G001983;2036;christina;charnetta;small;28;f;b;raleigh;burtons barn;3738;27610;nc
B;G001984;2037;bianca;samone;faison;29;f;m;whiteville;mill pond;1740;28472;
B;G001985;2038;richard;gene;reynolds;52;m;w;delco;carroll;224;28436;nc
B;G001986;2039;trenton;kyle;ford;32;m;w;cerro gordo;hayes;3050;28430;nc
B;G001987;2040;iver;warren;edwards;56;m;w;clarkton;mercer mill brown marsh;10388;28433;nc
B;G001989;2041;yolanda;patrece;stephens;28;f;u;whiteville;martin luther king;108;28472;
B;G001990;2042;cynthia;lynn;coughlan;46;f;w;whiteville;summer;104;28472;va
B;G001991;2043;lisa;stanley;strickland;55;f;w;fair bluff;irvin enzor;486;28439;nc
B;G001992;2044;alice;faye;battista;55;f;w;whiteville;school house;146;28472;nc
B;G001993;2045;dina;;terry;46;f;b;clarkton;janiya;20;28433;nc
B;G001994;2046;billy;joe;farmer;58;m;w;lake waccamaw;lake shore;1700;28450;nc
B;G001995;2047;teresa;;lawson;51;f;b;raleigh;hewberry;3330;27610;nc
B;G001996;2048;suzanne;adams;craven;38;f;w;whiteville;smyrna;1003;28472;fl
B;G001997;2049;susan;lynn;dail;57;f;w;whiteville;inman lake;627;28472;sc
B;G001998;2050;samuel;earl;adams;36;m;b;whiteville;young;106;28472;nc
B;G001999;2051;toni;rae;rogerson;37;f;w;havelock;alexander;55;28532;nc
B;G002000;2052;donna;marie;strunk;63;f;w;vanceboro;millwood;121;28586;va
B;G002000;2053;donna;marie;strunk;63;f;w;elizabeth city;edgewood;1725;27909;va
B;G002001;2054;amelia;johnson;wilson;57;f;w;swansboro;otway burns;139;28584;ga
B;G002002;2055;jessica;diane;marshall;40;f;b;new bern;keener;250;28560;nc
B;G002003;2056;velenda;carlene;havens;64;f;w;grifton;gray hill;6708;28530;oh
B;G002004;2057;kristen;jennifer;duff;35;f;w;wendell;gaylee lake;306;27591;ky
B;G002005;2058;vincent;lee;richardson;64;f;b;farmville;brooks;3894;27828;nc
B;G002006;2059;dorothy;hamilton;humphrey;94;f;w;new bern;rivershore;4512;28560;ma
B;G002007;2060;nicholas;todd;gavin;33;m;b;new bern;scott;310;28560;va
B;G002008;2061;william;d;mcghee;76;m;w;durham;brightwood;3503;27703;nc
B;G002009;2062;jasmine;marie;sobalvarro;31;f;w;new bern;brunswick;3253;28562;ca
B;G002010;2063;sandra;schmitt;vreeland;77;f;w;new bern;vaud;104;28562;oh
B;G002011;2064;beverly;jean;martin;49;f;w;ernul;hills neck;1550;28527;mi
B;G002012;2065;phyllis;kaylyn;edens;26;f;w;new bern;oakley;154;28560;nc
B;G002013;2066;karen;presley;gower;69;f;w;new bern;judge manly;2938;28562;mi
B;G002014;2067;william;andrew;gower;68;m;w;new bern;rivertide;128;28562;nc
B;G002015;2068;teri;doggett;mcewen;42;f;w;greenville;brook;2003;27858;nc
B;G002016;2069;thomas;elma;burkart;71;m;w;washington;arrowhead;115;27889;sc
B;G002017;2070;diana;aqvino;davis;64;f;w;new bern;bowline;102;28562;ny
B;G002018;2071;ainslie;elliott;guion;57;f;w;cove city;trenton;323;28523;ky
B;G002019;2072;raven;davis;chitalo;37;f;w;pollocksville;us hwy 17;9533;28573;nc
B;G002019;2073;raven;renee;davis;37;f;w;pollocksville;us hwy 17;9533;28573;nc
B;G002020;2074;timothy;jay;erlitz;33;m;w;trenton;dogwood;151;28585;mn
B;G002021;2075;frances;maria;tracy;45;f;o;bridgeton;eastern shore townhouses;1;28519;
B;G002022;2076;joshua;kenneth;goddard;29;m;w;new bern;egret;345;28562;ny
B;G002023;2077;gregg;alan;covert;58;m;w;jacksonville;roosevelt;201;28540;nj
B;G002024;2078;jo ann;coats;morgan;81;f;w;new bern;quarterdeck townes;58;28562;nc
B;G002025;2079;bernard;gwinn;arnall;92;m;w;charlotte;cypress club;3738;28210;ky
B;G002026;2080;joan;mary;arnath;75;f;w;raleigh;cashew;4229;27616;nj
B;G002027;2081;alexis;nicole;rice;23;f;w;new bern;carolina;703;28562;me
B;G002028;2082;anna;nicole;smith;33;f;w;havelock;temples point;2645;28532;nc
B;G002029;2083;steven;lee;doin;61;m;w;hampstead;sand dollar;303;28443;ny
B;G002030;2084;lorraine;vivian;rice;64;f;w;raleigh;parkway;2724;27603;pa
B;G002031;2085;tonja;foye;staton;49;f;b;new bern;ashley;108;28562;nc
B;G002032;2086;laura;ann;vanfleet;42;f;w;havelock;hyde;24;28532;fl
B;G002033;2087;jolynn;nicole;glessner;37;f;w;new bern;brices creek;2329;28562;
B;G002034;2088;jerry;lee;bailey;54;m;b;hubert;huckleberry;132;28539;md
B;G002035;2089;jason;alexander;hancock;32;m;o;new bern;arbor green;4012;28562;va
B;G002036;2090;joseph;marty;allen;39;m;b;new bern;teakwood;106;28562;nc
B;G002037;2091;edward;anthony;finch;30;m;b;vanceboro;nichols;104;28586;
B;G002038;2092;tyler;james;hyslep;31;m;w;wilmington;march;807;28405;ma
B;G002039;2093;patrick;michael;dillon;40;m;w;chapel hill;kings mountain;103;27516;sc
B;G002040;2094;carlton;lee;drake;71;m;w;new bern;esquire;206;28562;nc
B;G002041;2095;mary;miller;noell;44;f;w;jacksonville;edgewood;230;28546;nc
B;G002042;2096;ashley;nicole;warren;25;f;w;new bern;colonial;1706;28560;nc
B;G002043;2097;melvin;thomas;hardy;35;m;w;fort bragg;arnhem;37;28307;nc
B;G002044;2098;christopher;j;maroules;63;m;w;new bern;brices creek;1508;28562;
B;G002045;2099;jennifer;marie;wilson;41;f;w;fuquay varina;willhaven;356;27526;oh
B;G002046;2100;dale;jewett;sullivan;69;f;w;new bern;bee tree;909;28560;va
B;G002047;2101;kimberly;dae;upchurch;49;f;w;new bern;boros;409;28560;nc
B;G002048;2102;courtney;l;cooper;22;u;b;new bern;morton;5309;28562;
B;G002049;2103;julieanna;elizabeth;heririven;22;f;w;new bern;fort;308;28560;nc
B;G002050;2104;john;willis;lawrence;27;m;w;raleigh;wade;705;27605;nc
B;G002051;2105;amanda;gray;hardison;30;f;w;cove city;wintergreen;2266;28523;nc
B;G002052;2106;seth;charles;crawford;37;m;w;new bern;holly berry;105;28560;co
B;G002053;2107;calton;grover;cannon;37;m;w;new bern;hopewell;102;28562;nc
B;G002054;2108;heidi;lee;mapp;42;f;w;manteo;toler;222;27954;ny
B;G002055;2109;kathryn;hopkins;benson;29;f;w;new bern;egret;403;28562;oh
B;G002056;2110;carol;yevette;price;36;f;w;new bern;bernhurst;305;28560;nc
B;G002057;2111;aimee;renee;chandler;34;f;w;vanceboro;summerlin;140;28586;va
B;G002058;2112;darrel;dawson;daniels;48;m;w;new bern;cleveland;1902;28560;nc
B;G002059;2113;jonathan;clayton;simms;34;m;w;new bern;mulberry;3;28562;pa
B;G002060;2114;pamela;sawyer;hughes;51;f;w;new bern;split oak;103;28562;nc
B;G002061;2115;marcia;jeanne;desilva;68;f;w;new bern;acorn;1996;28562;ma
B;G002062;2116;kelly;dawn;titus;34;f;w;havelock;gray;210;28532;hi
B;G002063;2117;greg;allen;morton;41;m;w;new bern;pilot;105;28562;nc
B;G002064;2118;ronald;nathan;sawyer;62;m;w;maple hill;skyline;165;28454;nc
B;G002065;2119;priscilla;mae;york;35;f;w;monroe;rockycreek;1911;28112;il
B;G002066;2120;james;pierce;harriett;68;m;w;new bern;hillsboro;108;28562;nc
B;G002067;2121;ginny;ragan;brosnan;44;f;w;new bern;white oak;5001;28562;nc
B;G002068;2122;bobby;carlton;darden;47;m;w;new bern;colleton;1039;28562;
B;G002069;2123;terrence;;barber;35;m;b;new bern;lombardi;224;28562;ny
B;G002070;2124;beverly;jean;harrell;62;f;w;new bern;drew;3141;28562;nc
B;G002070;2125;beverly;;harrell;62;f;w;new bern;drew;3141;28562;
B;G002071;2126;erica;olivia;jenkins;40;f;w;new bern;john willis;3112;28562;nc
B;G002072;2127;lloyd;sterling;bennett;59;m;w;new bern;us 17;2958;28560;nc
B;G002073;2128;princess;lee;bowen;41;f;b;new bern;colony;3706;28562;pa
B;G002074;2129;michelle;ann;grudowski;29;f;m;havelock;dogwood;104;28532;
B;G002075;2130;david;albert;thereault;62;m;w;greenville;bells;201;27858;va
B;G002076;2131;leander;;forbes;71;m;b;swansboro;whistling heron;415;28584;nc
B;G002077;2132;ramari;tiyell;thomas;20;m;b;new bern;copperfield;4020;28562;nc
B;G002078;2133;alfreda;tondra;rogers;53;f;b;new bern;cypress;506;28560;nc
B;G002079;2134;william;h;berkey;35;u;u;vanceboro;nc 118;2860;28586;mi
B;G002080;2135;john;william;fath;31;m;w;bath;kirby grange;144;27808;
B;G002080;2136;john;william;fath;31;m;w;greenville;tifgreen;3725;27834;sc
B;G002081;2137;thil;deaton;hurley;58;m;w;durham;stephens;5403;27712;nc
B;G002081;2138;thil;deaton;hurley;58;m;w;chocowinity;nc hwy 33;10214;27817;nc
B;G002082;2139;earline;;smith;63;f;w;vanceboro;us 17;11265;28586;nc
B;G002083;2140;edward;joseph;goenne;39;m;w;jacksonville;simpson;2500;28546;ct
B;G002084;2141;william;earl;long;59;m;w;new bern;james;115;28560;nc
B;G002085;2142;jaime;lynn;price;38;f;w;new bern;broad creek;1075;28560;nc
B;G002086;2143;angela;renee;gulledge;40;u;u;winterville;dunbrook;1000;28590;
B;G002087;2144;paula;gaskins;adams;42;f;w;new bern;myrtle grove;101;28562;nc
B;G002088;2145;megan;baxter;wright;32;f;w;albemarle;st martin;21077;28001;nc
B;G002089;2146;amjad;;hussain;67;m;o;eden;kennedy;127;27288;oc
B;G002090;2147;amanda;faye;heinisch;41;f;w;havelock;poplar;209;28532;nc
B;G002091;2148;carla;herman;soule;45;f;w;mebane;yarborough;7020;27302;
B;G002092;2149;joseph;cortez;blount;28;m;b;raleigh;south;118;27601;nc
B;G002093;2150;barry;hensley;hattaway;55;m;w;new bern;satterfield;411;28560;ga
B;G002094;2151;maggie;may;stewart;34;f;w;apex;grappenhall;1401;27502;nc
B;G002095;2152;caroline;norfleet;edwards;32;f;w;new bern;tack house;3321;28562;nc
B;G002096;2153;brenten;rhett;andersen;28;m;w;pembroke;university;1;28372;nc
B;G002097;2154;robert;glen;king;44;m;w;raleigh;strawbridge;108;27615;nc
B;G002098;2155;wayne;edwin;watts;53;m;w;new bern;forest oaks;211;28562;va
B;G002099;2156;hannah;elizabeth;dzimitrowicz;29;f;w;durham;fifteenth;704;27705;nc
B;G002100;2157;beulah;marie;lewis;57;f;b;new bern;windy;3618;28560;nc
B;G002101;2158;ricky;earl;roach;50;m;b;kinston;rouse;2005;28504;nc
B;G002102;2159;janie;sue;mciver;38;f;w;new bern;hunting wood;120;28560;
B;G002103;2160;david;andrew;collum;34;m;w;tarawa terrace;peleliu;639;28543;ca
B;G002104;2161;laurie;morgan;howard;21;f;w;new bern;hoods creek;2011;28562;nc
B;G002105;2162;james;christopher;wright;34;m;w;richlands;gum branch;6766;28574;il
B;G002105;2163;james;christopher;wright;34;m;w;raleigh;auston grove;1120;27610;il
B;G002106;2164;dorothy;moore;mearidy;72;f;b;new bern;helen;1305;28560;nc
B;G002107;2165;mychal;daijon;smith;33;m;b;new bern;glenburnie;106;28560;ca
B;G002108;2166;vanessa;wagner;potter;47;f;w;new bern;winchester;103;28562;nc
B;G002109;2167;pattie;b;king;69;f;w;grifton;grainger station;3575;28530;nc
B;G002110;2168;khadijah;patrice;bryant;24;f;b;goldsboro;benton;308;27530;nc
B;G002111;2169;john;lee;gardner;44;m;w;greenville;heath;800;27858;nc
B;G002112;2170;jacquelyn;leah;gates;32;f;w;kinston;breckenridge;500;28504;nc
B;G002113;2171;john;william;stallings;51;m;w;southern pines;fieldcrest;345;28387;va
B;G002114;2172;lauren;elizabeth;hooker;34;f;w;fayetteville;colgate;2505;28304;nc
B;G002115;2173;benjamin;scott;walther;37;m;w;wilmington;exuma;4563;28412;mn
B;G002116;2174;sonja;michelle;thomas;54;f;b;fayetteville;bent grass;4430;28312;nc
B;G002117;2175;lyn;nicole;mclean;33;f;b;fayetteville;andover;310;28311;nj
B;G002118;2176;rashauna;lynique;bethea;32;f;b;raeford;yellowstone;163;28376;nc
B;G002119;2177;alyson;courtney;beavers;32;f;w;fayetteville;baker;3117;28303;nc
B;G002120;2178;teresa;gray;britt;55;f;u;waynesville;oak;61;28786;nc
B;G002121;2179;erika;jacobs;joines;38;f;w;sanford;waters edge;2741;27330;nc
B;G002122;2180;joseph;albert;espinosa;52;m;u;jackson springs;pratt;152;27281;
B;G002122;2181;joseph;albert;espinosa;52;m;o;biscoe;sedberry;668;27209;ca
B;G002123;2182;elizabeth;g;mcintosh;49;f;w;fayetteville;marsh;5566;28306;oc
B;G002124;2183;sereatha;franklin;chatmon;50;f;b;cary;brokenshire;3919;27519;nj
B;G002125;2184;phillip;hughes;collins;54;m;w;hope mills;connaly;625;28348;nc
B;G002126;2185;angela;taylor;sydnor;52;f;b;fayetteville;shaw road;2239;28311;sc
B;G002127;2186;haywood;;edge;71;m;b;fayetteville;honeycutt;1127;28311;nc
B;G002128;2187;denise;fleming;lowe;65;f;w;fayetteville;countryside;6569;28311;nc
B;G002129;2188;roy;carlton;robinson;39;m;b;fayetteville;amanda;6530;28304;nc
B;G002130;2189;stanton;sherwin;mistak;36;m;w;wake forest;mcdowell;320;27587;nc
B;G002131;2190;rubby;lean;williams;62;f;b;fayetteville;colonial park;1409;28311;ct
B;G002132;2191;gary;joseph;groder;48;m;w;wilmington;spartan;330;28405;nc
B;G002133;2192;daniel;wayne;rogers;44;m;w;parkton;glenn;3619;28371;nc
B;G002134;2193;sherry;louise;young;57;f;w;fayetteville;harmon;6047;28314;pa
B;G002135;2194;rodric;earl;drake;49;m;w;spring lake;pine knoll;1151;28390;wi
B;G002136;2195;juan;;santiago;55;m;w;fayetteville;wimbledon;6849;28314;il
B;G002137;2196;lucinda;;gutierrez;47;f;o;hope mills;vardaman;3343;28348;ct
B;G002138;2197;rae;n;welsh;74;f;w;fayetteville;clarendon;906;28305;nc
B;G002139;2198;john;hayes;savage;45;m;w;wallace;main;533;28466;nc
B;G002140;2199;adrian;drake;madsen;46;m;w;fayetteville;bitteroot;324;28314;mn
B;G002141;2200;william;christopher;basmagy;59;m;w;sanford;oak branch;241;27330;ny
B;G002142;2201;melissa;ann;hill;46;f;b;spring lake;king;1308;28390;nc
B;G002143;2202;aja;cherie;gunning;38;f;b;fayetteville;adrian;7753;28314;fl
B;G002144;2203;gwendolyn;bell;fisher;51;f;b;fayetteville;emerson;3;28306;nc
B;G002145;2204;sandra;gomez;jones;51;f;o;fayetteville;cora lee;915;28303;
B;G002146;2205;leonard;bernard;bowden;50;m;b;fayetteville;lakecrest;3141;28301;nc
B;G002147;2206;xavier;joseph;williams;29;m;b;fayetteville;cedar creek;8262;28312;nc
B;G002148;2207;laura;marie;peterson;29;f;w;fayetteville;daughtridge;3644;28311;nc
B;G002149;2208;meredith;frazier;weipert;39;f;w;fayetteville;oakgrove;429;28314;
B;G002150;2209;tina;turner;jones;57;f;b;raeford;drew;172;28376;oh
B;G002151;2210;kirk;michael;mcginley;40;m;w;raleigh;crab orchard;1331;27606;ny
B;G002152;2211;bernadette;muna;breton;56;f;i;fayetteville;fisher;6364;28304;gu
B;G002153;2212;john;harvey;williams;88;m;w;fayetteville;southern;2514;28306;nc
B;G002154;2213;christopher;olodjuwan;bass;32;m;b;fayetteville;northumberland;409;28314;sc
B;G002155;2214;cosmos;james;williamson;58;m;o;fayetteville;blue heron;308;28314;
B;G002156;2215;margarete;annelises;knox oats;44;f;b;fayetteville;huckleberry;473;28311;nc
B;G002157;2216;marquita;shena;wells;38;f;b;raeford;stone gate;7206;28376;nc
B;G002158;2217;patricia;leighann;barr;30;f;w;raeford;magnolia;907;28376;nc
B;G002159;2218;jason;ernest;person;49;m;w;fayetteville;larwood;2438;28306;oc
B;G002160;2219;ashley;;bratcher;30;f;b;fayetteville;murchison;1200;28301;
B;G002161;2220;marquis;antwan;lambert;43;m;b;fayetteville;dominion;4714;28306;va
B;G002162;2221;dalaunika;;means;32;u;u;cameron;yorkshire;166;28326;
B;G002163;2222;robin;jane;myers;61;f;w;hope mills;timber grove;4331;28348;oc
B;G002164;2223;elizabeth;diane;gibson;28;f;w;fayetteville;montclair;908;28314;oc
B;G002165;2224;ja lana;kayla;daniel;28;u;u;fayetteville;basking ridge;5450;28314;
B;G002166;2225;johnny;lee;dawkins;31;m;w;raleigh;maiden;9;27607;nc
B;G002166;2226;johnny;lee;dawkins;31;m;w;raleigh;davie;218;27601;nc
B;G002167;2227;mercy;;igunbor;31;u;b;fayetteville;forest hills;1946;28303;
B;G002167;2228;mercy;osaro;igunbor;31;f;b;raeford;tahoe;121;28376;
B;G002168;2229;haley;mcpherson;edwards;27;f;w;dunn;courtney;189;28334;nc
B;G002169;2230;william;james;carter;52;m;b;fayetteville;harvey;2719;28301;nc
B;G002170;2231;randall;averette;moore;31;m;w;bahama;lowell;8818;27503;nc
B;G002171;2232;robert;eugene;crowe;67;m;w;fayetteville;summerlea;464;28311;wi
B;G002172;2233;jessica;nicole;freeman;31;f;b;fayetteville;newark;1629;28301;
B;G002172;2234;jessica;nicole;freeman;31;f;b;fayetteville;newark;1629;28301;
B;G002174;2235;isaiah;james;williamson;31;m;b;fayetteville;cassell;616;28311;ga
B;G002175;2236;marcus;lamar;hubbard;48;m;b;fayetteville;bragg;3719;28303;ga
B;G002175;2237;marcus;lamar;hubbard;48;m;b;elizabethtown;plum tree;112;28337;nc
B;G002176;2238;alexandria;paige;powers;28;f;w;stedman;1st;220;28391;sc
B;G002177;2239;tina;montrice;smith;30;f;b;erwin;jackson;208;28339;nc
B;G002178;2240;andrew;richard;distell;22;m;w;fayetteville;ellerslie;139;28303;fl
B;G002179;2241;monica;;thomas;54;f;b;fayetteville;daytona;4001;28311;pa
B;G002180;2242;nicholas;diandra;williams;46;m;u;fayetteville;starboard;3310;28314;
B;G002181;2243;stephanie;lynn;purser;41;f;w;fayetteville;habersham;1401;28304;oc
B;G002182;2244;trisha;;slehria;22;u;a;raleigh;park;109;27605;
B;G002183;2245;david;oliver;joyner;31;m;w;fayetteville;rolling hill;2408;28304;
B;G002184;2246;charles;lesley;thomas;40;m;b;fayetteville;cambridge arms;70;28303;tn
B;G002185;2247;david;keith;wagner;50;m;w;fayetteville;alco;1137;28311;pa
B;G002186;2248;george;ormond;howard;51;m;w;fayetteville;abbottswood;313;28301;nc
B;G002187;2249;genea;devon;rhodes;49;f;b;fayetteville;surrey;7023;28306;
B;G002188;2250;nicolas;michael;lazatin;20;m;a;boone;stadium justice dorm;189;28608;
B;G002189;2251;shannon;michelle;northrop;33;f;w;fayetteville;linwood;179;28306;ar
B;G002190;2252;kimberly;dawn;williams;45;u;w;fayetteville;briarcreek;2728;28304;
B;G002191;2253;charles;mac;eason;53;m;w;smithfield;yelverton grove;104;27577;nc
B;G002192;2254;kamari;nicole;haskins;23;f;b;fayetteville;corrinna;2006;28301;nc
B;G002192;2255;kamari;nicole;haskins;23;f;b;raeford;dunrobin;641;28376;
B;G002192;2256;kamari;nicole;haskins;23;f;b;raleigh;viewmont;4312;27610;nc
B;G002193;2257;margaret;lynnette;howard;41;f;b;salemburg;richard;458;28385;nc
B;G002194;2258;keith;adrian;davis;25;m;b;fayetteville;country club;932;28301;nj
B;G002195;2259;andrea;ruth;tam;70;f;w;spring lake;wilderness;1209;28390;nc
B;G002196;2260;stacie;marie;carter;37;f;i;rowland;donald terry;195;28383;
B;G002197;2261;jalen;rocille;mclain;24;m;b;wilmington;northchase;2620;28405;nc
B;G002198;2262;patrick;joseph;martin;22;u;w;hope mills;trevino;5759;28348;
B;G002199;2263;cleva;mae;blue;81;f;b;bladenboro;nc 211;11147;28320;nc
B;G002200;2264;kenneth;dale;kelly;55;m;w;fayetteville;stockport;7117;28303;ms
B;G002201;2265;benjamin;franklin;parran;57;m;b;spring lake;deerfield;106;28390;
B;G002202;2266;beatrice;;sidbury;55;f;b;raeford;wind swept;268;28376;ny
B;G002203;2267;shalon;moody;walsh;41;f;w;red springs;church;306;28377;wa
B;G002204;2268;benjamin;joseph;martin;66;m;w;hope mills;parkton;5415;28348;nc
B;G002205;2269;callie;gatson;davis;79;f;b;fayetteville;baywood;457;28312;la
B;G002206;2270;donald;james;granner;67;m;w;clayton;meadow loop;14;27527;oh
B;G002207;2271;racine;a;brown;33;f;b;fayetteville;snowhill church;146;28306;ny
B;G002208;2272;audrey;bennett;rodriguez;62;f;b;fayetteville;daybrook;5929;28314;
B;G002209;2273;david;matthew;jerkins;28;m;b;charlotte;carob tree;8263;28215;ny
B;G002210;2274;venus;contesia;hamilton;45;f;b;fayetteville;flintcastle;4712;28314;
B;G002211;2275;patricia;pelzer;wortham;56;f;b;fayetteville;lull water;2564;28306;dc
B;G002212;2276;burrell;van;hubbs;61;m;b;charlotte;yateswood;6609;28212;ny
B;G002213;2277;deseray;;fridia;30;f;b;sylva;music;31;28779;nc
B;G002213;2278;deseray;;fridia;30;u;b;smithfield;cambridge;109;27577;nc
B;G002214;2279;steven;ramey;sharp;44;m;w;fayetteville;klondyke;7827;28311;co
B;G002215;2280;deborah;ann;baysore;54;f;w;fayetteville;park;216;28305;mi
B;G002216;2281;shaneka;nicole;allen;38;f;b;fayetteville;sleepy hollow;1161;28311;il
B;G002217;2282;aaron;;venson;92;m;b;thomasville;salem;722;27360;nc
B;G002218;2283;harold;julian;mcdowell;57;m;b;fayetteville;mcarthur;735;28311;nc
B;G002218;2284;harold;j;mcdowell;57;m;b;elizabethtown;peanut plant;3314;28337;nc
B;G002219;2285;rebecca;sabel;wilkins;49;f;w;rocky mount;lafayette;1501;27803;
B;G002219;2286;rebecca;ann;wilkins;49;f;w;raleigh;saint pauls;2404;27614;nc
B;G002220;2287;paul;andrew;schulken;27;m;w;raleigh;greenleaf;3811;27606;nc
B;G002221;2288;sarah;lindsey;thornton;27;f;w;durham;chapel hill;2523;27707;
B;G002222;2289;wayne;randolph;monroe;53;m;u;charlotte;stoney trace;4709;28227;nj
B;G002223;2290;randall;lynn;lohrenz;61;m;w;rockingham;surginor;1905;28379;il
B;G002224;2291;lester;leroy;marois;66;m;w;fayetteville;wimbledon;6805;28314;oh
B;G002225;2292;amanda;may;young;31;f;w;wake forest;golden star;1045;27587;pa
B;G002226;2293;rahma;amour;issa;45;f;b;charlotte;ginger;2308;28213;oc
B;G002227;2294;karen;louise;gollins;57;f;w;fayetteville;barefoot;425;28306;ma
B;G002228;2295;lena;patrice;kelly;24;f;b;fayetteville;homestead;407;28303;nc
B;G002229;2296;juliet;lopez;mayoras;52;f;o;fayetteville;mirror lake;2425;28303;ca
B;G002230;2297;john;mark;smith;25;m;b;fayetteville;pleasant oak;1067;28314;
B;G002231;2298;meagan;a;williams;41;f;b;fayetteville;stamper;1043;28303;ga
B;G002232;2299;juan;m;guzman;31;m;u;fayetteville;kinkead;4438;28314;
B;G002233;2300;ivey;;cherry;46;m;b;fayetteville;carver oaks;6320;28311;nj
B;G002234;2301;carmen;yuki;graybeal;51;f;o;hope mills;pristine;1707;28348;az
B;G002236;2302;judy;ellen;drummond;66;f;w;spring lake;hillside;20;28390;ny
B;G002237;2303;cathy;sue;bundy;63;f;w;fayetteville;barefoot;150;28306;
B;G002238;2304;leticia;lavette;lide;42;f;b;durham;barry;2420;27704;nc
B;G002238;2305;leticia;lavetta;lide;42;f;b;parkton;remines;15;28371;nc
B;G002239;2306;peter;james;moore;27;m;w;fayetteville;colby;4211;28314;ga
B;G002240;2307;donnie;earl;mclaurin;46;m;w;hope mills;odom;2905;28348;nc
B;G002241;2308;franziska;magdalena;fabian;62;f;w;fayetteville;cumberland bay;2305;28306;oc
B;G002242;2309;syreeta;dawn;lyons;34;f;b;durham;firethorn;4;27712;nc
B;G002243;2310;corby;wayne;weaver;62;m;w;eastover;dunn;4420;28312;nc
B;G002244;2311;jessica;lynn;alexander;32;f;w;southern pines;grampian;110;28387;mi
B;G002245;2312;chris;howard;blanchard;49;u;u;hope mills;connaly;725;28348;
B;G002246;2313;anthony;lester;hammond;36;m;b;fayetteville;chesapeake;5102;28311;mi
B;G002247;2314;kashemi;lonette;henry;35;f;b;winston salem;jericho;4367;27105;
B;G002248;2315;delores;angella michell;moore;43;f;w;fayetteville;cherokee;1917;28303;al
B;G002249;2316;norman;jamal;whitaker;32;m;b;battleboro;seven bridges;2280;27809;nc
B;G002251;2317;sabrina;zabline;bennett;45;f;b;jackson springs;water oak;132;27281;nc
B;G002252;2318;alvin;douglas;chestnut;52;m;b;fayetteville;timberwood;6929;28314;il
B;G002253;2319;kimberly;anne;tamsett;47;f;u;fayetteville;judy;8420;28314;
B;G002254;2320;jason;evander;strickland;41;m;w;st pauls;mclean;403;28384;nc
B;G002255;2321;daniel;dewayne;ullom;47;m;w;hope mills;franklin;5770;28348;nc
B;G002256;2322;joyce;snead;bittner;67;f;w;fayetteville;quailridge;2205;28304;sc
B;G002257;2323;michael;ray;liles;65;m;b;raeford;hillcrest;300;28376;nc
B;G002258;2324;christina;marie;allen;40;f;w;raeford;lochwood;138;28376;oh
B;G002259;2325;antuwon;hezekiah;butler;28;m;b;fayetteville;hawley;352;28301;nc
B;G002260;2326;darnell;thomas;brown;29;m;b;spring lake;wapiti;206;28390;nc
B;G002261;2327;erica;lynn;hicks;55;f;b;raeford;neely;112;28376;nj
B;G002262;2328;david;ryan;glenn;33;m;w;roper;gourd neck;674;27970;nc
B;G002263;2329;judy;r;greene;47;f;b;durham;guess;3835;27705;pa
B;G002264;2330;hilary;;florence;31;f;b;durham;fayetteville;1801;27707;nc
B;G002265;2331;donald;demetruis;rogers;30;m;b;fayetteville;juliet;5043;28303;nc
B;G002266;2332;rochelleo;jermaine;williams;35;m;b;fort bragg;monteburg;215;28307;nc
B;G002267;2333;tammy;lynn;stewart;51;f;w;fayetteville;lull water;2466;28306;
B;G002268;2334;chigozirim;;okey nwamara;27;f;b;chapel hill;franklin;1513;27514;oc
B;G002269;2335;janel;anthony;johnson;42;m;b;hope mills;akron;3021;28348;
B;G002270;2336;hannelore;;ringer;32;f;b;hope mills;crepe myrtle;5716;28348;va
B;G002271;2337;brittany;alexandria;caudle;27;f;b;fayetteville;murchison;1200;28301;nc
B;G002272;2338;tiani;chanel;gay;25;f;b;charlotte;pedlar mills;15714;28278;oh
B;G002273;2339;christina;dawn;iding;40;f;w;mooresville;shearers;1052;28115;fl
B;G002274;2340;dante;devon;carpenter;25;m;b;fayetteville;fairpoint;7446;28314;nc
B;G002275;2341;jarred;allen;miles;23;m;w;fayetteville;three wood;709;28312;nc
B;G002276;2342;thomas;warren;baker;68;m;w;eastover;middle;2110;28312;nc
B;G002277;2343;roberta;mcmillian;rivers;76;f;b;fayetteville;hickory hill;3004;28301;nc
B;G002278;2344;lisa;burden;lesane;51;f;b;elizabethtown;twisted hickory;2981;28337;nc
B;G002278;2345;lisa;burden;lesane;51;f;b;elizabethtown;twisted hickory;2981;28337;nc
B;G002278;2346;lisa;burden;lesane;51;f;b;raleigh;netherfield;1615;27610;nc
B;G002279;2347;jenny;leigh;gil;21;f;w;fort bragg;caquiny;241;28307;ga
B;G002280;2348;gabrielle;latricie;james;23;f;b;fayetteville;flanagan;2224;28304;wa
B;G002281;2349;reginald;;mcdonald;47;m;b;fayetteville;veanna;1705;28301;nc
B;G002282;2350;charles;ray;brown;32;m;w;goldsboro;oak knoll;104;27530;
B;G002283;2351;anita;renfro;freeman;43;f;w;hope mills;colorado;3910;28348;tx
B;G002284;2352;la darrell;kenneth;gilmore;43;m;b;fayetteville;frink;601;28301;nc
B;G002285;2353;akilah;;lobban;28;u;u;fayetteville;heatheridge;202;28311;
B;G002286;2354;jamal;shaquan;long;28;m;b;gaston;old emporia;1116;27832;
B;G002287;2355;brett;michael;gibbens;33;m;w;fayetteville;southwick;417;28303;il
B;G002288;2356;david;charles;selden;47;m;w;fayetteville;twin creek;6920;28314;nc
B;G002289;2357;joseph;john;kucan;43;m;w;fayetteville;corning;495;28314;pa
B;G002290;2358;april;mcgirt;henderson;39;f;b;fayetteville;toledo;1792;28306;nc
B;G002291;2359;ronald;taylor;robinson;58;m;w;franklin;stonebrook;16;28734;ga
B;G002292;2360;elaine;graham;turnipseed;55;f;b;charlotte;robert burns;9410;28213;nc
B;G002293;2361;gregory;lamar;mayfield;51;m;b;fayetteville;carolee;1300;28314;pa
B;G002294;2362;darnell;devon;oatman;48;m;b;elizabeth city;shillingtown;899;27909;dc
B;G002295;2363;jason;paul;dellarusso;39;m;w;hope mills;maidstone;5915;28348;nc
B;G002296;2364;michelle;loyd;thompson;51;f;w;fayetteville;regiment;3463;28303;nc
B;G002298;2365;antony;santillan;ortiz;47;m;u;fayetteville;sedberry;225;28305;
B;G002299;2366;sam;chandler;weaver;32;m;w;davidson;magnolia;333;28036;dc
B;G002300;2367;cassandra;manguerile;byrd;30;f;b;raleigh;long meadow;3100;27613;nc
B;G002301;2368;anthony;vincent;decandia;46;m;w;chapel hill;gimghoul;740;27514;sc
B;G002302;2369;unique;;marsh;21;f;b;durham;weaver;3007;27707;
B;G002303;2370;derrick;vaughn;mcneill;48;u;u;fayetteville;oakland;308;28301;
B;G002304;2371;jerahmie;lincoln;arrington;31;m;m;fayetteville;morrozoff;5228;28306;dc
B;G002305;2372;adrienne;graye;ezzell;31;f;w;woodlake;river birch;759;28394;nc
B;G002306;2373;susan;elaine;stenger;60;f;w;cameron;hayden;95;28326;il
B;G002307;2374;gregory;john;boston;49;u;b;fayetteville;thorndike;3639;28311;
B;G002308;2375;dennis;lee;jackson;86;m;w;wilmington;wetland;125;28412;nc
B;G002309;2376;daniel;asher;hutchins;43;m;w;morrisville;gazebo;2421;27560;ca
B;G002310;2377;claudia;patricia;graham;42;f;w;goldsboro;old smithfield;2303;27530;
B;G002311;2378;shawn;david;waggoner;31;m;w;hope mills;king hiram;5946;28348;nc
B;G002312;2379;jacqueline;mcdowell;norman;50;f;b;fayetteville;english;819;28314;ms
B;G002313;2380;holly;lynn;fulcher;34;f;w;fayetteville;rosemeade;3045;28306;nc
B;G002314;2381;josh;michael;swarts;44;m;w;fayetteville;broadmore;809;28314;
B;G002315;2382;robert;mccrary;strickland;29;m;w;stedman;minnie vada;1471;28391;nc
B;G002316;2383;brian;keith;weigle;51;m;w;fayetteville;lainey;3410;28314;wv
B;G002317;2384;shaquana;rochelle;jones;30;f;b;cameron;heritage;818;28326;nc
B;G002318;2385;leah;melissa;osae;23;f;b;cary;oxford;1214;27511;nc
B;G002319;2386;timothy;elijah;edwards;34;m;b;winston salem;highland;941;27101;nc
B;G002320;2387;cindy;kay;hickox;41;f;w;thomasville;bell;220;27360;nc
B;G002320;2388;cindy;kay;hickox;41;f;w;randleman;caudle;613;27317;nc
B;G002321;2389;mark;andrew;tate;54;m;w;wilmington;woods edge;4712;28409;va
B;G002321;2390;mark;andrew;tate;54;m;w;semora;fox lair;828;27343;va
B;G002322;2391;edward;;dawson;32;u;u;raleigh;west;202;27603;
B;G002323;2392;willis;allen;edge;30;m;w;burgaw;pinkney;1547;28425;nc
B;G002324;2393;monica;danielle;belin;37;f;b;eastover;joncee;1705;28312;nc
B;G002325;2394;pedro;luis;martinez;53;m;o;linden;tourmaline;8434;28356;oc
B;G002326;2395;robert;lee;carr;52;u;b;wilmington;princess place;4006;28405;
B;G002327;2396;dustin;keith;williams;33;m;w;fayetteville;ryan;7246;28314;nc
B;G002328;2397;roshawn;alita lavette;ritter;42;f;b;fayetteville;crooked creek;532;28301;nc
B;G002329;2398;roxanne;marie;lyons;33;f;w;lakeview;camp easter;285;28350;nc
B;G002329;2399;roxanne;marie;lyons;33;f;u;lumberton;meadowview;3750;28358;
B;G002330;2400;ashley;nichole;price;31;f;b;fayetteville;tin lizza;8727;28314;oc
B;G002331;2401;james;matthew;williams;51;m;b;fayetteville;cottonwood;7775;28314;nc
B;G002332;2402;antonio;devon;overton;37;m;b;fayetteville;reedy creek;7319;28314;nc
B;G002333;2403;philip;christopher;hall;47;m;w;fayetteville;mccloskey;736;28311;wv
B;G002334;2404;mark;joseph;wisniewski;56;m;w;jacksonville;corey;190;28546;pa
B;G002335;2405;charles;jermaine;collins;43;m;b;fayetteville;andover;549;28311;ny
B;G002336;2406;gary;micheal;smith;66;m;w;fayetteville;cliffdale;6258;28314;
B;G002337;2407;joyce;cross;alford;73;f;b;fayetteville;graham;2560;28304;
B;G002339;2408;loren;elee;davis;52;m;b;fayetteville;maloney;310;28301;nc
B;G002340;2409;evelyn;;mcarn;50;f;b;fayetteville;calamar;7095;28314;nj
B;G002341;2410;thomas;lee;thigpen;38;m;w;stedman;bainbridge;1057;28391;nc
B;G002342;2411;jovita;arleen;simons;62;u;b;fayetteville;edmeston;5748;28311;ny
B;G002343;2412;jocelyn;michelle;hunt;25;f;w;stedman;blake;6429;28391;az
B;G002344;2413;alina;kelly;rippy;40;f;b;lincolnton;crestview;210;28092;nc
B;G002345;2414;hanha;l;hobson;24;f;m;chapel hill;heritage;243;27516;
B;G002346;2415;nathan;joseph;tyron;24;m;w;fayetteville;rustic haven;4559;28311;nc
B;G002347;2416;mathew;loyal;fitch;49;m;w;hope mills;rossendale;404;28348;ca
B;G002348;2417;sarah;elizabeth;jackson;45;f;w;fort bragg;torrijos;113;28307;va
B;G002349;2418;jamario;devante;covington;23;m;b;fayetteville;caviness;1928;28314;wa
B;G002350;2419;altavier;jovante;young;22;m;b;fayetteville;alleghany;517;28304;md
B;G002351;2420;christina;lynn;thurber;29;f;w;pinehurst;beryl;14;28374;oc
B;G002352;2421;samuel;duncan;hutchison;21;m;w;fayetteville;plum ridge;2632;28306;nc
B;G002353;2422;michael;daniel;miller;24;m;w;spring lake;cliffs;854;28390;nc
B;G002354;2423;anthony;ray;hunt;38;m;i;fayetteville;winterberry;908;28314;ca
B;G002355;2424;eric;devone;sanders;32;m;b;clinton;crumpler lake;60;28328;nc
B;G002356;2425;alysia;marie;palumbo;30;f;w;fayetteville;offing;358;28314;ny
B;G002357;2426;tony;d angelo;womack;18;m;b;hope mills;sagamore;5716;28348;fl
B;G002358;2427;waynnettah;lynn;chavis;51;f;i;fayetteville;southview;746;28311;nc
B;G002359;2428;marvin;;taylor;54;m;b;fayetteville;villagio;730;28303;nc
B;G002360;2429;angela;annette;davis;53;f;b;godwin;lauren;145;28344;nc
B;G002361;2430;nicolee;;knowles;46;f;w;carrboro;hargraves;103;27510;nc
B;G002362;2431;william;hyde;carr;46;m;w;fayetteville;drury;3114;28303;
B;G002362;2432;william;hyde;carr;46;m;w;durham;north creek;908;27707;nc
B;G002363;2433;lakisha;monique;hearon;34;f;b;fayetteville;devoe;607;28314;
B;G002364;2434;ernestine;;barnes;68;f;w;fayetteville;oak knolls;1235;28314;in
B;G002367;2435;joseph;sidney;johnson;32;m;b;hope mills;achilles;4215;28348;nc
B;G002368;2436;kimberly;punani;duarte;36;f;w;fayetteville;chalmers;5712;28311;hi
B;G002369;2437;joni;elizabeth;wiles;48;f;w;fuquay varina;sunset;301;27526;va
B;G002370;2438;jeffery;leon;scott;36;m;b;fayetteville;cliffdale;8581;28314;pa
B;G002371;2439;james;michael;strickland;52;m;b;fayetteville;alan;627;28314;
B;G002373;2440;anthony;david;mendez;32;m;o;raeford;castle creek;236;28376;oc
B;G002376;2441;karolyn;sue;grafel;33;f;w;lumberton;pine run;1103;28358;ks
B;G002377;2442;kimberly;renee;jackson;50;f;b;fayetteville;yellowbrick;2068;28314;ny
B;G002378;2443;cedric;;mclain;46;m;b;laurinburg;stratford;12940;28352;ny
B;G002379;2444;diamond;aniya;whitted wooten;24;f;b;fayetteville;deep creek;1105;28312;nc
B;G002380;2445;david;andrew;ham;48;m;w;fayetteville;courtyard;262;28303;nc
B;G002381;2446;preston;randolph;mayer;37;m;b;fayetteville;duncastle;4720;28314;
B;G002382;2447;becky;lynn;lesane;48;f;i;lumberton;godwin;515;28358;nc
B;G002383;2448;gwendolyn;elizabeth;campbell;45;u;b;linden;dusty;260;28356;
B;G002384;2449;aracelis;;pabon ramos;44;f;o;fort bragg;martin;131;28307;pr
B;G002385;2450;zusmekia;terante;harrington;41;m;b;raeford;stubbs;312;28376;nc
B;G002386;2451;kayla;lee;mcintosh;28;f;w;st pauls;willoughby;178;28384;ny
B;G002387;2452;michelle;angelique;sampson;46;f;b;wilmington;13th;724;28401;nc
B;G002388;2453;jamaal;ishmiel;griffin;29;m;b;spring lake;stone cross;508;28390;
B;G002389;2454;alexander;william;cline;60;m;w;fayetteville;king;8541;28306;nj
B;G002390;2455;cyrus;;suiter;56;m;b;margarettsville;high bridge;2179;27853;nc
B;G002391;2456;toviea;nicole;grier;33;f;b;charlotte;glenfiddich;1025;28215;nc
B;G002392;2457;tiara;tari;siner;35;f;b;fayetteville;watergap;408;28314;nc
B;G002393;2458;clark;c;burns;36;m;b;fayetteville;hickory;1066;28303;la
B;G002394;2459;shaphaun;tamara;black;37;f;b;fayetteville;grove view;124;28301;wa
B;G002395;2460;toni;marie;mincy;39;f;m;charlotte;shamrock;3255;28215;hi
B;G002396;2461;janet;marie;williamson;40;f;w;raeford;walden green;206;28376;nc
B;G002396;2462;janet;marie;williamson;40;f;w;elizabeth city;main;3237;27909;nc
B;G002397;2463;james;todd;barbiaux;66;m;w;fayetteville;townsend;610;28303;pa
B;G002398;2464;destiny;lania;marquez;20;f;b;fayetteville;birchcreft;2099;28304;nc
B;G002399;2465;luz;vidalina;santiago lugo;55;f;o;shannon;clint;133;28386;oc
B;G002400;2466;christopher;s;robinson;37;u;b;fayetteville;regatta;1390;28301;
B;G002401;2467;douglas;mark;horne;46;m;w;hope mills;bluegrass;3269;28348;nc
B;G002402;2468;allison;deborah;hildenbrandt;29;f;w;fayetteville;silver oaks;236;28311;ca
B;G002403;2469;johnathan;blair;ledford;31;m;w;lincolnton;lancrest;130;28092;nc
B;G002404;2470;andera;michele;grove;56;f;b;raeford;harvest;111;28376;ga
B;G002405;2471;orlando;perez;mcneill;37;f;b;fayetteville;warmsprings;490;28303;
B;G002406;2472;carlton;claudius;jones;62;m;b;lumberton;21st;205;28358;wa
B;G002407;2473;monica;;st caines;72;f;b;fayetteville;brookshire;6531;28314;nj
B;G002408;2474;rockwell;edward;gerlach;35;m;w;fayetteville;coronation;525;28311;tx
B;G002409;2475;allison;paige;phillips;35;f;w;fayetteville;bryn mawr;1846;28304;nc
B;G002410;2476;dustin;clyde;riddle;32;m;w;fayetteville;pleasant view;4239;28312;nc
B;G002411;2477;tahirah;mcneil;ravenell;41;f;b;raeford;wedgefield;519;28376;sc
B;G002412;2478;breona;marchae;jenkins;29;f;b;bladenboro;gowens;113;28320;nc
B;G002413;2479;germaine;john ross;mccalla;33;m;b;fayetteville;radial;6815;28311;
B;G002414;2480;kaytiana;taylor;crane;26;f;o;cary;afton meadow;1113;27518;nc
B;G002416;2481;andrew;thomas;grant;36;m;w;fayetteville;kingfisher;2922;28306;md
B;G002417;2482;marci;rachelle;jimenez;40;f;w;clayton;collinsworth;300;27527;mo
B;G002418;2483;angela;cecile;howard;52;f;o;spring lake;new;247;28390;md
B;G002419;2484;cory;leon;cooper;48;m;b;fayetteville;chester;965;28303;mi
B;G002420;2485;niel;alexander;johnson;24;m;w;fort bragg;donelson;17;28307;ga
B;G002421;2486;kenneth;aaron;tyler;52;m;b;jacksonville;mcallister;1157;28540;nc
B;G002422;2487;sharon;loes;ruiz;33;f;w;raeford;hickory;195;28376;
B;G002423;2488;kimayatah;latrice;gibbs;35;f;b;mesic;second;98;28515;
B;G002424;2489;tonya;lynn;greene;24;f;w;hope mills;oak haven;3828;28348;nc
B;G002425;2490;jeffery;keith;thomas;47;m;w;dunn;blackman;1847;28334;va
B;G002426;2491;maya;ja nese;atkins;24;f;b;charlotte;back bay;1746;28212;nc
B;G002427;2492;memphis;raquel;barnett;46;f;b;raeford;huntington;112;28376;
B;G002428;2493;adam;;gray helm;39;u;w;fayetteville;hillside;118;28301;
B;G002429;2494;brianna;marie;black;23;f;b;cameron;heritage;834;28326;nj
B;G002430;2495;tylija;zunae;floyd;18;f;b;greenville;carmon;101;27834;
B;G002431;2496;robert;michael;cain;46;m;w;battleboro;mckinney;3909;27809;nc
B;G002432;2497;tashika;rashawnda;basemore;41;f;b;whitakers;new;301;27891;ma
B;G002432;2498;tashika;rashawnda;basemore;41;f;b;raleigh;woods of north bend;428;27609;oc
B;G002433;2499;bradley;michael;blumenschein;40;m;w;fayetteville;bostick;6986;28314;pa
B;G002434;2500;eric;brandon;bradford;36;m;b;fayetteville;greenleaf;911;28314;in
B;G002435;2501;heather;monique;hill;32;f;b;fayetteville;marlborough;1116;28304;nc
B;G002436;2502;kurt;dietrich;hohan;40;m;w;fuquay varina;burt;5937;27526;ca
B;G002437;2503;tenika;lanelle;garner;35;f;b;fayetteville;murchison;1200;28301;nc
B;G002439;2504;jaclyn;nicole;boykin;34;f;b;fayetteville;layton;7312;28314;fl
B;G002440;2505;christopher;;bridgeman;40;m;b;fort bragg;compass;2861;28307;il
B;G002441;2506;willa;a;atkins;67;f;b;charlotte;ivy hollow;8017;28227;
B;G002442;2507;tirique;lionell;foster;28;m;b;raleigh;hensley;417;27615;ny
B;G002443;2508;damien;jevon;haywood;29;m;b;durham;birds nest;4;27703;nc
B;G002444;2509;larry;;robinson;63;m;b;fayetteville;gardner park;2620;28304;nc
B;G002445;2510;david;earl;mcquage;59;m;w;fayetteville;arizona;5129;28304;nc
B;G002446;2511;katelyn;alexandra;pomer;25;f;w;charlotte;ridge cliff;8217;28269;nc
B;G002447;2512;chet;heath;steen;45;u;w;fayetteville;eaglecrest;3041;28306;tx
B;G002448;2513;phylisicia;nicole;carter;39;f;b;fayetteville;old vander;1335;28312;nc
B;G002449;2514;alec;douglas;bradford;32;m;w;fayetteville;ryan;7343;28314;
B;G002450;2515;dewayne;gray;perdue;25;m;w;warsaw;college;554;28398;nc
B;G002451;2516;jeannine;ann;racey;63;f;w;fayetteville;oakridge;125;28305;
B;G002452;2517;heather;alicia;morgan;31;f;w;raeford;donaldson;112;28376;nc
B;G002453;2518;linda;margaret;giesecke;67;f;w;fayetteville;saxony;202;28304;ny
B;G002454;2519;teresa;maria;curry;44;f;w;fayetteville;birkdale;3501;28303;ca
B;G002455;2520;michael;david;davis;57;m;w;fayetteville;independence place;6325;28303;fl
B;G002456;2521;moira;caitlin;trott;30;f;o;fayetteville;valmont;428;28301;nj
B;G002457;2522;dylan;thomas;weinheimer;20;m;w;wilmington;trihouse;5121;28403;
B;G002458;2523;krinton;lamont;riggins;38;m;b;rowland;union school;714;28383;nc
B;G002459;2524;chameeka;starr;brooks;39;f;b;spring lake;hinterland;712;28390;co
B;G002460;2525;natalie;michelle;jefferies;37;f;b;sanford;blackstone;166;27330;nc
B;G002460;2526;natalie;michelle;jefferies;37;f;b;apex;windy creek;208;27502;nc
B;G002461;2527;regina;;lee;51;f;b;elizabeth city;river;1403;27909;
B;G002462;2528;sally;carnahan;wagner;58;f;w;powells point;lucinda;158;27966;pa
B;G002463;2529;barbara;carol;padgett macdonald;53;f;w;waynesville;mountaineer;104;28786;nc
B;G002464;2530;joe;dale;owenby;43;m;w;randleman;cagle;410;27317;
B;G002465;2531;tiffany;suzanne;harris;28;f;w;elizabeth city;travis;103;27909;wv
B;G002466;2532;ashley;anna;farris;28;f;w;greenville;clement hall;302;27858;va
B;G002467;2533;amanda;harris;marable;37;f;w;moyock;laurel;117;27958;nc
B;G002468;2534;gary;l;polzin;75;m;u;elizabeth city;walker;1400;27909;mi
B;G002469;2535;kent;leonard;olson;48;m;w;nags head;blue marlin;4614;27959;mi
B;G002470;2536;teresa;rae;shreves;53;f;w;moyock;sycamore;121;27958;va
B;G002470;2537;teresa;rae;pippin;53;f;w;moyock;poplar;108;27958;va
B;G002470;2538;teresa;rae;pippin;53;f;w;elizabeth city;road;401;27909;va
B;G002471;2539;rosario;;gutierrez;53;f;o;moyock;caratoke;2273;27958;oc
B;G002472;2540;brandy;nicole;larson;29;f;w;moyock;green view;114;27958;ia
B;G002473;2541;alexa;arielle;king;26;f;w;maple;ed sawyer;128;27956;fl
B;G002474;2542;matthew;robert;krause;22;m;m;raleigh;lowndes grove;2300;27616;nj
B;G002475;2543;michelle;woodell;oxendine;45;f;i;poplar branch;caroon;161;27965;nc
B;G002476;2544;lynn;anne;riche;65;f;w;kitty hawk;ginguite;63;27949;nj
B;G002477;2545;william;purcelle;mullen;53;m;b;moyock;snowden;185;27958;nc
B;G002478;2546;sara;justine;fassett;26;f;w;powells point;wild geese;132;27966;nc
B;G002479;2547;michael;thomas;albeser;39;m;w;currituck;bay leaf;117;27929;va
B;G002480;2548;debra;jane kern;brenner;63;f;w;corolla;hunt club;592;27927;in
B;G002481;2549;tracy;alexander;sample;24;m;w;aydlett;lighthouse;114;27916;va
B;G002482;2550;jo ann;;krzeminski;62;f;w;corolla;brandt;510;27927;nj
B;G002483;2551;russell;dean;taylor;61;m;w;chapel hill;gates;9520;27516;
B;G002484;2552;teddi;alissa;wilder;24;f;w;belvidere;belvidere;1040;27919;nc
B;G002485;2553;susan;marie;waters;63;f;w;manteo;carolina;715;27954;pa
B;G002486;2554;lynn;hunt;nettnin;68;m;w;rocky mount;carybrook;4005;27803;
B;G002487;2555;robert;roy;shapiro;61;m;w;manteo;twyne;133;27954;ny
B;G002488;2556;william;thomas;bunting;36;m;w;winterville;pinetops;2454;28590;nc
B;G002489;2557;lioubov;a;wescott;58;f;w;kill devil hills;franklin;2023;27948;oc
B;G002490;2558;catherine;fife;heilig;64;f;w;elizabeth city;maidens;107;27909;wv
B;G002491;2559;johnny;cameron;bryant;56;m;w;kill devil hills;truxton;407;27948;nc
B;G002492;2560;noel;nichole;dralle;22;f;w;cullowhee;peak;357;28723;va
B;G002493;2561;katrina;hope;hanson;40;f;w;manteo;airport;205;27954;nc
B;G002494;2562;jeffrey;parnell;wrenn;59;m;w;raleigh;harbour towne;4949;27604;nc
B;G002495;2563;gregory;andrew;mitchell;46;m;w;buxton;decoy;44134;27920;nc
B;G002496;2564;joyce;niebell;obriant;85;f;w;buxton;diamond shoals;46353;27920;dc
B;G002497;2565;karen;denson;miller;65;f;w;hatteras;lighthouse;57287;27943;nc
B;G002498;2566;robert;jaames;obrien;42;m;w;kill devil hills;airstrip;104;27948;mi
B;G002499;2567;rebecca;lynne;knox;56;f;w;kill devil hills;goldie;1509;27948;va
B;G002500;2568;daniel;armando;garcia colon;21;m;o;manteo;hammock;44;27954;oc
B;G002501;2569;wayne;leroy;stanberry;72;m;w;clayton;black forest;408;27527;pa
B;G002501;2570;wayne;leroy;stanberry;72;m;w;pinebluff;ryder cup;113;28373;pa
B;G002502;2571;robert;raymond;schlegel;41;m;w;greenville;circle;1725;27858;nj
B;G002503;2572;bessie;rae;blankenship;71;f;w;thomasville;noahtown;925;27360;dc
B;G002504;2573;rachel;leigh;dickerson;25;f;w;kitty hawk;swordfish;1507;27949;va
B;G002505;2574;samuel;walton ange;moore;32;m;w;charlotte;waterford valley;4212;28269;nc
B;G002505;2575;samuel;wa;moore;32;m;w;boone;king;205;28607;nc
B;G002506;2576;p;ann;gannon;65;f;w;manteo;mother vineyard;333;27954;nj
B;G002507;2577;crystal;dae;swain;45;f;w;durham;glen eden;220;27713;nc
B;G002508;2578;joey;randall;hanford;24;m;w;wake forest;iyar;4413;27587;nc
B;G002509;2579;billy;kevin;rhodes;53;m;w;spindale;yelton;205;28160;nc
B;G002510;2580;lisa;lamb;basnight;49;f;w;manns harbor;shipyard;7680;27953;nc
B;G002511;2581;tonya;marie;white;42;f;b;manteo;francis drake;707;27954;fl
B;G002512;2582;mildred;lane;carlisle;96;f;w;kill devil hills;colington;804;27948;va
B;G002513;2583;patrick;henry;haskett;63;m;w;north wilkesboro;bethany ford;304;28659;md
B;G002514;2584;charles;ellis;hylton;44;m;w;kill devil hills;broadbay;122;27948;dc
B;G002515;2585;katherine;ruth;price;65;f;w;greenville;avalon;213;27858;va
B;G002516;2586;karen;louise;robert;57;f;w;hatteras;nc hwy 12;57638;27943;tx
B;G002517;2587;amy;williams;halker;32;f;w;kill devil hills;colington pointe;109;27948;sc
B;G002518;2588;emily;jane bass;parrish;48;f;w;advance;hagen;120;27006;nc
B;G002519;2589;caleb;andrew;fortune;33;m;w;wanchese;pugh;194;27981;nc
B;G002520;2590;nancy;;vaughn;55;u;w;holly springs;vine;1816;27540;
B;G002521;2591;judith;hancock;rosenberger;65;f;w;hillsborough;blue heron;131;27278;tn
B;G002523;2592;lorena;needham;rierson;85;f;w;winston salem;collingswood;321;27127;nc
B;G002524;2593;angela;dawn;harvell;35;f;w;high point;mock;3233;27265;nc
B;G002525;2594;karen;wall;lovett;60;f;w;winston salem;nc highway 109;8726;27107;fl
B;G002526;2595;daniel;christopher;reynolds;42;m;w;lexington;radds;6103;27295;nc
B;G002527;2596;kasey;alan;hensley;30;m;w;high point;glenstone;1185;27265;nc
B;G002529;2597;elizabeth;ann;guthrie;42;f;w;salisbury;wiley;614;28144;va
B;G002530;2598;erika;leigh;kozlowski;27;f;w;thomasville;happy;133;27360;nc
B;G002531;2599;stuart;gartha;orren;49;m;w;winston salem;cliffdale;232;27104;va
B;G002532;2600;matthew;ryan;delancy;30;m;w;lexington;nc highway 150;3003;27295;nc
B;G002533;2601;carroll;douglas;holden;76;m;w;thomasville;parkdale;110;27360;nc
B;G002534;2602;ashley;elizabeth;savage davis;29;f;w;clayton;antler;108;27527;nc
B;G002535;2603;dana;bernard;phillips;50;m;b;thomasville;ball park;1054;27360;nc
B;G002536;2604;amber;louise;byerly;35;f;w;lexington;lindel;211;27292;nc
B;G002539;2605;jean;ray;wong;54;f;w;huntersville;three greens;332;28078;oh
B;G002540;2606;alec;daniel;styer;19;m;w;charlotte;park;236;28203;
B;G002541;2607;claudia;hoover;bingham;39;f;w;garner;woodside;3600;27529;nc
B;G002541;2608;claudia;;bingham;39;f;w;garner;woodside;3600;27529;nc
B;G002542;2609;keith;jerrod;fuller;31;m;b;kannapolis;kizer;2505;28081;nc
B;G002543;2610;christopher;steven;rickert;50;m;w;thomasville;oak knoll;402;27360;nc
B;G002544;2611;maggie;suzanne;rumley;28;f;w;archdale;huff;4228;27263;nc
B;G002545;2612;donald;shane;gordon;27;m;w;high point;gordon farm;322;27265;nc
B;G002546;2613;salena;hartsell;townsend;51;f;w;lexington;happy hill;3109;27295;nc
B;G002547;2614;bridget;king;brewer;25;f;w;lexington;linwood southmont;11487;27292;nc
B;G002548;2615;barbara;t;van rees;73;f;w;norwood;old davis;4296;28128;ga
B;G002549;2616;katherine;stuart;oliver;47;f;w;kernersville;cameronden;400;27284;va
B;G002550;2617;kirby;wayne;garner;52;m;w;thomasville;lacy hepler;1320;27360;
B;G002551;2618;eric;dylan;robison;26;m;w;thomasville;trenton;399;27360;nc
B;G002553;2619;patrick;rashard;byrd;39;m;b;thomasville;barnwell;507;27360;nc
B;G002554;2620;jobanna;scott;miller;80;f;w;clemmons;glen chase;3001;27012;
B;G002555;2621;linda;joyce;ramsey;75;f;w;lexington;tyro;1176;27295;ca
B;G002556;2622;mary;sharon;ellis;65;f;w;lexington;whispering oaks;284;27292;nc
B;G002557;2623;kelly;allyn;radford;38;f;w;thomasville;liberty;1948;27360;nc
B;G002559;2624;timothy;lee;craver;60;m;w;tobaccoville;fern creek;4630;27050;nc
B;G002559;2625;timothy;lee;craver;60;m;w;sophia;craven pines;4198;27350;nc
B;G002559;2626;tim;l;craver;60;m;w;yadkinville;state;200;27055;nc
B;G002561;2627;joyce;shakenia widget;rice;40;f;b;cleveland;fiber acres a;565;27013;ny
B;G002562;2628;steven;;jones;60;m;w;lexington;regents center;1228;27295;nc
B;G002565;2629;kate;chere;belvin;25;f;w;thomasville;biggs;404;27360;nc
B;G002566;2630;hali;ann;bateman;29;f;w;winston salem;aztec;119;27107;nc
B;G002567;2631;adam;craig;everhart;29;m;w;winston salem;little pond;386;27127;nc
B;G002568;2632;jonathan;daniel;gentry;42;m;w;greenville;hollow;1637;27858;in
B;G002569;2633;molli;ann;yates;30;f;w;thomasville;cecil;528;27360;nc
B;G002569;2634;molli;ann;yates;30;f;w;archdale;linda;103;27263;nc
B;G002570;2635;joe;keith;edwards;60;m;w;thomasville;unity;212;27360;nc
B;G002571;2636;randre;lequon;allen;32;m;b;archdale;west brook;1008;27263;sc
B;G002572;2637;terry;ronald;lambeth;49;m;w;high point;johnson;947;27265;
B;G002573;2638;shannon;schaeffer;justice;38;f;w;lexington;davidson;116;27295;
B;G002574;2639;timothy;lee;brinkley;39;m;w;advance;old homeplace;205;27006;nc
B;G002575;2640;michael;lee;orman;43;u;u;archdale;jennifer;5407;27263;
B;G002577;2641;robin;ann;van pelt wilson;51;f;w;high point;planters;6718;27265;nj
B;G002578;2642;brian;taylor;cormier;30;m;w;lexington;pickett;511;27295;la
B;G002579;2643;anum;;rashid;31;f;o;high point;turtle rock;1240;27265;nc
B;G002580;2644;jacqueline;;anglin;66;f;w;winston salem;north lake;806;27127;nc
B;G002582;2645;timothy;edward;cox;53;m;w;lexington;welcome bethesda;2107;27295;nc
B;G002584;2646;kimberly;leonard;flippen;58;f;w;denton;potters;303;27239;nc
B;G002585;2647;lauren;elizabeth;hill;34;f;w;wilmington;tesla park;4522;28412;nc
B;G002586;2648;nhiep;minh;le;40;m;a;high point;canterbury;307;27262;oc
B;G002587;2649;penny;gail;bare;49;f;w;lexington;hallmark;103;27292;nc
B;G002588;2650;david;rees;mercadante;38;m;w;trinity;kynwood;4241;27370;nc
B;G002589;2651;andrew;james;smith;32;m;w;china grove;moose;4350;28023;nc
B;G002590;2652;terri;spencer;henderson;56;f;w;new london;nc highway 49;2057;28127;va
B;G002592;2653;allen;gene;jackson;32;m;w;high point;shadow valley;2304;27265;ia
B;G002593;2654;deborah;kay;kilty;59;f;w;winston salem;cherry blossom;1640;27127;in
B;G002594;2655;charles;hubert allen;lance;50;m;w;thomasville;paul kennedy;146;27360;
B;G002595;2656;stephanie;carter;kirby;43;f;w;winston salem;winged foot;145;27107;nc
B;G002596;2657;domingo;;marroquin;28;m;o;winston salem;weavil;295;27107;fl
B;G002597;2658;aaron;alexander;mckim;24;m;w;lexington;old highway 64;6793;27292;nc
B;G002599;2659;victoria;chappell;shelton;26;f;w;liberty;nc hwy 49;2931;27298;nc
B;G002600;2660;kristi;carlin;shoaf;32;f;w;clemmons;mallard landing;309;27012;nc
B;G002604;2661;rensy;denell;long;31;m;b;winston salem;williamsburg;113;27103;nc
B;G002605;2662;lindsay;allison;harmon;31;f;w;high point;jesse green;171;27265;nc
B;G002606;2663;william;lloyd;bingham;68;m;w;thomasville;prospect church;7108;27360;ca
B;G002608;2664;anne;watkins;price;63;f;w;lexington;riverview rd;2369;27292;nc
B;G002609;2665;colene;wright;bradley;75;f;b;lexington;glenwood;424;27292;nc
B;G002610;2666;joe;anthony;zepeda;40;m;u;randleman;boundary;542;27317;tx
B;G002611;2667;timothy;eric;hand;37;m;w;lexington;nc highway 8;7012;27292;nc
B;G002612;2668;joyce;l;branch;59;f;w;winston salem;troy;2815;27107;nc
B;G002613;2669;stephen;clark;anderson;32;m;w;thomasville;deerfield;18;27360;va
B;G002615;2670;michele;lynette;hall;48;f;w;asheboro;us hwy 220 bus;3360;27205;nc
B;G002616;2671;kenneth;ray;smith;52;m;w;high point;bennington;5001;27262;nc
B;G002617;2672;elizabeth;teague;burleson;62;f;w;winston salem;fieldtop;188;27107;nc
B;G002618;2673;victor;scott;clampitt;55;m;w;thomasville;jarrett;507;27360;nc
B;G002619;2674;key;jennings;waggoner;54;m;w;china grove;patterson;3975;28023;
B;G002621;2675;michael;martin;south;27;m;b;lexington;grey fox;6005;27295;ma
B;G002622;2676;megan;nicole;hammond;28;f;w;charlotte;stone bluff;5530;28214;ny
B;G002623;2677;anna;chapman;peterson;38;m;w;winston salem;capri;1454;27103;nc
B;G002624;2678;mark;alan;bowling;57;m;w;clemmons;keswick;1006;27012;ky
B;G002625;2679;darrell;lamar;hall;71;m;w;linwood;clement;425;27299;nc
B;G002626;2680;darren;scott;rippy;51;m;w;clemmons;hampton;7302;27012;nc
B;G002627;2681;meredith;kerley;tucker;55;f;w;lexington;wood pointe;103;27295;
B;G002628;2682;tracey;allen;campbell;40;m;w;thomasville;ginny;1;27360;nc
B;G002629;2683;rose;marie;greear;49;f;w;trinity;us hwy 64;8675;27370;il
B;G002630;2684;ronald;paul;notarianni;60;m;u;high point;forester;758;27265;ri
B;G002631;2685;talise;monet;fulmore;29;f;b;durham;meadowcrest;18;27703;nc
B;G002632;2686;tiffany;stewart;mcguinn;37;f;w;winston salem;benjamins;977;27103;nc
B;G002633;2687;philip;lance;martin;34;m;w;lexington;leonard;3588;27295;nc
B;G002635;2688;sheryl;greene;pate;54;f;w;lexington;4th;205;27292;va
B;G002636;2689;ollie;denise;williams;54;f;b;lexington;pennington;328;27292;
B;G002637;2690;jill;lynn;allen;51;f;w;lexington;veterans;185;27292;nc
B;G002638;2691;megan;elizabeth;poindexter;33;f;w;mebane;mebane oaks;2715;27302;nc
B;G002639;2692;chelsea;michelle;hollifield;28;f;w;lexington;westside;409;27292;nc
B;G002639;2693;chelsea;michelle;hollifield;28;f;w;trinity;meade;5415;27370;nc
B;G002640;2694;cecile;kinley;redd;68;f;w;thomasville;clarkann;172;27360;nc
B;G002641;2695;sidney;earnest;roberts;71;m;w;high point;cascade;235;27265;
B;G002642;2696;april;dawn;dyles;33;f;w;randleman;trollinger;117;27317;nc
B;G002643;2697;rodney;bernard;phillips;50;m;w;cary;mainsail;107;27511;il
B;G002644;2698;jonathan;tyler;duncan;30;m;w;thomasville;hasty hill;133;27360;nc
B;G002645;2699;kristin;ryan;clark;30;f;w;lexington;raper;391;27295;nc
B;G002648;2700;jeremy;patrick;whelan;41;m;w;thomasville;5th;12;27360;pa
B;G002649;2701;rita;hart;ervin;71;f;w;clemmons;knowledge;5960;27012;md
B;G002650;2702;larry;macks;owen;60;m;w;lexington;travis;138;27295;nc
B;G002652;2703;barbara;elaine;mininall;66;f;b;thomasville;moore;103;27360;nc
B;G002653;2704;reitzel;a;ligon;80;m;w;north topsail beach;topsail;183;28460;nc
B;G002654;2705;jacob;andrew;walker;31;m;w;ramseur;park;1349;27316;nc
B;G002655;2706;nancy;lynn;stafford;56;f;w;linwood;clay;243;27299;nc
B;G002657;2707;casey;lee;kram;26;m;w;lexington;stephanie;458;27295;fl
B;G002658;2708;meshell;lea;sturgis;27;f;b;lexington;10th ave;211;27292;wa
B;G002659;2709;brandy;ree;brewer;29;f;w;lexington;chapel;189;27295;nc
B;G002660;2710;edward;lance;stevenson;40;m;w;lexington;williams;207;27292;nc
B;G002662;2711;mary;allison;quinn;62;f;w;winston salem;meadowlands;1089;27107;pa
B;G002663;2712;allison;burrow;weckerle;34;f;w;winston salem;blair path;127;27107;nc
B;G002664;2713;joseph;patrick;needles;54;m;w;thomasville;edgewood;519;27360;ca
B;G002665;2714;robert;leon;loflin;75;m;w;winston salem;brookdale;328;27107;nc
B;G002666;2715;brenda;kay;wade;66;f;w;westfield;king;2086;27053;nc
B;G002667;2716;robert;eric;young;54;m;w;thomasville;skye;3;27360;nc
B;G002668;2717;lisa;barefoot;gobble;56;f;w;winston salem;west;941;27101;nc
B;G002668;2718;lisa;barefoot;gobble;56;f;w;kernersville;timber ridge;472;27284;nc
B;G002669;2719;tarin;devon;mclendon ivery;28;f;b;thomasville;hill;310;27360;nc
B;G002670;2720;terry;demetrius;russell;39;m;b;lexington;wintergreen;130;27295;ga
B;G002671;2721;tracy;lea;tracy;45;f;w;thomasville;meadow wood;124;27360;fl
B;G002671;2722;tracy;lea;tracy;45;f;w;statesville;starbuck;121;28625;fl
B;G002672;2723;jessica;elizabeth;hargett;26;f;w;mooresville;town;126;28117;nc
B;G002673;2724;tommie;nelson;brittle;32;m;w;chapel hill;creel;109;27516;nc
B;G002674;2725;deanna;rae;davis;38;f;w;thomasville;fleet darr;221;27360;ky
B;G002675;2726;harold;laverne;yost;60;m;w;lexington;white oak;5013;27295;pa
B;G002676;2727;mary;elizabeth;gordon;67;f;b;winston salem;thurmond;2024;27105;nc
B;G002677;2728;corey;joe;cagle;32;m;w;denton;lanning craven;578;27239;nc
B;G002678;2729;jonathan;brandon;nikouyeh;35;m;w;thomasville;sullivan;1927;27360;
B;G002679;2730;jeffery;wayne;murphy;38;m;w;king;meadowbrook;318;27021;nc
B;G002679;2731;jeffery;wayne;murphy;38;m;w;yadkinville;styers mill;1204;27055;nc
B;G002680;2732;norma;n;bundy;62;f;w;thomasville;kindley;488;27360;nc
B;G002681;2733;manius;john;binkley;43;m;w;thomasville;hinkle;303;27360;nc
B;G002682;2734;lori;jan;hawkins;53;f;w;winston salem;sagebrush;749;27101;
B;G002683;2735;adam;scott;byerly;30;m;w;clemmons;frye bridge;675;27012;nc
B;G002684;2736;jon;c;larsen;48;m;w;raleigh;windsor ridge;8009;27615;nj
B;G002686;2737;shannon;clay;mccorkle;55;m;w;lexington;nc highway 150;7721;27295;nc
B;G002687;2738;thomas;;price;66;m;w;lexington;hinkle;939;27295;nc
B;G002687;2739;thomas;winston;price;66;m;w;winston salem;eastwin;4909;27104;nc
B;G002688;2740;william;thomas;ryder;35;m;w;marston;cognac;829;28363;nc
B;G002689;2741;patricia;ann;fritts;52;f;w;sanford;henley;4595;27330;mo
B;G002691;2742;daniel;glen;high;46;m;w;pfafftown;transou;3371;27040;nc
B;G002694;2743;keith;octavius;crawford;59;m;b;thomasville;sunrise;703;27360;nc
B;G002695;2744;megan;ashley;redmond;23;f;w;boone;assembly;105;28607;nc
B;G002698;2745;sequoya;tiana;friday;41;f;b;charlotte;toscana;12226;28273;nc
B;G002699;2746;andrea;rae wood;duncan;53;f;w;new london;clubhouse;156;28127;nc
B;G002700;2747;whitney;lynn;driscoll;31;f;w;high point;st andrews;101;27265;ut
B;G002701;2748;theresa;renee;moore;58;f;b;lexington;westside;600;27292;nc
B;G002704;2749;jason;alvin;shaver;34;m;w;winston salem;waterford;3051;27106;nc
B;G002705;2750;casey;jane;jones;33;f;w;lexington;cedarwood;233;27292;
B;G002708;2751;brittany;michelle;bundy;24;f;w;charlotte;university city;9201;28223;
B;G002709;2752;barbara;jane;day;62;f;w;winston salem;ketner;190;27107;nc
B;G002710;2753;justin;alan duckworth;forsyth;27;m;w;boone;yosef;273;28607;nc
B;G002711;2754;beverly;ann;wingate;67;f;b;charlotte;rodden mill;7115;28262;ga
B;G002712;2755;terry;stephen;hughes;67;m;w;thomasville;rebecca;186;27360;
B;G002713;2756;courtney;kiana;harper;23;f;b;winston salem;hudson;262;27107;sc
B;G002714;2757;steven;gale;godwin;34;m;w;pfafftown;bramblewood;1913;27040;nc
B;G002715;2758;shirley;j;greene;83;f;b;lexington;terrace;400;27295;wv
B;G002716;2759;kathryn;harmon;chaparro;71;f;w;pollocksville;trent;212;28573;
B;G002719;2760;steven;erik;jones;48;m;w;randleman;georgia;6435;27317;nc
B;G002720;2761;mitchell;lee;gilchrist;27;m;w;archdale;zelma;5830;27263;nc
B;G002721;2762;jeremy;lee;windham;35;m;w;kernersville;barn swallow;8301;27284;
B;G002722;2763;bruce;wayne;harvey;35;m;w;lexington;gate west;626;27295;nc
B;G002724;2764;donna;jean;trivette wagner;54;f;w;winston salem;ardmore manor;2436;27103;nc
B;G002725;2765;angela;dawn;brooks;41;f;w;thomasville;layton;109;27360;nc
B;G002726;2766;teresa;kay;hutchins;51;f;w;wilmington;martin;811;28401;
B;G002728;2767;jennifer;diane;gaines;43;f;w;kernersville;michael;531;27284;nc
B;G002729;2768;larry;guy;swisher;34;m;w;lexington;old highway 109;4529;27292;
B;G002730;2769;debra;lucas;pittman;60;f;w;lexington;hunt;1238;27292;nc
B;G002731;2770;vivian;shirley;pressley;88;f;w;lexington;rockcrusher;625;27292;nc
B;G002732;2771;david;randall;mabe;38;m;w;winston salem;teakwood;173;27127;nc
B;G002733;2772;margie;hoover;goodin;81;f;w;winston salem;rosemary;157;27107;nc
B;G002735;2773;valerie;kay;adams;37;f;w;winston salem;poplar valley;3745;27127;oh
B;G002736;2774;marcenna;lewis;huss;66;f;w;thomasville;cub;18;27360;ga
B;G002737;2775;adam;neal;koontz;37;m;w;lexington;devonshire;194;27295;
B;G002738;2776;john;phillip;hobbs;47;m;w;thomasville;oak meadow;10;27360;nc
B;G002739;2777;lori;jo;adams;35;f;w;randleman;north pin oak;4265;27317;nc
B;G002740;2778;michael;scott;larsen;27;m;u;china grove;margaret;320;28023;mn
B;G002741;2779;jessica;nichole;mills;36;f;w;hays;harrold rd;188;28635;nc
B;G002742;2780;nathaniel;christian;born;42;m;w;sparta;collins ridge;65;28675;ga
B;G002743;2781;thomas;roth;bryan;92;m;w;bermuda run;oleander;108;27006;nc
B;G002744;2782;tera;lewis;shaw;39;u;w;jefferson;don bare;1328;28640;nc
B;G002745;2783;rebecca;barnes;jones;41;f;w;piney creek;white oak;91;28663;
B;G002746;2784;david;s;hedrick;76;m;w;sparta;westwood;266;28675;va
B;G002747;2785;rhonda;huffman;kelly;50;f;w;sparta;poplar;85;28675;nc
B;G002748;2786;james;frank;proffit;48;m;w;sparta;green mountain;621;28675;nc
B;G002748;2787;james;frank;proffit;48;m;w;sparta;green mountain;621;28675;nc
B;G002749;2788;boyd;junior;alley;67;m;w;sparta;grandridge;232;28675;nc
B;G002750;2789;lois;ann;layman;68;f;w;sparta;skyland;141;28675;
B;G002751;2790;brenda;e;russell;72;f;w;sparta;pine swamp;5980;28675;nc
B;G002752;2791;marcella;elisa;caudill;26;f;m;wilmington;market;420;28401;va
B;G002753;2792;jeremiah;l;johnson;37;u;w;north topsail beach;sandpiper;237;28460;
B;G002753;2793;jeremiah;;johnson;37;m;u;reidsville;butter;1036;27320;
B;G002754;2794;rochelle;elizabeth;gamble;32;f;w;sparta;reid;64;28675;
B;G002755;2795;matthew;lee;weber;33;m;w;charlotte;caldwell ridge;3927;28213;
B;G002757;2796;hollie;robertson;stone;50;f;w;mocksville;nebbs;120;27028;nc
B;G002758;2797;mary;francis;grigg;69;f;w;winston salem;spruce;315;27101;nc
B;G002759;2798;james;howard;edwards;57;m;w;salisbury;stokes ferry;6845;28146;il
B;G002760;2799;tracy;michelle;beck;44;f;w;woodleaf;needmore;2050;27054;nc
B;G002761;2800;eric;norman;vernier;49;m;u;advance;baltimore;568;27006;il
B;G002762;2801;wilma;jean;baer;89;f;w;west jefferson;walter;265;28694;in
B;G002763;2802;john;andreas;kazakos;36;m;w;bermuda run;sycamore ridge;211;27006;nc
B;G002764;2803;sarah;gillespie;bodin;49;f;w;advance;speaks;348;27006;tn
B;G002765;2804;adam;;deal;34;m;w;mocksville;cana;267;27028;nc
B;G002766;2805;scott;;tonidandel;44;m;w;mocksville;fernwood;172;27028;oh
B;G002768;2806;richard;wade;vaughan;67;m;w;advance;rainbow;466;27006;fl
B;G002769;2807;lydia;caroline;aldana;36;f;w;advance;scottsdale;157;27006;nc
B;G002770;2808;david;herman;gilbert;74;m;w;kinston;stallings;2303;28504;pa
B;G002771;2809;erick;javier;echevarria;26;m;o;statesville;greylin;114;28625;pr
B;G002772;2810;brittan;michael;davis;35;m;w;mocksville;cornatzer;577;27028;nc
B;G002772;2811;brittan;michael;davis;35;m;w;statesville;mueller;204;28625;nc
B;G002774;2812;gail;hutchens;scarlett;51;f;w;mocksville;fred lanier;590;27028;nc
B;G002775;2813;samuel;louis;petro;64;m;w;advance;riverbend;451;27006;oc
B;G002776;2814;stephanie;elisa;rice;32;f;b;winston salem;royal kings;108;27127;
B;G002777;2815;kenneth;dewayne;rivers;29;m;b;charlotte;calloway glen;13726;28273;
B;G002779;2816;emma;liane;etter;20;f;w;mocksville;birchwood;170;27028;nc
B;G002780;2817;deborah;heaton;whitley;55;f;w;norwood;nc 138 hwy;12448;28128;nc
B;G002781;2818;benjamin;james;branch;65;m;w;wilmington;point;126;28411;pa
B;G002782;2819;ronald;h;mays;72;m;w;winston salem;stratford;3360;27103;va
B;G002783;2820;tamara;yvette;kuck;58;f;w;mocksville;gumtree;137;27028;nm
B;G002784;2821;natasha;unae;myers;45;f;b;statesville;valley;519;28677;nc
B;G002785;2822;jonathan;franklin;dwiggins;31;m;w;mocksville;hardison;943;27028;nc
B;G002787;2823;david;wayne;jenkins;44;m;w;advance;hamilton;204;27006;nc
B;G002787;2824;david;wayne;jenkins;44;m;w;king;sun;112;27021;nc
B;G002788;2825;garrett;taylor;beck;20;m;u;boone;locust summit dorm;240;28608;nc
B;G002789;2826;sharena;lashon;conner;44;f;b;winston salem;ivy glen;124;27127;nc
B;G002790;2827;phyllis;ann;smith;55;f;b;mocksville;dianna;119;27028;nc
B;G002791;2828;morgan;rae;cheek;23;f;w;bermuda run;juniper;176;27006;nc
B;G002792;2829;richard;thomas;militzer;63;m;w;asheboro;hunt master;296;27205;ny
B;G002793;2830;othoniel;;cruz rondon;37;m;u;boonville;charity ch;1444;27011;pr
B;G002794;2831;william;hampton;andrews;33;m;w;advance;kingsmill;415;27006;al
B;G002795;2832;david;robert;halliday;84;m;w;tryon;club;649;28782;il
B;G002796;2833;jack;wesley;hardin;68;m;w;yadkinville;walnut crossing;2162;27055;wv
B;G002797;2834;whitney;alexandria;russell;28;f;w;mocksville;john crotts;158;27028;ny
B;G002798;2835;miriam;moller;lovett;74;f;w;advance;haywood;147;27006;tx
B;G002799;2836;laura;key;luna;35;f;w;salisbury;mooresville;4485;28147;va
B;G002800;2837;claude;daniel;wilkinson;71;m;w;mocksville;turkey foot;837;27028;nc
B;G002801;2838;justin;spencer;marshall;27;m;b;winston salem;walnut view;2891;27103;
B;G002802;2839;malissa;nichole;diehl;25;f;w;mocksville;willow;140;27028;ny
B;G002803;2840;david;ty;friend;35;m;m;wilmington;saint andrews;804;28412;oc
B;G002804;2841;kelley;sue;brown;25;f;w;goldsboro;scotland;110;27530;pa
B;G002805;2842;james;;merriman;61;m;b;wilmington;farley;2017;28405;
B;G002806;2843;amy;campbell;parsons;54;f;w;kenansville;duplin country club;103;28349;dc
B;G002807;2844;lakeata;lashunda;martin;42;f;b;burgaw;progress;205;28425;ny
B;G002808;2845;lashay;marie;roberts;24;f;b;rose hill;ridge;211;28458;md
B;G002809;2846;elizabeth;chante;moore;25;f;b;warsaw;bay;325;28398;nc
B;G002810;2847;gregory;angelo;yacullo;75;m;w;holly ridge;lloyd;213;28445;nj
B;G002811;2848;heather;penelope;burns;41;f;w;rocky point;us hwy 117;12181;28457;sc
B;G002812;2849;christopher;randy;holmes;42;m;w;lagrange;dobbs county courthouse;118;28551;nc
B;G002813;2850;naomia;miller;harris;70;f;b;kenansville;nc 11 and 903;1383;28349;nc
B;G002813;2851;naomia;miller;harris;70;f;b;durham;wyldewood;1316;27704;
B;G002814;2852;nancy;parker;everett;63;f;b;jacksonville;burgaw;3125;28540;nc
B;G002815;2853;sherri;creel;king;33;f;w;deep run;tyndall williams;3135;28525;nc
B;G002816;2854;natalie;carroll beasley;brantley;34;f;w;wallace;winding way;211;28466;nc
B;G002817;2855;elizabeth;;gutierrez herrera;26;f;u;warsaw;wards bridge;869;28398;oc
B;G002818;2856;darrel;lee;rivenbark;40;m;w;wallace;murray;408;28466;nc
B;G002818;2857;darrel;lee;rivenbark;40;m;w;wilmington;sapling;2203;28411;nc
B;G002819;2858;chauncey;william;barnes;52;m;w;chinquapin;fountaintown;2216;28521;me
B;G002820;2859;regina;diane;whaley;70;f;w;warsaw;dogwood;245;28398;nc
B;G002821;2860;mercedes;maria;cruz;53;f;o;magnolia;sandy;403;28453;oc
B;G002822;2861;nathaniel;xavier;mcclamb;20;m;b;warsaw;gum;729;28398;nc
B;G002823;2862;craig;allen;baysden;39;u;u;richlands;old fountain;103;28574;
B;G002824;2863;victoria;ann louise;bletner;23;f;w;richlands;ervintown;131;28574;nc
B;G002825;2864;myra;craddock;turner;68;f;w;burgaw;meadowlark;52;28425;nc
B;G002826;2865;edward;charles;mikolaitis;84;m;w;wallace;maple creek;148;28466;pa
B;G002827;2866;melissa;anderson;dail;42;f;w;calypso;cameron;206;28325;nc
B;G002828;2867;daniel;alan;tyndall;40;m;w;mt olive;north duplin school;233;28365;nc
B;G002829;2868;christopher;ryan;wood;25;m;w;wilmington;beretta;5312;28409;mi
B;G002830;2869;patricia;parker;frazier;72;f;w;rocky point;arlington;196;28457;nc
B;G002831;2870;henry;tyler;jones;55;m;w;kenansville;spicer;172;28349;
B;G002833;2871;hannah;elizabeth chesshire;mulvaney;18;f;w;jacksonville;bridlewood;178;28540;oh
B;G002834;2872;miranda;lynn;wiggins;27;f;w;mt olive;red hill;794;28365;nc
B;G002835;2873;david;deforest;furman;44;m;w;wilmington;lord byron;4813;28405;pa
B;G002836;2874;lillian;ingram;humphrey;95;f;w;wilmington;oakhurst;225;28409;nc
B;G002837;2875;javalia;renee;mclean;35;f;b;warsaw;brewer;115;28398;nc
B;G002838;2876;sharon;wood;hall;66;f;w;castle hayne;mcclure;502;28429;nc
B;G002839;2877;brittany;sharay;elliote;30;f;w;wallace;nc 41;5368;28466;ga
B;G002840;2878;charles;thomas;anderson;38;m;w;mt olive;grantham school;2459;28365;nc
B;G002841;2879;monica;;boyette;34;f;w;mt olive;maysville school;409;28365;nc
B;G002842;2880;la toya;;bailey;30;u;u;warsaw;cardinal;201;28398;nc
B;G002843;2881;lakenya;starn;alexander;34;f;b;durham;erlwood;215;27704;nc
B;G002844;2882;sheila;;jarvis;40;f;a;durham;spinnaker;1;27703;ok
B;G002845;2883;stevan;richard;stark;71;m;w;chapel hill;circle park;312;27517;nj
B;G002846;2884;carville;banks;clark;47;m;w;durham;mcqueen;4205;27705;nc
B;G002847;2885;mark;talbert;benfield;33;m;w;durham;advancement;517;27703;nc
B;G002848;2886;chanti;latisse;carson;32;f;b;durham;edinborough;703;27703;
B;G002849;2887;troy;a;buder;54;m;w;durham;morrell;7702;27713;
B;G002850;2888;william;mark;hodan;46;m;w;cary;esquire;103;27513;mi
B;G002851;2889;chinue;grant;ransome;32;f;b;clayton;ventura;106;27527;nc
B;G002852;2890;jason;hopkins;parker;31;m;w;davidson;jetton;482;28036;nc
B;G002853;2891;vida;solace;awumey;36;f;u;raleigh;crestgate;10410;27617;oc
B;G002854;2892;lance;adam;odvody;40;m;w;durham;dudley;21;27703;ne
B;G002855;2893;mowafag;awad;abdalla;55;m;b;durham;snowcrest;903;27707;oc
B;G002856;2894;matthew;james;babaian;40;m;w;cary;solstice;121;27513;nj
B;G002857;2895;ronald;boyd;cole;50;m;b;durham;walton;514;27703;nc
B;G002858;2896;shawmonique;trichelle;malone;28;f;b;durham;weather hill;14;27705;nc
B;G002858;2897;shawmonique;trichelle;malone;28;f;m;four oaks;coty;131;27524;nc
B;G002859;2898;sarah;elizabeth;mahon;36;f;w;durham;grapevine;100;27707;nc
B;G002860;2899;lisa;lukasiewicz;broome;37;f;w;durham;greystone;11;27713;ga
B;G002861;2900;traci;renee;thorne;44;f;w;morrisville;darby creek;300;27560;nc
B;G002862;2901;jacquetta;virgina;ayamba;36;f;b;durham;kent lake;215;27713;nc
B;G002863;2902;sarah;j;mcmillian;39;f;b;durham;kentington;124;27713;nc
B;G002864;2903;willie;clyde;barbee;70;m;b;fuquay varina;holland;1816;27526;nc
B;G002865;2904;devirtis;frazier;marsh;36;f;b;raleigh;raleigh;1542;27610;fl
B;G002865;2905;devirtis;frazier;marsh;36;f;b;raleigh;millsview;4851;27604;fl
B;G002866;2906;bob;lennis;newton;42;m;b;durham;abercromby;3500;27713;
B;G002867;2907;mahogany;ashonti;monteith;25;f;b;charlotte;feldbank;9131;28216;nc
B;G002868;2908;jason;jamier;bethea;31;m;b;raleigh;lynnberry;10017;27617;sc
B;G002869;2909;atiya;janiyah;burgman;18;u;u;raleigh;wesvill;2423;27607;
B;G002870;2910;kerri;b;hassell;46;f;w;wilmington;perth;5004;28412;oc
B;G002871;2911;kira;eileen;smith;33;f;o;raleigh;wolf walk;5909;27606;vi
B;G002872;2912;lauren;remsen;habel;33;f;w;raleigh;tallowtree;5200;27613;va
B;G002873;2913;susan;caryl;hadler;67;f;w;chapel hill;churchill;704;27517;dc
B;G002874;2914;kayla;justine;bernadas;28;f;w;durham;bennett;110;27701;la
B;G002874;2915;kayla;;bernadas;28;u;w;raleigh;madison ridge;6821;27613;
B;G002875;2916;kenneth;kekoa;barghausen;33;m;o;raleigh;colbert creek;11401;27614;hi
B;G002876;2917;zaneta;nicole;hyman;45;f;b;durham;mccormick;5219;27713;nj
B;G002877;2918;benjamin;richard;payne;33;m;w;charlotte;college;1209;28203;nc
B;G002878;2919;jeffrey;michael;perlstein;41;m;w;chapel hill;zapata;105;27517;il
B;G002879;2920;donna;e;hales;66;f;w;durham;dial;1805;27713;nc
B;G002880;2921;george;h;gensic;68;m;w;raleigh;ray;8701;27613;in
B;G002881;2922;gabriel;k;griffin;37;m;w;durham;hillsborough;2211;27705;wa
B;G002883;2923;michael;kennedy;trivette;39;m;w;cary;deep gap;112;27519;va
B;G002884;2924;scott;vernon;averett;51;m;w;wilmington;two mile;1308;28405;nc
B;G002884;2925;scott;vernon;averett;51;m;w;jacksonville;bosco;22;28540;nc
B;G002884;2926;scott;vernon;averett;51;m;w;greenville;mulberry;3300;27858;nc
B;G002885;2927;carla;gwyn martin;jardin;35;f;w;durham;orchard oriole;1206;27713;nc
B;G002886;2928;peter;artur;mcdaniel;47;m;w;morrisville;grace park;6201;27560;
B;G002887;2929;jennifer;elizabeth;cardwell;30;f;w;durham;duke university east campus;1;27708;nc
B;G002888;2930;corey;thomas;ishman;41;m;b;durham;exchange;1101;27713;md
B;G002889;2931;ryan;lis;laduke;34;m;w;chapel hill;yukon;106;27514;mi
B;G002891;2932;brittany;young;anderson;31;f;b;winston salem;autumn mist;2441;27103;ga
B;G002892;2933;erica;lynn;bothwell;32;f;w;raleigh;caistor;1413;27614;tx
B;G002893;2934;sarah;lucille;jelliffe;35;f;w;clayton;kerriann;547;27520;mn
B;G002894;2935;ernest;harold;jamison;54;m;w;cary;honeysuckle;205;27513;nc
B;G002896;2936;casey;wayne;ellis;25;u;u;rougemont;gray hawk;6;27572;nc
B;G002897;2937;holly;brooke;benton;51;f;w;durham;springstop;3912;27705;va
B;G002898;2938;kathryn;joy;byrd;33;f;w;charlotte;calais;2417;28211;nc
B;G002898;2939;kathryn;joy;byrd;33;f;w;chapel hill;mccauley;235;27516;nc
B;G002899;2940;kenneth;lamont;gaither;50;m;b;durham;cove hollow;518;27703;nc
B;G002900;2941;ashley;anne;martinez;29;f;o;durham;chapel hill;2920;27707;ca
B;G002901;2942;brandon;montae;james;33;m;b;raleigh;star sapphire;2100;27610;nc
B;G002902;2943;vonzella;bonetia;hood;53;f;b;durham;callandale;540;27703;
B;G002903;2944;kiya jade;pender;pate;25;f;b;wilson;kenan;1104;27893;nc
B;G002904;2945;naisha;d;mcmillan;23;f;b;durham;broad;2112;27705;nc
B;G002905;2946;nancy;lee;cobey;75;f;w;chapel hill;beecham;1482;27517;dc
B;G002906;2947;carol;carraccio;lentz;65;f;w;durham;hidden ridge;4;27707;pa
B;G002907;2948;vinal;vinodrai;lakhani;32;m;a;durham;southpoint crossing;1534;27713;nc
B;G002907;2949;vinal;v;lakhani;32;m;a;charlotte;teresa jill;2013;28213;nc
B;G002908;2950;benjamin;joseph;berenfield;24;m;w;durham;solterra;142;27705;oh
B;G002909;2951;kristina;rose;williams;19;f;w;durham;glenco;824;27703;nc
B;G002910;2952;stephanie;jane;tepper;24;f;w;durham;colony;3084;27705;nj
B;G002911;2953;christopher;charles;martin;37;m;w;apex;scissortail;717;27523;mi
B;G002912;2954;victoria;ann;terwilliger;48;f;w;durham;mcdermott;4111;27705;wa
B;G002914;2955;reginald;sewellyn;ollison;53;m;b;raleigh;thornton town;8891;27616;nc
B;G002915;2956;fern;may;braun;31;f;w;durham;kingsbury;612;27712;nc
B;G002916;2957;priscilla;lena;holman;53;f;b;durham;discovery;1015;27703;nc
B;G002917;2958;deborah;jeanne wojcik;hall;43;f;w;durham;regis;4400;27705;ma
B;G002918;2959;tamara;reichert;shaw;59;f;w;rougemont;creekside;222;27572;oh
B;G002919;2960;janet;mansfield;willett;47;f;w;durham;vickers;802;27701;oh
B;G002920;2961;micholas;anshon;credle;37;m;b;durham;citrine;112;27703;nc
B;G002921;2962;chazle;nashea;lassiter;28;f;b;chapel hill;granville towers;2516;27514;nc
B;G002922;2963;ginny;ann;buckner;68;f;w;raleigh;helmond;11504;27617;oh
B;G002923;2964;tanesha;renee;mcauley;39;f;b;sanford;cemetery;2716;27332;nc
B;G002924;2965;lucretia;abigail;bell;28;f;w;durham;circle;2723;27705;nc
B;G002925;2966;julie;marie;lowe;37;f;w;apex;oak stream;2213;27523;la
B;G002926;2967;wesley;jordan;yellin;36;m;w;durham;trail view;1031;27713;ny
B;G002927;2968;tiera;shavonne;booker;28;f;b;winston salem;winster;5005;27106;
B;G002928;2969;lindsey;ritter;chan;35;f;w;winston salem;claverton;1108;27104;nc
B;G002929;2970;ashley;simone;roberts;25;f;b;durham;fayetteville;1801;27707;nc
B;G002930;2971;jared;martin;stephenson;37;m;w;durham;crestview;121;27712;nc
B;G002931;2972;barbara;ann;schuster;62;f;w;eden;hamilton;413;27288;mi
B;G002931;2973;barbara;a;schuster;62;f;w;apex;flints pond;2413;27523;mi
B;G002932;2974;shanika;sade;paylor;32;f;b;raleigh;limebay;12200;27613;nc
B;G002933;2975;shawna;renee;payne;46;f;u;durham;knob;5;27703;dc
B;G002934;2976;sylvia;gabriela;sonnenberg;84;f;w;chapel hill;thorncroft;5;27517;oc
B;G002934;2977;sylvia;gabriela;sonnenberg;84;f;w;chapel hill;thorncroft;5;27517;oc
B;G002935;2978;quistina;cherrell;cheek;47;f;b;durham;main;2206;27703;nc
B;G002936;2979;kirsten;;kane;54;f;w;chapel hill;westgreen;212;27516;
B;G002937;2980;alexander;heracles;kolyer;41;u;u;carrboro;jones ferry;605;27510;ny
B;G002938;2981;noel;bruce;mcdevitt;54;m;w;southern pines;aiken;215;28387;nc
B;G002939;2982;sarah;ann;brinkley;28;f;w;durham;holly hill;1200;27713;oc
B;G002940;2983;kristina;michelle;krzywonos;30;f;b;kernersville;hancock;406;27284;nc
B;G002941;2984;marquis;james;pullen;29;m;b;winston salem;northwood;3030;27106;ct
B;G002941;2985;marquis;james;pullen;29;m;b;charlotte;5th;828;28202;ct
B;G002942;2986;john;douglas;walker;41;m;b;greenville;spring forest;510;27834;ny
B;G002943;2987;charles;antoine louis;pinault;63;m;w;chapel hill;farrington;6123;27517;
B;G002944;2988;jonathan;quinn;wehmann;37;m;w;durham;garrett;5010;27707;ct
B;G002944;2989;jonathan;quinn;wehmann;37;m;w;winston salem;fifth;811;27101;ct
B;G002944;2990;jonathan;quinn;wehmann;37;m;w;chapel hill;north;116;27514;ct
B;G002945;2991;katelyn;elizabeth;kingsley;39;f;w;chapel hill;fields;102;27516;ca
B;G002946;2992;kathleen;hanigan;carmody;66;f;w;raleigh;durham;3724;27614;
B;G002948;2993;kira;ayana;wilson;23;f;b;raleigh;pineville;9940;27617;nc
B;G002949;2994;emily;lynn;holleran;35;f;w;king;redcoat;214;27021;nc
B;G002949;2995;emily;lynn;holleran;35;f;w;raleigh;north;400;27603;nc
B;G002950;2996;katrina;puentevella;ong;28;f;a;raleigh;lupine;1100;27606;tx
B;G002951;2997;sarah;louise;weiner;27;u;u;chapel hill;spring meadow;12101;27517;oc
B;G002952;2998;ashley;renee;brown;32;f;b;elizabethtown;us 701;9473;28337;nc
B;G002953;2999;rena;murray;olimpo;49;f;w;durham;golden heather;3501;27712;nc
B;G002954;3000;elyse;linden;mrache;32;f;w;durham;winterberry ridge;307;27713;mn
B;G002955;3001;brian;russell;deshazer;29;m;w;durham;hicks;613;27705;ok
B;G002955;3002;brian;russell;deshazer;29;m;w;durham;shenandoah;2507;27704;ok
B;G002956;3003;zachary;mark;bennett;31;m;w;raleigh;james;4111;27604;nc
B;G002957;3004;patrick;keith;mathis;48;m;w;chapel hill;highgrove;908;27516;
B;G002958;3005;jessica;ruth;thompson;39;f;w;raleigh;sunny corners;2710;27614;nc
B;G002959;3006;terri;johnson;matthews;42;f;b;knightdale;delta river;1009;27545;nc
B;G002960;3007;joanna;haiyoung;yu;37;f;a;winston salem;kenwood;1442;27103;nc
B;G002961;3008;curtis;allan;barbee;32;m;w;raleigh;walnut creek;3011;27606;
B;G002962;3009;sharon;irene;napier;62;f;w;bahama;millers bend;8918;27503;wv
B;G002963;3010;erica;lenae;jacobs;37;f;b;burgaw;crepe myrtle;228;28425;nc
B;G002964;3011;mericul;leshell;moore;31;f;b;durham;peppertree;2211;27705;in
B;G002965;3012;crystal;laundres;hunter;31;f;b;raleigh;meredith anne;435;27606;va
B;G002966;3013;andrew;marshall;sadowski;36;m;w;charlotte;worthington;1529;28203;or
B;G002967;3014;kylie;edwards;harris;44;f;w;chapel hill;north hill;7201;27514;nc
B;G002968;3015;wyndi;manning;phillips;45;f;w;durham;river run;126;27712;nc
B;G002969;3016;xiaowei;;yang;44;f;a;chapel hill;simerville;403;27517;oc
B;G002970;3017;katrina;jo;williams;44;f;w;chapel hill;farrington;6205;27517;in
B;G002971;3018;brittany;;edney;32;f;w;wilmington;pierpoint;400;28405;nc
B;G002972;3019;nicholas;daniel;faber;39;m;w;durham;minuteman;8;27705;va
B;G002973;3020;radhika;sanjeev;deshmukh mcdiarmid;29;f;a;durham;glendarion;4802;27713;oc
B;G002974;3021;nicole;ashley;rice clewell;24;f;w;durham;william penn;215;27704;fl
B;G002975;3022;courtney;olivia;brewington;26;f;m;raleigh;barnhill;2200;27603;va
B;G002976;3023;nancy;elizabeth;leavell;65;f;w;durham;denise;3213;27704;nc
B;G002977;3024;jennifer;lenora;stutzman;37;f;w;raleigh;meredith anne;524;27606;ca
B;G002978;3025;alexis;sierra;walker;23;f;b;durham;snow hill;1100;27712;nc
B;G002979;3026;stephanie;bushene;frazier;46;f;b;carrboro;barnes;300;27510;ny
B;G002980;3027;alexander;;mercer;46;m;b;durham;duke;2112;27704;nc
B;G002980;3028;alexander;;mercer;46;m;b;wilson;viola;905;27893;nc
B;G002981;3029;theresa;adelaide;stroisch;44;f;m;durham;trinity;203;27701;id
B;G002982;3030;michael;anthony;spears;21;m;b;chapel hill;paul hardin;445;27514;ct
B;G002983;3031;aresa;k;parker;31;u;u;raleigh;hamilton club;10811;27617;
B;G002984;3032;jana;alexis;roberts;25;f;u;durham;hudson;1313;27705;nc
B;G002985;3033;mary;agnes;cromer;50;f;w;carrboro;davie;400;27510;oh
B;G002985;3034;mary;agnes;cromer;50;f;w;chapel hill;maxwell;76;27517;oh
B;G002986;3035;juan;carlos;verdin;39;m;w;durham;bainbridge;2900;27713;in
B;G002987;3036;alya;suad;anderson;27;f;w;raleigh;reedy ridge;8473;27613;md
B;G002988;3037;tierra;simone;legrande;26;f;b;durham;meridian;2543;27713;
B;G002989;3038;lauren;;ritzert;34;u;u;durham;rondelay;324;27703;
B;G002990;3039;robin;nanette;swinging;55;f;b;durham;kestrel heights;2406;27703;ny
B;G002991;3040;tadeusz;e;kleindienst;68;m;w;durham;wineberry;5116;27713;ca
B;G002991;3041;tadeusz;edward;kleindienst;68;m;w;rougemont;hill;495;27572;ca
B;G002992;3042;john;paul;kindem;38;m;w;chapel hill;burlage;203;27514;nc
B;G002993;3043;sheryl;marie;grady moseley;34;f;b;durham;oxmoor;8;27703;nc
B;G002994;3044;jasmine;kadija;hall;22;f;m;durham;chapel hill;2920;27707;nc
B;G002995;3045;alexandra;marianna;kisiel;33;f;w;raleigh;bluebird;4705;27606;ca
B;G002996;3046;kenndra;kamelah;johnson;44;f;b;durham;shannon;3300;27707;nj
B;G002997;3047;linda;karen;grippin;68;f;w;durham;somerknoll;6710;27713;nc
B;G002998;3048;galen;l;elliott;37;m;b;durham;nipper;4;27704;nc
B;G002999;3049;naomi;denise;dolby hamer;48;f;b;smithfield;rustic;133;27577;nc
B;G003000;3050;robert;l;bishop;44;m;w;morrisville;molesworth;406;27560;tn
B;G003001;3051;richard;benoni;moore;48;m;b;durham;james;1820;27707;nc
B;G003002;3052;jenni;arlene;rasnake;40;f;w;durham;southpoint crossing;613;27713;tn
B;G003003;3053;ricky;jermaine;leggett;32;u;u;charlotte;woodbend;6312;28212;
B;G003004;3054;lashawn;miata;mcfarland;46;f;b;durham;ashe;2824;27703;
B;G003005;3055;johnnie;maurice;edwards;52;m;b;raleigh;skinner;900;27610;nc
B;G003006;3056;kyle;patrick;hefley;42;m;w;durham;main;2000;27703;ny
B;G003007;3057;kimberly;ann;novick;38;f;w;franklin;greenbrier;55;28734;md
B;G003008;3058;brandon;neal;blevins;49;m;u;durham;shagbark;5110;27703;nc
B;G003009;3059;cynthia;jewell;meade;42;f;w;rougemont;lakewinds;208;27572;va
B;G003010;3060;cara;m;williams;49;f;b;raleigh;archdale;3406;27614;sc
B;G003011;3061;alonza;rose;pamplin;28;f;b;durham;raynor;414;27703;
B;G003012;3062;jessica;leigh;powell;35;f;w;waxhaw;aerowood;6908;28173;tn
B;G003013;3063;benaldo;f;purefoy;31;m;b;durham;dowd;705;27701;nc
B;G003014;3064;heidi;danielle;wilkerson;39;f;u;durham;finsbury;108;27703;
B;G003014;3065;heidi;danielle;wilkerson;39;u;u;raleigh;mountain mill;1311;27614;
B;G003015;3066;richard;darrius;thompson;33;m;b;durham;hope valley;4659;27707;nc
B;G003016;3067;persal;;bethune;65;m;b;durham;cascade falls;500;27713;nc
B;G003017;3068;lyle;charles;fiore;41;m;w;chapel hill;caswell;534;27514;la
B;G003018;3069;dawjuan;maurice;prince;31;m;b;laurinburg;sanders;10380;28352;nc
B;G003019;3070;angelica;jeannette;glover;27;f;b;raleigh;atlantic;3424;27604;nc
B;G003020;3071;yasamin;;haghshenas;25;u;u;chapel hill;martin luther king jr;621;27514;nc
B;G003021;3072;benjamin;james;beck;33;m;w;raleigh;felucca;11300;27617;oh
B;G003022;3073;emily;h;silver;29;f;w;durham;marywood;3302;27712;pa
B;G003023;3074;thomas;michael;gallagher;24;m;w;hillsborough;hardscrabble;1615;27278;nc
B;G003024;3075;lovie;geraldlisia;matthews;26;f;b;durham;fayetteville;1801;27707;tn
B;G003024;3076;lovie;geraldlisia;matthews;26;f;b;charlotte;via romano;5634;28270;tn
B;G003025;3077;scott;richardson;royal;29;m;w;wilmington;charter;133;28403;
B;G003025;3078;scott;richardon;royal;29;m;w;chapel hill;mccauley;404;27516;
B;G003026;3079;christian;james;parent;33;m;w;durham;glade aster;711;27704;ny
B;G003029;3080;christopher;thompson;healy;30;m;w;charlotte;providence branch;3200;28270;ny
B;G003030;3081;rosie;jane;saldana;30;f;w;morrisville;quail high;3026;27560;ga
B;G003031;3082;danny;christopher;hill;59;m;w;timberlake;derwin;173;27583;nc
B;G003032;3083;richard;hartley;schmidt;59;m;w;sanford;pineside;1107;27332;fl
B;G003033;3084;john;serge;taylor;73;m;w;chapel hill;old mill;758;27514;ny
B;G003034;3085;marcia;coates;grimsley;70;f;w;durham;meredith;300;27713;nc
B;G003035;3086;ronnie;lee;daniels;60;m;b;st pauls;nc hwy 20;3169;28384;nc
B;G003036;3087;travis;ezekiel joel;johnson;26;m;b;durham;guy walker;405;27703;mi
B;G003037;3088;david;alexander;starnes;25;m;b;morrisville;folsom;902;27560;
B;G003038;3089;jesse;micah;hall;25;m;m;durham;stone lion;238;27703;nc
B;G003039;3090;nyche;laura;thomas;21;f;b;rocky mount;rose;617;27801;md
B;G003040;3091;emily;claire;withers;32;f;w;raleigh;coldstream;1228;27615;nc
B;G003041;3092;tej;;dhond;23;m;a;durham;duke university;1500;27701;
B;G003042;3093;michael;anthony;ingersoll;30;m;w;chapel hill;brookberry;137;27517;ny
B;G003043;3094;shakela;brianna;jeffries;24;f;b;durham;hwy 55;5523;27713;nc
B;G003044;3095;lisa;rene;turner;52;f;w;chapel hill;edgewater;102;27516;fl
B;G003045;3096;alexis;marie;yowell;35;u;u;durham;exchange;1214;27713;
B;G003046;3097;gena;nolan;waller;35;f;w;raeford;sage creek;119;28376;nc
B;G003047;3098;victoria;lynn;bowden;45;f;b;cary;northlands;320;27519;nj
B;G003048;3099;william;joseph;stager;71;m;w;raleigh;avent;1017;27606;oh
B;G003049;3100;keith;lamark;gibson;54;m;b;durham;keystone;3610;27704;nj
B;G003050;3101;martin;alan;mattson;42;m;w;holly springs;porcino;209;27540;la
B;G003051;3102;jason;patrick;page;44;m;w;carrboro;hanna;107;27510;pa
B;G003052;3103;lisa;ann;leighty;37;f;w;carrboro;westbrook;201;27510;oh
B;G003053;3104;katy;osborne;mcgovern;34;f;w;hillsborough;chatfield;4;27278;la
B;G003054;3105;david;andrews;perry;38;m;w;charlotte;renaissance ridge;4815;28217;nc
B;G003055;3106;traci;jean;tiemann;32;f;w;durham;millspring;1122;27705;tx
B;G003056;3107;sharon;elizabeth;mellis;35;f;w;durham;crossview;608;27703;ga
B;G003057;3108;emma;rose;dufrane;32;f;a;clayton;holding;551;27520;oc
B;G003058;3109;david;morton;freedman;89;m;w;morrisville;jeremiah;11001;27560;ny
B;G003059;3110;penelope;mary;broughton;22;f;w;durham;chelsea;2811;27707;
B;G003060;3111;christopher;blust;burns;34;m;w;morrisville;apricot;300;27560;il
B;G003061;3112;kirsten;tanye;smith;22;f;b;greenville;silver maple;2109;27858;
B;G003062;3113;ariel;catherine;reynolds;36;f;w;chapel hill;wesley;304;27516;tx
B;G003063;3114;matthew;lynn;tomsic;31;m;w;durham;old chapel hill;5110;27707;nc
B;G003063;3115;matthew;lynn;tomsic;31;m;w;wilmington;brookwood;215;28403;nc
B;G003064;3116;si yang;;miao;29;m;a;chapel hill;spring meadow;3201;27517;oc
B;G003065;3117;danielle;nicole;watson;33;f;b;durham;penrith;5210;27713;va
B;G003066;3118;jaleesa;morrisa;mccoy;24;f;b;jacksonville;hines farm;2156;28540;va
B;G003067;3119;chelsea;rae;meade;26;f;w;durham;guess;3835;27705;pa
B;G003068;3120;jerome;mcarther;scott;22;m;b;raleigh;cardinal grove;5220;27616;ny
B;G003069;3121;stephen;joseph;tuwamo;22;m;b;durham;fayetteville;2112;27707;nc
B;G003070;3122;calvin;ray;lee;54;m;b;durham;liberty;544;27701;nc
B;G003071;3123;madeline;sara;baker;26;f;w;durham;lancaster;914;27701;nc
B;G003072;3124;christy;jeffries;hinton;59;f;b;raleigh;ridge mill;3210;27612;nc
B;G003073;3125;mary;elizabeth;coco;29;f;w;jacksonville;ridgecrest;1010;28546;nc
B;G003074;3126;janiece;latwan;ross;36;f;b;durham;chapel hill;2836;27707;nc
B;G003075;3127;ruth;elizabeth;jaworski;45;f;w;cary;new rail;403;27513;nc
B;G003076;3128;karlton;webster;creech;46;m;w;chapel hill;environ;4505;27517;nc
B;G003077;3129;marilyn;riley;tilley;78;f;w;durham;roxboro;4900;27704;nc
B;G003078;3130;tarshena;darshea;taylor;49;f;b;durham;woodcrest;323;27703;ny
B;G003079;3131;kari;laurel;breed;39;f;u;durham;knox;815;27701;tx
B;G003080;3132;judi;johnson;smith;76;f;w;angier;nc 50;8180;27501;nc
B;G003081;3133;monica;latreace;pierce;42;f;b;winston salem;wssu;0;27110;nc
B;G003082;3134;harriett;jones;partlow;62;u;b;morrisville;kudrow;2921;27560;
B;G003083;3135;james;;corken;51;m;w;durham;rose garden;1102;27707;il
B;G003084;3136;heather;bethea;horne;36;f;w;raleigh;chatford;6012;27612;nc
B;G003085;3137;gerri;marcia;harris;41;f;b;wilmington;darlington;425;28403;va
B;G003087;3138;shiva;rena;liverman;37;f;b;durham;cherry creek;2652;27703;nj
B;G003088;3139;lauren;katherine;efird;34;f;w;apex;pondside;116;27539;sc
B;G003090;3140;tremaine;jerome;monk;34;m;b;raleigh;western;2717;27606;nc
B;G003091;3141;william;harry;randolph;59;m;b;durham;sandy creek;3406;27705;ks
B;G003092;3142;robert;grenier;whitman;60;m;w;durham;william penn;203;27704;ct
B;G003093;3143;thiernomamadou;djelo;bah;26;m;b;durham;fayetteville;1801;27707;ny
B;G003094;3144;lydia;follett;yehling;64;f;w;durham;alabama;1012;27705;la
B;G003095;3145;jeannette;marsha;brown;24;u;b;durham;fayetteville;1702;27707;sc
B;G003096;3146;jonathan;;granger;24;m;b;durham;fayetteville;2112;27707;nc
B;G003097;3147;victoria;monique;jones;27;f;b;raleigh;coppersmith;7616;27615;nc
B;G003098;3148;michael;munyad;mutuku;40;m;b;raleigh;pineville;10030;27617;
B;G003099;3149;sabonia;nicole;stewart;44;f;b;rocky mount;leggett;1301;27801;nc
B;G003100;3150;shamira;lee;ruiz;30;f;o;charlotte;leake;5715;28208;ny
B;G003101;3151;christina;rosa;jusino;29;f;o;durham;ravenstone;401;27703;va
B;G003102;3152;david;michael;fleming;53;m;w;clayton;swann;417;27527;ny
B;G003102;3153;david;michael;fleming;53;u;u;wilmington;old garden;5617;28403;
B;G003103;3154;mercedes;aurelia;bravo;36;f;w;durham;darian;2;27713;
B;G003104;3155;erin;elizabeth;morton;29;f;w;china grove;main;410;28023;nc
B;G003105;3156;easton;marie;murray;23;f;w;durham;lakemont;3;27703;ny
B;G003106;3157;elizabeth;kendall;weaver;22;u;u;durham;copper leaf;2033;27703;
B;G003107;3158;dawood;sulaiman;baijan;44;m;w;durham;shannon;3231;27707;
B;G003109;3159;anne;;smeal;75;f;w;holly springs;cline falls;504;27540;nc
B;G003111;3160;sydney;;thomas;30;f;b;chapel hill;chesley;105;27514;
B;G003112;3161;paul;michael;roper;63;u;u;wake forest;karbas;1001;27587;
B;G003113;3162;lauryn;murphy;bailey;29;f;b;durham;bedford;2132;27707;nc
B;G003114;3163;tamika;sheree;black;43;f;b;durham;sugar pine;3202;27713;nc
B;G003115;3164;danan;marie;spielman;42;f;w;cary;faraday;208;27518;tx
B;G003117;3165;emily;gill;brassell;44;f;w;durham;bivins;2021;27707;nc
B;G003118;3166;willa;marie;wilkinson;78;f;w;cary;grande valley;3114;27513;ca
B;G003119;3167;thomas;benjamin;gill;44;m;o;raleigh;codes ridge;6101;27612;il
B;G003120;3168;david;yung;ming;38;m;a;durham;mcdowell;2728;27705;tx
B;G003121;3169;nikia;denee;person pittman;39;f;b;durham;raj;1808;27703;dc
B;G003122;3170;kent;robert;lytle;29;m;w;hillsborough;shady glen;6300;27278;ny
B;G003123;3171;sara;elizabeth;welliver;37;f;u;chapel hill;martin luther king jr;1641;27514;sc
B;G003124;3172;lindsay;katherine;buchert;34;f;w;charlotte;meadowridge;4108;28226;ny
B;G003125;3173;muriel;evan;williman;50;f;w;durham;colgate;609;27704;oc
B;G003126;3174;bengy;lee;brock;43;m;w;jacksonville;burgaw;3745;28540;fl
B;G003127;3175;derick;lynn;shepherd;39;m;w;efland;sunglow;508;27243;oh
B;G003128;3176;brendan;john;kilcoyne;62;m;u;cary;village greenway;1208;27511;wa
B;G003129;3177;tamara;a;king;30;f;b;charlotte;strider;8628;28212;oh
B;G003130;3178;matthew;emil;milliken;47;m;w;durham;sedgefield;1412;27705;ny
B;G003131;3179;camden;edward;carver;33;m;w;durham;roxboro;704;27707;nc
B;G003132;3180;paul;;cameron;56;m;w;durham;sprunt;2308;27705;nc
B;G003133;3181;grayson;andrew;freas;30;m;w;cary;jaguar;104;27513;nc
B;G003134;3182;sadie;taylor;perry;81;f;b;durham;ross;2603;27703;sc
B;G003135;3183;timothy;james;tunis;30;u;w;durham;main;605;27701;
B;G003137;3184;roberta;geiger;jackson;77;f;b;durham;maynard;205;27704;
B;G003138;3185;samuel;charles;demers;31;m;w;chapel hill;legion;106;27517;oh
B;G003139;3186;rachel;valerie;kimbrough;23;f;w;charlotte;seamill;9119;28278;ny
B;G003140;3187;kayla;anne;fuga;36;f;w;chapel hill;baity hill;1700;27514;
B;G003141;3188;matthew;louis;fox;32;m;w;carrboro;rosemary;708;27510;nc
B;G003142;3189;robert;;mariscal;27;m;w;raleigh;ravenglass;2136;27612;ca
B;G003143;3190;marilyn;joy;roush;78;f;w;durham;leapale;7510;27713;in
B;G003144;3191;dorothea;ridenhour;royal;99;f;w;durham;dalton;6;27705;nc
B;G003145;3192;joseph;walter;hardin;28;m;b;durham;chestnut bluffs;33;27713;oh
B;G003146;3193;jerome;boyd;hallan;27;m;w;boone;faculty;185;28607;nc
B;G003147;3194;mary;elizabeth;georger;30;f;w;raleigh;brokers tip;10211;27617;ny
B;G003148;3195;deborah;ann;kearney;56;f;w;raleigh;green lantern;8203;27613;oc
B;G003149;3196;joseph;russell;montana;49;m;w;durham;emerald forest;4514;27713;ny
B;G003150;3197;kyle;jefferson;jackson;34;m;w;winston salem;audrey;4696;27127;mi
B;G003151;3198;colin;andrew;lavigne;33;m;w;durham;pegram;13;27703;ia
B;G003152;3199;sharif;jamal;jefferson;23;m;b;durham;lynn;412;27703;oc
B;G003153;3200;kathryn;borys;hamilton;68;f;w;durham;gaston manor;814;27703;
B;G003155;3201;stephen;michael;deguglielmo;27;m;w;raleigh;walnut creek;3000;27606;nc
B;G003156;3202;jodi;lee;baker;47;f;w;durham;winding arch;6706;27713;mi
B;G003157;3203;samuel;andrew michael;duncan;30;m;w;raleigh;berry crest;7768;27617;ny
B;G003158;3204;angelo;;sphere;44;m;w;chapel hill;indigo;111;27516;ca
B;G003158;3205;angelo;;sphere;44;m;o;efland;us hwy 70;4402;27243;
B;G003159;3206;jessica;ann;fox;33;f;u;durham;burch;908;27701;fl
B;G003160;3207;andrew;ali;aghapour;33;m;w;carrboro;sue ann;107;27510;oc
B;G003161;3208;joshua;taylor;moore;25;m;w;morrisville;hopson;3616;27560;nc
B;G003162;3209;joan;marie;edmiston;52;f;w;denver;bay pointe;7965;28037;ne
B;G003163;3210;natalie;lynn;kotuby;31;f;w;raleigh;springsweet;2931;27612;
B;G003164;3211;matthew;gregory;mello;29;m;b;hillsborough;us hwy 70 a;412;27278;ct
B;G003165;3212;andrew;kirk;spicer;29;m;w;durham;north;711;27701;nc
B;G003166;3213;william;paul;brennan;30;m;w;durham;exchange;1101;27713;
B;G003167;3214;jean;paul;dame;52;m;w;durham;brier crossings;712;27703;ca
B;G003168;3215;angela;marie;crawford;51;f;b;morrisville;glengate;2208;27560;pa
B;G003169;3216;jessica;lynn;jones;33;f;i;maxton;old baker;370;28364;nc
B;G003170;3217;christof;chiu;smith;27;m;o;carrboro;bpw club;140;27510;hi
B;G003171;3218;michaela;costello;dwyer;27;f;w;chapel hill;murray;1501;27517;nc
B;G003172;3219;molly;allyn;rosett;31;f;w;chapel hill;howell;115;27514;
B;G003172;3220;molly;allyn;rosett;31;f;w;apex;tiltonshire;2419;27539;ma
B;G003173;3221;donna;lajeanne;mccauley;57;f;w;rougemont;hill;401;27572;nc
B;G003174;3222;anna;maria;cianci;54;f;w;durham;university;1813;27707;pa
B;G003175;3223;carole;h;stewart;59;f;w;durham;fairoaks;5419;27712;ga
B;G003176;3224;christina;m;nix;53;f;w;durham;emoryfield;3317;27704;nj
B;G003177;3225;efrain;;pineiro;76;m;w;rougemont;bowen;209;27572;oc
B;G003178;3226;darius;brian;grissom;46;u;u;winston salem;foliage;3872;27101;nc
B;G003179;3227;marshall;alan;robers;45;m;w;chapel hill;sweeten creek;3839;27514;va
B;G003180;3228;aysha;evans;ault;47;f;w;wilmington;ivydale;2001;28405;nc
B;G003180;3229;aysha;;ault;47;u;u;wrightsville beach;lookout harbor;12;28480;
B;G003182;3230;steve;allen;correll;63;m;w;durham;thetford;4012;27707;mn
B;G003183;3231;ruth;elizabeth;patterson;59;f;w;hillsborough;little river;2910;27278;mi
B;G003184;3232;mattie;;arnold;88;f;b;durham;corona;901;27707;va
B;G003185;3233;carl;winston;clayton;69;m;w;durham;meadhall;5;27713;nc
B;G003185;3234;carl;winston;clayton;69;m;w;pikeville;western wayne;204;27863;nc
B;G003186;3235;eileen;marie;rankin;56;f;w;raleigh;hushpuppy;6114;27616;ny
B;G003187;3236;donna;ann;vaughan;55;f;w;rougemont;mountain brook;272;27572;nc
B;G003188;3237;riley;wade;dehart;86;m;w;durham;cheek;3632;27704;va
B;G003189;3238;julie;louise;nash;45;f;w;cary;presidents walk;602;27519;pa
B;G003190;3239;carolean;;craig;67;f;b;durham;north exeter;12311;27703;nc
B;G003191;3240;christian;nicole;watson;42;f;w;durham;harrier;901;27713;sc
B;G003192;3241;grant;thomas;cruise;38;m;w;charlotte;tennyson;1109;28208;nc
B;G003194;3242;janice;larter;woody;54;f;w;salisbury;settlers grove;172;28146;wv
B;G003195;3243;ivy;gould;fowler;59;f;w;durham;culpepper;304;27712;nj
B;G003196;3244;billie;high;grissom;85;f;w;mebane;yarborough;6425;27302;nc
B;G003197;3245;peggy;;messick;62;f;b;durham;knightwood;302;27703;nc
B;G003198;3246;joanna;joy;burgess;56;f;w;durham;bonaparte;3311;27707;ny
B;G003199;3247;jane;yates;butler;66;f;w;boone;blair;234;28607;nc
B;G003200;3248;robert;huntley;davis;39;m;o;durham;leah;4010;27712;nc
B;G003201;3249;sandra;renee;foster;51;f;b;mooresville;ashton;122;28115;ms
B;G003202;3250;justine;laurel;shook;34;f;w;clayton;naples;280;27527;fl
B;G003203;3251;huiman;xie;barnhart;53;f;a;chapel hill;kensington;631;27514;oc
B;G003204;3252;scott;vernon;pose;51;m;w;raleigh;rodessa;1306;27607;ia
B;G003205;3253;nadia;;goineau aram;42;f;w;durham;stacy glen;1127;27705;sc
B;G003206;3254;jared;michael;gibson;31;m;b;durham;duke;1000;27701;nc
B;G003207;3255;elizabeth;nelme;shelton;41;f;w;raleigh;stonecliff;7216;27615;nc
B;G003208;3256;krista;louise;albee;40;f;w;durham;branchwood;4001;27705;mo
B;G003209;3257;catherine;d;holland;93;f;w;chapel hill;woodbine;910;27517;nc
B;G003210;3258;keisha;;underdue;49;f;b;raleigh;pomegranate;3213;27616;nj
B;G003211;3259;michael;edward;drew;38;m;w;durham;village circle;100;27713;ca
B;G003212;3260;margaret;ann;mulligan;63;f;w;cary;arrow head;104;27513;ny
B;G003214;3261;cameron;wade;tripp;30;m;b;chocowinity;gray;315;27817;nc
B;G003215;3262;jody;;grandy;47;f;b;durham;torrey pine;5112;27713;ny
B;G003215;3263;jody;;grandy;47;f;b;williamston;nai rad;1060;27892;ny
B;G003216;3264;james;vernon;johnston;82;m;w;durham;garrett;5010;27707;
B;G003217;3265;faith;elizabeth;tomblin;34;f;w;durham;shady spring;108;27713;al
B;G003217;3266;faith;elizabeth;tomblin;34;f;w;spindale;country;139;28160;
B;G003218;3267;joel;thomas;sutherland;33;m;w;carrboro;red sunset;111;27510;or
B;G003219;3268;brenn;andrew;hill;36;m;w;carrboro;rock haven;100;27510;
B;G003220;3269;elise;christina simon;bisbee;35;f;w;raleigh;brookgate;8114;27617;co
B;G003221;3270;beth;ann;taylor;58;f;w;durham;hitchcock;2642;27705;pa
B;G003222;3271;karen;suria;gonzalez;39;f;w;raleigh;early rise;1128;27610;
B;G003223;3272;matthew;miller;howard;34;m;b;charlotte;gray;630;28213;la
B;G003224;3273;antwain;rodriquez;jackson;38;m;b;raleigh;church;707;27601;nc
B;G003225;3274;perry;marshall;jones;42;m;b;durham;haventree;1208;27713;oc
B;G003226;3275;allen;nelson;sharpe;77;m;w;pinehurst;pinehurst trace;225;28374;nc
B;G003227;3276;ashley;michelle;ford;32;f;o;raleigh;marshall brae;8133;27616;dc
B;G003228;3277;kevin;raynard;hoyle;29;m;u;clayton;averasboro;364;27520;
B;G003230;3278;mindy;sue;morgan;43;f;w;raleigh;wycliff;2427;27607;ia
B;G003231;3279;laura;rose;wagner;36;f;w;carrboro;carr;110;27510;ca
B;G003232;3280;laura;marie;sheridan;22;u;u;;confidential;0;;nc
B;G003233;3281;sharon;gaynell;crawford;49;f;b;chapel hill;formosa;400;27517;nc
B;G003234;3282;ronald;irving;best;43;m;b;durham;rocky springs;4410;27705;nc
B;G003235;3283;elisabeth;kiser;jones;38;f;w;durham;westover;3510;27707;nc
B;G003236;3284;synneal;alexander;brown;35;m;u;durham;da vinci;909;27704;md
B;G003237;3285;emily;;blanchard;30;f;u;cary;talking rock;1736;27519;
B;G003238;3286;cynthia;m;hamrick;53;f;w;charlotte;par cove;10713;28277;nc
B;G003239;3287;joshua;scott;gunty;29;m;w;raleigh;nelson ridge;10701;27617;il
B;G003240;3288;semaje;alexis maquell;gordon;24;f;b;jacksonville;brynn marr;1220;28546;
B;G003240;3289;semaje;alexis maquell;gordon;24;f;b;jacksonville;brynn marr;1220;28546;
B;G003241;3290;stella;;distefano;89;f;w;raleigh;donerail;10150;27617;ny
B;G003242;3291;jaylen;naque;ward;18;m;b;durham;fayetteville;1801;27707;nc
B;G003243;3292;monique;;hall;53;f;b;chapel hill;pinegate;212;27514;nj
B;G003244;3293;whitney;renee;lamb;33;f;b;durham;university;4800;27707;ca
B;G003245;3294;sarah;elizabeth;stevens;26;f;w;davidson;ridge;209;28035;mo
B;G003246;3295;christopher;michael;ruggeri;39;m;w;hillsborough;churton;600;27278;ny
B;G003247;3296;william;rudolph;garfield;61;m;w;wilmington;channel haven;115;28409;oh
B;G003247;3297;william;rudolph;garfield;61;m;w;garner;garner;1412;27529;oh
B;G003248;3298;tonina;garvin;vaughan;52;f;b;durham;crossing;623;27703;nc
B;G003249;3299;jeannetta;elaine;day;39;f;b;raleigh;mackinac island;3705;27610;
B;G003250;3300;kenneth;alvin;hackney;60;m;w;durham;north creek;815;27707;nc
B;G003251;3301;monica;lynn;declay;46;f;w;charlotte;commonwealth;3000;28205;tx
B;G003252;3302;carolyn;andros;pantermakis;49;f;w;hurdle mills;birdsong;501;27541;sc
B;G003253;3303;paula;;siwek;59;f;w;durham;dryden;109;27713;ny
B;G003254;3304;randy;kyle;randolph;52;m;w;durham;sunset;2132;27705;il
B;G003255;3305;edward;michael;rogers;72;m;b;raleigh;rock;1512;27610;md
B;G003256;3306;elijah;lee;dixon;41;m;b;charlotte;knothole;504;28214;mi
B;G003257;3307;lorenzo;orlando;phillips;50;m;m;durham;emerald forest;4518;27713;ny
B;G003258;3308;ernest;zachary;alderman;59;m;b;cary;alamosa;208;27519;nc
B;G003259;3309;carol;barnett;williams;74;f;w;winterville;gaylord;2777;28590;nc
B;G003260;3310;scott;oneil;liverman;44;m;w;greenville;greenville;2210;27858;nc
B;G003261;3311;thonankulam;k;parthasarathy;83;m;a;durham;trail view;1500;27713;oc
B;G003262;3312;michael;lawrence;grooms;48;m;w;durham;hope valley;4649;27707;sc
B;G003263;3313;michele;lea;dew;45;f;w;raleigh;golden lantern;6510;27613;oh
B;G003264;3314;david;michael;thompson;43;m;w;durham;duke of gloucester;6;27713;in
B;G003265;3315;christopher;sherwin;graham;36;m;b;clemmons;willow trace;117;27012;nc
B;G003265;3316;christopher;sherwin;graham;36;m;m;huntersville;merry chase;13410;28078;nc
B;G003265;3317;christopher;sherwin;graham;36;u;u;charlotte;ivy meadow;1425;28213;
B;G003266;3318;malinda;teeter;pennington;49;f;w;wilson;westbrook;1904;27896;nc
B;G003267;3319;daun;jvon;brown;37;f;b;durham;bassett hall;210;27713;va
B;G003268;3320;ashley;vene;tuck;31;f;b;raleigh;warm springs;3247;27610;nc
B;G003269;3321;christiane;rachel;regelbrugge;32;f;w;durham;morreene;929;27705;nc
B;G003270;3322;melissa;moore;vetterkind;43;f;w;raleigh;brook garden;9024;27615;wi
B;G003271;3323;eliana;sharon;beattie;57;f;w;durham;mayruth;1300;27713;oc
B;G003272;3324;jacqueline;;bryant;54;f;b;durham;miller;4610;27704;ny
B;G003273;3325;edith;geer;johnson;79;f;w;timberlake;oaks lane;75;27583;tx
B;G003274;3326;barney;ezra;lawrence;45;m;b;durham;orindo;704;27713;va
B;G003275;3327;kasey;c;smith;78;f;w;durham;glenn;3809;27704;va
B;G003276;3328;maceo;kennedy;sloan;69;m;b;carolina beach;bowfin;1619;28428;pa
B;G003277;3329;carolyn;elizabeth;edmonds;59;f;w;chapel hill;cosgrove;622;27514;nj
B;G003278;3330;terrance;lee;williams;47;m;b;durham;wiltshire;4;27713;nc
B;G003279;3331;dean;scott;painter;38;m;w;raleigh;jasmine cove;12217;27614;nc
B;G003280;3332;april;renee;packer;43;f;w;durham;audubon lake;600;27713;nc
B;G003281;3333;tanisha;lynette;alston;39;f;b;chapel hill;rogers;7700;27516;nc
B;G003282;3334;judson;lee;parrish;39;m;w;cary;overcup oak;3927;27519;sc
B;G003283;3335;robyn;lyn;fenn;43;f;w;raleigh;flint ridge;5004;27609;pa
B;G003284;3336;karen;lorraine;wielunski;36;f;w;durham;stillhouse;4;27704;oh
B;G003285;3337;daniel;sampson;coyne;31;m;i;durham;duke university west campus;1;27708;ca
B;G003286;3338;katrecia;allene;hardy;39;f;b;goldsboro;vinwood;402;27534;
B;G003286;3339;katrecia;allene;hardy;39;u;u;goldsboro;vinwood;402;27534;
B;G003287;3340;kimberly;ann;boutin;49;f;w;rougemont;chambers;1415;27572;
B;G003288;3341;aurora;d;pryor;49;f;o;durham;taproot;4809;27705;mi
B;G003289;3342;matthew;robert;strickland;33;m;w;durham;vanguard;1413;27713;mo
B;G003289;3343;matthew;robert;strickland;33;m;w;winston salem;turkey hill;3190;27106;mi
B;G003290;3344;courtney;little;shelton;37;f;w;durham;suda;5103;27703;nc
B;G003290;3345;courtney;little;shelton;37;f;w;wake forest;mcdowell;220;27587;nc
B;G003291;3346;kirkland;;armstrong;31;m;b;durham;rose garden;11308;27707;nc
B;G003292;3347;martin;theodore;ross;52;m;w;hillsborough;andante;3602;27278;wi
B;G003293;3348;john;p;parker;77;m;w;chapel hill;cosgrove;132;27514;wv
B;G003294;3349;amy;renee;dudley;35;f;w;durham;university;4600;27707;nc
B;G003295;3350;alice;frances;pierce;29;f;w;chapel hill;farrington;6205;27517;nc
B;G003295;3351;alice;pierce;feldbusch;29;f;w;wake forest;fawn;119;27587;nc
B;G003296;3352;jeronica;yvette;jones;27;f;b;durham;humphrey;1406;27701;nc
B;G003297;3353;jamie;michelle;mills;33;f;w;durham;salix;8013;27713;tx
B;G003299;3354;elijah;hasan;johnson;24;m;b;durham;fayetteville;1801;27707;nc
B;G003303;3355;jelisa;shaundria;johnson;24;f;b;durham;delbert;4202;27704;nc
B;G003304;3356;noel;laverne;graham;27;f;b;greenville;spring forest;910;27834;nc
B;G003304;3357;noel;l;graham;27;f;b;lumberton;bee gee;1543;28358;nc
B;G003305;3358;alnita;williams;sumpter;32;f;b;durham;burrell;401;27703;nc
B;G003306;3359;taylor;bennett;austin;42;m;w;holly springs;vervain;504;27540;nc
B;G003307;3360;john;patrick;leahy;39;u;u;durham;euclid;1805;27713;
B;G003308;3361;dione;marianne brigola;gissane;32;f;o;wilmington;trails end;240;28409;oc
B;G003309;3362;phoebe;valentine;judge;35;f;w;chapel hill;genesis;1921;27516;il
B;G003310;3363;benjamin;charles;butler;33;u;w;durham;darby glen;565;27713;
B;G003311;3364;victoria;anne;chwalowski;27;f;w;durham;walnut;2009;27705;pa
B;G003312;3365;ryan;michael;baxter;39;m;w;durham;settlement;4102;27713;oh
B;G003313;3366;leslie;marlene;thomas;60;f;w;durham;pump station;3201;27712;fl
B;G003314;3367;susan;teresa;murphy;50;f;w;morrisville;sterling green;1927;27560;ct
B;G003315;3368;edward;lee;morgan;62;m;b;durham;main;1201;27701;nc
B;G003316;3369;bernetha;r;smith;69;f;b;raleigh;southgate;2012;27610;nc
B;G003317;3370;gregory;michael;walter;35;m;w;durham;broomstraw;4405;27704;mt
B;G003318;3371;william;douglas;wallace;31;m;w;raleigh;collection river;7711;27617;oh
B;G003319;3372;taylor;marie;henning;26;f;w;charlotte;altondale;121;28207;ks
B;G003320;3373;jo ann;;moser;62;f;w;chapel hill;weaver mine;201;27517;ct
B;G003321;3374;harriet;ratliff;white;55;f;w;mooresville;johnson dairy;437;28115;nc
B;G003322;3375;christine;dacanal;valenti;60;f;w;raleigh;cascades;9200;27617;pa
B;G003323;3376;katia;marie;mottert;26;f;w;raleigh;lake lynn;4105;27613;mo
B;G003324;3377;julius;antonio;stokes;42;m;b;wilmington;church;1505;28401;nc
B;G003325;3378;jessica;layton;hair;31;f;w;red springs;johnson pond;1330;28377;nc
B;G003326;3379;shawn;alexander;boykin;28;m;b;durham;turmeric;506;27713;fl
B;G003326;3380;shawn;alexander;boykin;28;m;b;chapel hill;shadowood;109;27514;fl
B;G003327;3381;damien;;smith;44;m;u;raleigh;rivergrass;2111;27610;
B;G003328;3382;stephen;shane;paul;34;m;w;durham;tanners mill;2092;27703;nc
B;G003328;3383;stephen;shane;paul;34;m;w;washington;neck;88;27889;nc
B;G003329;3384;van;nguyen;humbles;42;f;a;durham;flat river;3308;27703;
B;G003330;3385;troy;james;culverwell;22;m;w;durham;solitude;5807;27713;ky
B;G003331;3386;lisa;ann;pressley;51;f;w;morrisville;princess;206;27560;md
B;G003332;3387;christon;marshane;carter;37;m;u;durham;magna;413;27703;
B;G003333;3388;crystal;lynn;carter;55;f;b;raleigh;krume;7315;27613;va
B;G003334;3389;meredyth;stewart;albright;21;f;w;wake forest;taylors ridge;3133;27587;nc
B;G003335;3390;kathryn;leigh compton;barr;36;f;w;durham;monmouth;1016;27701;nc
B;G003336;3391;rosemary;kavanagh;mclaughlin;66;f;w;hillsborough;miller;1700;27278;oc
B;G003337;3392;sarah;lynne;wolf;48;f;w;raleigh;greywood;3513;27604;mi
B;G003338;3393;louis;abraham;aiello;33;m;w;charlotte;english hills;6402;28212;
B;G003339;3394;nancy;lyn;fenner;40;f;m;chapel hill;old spring;113;27516;
B;G003340;3395;tiffany;ann;taylor;36;f;w;morrisville;molesworth;1003;27560;nc
B;G003341;3396;alounthith;;phichith;44;f;a;hillsborough;hatterleigh;512;27278;oc
B;G003342;3397;fawzia;khatoon;salahuddin;48;f;o;cary;gilmanton;505;27519;oc
B;G003343;3398;kristen;parker;ashford;34;f;w;dunn;morris;704;28334;va
B;G003343;3399;kristen;parker;ashford;34;f;u;wake forest;groveton;404;27587;va
B;G003344;3400;katherine;anne;berry;40;f;w;durham;roxboro;3920;27713;pa
B;G003344;3401;katherine;anne;berry;40;u;u;raleigh;van dyke;2602;27607;pa
B;G003345;3402;jennifer;holly;lowman;39;f;w;raleigh;newcastle;5027;27606;nc
B;G003346;3403;lois;marie;hamm;50;f;w;hillsborough;lonnie;2333;27278;nc
B;G003347;3404;rachel;simone;costin;28;f;b;durham;barrington overlook;106;27703;
B;G003348;3405;valerie;jean;everhart;36;f;w;chapel hill;nc hwy 54;1100;27516;ny
B;G003349;3406;jason;;morningstar;49;m;u;durham;scaresdale;10;27707;mi
B;G003350;3407;quinton;decarlos;torain;29;m;b;durham;hardee;500;27703;
B;G003352;3408;jaron;trevelle;allen;27;m;b;charlotte;hedge maple;8908;28269;nc
B;G003353;3409;ann;beckwith;davis;61;f;w;hillsborough;fawnbrook;7824;27278;nc
B;G003354;3410;jason;robert;lazar;46;m;w;durham;state;2422;27704;ky
B;G003355;3411;courtney;alexis;scott;32;f;b;gaston;clanton garner;131;27832;
B;G003356;3412;matthew;wade;evans;43;m;w;wilmington;waylon;4105;28411;va
B;G003357;3413;crystal;shebreann;booker;25;f;b;lumber bridge;sunset lake;632;28357;nc
B;G003358;3414;charmaine;dalexis;pegues;37;f;b;wake forest;allen;418;27587;ny
B;G003359;3415;terryca;chenay;taylor;32;f;b;murfreesboro;spring branch;110;27855;nc
B;G003360;3416;randi;leigh sessoms;lassiter;31;f;b;durham;rose garden;11307;27707;va
B;G003361;3417;irene;mack;watkins;64;f;b;garner;ainsworth;1511;27529;nc
B;G003362;3418;long;thanh;bach;86;m;a;durham;bob wilkes;8;27703;
B;G003363;3419;michelle;;kelly;31;f;u;durham;chapel hill;2920;27707;
B;G003364;3420;tammy;shanee;hodge;33;f;b;morrisville;denali;107;27560;dc
B;G003365;3421;alex;;shafir;71;m;w;chapel hill;lancaster;208;27517;oc
B;G003366;3422;laura;smith;yauger;80;f;w;wilmington;riverwoods;6130;28412;nc
B;G003367;3423;veronica;latirsh;griffin;39;f;o;wake forest;green drake;4012;27587;nc
B;G003368;3424;jonathan;robert;reda;33;m;w;chapel hill;steeplechase;116;27514;ny
B;G003369;3425;corey;joseph;sugerik;26;m;w;wilmington;standsberry;6302;28412;va
B;G003370;3426;nicole;noel;matteson;36;f;w;raleigh;west;202;27603;il
B;G003371;3427;leon;;herndon;53;u;u;durham;keeneland;105;27713;nc
B;G003372;3428;julie;nguyen;le;30;f;o;durham;frontier;3;27713;nc
B;G003374;3429;melissa;a;mikell;53;f;b;winston salem;buick;452;27101;sc
B;G003375;3430;jennifer;joanne;st clair russell;44;f;w;durham;ember;848;27703;oh
B;G003376;3431;alexandria;eileen;de jong;27;f;w;fuquay varina;bloomsberry ridge;2637;27526;wi
B;G003377;3432;john;herbert;carter;59;m;b;raleigh;krume;7315;27613;dc
B;G003378;3433;maria;elizabeth;sheridan;22;f;w;durham;duke university west campus;1;27708;nc
B;G003379;3434;david;nicolas;cancio;27;m;w;raleigh;asher view;2541;27606;fl
B;G003380;3435;jose;javier;posada;24;m;o;charlotte;belle plaine;4619;28215;nc
B;G003381;3436;ashley;nicole;pridgen;29;f;w;rocky mount;nancy taylor;115;27801;nc
B;G003382;3437;chandra;jelessa;hanson;27;f;b;greenville;howard;103;27834;nc
B;G003383;3438;ruby;williams;godette;70;f;w;pinetops;brown farm;761;27864;nc
B;G003383;3439;ruby;williams;godette;70;f;w;greenville;wimbledon;1656;27858;
B;G003384;3440;tigra;h;whitaker;27;f;b;pembroke;railroad;408;28372;nc
B;G003385;3441;ricky;;pitts;48;m;u;chapel hill;saluda;1012;27514;
B;G003386;3442;vincent;alberto;pocoroba;34;m;w;tarboro;brandon;214;27886;ca
B;G003387;3443;jameka;j;battle;37;f;b;rocky mount;windsor;1804;27801;nc
B;G003388;3444;joyce;marie;bright;47;f;w;rocky mount;bunn;105;27804;nc
B;G003389;3445;jasper;lee;lucas;58;m;b;rocky mount;clark;815;27801;nc
B;G003390;3446;leon;;williams;30;m;b;rocky mount;ashland;200;27801;nc
B;G003391;3447;donnell;ward;sedgwick;62;m;b;rocky mount;tillery;309;27804;
B;G003392;3448;precious;shymese;cofield;27;f;b;rocky mount;thomas;1330;27804;nc
B;G003393;3449;jada;shameka;norman;32;f;b;rocky mount;stokes;933;27801;nc
B;G003394;3450;james;gray;griffin;33;m;w;garner;jones;11;27529;nc
B;G003395;3451;dennis;gray;bartley;62;m;b;rocky mount;braswell;200;27804;nc
B;G003396;3452;yvonne;dew;foushee;64;f;b;whitakers;ward;11258;27891;nc
B;G003397;3453;ensurado;tomey;williams;37;m;b;greenville;horseshoe;308;27834;nc
B;G003398;3454;brenda;;stokes;60;f;b;whitakers;cutchin;305;27891;nc
B;G003399;3455;dora;shagena;harrell;93;f;w;rocky mount;claiborne;396;27801;nc
B;G003400;3456;saundra;williams;booth;66;f;b;rocky mount;hurt;2257;27804;nc
B;G003401;3457;janes;monay;clark;45;f;b;rocky mount;ridge;301;27804;md
B;G003401;3458;janes;monay;clark;45;u;b;raleigh;windblown;4816;27616;md
B;G003402;3459;veronica;summrell;hill;51;f;b;rocky mount;cascade;617;27803;nc
B;G003403;3460;eddie;a;roach;57;m;b;greenville;clairmont;320;27834;nc
B;G003404;3461;shirley;jefferies;williams;62;f;b;battleboro;college;4428;27809;nc
B;G003405;3462;frederick;windell;jones;40;m;b;rocky mount;oak;216;27804;
B;G003406;3463;tyler;;davis;35;m;b;raleigh;sugarwood;3500;27616;nc
B;G003407;3464;david;braxton;jones;57;m;w;tarboro;walnut creek;191;27886;nc
B;G003409;3465;gale;patrick;shaw;63;f;b;rocky mount;pickwick;101;27801;nc
B;G003410;3466;tammy;lynne;ruzbacki;56;f;w;rocky mount;colony;808;27804;ca
B;G003411;3467;brenda;alston;cox;59;f;b;rocky mount;cypress;1405;27801;nc
B;G003413;3468;michael;lee;banks;25;m;w;tarboro;st andrew;1011;27886;nc
B;G003414;3469;donald;ray;harrison;52;m;b;rocky mount;tobacco;381;27801;nc
B;G003415;3470;evelyn;busey;lee;55;f;b;rocky mount;beaman;511;27803;nj
B;G003416;3471;betty;jean;whitaker;62;f;b;rocky mount;mcdonald;341;27804;nc
B;G003417;3472;collette;antionette;hutchinson;39;f;b;rocky mount;peebles;2809;27801;va
B;G003418;3473;stephen;tellor;sharpe;21;m;w;macclesfield;nc 124;292;27852;nc
B;G003419;3474;regina;maris;moffett fuller;56;f;b;whitakers;king;103;27891;ct
B;G003420;3475;latarsha;nikketta;hinton;38;f;b;rocky mount;paul;670;27803;nc
B;G003421;3476;montrell;jayqueze;davis;20;m;b;rocky mount;hunter;1408;27801;nc
B;G003422;3477;randolph;;lewis;62;m;b;tarboro;edmondson;514;27886;nc
B;G003423;3478;amanda;tripp;mayer;43;f;w;pinetops;rural rte 1;167;27864;nc
B;G003424;3479;belinda;;speight;40;f;b;rocky mount;winstead;3304;27804;nc
B;G003425;3480;maxine;powell;ewell;53;f;b;tarboro;king;921;27886;nc
B;G003426;3481;lucy;handsome;hinton;67;f;b;rocky mount;travis;2021;27804;
B;G003427;3482;glenda;michelle;holmes;46;f;w;raleigh;six forks;900;27604;nc
B;G003428;3483;eric;randolph;bass;50;m;w;rocky mount;winstead;3325;27804;nc
B;G003429;3484;elizabeth;beatrice;armstrong;63;f;b;whitakers;weaver;208;27891;nc
B;G003430;3485;khadijah;alasha;high;24;f;b;rocky mount;cane;141;27801;nc
B;G003431;3486;madeline;marie;frankenhauser;35;f;w;tarboro;hunter hill;100;27886;oh
B;G003432;3487;tina;mills;mccoy;51;f;b;rocky mount;jasmine;602;27804;nc
B;G003433;3488;tekeyla;shontae;smith;39;f;b;rocky mount;meadowbrook;2418;27801;nc
B;G003434;3489;marguerite;;hill;55;f;b;rocky mount;albemarle;735;27801;ny
B;G003435;3490;natasha;bernae;barnville;41;f;b;rocky mount;hill;722;27801;nj
B;G003436;3491;joice;ann;tabron;58;f;b;tarboro;baker;414;27886;nc
B;G003437;3492;edna;marie;coppedge;56;f;b;rocky mount;jennifer;624;27801;nc
B;G003438;3493;bobby;gene;demuth;48;m;w;macclesfield;wilson county;98;27852;
B;G003439;3494;jonathan;glenn;whitley;37;m;w;rocky mount;charlotte;520;27804;nc
B;G003440;3495;levitta;shanta edmonds;staton;33;f;b;rocky mount;aqua;115;27801;nc
B;G003441;3496;thomas;joseph;o farrell;69;m;w;nashville;hearthstone;102;27856;ny
B;G003442;3497;denise;donyell;hines;37;f;b;rocky mount;lincoln;525;27801;
B;G003443;3498;antonio;demetrius;knight;31;m;b;rocky mount;sunset;1217;27804;nc
B;G003444;3499;rhonda;speight;corpening;47;f;b;rocky mount;katie;413;27803;nc
B;G003445;3500;martina;lachell;gale;44;f;b;rocky mount;cox;1534;27801;ny
B;G003446;3501;maritza;;diaz;23;f;o;rocky mount;branch;1517;27801;nc
B;G003448;3502;quinton;laray;jenkins;35;m;b;rocky mount;gay;1032;27801;nc
B;G003449;3503;george;franklin;young;62;m;w;rocky mount;red barn;36;27801;nc
B;G003450;3504;douglas;jonathan;flinn;43;m;w;tarboro;st patrick;813;27886;pa
B;G003451;3505;ladonna;emerson;french;50;f;w;rocky mount;batchelor;408;27801;nc
B;G003452;3506;demetria;rasha;andrews;31;f;b;williamston;willow acres;125;27892;nc
B;G003453;3507;wayne;warnemaker;hill;66;m;b;rocky mount;travis;2000;27804;nc
B;G003454;3508;johnnie;earl;lucas;54;m;b;spring hope;bergeron;2875;27882;nc
B;G003454;3509;johnnie;earl;lucas;54;m;b;spring hope;bergeron;2875;27882;nc
B;G003455;3510;keyona;;briscoe;26;f;b;rocky mount;winston;1212;27803;md
B;G003456;3511;kimberly;andrews;johnson;45;f;m;tarboro;nc 42;7986;27886;nc
B;G003457;3512;kim;armstrong;winn;50;f;b;rocky mount;griffin;1223;27803;nc
B;G003458;3513;tammy;lynn;casimano;47;f;w;spring hope;alvins;7228;27882;ny
B;G003459;3514;kevin;omega;speight;24;m;b;whitakers;speight chapel;3334;27891;nc
B;G003460;3515;donovan;o bryan;edge;25;m;b;tarboro;speight;216;27886;nc
B;G003461;3516;karen;anderson;bunn;56;f;w;tarboro;pescud;200;27886;nc
B;G003462;3517;jennifer;denise;recinos;45;f;w;tarboro;main;2251;27886;nc
B;G003463;3518;ervin;ray;vaughn;72;u;b;rocky mount;harper;1645;27801;
B;G003464;3519;sherry;leshon;rogers;43;f;b;rocky mount;briar glenn;1609;27804;md
B;G003465;3520;joshua;ray;bullock;77;m;b;rocky mount;blandwood;1816;27801;nc
B;G003467;3521;marie;dail;holley;62;f;w;rocky mount;legacy;404;27804;nc
B;G003468;3522;tarika;latosha;kirksey;41;f;b;rocky mount;bulluck school;3592;27801;
B;G003469;3523;carolyn;sue;burress;72;f;w;winterville;sunnyvale;2829;28590;nc
B;G003470;3524;jared;elton;pridgen;24;m;w;elm city;rosebud church;4916;27822;nc
B;G003471;3525;janie;powell;weaver;58;f;w;rocky mount;joelene;2156;27803;nc
B;G003472;3526;terri;coleman;woods;56;f;b;rocky mount;tiffany;754;27804;fl
B;G003473;3527;madison;quinn;nommsen;18;f;w;raleigh;ncsu bragaw;0;27607;
B;G003474;3528;india;dionna;winford;27;f;b;winston salem;hondo;2908;27103;nc
B;G003474;3529;india;dionna;winford;27;f;b;charlotte;woodford bridge;8400;28216;nc
B;G003475;3530;bryson;lamar gidley;wade;29;m;o;winston salem;marne;1211;27107;wv
B;G003476;3531;jennifer;;dominguez ayona;19;f;o;winston salem;union cross;2024;27107;nc
B;G003477;3532;kendra;alexa;mark;20;f;b;winston salem;wssu;0;27110;nc
B;G003478;3533;shanesha;denise;walker;25;f;m;kernersville;oakhurst;227;27284;
B;G003480;3534;christopher;maurice;washington;36;m;b;winston salem;cotton;944;27101;nc
B;G003481;3535;doris;;silverthorne;60;f;b;kernersville;habersham;6016;27284;ny
B;G003482;3536;ryan;michael;avery;28;m;w;kernersville;southwood;308;27284;nc
B;G003483;3537;ky wana;renee;corbett;28;f;b;winston salem;wssu;0;27110;
B;G003484;3538;jason;mark;riddle;34;m;w;kernersville;ches;5222;27284;sd
B;G003485;3539;amber;rath;bonivtch;37;f;w;statesville;green leaf;109;28677;ca
B;G003487;3540;shakira;minaya;howard;28;f;b;charlotte;walland;11227;28273;nc
B;G003488;3541;boriana;hristova;ditcheva;35;f;w;kernersville;tredegar;1743;27284;oc
B;G003489;3542;stephanie;jane;edwards;35;f;w;winston salem;northwest;1533;27104;va
B;G003490;3543;jerome;antione;davis;53;m;b;winston salem;patterson;3035;27105;nc
B;G003491;3544;lakesha;cameron;buford;30;f;m;charlotte;meadowlark;1902;28210;nc
B;G003492;3545;gwendolyn;blackwell;bradley;66;f;b;winston salem;lansing;5020;27105;nc
B;G003493;3546;martha;levi;myles;60;f;w;forest city;grayson bostic;223;28043;nc
B;G003494;3547;jared;stephen;bunn;31;m;w;boone;winkler dorm;0;28608;nc
B;G003496;3548;brian;ace;honey;41;m;w;kernersville;glen ridge;1798;27284;pa
B;G003497;3549;diedra;jones;wall;38;f;b;winston salem;yarbrough;3624;27106;nc
B;G003498;3550;sarah;pridgen;goumaz;32;f;w;holly springs;marleton;105;27540;nc
B;G003499;3551;stacy;michelle;mccuen;39;f;w;winston salem;country club;4755;27104;nc
B;G003500;3552;dana;ashley;medlin;34;f;b;hamlet;williams;113;28345;
B;G003501;3553;samuel;lee;grier;71;m;b;winston salem;sixth;625;27101;nc
B;G003502;3554;lee;;hammarback;35;m;w;raleigh;wolftech;2120;27603;mn
B;G003503;3555;shannon;rashawn;pierce;38;f;b;charlotte;aspinwall;8825;28216;nc
B;G003504;3556;patricia;leigh;yokley;64;f;w;winston salem;academy;1919;27103;nc
B;G003505;3557;charlotte;rowe;williams;82;f;w;pfafftown;sweetbriar;5675;27040;nc
B;G003506;3558;erick;fernando;balseca;30;m;u;raleigh;collegeview;1611;27606;nj
B;G003507;3559;beverly;ann;terry;58;f;b;asheboro;watkins;414;27203;
B;G003508;3560;patricia;ann;leathers;56;f;b;winston salem;walsh;3030;27107;
B;G003509;3561;amanda;reger;bartlett;36;f;w;winston salem;village;1686;27127;wv
B;G003510;3562;ebony;nicole;watkins;22;f;m;chapel hill;old mill;806;27514;nc
B;G003511;3563;shirley;mae;lauten;83;f;w;kernersville;watkins ford;7405;27284;nc
B;G003512;3564;douglas;paul;meyers;51;m;w;garner;cabin hill;1008;27529;fl
B;G003513;3565;vernon;lee;burrow;74;m;w;rural hall;norman;5969;27045;nc
B;G003514;3566;robert;william;smith;34;m;w;greenville;hearthside;109;27834;nc
B;G003515;3567;rashad;denzell;hayward;27;m;b;winston salem;main;1533;27127;nc
B;G003516;3568;joshua;melvin;baker;28;m;b;winston salem;rich;1121;27101;nc
B;G003517;3569;trevia;michelle;brim;42;f;b;eden;chestnut;115;27288;nc
B;G003518;3570;julie;ann;klever;51;f;w;huntersville;salem ridge;14814;28078;oh
B;G003520;3571;angela;mutch;koonin;42;f;w;winston salem;plymouth;439;27104;nc
B;G003521;3572;robert;kevin;owens;26;m;w;clemmons;harper;3210;27012;nc
B;G003522;3573;kristin;sue;ayers;28;f;w;greenville;holly glenn;2853;27834;
B;G003524;3574;brandon;coy;pierce;44;m;w;winston salem;hedgecock;201;27104;mo
B;G003525;3575;vincent;jaisek;somoskey;28;m;w;mount airy;pine tree;108;27030;va
B;G003526;3576;paul;eugene;douthit;43;u;u;winston salem;claremont;2626;27105;nc
B;G003527;3577;mary;anne;bolen;43;f;w;reidsville;bethany;945;27320;
B;G003528;3578;sean;lamont;thompson;37;m;b;kernersville;cherry cove;451;27284;nj
B;G003529;3579;rickey;lee;huffman;31;m;w;kernersville;kensal green;936;27284;nc
B;G003530;3580;jeanne;;macpherson;57;f;w;kernersville;windsor manor;301;27284;wa
B;G003531;3581;andres;eduardo;arias;33;m;w;winston salem;luzelle;104;27103;fl
B;G003532;3582;ashley;cook;vaughan;32;f;w;raleigh;van thomas;717;27615;nc
B;G003533;3583;laura;marshall;mason;41;f;w;huntersville;chipping;15715;28078;in
B;G003534;3584;cristina;nicole;dalton;37;f;b;raleigh;calvary;3123;27604;nc
B;G003535;3585;lashawnda;r;hylton;51;f;u;winston salem;graham;218;27101;
B;G003537;3586;kay;speas;brown;83;f;w;lewisville;shallowford reserve;370;27023;
B;G003539;3587;kevin;brett;karpinski;43;m;w;pfafftown;stimpson ridge;4667;27040;nc
B;G003540;3588;courtney;reanne;snell;27;u;m;winston salem;moravia;905;27107;
B;G003542;3589;lauren;elizabeth;wilson;31;f;w;cornelius;nautical;18817;28031;nc
B;G003544;3590;dominique;nichelle;caldwell;24;f;w;lewisville;gnarl wood;5218;27023;nc
B;G003545;3591;edward;allen;shifflette;30;m;w;raleigh;turner;108;27607;nc
B;G003546;3592;mason;alexander;blevins;25;m;w;mount airy;parrish;104;27030;nc
B;G003547;3593;naman;wai in;hui;38;m;a;winston salem;spring willow;3720;27107;oc
B;G003548;3594;joshua;taylor;widner;26;m;w;charlotte;5th;906;28202;
B;G003549;3595;jarrod;tanner;may;40;m;w;winston salem;bethany trace;2049;27127;va
B;G003550;3596;benjamin;lee;atcher;44;m;w;kernersville;day break;206;27284;ky
B;G003551;3597;david;keith;mclaughlin;73;m;w;winston salem;bridgton;1370;27127;sc
B;G003552;3598;faye;annette;covington;48;f;w;tobaccoville;rhonswood;2940;27050;nc
B;G003552;3599;faye;annette;frye;48;f;w;king;newsome;604;27021;nc
B;G003553;3600;chever;washington;blythe;64;m;b;winston salem;first;1620;27104;oc
B;G003555;3601;joseph;donald;vegerano;28;m;w;winston salem;woodspring;5580;27106;ct
B;G003558;3602;berry;elizabeth;howell;41;f;w;winston salem;halcyon;267;27104;va
B;G003559;3603;james;richard;dayton;55;m;w;winston salem;browning;581;27103;nc
B;G003560;3604;donna;marice;kuykendall;45;f;w;waxhaw;bevis;2815;28173;pr
B;G003561;3605;stacey;m;ladd;44;f;w;kernersville;bent creek;376;27284;fl
B;G003562;3606;douglas;walter;briggs;60;m;w;pfafftown;millwheel;2920;27040;ny
B;G003563;3607;deva;datta;sharma;76;m;i;winston salem;aftonshire;115;27104;oc
B;G003564;3608;steven;paul;zamorano;34;m;w;clemmons;blakeney;3108;27012;ga
B;G003565;3609;arnt;j;sundseth;62;m;w;kernersville;abbotts creek church;4701;27284;az
B;G003566;3610;jill;robin;brown;45;f;w;pfafftown;transou;3341;27040;nc
B;G003567;3611;wanda;hobson;klein;80;f;w;winston salem;millers ridge;4020;27107;nc
B;G003568;3612;jaimee;lynn;thomas;38;f;w;winston salem;birch creek;4245;27106;ny
B;G003569;3613;marian;shermane;crosby;55;f;b;winston salem;chestnut;1626;27105;nc
B;G003570;3614;emily;elizabeth;brown;24;f;w;winston salem;bryansplace;960;27104;nc
B;G003571;3615;james;evan;hughes;22;m;w;charlotte;windward;13416;28278;wv
B;G003572;3616;kimberly;ward;sturman;51;f;w;winston salem;old pfafftown;3540;27106;ut
B;G003573;3617;christine;marie;tozier;48;f;w;walkertown;darrow;2540;27051;ca
B;G003574;3618;gary;dennis;gugger;49;m;w;winston salem;brownsboro;4260;27106;oh
B;G003574;3619;gary;dennis;gugger;49;m;w;angier;silver;26;27501;oh
B;G003575;3620;leah;darlene;epling;41;f;w;winston salem;turtle rock;1023;27104;ca
B;G003577;3621;joseph;e;layton;80;m;w;king;marshall smith;2066;27021;nc
B;G003578;3622;livingston;jack;loizeaux;25;m;w;pfafftown;waterway;3509;27040;de
B;G003579;3623;gloria;;mayer;83;f;w;winston salem;hollinswood;425;27103;tx
B;G003580;3624;joseph;randolph;rumley;37;m;w;kernersville;fall;408;27284;nc
B;G003581;3625;mary;ellen;fagan;60;f;w;winston salem;signet;3619;27101;nj
B;G003583;3626;jannie;l;watson;63;f;b;winston salem;highland;931;27101;nc
B;G003584;3627;margarita;rosa;wankier;63;f;u;clemmons;rollingwood;6733;27012;oc
B;G003585;3628;kathleen;june;kirk;44;f;w;monroe;maurice;203;28112;
B;G003586;3629;tam;minh;nguyen;35;f;o;winston salem;hawkcrest;1430;27127;oc
B;G003587;3630;delana;linville;harvick;45;f;w;kernersville;park lawn;703;27284;nc
B;G003588;3631;william;blake;baucom;32;m;w;winston salem;sterling brooke;742;27103;nc
B;G003589;3632;zachary;fillmore;loftin;37;m;w;kernersville;salisbury;311;27284;nc
B;G003590;3633;brendan;michael;kelly;45;m;w;pfafftown;pellinore;7259;27040;ma
B;G003591;3634;john;edward;meehan;56;m;w;clemmons;orchard path;7069;27012;ny
B;G003592;3635;howard;m;bost;53;m;w;east bend;millcreek;1125;27018;
B;G003593;3636;leslie;jo;craig;48;f;w;winston salem;crusade;3801;27101;pa
B;G003594;3637;riley;austin;engrem;20;m;w;winston salem;hollyrood;2238;27127;nc
B;G003595;3638;luke;dickson;davis;27;m;w;raleigh;ocotea;3333;27607;
B;G003596;3639;jose;antonio;justo;32;m;o;charlotte;point south;10806;28273;ny
B;G003597;3640;nancy;sneller;stockton;67;f;w;charlotte;sardis;5600;28270;fl
B;G003598;3641;joshua;cory;sands;25;m;w;sandy ridge;phillips;1539;27046;nc
B;G003599;3642;robin;elizabeth;donahue;20;f;w;cullowhee;west university;159;28723;
B;G003600;3643;colon;m;putnam;74;m;w;winston salem;charlwood;2736;27103;nc
B;G003601;3644;kayla;danielle;dineen;29;f;w;winston salem;yadkinville;4269;27106;va
B;G003603;3645;alison;jo;fletcher;42;f;w;mooresville;canvasback;490;28117;ky
B;G003604;3646;timothy;darnell;pilson;42;m;b;winston salem;bangor;405;27107;va
B;G003607;3647;william;edward;crews;58;m;w;kernersville;sheffield place;5074;27284;nc
B;G003608;3648;nikolas;hans;johansen;29;m;w;charlotte;eagle feathers;9507;28214;nc
B;G003609;3649;alexander;westwood;saunders;30;m;w;winston salem;stratford;751;27104;nc
B;G003610;3650;richard;hobson;creech;57;m;w;denver;sweeping pine;2873;28037;nc
B;G003611;3651;megan;kimberly;riddle;32;f;w;clemmons;drumheller;657;27012;nc
B;G003612;3652;nancy;lee;hoover;55;f;w;davidson;parkview;136;28036;ny
B;G003613;3653;angela;russell;barrow;49;f;w;kernersville;firestone;3955;27284;nc
B;G003614;3654;erica;leigh;shrader;38;f;w;winston salem;pemberton;4004;27106;nc
B;G003615;3655;krishauna;renee;rolle;38;f;b;winston salem;wake;212;27106;nc
B;G003616;3656;kevin;john;driscoll;52;m;w;belews creek;rangecrest;6778;27009;ri
B;G003618;3657;cameron;carl;moreland;26;m;w;wilmington;jaybird;4420;28412;al
B;G003618;3658;cameron;carl;moreland;26;u;u;wilmington;jaybird;4420;28412;
B;G003619;3659;dawn;lenore;vander groef;45;f;w;wilmington;indian;4632;28412;nj
B;G003620;3660;lamar;stephon;carter;26;m;b;winston salem;church;201;27101;nc
B;G003621;3661;william;michael;jones;18;m;w;clemmons;brookdale;3807;27012;nc
B;G003622;3662;dahiana;mercedes;valerio;40;f;o;winston salem;orchard creek;2869;27127;
B;G003623;3663;cassandra;ann;crumpton;28;f;w;reidsville;nc 14;3153;27320;nc
B;G003624;3664;ashley;ormand;thrift;72;m;w;lake lure;snug harbor;304;28746;nc
B;G003625;3665;mark;ellis;podlaski;31;m;w;winston salem;hedgecock;272;27104;nc
B;G003626;3666;jason;paul;martin;44;m;w;charlotte;berkeley greene;5123;28277;tx
B;G003627;3667;willie;cordell;hawthorne;38;u;u;winston salem;dunleith;136;27101;
B;G003628;3668;deangelo;treyvon;kellam;27;m;b;winston salem;morning ridge;4278;27101;nc
B;G003631;3669;shakela;taquana;simmons;27;f;b;winston salem;glendare;320;27104;nc
B;G003632;3670;ashley;v;clark;39;f;w;winston salem;dewsbury;3707;27104;nc
B;G003633;3671;timothy;;mcnair;30;m;u;greenville;brownlea;320;27858;
B;G003634;3672;rebecca;elizabeth;slager;43;f;w;raleigh;hummer;3105;27614;mi
B;G003635;3673;frank;;vereen;48;m;b;winston salem;katies;4604;27101;sc
B;G003636;3674;samantha;honaker;turner;45;f;w;kernersville;habersham;6110;27284;nc
B;G003637;3675;dana;martin;elmore;39;f;w;winston salem;water lily;216;27107;sc
B;G003638;3676;james;a;marshall;35;m;w;lumberton;sycamore;608;28358;nc
B;G003639;3677;lorraine;k;mabe;64;f;w;sandy ridge;ralph joyce;2549;27046;pa
B;G003640;3678;maria;elizabeth;roselli;46;f;w;lewisville;shallowford;6570;27023;nc
B;G003641;3679;janet;treadway;sidden;56;f;w;clemmons;lasater;9128;27012;wv
B;G003642;3680;joshua;garrett;williams;40;m;w;charlotte;featherbrook;11115;28262;sc
B;G003643;3681;norman;ray;boone;49;m;w;winston salem;woodsman;4475;27103;nc
B;G003644;3682;tyler;scott;williams;32;m;w;kernersville;frontier;270;27284;nc
B;G003645;3683;tyler;ray;gillis;32;m;w;winston salem;glenhaven;2624;27106;nc
B;G003647;3684;karen;bennett;rafalko;65;f;w;lewisville;lalanda;7220;27023;nc
B;G003648;3685;matthew;james;rave;50;m;w;winston salem;hawthorne;1239;27103;va
B;G003649;3686;charles;hayward;morris;68;m;w;kernersville;chillingham;125;27284;wv
B;G003650;3687;ryan;j;bonner;36;m;w;winston salem;glenmore creek;4260;27107;nc
B;G003651;3688;john;franklin;thornton;44;m;w;lewisville;deverow;8023;27023;nc
B;G003652;3689;jennifer;clark;fulton;33;f;b;winston salem;gramercy;325;27104;nc
B;G003653;3690;lee;ann;athey;37;f;w;winston salem;northampton;4348;27105;nc
B;G003654;3691;bryan;lee;buckingham;34;m;o;winston salem;creekshire;1315;27103;
B;G003655;3692;jason;albert;cryder;46;m;w;kernersville;madison place;522;27284;ny
B;G003656;3693;parvin;rafiee;amiri;58;f;w;winston salem;cherryhill;4650;27106;oc
B;G003657;3694;lisa;renea;shelley;46;f;w;winston salem;timlic;22;27107;ga
B;G003658;3695;donald;carl;stogner;56;m;w;cary;giverny;302;27513;al
B;G003659;3696;larry;allen;young;24;m;w;winston salem;village creek;231;27104;ut
B;G003660;3697;jasper;ngong;chan;29;m;o;winston salem;apple;1012;27101;me
B;G003662;3698;melissa;nycole;taylor;24;u;b;chapel hill;andys;128;27516;nc
B;G003663;3699;parker;renay;kelly holland;27;f;w;clemmons;sir knight;5844;27012;sc
B;G003664;3700;dathan;roy;jones;39;m;w;dobson;edwards farm;129;27017;ca
B;G003666;3701;martha;seabrook;muir;36;f;w;charlotte;colony;4602;28226;va
B;G003667;3702;viveta;mae;hairston;57;f;b;winston salem;vista;210;27106;nc
B;G003668;3703;denauris;wayne;rucker;48;m;b;winston salem;fourteenth;318;27105;nc
B;G003670;3704;addison;davis;oliver;56;m;w;kernersville;tulane;900;27284;ks
B;G003671;3705;connie;marie;cagle;45;f;w;asheboro;cliff;817;27203;nc
B;G003672;3706;eddie;eugene;collins;56;m;w;king;river valley;1020;27021;ky
B;G003673;3707;stephanie;knight;phipps;41;f;w;chapel hill;shadowood;116;27514;nc
B;G003674;3708;james;raeford;parrish;79;m;w;winston salem;brockton;1535;27106;nc
B;G003675;3709;melanie;hoffman;morris;44;f;w;kernersville;coltsgate;189;27284;nc
B;G003676;3710;rusty;lee;west;32;m;w;belews creek;terrence knoll;6930;27009;nc
B;G003677;3711;reginald;bradford;mcbride;65;m;w;winston salem;polo;611;27106;nc
B;G003678;3712;chandra;alston;davis;50;f;b;winston salem;hawkedale;3815;27106;md
B;G003679;3713;cathleen;corbin;brown;46;f;w;winston salem;evergreen;125;27106;md
B;G003682;3714;marcia;eason;armstrong;28;f;w;four oaks;dogwood;110;27524;
B;G003684;3715;william;james;carpenter;46;m;w;winston salem;madison;837;27103;nj
B;G003685;3716;kimya;n;dennis;41;u;b;winston salem;canterbury park;3008;27127;va
B;G003686;3717;wilson;jay;soots;26;m;u;greenville;exchange;1920;27858;fl
B;G003687;3718;alex;doggett;stewart;27;m;w;charlotte;caldwell;222;28202;nc
B;G003688;3719;evena;;josephs;43;f;b;charlotte;yager creek;2116;28273;nc
B;G003689;3720;danitra;shontay;nelson;31;f;b;winston salem;burke meadows;2185;27103;nc
B;G003690;3721;mary;lillian;king;29;f;w;raleigh;york;2525;27608;nc
B;G003691;3722;denise;arnette;mathews;55;f;b;knightdale;laurens;413;27545;ok
B;G003692;3723;grecia;lane;gaura;48;f;b;winston salem;cedar place;1023;27107;nc
B;G003693;3724;leo;;reed;88;m;w;hubert;deer run;107;28539;wv
B;G003694;3725;benjamin;alexander;melton;30;m;w;king;conrad;213;27021;nc
B;G003696;3726;ruth;frances;hauf;75;f;w;kernersville;glenacre;6095;27284;md
B;G003697;3727;kristen;wooten;erdman;47;f;w;clemmons;ammons;1845;27012;wv
B;G003698;3728;doris;kinlaw;wilson;69;f;b;winston salem;surrey way;3724;27106;nc
B;G003699;3729;david;charles;sweigart;34;m;w;winston salem;turkey hill;3126;27106;nc
B;G003700;3730;charles;;reece;48;m;w;raleigh;calibre chase;100;27609;nc
B;G003701;3731;toni;ann;goins;52;f;w;winston salem;old rural hall;5942;27105;nc
B;G003703;3732;barbara;joy;morgan;42;f;b;clemmons;brewer;6345;27012;ny
B;G003704;3733;catalina;suzanne;mchale;47;f;o;old fort;parker padgett;1457;28762;ny
B;G003707;3734;jaquetta;sharice;turner;32;f;b;winston salem;plantation;5645;27105;ca
B;G003708;3735;aisha;kari;baker;43;f;b;winston salem;quail wood;203;27104;ny
B;G003709;3736;brittany;nichole;good;20;f;w;lewisville;sequoia;1168;27023;nc
B;G003710;3737;karen;marie;anderson;55;f;w;winston salem;brownsboro;4260;27106;va
B;G003711;3738;danny;lee;martin;56;m;b;winston salem;bluebird;2515;27106;
B;G003712;3739;jennifer;adele;masterson;32;f;w;winston salem;white rock;4446;27105;nc
B;G003712;3740;jennifer;adele;masterson;32;f;w;charlotte;windy creek;11712;28262;ca
B;G003713;3741;vernon;robert;west;55;m;w;winston salem;elizabeth;2038;27103;nc
B;G003714;3742;meg;mcintyre;perry;50;f;w;winston salem;redwing;3709;27106;ga
B;G003715;3743;melvin;james;austin;70;m;w;rural hall;stanleyville;6044;27045;nc
B;G003717;3744;michael;dale;holcomb;51;m;w;boonville;meadowview;102;27011;nc
B;G003718;3745;james;lee;hardison;45;m;w;winston salem;northwest;414;27105;sc
B;G003719;3746;william;ryan;boone;39;m;w;garner;benson;4401;27529;nc
B;G003720;3747;lynette;elizabeth;berry;20;u;b;charlotte;eben;7517;28269;
B;G003721;3748;donald;ray;evans;51;u;u;winston salem;davis;5010;27105;nc
B;G003722;3749;billy;james;foote;41;m;w;winston salem;kinnamon;4405;27103;va
B;G003723;3750;ryan;lee;bonifay;28;m;w;raleigh;markridge;5451;27607;pa
B;G003724;3751;angela;dawn;messick;49;f;w;rural hall;sommerdale;820;27045;hi
B;G003726;3752;jenine;shene;mccoy;32;f;b;winston salem;brownsboro;4290;27106;ca
B;G003727;3753;tiffany;renae;oden;34;f;w;winston salem;kaywood;2326;27103;va
B;G003728;3754;lynne;hatch;wells;87;f;w;pfafftown;yadkinville;6576;27040;me
B;G003729;3755;pete;russell;king;36;m;w;kernersville;leichester square;837;27284;
B;G003730;3756;corey;dean;bryant;30;m;w;winston salem;stratford lake;2570;27103;nc
B;G003733;3757;dana;r;johnson;56;f;w;winston salem;watson;1229;27103;nc
B;G003735;3758;justin;;ruppe;30;m;w;forest city;amity;125;28043;il
B;G003736;3759;christopher;eugene;stewart;51;m;w;kernersville;amylee;1356;27284;nc
B;G003737;3760;phillip;roy;tennant;37;m;w;winston salem;bent tree farm;4408;27106;tn
B;G003738;3761;elizabeth;ann;maciag;69;f;w;winston salem;salem bluff;1848;27127;ny
B;G003739;3762;g;bailey;white;24;m;w;chapel hill;church;211;27516;
B;G003740;3763;james;edward;atha;75;m;w;walkertown;riverwood;6612;27051;ga
B;G003741;3764;jason;scott;andersen;35;u;u;winston salem;woodstone;1850;27127;nc
B;G003742;3765;amy;rae;roberson;40;f;w;winston salem;orchestra;890;27127;nj
B;G003742;3766;amy;rae;roberson;40;f;w;jacksonville;may;108;28540;nj
B;G003743;3767;howard;antoino;washington;24;m;b;smithfield;market;1321;27577;nc
B;G003744;3768;charles;gray;creson;66;m;w;cameron;ponderosa;660;28326;dc
B;G003745;3769;april;nicole;chandler;24;f;b;roxboro;person;107;27573;nc
B;G003746;3770;donna;kay;stube;37;f;u;cameron;hillmon grove;4010;28326;
B;G003747;3771;jonathan;james;simmonds;30;m;w;cameron;huzzas;34;28326;ia
B;G003748;3772;travis;juawn;surles;38;m;b;dunn;magnolia;605;28334;nc
B;G003749;3773;james;gary;brown;54;m;w;raleigh;union;4203;27609;nc
B;G003750;3774;justin;a;basham;37;m;w;raleigh;summerland;7310;27612;tx
B;G003751;3775;alex;evan;wallin;39;m;w;raleigh;shandwick;6109;27609;va
B;G003752;3776;sue;fleming;mayhew;92;f;w;canton;oakmont;467;28716;nc
B;G003753;3777;veronica;louise;meert;30;f;w;wilmington;alpine;525;28403;al
B;G003754;3778;adan;rico;muniz;47;m;o;sanford;mallard cove;2620;27330;oc
B;G003755;3779;kimberly;ivy;babish;37;f;w;fuquay varina;riverwood;48;27526;fl
B;G003756;3780;natasha;nicole;grimm;33;f;w;sanford;stoney hill;34;27332;ma
B;G003757;3781;brandi;atrese;crenshaw;40;f;b;wendell;young;101;27591;nc
B;G003758;3782;tommy;wayne;turpin;63;m;w;dunn;holmes;109;28334;nc
B;G003759;3783;erin;machelle;davis;32;f;w;otto;coweeta lake;715;28763;nj
B;G003760;3784;tamika;shonte;smith;42;f;b;laurinburg;asheville;707;28352;
B;G003761;3785;robert;lee;pearson;50;m;b;dunn;jupiter;113;28334;nc
B;G003762;3786;michael;lee;hosey;72;m;w;washington;goose creek;114;27889;nc
B;G003763;3787;emily;anne;woodrum;33;f;w;angier;james norris;1143;27501;nc
B;G003764;3788;carisa;nichole;peterson;39;f;w;four oaks;joyner bridge;339;27524;nc
B;G003765;3789;kamonte;l;davis;40;m;b;bunnlevel;nutgrass;391;28323;nc
B;G003766;3790;john;michael;clark;46;m;w;foxfire village;buckhorn;13;27281;tn
B;G003768;3791;natalie;carmen;panko;41;f;u;fuquay varina;senter farm;20;27526;
B;G003769;3792;amy;;hayes;42;f;w;angier;benson;805;27501;ri
B;G003770;3793;deborah;williams;mcduffie;62;f;w;smithfield;brookwood;21;27577;nc
B;G003771;3794;latifah;arnice;mcdougald;28;f;b;laurinburg;grant;329;28352;nc
B;G003772;3795;pamela;marie;rios galvan;35;f;w;dunn;rodney;105;28334;
B;G003773;3796;andrew;james;rubley;30;m;w;fuquay varina;larktree;331;27526;in
B;G003774;3797;robert;bradley;wilkie;36;m;w;coats;barley;174;27521;nc
B;G003775;3798;steven;brent;carrington;37;m;w;greenville;ivy;2250;27858;nc
B;G003776;3799;sydney;cara;burton;23;f;m;wilmington;clearwater;711;28405;va
B;G003776;3800;sydney;cara;burton;23;f;m;wilmington;college acres;4825;28403;va
B;G003777;3801;samuel;len;jones;44;m;b;erwin;bunnlevel erwin;4083;28339;nc
B;G003778;3802;federico;augusto;lluberes;63;m;w;holly springs;stobhill;412;27540;oc
B;G003779;3803;natalie;evans;warner;40;f;w;willow springs;elmhurst;33;27592;nc
B;G003779;3804;natalie;;warner;40;f;w;angier;northfield;30;27501;
B;G003780;3805;revera;;arkell;69;f;o;sanford;mt pisgah church;2805;27332;ny
B;G003781;3806;vernie;mashburn;rhodes;70;f;w;maggie valley;catawba;319;28751;nc
B;G003782;3807;james;allen;grace;68;m;w;sanford;irish;1827;27332;ny
B;G003783;3808;nora;angelina;arita;68;f;w;angier;reaves;194;27501;oc
B;G003784;3809;eric;glenn;wolf;42;u;u;woodlake;mimosa;816;28394;
B;G003785;3810;ashlyn;brook;rich;25;f;w;lillington;dr mckoy;97;27546;nc
B;G003786;3811;angela;marie;beasley;37;f;w;willow springs;deer farm;117;27592;oh
B;G003787;3812;amanda;lynn;musolino;37;f;w;fuquay varina;quest ridge;500;27526;oh
B;G003788;3813;roychelle;felicia;williams;45;f;b;spring lake;jeff;55;28390;nc
B;G003788;3814;roychelle;felicia;williams;45;f;b;selma;sharon;107;27576;nc
B;G003788;3815;roychelle;felicia;williams;45;f;b;lucama;monique;7507;27851;nc
B;G003789;3816;donald;grinnell;bainbridge;62;m;w;grifton;wall;716;28530;ga
B;G003790;3817;laura;hundley;brown;52;u;u;bunnlevel;winged foot;206;28323;
B;G003792;3818;diana;olson;tatro;62;f;w;sanford;whistling wind;981;27332;oh
B;G003793;3819;deanna;williamson;edwards;41;f;w;cameron;line;1480;28326;nc
B;G003794;3820;kristin;dawn;baker;37;f;w;dunn;miniature;65;28334;nc
B;G003795;3821;katrina;;blue;37;f;b;dunn;mcneil;313;28334;nc
B;G003796;3822;laura;megan;henderson;24;f;w;lillington;laurel wood;100;27546;
B;G003796;3823;laura;megan;dooley;24;f;w;raleigh;sunbow falls;1532;27609;nc
B;G003797;3824;debora;king;bass;59;u;u;cameron;brower;88;28326;
B;G003798;3825;jean;page;roberts;70;f;u;lillington;11th;1109;27546;
B;G003799;3826;stacey;dunevant;chandler;43;f;w;roxboro;virgilina;10700;27574;nc
B;G003801;3827;amanda;jean;elmore;37;f;w;clayton;george wilton;128;27520;me
B;G003802;3828;james;anthony;foushee;53;m;b;sanford;gulf;400;27330;nc
B;G003803;3829;carma;lynn;locklear;55;f;u;angier;harnett central;4083;27501;nc
B;G003804;3830;frances;sasser;patterson;68;f;w;fuquay varina;stillbreeze;8104;27526;nc
B;G003805;3831;britta;lankford;threshie;35;u;u;fuquay varina;spring;608;27526;
B;G003807;3832;kadijah;;simms;24;f;b;raleigh;chandler ridge;3922;27603;nc
B;G003808;3833;robert;glenn;henderson;73;m;w;fuquay varina;grayson senters;311;27526;nc
B;G003809;3834;heidi;kim;lokers;49;f;w;raleigh;king charles;1217;27610;oc
B;G003810;3835;riley;lenward;allen;70;m;b;raleigh;plentywood;800;27615;nc
B;G003811;3836;timothy;lee;johnson;64;m;b;fuquay varina;knight estate;196;27526;nc
B;G003812;3837;kenneth;james;bigda;61;m;w;morrisville;sutter gate;305;27560;ri
B;G003813;3838;jacqueline;green;luna;35;f;w;otto;buddy;28;28763;
B;G003814;3839;jennifer;nichole;stevens;33;f;w;waynesville;wilkinson pass;60;28786;nc
B;G003815;3840;john;franklin;hammons;48;m;w;waynesville;riverbend;249;28786;fl
B;G003815;3841;john;franklin;hammons;48;m;w;garner;farnham;101;27529;fl
B;G003816;3842;cathy;goodman;gignilliat;65;f;w;waynesville;country club;1082;28786;ga
B;G003817;3843;alexandra;j;smith;68;f;w;waynesville;crymes cove;1592;28786;nj
B;G003818;3844;robert;dennis;curtin;61;m;w;clyde;ingram;107;28721;va
B;G003820;3845;clinton;leroy;mathis;53;m;w;waynesville;kimberly;135;28786;nc
B;G003821;3846;jackie;loretta;hoglen;44;f;w;canton;gentle lily;81;28716;nc
B;G003822;3847;joshua;brooks;corn;34;m;w;chapel hill;ridge;212;27516;nc
B;G003823;3848;everett;freemont;rollins;30;m;w;maggie valley;rebel ridge;180;28751;ak
B;G003824;3849;michael;shane;billings;40;m;w;waynesville;sandsridge;349;28785;nc
B;G003825;3850;william;rodney;kerbs;79;m;w;waynesville;jonathan creek;4696;28785;il
B;G003826;3851;katherine;stuart;hunter;52;f;w;rutherfordton;cove;301;28139;nc
B;G003827;3852;william;ricky;hemphill;61;m;w;maggie valley;aquina mountain;64;28751;fl
B;G003828;3853;david;rowe;williams;34;m;w;cary;frank page;1027;27511;ga
B;G003829;3854;patricia;ann;ladowski;69;f;w;flat rock;mikaela;273;28731;in
B;G003830;3855;denise;hambrick;messer;44;f;w;waynesville;farley;135;28786;nc
B;G003831;3856;paula;inman;molyneaux;67;f;w;canton;lake logan;4230;28716;nc
B;G003832;3857;amanda;lorraine;caldwell;54;f;w;sylva;cope creek;2036;28779;va
B;G003833;3858;aaron;william;herbertson;25;m;w;sylva;us hwy 74;9059;28779;fl
B;G003834;3859;michael;jay;manalo;39;m;a;dillsboro;craft;17;28725;va
B;G003835;3860;joy;felicia;lunn;77;f;w;waynesville;dolata;157;28786;il
B;G003836;3861;shannon;standley;cotton;44;f;w;waynesville;rolling;263;28786;nc
B;G003837;3862;hope;ryann;dailey;28;f;w;canton;shull;6;28716;
B;G003838;3863;weaver;ballou;haney;53;m;w;raleigh;ligon;2921;27607;nc
B;G003839;3864;lynda;clark;johnson;51;f;w;waynesville;happy hollow access;102;28786;md
B;G003840;3865;megan;cogburn;woods;34;f;w;canton;lake logan;3948;28716;nc
B;G003841;3866;saundra;beth;mosteller;65;f;w;lincolnton;clear creek;988;28092;nc
B;G003842;3867;judy;flemming;evans;77;f;w;waynesville;belle meade;127;28786;nc
B;G003843;3868;stephanie;leigh;ivans;33;f;w;bryson city;wells;270;28713;nc
B;G003844;3869;jeremy;richard;dirocco;25;m;w;waynesville;marshall;491;28786;nc
B;G003845;3870;michael;ian;lovett;27;m;w;waynesville;allens creek;1533;28786;fl
B;G003846;3871;michelle;leigh;jacobs;49;f;w;fletcher;planters creek;66;28732;in
B;G003847;3872;sara;trantham;gatilogo;25;f;w;waynesville;nazarene;70;28785;nc
B;G003848;3873;marian;leigh;greene;51;f;w;sugar grove;watauga river;738;28679;md
B;G003849;3874;charles;thomas;grice;35;m;w;maggie valley;dogwood;926;28751;nc
B;G003850;3875;randolph;meade;williams;74;m;w;maggie valley;alexander;264;28751;md
B;G003851;3876;tonya;christine;starling;37;f;w;hendersonville;rutledge;425;28739;ca
B;G003852;3877;william;everett;mitchell;58;m;w;sylva;us hwy 74;3695;28779;ca
B;G003853;3878;james;eddie;brooks;69;m;w;balsam;hutchinson;287;28707;oh
B;G003854;3879;james;aaron;buchanan;41;m;w;canton;ridgeview;154;28716;nc
B;G003855;3880;thomas;alvin;butler;49;m;w;waynesville;crestmont;463;28786;nc
B;G003856;3881;david;brian;osteen;53;m;w;rutherfordton;moss;634;28139;nc
B;G003857;3882;edith;kalmowitz;verber;75;f;w;hendersonville;spring village;10;28739;ny
B;G003859;3883;betty;ann;greer;36;f;w;jacksonville;hendricks;1110;28540;mi
B;G003860;3884;myrtle;kaye;corriher;60;f;w;hendersonville;stoney creek;368;28792;sc
B;G003861;3885;jimmy;lewis;burgess;48;m;b;charlotte;anderson;1708;28205;nc
B;G003862;3886;danny;dale;holder;55;m;w;hendersonville;brooklyn;606;28792;nc
B;G003863;3887;alicia;phillips;stratton;38;f;w;hendersonville;tracy grove;230;28792;nc
B;G003864;3888;john;francis;norton;74;m;w;hendersonville;wild turkey;84;28792;ny
B;G003866;3889;michele;lynn;morris;43;f;w;hendersonville;stepp mill;279;28792;mi
B;G003867;3890;everett;lanson;plyler;84;m;w;hendersonville;patriots;1425;28739;va
B;G003868;3891;carlo;jason;sama;37;m;w;hendersonville;glenview;540;28791;ga
B;G003869;3892;jayme;dale;mallindine;29;f;w;hendersonville;creekwalk;135;28792;nc
B;G003870;3893;amber;nicole;heckart;28;f;w;holly ridge;bethea;245;28445;nc
B;G003871;3894;ryan;joseph;stutzman;28;m;w;horse shoe;whitetail;63;28742;fl
B;G003872;3895;justin;l;blaine;34;m;w;hendersonville;indian ridge;289;28739;
B;G003873;3896;victor;eugene;brogdon;48;m;w;hendersonville;cove landing;122;28792;sc
B;G003875;3897;megan;irene;rhodes;31;f;w;charlotte;tonawanda;8228;28277;fl
B;G003876;3898;eric;charles;benjamin;33;m;m;pisgah forest;kemp;991;28768;nc
B;G003877;3899;michael;anthony;russell;35;m;w;flat rock;english heifer cove;152;28731;ma
B;G003878;3900;mary;kathryn;lyerly;34;f;w;hendersonville;greenwood;725;28791;sc
B;G003879;3901;roberta;lawren;booth;62;f;w;mills river;fox hollow;505;28759;ca
B;G003880;3902;mason;erick;kropp;23;m;w;hendersonville;cosmos;134;28791;nc
B;G003881;3903;kathleen;ann;brennan;59;f;w;kure beach;sloop pointe;725;28449;
B;G003882;3904;michelle;ann;terenzi;27;f;w;fletcher;stoney brook;51;28732;fl
B;G003883;3905;sarah;susan;fink;45;f;w;flat rock;king;1065;28731;ca
B;G003884;3906;sarita;heatherly;lance;50;f;w;flat rock;ebby manor;166;28731;nc
B;G003885;3907;elliot;job;turner;21;m;o;mills river;wildwood forest;137;28759;ca
B;G003886;3908;david;leroy;smith;79;m;w;hendersonville;june;1;28792;me
B;G003888;3909;christopher;allen;moore;30;m;w;marshall;meadow ridge;164;28753;nc
B;G003889;3910;christopher;scott;shepherd;36;m;w;hendersonville;dillard;629;28791;nc
B;G003890;3911;ellen;doolittle;maday;69;f;w;charlotte;church;400;28202;nj
B;G003891;3912;sheila;baysden;canady;65;f;w;clayton;ridge;1112;27520;nc
B;G003891;3913;sheila;bayden;guthrie;65;f;w;jacksonville;streamwood;404;28546;nc
B;G003892;3914;brenda;galloway;gaddy;66;f;w;horse shoe;circle;3;28742;nc
B;G003893;3915;jessica;leigh;staton;26;f;w;raleigh;cupola;603;27603;nc
B;G003894;3916;marie;;archer;88;f;w;bryson city;deep creek;510;28713;nj
B;G003895;3917;alan;ray;miller;52;m;w;goldsboro;plantation;404;27534;ga
B;G003896;3918;theresa;linette;wood;56;f;w;hendersonville;bradford terrace;167;28792;tx
B;G003897;3919;sheri;mccraw;turner;61;f;w;pisgah forest;cherrywood;2240;28768;nc
B;G003898;3920;jan;hollifield;parker;57;f;w;tryon;melrose;336;28782;nc
B;G003899;3921;nicole;walker;parker;40;f;w;brevard;sega;32;28712;la
B;G003900;3922;nicholas;william;netschytailo;49;m;w;hendersonville;grove;525;28792;nj
B;G003901;3923;caitlin;elizabeth;klassovity;32;f;w;mills river;bane;167;28759;
B;G003902;3924;diana;candell;kostigen;48;f;w;morrisville;grace park;2301;27560;ca
B;G003903;3925;angela;diane;burrell;29;f;w;brevard;greg s;32;28712;nc
B;G003904;3926;dorothy;cagle;carmean;77;f;w;rocky mount;brandywine;1113;27804;
B;G003905;3927;nancy;jo;smith;69;f;w;flat rock;pinnacle peak;377;28731;in
B;G003906;3928;connie;sue;harrison;69;f;w;hendersonville;old spartanburg;1312;28792;oh
B;G003907;3929;brittany;stewart;taylor;29;u;u;murfreesboro;us 158 business;305;27855;
B;G003908;3930;leslie;jerome;howington;51;m;b;ahoskie;boone farm;413;27910;nc
B;G003909;3931;jerry;todd;bennett;59;m;w;harrellsville;apache;136;27942;nc
B;G003910;3932;courtney;gentle;jones;36;f;w;knightdale;steamboat;821;27545;nc
B;G003911;3933;shavon;diana;moody;36;f;b;ahoskie;liverman mill;917;27910;va
B;G003912;3934;melvin;twanda;smith;57;m;b;como;statesville;128;27818;
B;G003913;3935;ashley;dasa;mason;29;f;b;como;arrowhead cir;149;27818;nc
B;G003914;3936;jamal;lashawn;deloatch;20;m;b;murfreesboro;university;1;27855;nc
B;G003916;3937;jennifer;rivera;martin;41;f;w;winton;main;107;27986;fl
B;G003916;3938;jennifer;rivera;robertson;41;f;w;ahoskie;circle;401;27910;fl
B;G003917;3939;tori;kenyatta;robinson;40;f;b;raleigh;oxleymare;1506;27610;nc
B;G003920;3940;regina;ann;thompson;53;f;w;wagram;hill creek;25601;28396;in
B;G003921;3941;katie;marie;wood;26;f;w;raeford;mcdonald;709;28376;nc
B;G003922;3942;adam;reed;mccoll;29;m;w;greenville;bellamy;2205;27858;nc
B;G003923;3943;raven;symone;mcbryde;28;f;i;greenville;greene hall;617;27858;nc
B;G003924;3944;lanita;estelle;moore;31;f;b;charlotte;kadey;3729;28208;nc
B;G003925;3945;deloris;maria;coleman;37;f;w;jacksonville;dolly;137;28540;ca
B;G003927;3946;shanice;lovonda;hopkins;26;f;b;raeford;mosswood;148;28376;md
B;G003928;3947;donald;james;forbus;58;m;w;lumberton;hayes;106;28358;
B;G003929;3948;carl;cleveland;manning;71;m;w;roseboro;elizabethtown;3315;28382;
B;G003930;3949;mark;alan;denney;39;m;w;raeford;crescent;341;28376;fl
B;G003931;3950;nichole;renee;currie;23;u;u;greenville;charles;1524;27858;
B;G003932;3951;crystal;ann;arratia;32;f;o;aberdeen;arabian;2203;28315;tx
B;G003933;3952;tora;sharquise;edwards;38;f;b;monroe;lind point;219;28110;nc
B;G003934;3953;christopher;david;miller;29;m;b;charlotte;walterboro;7208;28227;ga
B;G003935;3954;larrie;lee;minoty;68;m;w;albemarle;nelson mountain;28872;28001;me
B;G003936;3955;victoria;nashe;mcrae;28;f;b;raeford;main;1393;28376;nc
B;G003937;3956;kyle;thomas;rachels;30;m;w;greenville;holden;1101;27858;nc
B;G003937;3957;kyle;thomas;rachels;30;m;w;st pauls;old nc 20;315;28384;nc
B;G003939;3958;jordan;michael;andrews;30;m;w;raeford;gainey;3931;28376;fl
B;G003940;3959;walter;martin;rea;55;m;w;raeford;crescent;213;28376;nc
B;G003942;3960;thomas;howard;jones;74;m;w;dunn;hudson farms way;150;28334;ny
B;G003943;3961;jazmine;shardae;kilpatrick;32;u;u;raleigh;wake towne;1040;27609;
B;G003944;3962;justin;kyle;gibbs;28;m;w;greenville;5th;2901;27858;nc
B;G003945;3963;domonic;kidean;farrow;31;m;b;swan quarter;mapletown;624;27885;nc
B;G003946;3964;susan;denise;jones;49;f;w;greenville;l t hardee;2351;27858;nc
B;G003947;3965;dishenia;donnielle;shelton;26;f;b;greenville;angels end;1300;27858;nc
B;G003948;3966;brandon;paul;ash;26;m;w;belhaven;squires;249;27810;
B;G003949;3967;sierra;glenn;macfarlane;27;f;w;huntersville;southland;503;28078;nm
B;G003950;3968;julie;elizabeth;gourlay;30;f;w;mooresville;michigan;119;28117;sc
B;G003951;3969;robert;joseph;broffman;41;m;w;denver;cherry point;7913;28037;ny
B;G003952;3970;whitney;jo;thompson;32;f;w;mooresville;purple finch;127;28117;nc
B;G003952;3971;whitney;jo;thompson;32;f;w;chapel hill;rogerson;8;27517;nc
B;G003953;3972;david;thomas;stowe;35;m;w;mooresville;forest walk;126;28115;nc
B;G003954;3973;tiffany;carpenter;nagy;36;f;w;statesville;beulah;252;28677;nc
B;G003955;3974;jennifer;elizabeth;brincefield;38;f;w;salisbury;mitchell;216;28144;nc
B;G003956;3975;billie;lynn;sullivan;29;f;w;woodleaf;needmore;2225;27054;nc
B;G003957;3976;shelley;renee;rogers;34;f;w;cedar grove;lynch creek farm;980;27231;nc
B;G003958;3977;neil;alan;sutterlin;33;m;w;mooresville;madelia;149;28115;ct
B;G003959;3978;annette;oliver;smith;66;f;w;cornelius;grand central;17308;28031;nc
B;G003960;3979;meghan;leigh;abernathy;28;f;w;charlotte;whitford;2301;28210;nc
B;G003960;3980;meghan;leigh;abernathy;28;f;w;chapel hill;heritage;433;27516;nc
B;G003961;3981;samantha;shanita;jones;33;f;b;mooresville;dingler;416;28115;nc
B;G003962;3982;joel;wesley;norris;50;m;w;mooresville;midway lake;163;28115;nc
B;G003963;3983;roger;dale;black;43;m;w;charlotte;haines mill;7012;28273;nc
B;G003964;3984;amanda;e;younts;43;f;w;statesville;celeste estates;207;28677;nc
B;G003965;3985;robert;mark;shepherd;55;m;i;waxhaw;providence;247;28173;fl
B;G003966;3986;wendylou;mapula;gordon;36;f;w;mooresville;carriage club;166;28117;oc
B;G003968;3987;john;william;spates;52;m;w;mooresville;glennallen;300;28115;ny
B;G003969;3988;william;henry;czolba;40;m;w;mooresville;toucan;137;28117;fl
B;G003970;3989;charlotte;devonne;reid;46;f;b;statesville;james farm;319;28625;
B;G003971;3990;shamra;lennette;kelly;43;f;b;waxhaw;rehobeth;327;28173;nc
B;G003972;3991;grady;isaac;ingle;21;m;w;chapel hill;greene;207;27516;nc
B;G003973;3992;joshua;freeman;taylor;29;m;w;knightdale;sandy;204;27545;nc
B;G003974;3993;mark;andrew;durstewitz;60;m;w;davidson;anniston;126;28036;nj
B;G003975;3994;kelly;marie;toler;29;f;w;statesville;family;168;28625;mi
B;G003976;3995;stacey;ann;elliott;45;f;w;mooresville;oates;189;28117;ny
B;G003977;3996;joseph;sylvester;siragusa;60;m;w;charlotte;county donegal;6331;28277;ny
B;G003977;3997;joseph;sylvester;siragusa;60;m;w;indian trail;tarrington;1500;28079;ny
B;G003978;3998;patricia;ballard;hubbell;59;f;w;mooresville;bowfin;117;28117;ny
B;G003979;3999;alison;ann;goodson;36;f;w;mooresville;brawley school;506;28117;oc
B;G003980;4000;erin;kay;riley;31;f;w;mooresville;franklin grove;688;28115;in
B;G003981;4001;johnathan;ryan;talley;32;u;u;north wilkesboro;ruritan park;1868;28659;
B;G003982;4002;patricia;lawson;ray;60;u;u;davidson;armour;413;28036;
B;G003983;4003;leanne;elizabeth;king;25;f;w;mooresville;blackberry creek;152;28115;nc
B;G003984;4004;amy;swink;via;82;f;w;mooresville;red dog;284;28115;nc
B;G003985;4005;ruth;shores;denton;67;f;w;mooresville;galway;117;28117;tn
B;G003986;4006;heather;anne bartone;hendricksen;39;f;w;mooresville;denham;118;28115;va
B;G003987;4007;edward;olin;waddell;30;m;w;charlotte;kimmel;9245;28216;pa
B;G003988;4008;charlise;levan;ownby;48;f;w;olin;tabor;542;28660;nc
B;G003989;4009;michael;talmadge;barnes;37;m;w;cornelius;henderson;20101;28031;va
B;G003990;4010;tiffany;nichole;wilkinson;32;f;w;mount ulla;atwell;160;28125;nc
B;G003991;4011;kelsey;edith;izquierdo;27;f;w;cornelius;kimbrough;21152;28031;ma
B;G003992;4012;theresa;joy;hartsell;70;f;w;mooresville;gannett;196;28117;nc
B;G003993;4013;cicely;natalia;childers;35;f;b;mooresville;clover;319;28115;sc
B;G003994;4014;conrad;darnell;wilson;68;m;b;troutman;weathers creek;396;28166;nc
B;G003995;4015;jennifer;alise;bartlett;31;f;w;cornelius;mulberry;19914;28031;nc
B;G003996;4016;hugh;lee;phillips;56;m;b;charlotte;tyvola;624;28217;ny
B;G003997;4017;cayce;avril;hlavay;54;f;w;mooresville;longboat;104;28117;tx
B;G003998;4018;bobby;l;snyder;56;m;w;mooresville;pier 33;104;28117;tn
B;G003999;4019;david;curtis;bowers;41;m;w;statesville;west iredell;199;28625;nc
B;G004000;4020;christopher;lynn;kirby;34;m;w;north wilkesboro;beshears owings;412;28659;tx
B;G004001;4021;ricky;lynn;summers;58;m;b;statesville;crosby;141;28625;nc
B;G004002;4022;mary;beverly;barnwell;47;f;w;denver;water haven;7519;28037;sc
B;G004003;4023;edward;ray;godwin;61;m;w;mooresville;perrin;167;28117;md
B;G004004;4024;gabriel;adam;barnhardt;40;m;w;mooresville;huntington;155;28117;
B;G004005;4025;dorene;carol zenatti;mazza;47;f;w;huntersville;rolling meadows;8220;28078;nj
B;G004006;4026;sonya;mcclellan;spalding;46;f;w;charlotte;providence;4032;28211;nc
B;G004007;4027;michael;irving;dietrich;73;m;w;mooresville;savannah crossing;161;28115;ca
B;G004008;4028;lisa;maria;conover;49;f;w;mooresville;brownstone;120;28117;nj
B;G004009;4029;diane;y;harris;72;f;b;cornelius;bethel church;20300;28031;
B;G004010;4030;nicholas;george;mallos;31;m;w;charlotte;wright;4233;28211;nc
B;G004011;4031;melissa;;lefler;49;f;w;statesville;charis;105;28677;pa
B;G004012;4032;amanda;ann;bothe;38;f;w;mooresville;grayland;199;28115;ia
B;G004013;4033;heather;lucille;butler;42;f;w;fuquay varina;amanda cassie;8413;27526;oh
B;G004014;4034;vicky;connelly;gunther;48;f;w;cleveland;settlers haven;153;27013;nc
B;G004015;4035;justin;matthew;tuchscherer;43;m;w;mooresville;canvasback;256;28117;ky
B;G004016;4036;tanner;christian;stroud;27;m;u;raleigh;brooks;805;27607;
B;G004017;4037;jeffery;allen;sarver;46;f;w;charlotte;lemongrass;3315;28214;pa
B;G004018;4038;james;bruce;carter;72;m;w;statesville;old mountain;980;28677;dc
B;G004019;4039;torrey;kesean;miller;41;m;b;statesville;beauty;1912;28625;nc
B;G004020;4040;amy;;stclair;44;f;u;statesville;broad;503;28677;
B;G004021;4041;luke;aaron;ford;36;m;w;mooresville;cobblestone;135;28117;nc
B;G004022;4042;james;lewis;marshall;71;m;w;davidson;river ford;18516;28036;ny
B;G004023;4043;amy;leigh;galliher;48;f;w;wilmington;blue tick;1607;28411;nc
B;G004024;4044;james;halbert;hoke;89;m;w;statesville;pinehurst;3426;28625;nc
B;G004025;4045;kevin;russell;patterson;46;m;w;charlotte;commonwealth;2730;28205;nc
B;G004026;4046;carol;irvin;mitchell;75;f;w;huntersville;pennington;17213;28078;in
B;G004027;4047;julie;mcneil;ballard;46;f;w;cornelius;doe valley;16809;28031;ma
B;G004028;4048;roddy;alexander;ballard;58;m;w;cornelius;viewpoint;8347;28031;nc
B;G004029;4049;amanda;sue;arnold shields;38;f;w;mooresville;pecan hills;128;28115;ky
B;G004030;4050;sarah;mcauley;edwards;42;u;u;mt ulla;edwards farm;175;28125;
B;G004031;4051;timothy;enoch;miller;51;m;b;statesville;buddy;134;28625;nc
B;G004033;4052;raymond;thomas;devoe;28;m;w;mooresville;beachview;116;28117;ny
B;G004034;4053;christopher;ryan;lockman;22;m;w;harmony;quiet acres;130;28634;nc
B;G004035;4054;jennifer;;mearkle;30;f;w;statesville;elmwood;134;28625;or
B;G004036;4055;mary anne;elder;larson;71;f;w;chapel hill;circle park;309;27517;nc
B;G004037;4056;julia;marie;poli;62;f;w;davidson;beaty;543;28036;ny
B;G004038;4057;john;lynn;crews;73;m;w;statesville;morningstar;105;28677;nc
B;G004040;4058;katherine;m;hough;33;f;w;charlotte;colony crossing;3709;28226;
B;G004041;4059;stephen;thomas;cline;42;m;w;kannapolis;jaybird;1216;28081;nc
B;G004042;4060;robert;michael;page;42;m;w;salisbury;miller;119;28144;de
B;G004043;4061;karen;r;chapman;75;f;w;charlotte;cresthill;11300;28227;oh
B;G004043;4062;karen;rae;chapman;75;f;w;matthews;shannamara;4431;28104;oh
B;G004044;4063;victoria;turner;brown;59;f;b;salisbury;pinehurst;626;28144;nc
B;G004045;4064;david;b;robinson;63;m;w;statesville;river hill;1320;28625;
B;G004046;4065;melissa;jane;everidge;48;f;w;statesville;arborgate;147;28625;sc
B;G004047;4066;karen;ann;nattinger;52;f;w;davidson;pine;258;28036;tx
B;G004048;4067;john;locke;milholland;71;m;w;statesville;green;130;28677;al
B;G004049;4068;ivan;forrest;loftin;48;m;w;statesville;kings grant;421;28625;nc
B;G004050;4069;peter;;kung;71;m;w;mooresville;commercial;291;28115;
B;G004051;4070;kyle;lang;houston;28;m;w;statesville;davie;406;28677;nc
B;G004052;4071;matthew;larkin;dusenberry;31;m;w;charlotte;prosperity church;6120;28269;ma
B;G004053;4072;rebecca;jo;kaplan;31;f;a;statesville;andes;2548;28625;oc
B;G004054;4073;preston;earl;spencer;29;m;w;chapel hill;amity;3;27516;nc
B;G004055;4074;david;tyler;brooks;23;m;w;indian trail;jacquelyne;4707;28079;nc
B;G004056;4075;courtney;danielle;johnson;27;f;b;charlotte;millstream ridge;3640;28269;ny
B;G004057;4076;nancy;jo;emanuel;62;f;i;charlotte;hawthorne;1041;28205;nm
B;G004058;4077;carey;allen;evick;61;m;w;statesville;winchester;3325;28625;ma
B;G004059;4078;lindsay;gandy;ogburn;38;f;w;mooresville;sadie;128;28115;wv
B;G004060;4079;steven;keith;humble;55;m;w;charlotte;meadowmont view;8711;28269;me
B;G004061;4080;david;scott;adams;65;m;w;mooresville;oasis;122;28117;oh
B;G004062;4081;sharon;lackey;roberts;62;f;b;spencer;earnhardt;228;28159;nc
B;G004063;4082;sandra;gail;blankenship;46;f;u;wake forest;louisbury;4232;27587;
B;G004064;4083;haley;renee;chiluck;24;f;w;mooresville;cobblestone;108;28117;nc
B;G004065;4084;lucas;alexander;verville;26;m;w;cornelius;woods;7608;28031;ca
B;G004066;4085;kimberly;ann;garrett;48;f;w;mooresville;elysian;236;28117;md
B;G004067;4086;april michelle;trier;dudley;49;f;w;mooresville;rosewood;115;28117;ny
B;G004068;4087;tracy;jo;segebart;36;f;w;salisbury;council;315;28144;ca
B;G004069;4088;amber;broach;smith;32;f;w;raleigh;peppercorn;7405;27613;sc
B;G004070;4089;grace;calabrese;benfield;70;f;w;mount ulla;sloop;2445;28125;ny
B;G004071;4090;lorraine;doris;craft;59;f;w;mooresville;dixie;539;28115;ny
B;G004072;4091;marcus;;washington;45;m;b;statesville;meadow rue;3126;28625;
B;G004073;4092;andrew;dale;patrick;40;m;w;huntersville;spruell;16626;28078;nj
B;G004074;4093;linda;leis;chadwick;65;f;w;charlotte;fullerton;12235;28214;az
B;G004075;4094;jerry;robert;hodge;53;m;w;mount airy;siloam;1768;27030;nc
B;G004076;4095;joseph;michael;london;45;m;w;huntersville;henderson park;7505;28078;al
B;G004077;4096;trevor;maxwell;lilovich;26;m;w;mooresville;killarney;104;28117;in
B;G004078;4097;david;bruce;furr;59;m;w;salisbury;hamilton;427;28147;wi
B;G004080;4098;jacob;chase;chandler;26;m;w;lowgap;ivy green;248;27024;nc
B;G004081;4099;steve;anthony;mccombs;57;m;b;mooresville;cascade;8;28115;nc
B;G004082;4100;brinsley;morgan;stewart;24;f;w;boonville;trail;1217;27011;nc
B;G004083;4101;john;joseph;knapp;37;m;w;statesville;planters;107;28677;ct
B;G004084;4102;alexis;yugee;bae;18;f;a;mooresville;millen;160;28115;ny
B;G004085;4103;randel;lee;rutledge;53;m;w;monroe;warren;815;28110;ks
B;G004086;4104;edward;r;stukbauer;78;m;w;mooresville;farmstead;137;28117;oh
B;G004087;4105;karen;roberta;brooks;54;f;w;cleveland;amity hill;1155;27013;
B;G004088;4106;hannah;audrey austin;arrington;36;f;w;huntersville;conner glenn;3710;28078;nc
B;G004088;4107;hannah;audrey;austin;36;f;w;wilmington;shadow;3231;28409;nc
B;G004091;4108;emily;jo;clark;33;f;w;mooresville;raintree;160;28117;in
B;G004092;4109;larry;benson;sherrill;61;m;b;china grove;franklin;4255;28023;
B;G004093;4110;chantel;elaine;akers;31;f;b;mooresville;piedmont pointe;190;28115;nc
B;G004094;4111;rian;elizabeth;nelson;41;f;w;charlotte;ridgeforest;9514;28277;nj
B;G004096;4112;ronald;john;maher;70;m;w;union grove;indian hill;301;28689;ny
B;G004097;4113;brenda;carolynn;carroll;73;f;w;stony point;june bug;183;28678;nc
B;G004098;4114;martha;jean;sherrill;62;f;w;mooresville;broad;384;28115;va
B;G004099;4115;amy;furches;blevins;31;f;w;huntersville;cinnabar;14026;28078;nc
B;G004100;4116;jamie;diane;lambe;32;u;u;jefferson;dishman severt;471;28640;nc
B;G004101;4117;jeremy;david;marsh;33;m;w;west jefferson;tom mcneill;350;28694;ky
B;G004102;4118;ashley;prince;snider;37;f;w;raleigh;calabria;9221;27617;ga
B;G004103;4119;david;michael;schwartz;71;m;w;west jefferson;sixth;10;28694;ca
B;G004104;4120;wrenn;michael;johnson;32;m;w;west jefferson;garvey cove;132;28694;
B;G004105;4121;joshua;ray;blevins;30;m;w;grassy creek;big helton;467;28631;nc
B;G004106;4122;arlin;david;miller;45;m;w;lansing;big windfall;527;28643;pa
B;G004107;4123;wendy;buffaloe;waring;55;f;w;raleigh;delta ridge;4712;27612;nc
B;G004108;4124;shana;elaine;walser;40;f;w;millers creek;boone trl;3270;28651;ny
B;G004109;4125;laura;wallmark;green;63;f;w;lansing;river view;279;28643;nc
B;G004110;4126;lori;lynne;caffey;49;f;w;crumpler;guy neaves;230;28617;pa
B;G004111;4127;alyssa;mariah;lopez;19;f;m;charlotte;kumara;2130;28262;oc
B;G004112;4128;nathan;edward;wall;28;m;w;fleetwood;gap;289;28626;wv
B;G004113;4129;scott;nolan;gregory;50;m;w;banner elk;grandfather;388;28604;
B;G004114;4130;sarah;beth;mcspadden;31;f;w;yadkinville;silver lake;2040;27055;nc
B;G004115;4131;jennifer;roop;miller;43;f;w;crumpler;sharon sweeney;863;28617;nc
B;G004116;4132;michael;wayne;fink;41;m;w;boone;woodbury;105;28607;
B;G004117;4133;jamie;dale;bare;38;m;w;jefferson;friendship;2103;28640;nc
B;G004118;4134;jeffery;v;cox;37;m;w;boone;green field;185;28607;fl
B;G004119;4135;ralph;daulton;cline;85;m;w;lincolnton;labans;210;28092;
B;G004120;4136;melinda;southard;williford;61;f;w;west jefferson;denise;214;28694;nc
B;G004121;4137;jeffery;odell;mccurry;54;m;w;fleetwood;hill;275;28626;nc
B;G004122;4138;weston;ashley;calbreath;47;m;w;charlotte;glenway;8510;28226;nc
B;G004123;4139;estal;;hoyle;64;m;w;whittier;lewis cove;201;28789;nc
B;G004124;4140;david;isaac;st clair;38;m;w;sylva;cope creek;960;28779;oh
B;G004125;4141;lenette;;cisneros;50;f;w;sylva;laser;61;28779;
B;G004126;4142;alexander;charles;hopkins;21;m;w;cullowhee;wcu norton;293;28723;
B;G004127;4143;morgan;ann;morton;20;f;m;sims;flat rock;6848;27880;nc
B;G004128;4144;robert;bright;elliott;25;u;u;forest city;tanners grove;695;28043;
B;G004129;4145;robert;wilson;woods;31;m;w;cherokee;goose creek;1;28719;fl
B;G004130;4146;william;andrew;furse;32;m;w;rutherfordton;southridge;127;28139;sc
B;G004130;4147;william;andrew;furse;32;m;w;willow spring;yellow aster;8337;27592;sc
B;G004131;4148;kimi;mcmahan;walker;44;f;w;sylva;mountain brook;310;28779;nc
B;G004132;4149;christine;emma;lossiah;69;f;w;whittier;herron branch;1312;28789;oh
B;G004133;4150;heather;ann;clayton;40;f;w;bryson city;jakes gap;100;28713;ms
B;G004134;4151;susan;wolfe;pell;42;f;w;otto;theodore;115;28763;tn
B;G004135;4152;tyler;morgan;kittle;43;m;w;charlotte;lorelei;10529;28227;ny
B;G004136;4153;dewitt;anderson;woods;45;m;w;sapphire;sunrise ridge;285;28774;ga
B;G004137;4154;colin;ewing;stewart;24;m;w;charlotte;kylemore;3509;28210;nc
B;G004138;4155;george;warner;brown;78;m;w;franklin;meadow wood;46;28734;nc
B;G004138;4156;george;warner;brown;78;m;w;franklin;bidwell;191;28734;
B;G004139;4157;emily;erin;ostrander;24;f;w;spindale;spindale;642;28160;va
B;G004140;4158;donald;t;pole;72;m;w;lake toxaway;blue ridge;1476;28747;dc
B;G004141;4159;joshua;stephen;ballentine;23;u;u;cullowhee;fenley forest;1902;28723;
B;G004142;4160;brenda;jeanette;austin;77;f;w;cashiers;rochester;991;28717;nc
B;G004143;4161;sean;franklin;martin;45;m;w;franklin;lakeshore;1150;28734;fl
B;G004144;4162;lc;;anders;30;m;w;tuckasegee;pinhook;197;28783;
B;G004145;4163;matthew;taylor;crocker;20;m;w;benson;willmont;110;27504;nc
B;G004146;4164;marcus;c;delvers;64;u;w;sylva;buchanan;975;28779;
B;G004147;4165;rebekah;lee;lail;36;f;w;whittier;echo;249;28789;ak
B;G004147;4166;rebekah;lee;wilkins;36;f;u;raleigh;trinity oaks;1200;27607;oc
B;G004148;4167;james;steven;rich;30;m;w;cullowhee;old cullowhee;4595;28723;nc
B;G004149;4168;flemming;love;sanders;26;f;w;sylva;maple springs;180;28779;nc
B;G004150;4169;alexander;preston;pilkington;23;m;w;pine level;brown;115;27568;nc
B;G004151;4170;charlyn;zoe;bullock;22;f;b;mill spring;pea ridge;2311;28756;nc
B;G004153;4171;robert;lawson;giles;54;m;w;rutherfordton;washington;381;28139;nc
B;G004154;4172;kasey;loy;mathis;21;f;w;cullowhee;memorial;499;28723;nc
B;G004155;4173;dillon;morgan;boyd;24;m;w;marion;nc hwy 226;2496;28752;nc
B;G004156;4174;candace;leigh;martin;36;f;w;charlotte;waterford lakes;7915;28210;nc
B;G004157;4175;ashelyn;michelle;little;37;f;b;charlotte;idlewild;7340;28212;
B;G004158;4176;samuel;christian;tingler;50;m;w;garner;lema;101;27529;nc
B;G004159;4177;david;jonathan;tear;39;m;w;zebulon;morgan;127;27597;mi
B;G004160;4178;kristina;bradley;beasley;31;f;w;rocky mount;coley;3205;27804;nc
B;G004161;4179;felicia;michele;adams;42;u;w;clayton;marino;109;27527;fl
B;G004162;4180;ashley;nicole;scott;31;f;b;lumberton;parmele;108;28358;nc
B;G004163;4181;pamela;cutler;carswell;44;f;b;washington;cherry run;999;27889;nc
B;G004164;4182;mark;ronald;allen;31;m;w;charlotte;abbey court;9807;28278;nc
B;G004165;4183;steven;michael;dalton;45;m;w;clayton;river hills;202;27527;nh
B;G004167;4184;heather;michelle;anderson;30;f;w;wendell;dail ridge;2203;27591;nc
B;G004168;4185;cori;ellen;clemmer;37;f;w;garner;pale stone;22;27529;
B;G004169;4186;john;wayne;avery;70;m;w;wendell;academy;120;27591;nc
B;G004170;4187;patricia;carolyn;avery;69;f;w;wendell;academy;120;27591;nc
B;G004171;4188;brittney;rye;walker;31;f;w;raleigh;river landings;6017;27604;wv
B;G004172;4189;cindy;uerkvitz;atherholt;50;f;w;garner;barringer;161;27529;pa
B;G004173;4190;sandra;gay;creech;52;f;w;smithfield;crocker;1347;27577;nc
B;G004174;4191;jan;m rassmussen;kelley;61;f;w;middlesex;driver;9307;27557;pa
B;G004175;4192;mary;ann;padiak;70;f;w;clayton;persano;22;27527;ny
B;G004175;4193;mary;ann;padiak;70;f;w;clayton;winston;186;27520;ny
B;G004176;4194;gail;barnes;whitson;62;f;w;willow springs;meadow ridge;116;27592;nc
B;G004177;4195;susan;britton;johnson;69;f;w;clayton;millstone;169;27527;nc
B;G004178;4196;antonio;cortez;chrisp;29;m;b;raleigh;rock quarry;3501;27610;nc
B;G004179;4197;kathy;johnson;ammons;68;f;w;currie;parkton;73;28435;nc
B;G004181;4198;philip;;mignella;39;m;w;nashville;hillardston;1311;27856;ri
B;G004182;4199;kyle;davis;barefoot;39;u;u;raleigh;whistling duck;5412;27603;
B;G004184;4200;amanda;louise;spencer;37;f;w;selma;preston;607;27576;nc
B;G004185;4201;richard;allen;hodges;39;m;b;winterville;vicksburg;1029;28590;
B;G004185;4202;richard;allen;hodges;39;m;b;grifton;dogwood;6563;28530;nc
B;G004187;4203;johnny;virl;hughes;49;m;w;willow springs;sophia;80;27592;ga
B;G004188;4204;christopher;blake;worrells;24;m;w;selma;keith;2028;27576;nc
B;G004189;4205;kelly;brittain;hamilton;25;f;w;raleigh;trinity knoll;5101;27607;sc
B;G004190;4206;sharissa;leanne terpronce;bridges;26;f;b;smithfield;abbey;138;27577;ga
B;G004191;4207;vonessa;pittman;oxendine;61;f;i;garner;belve;101;27529;nc
B;G004192;4208;barbara;perry;gutierrez;79;f;w;wake forest;registry;705;27587;nc
B;G004193;4209;bernard;;sapp;69;m;u;cary;cartecay;1505;27519;
B;G004194;4210;amanda;louise;carey de alvarez;28;f;w;wendell;winesap;17;27591;ny
B;G004195;4211;lynette;carey;stewart;43;f;w;hampstead;doral;215;28443;nc
B;G004196;4212;charles;lewis;joyner;44;m;b;willow springs;south creek;8341;27592;nc
B;G004197;4213;tina;marie;cimoli;52;f;w;knightdale;baxter;1140;27545;il
B;G004198;4214;regina;wood;ireland;56;f;w;burgaw;over;259;28425;nc
B;G004199;4215;brook;faircloth;raynor;34;f;w;newton grove;harper house;7379;28366;nc
B;G004200;4216;michelle;smith;partridge;45;f;w;clayton;kintyre;669;27520;nc
B;G004200;4217;michelle;smith;hinnant;45;f;w;winterville;pocosin;1475;28590;nc
B;G004201;4218;eric;thomas;brockman;46;m;w;raleigh;tacketts pond;1085;27614;oh
B;G004202;4219;nelly;altagracia;collado;47;f;o;clayton;kingsbury;33;27527;oc
B;G004203;4220;gary;roy;joyner;66;m;w;raleigh;castlegate;3320;27616;nc
B;G004204;4221;william;a;tyler;40;m;o;raleigh;glen dean;6416;27603;ga
B;G004205;4222;pamela;davis;gunter;64;f;w;clayton;barbour;616;27520;nc
B;G004206;4223;fred;garrett;scott;49;m;w;smithfield;seventh;126;27577;ga
B;G004207;4224;debra;ann;young;64;f;w;selma;wiggs;106;27576;nc
B;G004208;4225;danny;allen;maynard;43;m;w;raleigh;rangeley;5913;27609;nc
B;G004209;4226;ricky;jay;narron;56;m;w;greenville;lakewood;108;27834;nc
B;G004210;4227;martin;lee;shank;48;m;w;clayton;dawson;101;27527;oh
B;G004211;4228;mary;;flowers;54;f;w;wilmington;woodburn;1205;28411;
B;G004212;4229;anne;marie;boyle;35;u;w;cary;park valley;200;27519;oc
B;G004214;4230;jorge;luis;cardenas;49;m;w;cary;skipwyth;136;27513;oc
B;G004215;4231;belinda;jones;kiziah;55;f;w;clinton;hobbton;5710;28328;nc
B;G004216;4232;charles;christopher;rodriguez;36;m;b;garner;lakeshore;8028;27529;fl
B;G004217;4233;ronald;gerald;hinton;50;m;b;smithfield;edgewater;8;27577;nc
B;G004218;4234;judith;williams;kuykendall;70;f;w;greenville;golf view;333;27834;nc
B;G004219;4235;michelle;williams;wallace;48;f;b;garner;abberly crest;335;27529;nj
B;G004220;4236;nathan;bradley;jones;37;m;w;garner;callisto;44;27529;nc
B;G004221;4237;danielle;francoise;smith;32;f;w;kenly;whitley;5010;27542;nc
B;G004222;4238;beverly;connelly;carpenter;50;f;b;zebulon;morgan;183;27597;nc
B;G004223;4239;antione;depric;berry;35;m;b;clayton;hillcrest;116;27520;md
B;G004224;4240;thomas;ray;bergeron;68;m;w;fuquay varina;clairway;3900;27526;nc
B;G004225;4241;beth;anne;atkins;45;f;w;clayton;kingston;116;27527;nc
B;G004226;4242;david;alan;ferrell;52;m;w;willow springs;honeycutt;1515;27592;nc
B;G004227;4243;james;duane;stewart;71;m;w;clayton;cleveland;5667;27520;ca
B;G004228;4244;brenda;kay;surles;53;f;b;benson;shadowwood;289;27504;nc
B;G004229;4245;julie;anne;baker;42;f;w;wake forest;stearns;304;27587;nc
B;G004230;4246;jamie;lane;foy;35;f;w;smithfield;second;809;27577;nc
B;G004231;4247;harris;lee;jenkins;58;m;b;cary;tecumseh;310;27513;nc
B;G004232;4248;lisa;moreen;finger;40;f;w;raleigh;winfred;185;27603;ks
B;G004233;4249;emily;amber;vandusen;37;f;w;garner;shady lawn;115;27529;ok
B;G004234;4250;jeannine;mary;creech;35;f;w;smithfield;snowberry;198;27577;nj
B;G004235;4251;james;kevin;byrd;53;m;w;princeton;clover;28;27569;nc
B;G004236;4252;angela;pearce;oakley;48;f;w;raleigh;grandmas;2321;27603;nc
B;G004237;4253;cameron;lee;christensen;28;m;w;clayton;cloverdale;207;27520;
B;G004238;4254;dana;troy;whitfield;36;f;w;cary;ribbon;111;27518;nc
B;G004239;4255;betty;cooke;mangum;77;f;w;clayton;kershaw;612;27520;nc
B;G004240;4256;ricky;dale;vernon;38;m;w;bayboro;vandemere;208;28515;nc
B;G004241;4257;joan;kay;richardson;67;f;b;clayton;allison;112;27527;nc
B;G004241;4258;joan;k;jones;67;f;b;wendell;cypress;530;27591;nc
B;G004243;4259;daniel;alec;campbell;50;m;w;clayton;cheltenham;26;27520;nc
B;G004244;4260;john;darnell;green;44;m;b;middlesex;smith;10279;27557;dc
B;G004245;4261;william;patrick;parrish;33;m;w;fuquay varina;phelps west;1316;27526;oc
B;G004246;4262;bruce;w;harris;46;m;w;clayton;damon;407;27520;nc
B;G004247;4263;charles;adderson;pittman;78;u;w;kenly;piney grove church;2383;27542;
B;G004248;4264;jenneice;lewis;marshall;31;f;b;middlesex;barnes lake;709;27557;ny
B;G004249;4265;jeremy;o neil;banks;45;m;w;greenville;wimbledon;1680;27858;nc
B;G004250;4266;mary;alice;cruz;56;f;w;clayton;averasboro;306;27520;nj
B;G004252;4267;dominique;latricia;ellis;25;u;u;clayton;big pine;296;27520;
B;G004253;4268;kathleen;margaret;robinson;63;f;w;wilson;wynfall;3018;27893;vt
B;G004254;4269;jennifer;cherie;staggers;30;f;b;selma;taft;805;27576;
B;G004255;4270;ashiana;renee;lassiter;23;f;b;williamston;elm;400;27892;
B;G004256;4271;megan;elizabeth;wrench;23;f;w;four oaks;nc 96;2081;27524;nc
B;G004257;4272;heidi;florentina;williams;28;f;w;raleigh;ransdell;9133;27603;oc
B;G004258;4273;william;myron;broderick;56;m;w;garner;benson;4229;27529;il
B;G004259;4274;kerry;ray;brubaker;57;u;w;raleigh;patuxent;5462;27616;pa
B;G004260;4275;martha;;perry;62;f;b;benson;shade tree;571;27504;va
B;G004261;4276;april;dawn;bailey;39;f;w;garner;lee;4850;27529;wv
B;G004262;4277;hunter;obrien;smoak;20;u;w;knightdale;emerald common;1110;27545;
B;G004263;4278;liliana;zuniga;contreras;24;f;u;kenly;glendale;5311;27542;nc
B;G004264;4279;candy;lynn;huey;44;f;w;clayton;bess;228;27520;
B;G004265;4280;albert;antonio;noel;79;m;w;middlesex;his;171;27557;vt
B;G004266;4281;edgardo;;agosto;53;m;m;cary;park;603;27511;pr
B;G004267;4282;george;brodie;clark;69;u;u;raleigh;valley ridge;2005;27603;
B;G004268;4283;timothy;adam;wokasch;65;m;w;wendell;nc 231;2762;27591;nc
B;G004269;4284;scott;alan;carroll;42;m;w;zebulon;morgan;242;27597;nc
B;G004270;4285;russell;c;allred;58;m;w;cary;parkroyale;202;27519;ny
B;G004271;4286;stephanie;kay;mattin;38;f;w;willow springs;saddle ridge;427;27592;md
B;G004272;4287;janet;zimmerman;floars;49;f;w;clayton;winston;500;27520;nc
B;G004273;4288;amber;renee;thomas;38;f;w;selma;kaki;24;27576;nc
B;G004274;4289;angela;batrina;bradshaw;44;f;b;goldsboro;jefferson;1100;27534;nc
B;G004275;4290;angela;e;devone;58;f;b;knightdale;mailwood;925;27545;va
B;G004276;4291;mary;kathleen;fleming;63;f;w;apex;village loop;405;27502;nc
B;G004277;4292;lismond;theron kern;bernard;47;m;b;willow springs;deer view;130;27592;
B;G004278;4293;tonja;felicia;bowser;45;f;b;garner;coalyard;150;27529;nc
B;G004279;4294;delores;mason;richardson;61;f;b;middlesex;antioch church;8079;27557;nc
B;G004280;4295;steven;nicholas;reiman;32;m;w;clayton;fontana;488;27527;mi
B;G004281;4296;rodney;neil;harris;53;m;b;wilmington;lightning whelk;445;28412;nc
B;G004282;4297;jennifer;leigh;hudda;34;f;w;selma;buffalo;6512;27576;nc
B;G004283;4298;brittany;marie;bell;28;f;u;clayton;gaillardia;221;27527;
B;G004283;4299;brittany;marie;bell;28;f;w;garner;savannah chase;1100;27529;nc
B;G004284;4300;julia;michelle;rainey;34;f;b;clayton;dove;2028;27527;va
B;G004285;4301;katherine;brown;sommerville;66;f;w;clayton;coventry;21;27527;tn
B;G004286;4302;victoria;lynn;vaughn;40;f;b;smithfield;windy hill;117;27577;ky
B;G004287;4303;donald;lee;dillingham;78;m;w;cary;rina;5112;27518;nc
B;G004288;4304;amy;elizabeth;hobbs;40;f;w;clayton;starbright;128;27520;nc
B;G004289;4305;latosha;latrice hope;redd;40;f;b;clayton;tayside;279;27520;nc
B;G004290;4306;bruce;wilson;berry;72;m;w;knightdale;cameo;2621;27545;tn
B;G004291;4307;dorlyn;yvonne;barham;43;f;w;raleigh;wildorlyn;6049;27603;fl
B;G004292;4308;jessica;martha;hammonds;36;f;w;garner;fawnlilly;105;27529;pa
B;G004293;4309;rebecca;lee;hansen;36;f;w;knightdale;south bend;303;27545;ny
B;G004294;4310;brian;joseph;mclamb;71;m;w;clayton;benningwood;3009;27520;ny
B;G004295;4311;shelton;keith;langdon;32;m;w;angier;ridge;485;27501;nc
B;G004296;4312;kate;marie;johnson;30;f;w;clayton;neuse ridge;416;27527;ma
B;G004297;4313;matthew;leland;grantham;22;m;w;goldsboro;fallin;117;27534;nc
B;G004298;4314;esthephanie;;chavira;22;f;o;four oaks;webb mill;866;27524;nc
B;G004299;4315;william;joseph;laforge;37;m;w;willow spring;stephenson adams;9237;27592;va
B;G004300;4316;pamela;bowden;laforge;36;f;w;angier;edmund;84;27501;nc
B;G004301;4317;iana;levy;rhodes;21;f;b;angier;pleasant;114;27501;va
B;G004302;4318;lisa;margaret;rhew;46;f;w;raleigh;mary lou;10723;27603;ma
B;G004302;4319;lisa;m;kellogg;46;f;w;knightdale;todd;1108;27545;ma
B;G004303;4320;leanna;williams;shiver;27;f;b;smithfield;jesse;244;27577;nc
B;G004304;4321;curtis;allen;clark;33;m;b;raleigh;trailwood;1820;27606;nc
B;G004305;4322;susan;;savage;80;f;w;clayton;covered bridge;5789;27527;il
B;G004306;4323;kermit;jackson;stancil;24;m;w;raleigh;davie;205;27601;nc
B;G004307;4324;david;;deionno;50;m;w;clayton;hay field;78;27520;ny
B;G004308;4325;morgan;brooke;matthews;23;f;w;clayton;hibiscus;108;27527;nc
B;G004309;4326;ann;marie;kendrigan;71;f;w;huntersville;snapdragon;5832;28078;ma
B;G004310;4327;seth;richard;andrews;33;m;w;wake forest;lillie liles;4101;27587;nc
B;G004311;4328;george;thomas;white;63;m;b;raleigh;beverly;706;27610;ms
B;G004312;4329;nicholas;kyle;marriam;25;m;w;boone;triumph;246;28607;
B;G004313;4330;jessica;strickland;taylor;39;f;i;cary;kirkwall;1203;27511;nc
B;G004314;4331;larry;dewayne;holder;56;m;b;middlesex;nc 39;9807;27557;nc
B;G004315;4332;nicholas;cevaston;massey;34;m;w;elizabeth city;bonney;109;27909;nc
B;G004316;4333;michael;jason;morella;43;m;w;garner;adams point;783;27529;
B;G004317;4334;michael;scott;gibney;53;m;w;bladenboro;center;7065;28320;md
B;G004318;4335;summer;langston;anderson;29;u;u;knightdale;varcroft;3009;27545;
B;G004319;4336;blair;alexandria;jordan;36;f;b;raleigh;eastern branch;3581;27610;nj
B;G004320;4337;stacy;lynn;ordway;47;f;w;carthage;joel;315;28327;mi
B;G004321;4338;teona;michelle;bannerman;20;u;u;raleigh;lake ridge;4270;27604;
B;G004323;4339;christy;burnette;wall;47;f;w;garner;amberley;111;27529;nc
B;G004324;4340;brad;louis;johnson;64;m;w;garner;belve;121;27529;pa
B;G004325;4341;michael;meisling;pippin;48;m;w;zebulon;pearces;601;27597;oc
B;G004326;4342;garland;richard;stretch;76;m;w;garner;hartwell;1101;27529;pa
B;G004327;4343;michael;kevin;mcphatter;52;m;b;clayton;boulder;228;27520;nc
B;G004328;4344;jacqueline;nicole;cook;36;f;w;garner;montford;294;27529;il
B;G004329;4345;crystal;cheyanne;barefoot;25;f;w;dunn;sherwood;65;28334;nc
B;G004330;4346;jose;bertilio;cabrita;44;m;a;clayton;deer trace;3417;27520;oc
B;G004331;4347;ronald;timothy;barbee;57;m;b;four oaks;spring lake;196;27524;nc
B;G004333;4348;melisa;ann;herriott;50;f;w;chapel hill;old greensboro;3500;27516;ct
B;G004333;4349;melisa;ann;herriott;50;f;w;pleasant garden;evelyn;6068;27313;ct
B;G004334;4350;nyia;alexis;johnson;35;f;b;cary;foliage;203;27518;ca
B;G004334;4351;nyia;alexis;mcghee;35;f;b;raleigh;marsh grass;713;27610;ca
B;G004335;4352;brandi;nicole;kester;22;f;w;willow spring;howard country;8105;27592;fl
B;G004336;4353;christine;e;farrell;32;f;w;apex;sawyers mill;2928;27539;fl
B;G004337;4354;michael;adam;dubinsky;32;m;w;raleigh;banks;500;27604;oc
B;G004338;4355;megan;haseley;guild;36;f;w;raleigh;dutchman;3445;27610;ny
B;G004339;4356;jane;lynn;gillespie;50;f;w;holly springs;moss rock;105;27540;va
B;G004340;4357;nicole;;luck;26;f;u;raleigh;viewcrest;5456;27606;
B;G004341;4358;gay;belinda;grandison;48;f;b;raleigh;elmwood view;2612;27614;oh
B;G004342;4359;shannon;m;smith;38;f;w;raleigh;winding arbor;1211;27606;ny
B;G004343;4360;anthony;ray;smith;59;m;b;willow springs;blueberry;105;27592;nc
B;G004344;4361;billie;gene;perdue;69;m;w;princeton;richardson bridge;21;27569;ky
B;G004345;4362;jennifer;marie;antoniono;25;f;w;denver;bordeaux;4051;28037;pa
B;G004346;4363;samuel;angus;macdonald;48;m;w;holly springs;morton farm;501;27540;oh
B;G004347;4364;lisa anne;;mattiocco;46;f;w;clayton;sugarcane;60;27527;ny
B;G004348;4365;katie;elizabeth;butler;35;f;w;clayton;knights bridge;280;27520;oh
B;G004349;4366;charles;edward;ward;54;m;w;wilmington;fazio;8420;28411;nc
B;G004350;4367;paula;;drayton;49;f;b;zebulon;pinto;113;27597;ga
B;G004351;4368;danny;michael;pravlik;65;m;w;willow springs;james helen;112;27592;
B;G004352;4369;richard;;palmer;47;m;b;cary;essex forest;615;27518;ms
B;G004353;4370;michael;lynn;james;51;m;w;garner;crows view;29;27529;oh
B;G004354;4371;ada;matamoros;matamoros alston;47;f;w;knightdale;aragon;1301;27545;oc
B;G004355;4372;karen;lynn;smith;52;f;w;wendell;osceola;100;27591;nj
B;G004357;4373;mitchell;;oxendine;71;m;i;smithfield;old english;137;27577;pa
B;G004358;4374;tammy;alena;eickhoff;47;f;w;clayton;river dell;2025;27527;pa
B;G004359;4375;hannah;mckinley;hardy;23;f;w;charlotte;diploma;11006;28262;
B;G004360;4376;paul;edward;hensley;89;m;w;cary;wittenberg;6012;27519;wv
B;G004361;4377;james;randall;stanberry;61;m;w;willow springs;hillgrove;101;27592;nc
B;G004362;4378;john;thomas;mitchell;65;m;w;raleigh;handsworth;840;27607;nc
B;G004363;4379;kelly;pernell;lampkin;51;m;b;kenly;sixth;400;27542;
B;G004364;4380;roger;john;roesemann;46;m;w;raleigh;durwood;35;27603;ny
B;G004365;4381;phyllis;elaine;rawlings;65;f;b;goldsboro;eunice;501;27530;md
B;G004366;4382;melissa;cashwell;spain;51;f;w;angier;paula;170;27501;nc
B;G004367;4383;lisa;strum;allen;56;f;w;nashville;nc 58;7335;27856;va
B;G004368;4384;james;herrill;bryan;35;m;w;newton grove;maple grove church;44;28366;nc
B;G004369;4385;sonya;lynnea miles;kilian;42;f;w;clayton;wyndfall;293;27527;pa
B;G004370;4386;steven;ray;rhodes;29;m;w;wilmington;dolphin;908;28403;nc
B;G004371;4387;bailey;delilah;pope;31;f;w;angier;timberland;321;27501;nc
B;G004372;4388;mark;quinto;caccio;64;m;w;clayton;forest oaks;370;27527;ct
B;G004373;4389;christian;emanuel;banks;52;m;b;four oaks;neighbor;97;27524;oh
B;G004374;4390;charlene;lee;reed;34;f;w;garner;linden;97;27529;oc
B;G004375;4391;jerry;tyson;adams;64;m;w;morrisville;westshore;1117;27560;nc
B;G004376;4392;lisa;marie;popolizio;34;f;w;greenville;meridian;2762;27834;oh
B;G004377;4393;timmie;wilson;chester;46;m;w;pikeville;crossbow;117;27863;nc
B;G004378;4394;edward;turner;dalton;44;m;w;wilmington;johnston;310;28412;fl
B;G004379;4395;robert;joseph;mullaney;65;m;w;clayton;black forest;205;27527;ny
B;G004380;4396;tamia;eaton;ray;38;f;b;garner;outwater ridge;108;27529;md
B;G004381;4397;paul;edward;wilson;34;m;w;willow springs;ina joe;366;27592;nj
B;G004382;4398;edric;terrell;covington;47;m;b;garner;phobos;48;27529;nc
B;G004383;4399;kendra;shaundell;hardesty;37;f;b;pollocksville;scott;176;28573;nc
B;G004384;4400;teri;howell;mitchell;42;f;w;winterville;corbett;657;28590;va
B;G004385;4401;christopher;douglas;canady;41;m;b;trenton;jones;303;28585;nc
B;G004386;4402;sandra;hood;mills;60;f;w;pink hill;small town;683;28572;nc
B;G004387;4403;sonya;marlynn;brooker;53;f;w;trenton;briar patch;154;28585;ca
B;G004388;4404;briana;joyce;stanley;26;f;b;maysville;hunter creek;513;28555;nc
B;G004389;4405;fleming;cecil;jones;46;m;w;trenton;chinquapin chapel;1523;28585;nc
B;G004390;4406;brittany;dawn;peters;30;u;w;trenton;richlands;269;28585;
B;G004391;4407;john;robert;hewett;70;m;w;midway park;6th;604;28544;fl
B;G004392;4408;zawkeeyaw;shareech;dunn;28;f;b;trenton;high school;135;28585;nc
B;G004393;4409;jay;robert;milner;79;m;w;richlands;gregory fork;1338;28574;mn
B;G004394;4410;leslie;smith;jones;62;f;w;trenton;stroud;440;28585;nc
B;G004395;4411;jeleisha;danielle;wooten;25;f;b;kinston;waters;805;28501;nc
B;G004396;4412;petheria;platt;turner;50;f;b;kinston;woodview;127;28501;
B;G004397;4413;sarah;ashton;blue;26;f;w;carthage;nc 22;6212;28327;nc
B;G004399;4414;robert;wayne;wicker;60;m;w;sanford;kentyrewood farm;823;27332;nc
B;G004401;4415;christine;sarah;soto;35;f;o;aberdeen;fayetteville;302;28315;nj
B;G004402;4416;vicki;lynn;thatcher;62;f;w;sanford;cashmere;605;27332;wy
B;G004403;4417;byron;rashad;black;32;m;b;sanford;charlotte;729;27330;nc
B;G004404;4418;jason;michael;ashburn;41;m;w;sanford;brookfield;303;27330;nc
B;G004405;4419;lauren;henry;adkins;32;f;w;efland;ridge;4508;27243;nc
B;G004406;4420;kayren;elaine;heck;49;f;b;holly springs;stable ridge;900;27540;nc
B;G004407;4421;andreas;william;trump;30;m;w;sanford;queens;300;27330;dc
B;G004408;4422;darlene;mcintyre;mccray;63;f;b;sanford;dudley;500;27330;nc
B;G004409;4423;john;van;nguyen;21;m;a;raleigh;thesis;2021;27603;nc
B;G004410;4424;sherry;jalynn;mcdonald;50;f;w;wilmington;echo farms;3815;28412;
B;G004411;4425;del;f;jones;78;m;w;cary;heritage pines;2023;27519;nc
B;G004412;4426;adrienne;leigh;hildreth;45;f;w;sanford;seth;3233;27330;nc
B;G004413;4427;angelica;;robinson;40;f;u;chapel hill;ashley forest;122;27514;
B;G004414;4428;kelly;woodlief;lauffer;45;f;w;sanford;hemlock;300;27330;nc
B;G004415;4429;john;henry;furr;49;m;w;sanford;white tail;404;27332;nc
B;G004416;4430;michaela;maria;torre;22;f;w;wilmington;racine;315;28403;
B;G004417;4431;arthur;graham;ray;52;m;w;sanford;owls nest;2030;27330;sc
B;G004418;4432;jerry;max;lemmond;70;m;w;carthage;joel;830;28327;nc
B;G004419;4433;kenneth;paul;neilsen;54;m;w;sanford;hawkins;1106;27330;va
B;G004420;4434;roland;joseph;berube;83;m;w;sanford;bridgeport;2008;27330;me
B;G004421;4435;michael;brandon;large;34;m;w;chapel hill;barclay;212;27516;nc
B;G004422;4436;faolan;ember;brooks;19;f;w;apex;rushing breeze;111;27502;nc
B;G004423;4437;richard;alan;lord;67;m;w;raleigh;morgan;317;27601;ny
B;G004424;4438;charles;alfred;fulghum;70;m;w;sanford;olde towne;403;27330;nc
B;G004425;4439;debra;crawley;bradford;60;f;w;hampstead;lilac;64;28443;nc
B;G004426;4440;darren;;perry;55;m;b;sanford;kendale;2901;27332;md
B;G004427;4441;douglas;cain;garner;23;f;u;cameron;mclauchlin;344;28326;
B;G004429;4442;marlene;robbins;walsh;80;f;w;sanford;chisholm;104;27330;ny
B;G004430;4443;jason;lee;murray;37;m;w;sanford;wildflower;104;27330;ny
B;G004432;4444;deborah;jo;zimmerman;52;f;w;sanford;owls nest;1420;27330;nc
B;G004433;4445;benita;ruth;jones;64;f;b;sanford;pinehurst;1411;27330;nj
B;G004434;4446;brian;thomas;hall;41;m;w;pikeville;laurel;216;27863;ky
B;G004435;4447;paula;suzanne;willett;40;f;w;sanford;minter;5804;27332;nc
B;G004436;4448;brian;jon;reynolds;38;m;w;sanford;lightwood;122;27330;wa
B;G004437;4449;jessica;murray;patterson;27;f;w;robbins;nc 705;6979;27325;nc
B;G004438;4450;suzanne;nassif;felton;72;f;w;matthews;millbank;1140;28104;ma
B;G004439;4451;nakesha;cotton;williams;42;f;b;aberdeen;saratoga;4106;28315;nc
B;G004440;4452;thomas;francis;walsh;84;m;w;carthage;mcneill;820;28327;ny
B;G004441;4453;cynthia;gayle;eads;61;f;u;hillsborough;orange heights;425;27278;
B;G004441;4454;cynthia;gayle;eads;61;f;w;cary;gregory;105;27513;
B;G004441;4455;cynthia;gayle;eads;61;f;w;raleigh;fieldspring;190;27606;fl
B;G004442;4456;shane;;walker;31;m;w;boone;campus ridge;155;28607;oc
B;G004443;4457;katrina;turnage;rouse;55;f;b;kinston;west;2002;28501;nc
B;G004444;4458;niki;mooring;harper;38;f;w;grifton;skeeter pond;5943;28530;nc
B;G004445;4459;david;r;carter;33;m;w;kinston;nc hwy 55;1511;28501;nc
B;G004446;4460;mitzi;wells;rasberry;61;f;w;kinston;sedgefield;1908;28504;nc
B;G004447;4461;elizabeth;dawn sugg;cromer;46;f;w;kinston;temple;1700;28504;nc
B;G004449;4462;tamekia;monique;kinsey;36;f;b;kinston;bill herring;1679;28501;nc
B;G004450;4463;robert;william;shiles;61;m;w;kinston;carolina;904;28504;nj
B;G004453;4464;jimmy;;tyndall;54;m;w;kinston;bland howell;1443;28504;nc
B;G004454;4465;nybria;shabazz;wade;23;f;b;raleigh;wallingford;5041;27616;nc
B;G004455;4466;willard;h;willis;99;m;w;greenville;ivy;2929;27858;nc
B;G004457;4467;charles;thomas;turner;37;m;w;boone;us hwy 421;3129;28607;nc
B;G004458;4468;shannon;f;foster;47;m;w;kinston;queen;1120;28501;nc
B;G004459;4469;ashley;lee;casey;41;m;w;lagrange;darrel;401;28551;nc
B;G004460;4470;candice;paige;marshburn;29;f;w;greenville;spring forest;910;27834;nc
B;G004461;4471;kenyatta;latreyvea;best;29;f;b;greenville;keys;171;27858;
B;G004462;4472;mattie;williamson;sowers;30;f;w;kinston;jericho;1070;28501;nc
B;G004462;4473;mattie;jean;sowers;30;f;w;winterville;sterling pointe;3830;28590;nc
B;G004463;4474;steven;lane;hooks;59;m;b;kinston;chestnut;609;28501;
B;G004464;4475;denise;rachel;jackson;51;f;b;la grange;wooten;211;28551;
B;G004464;4476;denise;rachel;jackson;51;f;b;la grange;boundary;309;28551;nc
B;G004465;4477;lisa;willard;burwell;54;f;w;kinston;rhem;1411;28501;nc
B;G004466;4478;larry;rasheen;vaughn;32;m;b;windsor;carter park;106;27983;ny
B;G004467;4479;james;carstarphen;purnell;37;m;w;kinston;sparre;2101;28504;nc
B;G004468;4480;anita;estell;priest;55;f;w;pikeville;ann;109;27863;va
B;G004469;4481;tatiana;irene;boston;21;f;b;kinston;autumn;2166;28501;nc
B;G004470;4482;donald;ray;wilson;58;m;b;kinston;orion;114;28501;nc
B;G004471;4483;regina;gardner;jackson;48;f;b;kinston;hayloft;1311;28504;nc
B;G004472;4484;clara;nicole;hart;39;f;b;kinston;fletcher;301;28504;nc
B;G004473;4485;kevin;dewayne;newborn;46;m;b;kinston;fox run;2169;28504;nc
B;G004474;4486;shannon;kaye;horne;50;f;w;richlands;beulaville;371;28574;ca
B;G004475;4487;sophia;flleresa;brock;35;f;b;kinston;hardee;825;28504;nc
B;G004476;4488;bethany;grace;rouse;35;f;w;grifton;skeeter pond;6563;28530;wv
B;G004477;4489;patricia;sutton;jarman;41;f;b;raleigh;hushpuppy;6106;27616;nc
B;G004478;4490;jacob;manley;alphin;31;m;w;greenville;cedar;1409;27858;nc
B;G004479;4491;aaryn;ashley;deal;26;f;w;kinston;crestview;1804;28504;
B;G004480;4492;mark;steven;andrews;27;m;w;grifton;wall;685;28530;nc
B;G004481;4493;terisha;council;lynn;44;f;b;kinston;cedar;1303;28501;nc
B;G004482;4494;joseph;cameron;justice;31;m;w;kinston;king william;2831;28504;va
B;G004483;4495;jennifer;sanders;hollingsworth;48;f;w;kinston;pauls path;2419;28504;oc
B;G004484;4496;keenan;jerome;parks;44;m;o;grifton;dawson;6054;28530;nc
B;G004485;4497;benjamin;franklin;bruton;47;m;b;kinston;capitola;112;28501;nj
B;G004486;4498;breiyanna;joan;stevermer;23;f;w;charlotte;passour ridge;3436;28269;ia
B;G004487;4499;nathaniel;martin;phillips;30;m;w;wake forest;chouder;7420;27587;nc
B;G004488;4500;michelle;nichole;mannchen;28;f;w;cornelius;sandy cove;21529;28031;wi
B;G004489;4501;carol;ann;girardi;66;f;w;huntersville;new oak;8525;28078;ny
B;G004490;4502;chazz;jamahl;surratt;21;m;b;lincolnton;arbor run;207;28092;nc
B;G004491;4503;maribeth;dobbins;hughes;46;f;w;cornelius;chandlers landing;19225;28031;ct
B;G004492;4504;richard;lyle;dunst;62;m;w;huntersville;hunters;1303;28078;wi
B;G004493;4505;edward;benjamin;hurn;66;m;w;marion;clear creek;2556;28752;fl
B;G004494;4506;melissa;elaine;smith;36;f;w;boone;oak grove;545;28607;nc
B;G004495;4507;kathy;;keller;59;f;w;denver;golf course;7515;28037;nc
B;G004496;4508;stanley;huss;ballard;72;m;w;lincolnton;caprice;303;28092;nc
B;G004497;4509;wayne;edward;young;60;m;w;cornelius;grenache;17100;28031;nc
B;G004498;4510;jennifer;davis;burlingame;39;f;w;charlotte;florida;3017;28205;fl
B;G004499;4511;annie;forrest;cobb;71;f;w;wilmington;new colony;3720;28412;nc
B;G004501;4512;stephen;anthony;davis;44;m;w;iron station;devine;2473;28080;nc
B;G004502;4513;courtney;jordon;smith;28;u;w;lincolnton;stony ridge;3507;28092;
B;G004503;4514;wendara;celeane;ballentine;48;f;w;iron station;planters row;246;28080;nc
B;G004505;4515;stephen;leslie;hovis;50;m;w;lincolnton;story woods;636;28092;nc
B;G004506;4516;michael;david;trent;44;m;w;charlotte;closeburn;5425;28210;va
B;G004507;4517;janel;pokorny;trzaskos;43;f;w;stanley;waterford;8071;28164;ct
B;G004508;4518;brian;t;parry;45;m;w;charlotte;broken stone;10234;28214;nc
B;G004510;4519;d;christopher;duplessis;49;u;u;denver;bridge;5060;28037;
B;G004510;4520;d;christopher;duplessis;49;m;w;waxhaw;pembroke;405;28173;id
B;G004511;4521;robert;theadore;wilhite;57;m;w;denver;chapel creek;7787;28037;ga
B;G004512;4522;anna;gray;carpenter;31;f;w;lincolnton;laboratory;2800;28092;nc
B;G004514;4523;christopher;shannon;elliotte;47;m;w;charlotte;canmore;15630;28277;nc
B;G004515;4524;cynthia;marie;norman;50;f;w;denver;ashley;4676;28037;
B;G004516;4525;amanda;skidmore;robinson;35;f;w;denver;shiny leaf;2341;28037;nc
B;G004517;4526;donna;bindas;randall;63;f;w;denver;seipel;802;28037;ct
B;G004518;4527;salvatore;james;tecla;49;m;w;bryson city;main;939;28713;ny
B;G004520;4528;melissa;anne;saine;26;u;u;boone;bodenheimer;536;28607;
B;G004521;4529;michael;shane;picklesimer;62;m;w;iron station;highway 27;4400;28080;nc
B;G004522;4530;anne;margaret;dominick;71;f;w;lincolnton;sunny hill;266;28092;mi
B;G004524;4531;james;ryan;severns;43;m;w;lincolnton;river meadows;2803;28092;il
B;G004525;4532;david;leon;moliis;76;m;w;waxhaw;victoria lake;8315;28173;ca
B;G004526;4533;paulette;marie;hanscom;64;f;w;lincolnton;highway 150;3008;28092;me
B;G004527;4534;noah;ryan;cooper;19;m;w;asheboro;old liberty;1208;27203;nc
B;G004528;4535;caleb;wiley;cato;30;m;w;lincolnton;palisades;214;28092;nc
B;G004529;4536;wendy;rebecca;johnson;41;f;w;huntersville;rolling meadows;7536;28078;nc
B;G004530;4537;patricia;baldwin;eller;63;f;w;denver;red robin;7805;28037;tn
B;G004531;4538;blanche;holbert;wolfe;66;f;w;denver;maple brook;3565;28037;fl
B;G004532;4539;jessica;lauren;cline;29;f;w;boone;ambling way;289;28607;nc
B;G004533;4540;curt;hall;peterson;67;m;w;lincolnton;arbor run;207;28092;ma
B;G004534;4541;matthew;christopher;hopkins;26;m;w;denver;dellinger;7823;28037;va
B;G004535;4542;karen;m;richardson;58;f;w;huntersville;farnborough;12120;28078;pa
B;G004536;4543;amanda;smith;berryhill;45;f;w;vale;wise;1213;28168;nc
B;G004537;4544;barton;edward;nixon;41;m;b;charlotte;plumstead;1344;28216;nc
B;G004538;4545;shiloh;danane;keuler;40;f;u;crouse;george brown;1921;28033;
B;G004539;4546;katie;zeiher;bromley;37;f;w;lincolnton;rock dam;2620;28092;mn
B;G004541;4547;susan;phelps;rogerson;61;f;w;charlotte;regency;128;28211;nc
B;G004542;4548;michael;edward;brenneman;40;m;w;stanley;haley;8021;28164;co
B;G004543;4549;kem;matthew;fletcher;53;m;w;denver;unity church;8974;28037;nc
B;G004544;4550;michael;lannis;ethridge;48;m;w;lincolnton;owls den;1437;28092;nc
B;G004545;4551;ashley;grace caroline;kniess;29;f;w;iron station;every;1721;28080;mi
B;G004546;4552;lauren;barbara;mathews;62;f;w;huntersville;birkdale commons;16932;28078;nj
B;G004547;4553;velma;;brooks;62;f;b;huntersville;cordial;14530;28078;nj
B;G004548;4554;jeremy;issac;pendleton;40;m;w;crouse;highway 150;2765;28033;nc
B;G004549;4555;suzanne;louise;jones;54;f;w;iron station;adkin;1460;28080;ny
B;G004550;4556;candace;brittney;helms;32;f;w;lincolnton;arbor run;207;28092;nc
B;G004551;4557;ricky;joe;shields;56;m;w;castle hayne;cape landing;4122;28429;in
B;G004552;4558;terry;ann;stephen;46;f;w;huntersville;gilead;7132;28078;
B;G004553;4559;pamela;orr;hudson;55;f;w;charlotte;laburn;152;28214;nc
B;G004554;4560;daniel;paul;wing;29;m;w;charlotte;4th;902;28202;ny
B;G004555;4561;nicholas;david;reid;31;m;w;chapel hill;maxwell;113;27517;nc
B;G004556;4562;laura;jean;schrader;36;f;w;denver;stonesthrow;4600;28037;il
B;G004557;4563;luke;hubert;smith;55;m;w;franklin;palmer;117;28734;fl
B;G004558;4564;holly;;garnett;26;f;w;jacksonville;croatan;103;28546;
B;G004559;4565;roberta;jones;bowles;65;f;w;franklin;country;566;28734;ri
B;G004560;4566;amy;lynne;morgan;51;f;w;otto;eagles knob;108;28763;ma
B;G004561;4567;craig;stephen;younce;35;m;w;franklin;lakeshore;174;28734;nc
B;G004562;4568;paul;fonzi;foster;44;m;i;tryon;pine meadows;330;28782;nc
B;G004563;4569;ambreia;lyntrelle;williams;32;f;b;reidsville;scales;1748;27320;fl
B;G004564;4570;jason;parks;albright;34;m;w;franklin;janelle;35;28734;nc
B;G004565;4571;john;laney;plyler;54;m;w;hot springs;serpentine;195;28743;sc
B;G004566;4572;george;myers;stephens;59;m;w;raleigh;wycliff;2923;27607;nc
B;G004567;4573;brian;;fisher;49;m;w;marshall;henry worley;537;28753;nc
B;G004568;4574;susan;griffin;abernathy;64;f;w;marshall;dallas jack;221;28753;nc
B;G004569;4575;joyce;taylor;holliday;40;f;w;williamston;jenny harrison;1244;27892;nc
B;G004570;4576;aleesa;joyner;jones;26;f;w;jamesville;lee holliday;1635;27846;nc
B;G004571;4577;patricia;twiddy;barnes;73;f;w;creswell;spruill town;1065;27928;nc
B;G004572;4578;forrest;angel;heath;46;f;w;williamston;willow acres;120;27892;nc
B;G004573;4579;shirley;oneal;lynch;66;f;w;robersonville;nc highway 903;21407;27871;va
B;G004574;4580;herman;i;jones;60;m;b;hertford;woodland church;562;27944;nc
B;G004575;4581;derkayla;jeriesha;bell;25;f;b;jacksonville;marlene;174;28546;nc
B;G004576;4582;ebonie;brown;murphy;31;f;b;windsor;dunlow;115;27983;nc
B;G004577;4583;quinton;davonne;peele;35;m;b;williamston;ballard;2059;27892;nc
B;G004578;4584;heather;christine;whitley;32;f;b;williamston;bell town;1810;27892;nc
B;G004579;4585;clifton;earl;wilkins;48;m;b;oak city;cox;2861;27857;nc
B;G004580;4586;rayford;dale;williams;56;m;b;williamston;sandy hill;1245;27892;nc
B;G004582;4587;darlene;;hyman;62;f;b;bladenboro;nc 131;19165;28320;nc
B;G004583;4588;jeremy;micheal;hayden;38;m;w;williamston;fire dept;6562;27892;va
B;G004584;4589;robert;lee;fletcher;61;m;w;williamston;church;106;27892;nc
B;G004585;4590;doris;marie;griffin;62;f;b;robersonville;claude green;2701;27871;nc
B;G004586;4591;franchesca;rene;moore;28;f;b;washington;asbury church;1554;27889;nc
B;G004588;4592;detrick;m;woolard;42;m;b;jamesville;nc highway 171;13677;27846;nc
B;G004589;4593;ashlee;jordan;beal;27;f;w;washington;voice of america;5445;27889;oh
B;G004590;4594;zachary;austin;boswell;26;m;w;williamston;hidden lakes;1135;27892;va
B;G004591;4595;katherine;elizabeth;cooper;27;f;w;jamesville;martin;1112;27846;nc
B;G004591;4596;katherine;elizabeth;cooper;27;f;w;wilmington;tulane;524;28403;nc
B;G004592;4597;destiny;ronshae;streeter;22;f;b;monroe;manchineel;4715;28110;nc
B;G004593;4598;abby;michelle;brown;25;f;w;williamston;prison camp;6761;27892;nc
B;G004594;4599;edward;earl;council;62;m;u;plymouth;slash pine;108;27962;va
B;G004595;4600;james;edward;nolte;30;m;w;nebo;tater town;1529;28761;nc
B;G004596;4601;virginia;ann;lipps;24;f;w;newland;us hwy 19e;5330;28657;nc
B;G004597;4602;sue;yvonne;miller;61;f;w;spruce pine;bear den mountain;486;28777;nc
B;G004598;4603;sarah;marie;clark;26;f;w;elk park;curtis creek;1789;28622;tn
B;G004599;4604;jennifer;marie;granroos;40;f;w;marion;fleming;124;28752;ma
B;G004600;4605;danny;billy poe;jones;62;m;w;nebo;harmony grove;6988;28761;sc
B;G004601;4606;tonia;b;combs;59;f;w;charlotte;providence;4122;28211;
B;G004602;4607;mark;allen;wise;58;m;w;nebo;graystone;539;28761;mo
B;G004603;4608;bradford;dean;conley;40;m;w;spruce pine;barney mckinney;103;28777;nc
B;G004604;4609;christine;lynn;zeigler;41;f;u;charlotte;holiday;8837;28215;az
B;G004605;4610;nancy;carlton;sharpe;65;f;w;newland;sassafras;102;28657;ny
B;G004606;4611;jonathan;bryant;batsel;28;m;w;banner elk;main;191;28604;
B;G004607;4612;rebecca;lynn;beck;29;f;w;newland;cow camp;1370;28657;nc
B;G004608;4613;kathryn;leigh;trexler;32;f;w;banner elk;hickory nut gap;4530;28604;nc
B;G004609;4614;matthew;paul;wiseman;38;m;w;boone;still lake;166;28607;nc
B;G004610;4615;shirli;joyce;howell;50;f;w;sugar grove;rush branch;4080;28679;ca
B;G004611;4616;benjamin;morris;price;44;m;w;plumtree;tvr;199;28664;
B;G004612;4617;amy;pope;gardner;45;f;w;banner elk;beech mountain;509;28604;nc
B;G004613;4618;candace;ann;solomon;50;f;w;banner elk;shawnee;2711;28604;nc
B;G004614;4619;holly;ollis;silvers;41;f;w;spruce pine;hanging rock;3322;28777;
B;G004615;4620;victoria;jean;hayes;31;f;w;boone;jack hayes;472;28607;il
B;G004616;4621;william;john;woodruff;58;m;w;matthews;stallings;1148;28104;ny
B;G004617;4622;matthew;charles;majesky;31;m;w;indian trail;west;5004;28079;va
B;G004618;4623;doe;bum;juhnn;58;m;a;charlotte;bryson bend;8940;28277;oc
B;G004619;4624;layla;;billowitz;45;f;w;matthews;sarandon;1208;28104;oc
B;G004620;4625;amanda;harmon;cooley;40;f;w;charlotte;eastover ridge;3104;28211;az
B;G004622;4626;czarina;geneva;moore;31;f;b;charlotte;beatties ford;100;28216;nc
B;G004623;4627;gamal;b;mekki;60;m;b;waxhaw;churchill downs;1110;28173;oc
B;G004624;4628;corrie;anne;byers;35;f;w;charlotte;hunter trail;11025;28226;ca
B;G004625;4629;kendrick;la monte;archie;48;m;b;charlotte;falls creek;1229;28209;nj
B;G004627;4630;thayer;jaques;lavielle;47;f;w;cary;bridgeway;101;27511;ma
B;G004628;4631;andrew;;kaplan;50;m;w;waxhaw;lillieshall;809;28173;ny
B;G004629;4632;andrew;kyle;snow;30;m;w;raleigh;graham;817;27605;nc
B;G004630;4633;neisha;shemay;dawson;29;f;b;charlotte;loch loyal;13826;28273;nc
B;G004631;4634;jeffery;theodore;sturdivant;56;m;b;charlotte;millers creek;14016;28278;nc
B;G004632;4635;kathren;renee;hayes;38;f;w;charlotte;conway;3600;28209;fl
B;G004633;4636;donna;h;hyde;74;f;w;matthews;old house;3221;28105;
B;G004634;4637;bonita;a;stines;68;f;w;charlotte;gemway;1808;28216;nc
B;G004635;4638;bruce;scott;perkins;53;m;w;charlotte;ginovanni;13023;28227;in
B;G004636;4639;rachelle;adrienne;gualtieri;48;f;w;matthews;moss creek;706;28105;ct
B;G004637;4640;corinne;veronica;lorenz;53;f;w;matthews;cedar chase;2832;28105;il
B;G004638;4641;colette;t;mcmurray;66;f;w;sneads ferry;chadwick shores;403;28460;nc
B;G004639;4642;luticia;ingram;parrish;44;f;w;charlotte;haven ridge;14011;28215;nc
B;G004640;4643;william;lattel;shaw;32;m;b;charlotte;plaza;6032;28215;nc
B;G004642;4644;olga;julia;goodman;33;f;w;charlotte;vinca;9630;28213;ny
B;G004643;4645;anna;elizabeth;edgerton;33;f;w;pinehurst;royal dornoch;1;28374;nc
B;G004644;4646;holly;lynn;haas;39;f;w;charlotte;open field;3331;28226;il
B;G004645;4647;curtis;william;rowe;52;m;w;matthews;topsail;109;28104;pa
B;G004646;4648;oshala;nicole;davis;33;f;b;charlotte;basin;424;28203;nc
B;G004647;4649;christopher;julian;white;33;m;w;matthews;three wood;7219;28104;nc
B;G004648;4650;rebekah;joy;griffin;34;f;w;charlotte;pinewood;7901;28227;sc
B;G004649;4651;alexandra;elizabeth;warrick;34;f;w;wake forest;stacked stone;8629;27587;fl
B;G004650;4652;thomas;lee;anderson;43;m;w;hillsborough;patrick henry;1706;27278;il
B;G004651;4653;chad;c;ritterspach;47;m;w;matthews;crescent;1409;28105;oh
B;G004652;4654;margaret;miller;anderson;66;f;b;rockwell;broad;330;28138;ak
B;G004653;4655;howard;c;field;84;m;w;charlotte;yorktowne;6908;28226;
B;G004654;4656;eric;oneal;busby;53;m;w;locust;beverly;207;28097;fl
B;G004655;4657;kathleen;marie;hale;62;f;w;tryon;dug hill;161;28782;ny
B;G004656;4658;preston;garrett;hines;30;m;w;charlotte;hillingdon;5200;28226;nc
B;G004656;4659;preston;garret;hines;30;m;w;boone;yosef;389;28607;nc
B;G004657;4660;mark;anderson;taylor;49;m;w;monroe;carroll;2526;28110;
B;G004658;4661;reeve;marie;coobs;35;f;w;cornelius;doe valley;17037;28031;nc
B;G004659;4662;amy;gattis;blackwell;41;f;w;charlotte;tom castain;7158;28226;nc
B;G004660;4663;jessica;alberto;gutierrez;29;f;w;charlotte;rumple;7021;28262;fl
B;G004661;4664;larry;robert;horning;71;m;w;raleigh;claflin;217;27614;in
B;G004663;4665;phillip;michael;james;29;m;b;charlotte;fairwood;414;28203;nc
B;G004664;4666;heather;;pressley;47;f;w;charlotte;scottsmoor;145;28214;ny
B;G004665;4667;linda;f;ellis;38;f;b;charlotte;willow haven;1710;28262;
B;G004666;4668;matthew;david;edge;28;m;w;matthews;annecy;2307;28105;nc
B;G004667;4669;adrianne;kotras;leonardelli;44;f;w;cary;brannigan;115;27511;il
B;G004668;4670;sedrick;ray;jordon;33;m;b;charlotte;willow;2852;28208;
B;G004669;4671;tiffany;alexandria;mooney;39;f;b;taylortown;americus;201;27376;nc
B;G004670;4672;kenyatta;devon;floyd;45;f;b;charlotte;delane;1328;28211;il
B;G004671;4673;howard;;johnson;75;m;b;white oak;ireland;57;28399;nc
B;G004672;4674;gaetano;guy;ranno;36;m;w;charlotte;eastcrest;1507;28205;ma
B;G004673;4675;raquel;corotta;koos;49;f;b;pineville;winghurst;12009;28134;
B;G004674;4676;claudette;michelle;campos;41;f;u;charlotte;painter;1433;28212;
B;G004675;4677;allen;lamar;mcbroom;34;m;b;charlotte;andover woods;7809;28210;nc
B;G004676;4678;sarah;jane;bradshaw;29;u;w;charlotte;fox thorne;4631;28216;
B;G004677;4679;sheri;l;taxis;38;f;w;cary;harrison;404;27511;oc
B;G004678;4680;michael;;morris;35;f;b;charlotte;moores chapel;9216;28214;
B;G004679;4681;joseph;carey;baker;46;m;w;charlotte;normancrest;2417;28270;
B;G004680;4682;kevin;lee;wilson;42;m;w;charlotte;commonwealth;2726;28205;fl
B;G004681;4683;arsena;stephanie;schroeder;27;f;b;charlotte;craighead;433;28206;pa
B;G004682;4684;brooke;elizabeth;james;25;f;w;charlotte;pinewood;2027;28211;ky
B;G004683;4685;walid;omer;yussuf;36;m;b;charlotte;double creek crossing;4115;28269;va
B;G004684;4686;morghan;kyla;day;27;f;b;charlotte;jessica leigh;4039;28269;
B;G004685;4687;cergio;anthone;roy;30;m;b;charlotte;dahlia;8504;28213;ak
B;G004686;4688;matthew;david;slezak;32;m;w;charlotte;sunview;6606;28210;nc
B;G004687;4689;emily;aeleta;ayers;29;f;w;huntersville;seafield;15712;28078;nc
B;G004688;4690;justin;oliver;branch;36;m;w;raleigh;mayview;2719;27607;az
B;G004689;4691;shanna;louisa;wylie;39;f;b;charlotte;caudell;6605;28215;nc
B;G004690;4692;pamela;moore;frame;64;f;w;cornelius;galleon view;19607;28031;ga
B;G004691;4693;valerie;pearl;owens;40;f;o;charlotte;illoria;10126;28273;nj
B;G004692;4694;margo;lynn;dixon;40;f;w;charlotte;mirow;2109;28270;tx
B;G004693;4695;marianne;lazzaro;mulligan;66;f;u;cary;sealine;602;27519;ny
B;G004695;4696;lanise;;hines;22;u;b;charlotte;kerrybrook;7917;28214;
B;G004696;4697;loretta;june;dean;62;f;w;indian trail;mayhurst;3400;28079;pa
B;G004697;4698;olivia;daurice laharriet;smith;25;f;b;charlotte;paces glen;5630;28212;il
B;G004698;4699;nishant;;sachdev;26;m;o;charlotte;martin luther king jr;255;28202;nc
B;G004700;4700;brandon;lamar;gause;27;m;b;charlotte;wagon oak;6608;28212;
B;G004701;4701;kerry;ann;cunniff;56;f;w;monroe;kingstree;1919;28112;ma
B;G004702;4702;gustavo;enrique;serrano ferreras;34;m;o;monroe;devon;2411;28110;
B;G004703;4703;antoinne;james;williams;38;m;b;charlotte;marcel;7105;28226;ny
B;G004704;4704;garrett;patrick;clark;21;m;w;charlotte;wheat ridge;11525;28277;fl
B;G004705;4705;dorothy;ann;mack;79;f;b;charlotte;basin;411;28203;nc
B;G004706;4706;nalinbhai;manilal;patel;51;m;o;huntersville;autumn cove;16307;28078;oc
B;G004707;4707;angela;marie;miller;38;f;w;charlotte;lindhall;1022;28209;ma
B;G004708;4708;brian;christopher;price;37;m;w;raleigh;pineland;156;27606;nj
B;G004710;4709;charisse;nicole;wade;27;f;b;charlotte;waverly lynn;5731;28269;
B;G004711;4710;howard;ronald;splawn;43;m;w;forest city;harris henrietta;862;28043;nc
B;G004712;4711;mark;joseph;meleski;48;m;w;apex;tracey creek;100;27502;ny
B;G004713;4712;leah;shelby;elliott;38;u;u;chapel hill;skye;1607;27516;
B;G004714;4713;jenna;michelle;galanti;30;f;w;boone;junaluska;224;28607;
B;G004715;4714;jenae;denise;busch;28;f;b;greenville;boxelder;524;27858;nc
B;G004715;4715;jenae;denise;busch;28;f;b;raleigh;big sandy;6255;27616;nc
B;G004716;4716;kimberly;charmaine;jefferies;32;f;b;charlotte;forest landing;10176;28213;nc
B;G004717;4717;zoe;maelyn;polites;21;f;w;charlotte;nugget;1047;28262;nc
B;G004718;4718;adrienne;nicole;moorefield;27;f;w;charlotte;providence glen;5829;28270;
B;G004719;4719;adam;taylor;kearney;25;m;w;chapel hill;holly;405;27517;nc
B;G004720;4720;steven;joseph;gerardi;30;m;w;charlotte;selwyn farms;3718;28209;va
B;G004721;4721;katherine;margaret;sutcliffe;19;f;w;charlotte;beacon forest;2514;28270;va
B;G004722;4722;randy;deese;helms;71;f;w;cornelius;robbins pond;8939;28031;nc
B;G004723;4723;reginald;;blow;38;m;b;charlotte;pamlico;1120;28205;
B;G004724;4724;ryan;james mcaree;o keefe;30;m;w;vass;sundown;224;28394;ny
B;G004725;4725;michelle;diane;grosso;25;f;w;boone;the meadows;283;28607;nj
B;G004726;4726;mildred;;olivera;57;f;o;charlotte;amber glen;11206;28269;pr
B;G004727;4727;lasasha;rashawn;hightower;22;f;b;charlotte;freedom;4236;28208;
B;G004728;4728;sarah;;dempsey;31;f;w;cary;haddington;1236;27511;nc
B;G004729;4729;david;jackson;kerr;39;m;w;charlotte;woodlawn;440;28209;nc
B;G004730;4730;cenna;michael;lloyd;38;u;u;charlotte;four mile creek;9339;28277;
B;G004731;4731;leslie;martha;brafford;57;f;w;matthews;kensrowe;1032;28104;nc
B;G004732;4732;amy;p;capps;60;f;w;charlotte;blythwood;7322;28227;
B;G004733;4733;marcellie;;johnson;60;f;u;charlotte;royal celadon;6304;28269;nc
B;G004734;4734;jerry;l;waugh;61;m;w;charlotte;hartford;1224;28209;ky
B;G004735;4735;george;a;tolley;53;m;w;charlotte;canterwood;2107;28213;va
B;G004736;4736;michael;c;mercurio;52;m;w;matthews;windsor chase;2561;28105;pa
B;G004737;4737;michael;t;hillard;70;m;w;huntersville;lafoy;10219;28078;nc
B;G004738;4738;kim;e;slabonz;61;f;w;matthews;old monroe;12000;28105;mi
B;G004738;4739;kim;elaine;slabouz;61;f;w;matthews;sadie;440;28105;mi
B;G004739;4740;catherine;ann;bullock;47;f;b;charlotte;phillips;2625;28208;nc
B;G004740;4741;jamie;a;peigler;46;f;w;charlotte;shopton;10444;28278;
B;G004741;4742;virna;rena;davis;53;f;b;charlotte;eastover ridge;3725;28211;ny
B;G004742;4743;darrell;l;furr;39;m;w;charlotte;dublin;3148;28208;nc
B;G004743;4744;donald;scott;love;57;m;w;stanfield;river;8008;28163;nc
B;G004744;4745;darren;lee;witherspoon;51;m;b;charlotte;eagles landing;1436;28214;nc
B;G004745;4746;michelle;loretta;fox;44;f;w;charlotte;artists;3616;28205;pa
B;G004747;4747;russell;garrett;jochim;35;m;w;indian trail;bridle;6109;28079;wa
B;G004748;4748;william;francis;bordsen;33;m;w;charlotte;coronado;4600;28212;in
B;G004749;4749;goldee;marquie;payton;40;f;w;matthews;delamere;3103;28104;co
B;G004750;4750;daniel;david;jones;48;m;w;monroe;silver run;2401;28110;tx
B;G004751;4751;jennifer;slusher;tepera;40;f;w;indian trail;seefin;1863;28079;nc
B;G004752;4752;carolyn;mcgill;brewton;34;f;b;morrisville;summit west;1117;27560;il
B;G004753;4753;judy;kay;degernes;65;f;w;waxhaw;crane;1316;28173;mn
B;G004754;4754;gregory;morgan;plough;58;m;w;matthews;fairchelsea way;2010;28105;ny
B;G004755;4755;jonathan;g;sherrill;36;m;w;matthews;quill;355;28105;nc
B;G004756;4756;stephanie;victoria heilke;sebero;37;f;w;charlotte;denning;701;28227;nc
B;G004757;4757;lashonda;tenell;hinton;37;f;b;charlotte;tiara;6220;28212;sc
B;G004758;4758;joseph;b;blumberg;38;m;w;charlotte;eargle;2501;28269;nc
B;G004759;4759;michael;james;gardner;44;m;b;charlotte;parkland;8500;28227;nc
B;G004760;4760;theresa;harper;mauldin;59;f;w;charlotte;woodlawn;1336;28209;nc
B;G004761;4761;lindsey;k;gaudet;40;f;b;monroe;hopeton;2836;28110;
B;G004762;4762;alex;omar;daniels;49;m;b;wilmington;clover;422;28405;ct
B;G004763;4763;susan;ann;dowd;62;f;w;charlotte;peverell;2706;28270;nj
B;G004764;4764;crissy;darlene;kearse;46;f;w;charlotte;grafton;5014;28215;nc
B;G004767;4765;sharon;l;cude;60;f;w;charlotte;dunlavin;2934;28205;
B;G004768;4766;jesse;kenneth;clark;35;m;w;charlotte;olmsted;9225;28262;nc
B;G004769;4767;timothy;joseph;brown;42;m;w;charlotte;eagle feathers;9909;28214;
B;G004770;4768;nam;s;kang;42;m;a;charlotte;kettering;10518;28226;
B;G004772;4769;tuana;cherie;boyd;47;f;b;charlotte;petrea;7863;28227;ny
B;G004773;4770;lamar;leland;shareef;36;m;b;monroe;chippendale;3122;28110;az
B;G004775;4771;denise;daley;o connell;51;f;w;huntersville;kelly park;16323;28078;tn
B;G004776;4772;ebtisam;shaaban;miller;33;f;o;charlotte;broken saddle;5032;28226;nc
B;G004777;4773;kathleen;ann;nebel;66;f;w;tryon;peniel;4649;28782;mi
B;G004778;4774;lenzie;onzell;winstead;65;m;b;charlotte;canyon creek;4140;28216;nc
B;G004779;4775;leon;;smith;93;f;w;indian trail;chandler forest;2008;28079;il
B;G004780;4776;marty;b;scott;62;m;w;charlotte;summerpond;5425;28226;ky
B;G004781;4777;thomas;j;reese;75;m;w;matthews;kings manor;3012;28104;pa
B;G004782;4778;thomas;o;davidson;64;m;b;charlotte;amberly;5826;28213;nc
B;G004783;4779;kimberly;ray;counts;45;f;w;waxhaw;easley;1019;28173;nc
B;G004784;4780;john;harold;wilkes;45;m;w;charlotte;whitlock crossing;11171;28273;sc
B;G004785;4781;erin;jerolimic;moore;39;f;w;matthews;windsor hill;1922;28105;ny
B;G004786;4782;patricia;anne;stumpf;37;f;w;charlotte;deepwood;4445;28226;nc
B;G004786;4783;patricia;anne;stump;37;f;u;charlotte;deepwood;4445;28226;
B;G004787;4784;heather;gragnani;wheatley;40;f;w;charlotte;ross moore;236;28205;va
B;G004788;4785;jennie;;johnson;61;f;b;charlotte;kingspark;2401;28208;nc
B;G004789;4786;antwine;antoinette;love;44;f;b;charlotte;rebecca run;13326;28269;nv
B;G004790;4787;anthony;denard;jordan;37;m;b;charlotte;daffodil;2736;28269;nc
B;G004791;4788;stephen;c;ryan;45;m;w;charlotte;canterbury hill;1317;28211;al
B;G004792;4789;michael;edward;friedman;72;m;w;charlotte;north course;4117;28277;il
B;G004793;4790;nancy;louise;bennett;68;f;o;charlotte;krefeld glen;7731;28227;ny
B;G004794;4791;devin;marie;andre;39;f;w;charlotte;pheasant glen;1912;28214;ny
B;G004795;4792;andrew;patrick;robinson;35;m;w;charlotte;asherton;4309;28226;nc
B;G004795;4793;andrew;patrick;robinson;35;m;w;wilmington;tarin;6000;28409;nc
B;G004796;4794;pleshatta;lanesse;miller;35;f;b;charlotte;19th;424;28206;
B;G004797;4795;matthew;edwin;jones;43;m;w;monroe;standish;1440;28110;oh
B;G004798;4796;kieran;joseph;kessler;50;m;w;charlotte;wilklee;10804;28277;ny
B;G004799;4797;scott;b;hoopingarner;43;m;w;charlotte;valley stream;5140;28209;fl
B;G004801;4798;janice;m;reid;58;f;w;charlotte;perrin;148;28207;nc
B;G004802;4799;latisha;denise;gardner;34;f;b;charlotte;acorn forest;5018;28269;ky
B;G004803;4800;ashley;marie;martin;33;f;w;charlotte;oak hall;311;28223;me
B;G004803;4801;ashley;marie;buraglio;33;f;w;charlotte;berewick commons;6111;28278;me
B;G004804;4802;vicki;l;destefano;69;f;w;charlotte;mallard;5413;28227;nj
B;G004805;4803;elizabeth;walker;howson;37;f;w;chapel hill;pritchard;411;27516;sc
B;G004807;4804;millette;creola;terrell;26;f;b;charlotte;walnut creek;8209;28227;nc
B;G004809;4805;connie;hatfield;hamilton;56;f;w;charlotte;bradstock;6719;28226;mi
B;G004810;4806;anna;bortner;salas;29;f;w;charlotte;scott;1524;28203;ga
B;G004810;4807;anna;elizabeth;bortner;29;f;w;chapel hill;stadium;109;27514;ga
B;G004811;4808;pierre;laclay melvin;adams;35;m;b;charlotte;forestbrook;3127;28208;nc
B;G004812;4809;christopher;e;panza;25;m;w;huntersville;glade;8931;28078;ny
B;G004813;4810;christopher;wayne;hunt;35;m;b;cary;ribbon;113;27518;ny
B;G004814;4811;tina;elaine;detorio easter;48;f;w;huntersville;lyman oak;8516;28078;ny
B;G004815;4812;darion;robert;conyers;30;m;b;rocky mount;sunset;1265;27804;
B;G004816;4813;deontaye;jaquez;smith;25;m;b;charlotte;polk;1000;28206;
B;G004817;4814;linda;c;holland;60;f;b;charlotte;olde savannah;6606;28227;
B;G004818;4815;johnny;lee;jones;26;m;b;battleboro;jamie;6284;27809;nc
B;G004819;4816;adrain;anganette;hunt;34;f;b;charlotte;28th;310;28206;
B;G004820;4817;kate;rose;mather;40;f;w;charlotte;alexa;5832;28277;
B;G004821;4818;daniel;harrison;citron;24;m;w;charlotte;6th;525;28202;fl
B;G004822;4819;arlo;c;lassen;62;m;w;charlotte;penmore;14618;28269;ia
B;G004823;4820;melissa;leigh;brown;39;f;w;matthews;cedar chase;2813;28105;
B;G004824;4821;madeline;bailey;morris;23;f;w;charlotte;kipperly;2703;28270;
B;G004825;4822;laura;julianne;riley;27;f;w;charlotte;calibre crossing;7833;28227;la
B;G004827;4823;alison;hoggard;moody;29;f;w;huntersville;hillspring;9840;28078;
B;G004827;4824;alison;aldridge;hoggard;29;f;w;raleigh;onslow;1320;27606;
B;G004830;4825;chevone;d;falls;32;u;b;charlotte;idlewild;5524;28227;
B;G004831;4826;diontray;divan;adams;26;m;b;charlotte;barcliff;6908;28212;dc
B;G004832;4827;wallace;benjamin browder;boswell;38;m;w;charlotte;tobin;7215;28211;va
B;G004833;4828;vanesa;nikole;carter;29;f;b;charlotte;dulin creek;10920;28215;
B;G004834;4829;kelly;l;butler;49;f;w;monroe;wolfe;3605;28110;
B;G004835;4830;anthony;;robinson;56;m;u;charlotte;dapple grey;10730;28213;nj
B;G004836;4831;angela;walker;hill;48;f;b;charlotte;millingport;12002;28273;nc
B;G004837;4832;charles;edward;keys;59;m;b;charlotte;colgate;8528;28214;nc
B;G004838;4833;lynn;christine;williams;29;f;w;charlotte;greenway;2225;28204;nc
B;G004839;4834;joel;david;nelson;35;m;w;charlotte;thompson;15513;28227;nc
B;G004840;4835;stefan;orlando;flores;29;m;w;charlotte;cottingham;5633;28211;ca
B;G004841;4836;george;dewey;mabes;28;m;w;eden;meadow;351;27288;nc
B;G004842;4837;walter;charles;shields;39;m;w;charlotte;garamond;6236;28270;ca
B;G004843;4838;ayana;renese;mclean;32;f;b;maxton;cottingham;706;28364;nc
B;G004844;4839;lisa;faye;baden;36;f;w;charlotte;challis hill;8938;28226;nc
B;G004845;4840;kiana;nekia;morrison;39;f;m;waxhaw;meadowsweet;523;28173;ny
B;G004846;4841;roberta;b;underhill;78;f;w;charlotte;dunaire;3121;28205;
B;G004847;4842;gary;j;kroeger;62;m;w;indian trail;courtfield;5347;28079;nj
B;G004848;4843;james;emory;vandiver;58;m;w;waxhaw;cowhorn branch;3008;28173;nc
B;G004849;4844;charles;robert;looney;72;m;w;charlotte;brookrun;900;28209;md
B;G004851;4845;taujauna;tugman;howard;55;f;b;matthews;caliterra;5013;28104;nc
B;G004852;4846;floyd;grant;stewart;46;m;w;green mountain;pound mill branch;91;28740;nc
B;G004853;4847;patricia;sue;zahn;61;f;w;matthews;blarney;956;28104;mi
B;G004855;4848;darryl;;rone;53;m;b;huntersville;sweetfield;6816;28078;tn
B;G004857;4849;brian;d;mobley;52;m;w;charlotte;crown hill;6301;28227;ar
B;G004858;4850;tina;h;vickers;51;f;w;charlotte;cassio;5716;28227;nc
B;G004859;4851;brian;w;koonce;42;m;w;charlotte;edindale;15011;28277;fl
B;G004860;4852;brodie;j;levadnuk;45;m;w;charlotte;donnegal farm;6412;28270;pa
B;G004861;4853;michelle;mcclure;magnotta;43;f;w;monroe;grayson;2601;28110;pa
B;G004862;4854;christina;hargrove;cahill;39;f;w;matthews;weddington matthews;4825;28104;nc
B;G004863;4855;nina;mclelland;smith;60;f;w;matthews;bradwyck;408;28105;tn
B;G004864;4856;daniel;sebastian;huffenus;54;m;w;waxhaw;iverson;1921;28173;nj
B;G004865;4857;kenneth;william;hannah;59;m;w;charlotte;laurel run;8221;28269;mi
B;G004866;4858;joanna;walker;holder;42;f;w;raleigh;ernesto;2031;27603;tx
B;G004867;4859;badeer;m;bizri;39;m;w;charlotte;lansdale;1833;28205;nc
B;G004868;4860;veleta;correll;reist;60;f;w;albemarle;us 52 hwy n;2326;28001;nc
B;G004869;4861;kelly;l;palmer;43;f;w;charlotte;waterford square;7709;28226;tn
B;G004871;4862;rajneesh;;pathak;53;m;a;matthews;blossom hill;4058;28104;
B;G004872;4863;kimya;lashawn;turner silver;43;f;b;charlotte;bending branch;12217;28227;va
B;G004873;4864;neha;amarnath;lala;43;f;o;charlotte;stone bunker;10607;28227;oc
B;G004874;4865;omari;lamonte;stewart;38;m;b;elizabeth city;ecsu;0;27909;nc
B;G004875;4866;sierra;denea;jackson;32;f;b;charlotte;deshler morris;3238;28216;
B;G004876;4867;michael;r;smith;34;m;w;charlotte;annalexa;10508;28277;sc
B;G004877;4868;jesse;boykin;kimmel;32;m;w;davidson;thompson;226;28036;nc
B;G004878;4869;amanda;jean;wilson;32;f;w;charlotte;eagle chase;4302;28216;va
B;G004879;4870;katherine;amanda;welsh;59;f;u;indian trail;mimosa;6706;28079;
B;G004880;4871;fahrudin;;ajanovic;49;m;w;matthews;james madison;1040;28104;
B;G004881;4872;matthew;lamar;burns;33;m;w;charlotte;town and country;4441;28226;ga
B;G004882;4873;sally;lackey;davenport;45;f;u;wilmington;cable car;6742;28403;
B;G004883;4874;kelly;mcentire;mcneill;35;f;w;charlotte;macquarie;9328;28227;nc
B;G004884;4875;duanette;elizabeth;watson;40;f;b;charlotte;willow ridge;9411;28210;nc
B;G004885;4876;kyle;matthew;anderson;42;m;w;charlotte;conestoga;724;28270;la
B;G004886;4877;catherine;ware;parillo;45;f;w;pineville;pelican bay;847;28134;nc
B;G004887;4878;melissa;c;endsley lawrence;37;f;b;charlotte;archdale;608;28217;ga
B;G004888;4879;lisa;lynn;keaton;43;f;w;charlotte;back creek church;3301;28213;nc
B;G004889;4880;miguel;angel;mauriz;31;m;o;matthews;forestmont;5112;28105;ca
B;G004890;4881;lydia;eulalia;monell tirado;59;f;o;charlotte;prospect;2124;28213;oc
B;G004891;4882;mary;anna;carson;86;f;w;charlotte;carmel;5512;28226;pa
B;G004892;4883;salvatore;;laterra;97;m;w;pineville;dorman;12920;28134;ny
B;G004893;4884;david;franklin;mcwhorter;28;m;w;charlotte;wandering way;1522;28226;nc
B;G004894;4885;gerri;;franchini;61;u;w;davidson;old meeting;712;28036;
B;G004895;4886;meshiyah;yaelyah;wilburn;35;f;b;raleigh;boundary;731;27604;ny
B;G004896;4887;asrat;yemane;kidane;46;m;b;charlotte;ayers orchard;5316;28227;
B;G004897;4888;vernon;earl;crawford;31;m;b;charlotte;magnolia hill;3321;28205;
B;G004898;4889;zachary;james;cox;37;m;w;matthews;elsmore;1006;28104;
B;G004899;4890;ricky;la rue;mays;55;m;b;charlotte;wynbrook;4523;28269;nc
B;G004900;4891;jacqueniah;tyriah;king;27;f;b;charlotte;kersey glen;1307;28216;nc
B;G004900;4892;jacqueniah;tyriah;king;27;f;b;charlotte;cayenne;9600;28214;nc
B;G004901;4893;keith;jacob;kaplan;48;m;w;charlotte;macandrew;5316;28226;il
B;G004902;4894;miguel;angel;jorge;26;m;o;indian trail;galena chase;2025;28079;ny
B;G004903;4895;trey;brandon;armstrong;25;m;b;charlotte;frank vance;4395;28216;fl
B;G004905;4896;casey;bailey;kreuziger;37;f;w;boone;potter;198;28607;fl
B;G004906;4897;maurice;;washington;42;m;b;charlotte;pheasant glen;2110;28214;va
B;G004907;4898;wanda;jo;gunn;62;f;w;charlotte;park;1812;28203;nc
B;G004908;4899;jason;matthew;king;43;m;w;monroe;dahlonega;2909;28110;nc
B;G004910;4900;jacob;alan;wittmer;30;m;w;charlotte;birch knoll;9930;28213;
B;G004912;4901;elizabeth;ayres;johnston;23;f;w;charlotte;jessica;12303;28269;fl
B;G004913;4902;courtney;;hackey;23;f;b;charlotte;rising oak;1319;28206;
B;G004915;4903;anna;lois;mccarthy;69;f;w;huntersville;old vermillion;14716;28078;pa
B;G004916;4904;layla;hunt;barrier;24;u;u;boone;oak;214;28607;nc
B;G004917;4905;charmaine;n;steele;26;f;b;charlotte;marett;8108;28269;
B;G004918;4906;tracie;kenley;brannon;29;f;w;chapel hill;paul hardin;445;27514;nc
B;G004919;4907;kristofer;alan;smith;39;m;w;charlotte;huntington meadow;10728;28273;ny
B;G004921;4908;sydney;marie;respass;26;f;b;charlotte;hendricks chapel;3023;28216;pa
B;G004922;4909;kieesha;dashonique;ben;24;f;b;charlotte;skip stone;1328;28214;
B;G004923;4910;mary;frances;ritten;33;f;a;goldsboro;ashby;202;27530;oc
B;G004924;4911;adriana;e;zurita;45;f;u;matthews;fredricksburg;609;28105;
B;G004925;4912;melinda;paganelli;clay;37;f;w;charlotte;tremont;125;28203;nj
B;G004926;4913;miles;barber;williams;20;m;w;charlotte;giverny;2701;28226;nc
B;G004927;4914;william;winston;bullock;55;m;w;charlotte;loch;2701;28226;nc
B;G004928;4915;william;paul;nunn;60;m;w;apex;wesley ridge;3716;27539;nj
B;G004929;4916;danny;lee;eakle;49;m;w;charlotte;south;1100;28203;wv
B;G004930;4917;lisa;anne duncan;hanami;32;f;b;carrboro;poplar;201;27510;
B;G004931;4918;cassandra;dohrman;miller;27;u;u;charlotte;fairview;5601;28209;
B;G004932;4919;latesha;marie;byrd;28;f;u;charlotte;matador;100;28209;nc
B;G004933;4920;alec;brandon;murphy;28;m;w;greenville;exchange;1920;27858;ny
B;G004934;4921;sandra;jean;austin;68;f;b;indian trail;flagstone;3100;28079;wv
B;G004935;4922;andrei;;nesmelov;25;m;w;charlotte;lucern;7212;28277;oc
B;G004936;4923;fred;alton;parker;90;m;w;matthews;mckirkland;1922;28105;nc
B;G004937;4924;jonathan;scott;whitaker;34;m;w;asheboro;filler rd;1346;27205;nc
B;G004939;4925;brittney;grace;eustache;31;u;b;charlotte;passour ridge;3323;28269;tx
B;G004939;4926;brittney;grace;eustache;31;f;b;charlotte;passour ridge;3323;28269;
B;G004940;4927;stephen;mark;bondurant;32;m;w;waxhaw;farmbrook;7809;28173;nc
B;G004941;4928;la quicha;ann;mubdi gray;32;f;b;henderson;lincoln;255;27536;md
B;G004942;4929;ashley;michelle;pope;27;f;w;raleigh;beech glen;8651;27617;co
B;G004943;4930;satonya;nicole;williams;33;f;b;charlotte;fox chapel;8300;28270;nc
B;G004944;4931;shaniah;lanae;powell;28;f;b;charlotte;carrington oaks;1941;28273;nc
B;G004945;4932;eric;christian;oms;52;m;w;charlotte;shady;2928;28208;ny
B;G004946;4933;sarah;lynn;baucom;40;f;w;charlotte;winthorp ridge;2201;28270;oc
B;G004947;4934;rachel;marie;ernsberger;32;f;w;charlotte;quail meadow;7457;28210;oh
B;G004948;4935;sara;reynolds;seremak;32;f;m;cary;barriedale;104;27519;dc
B;G004949;4936;amy;slice;shea;27;u;u;huntersville;pinnacle cross;8714;28078;
B;G004950;4937;jessica;elizabeth;hartman;33;f;u;waxhaw;appomatox;501;28173;pa
B;G004951;4938;june;mish e;cranford;70;f;w;star;bandy;690;27356;nj
B;G004952;4939;michael;lawrence;martinez;34;m;w;raleigh;trinity village;5201;27607;ca
B;G004953;4940;roland;theophilus;barnes;65;m;b;cornelius;squire s;10202;28031;
B;G004954;4941;sherrell;nicole;brown;32;f;b;charlotte;armour ridge;13613;28273;nc
B;G004955;4942;lane;russell;foushee;43;m;w;cary;harrison;411;27511;la
B;G004956;4943;donna;beth;adams;57;f;w;waxhaw;pine oak;8302;28173;nc
B;G004957;4944;carolyn;west;jones;57;f;u;wilmington;oriole;5127;28403;
B;G004958;4945;kevin;;johnson;45;m;b;salisbury;13th;217;28144;ny
B;G004961;4946;jean;m;devries;84;f;w;raleigh;steinbeck;1109;27609;mi
B;G004962;4947;indya;cavette;russ;32;f;b;lumberton;alamac;4344;28358;pa
B;G004963;4948;jenna;kathleen;thornberg;30;f;w;boone;darby;108;28607;ct
B;G004964;4949;khalund;thomas;williams;35;m;b;richlands;francktown;298;28574;ct
B;G004965;4950;brenda;kay;richardson;36;f;b;salisbury;standish;1614;28144;nc
B;G004967;4951;latisha;christine;hood;41;u;b;monroe;capstone;4707;28110;
B;G004968;4952;diane;lee brown;bishop;48;f;w;charlotte;burkston;3220;28269;ny
B;G004969;4953;kia;jean;ellington;48;f;b;charlotte;glenfiddich;1108;28215;
B;G004970;4954;david;jerome;littman;56;u;b;charlotte;callahan mill;11445;28213;
B;G004971;4955;dana;robbins;smith;40;f;w;cornelius;danesway;10415;28031;sc
B;G004972;4956;sherri;belles;yager;49;f;w;charlotte;mahonia;10317;28277;pa
B;G004973;4957;antonio;rakeem;sturdivant;28;m;b;charlotte;pamlico;1109;28205;nc
B;G004974;4958;jessica;lanee bennett;stafford;33;f;w;charlotte;taos;12209;28277;tn
B;G004975;4959;rajani;thellapalli;reddy;47;f;a;indian trail;elk;3704;28079;oc
B;G004976;4960;karen;ann;ragosta;49;f;w;monroe;latimer;607;28110;ny
B;G004977;4961;vanessa;elise;venning;50;f;b;raleigh;brown owl;1701;27610;ga
B;G004978;4962;lindon;outten;alexander;89;m;w;charlotte;sharon;5100;28210;va
B;G004979;4963;christopher;bradley;hoyle;33;m;w;charlotte;courtney landing;1725;28217;sc
B;G004980;4964;sharon;lynn;wilkinson;47;f;w;indian trail;carolina manor;5902;28079;nc
B;G004981;4965;christie;peeler;garella;35;u;u;charlotte;rutledge;1125;28211;
B;G004982;4966;joseph;carthell;burkett;62;m;w;charlotte;quail ridge;5108;28227;nc
B;G004983;4967;tameisha;yvette;bell;44;f;b;charlotte;hackberry grove;4650;28269;co
B;G004985;4968;leslie;anne;pack;38;f;w;charlotte;queens;226;28204;wv
B;G004986;4969;katherine;stewart;dewitt;33;f;w;charlotte;sablewood;2021;28205;nc
B;G004988;4970;wendy;suzanne;franklin;56;f;w;norwood;gaddys ferry;4524;28128;nc
B;G004989;4971;katharine;shuster;correll;35;f;w;charlotte;greentree;1037;28211;
B;G004990;4972;shee;yee;yang;33;m;a;charlotte;dupont;6505;28217;oc
B;G004991;4973;eman;mahmud;mahmud;30;f;o;matthews;brenham;914;28105;ny
B;G004992;4974;ieisha;d;simmons;27;f;b;charlotte;bonita vista;6806;28227;tx
B;G004993;4975;nicole;veronica;richardson;22;f;m;huntersville;windy lea;13014;28078;nh
B;G004994;4976;kyerra;myree;gibson;24;f;b;charlotte;meadow knoll;3012;28269;pa
B;G004995;4977;ross;john;macdonald;28;m;w;wilmington;suite service lp;5220;28403;nc
B;G004996;4978;benjamin;james;mcguire;29;m;w;charlotte;heath ridge;6148;28210;
B;G004997;4979;aubrey;jonrichard;elam;20;m;w;boone;pine;305;28607;nc
B;G004998;4980;stephanie;boatmaa;ntim;21;f;b;waxhaw;funny cide;1506;28173;
B;G004999;4981;kriti;;yadav;27;f;a;greenville;exchange;1921;27858;
B;G005000;4982;camari;marshae;hairston;22;f;b;charlotte;stanton;6414;28216;
B;G005001;4983;alexandre;robert;penegre;25;m;w;wilmington;sunnybranch;3029;28411;oc
B;G005002;4984;carmen;grace;harbin;30;f;w;pineville;shale;14317;28134;tn
B;G005003;4985;timothy;allen;faugl;30;m;w;raleigh;avent;1041;27606;sc
B;G005004;4986;ashley;nicole;smith;39;f;w;charlotte;tiergarten;2720;28210;nc
B;G005005;4987;julie;ann;filter;35;f;w;matthews;paces;10520;28105;pa
B;G005006;4988;rene;;couret;39;f;m;charlotte;southwest;3112;28216;ca
B;G005007;4989;jesse;nunley;edwards;27;m;w;greenville;wright;1013;27858;dc
B;G005008;4990;perla;samantha;castro;22;f;w;boone;eric;214;28607;ca
B;G005009;4991;harriet;h;ferguson;72;f;w;charlotte;vescova;5000;28212;sc
B;G005011;4992;suzann;m;alt;61;f;w;charlotte;elm forest;6819;28212;oh
B;G005012;4993;barbara;c;nowlan;58;f;w;charlotte;donna;6055;28213;
B;G005013;4994;jeffrey;p;drummond;58;m;w;charlotte;camelback;10441;28226;
B;G005015;4995;glenn;emory;bouley;48;m;w;charlotte;regena;15214;28278;al
B;G005016;4996;elizabeth;ann;upchurch;63;f;w;albemarle;moss springs;1509;28001;ks
B;G005017;4997;john;a;marino;74;m;w;charlotte;brook crossing;2202;28212;wv
B;G005018;4998;ross;f;brigman;90;m;w;charlotte;denning;665;28227;nc
B;G005019;4999;michael;steven;blackwell;57;m;m;charlotte;chestnut;1811;28205;pa
B;G005020;5000;william;d;robinson;51;m;b;charlotte;college;945;28206;ne
B;G005021;5001;shelia;r;jackson;40;f;b;charlotte;mt kisco;1313;28213;nc
B;G005022;5002;thomas;francis;coughlin;61;m;w;charlotte;indian meadows;3311;28210;
B;G005023;5003;pattiann;;frinzi;67;f;w;charlotte;queens;1300;28207;wi
B;G005024;5004;robert;;silva;50;m;u;charlotte;willow bend;10402;28210;
B;G005025;5005;john;d;leo;97;m;w;charlotte;spindletop;7813;28277;ny
B;G005026;5006;carrie;leigh rodman;brondyke;41;f;w;waxhaw;methodist church;3722;28173;il
B;G005027;5007;desmond;f;goss;32;m;b;raleigh;crab orchard;1321;27606;ny
B;G005028;5008;tammy;renee;brock;39;f;w;pineville;pineville forest;345;28134;nc
B;G005029;5009;charles;eric;chandler;43;m;b;charlotte;wills;4407;28227;ny
B;G005030;5010;rebecca;debuhr;jones;42;f;w;waxhaw;wesley glen;6702;28173;va
B;G005031;5011;janine;marie;kube;56;f;w;archdale;parkview;112;27263;mi
B;G005032;5012;richard;antonio;wofford;43;m;b;charlotte;moretz;1324;28206;nc
B;G005033;5013;lauren;graham;kaczmarski;33;f;w;waxhaw;verrazano;5505;28173;nc
B;G005034;5014;prashant;ravi;rao;41;m;a;charlotte;bishop crest;9019;28277;nc
B;G005035;5015;jennifer;mcclure;costanzo;34;f;w;holly springs;brookberry;221;27540;nc
B;G005036;5016;thuy;bich;tran;34;f;a;chapel hill;beaver dam;102;27514;oc
B;G005037;5017;max;a;diggs;57;m;w;matthews;hunters bluff;2307;28105;nc
B;G005038;5018;martin;vitaya;mitravijarn;37;m;w;stanfield;sedgefield;10142;28163;nc
B;G005039;5019;debra;b;gallagher;60;f;w;charlotte;blakeney heath;9627;28277;nc
B;G005040;5020;adam;c;allen;32;m;w;mooresboro;kanipe ranch;262;28114;tx
B;G005041;5021;lauren;schweppe;hoegler;38;f;w;huntersville;parsons ridge;15027;28078;in
B;G005042;5022;saulo;ricardo;guarin;39;m;m;charlotte;foxhaven;11366;28277;ny
B;G005043;5023;tamara;a;wrobleski;57;f;w;charlotte;chanticleer;115;28214;oh
B;G005044;5024;corinne;e;zeller;39;f;w;chapel hill;conner;212;27514;ca
B;G005045;5025;justin;marshall;mauney;24;m;w;raleigh;twisted oaks;4611;27612;
B;G005046;5026;kanvas;leach;brown;48;f;b;charlotte;royston;3010;28208;nc
B;G005047;5027;yacine;njiki;graham;39;f;b;charlotte;lucky horseshoe;11007;28277;dc
B;G005048;5028;ricardo;;morales;47;m;o;charlotte;dunbritton;14165;28277;ny
B;G005049;5029;shardisa;renae;benjamin;24;f;b;charlotte;hilo;418;28206;
B;G005050;5030;allison;jennifer;young;37;f;w;chapel hill;estes;250;27514;nc
B;G005054;5031;andrew;edward;bennett;24;m;w;greenville;williamsburg;208;27858;nc
B;G005055;5032;john;sutter;curtiss;30;m;w;matthews;elmsford;1416;28105;tx
B;G005056;5033;arthur;emil;townend;20;m;w;wilmington;appleton;4021;28412;il
B;G005057;5034;andrea;renee;smith;32;f;w;salisbury;faith farm;400;28146;ga
B;G005059;5035;gregory;franklin;abbott;34;m;w;charlotte;saintfield;2727;28270;nc
B;G005061;5036;michael;richard;krasuski;19;m;w;chapel hill;hansen creek;105;27516;nc
B;G005063;5037;nicholas;;brummitt;21;m;w;charlotte;black fox;5522;28269;nc
B;G005064;5038;braulio;;culcay;23;m;u;huntersville;bryton;11216;28078;ny
B;G005065;5039;viola;sanders;winecoff;91;f;w;waxhaw;will plyler;6022;28173;sc
B;G005066;5040;mabelene;d;young;70;f;b;charlotte;julep;2718;28273;
B;G005068;5041;james;donald;boley;61;m;w;matthews;kidwelly;7038;28104;fl
B;G005069;5042;alexandra;victoria;belk;35;f;w;charlotte;lisa;7541;28215;nc
B;G005070;5043;stephen;brice;turner;47;m;w;charlotte;winslow hills;13314;28278;sc
B;G005071;5044;stephanie;sparrow;sackel;40;f;w;charlotte;shadow oaks;8011;28269;nc
B;G005072;5045;michael;alan;bode;42;m;w;charlotte;kentdale;6527;28270;in
B;G005073;5046;william;christopher;harrison;38;m;o;charlotte;erin taylor;411;28206;
B;G005074;5047;robert;drew;minton;28;u;u;matthews;rock hill church;617;28104;
B;G005075;5048;kimberly;felts;castro;37;f;w;charlotte;alvarado;10345;28277;nc
B;G005076;5049;tameki;rashuan;rhodes christian;43;f;b;charlotte;choyce;1601;28217;ak
B;G005078;5050;shane;adrian;lunsford;45;m;w;charlotte;crosshaven;16821;28278;nc
B;G005079;5051;takieah;johnson;flax;35;f;b;charlotte;silvermere;4137;28269;nc
B;G005080;5052;camille;forrester;edwards;60;f;o;charlotte;park;301;28203;fl
B;G005081;5053;kathleen;marie;colpaert;59;f;w;monroe;nottingham;2606;28110;nj
B;G005082;5054;mary;katherine;koscielniak;36;f;w;rolesville;shefford town;810;27571;mi
B;G005083;5055;isabelle;kelly;voler;24;f;w;charlotte;walker;4808;28211;nc
B;G005084;5056;erika;leaset;toledo;27;f;o;charlotte;pearl;518;28262;tx
B;G005085;5057;zain;;akhter;29;m;a;raleigh;friendly;111;27607;oc
B;G005086;5058;dorothy;abigail;shuler;41;u;w;charlotte;wyanoke;100;28205;
B;G005087;5059;scott;evan;daniels;28;m;w;charlotte;spindle;910;28206;nc
B;G005087;5060;scott;evan;daniels;28;m;w;stanfield;nc 200 hwy s;8409;28163;nc
B;G005088;5061;james;louis;chavies;67;m;b;charlotte;daybreak;4819;28269;ca
B;G005089;5062;ashley;jade;bouchelle;27;f;w;charlotte;plum creek;10301;28210;nc
B;G005090;5063;brian;anthony;harkins;34;m;w;raleigh;marsh;309;27606;mi
B;G005091;5064;nancy;ann;summers;66;f;w;charlotte;kelso;10233;28278;wi
B;G005093;5065;holly;m;curtis;45;f;w;raleigh;memory;3713;27604;ny
B;G005094;5066;hannah;;monaghan;27;f;w;charlotte;fairview;5617;28209;oh
B;G005095;5067;joseph;morris;salber;20;m;w;huntersville;friarsgate;10403;28078;
B;G005096;5068;molly;elizabeth;sutherland;27;f;w;charlotte;7th;1925;28204;or
B;G005097;5069;benjamin;james;coleman;33;m;w;raleigh;viewcrest;5306;27606;
B;G005098;5070;michelle;marie;crovo;35;f;w;indian trail;gold nugget;1104;28079;oh
B;G005099;5071;james;michael;gaul;33;m;w;boone;woodhaven;364;28607;nj
B;G005100;5072;ali;mutasim;elbireer;51;m;o;waxhaw;churchill downs;1110;28173;oc
B;G005101;5073;demoreo;lamontray;cunningham;30;m;b;charlotte;canipe;4516;28269;nc
B;G005103;5074;kelli;joan;wofford;24;f;w;wilmington;market;1902;28403;nc
B;G005104;5075;david;taylor;clemmons;35;m;w;charlotte;eastover ridge;3212;28211;nc
B;G005105;5076;muhammad;nadeem;khan;56;m;a;cornelius;train station;18027;28031;
B;G005105;5077;muhammad;nadeem;khan;56;m;a;holly springs;eno;100;27540;oc
B;G005106;5078;carol;eugenia;wilson;79;f;w;huntersville;ashby glen;7818;28078;nc
B;G005107;5079;yanire;araujo;hands;50;f;o;wilmington;lightning whelk;431;28412;ny
B;G005108;5080;stephanie;grace;earl;28;f;w;greenville;bostic;4350;27834;nc
B;G005109;5081;hiba tul kareem;;sayed;35;m;a;charlotte;mirow;2117;28270;oc
B;G005110;5082;rhabiya;;alhassan;20;f;b;charlotte;spurwig;9516;28278;nc
B;G005111;5083;blake;joseph;richardville;27;m;w;huntersville;glassfield;17235;28078;oh
B;G005113;5084;trevonne;andrea;cuffee;32;f;b;raleigh;berry creek;5420;27613;va
B;G005114;5085;teresa;;stewart;41;f;w;matthews;maple shore;4010;28104;ca
B;G005115;5086;charles;christopher;pflum;34;m;w;waxhaw;crane;2607;28173;nc
B;G005117;5087;alexander;ivan;krnic;38;m;w;matthews;joseph;3420;28105;ct
B;G005118;5088;nicholas;joseph;dugdale;26;m;w;charlotte;cross country;2801;28270;ct
B;G005119;5089;eli;thomas;grimland;31;u;u;wilmington;crete;422;28403;tx
B;G005120;5090;natalee;;nieves;29;f;o;charlotte;endolwood;5002;28215;ny
B;G005121;5091;jennifer;jan;flaherty;31;f;w;charlotte;palm;3020;28205;co
B;G005122;5092;jeffrey;matthew;madenford;31;m;w;charlotte;valley ridge;1018;28214;pa
B;G005123;5093;christian;josue;maldonado;24;m;o;charlotte;university city;9201;28223;
B;G005124;5094;david;astor;feigelman;53;m;w;charlotte;silvaire farm;12803;28278;ga
B;G005125;5095;jennifer;mckay;debeers;35;f;w;charlotte;wet stone;2708;28208;nh
B;G005127;5096;claire;alayne;dudley;22;f;w;cornelius;colony point;20236;28031;ut
B;G005128;5097;laurie;janine;halley;52;f;o;charlotte;blackmuir wood;4531;28270;ca
B;G005131;5098;shamarion;drummer;attaway;29;f;b;charlotte;killarney;2106;28262;nc
B;G005132;5099;erin;lambeth;caldwell;48;f;w;huntersville;holly springs;14619;28078;nc
B;G005133;5100;breanna;marie;ponzi;27;f;w;goldsboro;handley acres;506;27534;nc
B;G005134;5101;kashley;renee;kishforth;22;u;u;charlotte;beatties ford;100;28216;
B;G005135;5102;keosha;monique;williams;26;u;b;charlotte;prestigious;2211;28269;
B;G005136;5103;amanda;leigh;capps;35;f;w;cary;sunstone;303;27519;va
B;G005137;5104;philip;matthew;daniel;31;m;w;charlotte;walnut;910;28208;pa
B;G005138;5105;maria goretti;chidimma;ukattah;30;f;b;charlotte;north wind;1648;28210;
B;G005139;5106;taylor;michelle;payne;25;f;m;charlotte;fox swamp;8227;28215;nc
B;G005140;5107;jeramy;donte;sinclair;37;m;b;charlotte;creekwood quorum;7324;28212;nc
B;G005141;5108;vida;hongn gu;zhao;54;f;a;waxhaw;cutters spring;8608;28173;
B;G005142;5109;deborah;ann;fisher;36;f;w;charlotte;arista;7122;28214;md
B;G005143;5110;frances;dwight;faison;71;f;w;wilmington;breezewood;4118;28412;nc
B;G005145;5111;james;b;linder;88;m;w;charlotte;34th;1215;28205;
B;G005146;5112;solomon;emeruo;oduh;34;m;b;charlotte;via romano;5644;28270;ms
B;G005149;5113;ryan;john;schuetz;34;m;w;charlotte;commons crossing;17222;28277;nd
B;G005150;5114;travoye;maurice;mccray;51;m;b;charlotte;otter creek;9000;28277;ct
B;G005151;5115;daniel;kumar;sircar;28;m;m;chapel hill;park;106;27514;nc
B;G005152;5116;john;david;wallace;49;m;w;matthews;freemont;446;28105;pa
B;G005154;5117;victoria;susan;tomeo;29;f;w;cary;modena;400;27513;ny
B;G005155;5118;devin;myrick;devine;44;m;w;charlotte;bearwood;4027;28205;nc
B;G005156;5119;jennifer;;lizotte;47;f;w;huntersville;lavenham;16039;28078;
B;G005157;5120;randy;lewis;green;41;m;b;charlotte;carrington;921;28214;nc
B;G005158;5121;kevin;lawrence;warner;61;m;b;charlotte;village brook;1905;28210;ny
B;G005159;5122;phillip;weaver;henderson;39;m;w;charlotte;ridgeway;315;28204;oh
B;G005160;5123;jennifer;lynn;myers;40;f;w;locust;ridgecrest;24520;28097;wi
B;G005161;5124;christopher;donald;thomas;47;m;w;apex;kelly west;309;27502;ga
B;G005162;5125;detrick;jermaine;daniel;37;m;b;charlotte;damascus;1724;28213;nc
B;G005163;5126;crystal;;satterwhite;36;f;b;charlotte;greenway crescent;1107;28204;
B;G005164;5127;joanna;paige;nethery;32;f;u;boone;bowie dorm;0;28608;nc
B;G005165;5128;tamiah;savon;davis;24;f;b;wake forest;lee;314;27587;nc
B;G005166;5129;lauren;michelle;staley;33;f;w;millers creek;hollygreen;201;28651;nc
B;G005168;5130;alisa;tisdale;ewald;33;f;w;charlotte;wensley;2227;28210;sc
B;G005169;5131;robert;michael;wint;57;m;w;matthews;song sparrow;3701;28104;pa
B;G005170;5132;taylor;nicole;daniel;28;f;w;matthews;sweetgum;1416;28105;sc
B;G005171;5133;sean;christopher;radler;30;m;w;huntersville;merry chase;13410;28078;mi
B;G005172;5134;lauren;claire;baker;22;f;w;oriental;straight;635;28571;nc
B;G005173;5135;jane;stewart;hatfield;41;f;w;charlotte;pintail;10114;28269;
B;G005174;5136;quentin;marcel;yelverton;30;m;b;charlotte;statesville;3410;28206;nc
B;G005175;5137;cameron;michael;hryb;20;m;w;raleigh;swisswood;5024;27613;
B;G005176;5138;catherine;retha;whitney;29;f;w;charlotte;piney grove;3213;28212;oh
B;G005177;5139;lauren;gray;summers;36;f;w;chapel hill;raleigh;281;27514;nc
B;G005178;5140;ginny;johnson;lewis;27;f;w;asheboro;westmont;749;27205;nc
B;G005179;5141;timothy;edward;hudome;18;m;w;boone;hardin cannon dorm;286;28608;nc
B;G005180;5142;charlie;ashton;cox;24;m;w;huntersville;holly crest;16403;28078;nc
B;G005182;5143;christopher;scott;broach;46;m;w;matthews;cross point;2538;28105;tx
B;G005185;5144;andrew;fetzer;hopkins;48;m;w;indian trail;semmes;1001;28079;md
B;G005186;5145;william;clifford;coley;42;m;w;raleigh;grand manor;4108;27612;nc
B;G005187;5146;nadia;monique;burris;31;f;b;charlotte;century oaks;2337;28262;nc
B;G005188;5147;brittany;lynn;banik;29;f;w;monroe;mallard landing;1124;28110;az
B;G005189;5148;khari;edward;smith;40;m;b;charlotte;block house;5017;28277;wa
B;G005190;5149;ronald;jason;wheeler;40;u;u;charlotte;sugar creek;1071;28213;
B;G005191;5150;robert;cole;roe;29;m;w;apex;goldspot;1300;27502;sc
B;G005192;5151;debra;l;bloom;58;f;w;monroe;commerce;2159;28110;ny
B;G005193;5152;matthew;everett;lee;27;m;w;wilmington;wilshire;4009;28403;nc
B;G005194;5153;kristen;noel;mcculloch;37;f;w;wilmington;racine;407;28403;wv
B;G005195;5154;eric;michael;metcalf;34;m;w;boone;campus ridge;155;28607;nc
B;G005197;5155;loretta;lasonya;parker;34;f;b;charlotte;graham;626;28202;nc
B;G005199;5156;shari;ann;kissinger;52;f;w;matthews;jared;3543;28105;mi
B;G005200;5157;kathleen;megan;fleming;35;f;w;charlotte;buckingham;4807;28209;fl
B;G005201;5158;samantha;mcrobert colosi;edwards;47;f;w;charlotte;kingscote;4005;28226;dc
B;G005202;5159;michael;leon;bryant;49;m;b;aurora;big hill;710;27806;nc
B;G005203;5160;craig;andrew;leffew;37;m;w;rutherfordton;woods end;138;28139;in
B;G005204;5161;joshua;foretich;colenda;26;m;w;cornelius;willow pond;20605;28031;va
B;G005205;5162;adam;abdelaal;elmehrath;28;m;o;cary;ellynn;701;27511;nj
B;G005206;5163;elwood;dean;stanton;96;m;w;monroe;ruben;2820;28112;pa
B;G005207;5164;douglas;chad;mcduffie;29;m;b;charlotte;chuck hollow;4319;28277;nc
B;G005208;5165;elijah;rahim;mills;20;m;m;blowing rock;bloomfield;237;28605;nc
B;G005210;5166;naeem;;ashraf;49;m;a;morrisville;stardale;139;27560;oc
B;G005211;5167;benjamin;wallace;gwathmey;31;m;w;charlotte;draper;3324;28205;va
B;G005212;5168;larissa;lashea;cambel;28;u;m;charlotte;oakbrook;10116;28210;
B;G005213;5169;patrick;sean;nally;31;m;w;raleigh;holden;701;27604;va
B;G005215;5170;martha;mallory;clay;33;u;u;cornelius;flying jib;16811;28031;
B;G005216;5171;baker;brown;forbes;29;f;w;charlotte;colony;4615;28226;al
B;G005217;5172;branden;montrell;lee;28;m;b;indian trail;spanish moss;1014;28079;il
B;G005218;5173;elisabeth;forrest;ward;29;f;w;wilmington;reed;4317;28405;
B;G005218;5174;elisabeth;forrest;ward;29;f;w;wilmington;reed;4317;28405;nc
B;G005219;5175;anne;sterling;murchison;36;f;w;charlotte;ebb;600;28210;
B;G005220;5176;lesley;ann;tait;62;f;w;salisbury;catawba;435;28147;
B;G005221;5177;elizabeth;shaw;murray;33;f;w;chapel hill;joyner dorm;207;27514;nc
B;G005222;5178;jason;stuart;lubeznik;33;m;w;charlotte;aronomink;6738;28210;va
B;G005223;5179;laura;beth;walters;32;f;w;raleigh;sheffield;2237;27610;nc
B;G005224;5180;paula;nance;sanders;49;f;w;monroe;mcmanus;3810;28112;
B;G005225;5181;devki;v;gharpure;33;f;a;cary;cricketfield;800;27518;oc
B;G005226;5182;casey;lee;mcclure;36;f;w;charlotte;gum branch;173;28214;nc
B;G005227;5183;deshaun;alfonce;colomb;28;m;o;charlotte;kings ridge;7515;28217;ct
B;G005228;5184;adam;christopher;young;33;m;w;apex;avoncroft;105;27502;ar
B;G005229;5185;carsi;;tong;26;f;a;raleigh;hargett;708;27603;nc
B;G005230;5186;anita;sue;brandau;51;f;i;waxhaw;shaker pond;8015;28173;
B;G005231;5187;sara;elizabeth;guastaferro;36;f;w;huntersville;dryburgh;14227;28078;tx
B;G005232;5188;rex;carl;gundle;57;m;w;charlotte;golden leaf;10400;28277;ny
B;G005233;5189;douglas;mclean;mcgarry;29;m;u;raleigh;fraternity;2409;27606;nc
B;G005235;5190;jamie;barlaan;stepanek;29;f;o;charlotte;saddlewood;5431;28227;il
B;G005236;5191;paul;bruce;papazis;22;m;w;charlotte;weavers glenn;145;28262;nc
B;G005237;5192;david;michael;martin;30;m;w;charlotte;woodberry;1332;28212;co
B;G005238;5193;veronica;antoinette;burkhart;22;f;w;huntersville;riverside oaks;6309;28078;va
B;G005239;5194;john;james;lanze;56;m;w;charlotte;fort;2541;28205;ny
B;G005240;5195;charles;;mandizha;47;m;b;winterville;stone wood;1904;28590;oc
B;G005241;5196;daniel;;everhart;32;m;w;charlotte;davidson;3310;28205;
B;G005242;5197;stephen;mccrae;sloan;29;m;w;mt olive;chestnut;615;28365;nc
B;G005243;5198;ana;lynne;townsend;34;f;w;raleigh;townesbury;4606;27612;nc
B;G005244;5199;matthew;alan;carslaw;31;m;w;wilmington;4th;709;28401;oc
B;G005245;5200;christopher;michael;elsaesser;33;m;w;spruce pine;hannah;205;28777;nc
B;G005246;5201;wesley;edwin;pipes;36;m;w;bakersville;stagger weed;263;28705;il
B;G005247;5202;undre;dajuan;ross;45;m;b;reidsville;lawndale;806;27320;nj
B;G005248;5203;colleen;suzzanne;clark;54;f;w;midland;mattie;12408;28107;in
B;G005249;5204;jennifer;brown;christy;57;f;w;china grove;shue;406;28023;
B;G005250;5205;henry;nicholas;mcgovern;64;m;w;new london;lake shore;1252;28127;de
B;G005251;5206;steven;gene;lamonds;45;m;w;albemarle;pennington;1402;28001;nc
B;G005252;5207;marvin;lee;bennett;64;m;a;rockingham;shannon;171;28379;nc
B;G005252;5208;marvin;lee;bennett;64;m;i;raleigh;new bern;1901;27610;
B;G005254;5209;vincent;l;scott;43;m;b;candor;cemetery;1944;27229;nc
B;G005255;5210;patricia;mauldin;mccormick;67;f;w;ellerbe;clayton carriker;155;28338;nc
B;G005257;5211;faye;a;dye;53;f;b;mt gilead;white tail;127;27306;nc
B;G005258;5212;chelsea;;bowden;28;f;b;mt gilead;stanback;321;27306;nc
B;G005259;5213;sylvia;rouse;sain;74;f;w;troy;warner;546;27371;nc
B;G005260;5214;keith;j;adams;33;m;b;mt gilead;allenton;119;27306;ny
B;G005261;5215;leslie;biddie;bromfield;81;m;u;mt gilead;montview;146;27306;
B;G005262;5216;james;allen;davis;65;m;w;wingate;old williams;810;28174;
B;G005263;5217;tyler;warren;brock;27;m;w;troy;cardinal;323;27371;nc
B;G005264;5218;allison;leigh;lemonds;28;f;w;biscoe;freeman;187;27209;nc
B;G005265;5219;marvin;glenn;bell;79;m;b;aberdeen;bradford;511;28315;tx
B;G005266;5220;see;;vang;31;f;a;mt gilead;ingold;432;27306;nc
B;G005267;5221;bobbie;nunley;johnson;51;f;w;mt gilead;cherokee;108;27306;nc
B;G005268;5222;timothy;randall;nichols;33;m;w;robbins;hemp street;175;27325;nc
B;G005269;5223;carol;ann;gird;68;f;w;albemarle;depot;232;28001;ny
B;G005270;5224;ann;marie;eggleston;72;f;w;lake lure;kens rock;141;28746;mn
B;G005271;5225;moeina;rachelle;green;23;f;b;norman;nc 73;371;28367;nc
B;G005272;5226;mary;doris;murchison;57;f;b;southern pines;cox;155;28387;nc
B;G005273;5227;christopher;wayne;jackson;46;m;w;carthage;vass carthage;2085;28327;nc
B;G005274;5228;cassandra;lashawn;williams;38;f;b;goldsboro;us 13;3548;27534;nc
B;G005276;5229;donnie;edward;shaffer;42;m;w;southern pines;murray hill;186;28387;nc
B;G005277;5230;kevin;christopher;atwell;36;m;w;carthage;bingham;108;28327;nc
B;G005278;5231;janna;renee;williams;30;f;w;eagle springs;hidden lakes;211;27242;nc
B;G005279;5232;ray;thomas;mahon;67;m;w;carolina beach;carolina sands;932;28428;pa
B;G005280;5233;harriett;yvette;thompson;45;f;b;southern pines;loden;154;28387;nc
B;G005281;5234;deeca;donee;miller;47;f;b;southern pines;gaines;472;28387;dc
B;G005282;5235;shannon;elizabeth;orwin;49;f;w;carthage;dundee;109;28327;va
B;G005283;5236;meredith;rochelle;roberts;45;f;w;zionville;castle;119;28698;nc
B;G005284;5237;anthony;neil;garner;40;m;w;robbins;browns mill;292;27325;nc
B;G005285;5238;cheanna;yachica;dowd;34;f;b;aberdeen;spring meadows;320;28315;nc
B;G005286;5239;denise;jolynn;rivers;63;f;b;carthage;grady w;190;28327;ne
B;G005287;5240;carmen;;villaronga;55;f;w;seven lakes;lancashire;162;27376;fl
B;G005288;5241;broadus;m;riggins;58;m;w;raleigh;andrea;8111;27613;nc
B;G005289;5242;jeremiah;alexander;rickman;31;m;w;salisbury;birch;1218;28146;nc
B;G005290;5243;anita;hope rochelle;deegan;75;f;w;laurinburg;coble;12741;28352;nj
B;G005291;5244;robin;carol culler;cunningham;56;f;w;randleman;w o w;2880;27317;nc
B;G005292;5245;sydney;sharon;brown;84;f;w;southern pines;garden villa;46;28387;il
B;G005293;5246;britney;shawn;elliott;36;f;w;pinehurst;tandem;10;28374;wa
B;G005294;5247;shirley;wooten;dowd;57;f;b;carthage;currie;803;28327;nc
B;G005295;5248;nicholas;eugene;mcneill;39;m;w;aberdeen;allen;300;28315;il
B;G005296;5249;christine;marie;horton;36;f;b;pinebluff;clyburn;125;28373;nc
B;G005297;5250;jarvis;raynor;ferguson;36;m;b;southern pines;connecticut;1245;28387;ny
B;G005298;5251;caroline;leeanne;gallagher;28;f;w;southern pines;ridge;570;28387;nc
B;G005299;5252;danielle;erin;knutson;29;f;w;chapel hill;booker creek;2525;27514;sd
B;G005300;5253;john;william;hunt;92;m;w;pinehurst;morganton;1600;28374;ok
B;G005301;5254;beverly;zhalontay;butler;40;f;b;rockwell;west park;640;28138;nc
B;G005302;5255;tara;shenell;thompson;33;f;b;goldsboro;spence;702;27534;nc
B;G005303;5256;hannah;noelle;bethune;29;f;w;carthage;sands;249;28327;nc
B;G005304;5257;evelyn;champ;mead;96;f;w;southern pines;tanglewood;43;28387;ny
B;G005306;5258;katannya;;patterson;64;f;w;cary;harbor creek;225;27511;mn
B;G005308;5259;john;jacob;heckman;83;m;w;apex;greymoss;5252;27539;pa
B;G005310;5260;james;lee;wilkinson;53;m;w;raleigh;casona;2811;27616;oc
B;G005311;5261;hattie;lee;hammonds;42;f;b;southern pines;illinois;365;28387;nc
B;G005312;5262;jean;smith;hill;70;f;w;seven lakes;winsford;110;27376;nc
B;G005313;5263;leah;kristin;beers;21;f;w;greenville;greene hall;603;27858;ny
B;G005314;5264;deirdre;a;donoghue;55;f;w;raleigh;cart track;7712;27615;ny
B;G005315;5265;michael;peter;casey;50;m;w;carthage;duchess;116;28327;ny
B;G005316;5266;theresa;nelson;rogers;51;f;w;rockingham;fairway;121;28379;il
B;G005317;5267;kevin;kayron;riley;28;m;b;jacksonville;westminister;112;28540;nj
B;G005318;5268;nakisha;michelle;lindsey;39;f;b;rocky mount;raleigh;1595;27803;nc
B;G005318;5269;nakisha;michelle;lindsey;39;f;b;seaboard;peanut market;414;27876;nc
B;G005319;5270;matthew;charles;kannan;33;m;w;nashville;golfers;612;27856;nc
B;G005320;5271;jessica;marie;joyner;32;f;w;elm city;nc 58;7641;27822;nc
B;G005321;5272;therese;madeleine;finn;67;f;w;greenville;treybrooke;310;27834;nh
B;G005322;5273;gerald;;williams;39;m;b;spring hope;dalmar;3304;27882;nc
B;G005323;5274;christopher;timothy;watson;27;m;w;raleigh;fairsted;3950;27612;nc
B;G005323;5275;christopher;timothy;watson;27;m;w;raleigh;knickerbocker;3924;27612;nc
B;G005324;5276;yul;;wells;57;m;b;rocky mount;raleigh;1465;27803;ny
B;G005325;5277;essence;tikeria;henderson;24;f;b;rocky mount;haggerty;704;27803;
B;G005326;5278;dorcas;w;foy;69;f;b;spring hope;poplar;205;27882;nc
B;G005327;5279;roy;junior;lowrance;71;m;w;nashville;pleasant grove church;2775;27856;sc
B;G005328;5280;nathan;charles;webb;37;m;w;nashville;crescent meadows;1101;27856;tx
B;G005329;5281;natasha;sharie;bulluck;35;f;b;rocky mount;greystone;3400;27804;nc
B;G005329;5282;natasha;sharie;bulluck;35;f;b;garner;parrish manor;4108;27529;nc
B;G005330;5283;deborah;delores;kirby;59;f;b;nashville;taylors store;1066;27856;nc
B;G005331;5284;margaret;brittany;stone pruitt;32;f;w;greenville;ellsworth;3357;27834;nc
B;G005331;5285;margaret;brittany;stone pruitt;32;f;w;greenville;ellsworth;3357;27834;nc
B;G005332;5286;ervin;lee;norville;69;m;w;battleboro;deans;5747;27809;nc
B;G005333;5287;dorothy;smith;whitehead;88;f;w;rocky mount;bridgewood;1931;27804;nc
B;G005334;5288;jackson;powell;russell;25;m;w;rocky mount;whitby;120;27804;nc
B;G005335;5289;candace;bianca;planas;33;f;b;knightdale;queens carriage;1004;27545;oc
B;G005336;5290;anna;marie davis;towne;27;f;w;knightdale;st johns;104;27545;nc
B;G005337;5291;john;robert;booker;34;m;w;rocky mount;ridgemeadow;1008;27803;nc
B;G005338;5292;amber;kay;williams;34;f;w;raleigh;anthony;3215;27603;nc
B;G005339;5293;melinda;faye;perry;39;f;w;nashville;old spring hope;3776;27856;
B;G005340;5294;tamara;;gaer erichsen;66;f;w;rocky mount;winstead;2417;27804;pa
B;G005341;5295;eric;soloman;davis;30;m;i;henrico;wilkins;121;27842;nc
B;G005342;5296;ethel;a;battle;81;f;w;bailey;us 264a;4526;27807;nc
B;G005342;5297;ethel;allen;battle;81;f;b;bailey;us 264a;4526;27807;nc
B;G005343;5298;robert;lee;harris;60;m;b;rocky mount;coggins;1016;27804;nc
B;G005344;5299;aaron;lawrence;crisafulli;33;m;w;rocky mount;new haven;3424;27804;nc
B;G005345;5300;susan;hope;porch;60;f;w;battleboro;red oak battleboro;5369;27809;
B;G005346;5301;michael;ward;mewborn;37;m;w;nashville;spring time;2890;27856;nc
B;G005346;5302;michael;ward;mewborn;37;m;w;nashville;birchwood;601;27856;nc
B;G005348;5303;lauren;knight;pike;27;f;w;nashville;sherrod;2935;27856;nc
B;G005349;5304;willis;;silver;43;m;b;rocky mount;chamberlain;2917;27803;nc
B;G005351;5305;william;murphy;bryan;37;m;u;rocky mount;willow glynn;1800;27804;nc
B;G005352;5306;emily;joyce;bone;33;f;w;elm city;cattail;5339;27822;
B;G005353;5307;safa;hadi;turner;32;f;o;garner;aversboro;1504;27529;nc
B;G005354;5308;drew;jordan;williams;30;m;w;rocky mount;cottage;2029;27803;nc
B;G005355;5309;alonza;t;redd;68;m;w;raleigh;ventana;2249;27604;nc
B;G005356;5310;lisa;jeanette;price;54;f;w;middlesex;beaver dam;9652;27557;nc
B;G005357;5311;james;trevor;atwell;49;m;w;nashville;algie;2242;27856;
B;G005358;5312;rodell;austin;spake;53;m;w;jacksonville;greenway;909;28546;or
B;G005361;5313;albert;patrick;nucciarone;67;m;w;rocky mount;pelham;2820;27804;
B;G005362;5314;brenda;lee;wynne;50;f;w;spring hope;dalmar;3299;27882;va
B;G005363;5315;lynn;turner;lee;58;f;w;nashville;sapony creek;5864;27856;sc
B;G005364;5316;thomas;christopher;dickens;35;m;w;rocky mount;west mount;1208;27803;fl
B;G005365;5317;robin;michelle;cooper;27;f;b;sims;boykin;6427;27880;md
B;G005366;5318;james;todd;sutton;59;m;w;rocky mount;hearthstone;108;27803;mi
B;G005369;5319;amy;smith;williams;43;f;w;wilson;summit;4913;27896;nc
B;G005370;5320;elise;yvonne;hafiz;81;f;w;asheboro;farmer;179;27203;ny
B;G005371;5321;hugh;timothy;brinn;34;m;w;monroe;ridge;1453;28110;tx
B;G005372;5322;lori;beth;kropp;35;f;w;wilmington;brandy;804;28405;nc
B;G005373;5323;alexis;lauren;parry;25;f;w;wilmington;coxe;7805;28412;nc
B;G005374;5324;matt;evan;gross;52;m;w;middlesex;us 264a;9337;27557;
B;G005375;5325;harold;dempsey;battle;63;m;b;rocky mount;hammond;523;27804;nc
B;G005377;5326;kenneth;douglas;davidson;51;m;w;sims;williams;6895;27880;ga
B;G005378;5327;donnie;eugene;clark;44;m;w;battleboro;wollett mill;4617;27809;nc
B;G005380;5328;eric;johnson;batchelor;51;m;w;greenville;fire tower;1211;27858;nc
B;G005380;5329;eric;johnson;batchelor;51;m;w;zebulon;church;811;27597;nc
B;G005381;5330;george;marshall;jerman;36;m;b;rocky mount;litchfield;3633;27803;nc
B;G005383;5331;barbara;;arrington wright;77;f;b;raleigh;brilliant;2022;27616;nc
B;G005386;5332;steven;michael;bateman;23;m;w;zebulon;us 264a;12895;27597;nc
B;G005387;5333;ashley;ann;atkinson;33;f;w;rocky mount;avent;527;27804;ny
B;G005389;5334;laquita;d;harris;34;f;b;wilmington;7th;314;28401;nc
B;G005390;5335;betty;newman;carver;81;f;w;wilmington;seminole;240;28409;sc
B;G005391;5336;tony;matthew;burnett millage;34;m;w;wilmington;island creek;449;28411;il
B;G005392;5337;michael;grant;white;67;m;w;wilmington;gorham;4912;28409;nc
B;G005393;5338;vincent;oliver;burgess;46;m;w;clinton;inverness;302;28328;nc
B;G005394;5339;marcus;weston;dellinger;23;m;w;matthews;stirrup;7111;28104;nc
B;G005395;5340;julienne;frances;danbom;31;f;a;wilmington;amaryllis;115;28411;oc
B;G005396;5341;justin;dale;mcclenny;28;m;w;atkinson;alderman;119;28421;
B;G005397;5342;nicholas;gregory;gianoplus;20;m;w;wrightsville beach;lumina;101;28480;nc
B;G005398;5343;aaron;donald;damon;33;m;w;wilmington;bloomington;231;28411;va
B;G005399;5344;douglas;raymond;cressy;69;m;w;wilmington;kenningston;1005;28405;ny
B;G005400;5345;william;anthony;ballatore;50;m;w;wilmington;plantation landing;8805;28411;ny
B;G005401;5346;rebekah;avery;hickmon;30;f;w;wilmington;riverwoods;6260;28412;ar
B;G005402;5347;jonathan;reece;counts;35;m;w;wilmington;yorkshire;213;28409;oh
B;G005403;5348;jessica;leigh;desnoyers;34;f;w;matthews;wade hampton;317;28104;nj
B;G005403;5349;jessica;leigh;desnoyers;34;f;w;raleigh;walnut creek;3030;27606;ny
B;G005404;5350;kelli;elizabeth;kiger;35;f;w;wilmington;amberleigh;240;28411;nc
B;G005405;5351;harrison;john;fandl;24;m;w;wake forest;heritage hills;1101;27587;il
B;G005406;5352;elizabeth;english;taylor;58;f;w;boone;university hall;361;28607;nc
B;G005407;5353;corey;devon;sutton;40;m;b;wilmington;yulan;119;28412;
B;G005409;5354;timothy;michael;pirkey;46;m;w;brevard;danbury;94;28712;az
B;G005411;5355;meghan;lynsi;smith;26;f;w;chapel hill;big meadows;107;27514;
B;G005412;5356;sebastian;george;woodlock;19;m;w;wilmington;trihouse;5120;28403;
B;G005414;5357;geraldine;moore;tobias;77;f;b;windsor;us highway 13 and 17;520;27983;nc
B;G005415;5358;oliver;bryan;morant;31;m;b;wilmington;kornegay;1406;28405;nc
B;G005416;5359;misty;lynn;mills;43;f;w;wilmington;thurgood;7130;28411;nc
B;G005417;5360;mary madeline;daniel;woodard;27;f;u;rocky point;tom s creek;315;28457;nc
B;G005418;5361;samuel;thomas;bateman;45;m;w;greenville;treybrooke;300;27834;pa
B;G005419;5362;brent;wayne;mcghee;37;m;w;wilmington;ilex;5118;28412;nc
B;G005420;5363;allyson;terese;mazzocco;28;f;w;wilmington;olde well loop;213;28411;ny
B;G005421;5364;heather;marie;eck;43;f;w;camp lejeune;timmerman;3408;28547;sd
B;G005422;5365;brendan;seamuc;mcgraw;37;m;w;wilmington;long leaf hills;4720;28409;vt
B;G005423;5366;vaneshia;monae;davis;22;f;b;wilmington;8th;704;28401;nc
B;G005424;5367;sandra;dianne;smith;51;u;w;wilmington;dapple;123;28403;
B;G005425;5368;elizabeth;inman;williamson;29;f;w;wilmington;parkwood;126;28409;nc
B;G005426;5369;debra;ann gardner;statum;45;f;b;wilmington;emory;711;28405;ga
B;G005427;5370;thomas;edward;brennan;34;m;w;surf city;topsail;206;28445;nj
B;G005428;5371;kimberly;michelle;bishop losano;45;f;w;wilmington;long john silver;227;28411;hi
B;G005429;5372;elizabeth;frances;edwards;84;f;w;brevard;tsitsi;47;28712;oc
B;G005430;5373;leah;marina;davis;27;f;w;wilmington;darlington;385;28403;nc
B;G005431;5374;kayla;renee;cox;26;f;w;wilmington;brewster;501;28412;ak
B;G005432;5375;elissa;anne;walker;27;f;w;raleigh;kennington park;14032;27614;ny
B;G005433;5376;richard;james;lynch;96;m;w;hampstead;belvedere;350;28443;nj
B;G005434;5377;rachel;leigh ann;dickerson;32;f;w;wilmington;17th;2716;28412;
B;G005434;5378;rachel;leigh ann;dickerson;32;f;w;salisbury;glover;1620;28146;nc
B;G005435;5379;megan;;kennedy;32;f;w;oakboro;nc 742 hwy;5456;28129;nc
B;G005436;5380;cameron;russell;benton;26;m;w;wilmington;laurel;107;28401;nc
B;G005437;5381;lorelei;briana;dingel;24;f;w;wilmington;walton;1123;28403;
B;G005438;5382;sarah;hinson;wright;41;f;w;rocky point;pintail;75;28457;nc
B;G005439;5383;phyllis;thompson;yow;70;f;w;norwood;south stanly school;33563;28128;nc
B;G005440;5384;samuel;kenneth;jolly;63;m;w;wilmington;bow hunter;2715;28411;nc
B;G005441;5385;benjamin;beck;allen;45;m;w;wilmington;39th;1311;28403;nc
B;G005442;5386;tammy;seaman;greene;44;f;w;wilmington;avondale;112;28403;nc
B;G005443;5387;patrick;carter;ledbetter;28;m;w;wilmington;ingleside;6246;28409;nc
B;G005444;5388;rebecca;dubay;thompson;54;f;w;wilmington;sidney;1117;28405;me
B;G005445;5389;william;luther;penninger;39;m;w;wilmington;birchwood;4275;28405;nc
B;G005446;5390;felicia;jamara;lynch;29;f;u;morrisville;carrington park;1700;27560;
B;G005447;5391;nastassja;simone;pellom;31;f;b;wilmington;fillmore;4609;28403;nc
B;G005448;5392;roshanna;timara;thatch;22;f;b;wilmington;darlington;312;28403;nc
B;G005450;5393;david;thomas;brown;51;m;o;wilmington;myrtle grove;7418;28409;il
B;G005451;5394;geraldine;teresa;rabaglia;67;f;w;wilmington;halyburton memorial;155;28412;ny
B;G005452;5395;annette;teresa;adams;64;f;w;wilmington;shipwatch;8811;28412;nc
B;G005453;5396;cynthia;sandlin;stout;51;f;w;hampstead;windward landing;406;28443;fl
B;G005454;5397;laurie;frances;white;53;f;w;wilmington;crestwood;302;28405;sc
B;G005455;5398;eugenia;marie;haywood;28;f;w;jacksonville;blue creek;1926;28540;nc
B;G005456;5399;stephen;russell;calfee;34;m;w;wilmington;trowbridge;6229;28403;nc
B;G005457;5400;laquana;nicole;askew;29;f;b;wilmington;2nd;19;28401;nc
B;G005458;5401;sandra;lynn;dick;40;f;w;castle hayne;larry ann;5;28429;ny
B;G005459;5402;ashley;nicole;martin;28;f;w;wilmington;saint andrews;968;28412;tn
B;G005460;5403;tina;yvonne;inman;30;f;w;wilmington;forest hills;1154;28403;nc
B;G005461;5404;rebekah;pritchett;garcia;31;f;w;vilas;nc hwy 194;216;28692;nc
B;G005462;5405;sean;miles;griffin;34;m;w;wilmington;emberwood;6707;28405;nc
B;G005462;5406;griffin;miles;sean;34;m;w;norwood;tranquil bay;484;28128;
B;G005463;5407;william;james;stanford;31;m;w;carrboro;robert hunt;201;27510;nc
B;G005464;5408;julia;versteeg;bice;45;f;w;winterville;camden;2103;28590;co
B;G005465;5409;william;scott;wood;39;m;w;wilmington;racine;233;28403;ny
B;G005466;5410;david;lee;beatty;62;m;u;wilmington;queen;511;28401;va
B;G005467;5411;dianna;lee;tolliver;49;f;w;kure beach;fort fisher;113;28449;wv
B;G005468;5412;brittany;renee;stoots;27;f;w;boone;psi;186;28607;nc
B;G005469;5413;krista;king;hall;35;f;w;hampstead;conolly;17;28443;nc
B;G005470;5414;janice;beth;van amberg;67;f;w;wilmington;sirius;5429;28405;il
B;G005471;5415;diane;;hayes;47;f;b;riegelwood;dickson;901;28456;nj
B;G005472;5416;stephen;christian;tilson;42;m;w;wilmington;mcclelland;4412;28405;mt
B;G005473;5417;susan;h;williford;63;f;w;wilmington;stephens church;8651;28411;
B;G005473;5418;susan;howell;williford;63;f;w;roxboro;thaxton;250;27573;nc
B;G005473;5419;susan;howell;williford;63;f;w;raleigh;portree;5409;27606;nc
B;G005474;5420;rhonda;yvonne;vega;57;f;w;holly springs;goosehaven;4505;27540;oc
B;G005475;5421;william;andrew;price;32;m;w;wilmington;ripwood;701;28405;nc
B;G005476;5422;timothy;francis;fuller;67;m;w;raleigh;tournament;4620;27612;nc
B;G005478;5423;ginger;michelle;hewitt;52;f;w;forest city;gardenbrook;120;28043;nc
B;G005479;5424;madison;rae;padgett;26;f;w;greenville;silver maple;2140;27858;
B;G005480;5425;todd;laurence;christiansen;49;m;w;wilmington;windsong;320;28411;ny
B;G005481;5426;andrea;helene;smaxwell;34;f;w;apex;creek glen;6207;27502;in
B;G005482;5427;clifford;edward;watson;63;m;w;wilmington;creek ridge;6805;28411;
B;G005483;5428;james;dwight;salazar;33;f;w;salemburg;richard;305;28385;nc
B;G005484;5429;asiya;janelle;williams;29;u;u;raleigh;curtis;1722;27610;
B;G005485;5430;susan;elizabeth;bone;58;f;w;wilmington;wine cellar;733;28411;ga
B;G005486;5431;jerome;;andrews;59;m;b;raleigh;hammersmith;6704;27613;nc
B;G005488;5432;jimmy;j;jones;62;m;w;raleigh;misty isle;812;27615;oc
B;G005489;5433;melissa;lynn;edwards;39;f;w;dudley;old mt olive;1631;28333;nc
B;G005490;5434;luther;bernard;bunn;42;m;w;raleigh;huntleigh;3801;27604;nc
B;G005492;5435;joan;klein;ennis;89;f;w;wilmington;avenshire;1038;28412;nj
B;G005493;5436;kelly;holt;braun;34;f;w;hampstead;zonnie;176;28443;nc
B;G005495;5437;alyssa;teresa;curtis;31;f;w;wilmington;sundance;5233;28409;nc
B;G005496;5438;andrew;daniel;rabon;33;m;w;wilmington;sands hill;104;28409;tx
B;G005497;5439;marvin;cameron;legendre;59;m;i;fairmont;straightway;280;28340;ny
B;G005498;5440;sarah;kathryn;harris;26;f;w;wilmington;vorils;513;28411;
B;G005499;5441;renee;michele;bugel;58;f;w;wilmington;jean rabin;3024;28403;wa
B;G005500;5442;brian;louis;lanier;44;m;w;maple hill;nc hwy 50;5595;28454;nc
B;G005500;5443;brian;louis;lanier;44;m;w;cary;collington;1110;27511;nc
B;G005501;5444;madison;nicole;huf;21;f;w;goldsboro;callaway;114;27530;nc
B;G005502;5445;marvin;a;moore;71;m;u;fuquay varina;allanbrooke;5032;27526;
B;G005504;5446;wendy;denise;mclawhorn;48;f;w;wilmington;quail woods;7308;28411;nc
B;G005505;5447;steven;glenn;heldreth;51;m;w;wilmington;bloomfield;2808;28412;va
B;G005506;5448;charlie;lewis;barham;62;m;w;wilmington;martin;811;28401;nc
B;G005507;5449;alicia;sutton;tucker;32;f;w;hampstead;ingram;36;28443;nc
B;G005508;5450;valeria;joyce;houston;56;f;b;burgaw;new;1010;28425;nc
B;G005509;5451;casey;davis;croom;25;f;w;wilmington;trihouse;5121;28403;nc
B;G005510;5452;timothy;alexander taylo;hansen;36;m;m;wilmington;darlington;385;28403;il
B;G005511;5453;sara;kathryn;thompson;30;f;w;wilmington;wedgefield;4826;28409;nc
B;G005512;5454;jayson;allan;terrell;38;m;b;jacksonville;woodcrest;223;28540;nc
B;G005513;5455;amy;elizabeth;lindley;40;u;w;wilmington;tidalwalk;956;28409;
B;G005514;5456;mallory;ann;clayton;25;f;w;rougemont;holly ridge;6601;27572;nc
B;G005515;5457;juanita;ann;sheppard;64;f;w;wilmington;evergreen;3909;28403;nc
B;G005516;5458;maggie;c;tucker;23;u;w;wilmington;bors;321;28403;
B;G005517;5459;lindsey;rhae;rawls;36;f;w;wilmington;autumn leaves;811;28411;nc
B;G005517;5460;lindsey;rhae;rawls;36;f;w;hampstead;scotlands;49;28443;nc
B;G005518;5461;sybil;hodge;stokes;66;f;w;wilmington;caliber;2911;28405;nc
B;G005519;5462;william;thomas;jarratt;26;m;w;wilmington;tesla park;4524;28412;nc
B;G005520;5463;jessica;claibourne;owens;42;f;w;asheboro;pineview;218;27203;nc
B;G005521;5464;brian;;freskos;30;m;w;carrboro;davie;709;27510;oh
B;G005522;5465;regina;lafaye;williams;46;f;u;wilmington;long boat;7104;28405;nc
B;G005523;5466;megan;paige;turner;26;f;w;greenville;6th;1805;27858;nc
B;G005524;5467;hunter;addison;bradley;26;m;w;greenville;charles;1504;27858;nc
B;G005525;5468;deborah;;alvarez;57;f;b;wilmington;mosswood;405;28411;ny
B;G005526;5469;julian;elijah;morris;23;u;u;wilmington;moss vine;5604;28403;
B;G005527;5470;mark;steven;banks;33;m;w;knightdale;twin spires;4623;27545;tx
B;G005528;5471;lisa;j;shriver;58;f;w;raleigh;lindenshire;8901;27615;oh
B;G005529;5472;robert;wayne;baer;72;m;w;wilmington;mount carmel parke;6123;28412;pa
B;G005530;5473;carrie;marie;houston;32;f;w;wilmington;holly tree;4483;28412;nc
B;G005531;5474;christopher;lawrence;west;44;m;w;wilmington;blue point;604;28411;nc
B;G005532;5475;lemont;;sheppard;44;m;b;raleigh;shore view;3200;27613;nc
B;G005533;5476;lisa;andrews;mathews;47;f;w;hampstead;cottage;102;28443;nc
B;G005534;5477;roger;o;strong;85;m;u;wilmington;arbor oaks;7132;28411;nh
B;G005535;5478;charlene;reynolds;pate;50;f;w;columbia;light;405;27925;nc
B;G005536;5479;arthur;william;miller;33;m;w;wendell;tarragon;380;27591;nc
B;G005537;5480;heather;marie;spence;33;f;w;fuquay varina;maizefield;2145;27526;nc
B;G005539;5481;john;albert;temple;44;m;w;hampstead;highlands;346;28443;nj
B;G005540;5482;diretta;williams;robinson;62;f;b;wilmington;13th;1652;28401;nc
B;G005541;5483;jeremy;ray;schwisow;28;m;w;sneads ferry;granny;188;28460;nc
B;G005542;5484;adam;alexander;dawson;39;m;m;wilmington;peppercorn;7257;28411;nj
B;G005543;5485;justin;mario;brown;34;m;w;wilmington;queen;211;28401;ca
B;G005543;5486;justin;mario;brown;34;m;w;raleigh;acc;7745;27617;ca
B;G005544;5487;melissa;dawn;covert;37;f;w;burgaw;bottle branch;330;28425;nc
B;G005545;5488;christopher;jozef;cunningham;32;m;w;raleigh;orchard grove;8828;27612;va
B;G005546;5489;smirthi;;selvaraj;24;f;a;wilmington;riegel;5065;28403;
B;G005547;5490;zachary;brandt;hudson sorrell;33;m;w;raleigh;ashe;109;27605;nc
B;G005548;5491;jeffery;scott;leonard;28;m;w;wilmington;northbrook;144;28405;fl
B;G005549;5492;andrew;james;cooke;23;m;w;wilmington;tollington;4317;28412;
B;G005550;5493;kristen;l;hughes;49;f;w;raleigh;blue water;4000;27606;ca
B;G005551;5494;nicole;sechler;moore;30;f;w;jacksonville;cypress manor;118;28540;va
B;G005552;5495;jeffrey;scott;lyle;58;u;u;wilmington;davie;404;28412;
B;G005554;5496;herman;webster;zimmerman;52;m;w;wilmington;windsor;1109;28403;nc
B;G005555;5497;suzanne;lee;taylor;29;f;w;wilmington;monlandil;318;28403;nc
B;G005556;5498;sadena;lynn;corbin;43;f;b;wilmington;dapple;124;28403;pa
B;G005557;5499;nicholas;edward;weinhofer;32;m;b;hampstead;highlands;101;28443;oc
B;G005558;5500;harold;lee;strickland;46;m;w;wilmington;park;4014;28403;nc
B;G005559;5501;katherine;ann;lumb;56;f;w;cary;stonewater glen;2103;27519;pa
B;G005560;5502;daniel;dean;rustine;35;m;w;wilmington;8th;113;28401;oc
B;G005561;5503;vaughn;matthew;king;51;m;w;carolina beach;carolina beach;1708;28428;oh
B;G005562;5504;timothy;keith;raab;35;m;w;wilmington;penny;5221;28405;az
B;G005563;5505;chelsea;lynn;donovan;36;f;w;jacksonville;court;514;28540;
B;G005564;5506;shannon;;jenkins;40;f;b;woodland;walnut;223;27897;nc
B;G005565;5507;george;lundy;sadler;38;m;w;woodland;mulberry;220;27897;
B;G005566;5508;nicole;monique;claude;33;f;b;margarettsville;stancell;134;27853;nc
B;G005567;5509;rebecca;jane;gorris;84;f;w;gaston;clark;212;27832;nc
B;G005569;5510;ronte;lequan;person;21;m;b;raleigh;oakwood;1315;27610;nc
B;G005570;5511;william;valentine;white;52;m;i;henrico;william byrd;125;27842;nc
B;G005571;5512;candies;wiggins;foreman;79;f;b;garysburg;lebanon church;500;27831;nc
B;G005572;5513;kennisha;leanna;patterson;29;f;b;seaboard;king;400;27876;nc
B;G005573;5514;patricia;d;edwards;68;f;w;raleigh;quiet mill;3216;27612;va
B;G005575;5515;lakisha;vernice;davis;39;f;b;gaston;lincoln;109;27832;pa
B;G005576;5516;justin;dennis;eason;23;m;b;wilson;ward;3450;27893;
B;G005577;5517;gabrielle;latiesa;shearin;31;f;b;rich square;nc hwy 305;1312;27869;tx
B;G005582;5518;stephanie;daniell;taylor;33;f;b;garysburg;turner;134;27831;nc
B;G005586;5519;kyle;austin;kurtz;34;m;w;camp lejeune;eden;3222;28547;ky
B;G005587;5520;jennifer;austin;taylor;36;f;u;jacksonville;dunbar;109;28540;
B;G005588;5521;ashley;elizabeth;phillips;30;f;w;camp lejeune;delaware;5861;28547;fl
B;G005589;5522;amber;virginia sue;hurley;22;f;w;jacksonville;waters;325;28546;oh
B;G005590;5523;heather;nicole;parks;42;f;w;fremont;carolina;201;27830;nc
B;G005591;5524;leticia;lee;tyler;32;f;b;jacksonville;fieldstone;504;28546;oc
B;G005592;5525;kyre;;ward osei;39;f;b;jacksonville;western;5073;28546;nc
B;G005593;5526;yajaira;;diaz;38;f;u;jacksonville;croatan;119;28546;
B;G005594;5527;janel;lisa;tolar;35;f;w;jacksonville;dockside;174;28546;ny
B;G005595;5528;virginia;sue;whitley;57;f;w;roseboro;feed mill;1095;28382;nc
B;G005596;5529;donald;bruce;clements;58;m;w;north topsail beach;bermuda landing;36;28460;oh
B;G005597;5530;shirley;ann;neal;69;f;w;jacksonville;dennis;203;28546;il
B;G005598;5531;nancy;jane;cleghorn;60;f;w;farmville;grimmersburg;3969;27828;nc
B;G005599;5532;brian;patrick;king;46;m;w;maysville;deppe loop;1394;28555;nc
B;G005600;5533;annie;belle;fleming weaver;61;f;b;jacksonville;lynchburg;884;28546;va
B;G005601;5534;lauren;michele;jordan;28;f;w;richlands;lakeview;1127;28574;ca
B;G005602;5535;elizabeth;rae;fincanon;25;f;w;reidsville;dove;200;27320;fl
B;G005603;5536;bobby;gene;mcallister;70;m;b;jacksonville;delight;12;28546;
B;G005604;5537;patricia;ann;duling;54;f;w;raleigh;winding bluffs;5027;27613;nj
B;G005605;5538;keith;isreal;mullen;24;m;m;jacksonville;quail ridge;323;28546;pa
B;G005606;5539;michael;danavin;harry;25;m;b;tarawa terrace;jordan;5226;28543;ny
B;G005607;5540;jared;michael;stufflebeam;33;m;w;holly ridge;belvedere;207;28445;
B;G005608;5541;brandon;shawn;priddy;35;m;w;currie;bethel church;1245;28435;ky
B;G005609;5542;jude;armand;jackson;26;m;b;raleigh;m e valentine;3009;27607;wa
B;G005610;5543;mary;kate;haren;23;f;w;swansboro;camp queen;154;28584;ny
B;G005611;5544;travis;anthony;stafford;35;m;w;north topsail beach;old village;165;28460;nc
B;G005611;5545;travis;anthony;stafford;35;m;w;cary;tapestry;203;27511;nc
B;G005612;5546;walter;larry;cooke;66;m;w;jacksonville;forest grove;332;28540;nc
B;G005613;5547;jared;richard;smith;38;m;w;jacksonville;hampton;626;28546;nj
B;G005614;5548;perry;lee;gainey;39;u;b;jacksonville;henderson;726;28540;
B;G005615;5549;aolani;nicole;summerlin;23;f;w;mcgrady;lauri;307;28649;
B;G005616;5550;francisco;alberto;perez marti;66;m;w;sneads ferry;riva ridge;625;28460;
B;G005617;5551;tyler;gregory;ludlum;23;m;w;sneads ferry;sail way;115;28460;nc
B;G005618;5552;brenda sue;cox;mintz;73;f;w;swansboro;old hammock;238;28584;
B;G005619;5553;andrea;cristine;johns;20;f;w;greenville;fletcher hall;619;27858;nc
B;G005620;5554;gino;dordines;coelho;33;m;o;jacksonville;belmont;3108;28546;nc
B;G005621;5555;kassondra;nickole;scheidt;28;f;w;richlands;classy;211;28574;
B;G005622;5556;david;james;revell;38;m;w;surf city;shore;701;28445;nc
B;G005623;5557;janette;marie;moore;51;f;w;raleigh;broomfield;7154;27615;nc
B;G005624;5558;queenie;elizabeth;johns;72;f;b;jacksonville;western;5071;28546;mt
B;G005625;5559;victor;v;sweat;38;m;b;jacksonville;mcdaniel;460;28546;ga
B;G005626;5560;heather;michelle;aiken;46;f;w;holly ridge;tree;411;28445;nc
B;G005627;5561;william;allen;duncan;29;m;w;jacksonville;hedgerow;402;28546;nc
B;G005628;5562;melinda;carole;moody;31;f;w;sneads ferry;turkey point;109;28460;nc
B;G005629;5563;cathy;lynn;joyce;66;f;w;raleigh;saxby;6916;27613;tx
B;G005630;5564;tyler;s;marrs;28;f;w;littleton;songbird;252;27850;
B;G005631;5565;timothy;daniel;brault;37;m;w;midway park;lake cole;1247;28544;ma
B;G005632;5566;lakesha;renee;edwards;29;f;m;jacksonville;meadowbrook;210;28546;nc
B;G005633;5567;marie;m;king;102;f;i;raleigh;spruce tree;12800;27614;nd
B;G005634;5568;nicole;darlene;bono;36;f;w;jacksonville;south;1812;28540;ny
B;G005635;5569;alyssa;jean;rochelle;28;f;w;greenville;locksley woods;2207;27858;nc
B;G005637;5570;robert;leo;balderson;80;m;w;camp lejeune;oregon;5660;28547;pa
B;G005638;5571;flozie;dixon;vaughn;74;f;b;maple hill;nc hwy 53;18175;28454;nc
B;G005640;5572;alden;dixon;rose;26;f;w;chapel hill;windhover;108;27514;
B;G005641;5573;winston;allen;blake;28;m;w;chapel hill;justice;203;27516;nc
B;G005642;5574;brandon;andrew;whitfield;33;m;b;goldsboro;harding;101;27534;ny
B;G005643;5575;leigh;anne;jenkins;29;f;w;chapel hill;granville towers;1802;27514;nc
B;G005644;5576;timothy;dewitt;coleman;40;m;b;raleigh;elkpark;1612;27610;nc
B;G005645;5577;emily;marie;quatromoni;29;f;w;chapel hill;melville;114;27514;fl
B;G005646;5578;bradley;terrence;howes;39;m;w;carrboro;simpson;100;27510;nc
B;G005648;5579;maria;frances;crawford;35;f;m;chapel hill;columbia;1006;27514;fl
B;G005650;5580;alicia;bora;nam;20;f;m;waxhaw;montane run;7807;28173;
B;G005651;5581;kristopher;brian;smith;43;m;w;apex;providence green;1412;27502;nc
B;G005652;5582;chavarro;;floyd;41;m;u;raleigh;kedvale;2116;27617;
B;G005653;5583;gregory;eugene;powell;51;u;u;raleigh;ribbongrass;12521;27614;oc
B;G005654;5584;anna;katherine;shelton;29;f;w;carrboro;rock haven;101;27510;nc
B;G005654;5585;anna;katherine;shelton;29;f;w;cary;st brides;102;27518;nc
B;G005654;5586;anna;katherine;shelton;29;f;w;cary;st brides;102;27518;nc
B;G005655;5587;sydney;alexandria;ramsey;21;f;b;chapel hill;paul hardin;540;27514;
B;G005656;5588;john;harrill;martin;44;m;w;raleigh;vienna crest;4228;27613;nc
B;G005657;5589;amy;winsor;nau;32;f;w;chapel hill;collinson;100;27514;nc
B;G005658;5590;maciej;jan;krzysztoforski;40;m;w;chapel hill;old lystra;1436;27517;
B;G005659;5591;samuel;wentworth;ward;29;m;w;carrboro;fidelity;119;27510;nc
B;G005659;5592;samuel;wentworth;ward;29;m;w;boone;canterbury;281;28607;nc
B;G005660;5593;avery;alden;earwood;46;m;w;rougemont;berea;1715;27572;tx
B;G005661;5594;katheryn;anna;kiffmeyer;25;f;w;waxhaw;beechwood;2313;28173;
B;G005662;5595;jessica;hurst;glenn;40;f;w;timberlake;willie gray;1641;27583;nc
B;G005663;5596;andrew;patrick;mcgrath;55;m;w;chapel hill;melville;211;27514;ny
B;G005664;5597;erin;catherine;gallagher;33;f;w;chapel hill;meadow;1404;27516;
B;G005665;5598;kristian;bryant;theissen;34;m;w;raleigh;lead crystal;2717;27610;nj
B;G005666;5599;alexander;renzo;sereno;33;m;w;raleigh;smallwood;1928;27605;nc
B;G005667;5600;robert;watkins;king;24;m;w;albemarle;main;538;28001;il
B;G005668;5601;meredith;lynn;holder;27;f;w;roxboro;charles;329;27573;la
B;G005668;5602;meredith;lynn;holder;27;f;w;apex;piney branch;8401;27539;la
B;G005669;5603;lakimberal;sherri;jackson;31;f;b;chapel hill;council;614;27516;nc
B;G005670;5604;maryanne;;gucciardi;56;f;w;cary;bathgate;109;27513;ma
B;G005671;5605;bradley;stephen;green;31;m;w;chapel hill;stadium;101;27514;nc
B;G005673;5606;luke;david;remis;36;m;w;carrboro;old fayetteville;222;27510;ny
B;G005674;5607;jeffrey;lynn;tilley;65;m;w;durham;jomali;5912;27705;nc
B;G005675;5608;alyson;ruth;helms;23;f;w;monroe;edwards farm;6737;28110;nc
B;G005676;5609;colin;andrew;hicks;34;m;w;chapel hill;mccauley;234;27516;tx
B;G005677;5610;amanda;noel;hayden;31;f;w;raleigh;glascock;308;27604;va
B;G005678;5611;leslie;emmanuel;cofie;35;m;b;carrboro;nc hwy 54;200;27510;oc
B;G005679;5612;jody;;lennon;52;f;w;wake forest;old keith;1321;27587;ny
B;G005681;5613;william;wedel;mcinerney;29;m;w;chapel hill;severin;265;27516;nc
B;G005681;5614;william;wedel;mcinerney;29;m;w;raleigh;independence;710;27603;nc
B;G005682;5615;lisa;pauline;boyd;55;f;w;raleigh;springsweet;2901;27612;ma
B;G005683;5616;john;william;bolton;29;m;w;goldsboro;harding;204;27534;nc
B;G005684;5617;myrna;covault;macfarquhar;71;f;w;hillsborough;remington;3927;27278;oh
B;G005685;5618;chelcy;;stutzman;41;f;w;chapel hill;mel oaks;3109;27516;nc
B;G005686;5619;james;clayton;sasaki adams;42;m;w;chapel hill;lavinia;117;27516;wi
B;G005687;5620;david;aaron;tyson;26;m;w;chapel hill;hillsborough;425;27514;nc
B;G005688;5621;ryan;s;schneider;31;m;w;chapel hill;ellen;4;27514;de
B;G005689;5622;geena;;defrancesco;33;f;w;garner;copperline;1524;27529;ny
B;G005690;5623;erin;elizabeth;smith;25;f;w;hillsborough;fargo;2812;27278;ma
B;G005691;5624;stacey;ellen;clark;42;f;w;chapel hill;nuttree;102;27516;fl
B;G005692;5625;abigail;leigh;lyons;28;f;w;cary;king george;314;27511;ga
B;G005693;5626;christopher;scott;morrison;25;m;w;chapel hill;dixie garden;123;27516;nc
B;G005694;5627;aqueelah;bint haneef;tarver;24;f;b;raleigh;oak run;503;27606;ny
B;G005695;5628;ishmael;gershon;bishop;24;m;b;carrboro;greensboro;503;27510;va
B;G005697;5629;mary;virginia;davis;53;f;w;apex;purple glory;1108;27502;md
B;G005698;5630;cameron;michael;samek;19;m;w;matthews;anglesey;5617;28104;nc
B;G005699;5631;david;hamilton;page;23;m;w;chapel hill;homestead;2701;27516;tx
B;G005700;5632;ashley;nicole;muse;31;f;w;roxboro;mountain;2201;27574;
B;G005701;5633;kendra;shantel;fleming;28;f;b;chapel hill;hinton james;515;27514;nc
B;G005702;5634;david;paul;krivonak;66;f;w;chapel hill;dogwood;522;27516;ri
B;G005703;5635;heydar;rafiq oglu;qasimov;45;m;w;carrboro;davie;400;27510;
B;G005704;5636;alexandra;lecler;cowand;22;f;w;clinton;us 421;3700;28328;nc
B;G005705;5637;jill;kimberly;euchner;24;f;w;raleigh;wilmington;510;27604;nc
B;G005706;5638;shawn;martin;hessee;39;m;w;raleigh;alexander promenade;7705;27617;nc
B;G005707;5639;thomas;walker;hudspeth;53;m;w;hillsborough;saponi;204;27278;al
B;G005708;5640;matthew;lewis;liles;35;m;w;chapel hill;mccauley;317;27516;nc
B;G005708;5641;matthew;lewis;liles;35;m;w;zebulon;holiday;2524;27597;nc
B;G005709;5642;miranda;nicole;mcnear;27;f;b;apex;wellonsburg;1015;27502;in
B;G005710;5643;margaret;;wallingford;65;f;w;fuquay varina;falcon;114;27526;ny
B;G005711;5644;cortez;orlando thomas;terrell;28;m;b;hillsborough;wade hampton;2605;27278;nc
B;G005712;5645;tasanee;ross;walsh;44;f;w;cary;abbott;116;27513;oc
B;G005713;5646;richard;alan;northam;31;m;w;apex;jerimouth;2108;27502;md
B;G005715;5647;leanne;;langley;65;f;w;chapel hill;maxwell;79;27517;
B;G005715;5648;leanne;;langley;65;f;w;chapel hill;maxwell;79;27517;
B;G005716;5649;justina;monae anais camille;foy;29;f;b;hillsborough;dairyland;3900;27278;pa
B;G005717;5650;joseph;michael;mcginnis;41;m;w;wake forest;willow wisp;105;27587;nj
B;G005718;5651;gregory;anthony;steele;27;m;w;chapel hill;cameron;207;27516;nc
B;G005720;5652;patricia;elizabeth;holzer;49;f;w;cary;coral vine;1412;27518;ar
B;G005721;5653;abbington;kimball;pope;23;f;w;raleigh;westview;1221;27605;nc
B;G005721;5654;abbington;kimball;pope;23;f;w;goldsboro;breezewood;104;27534;nc
B;G005722;5655;robert;scott;mcclellan;60;m;w;cary;honeysuckle;200;27513;va
B;G005723;5656;anna;margaret;adams;28;f;w;raleigh;west;202;27603;
B;G005724;5657;kathryn;rae;kidd;24;f;w;liberty;clarence york;4901;27298;nc
B;G005725;5658;darryl;;locklear;34;u;u;chapel hill;hamilton;91;27517;
B;G005727;5659;caroline;marie;evans;20;f;w;raleigh;stannary;11813;27613;nc
B;G005728;5660;william;gray;beach;29;m;w;mebane;ashbury;322;27302;ga
B;G005729;5661;michael;stevenson;mcglinchey;41;m;w;raleigh;westgrove;4700;27606;md
B;G005730;5662;james;matthew;farthing;49;m;w;hillsborough;rustic;2940;27278;va
B;G005731;5663;lorcan;gearoid;farrell;20;m;w;cary;belle isle;108;27513;nc
B;G005732;5664;charles;eugene;nurmi;39;m;w;chapel hill;ukiah;208;27514;co
B;G005733;5665;jessica;leigh;amos;26;f;w;lawsonville;sisk;2249;27022;nc
B;G005734;5666;allison;irene;channell;34;f;w;chapel hill;conner;210;27514;md
B;G005735;5667;lisa;s;huggins;42;f;w;cary;dunhagan;305;27511;sc
B;G005736;5668;mark;anthony;pendergraft;73;m;w;mebane;mebane oaks;4112;27302;nc
B;G005737;5669;jung;a;kim;28;f;a;matthews;fox run;3641;28104;oc
B;G005738;5670;william;dilts;vonreichbauer;40;m;w;carrboro;poplar;103;27510;oh
B;G005739;5671;evelyn;brooks;terry;65;f;w;timberlake;paradise cove;326;27583;mi
B;G005740;5672;michael;foley;askew;25;m;w;oriental;skipper;106;28571;nc
B;G005741;5673;ertle;clennie;jones;31;m;w;lumberton;patton;1308;28358;nc
B;G005742;5674;caitlin;ann;winnike;30;f;w;raleigh;shadetree;6001;27613;ia
B;G005743;5675;heather;elizabeth;jackson;43;f;w;pilot mountain;toms creek church;1627;27041;
B;G005744;5676;matthew;terry;moulton;28;m;w;chapel hill;franklin;619;27514;nc
B;G005745;5677;diane;charlton;midness;71;f;w;oriental;ragan;615;28571;ga
B;G005746;5678;robin;martin;pate;62;f;w;zebulon;car kare;9505;27597;ca
B;G005747;5679;tina;;speights;56;f;b;bayboro;forrest park;160;28515;ny
B;G005748;5680;carl;jamel;bryant;32;m;b;aurora;6th;522;27806;nc
B;G005749;5681;cougar;lee;caroon;27;m;w;greenville;horseshoe;306;27834;wa
B;G005751;5682;raven;nicole;wilkin;32;f;b;greenville;charles;1900;27858;oc
B;G005753;5683;donald;earl;smith;59;m;w;belhaven;smith shore;493;27810;nc
B;G005754;5684;keyoni;andrew;grimes;28;m;b;washington;4th;708;27889;nc
B;G005755;5685;steven;bonner;billingslea;59;m;b;washington;whispering pines;248;27889;nj
B;G005756;5686;george;dalton;mills;70;m;w;chocowinity;whichards beach;3003;27817;nc
B;G005757;5687;derek;thomas;sampson;31;m;w;zebulon;gannon;703;27597;nj
B;G005758;5688;jennifer;mccabe;brinson;53;f;w;washington;avenue;189;27889;nc
B;G005759;5689;jennifer;lauran;reynolds;28;f;w;washington;wedgewood;101;27889;
B;G005760;5690;melvin;randy;sawyer;28;m;w;washington;deer tract;1197;27889;nc
B;G005761;5691;joy;renee;brown;47;f;b;washington;market street;7270;27889;
B;G005763;5692;christina;berry;baker;34;f;w;washington;jimmy;211;27889;nc
B;G005764;5693;william;michael;lennartz;65;m;w;chocowinity;york;102;27817;mo
B;G005765;5694;quanmesha;lasha;peterson;27;f;b;washington;11th;307;27889;nc
B;G005766;5695;shauna;blaise;byers;32;f;w;greenville;victoria;118;27834;la
B;G005767;5696;lauya;monique;boston;41;f;b;washington;yonkers;193;27889;
B;G005767;5697;lauya;monique;boston;41;f;b;washington;baker;205;27889;nc
B;G005767;5698;lauya;monique;boston;41;f;b;washington;minuteman;200;27889;nc
B;G005767;5699;lauya;monique;boston;41;f;b;washington;baker;137;27889;nc
B;G005768;5700;amos;;wilson;66;m;b;belhaven;main;583;27810;al
B;G005769;5701;julia;ann;graves;43;f;b;greenville;manhattan;207;27834;ny
B;G005770;5702;bonnie;kostello;rhudy;50;f;w;washington;simmons;214;27889;nc
B;G005771;5703;jeaniqua;monique;ward;28;f;b;washington;manuel;116;27889;
B;G005772;5704;brenda;marie;lindstam;60;f;w;asheboro;horse mtn;663;27205;me
B;G005773;5705;william;burton;gray;89;m;w;greenville;meridian;2790;27834;nc
B;G005774;5706;luis;anthony;torres;29;m;o;raleigh;armstrong;1205;27610;ct
B;G005776;5707;laura;chorley;cox;67;f;w;windsor;cedar landing;550;27983;nc
B;G005777;5708;maxwell;bernard;houseworth;38;m;w;greenville;5th;2507;27858;nc
B;G005778;5709;deborah;dee;noltemeier;63;f;w;greenville;oldwell;200;27834;nc
B;G005779;5710;linda;hamlin;titus;72;f;w;greenville;hickory;100;27858;nc
B;G005780;5711;betsy;bonner;paul;79;f;w;aurora;potter;368;27806;nc
B;G005781;5712;maxine;worsley;lawrence;62;m;b;greenville;peyton;1222;27834;
B;G005782;5713;cynthia;inez;scott;55;f;b;greenville;5th;2899;27858;ct
B;G005783;5714;eric;shawn;white;44;m;b;washington;bridge;1119;27889;ca
B;G005784;5715;khoa;michael;tran;48;m;a;greenville;megan;816;27834;
B;G005785;5716;russell;leo;chadwick;75;u;u;pantego;swamp;271;27860;nc
B;G005786;5717;clayton;c;ingram;34;m;w;goldsboro;brentwood;106;27530;nc
B;G005787;5718;courtney;love;clodfelter;25;f;b;washington;east;122;27889;nc
B;G005788;5719;marisa;frances;gerard;22;f;w;raleigh;hillsborough;3001;27607;nc
B;G005789;5720;adam;carl;morrisette;39;m;w;washington;8th;402;27889;va
B;G005790;5721;sonia;lopez;acevedo;64;f;w;washington;bellcrest;310;27889;
B;G005791;5722;tina;morris;woolard;38;f;w;plymouth;nc hwy 32;19820;27962;nc
B;G005792;5723;cecil;verlin;cherry;76;m;w;washington;voice of america;5108;27889;nc
B;G005793;5724;barbara;satterwhite;hardee;76;f;w;washington;washington;120;27889;nc
B;G005795;5725;emma;;perkins yarbaugh;73;f;b;elizabeth city;broad;119;27909;nc
B;G005795;5726;emma;;perkins yarbaugh;73;u;u;elizabeth city;salem;309;27909;
B;G005796;5727;natasha;;brockett;31;f;b;willow spring;forest leaf;9005;27592;
B;G005797;5728;arnold;earl;sykes;29;m;b;elizabeth city;broad;223;27909;va
B;G005798;5729;christina;lizotte;daniel;42;f;w;elizabeth city;prince william;601;27909;ma
B;G005799;5730;gretchen;goldthwaite;gilmore;45;f;w;elizabeth city;fearing;511;27909;ma
B;G005800;5731;ti auna;maria;beale;30;f;b;greenville;concord;124;27834;md
B;G005801;5732;olivia;margaret;lawrence;27;f;w;elizabeth city;four forks;1276;27909;nc
B;G005802;5733;dustin;james;luton;31;m;w;elizabeth city;tuscarora;905;27909;nc
B;G005803;5734;tobechi;anuli;nwamara;25;f;b;elizabeth city;road;607;27909;nc
B;G005804;5735;danielle;nicole;green;32;f;b;elizabeth city;roanoke;800;27909;nc
B;G005805;5736;joseph;james;forbes;68;m;w;hertford;rivershore;158;27944;nc
B;G005806;5737;kenneth;bland;lewis;67;m;w;elizabeth city;cedar point;906;27909;va
B;G005807;5738;kirk;james;cepavicius;46;m;w;hertford;nates;113;27944;ca
B;G005808;5739;frances;perry;spruill;64;f;w;elizabeth city;inlet;411;27909;nc
B;G005809;5740;charles;edgar;harden;52;m;w;hertford;longdale;108;27944;nc
B;G005810;5741;darius;d;silver;28;m;u;elizabeth city;weeksville;1704;27909;
B;G005811;5742;quintin;jay;johnson;31;m;b;elizabeth city;weeksville;1704;27909;ny
B;G005812;5743;kyree;markez;jackson;27;m;b;forest city;spruce;124;28043;nc
B;G005813;5744;cordelia;delphena;jordan;36;f;b;rocky point;everette;501;28457;nc
B;G005814;5745;michael;john;terry;34;m;w;randleman;branson davis;6339;27317;
B;G005815;5746;ginger;michelle;fussell;42;f;w;hampstead;candlewood;104;28443;nc
B;G005816;5747;roberta;kelley;ruth;69;f;w;roxboro;graham day;171;27574;va
B;G005817;5748;charles;franklin;winley;34;m;b;rocky point;nc hwy 210;15840;28457;
B;G005818;5749;natalya;inice;newkirk;26;f;b;willard;morning dove;195;28478;nc
B;G005819;5750;jonathon;;turel;31;m;u;raleigh;killington;505;27609;
B;G005820;5751;desia;raquelle;hayes;23;f;b;rocky point;willows bay;376;28457;nc
B;G005821;5752;wesley;c;miles;35;m;w;raleigh;wolftech;2130;27603;il
B;G005822;5753;amanda;burnside;barbee;42;f;w;burgaw;bottle branch;240;28425;oh
B;G005823;5754;sean;oliver;knudson;40;m;w;hampstead;old farm;115;28443;ca
B;G005824;5755;christy;carter;meeks;51;m;w;rocky point;scott;308;28457;nc
B;G005825;5756;caleb;steven;messer;31;m;w;cary;rice ranch;1311;27518;nc
B;G005826;5757;ben;glenn;littleton;76;m;w;burgaw;vann;300;28425;nc
B;G005827;5758;paul;scott;faris;77;m;w;surf city;sea urchin;105;28445;sc
B;G005828;5759;jeffrey;scott;hill;57;m;w;atkinson;slocum;5350;28421;nc
B;G005829;5760;joseph;todd;gonzalez;35;m;w;goldsboro;pineview;206;27530;wv
B;G005830;5761;william;h;lueckenbach;59;m;w;hampstead;windsor;123;28443;wi
B;G005831;5762;mychal;jamile;daniels;31;m;b;rocky point;cricket;53;28457;nc
B;G005832;5763;sidney;harris;bearden;40;m;w;burgaw;far side;551;28425;nc
B;G005833;5764;allena;elizabeth;james;20;f;w;greenville;legacy hall;375;27858;nc
B;G005834;5765;john;a;williams;65;m;w;rocky point;lillington;1115;28457;ny
B;G005835;5766;virginia;hendrix;kelly;33;f;w;hampstead;ravenswood;106;28443;nc
B;G005836;5767;kathryn;elizabeth;isbell;25;f;w;hertford;dockery;120;27944;ny
B;G005837;5768;blair;s;price;72;m;w;raleigh;old horseman;6021;27613;nc
B;G005838;5769;brandon;james;fritts;31;m;w;hertford;shoshone;144;27944;ak
B;G005839;5770;lisa;efigenia;romero;39;f;o;pembroke;jones;502;28372;fl
B;G005840;5771;daniel;lamont;o briant;40;m;b;roxboro;cleveland;133;27573;nc
B;G005841;5772;tamika;lashaunta;poole;41;f;b;roxboro;carrington;316;27573;nc
B;G005842;5773;candace;tandeleyo;bumpass;33;f;b;roxboro;brookstone;122;27573;nc
B;G005844;5774;carole;monk;thomas;62;f;w;roxboro;scotland;139;27573;nc
B;G005845;5775;raynard;keith;blackwell;58;u;b;roxboro;flat river church;1984;27574;
B;G005846;5776;james;richard;warden;32;m;w;greenville;1st;1801;27858;nc
B;G005847;5777;travis;earl;vaughan;25;m;w;raleigh;hunt club;105;27606;nc
B;G005848;5778;bobby;r;perry;68;m;u;wake forest;margots;2809;27587;
B;G005849;5779;lyne;starling;gamble;68;m;w;raleigh;webb;2712;27609;ms
B;G005850;5780;shakeima;laasia;thomas;32;f;b;winterville;jessica;2956;28590;ny
B;G005852;5781;daniel;;moses;31;m;o;greenville;heath;900;27858;
B;G005853;5782;soni;caryle;tilley;29;f;w;greenville;10th;3314;27858;nc
B;G005854;5783;sarah;crile;bienkowski;33;f;w;greenville;mulberry;2607;27858;ca
B;G005855;5784;brigid;matheson;oboyle;29;f;w;raleigh;garden crest;1338;27609;nc
B;G005856;5785;melissa;sheridan;horsman;51;f;w;greenville;turtle creek;1110;27858;ma
B;G005857;5786;brady;andrew;edwards;24;m;w;raleigh;white pine;4101;27612;dc
B;G005858;5787;felicia;denise;cherry dixon;46;f;b;farmville;ghost hollow;3686;27828;nc
B;G005859;5788;justin;robert;best;30;m;w;ayden;gum swamp;4818;28513;nc
B;G005860;5789;madeline;taha;abdo;36;f;w;greenville;wright;1610;27858;dc
B;G005861;5790;taylor;;williams;20;u;u;greenville;clement hall;206;27858;
B;G005862;5791;charles;martin;hudson;40;m;w;greenville;bell arthur;2883;27834;nc
B;G005863;5792;theresa;edwards;phillips;52;f;b;winterville;grasmere;653;28590;
B;G005864;5793;keven;lee;painter;29;m;w;raleigh;silver view;7748;27613;nc
B;G005865;5794;brandon;wayne;matt;34;m;w;lumberton;jerome;84;28358;az
B;G005866;5795;ted;lee;murchison;86;m;w;elm city;rosebud church;4832;27822;
B;G005867;5796;james;epheriam;brady;44;m;w;fountain;church;3327;27829;
B;G005868;5797;shelley;nicole;carpenter;34;u;u;pilot mountain;ingleside;322;27041;va
B;G005869;5798;elena;louise;briere;25;f;w;greenville;locksley woods;2237;27858;nc
B;G005870;5799;victoria;karen;rushing;20;f;w;greenville;summit;208;27858;
B;G005871;5800;monico;evett;forbes;50;f;b;greenville;verdant;300;27858;nc
B;G005872;5801;phyllis;elaine;faircloth;53;f;w;greenville;11th;601;27858;nc
B;G005873;5802;ernestine;;andrews;72;f;b;greenville;hudson;623;27834;nc
B;G005874;5803;beth;abigail;meaux;34;f;u;greenville;spring forest;965;27834;
B;G005875;5804;tara;barber;smith;39;f;w;cleveland;tom barber;420;27013;nc
B;G005876;5805;montrell;donya;crandol;33;m;b;greenville;us 264;6771;27834;nc
B;G005877;5806;tonya;sherrell;darden;41;f;b;greenville;spring forest;510;27834;nc
B;G005879;5807;vrushhik;;borad;22;m;a;greenville;white hall;918;27858;
B;G005880;5808;mary;grace;bodmer;21;f;u;apex;chilcott;103;27502;vi
B;G005881;5809;tristan;james;pulliam;22;m;w;greenville;1st;1308;27858;nc
B;G005882;5810;margaret;scott;djernes;23;f;w;cary;davis;1801;27519;nc
B;G005883;5811;anna;kathryn;kearney;36;f;w;greenville;deveron;5170;27834;nc
B;G005883;5812;anna;kathryn;kearney;36;f;w;greenville;meade;208;27858;nc
B;G005884;5813;mary;brett;smith;27;f;w;greenville;wesley;302;27858;nc
B;G005885;5814;david;donovan;bunn;50;m;w;walstonburg;stantonsburg;9320;27888;va
B;G005886;5815;jasmine;teenette;moore;21;f;b;raleigh;oakwood;1315;27610;nc
B;G005887;5816;shannon;wahlen;flannery;35;f;w;greenville;lance;2537;27858;nc
B;G005888;5817;john;kenneth;mitchelson;34;m;w;greenville;boxwood;3804;27834;ga
B;G005889;5818;megan;renee;gelety;30;f;w;cary;huntsmoor;110;27513;oh
B;G005890;5819;shineace;latoya;mcneil;25;f;b;greenville;caldwell;3005;27834;nc
B;G005891;5820;adonica;;scott;46;f;b;red springs;westgate;7;28377;ny
B;G005892;5821;irene;gillian;bauer;21;u;u;knightdale;wellington;109;27545;
B;G005892;5822;irene;gillian;baver;21;u;u;knightdale;wellington;109;27545;
B;G005893;5823;amanda;lee;senatore;36;u;u;greenville;cornwall;4103;27834;
B;G005894;5824;andrew;m;white;38;m;w;wake forest;cornwell;9061;27587;az
B;G005896;5825;deborah;lee;tyner;57;f;w;winterville;persimmon;914;28590;nc
B;G005897;5826;suzanne;edwards;bower;46;f;w;greenville;margaret;1669;27858;ga
B;G005899;5827;alden;janelle;quick;28;f;b;greenville;jones hall;316;27858;nc
B;G005900;5828;brittany;;griffin;29;u;u;raleigh;shanda;6313;27609;
B;G005901;5829;daniel;blaine;mcqueen;28;m;w;greenville;boxelder;512;27858;nc
B;G005903;5830;shelby;nicole;beltran;27;f;w;greenville;10th;3329;27858;
B;G005904;5831;krystal;uniqu;telfair;26;f;b;greenville;flemming school;1241;27834;nc
B;G005906;5832;james;philip;kissinger;38;m;w;greenville;white hollow;1803;27858;nc
B;G005907;5833;emily;jean;cummings;38;f;w;greenville;treybrooke;1610;27834;va
B;G005908;5834;bryant;timothy;lewis;28;m;w;archdale;belgian;324;27263;nc
B;G005909;5835;sydney;marie;houghton;28;f;w;salisbury;bernhardt;445;28147;nc
B;G005910;5836;ashley;nicole;mangum;23;f;w;wake forest;heritage heights;1228;27587;nc
B;G005911;5837;alyssa;marie;cadavid;19;f;w;greenville;jarvis hall;225;27858;ma
B;G005912;5838;stephanie;garner;robinson;36;f;w;wake forest;ghoston;12912;27587;nc
B;G005913;5839;william;frank;newman;57;m;o;greenville;courtney;14;27858;
B;G005914;5840;christopher;ryan;jewett;36;m;w;raleigh;river bank;10221;27614;nc
B;G005915;5841;caitlin;mcdonald;humes;33;f;w;raleigh;lupine;1111;27606;nc
B;G005916;5842;angelica;claire;bigham;21;f;w;greenville;scott hall;220;27858;
B;G005917;5843;john;thomas;aldridge;73;m;w;wilson;country club;4935;27896;nc
B;G005918;5844;william;edward;lloyd;54;m;w;grifton;olive branch;272;28530;oh
B;G005919;5845;stephanie;aaron;ragland;40;f;w;raleigh;stillwater;6901;27613;nc
B;G005921;5846;jo ann;hocutt;garner;79;f;w;greenville;rondo;1815;27858;nc
B;G005922;5847;ter ron;cortez;parker;32;m;b;greenville;greenville;2228;27858;nc
B;G005923;5848;shaunita;leara;ervin;32;f;b;greenville;aycock hall;212;27858;nc
B;G005924;5849;allen;eugene;keen;58;m;w;greenville;cross creek;1217;27834;nc
B;G005926;5850;samuel;john;skoog;20;m;w;greenville;1st;1806;27858;nc
B;G005927;5851;carly;danielle;powell;30;f;w;rolesville;marshcroft;309;27571;nc
B;G005927;5852;carly;danielle;templeton;30;f;w;raleigh;falls landing;1911;27614;nc
B;G005929;5853;kenneth;james;olson;45;m;w;cary;cross keys;224;27511;co
B;G005930;5854;nicholus;lamar;cureton;29;m;b;monroe;confederate;2010;28110;nc
B;G005932;5855;harry;neil;thompson;77;m;w;sims;crushed stone;7067;27880;nc
B;G005933;5856;adam;garrett;thompson;31;m;w;holly springs;sturminster;301;27540;fl
B;G005934;5857;robert;l;gaston;71;m;w;raleigh;thorpshire;2108;27615;nc
B;G005936;5858;chelsea;elizabeth;torres;27;f;o;raleigh;summerton;10729;27614;nc
B;G005937;5859;christy;lynn;cannon;48;f;w;stantonsburg;us hwy 264 alt;6735;27883;
B;G005939;5860;john;austin;ferguson;24;m;w;asheboro;greentree;200;27203;nc
B;G005940;5861;mary;jo;smith;69;u;u;wake forest;comphrey;705;27587;
B;G005941;5862;rebecca;kelly;sefter;23;f;w;greenville;copper beech;2036;27858;nh
B;G005941;5863;rebecca;kelly;sefter;23;f;w;cary;modena;120;27513;nh
B;G005943;5864;dawn;yvonne;lewis;43;f;w;greenville;carriage house apts;40;27858;nc
B;G005944;5865;hannah;kathleen;jackson;28;f;w;wake forest;harris;205;27587;nc
B;G005945;5866;kevin;john;jarrell;30;m;w;trinity;hunt ridge;2894;27370;nc
B;G005946;5867;jaresa;perette;simmons;48;f;b;greenville;kristin;307;27834;nc
B;G005947;5868;emily;rose;holloway;20;f;w;greenville;exchange;1920;27858;ky
B;G005948;5869;alexander;evan;caporal;21;m;w;raleigh;raven;2211;27614;nc
B;G005950;5870;richard;patrick;kirk;68;m;w;rutherfordton;river crest;1972;28139;md
B;G005951;5871;cynthia;dawn;alford;42;f;w;ellenboro;grice;225;28040;nc
B;G005952;5872;ashley;deshaun;jackson;28;m;u;columbus;jackson hollow;158;28722;
B;G005953;5873;christopher;lawrence;ogles;58;m;w;mill spring;owl hollow;1323;28756;fl
B;G005954;5874;vergil;nelson;slee;101;m;w;columbus;laurel lake;621;28722;mi
B;G005955;5875;tina;denise;hutchins;57;f;w;tryon;old owens;72;28782;nc
B;G005956;5876;kristin;leigh;phillips;44;f;w;sophia;flint hill;7615;27350;nc
B;G005957;5877;thomas;wayne;biggs;64;m;w;ramseur;rockie river;4301;27316;va
B;G005959;5878;keith;randall;baldwin;57;m;b;asheboro;cedar falls;1026;27203;nc
B;G005960;5879;stacy;goins;moore;39;f;w;archdale;huff;4121;27263;nc
B;G005962;5880;donald;kevin;kearns;41;m;w;asheboro;country;2034;27205;nc
B;G005966;5881;charlene;ball;mcgrady;67;f;w;randleman;frazier view;709;27317;nc
B;G005967;5882;nicholas;ryan;jarrett;23;m;w;trinity;huckleberry;5745;27370;ca
B;G005969;5883;ronald;alan;powers;68;m;w;bennett;howard mill;7808;27208;nc
B;G005970;5884;buddy;junior;mabe;45;m;w;liberty;julian airport;5757;27298;de
B;G005971;5885;william;r;calloway;58;m;b;asheboro;breeze hill;1034;27203;
B;G005972;5886;alexandra;ortiz;velazquez;22;f;o;asheboro;ulah;696;27205;nc
B;G005976;5887;alejandro;;paniagua;52;m;o;archdale;aldridge;210;27263;
B;G005977;5888;carissa;renee;brown;32;f;w;ellerbe;jones spring church;1221;28338;mn
B;G005978;5889;barbara;;brailsford green;62;f;b;archdale;ashbrook;6136;27263;sc
B;G005979;5890;collin;grayson;hill;39;m;w;raleigh;mial;518;27608;nc
B;G005980;5891;kevin;lee;knestrick;34;m;w;asheboro;lassiter mill;5135;27205;
B;G005981;5892;deborah;diane earls;hilton;51;f;w;trinity;old us hwy 64;7627;27370;nc
B;G005985;5893;chrystal;elisabeth;dowd;42;f;b;asheboro;fayetteville;1819;27203;nc
B;G005987;5894;catherine;virginia;phillips;59;f;w;randleman;shaw;115;27317;ny
B;G005988;5895;crystal;brummett;talent;40;f;w;archdale;aldridge;307;27263;nc
B;G005989;5896;matisa;bolen;knowles;55;f;w;asheboro;hickory;2672;27205;in
B;G005990;5897;jennifer;brown;caudle;46;f;w;asheboro;glenwood;818;27203;
B;G005991;5898;anthony;john;libassi;69;m;w;pleasant garden;charles;2078;27313;ri
B;G005992;5899;rakeem;jamar;grimes;25;m;a;archdale;brookwood;1108;27263;
B;G005995;5900;rosetta;clarice;joyner;78;f;b;trinity;old school;5412;27370;nc
B;G005997;5901;bethany;mitchell;solberg;45;f;w;randleman;teal;4872;27317;nc
B;G006001;5902;brent;ray;tucker;46;m;w;trinity;red fox;3833;27370;nc
B;G006005;5903;sandra;lemonds;demetrelis;64;f;w;archdale;bradford;1302;27263;nc
B;G006006;5904;michael;shane;kennedy;42;m;w;sophia;earnhardt;3215;27350;nc
B;G006008;5905;blake;garon;salmons;36;m;w;eden;shannon;316;27288;nc
B;G006009;5906;richard;andrew;green;33;m;b;seagrove;gertrude loop;2985;27341;nc
B;G006011;5907;sierra;dawn;kearns;21;u;u;raleigh;wolf park;6108;27606;
B;G006013;5908;travis;edward;suits;27;m;w;trinity;cedarberry;6527;27370;nc
B;G006014;5909;timothy;michael;thornton;39;m;w;bostic;puzzle creek;251;28018;nc
B;G006015;5910;robert;e;babb;82;m;w;randleman;horseshoe bend;2897;27317;nc
B;G006016;5911;george;wallace;patrick;67;u;u;archdale;lindsay;100;27263;nc
B;G006017;5912;deanna;marie;sturdivant;45;f;b;hamlet;buttercup;406;28345;nc
B;G006018;5913;jannet;;lamourt;34;f;u;rockingham;pinecrest;118;28379;fl
B;G006019;5914;jalen;khalil;legrand;24;m;b;raleigh;spanglers spring;7200;27610;nc
B;G006020;5915;destiny;shae;stewart;25;f;w;boone;ridge view;190;28607;nc
B;G006021;5916;kathryn;lynn;ashton;32;f;w;rockingham;oakdale;102;28379;wv
B;G006022;5917;taylor;paige;morgan;27;f;w;rockingham;county home;637;28379;nc
B;G006023;5918;valerie;marie;gerald;59;f;b;fairmont;lewis;108;28340;pa
B;G006024;5919;keith;alan;covington;38;m;w;rockingham;stanley;532;28379;nc
B;G006025;5920;pamela;julian;santinelli;64;f;w;hamlet;boyd lake;650;28345;dc
B;G006026;5921;cornelius;parnell;terry;36;m;b;rockingham;long;108;28379;nc
B;G006027;5922;michael;darrell;hinson;22;m;b;ellerbe;nc 73;727;28338;nc
B;G006028;5923;gary;;bullard;53;m;i;pembroke;eddie;615;28372;nc
B;G006029;5924;margaret;short;gaddy;71;f;b;hoffman;us 1;3770;28347;nc
B;G006031;5925;donald;;branch;67;m;i;red springs;graham;2;28377;
B;G006031;5926;donald;;branch;67;m;u;st pauls;broadwell;86;28384;
B;G006033;5927;jan;marie;lowery;63;f;i;cary;shady meadow;138;27513;nc
B;G006034;5928;robert;levaughn;jones;37;m;b;lumberton;sinclair;406;28358;ny
B;G006035;5929;marlene;nicole;miles;39;f;b;maxton;mccallum;311;28364;ny
B;G006036;5930;andrea;blackmon;ivey;44;f;w;lumberton;derwood;887;28358;nc
B;G006037;5931;eric;m;evans;49;m;b;lumberton;nealy;290;28360;nc
B;G006038;5932;byron;lee;mcbride;29;m;i;lumberton;shamrock;111;28360;nc
B;G006039;5933;robert;lee;davis;66;m;b;lumberton;kite;222;28358;va
B;G006039;5934;robert;lee;davis;66;m;m;white oak;j c;59;28399;va
B;G006040;5935;anniatha;s;frazier mcmillan;67;f;b;lumberton;parrot;91;28360;nc
B;G006041;5936;cryshona;peacola;mcmillan;36;f;b;laurinburg;terrace;1425;28352;nj
B;G006042;5937;anne;philippa;meadows;78;f;w;garner;calico creek;1013;27529;
B;G006044;5938;patricia;ann;hunt;46;f;i;lumberton;tolarsville;150;28358;nc
B;G006045;5939;aaron;melvin;dial;33;m;i;lumberton;chicos;131;28360;
B;G006046;5940;vernon;david;mcallister;55;m;b;white oak;b melvin;133;28399;nc
B;G006047;5941;juan;javier;larregur;27;m;b;fuquay varina;kempsey;1524;27526;nc
B;G006049;5942;dolin;deion;brown;54;m;o;kelly;bigford;254;28448;nc
B;G006050;5943;mikal;alejandro;polanco;24;m;b;wilson;old stantonsburg;4109;27893;tx
B;G006051;5944;jason;;allen;22;m;w;pembroke;university;1;28372;nc
B;G006052;5945;chad;john;wells;39;m;w;reidsville;holiday loop;2497;27320;nc
B;G006053;5946;kathy;martin;harville;49;u;w;mayodan;cedar mountain;870;27027;
B;G006057;5947;rex;a;graybill;62;m;w;reidsville;rolling greens;144;27320;va
B;G006059;5948;douglas;delano;tilley;75;m;w;reidsville;almond;780;27320;nc
B;G006060;5949;salvador;millana;serrano;49;m;u;summerfield;hunters haven;156;27358;
B;G006061;5950;chelsi;ann;tuggle;29;f;w;reidsville;summit;818;27320;nc
B;G006062;5951;deborah;adams;blackwell;61;f;b;reidsville;stewart store;293;27320;va
B;G006063;5952;judy;marie;poole;54;f;b;reidsville;craddock;719;27320;nc
B;G006066;5953;william;boyd;housand;68;m;w;mayodan;madison ridge;103;27027;sc
B;G006067;5954;claudia;renee;hannig;54;f;w;reidsville;northend;116;27320;nc
B;G006069;5955;wesley;samuel;poindexter;31;m;b;reidsville;staples;522;27320;ny
B;G006070;5956;lawrence;louis;shornack;82;m;w;madison;hawks nest;141;27025;nj
B;G006074;5957;cathy;rochelle;broadnax;26;f;b;reidsville;price;521;27320;nc
B;G006075;5958;matthew;allen;bradley;43;m;w;reidsville;narrow gauge;1571;27320;nc
B;G006076;5959;victoria;jane;chambers;28;f;w;madison;decatur;312;27025;nc
B;G006077;5960;thomas;lee;buck;49;m;w;eden;rob tom;640;27288;va
B;G006078;5961;howard;austin;phillips;66;m;w;stokesdale;nc 65;10108;27357;nc
B;G006079;5962;courtnie;marie;parker;30;f;i;madison;corum;1023;27025;mt
B;G006080;5963;benjamin;porter;fraser;28;m;w;reidsville;pennington;411;27320;pa
B;G006081;5964;justin;alexander;parris;38;m;b;stoneville;young;288;27048;nc
B;G006082;5965;howard;zebulon;williams;63;m;w;germanton;big oak;1217;27019;nc
B;G006083;5966;theresa;f;woodle;60;f;w;reidsville;wheeler;439;27320;nc
B;G006084;5967;matthew;craig;garner;36;m;w;reidsville;sherwood;1112;27320;nc
B;G006085;5968;kathryn;burleson;womble;37;f;w;morrisville;shining wire;959;27560;nc
B;G006086;5969;cynthia;jernigan;farmer;63;f;w;reidsville;jarrell;170;27320;nc
B;G006088;5970;tierra;daycole;williams;29;f;b;eden;willow;914;27288;md
B;G006090;5971;john;sylvester;wheeler;70;m;b;reidsville;lala;270;27320;nc
B;G006091;5972;amy;jacobson;burris;40;f;w;madison;neal;349;27025;ma
B;G006093;5973;robert;allen;thornton;39;m;w;eden;turner;522;27288;wv
B;G006097;5974;paul;christopher;williams;34;m;b;knightdale;walton hill;5500;27545;nc
B;G006099;5975;timothy;o neal;hardy;33;m;b;windsor;taylor;908;27983;
B;G006101;5976;clifton;alden;early;27;m;w;aulander;pine;301;27805;nc
B;G006102;5977;brandi;alexus;hargon;23;f;b;salisbury;foxfire;2611;28147;
B;G006103;5978;tracey;michael;furr;41;m;w;rockwell;windsor wood;111;28138;nc
B;G006104;5979;daniel;alan;mccora;44;m;w;salisbury;main;1705;28144;va
B;G006105;5980;macey;miranda;corl;34;f;w;salisbury;luther barger;261;28146;nc
B;G006107;5981;brittany;leigh ann;deal;33;f;w;spencer;rowan;413;28159;nc
B;G006108;5982;charlena;marie;perrell;30;f;w;woodleaf;woodleaf;7965;27054;nc
B;G006109;5983;briana;m;renaldi;30;f;u;kannapolis;kristen;2409;28083;nc
B;G006111;5984;dorothy;marie;hall;56;f;b;salisbury;woodleaf;2205;28147;nc
B;G006112;5985;robin;neal;sandidge;52;m;w;indian trail;heritage;509;28079;ga
B;G006113;5986;leslie;sharon;king;57;f;w;salisbury;hawks nest;1234;28146;ny
B;G006114;5987;elizabeth;livengood;bost;35;f;w;salisbury;faith;6830;28146;nc
B;G006115;5988;serena;garner;cowan;24;f;b;salisbury;stoneybrook;140;28147;nc
B;G006116;5989;jeffrey;aaron;youngblood;35;u;u;apex;shopton;3010;27502;
B;G006117;5990;robert;m;currin;36;m;w;raleigh;cupp;121;27603;nc
B;G006119;5991;kelly;rae;shrader;29;f;w;misenheimer;pfeiffer;48366;28109;nc
B;G006120;5992;sarah;lane;lawrence;26;f;w;china grove;daugherty;1930;28023;sc
B;G006121;5993;robyn;brown;medina;55;f;w;pisgah forest;hawkins farm;163;28768;
B;G006122;5994;gina;spivey;smith;58;f;w;rockwell;edgar;1095;28138;nc
B;G006124;5995;dorothy;ferguson;williams;94;f;w;salisbury;b leazer;470;28147;nc
B;G006125;5996;ronnie;michael;brown;58;m;w;salisbury;kay;325;28146;nc
B;G006127;5997;stephen;walker;simpson;72;m;w;salisbury;brenner;1732;28144;ky
B;G006128;5998;donald;thomas;cooper;62;m;w;westfield;jackson;1915;27053;ny
B;G006129;5999;austin;jeffrey;miller;26;m;w;salisbury;robert;135;28147;ca
B;G006131;6000;tamara;shanay;burch;28;f;b;salisbury;elderberry;114;28147;nc
B;G006132;6001;steven;max;arrowood;64;m;w;ellenboro;ellenboro henrietta;2130;28040;nc
B;G006133;6002;michele;a;brown;37;f;b;rutherfordton;brown;181;28139;nc
B;G006134;6003;evelyn;ann;polly;52;f;w;bostic;depriest;1561;28018;nc
B;G006135;6004;elizabeth;rachel;wood;38;u;w;rutherfordton;crestview;233;28139;
B;G006136;6005;michael;jarrett;whiteside;39;m;b;rutherfordton;hamilton;631;28139;nc
B;G006137;6006;sonya;thompson;lovelace;46;f;w;mooresboro;hog pen branch;278;28114;sc
B;G006138;6007;shane;michael;dodson;49;m;w;ellenboro;apex;138;28040;
B;G006139;6008;latoya;shemia;petty;30;f;b;forest city;buck collins;603;28043;sc
B;G006139;6009;latoya;shemia;petty;30;f;b;raleigh;crossroads vista;1731;27606;sc
B;G006140;6010;melvin;francis;harr;54;m;w;roseboro;pleasant;307;28382;md
B;G006141;6011;george;albert;johnson;55;m;w;dunn;harnett dunn;2337;28334;
B;G006142;6012;lee;alexander;brown;41;m;u;clinton;bass lake;833;28328;ny
B;G006143;6013;johnnie;harold;mcphail;69;m;b;newton grove;alex benton;82;28366;nc
B;G006144;6014;ashley;long;yancey;37;f;w;clinton;ozzie;3932;28328;nc
B;G006145;6015;princess;michelle;cooper duff;37;f;b;salemburg;kate;127;28385;nc
B;G006147;6016;gina;kay;whitehead;26;f;i;autryville;old stage;144;28318;nc
B;G006148;6017;sherry;lynn;maynard;51;f;i;dunn;mingo church;2465;28334;nc
B;G006149;6018;malinda;anne;newman;40;f;w;dunn;aman dairy;586;28334;fl
B;G006150;6019;meredith;boyette;hill;33;f;w;raleigh;reedy ridge;8462;27613;nc
B;G006151;6020;george;nathan;lee;56;m;w;dunn;stone place;60;28334;nc
B;G006152;6021;john;marks;cooper;79;m;w;newton grove;roanoke;6551;28366;nc
B;G006153;6022;jonathan;michael;byrd;32;m;w;holly springs;dutch hill;204;27540;oc
B;G006154;6023;julie;joylynn;horrell;33;f;w;garland;hill;1476;28441;co
B;G006155;6024;micialea;s;terry;33;f;b;laurinburg;mccoll;12318;28352;nc
B;G006156;6025;shannon;smith;beasley;40;f;w;laurinburg;turnpike;9820;28352;
B;G006157;6026;anthony;;johnson;37;f;b;laurinburg;vance;113;28352;nc
B;G006157;6027;anthony;rasheim;johnson;37;m;b;raleigh;offshore;4229;27610;nc
B;G006158;6028;brittany;diane;faulk;29;f;o;marston;sandridge;26240;28363;nc
B;G006159;6029;shirley;;thomas zeigler;65;f;b;laurinburg;terrace;1428;28352;ny
B;G006160;6030;fredrick;lamont;ivey;45;m;b;laurinburg;vance;615;28352;nc
B;G006161;6031;sarah;danielle;yandle;30;f;w;locust;five point;13402;28097;
B;G006163;6032;anna;gaddy;lashua;34;f;w;norwood;allenton;337;28128;nc
B;G006164;6033;daniel;n;schreifer;66;m;w;oakboro;swift;8737;28129;
B;G006165;6034;brandon;philip;smith;24;m;w;oakboro;linmac farm;5431;28129;nc
B;G006167;6035;annie;ruth;luther;84;f;w;norwood;elm;532;28128;
B;G006168;6036;jared;matthias;speight;32;m;w;albemarle;greenwood park;3111;28001;hi
B;G006169;6037;curt;taylor;suneson;27;m;w;richfield;high rock;48400;28137;mn
B;G006170;6038;josephine;s;lambert;73;f;w;albemarle;burleson;27038;28001;
B;G006171;6039;shirley;layton;faulkenbury;61;f;w;new london;harwood;25438;28127;sc
B;G006172;6040;roberta;carol;herring;55;f;w;albemarle;azure;507;28001;nc
B;G006174;6041;tommy;wayne;long;62;m;w;stanfield;big lick;328;28163;nc
B;G006175;6042;ralph;anthony;testa;65;m;w;locust;whispering hills;281;28097;
B;G006176;6043;ashleigh;murray;poplin;34;f;w;indian trail;galena chase;1004;28079;md
B;G006177;6044;adam;brent;drye;37;m;w;raleigh;anfield;2868;27606;nc
B;G006178;6045;kenneth;stephen;hopkins;29;m;w;king;natalie;212;27021;nc
B;G006179;6046;trey;tyler;dudley;22;m;w;dobson;main;437;27017;nc
B;G006180;6047;cynthia;darlene;bramblett;51;f;w;king;maverick;313;27021;ga
B;G006181;6048;jamie;renee;jones;29;f;w;king;antique;108;27021;
B;G006182;6049;courtney;noah;hall;25;f;w;pilot mtn;nc 268 hwy;3985;27041;
B;G006184;6050;brenda;;lapeyrolerie;59;f;i;walnut cove;old plantation;1377;27052;la
B;G006185;6051;robert;thomas;jones;41;m;w;king;knollwood;113;27021;nc
B;G006187;6052;mark;anthony;marion;59;m;u;dobson;lake elva;124;27017;nc
B;G006188;6053;james;r;joyce;69;m;w;madison;k fork;1761;27025;nc
B;G006189;6054;riley;wade;shaw;21;m;w;king;robertson ridge;1770;27021;va
B;G006190;6055;hailey;samantha;chilton;28;f;w;pilot mountain;club house;295;27041;nc
B;G006191;6056;mary;elizabeth;brewster;40;f;w;pilot mtn;lonesome;1040;27041;nc
B;G006193;6057;karen;hall;stewart;63;f;w;king;forge mill;1340;27021;mi
B;G006195;6058;richard;a;bennett;46;m;w;fuquay varina;hazelton;1005;27526;nc
B;G006197;6059;laken;michelle;hall;27;f;w;mount airy;easter;257;27030;nc
B;G006198;6060;misty;nixon;lynch;39;f;w;elkin;victoria;198;28621;nc
B;G006199;6061;dawn;collins;wilmoth;36;f;w;jonesville;triplett;201;28642;nc
B;G006200;6062;anita;dawn;ramirez;41;f;w;dobson;bear creek church;538;27017;in
B;G006201;6063;amanda;jean;buchanan;29;f;w;mount airy;monroe;147;27030;nc
B;G006202;6064;marty;andrews;cave;33;m;w;state road;gramar;375;28676;nc
B;G006203;6065;emily;phyllis;money;44;f;w;raleigh;hunt club;108;27606;nc
B;G006203;6066;emily;phyllis;money;44;f;w;elkin;bourbon;235;28621;nc
B;G006204;6067;danny;frank;talley;58;m;w;pinnacle;nc 268;1063;27043;nc
B;G006205;6068;doris;ann;mckay;46;f;w;state road;logun;289;28676;sc
B;G006207;6069;casey;ryan;leftwich;39;m;w;mount airy;wards gap;2498;27030;nc
B;G006208;6070;elizabeth;gibbs;harrell;27;f;w;state road;timberbrook;560;28676;nc
B;G006209;6071;tommy;jackson;rucker;63;m;w;elkin;elk court;150;28621;nc
B;G006210;6072;marie;ringwald;leeds;46;f;w;state road;timberbrook;614;28676;oh
B;G006211;6073;darrell;gray;tate;54;m;w;pilot mountain;black mountain;1555;27041;nc
B;G006213;6074;jonathon;kendall;cawley;27;m;w;boone;king;300;28607;
B;G006215;6075;angelica;heilman;woodson;36;f;m;wilkesboro;linda carol;222;28697;
B;G006216;6076;justin;wayne;russell;30;m;w;yadkinville;rockarosa;1032;27055;nc
B;G006217;6077;stephanie;leann;luffman;30;f;w;ronda;luffman farm;330;28670;nc
B;G006219;6078;paige;gilbert;nance;48;m;w;elkin;hillcrest;315;28621;nc
B;G006220;6079;garry;steven;cardwell;71;m;w;elkin;harris;154;28621;nc
B;G006221;6080;amanda;gail;kirkland;27;f;w;bryson city;kirkland branch;315;28713;nc
B;G006223;6081;katherine;michelle;witten;32;f;w;raleigh;chadwick;413;27609;nc
B;G006224;6082;clarabelle;johnson;smith;75;f;b;pisgah forest;smith;99;28768;nc
B;G006226;6083;luther;martin;ambrose;61;m;w;columbia;chapel hill;2237;27925;nc
B;G006228;6084;teresa;joe;mccoy;60;f;b;elizabethtown;peanut plant;1017;28337;nc
B;G006229;6085;david;junior;troy;73;m;b;elizabethtown;mercer mill;209;28337;nc
B;G006230;6086;kenneth;wayne;locklear;51;m;i;tar heel;maysville;467;28392;va
B;G006231;6087;terry;andra;burnette;50;m;b;raleigh;bertram;4231;27604;nc
B;G006232;6088;jervis;garrett;allen;29;m;b;riegelwood;carter;608;28456;nc
B;G006234;6089;casey;shane;shipman;46;m;w;bladenboro;hemlock;714;28320;nc
B;G006235;6090;chelsea;dawn;bates;31;f;w;indian trail;indian trail fairview;127;28079;nc
B;G006236;6091;laura;marie;sager;32;f;w;waxhaw;briarstone;8806;28173;oh
B;G006237;6092;paul;allan;schaefer;58;m;w;matthews;weddington oaks;3570;28104;
B;G006240;6093;kaitlin;michelle;thomas;24;f;w;matthews;fairfield;15621;28104;sc
B;G006241;6094;lisa;leftwich;roberts;58;f;u;matthews;providence forest;3012;28104;
B;G006244;6095;kaci;heath;burgos;30;f;w;north wilkesboro;8th;1005;28659;nc
B;G006246;6096;erin;padgett;martin;30;f;w;monroe;hickory;3501;28112;nc
B;G006247;6097;susan;carol;copeland;76;f;w;goldsboro;creek run;129;27534;mn
B;G006248;6098;susan;isenhour;reynolds;42;f;w;indian trail;gray farm;3018;28079;nc
B;G006249;6099;olivia;rose;schwaner;19;f;w;boone;brown cone dorm;135;28608;
B;G006250;6100;donna;marie;callahan;60;f;w;monroe;yellow bell;2716;28112;mi
B;G006252;6101;michael;james;humphrey;42;m;w;monroe;beaver dam;3117;28110;nc
B;G006253;6102;michael;edward;carter;71;m;w;matthews;brookgreen;7026;28104;
B;G006254;6103;charles;jerome;myers;43;m;u;indian trail;matilda;1001;28079;
B;G006255;6104;bryan;edward;stover;49;m;w;waxhaw;bent creek;8505;28173;nj
B;G006257;6105;bonita;sturdivant;grace;54;f;b;monroe;hunters;2420;28110;nc
B;G006258;6106;margaret;page;cotter;20;f;w;waxhaw;peppergrass;8811;28173;ca
B;G006259;6107;james;arthur;cavanaugh;59;m;w;wake forest;keith;1016;27587;nj
B;G006260;6108;lisa;dawn;hatley;56;f;w;monroe;hopewood;2517;28110;
B;G006261;6109;stephanie;lett;phifer;39;f;w;marshville;lawyers;6707;28103;oc
B;G006263;6110;rashonda;lakeisha;sturdivant;36;f;b;wingate;maye;404;28174;nc
B;G006264;6111;tara;kathleen;brelinsky;47;f;w;henderson;young;241;27536;nj
B;G006268;6112;cleo;allen;lee;71;f;b;norlina;dr martin luther king jr;2512;27563;nc
B;G006269;6113;marie;diane;hilliard;61;f;w;henderson;cooper;613;27536;
B;G006271;6114;jonathan;edward;ayscue;35;u;w;henderson;ayscue;81;27536;nc
B;G006272;6115;antoine;maurice;chase;40;m;b;manson;bullocksville park;704;27553;pa
B;G006273;6116;joelle;lane;pernell;22;f;w;kittrell;timothy;319;27544;
B;G006275;6117;jeffrey;mathew;byrom;29;m;w;henderson;waddill;1808;27536;va
B;G006276;6118;audrey;hawkins;reid;47;f;b;henderson;julia;1800;27536;nc
B;G006277;6119;katherine;anna;gerber;31;f;w;henderson;clark;124;27537;nc
B;G006279;6120;jatoya;shanika;terry;29;f;b;warrenton;nc highway 58;1256;27589;nc
B;G006280;6121;paketia;renee;branche;48;f;b;kittrell;lynnbank estates;150;27544;nc
B;G006281;6122;samuel;vernon;fuller;47;m;b;henderson;parker;170;27536;
B;G006282;6123;geneva;d;davis;88;f;b;norlina;davis hyman;111;27563;nc
B;G006284;6124;betty;ann;leak;55;f;b;henderson;vance;683;27536;nc
B;G006285;6125;preston;foster;ricks;28;m;b;henderson;maple;1028;27536;nc
B;G006286;6126;shirley;jones;fuller;71;f;b;henderson;pinkston;111;27536;nc
B;G006288;6127;durwyn;perry;clifton;51;m;b;henderson;jefferson;695;27536;nc
B;G006289;6128;melissa;dawn young;gaye;39;f;w;henderson;dabney woods;265;27537;nc
B;G006292;6129;adaryll;bernard;windley;42;m;b;raleigh;dudley;1505;27610;
B;G006293;6130;kandi;privette;bailey;49;f;w;wake forest;stony hill;7641;27587;wa
B;G006295;6131;james;e;norris;43;m;b;holly springs;hyannis;205;27540;nc
B;G006296;6132;marion;tyrone;covington;64;m;b;raleigh;blue blossom;3648;27616;nc
B;G006299;6133;james;;mitchell;54;m;b;raleigh;calvary;3147;27604;oc
B;G006300;6134;nicholas;preston;kerr;30;m;w;wake forest;ledgerock;900;27587;
B;G006301;6135;ryan;lamar;givens;29;m;b;garner;burnham;108;27529;nc
B;G006302;6136;tiesa;nekeya;gause brown;42;f;b;raleigh;jackson;3821;27606;nc
B;G006303;6137;billie;jo marie;johnson;44;f;w;holly springs;steeple;309;27540;il
B;G006304;6138;shamar;anthony;herndon;34;m;b;raleigh;labrador;4429;27616;va
B;G006305;6139;ajani;quinzel;rumph;27;m;b;raleigh;pardue woods;3730;27603;ny
B;G006310;6140;otha;;tomlison;41;m;b;raleigh;londonderry;1313;27610;
B;G006310;6141;otha;;tomlison;41;m;b;raleigh;londonderry;1313;27610;
B;G006311;6142;delton;larod;lyons;36;m;b;apex;arrowhead;4617;27539;nc
B;G006312;6143;elizabeth;joy;bohmfalk thawley;53;f;w;cary;cherry hill;111;27518;me
B;G006313;6144;delton;wayne;brown;57;m;b;raleigh;spring glen;5904;27616;nc
B;G006314;6145;shawn;robert;hall;32;m;w;cary;black bird;310;27511;ar
B;G006315;6146;fredrick;;knight;48;m;b;raleigh;new bern;1209;27610;ny
B;G006316;6147;kathryn;michelle;sayre;35;f;w;raleigh;caspan;1125;27610;ga
B;G006317;6148;shamakia;verlica;brice;28;f;b;raleigh;cotton;825;27601;nc
B;G006318;6149;helen;delores;brown bullock;65;f;b;raleigh;bloodworth;700;27601;
B;G006319;6150;jaikira;alicze;rasberry;20;u;b;elm city;gray;602;27822;
B;G006320;6151;timothy;william;dubose;19;m;w;raleigh;burningbush;1311;27614;
B;G006321;6152;ashley;marie;winefordher;19;f;w;apex;gullane;116;27502;nc
B;G006322;6153;james;john;fischetti;54;m;w;raleigh;hopeton;2109;27614;md
B;G006323;6154;stephen;mial;williamson;34;m;w;raleigh;carl williamson;1804;27610;ga
B;G006324;6155;michael;edward;woodhouse;25;m;w;wake forest;austin creek;6416;27587;ny
B;G006325;6156;keairra;lashawn;sutton;20;f;b;raleigh;south;118;27601;
B;G006326;6157;kelly;louise;fisher;36;f;w;raleigh;chester;1341;27608;nc
B;G006327;6158;william;cecil;deal;68;u;u;willow spring;norman blalock;3319;27592;
B;G006328;6159;rebecca;allison;decarlo;31;f;w;raleigh;clover;424;27604;nc
B;G006328;6160;rebecca;allison;decarlo;31;f;w;raleigh;hawser;1000;27606;
B;G006329;6161;trenae;deatrice;cash;23;f;b;apex;cortland;2909;27539;sc
B;G006331;6162;samuel;taylor;erving;41;m;b;raleigh;smoke;2808;27610;ca
B;G006332;6163;phyllis;terry;jacobs;69;f;b;raleigh;raleigh;1301;27610;
B;G006333;6164;pamela;a;dionne;61;f;w;raleigh;temple;810;27609;nc
B;G006335;6165;john;capell;jay;35;m;w;apex;flying hawk;1300;27523;nc
B;G006336;6166;amanda;karas;loebach;36;f;w;raleigh;smokerise;2444;27615;ct
B;G006338;6167;braxton;sterling;oneal;29;m;w;raleigh;yates mill;3811;27606;nc
B;G006339;6168;ray;anthony;jackson;64;m;b;wilson;hawthorne;200;27893;nc
B;G006340;6169;bearta;ramez;powell;52;f;w;raleigh;normanshire;5621;27606;oc
B;G006341;6170;delvin;leon;heath;35;m;b;raleigh;oakwood;1315;27610;nc
B;G006342;6171;tiffany;s;hunter;34;f;b;raleigh;ranada;5104;27616;nj
B;G006343;6172;sean;burgess;hess;28;m;w;raleigh;ncsu carroll;0;27607;oc
B;G006345;6173;leroy;leath;smith;54;m;b;wake forest;green hollow;6712;27587;nc
B;G006346;6174;chon;oneil;eason;50;m;b;garner;lane of tristram;213;27529;nc
B;G006348;6175;susan;lorraine;swanson;63;f;w;fuquay varina;old bramble;1109;27526;mi
B;G006349;6176;samantha;faye;wathen;24;u;w;raleigh;oak meadow;5720;27612;
B;G006351;6177;stephanie;marie;munn;35;f;w;raleigh;manatee;8205;27616;az
B;G006353;6178;martika;t;reed;24;u;u;raleigh;southgate;2020;27610;
B;G006354;6179;elizabeth;w;cullipher;66;f;w;raleigh;summer;3704;27604;nc
B;G006355;6180;joshua;jay;bardwell;39;m;u;wake forest;lochmaben;835;27587;
B;G006356;6181;lorrin;elizabeth;plyler;29;u;w;cary;umstead hollow;1228;27513;
B;G006357;6182;edith;edward;manners;54;f;w;wake forest;barham siding;5604;27587;nc
B;G006358;6183;janice;ruth;lassiter;65;f;b;raleigh;swain;420;27601;
B;G006359;6184;jaeyeon;;kim;35;f;o;raleigh;calliope;2820;27616;oc
B;G006360;6185;wei;song;kelly;43;u;u;cary;shergold;5236;27519;
B;G006361;6186;yusuf;ali;simonson;31;m;m;raleigh;old warden;10120;27615;ma
B;G006364;6187;delwynne;t;lennon;58;m;b;raleigh;cahaba;5412;27616;nc
B;G006365;6188;barbara;e;sharpe;80;f;w;cary;bogue;107;27511;pa
B;G006366;6189;james;berry;townsend;58;m;w;raleigh;stratton;6028;27609;nc
B;G006367;6190;juliette;;evans;71;f;b;raleigh;tee dee;1913;27610;nc
B;G006369;6191;kurt;robert;blomquist;34;m;w;cary;old bridge;108;27518;md
B;G006370;6192;katherine;anderson;kermiar;75;f;w;garner;spring;2000;27529;nc
B;G006371;6193;brian;ross;mccrum;43;m;w;raleigh;wallingford;5000;27616;mi
B;G006372;6194;jennifer;jill;greenfield;45;f;w;raleigh;summit manor;5301;27613;oh
B;G006373;6195;robert;mark;reasoner;43;m;w;wake forest;bud morris;7648;27587;fl
B;G006374;6196;sheila;renee;cassady;45;f;b;raleigh;hayling;3024;27610;nc
B;G006376;6197;jose;dewata;pender;51;m;b;garner;seventh;905;27529;nc
B;G006377;6198;paul;thomas;eldridge;32;m;w;boone;deer run;314;28607;nc
B;G006378;6199;monica;rochelle;griffin;53;f;b;kenly;sullivan;8954;27542;ny
B;G006379;6200;amee;brackett;wojdyla;38;f;w;raleigh;walnut creek;3120;27606;ut
B;G006380;6201;eric;allen;mann;47;m;w;wilson;winding ridge;2703;27893;ri
B;G006381;6202;skye;dane;mitchell;27;f;w;raleigh;avent ferry;4347;27606;nc
B;G006382;6203;mark;perry;goldston;27;m;w;raleigh;faircloth;204;27607;nc
B;G006384;6204;tracy;annette;millard;37;f;b;raleigh;cox;112;27605;dc
B;G006384;6205;tracy;annette;millard;37;f;b;raleigh;marble;523;27603;dc
B;G006386;6206;donte;devon;mangum;22;m;b;apex;sunset lake;4728;27539;nc
B;G006387;6207;jaime;delrae lester;williams;31;f;b;raleigh;bothwell;9210;27617;oh
B;G006388;6208;adrianne;mari;liggett;36;f;w;wake forest;thornrose;1157;27587;ca
B;G006389;6209;christopher;levon;mcnair;40;m;b;raleigh;method;718;27607;nc
B;G006390;6210;emontea;ian;gaines bland;26;m;b;raleigh;addison;1008;27610;va
B;G006391;6211;john;howard;dewald;71;u;u;wake forest;yellow poplar;228;27587;
B;G006392;6212;veronica;jean;miller;65;f;w;raleigh;hunting ridge;1029;27615;ct
B;G006393;6213;faye;nante;knight;41;u;u;raleigh;chenault;3104;27604;
B;G006393;6214;faye;n;knight;41;f;b;goldsboro;autumn winds;116;27530;nc
B;G006394;6215;beroski;;huguley;28;m;b;raleigh;kent;1303;27606;al
B;G006395;6216;yazmari;;matos rodriguez;31;f;o;raleigh;quail hollow;3302;27609;oc
B;G006396;6217;christopher;john;gagel;21;m;w;blowing rock;niley cook;854;28605;
B;G006397;6218;sapphura;jonas;mohammao;23;f;a;raleigh;clubhaven;11380;27617;nc
B;G006398;6219;kate;elizabeth;miller;24;f;w;apex;cameron woods;1215;27523;pa
B;G006399;6220;jacquelyn;nicole;paumier;29;f;w;raleigh;manor bluff;4110;27613;oh
B;G006401;6221;reginald;;howard;46;m;b;morrisville;old savannah;141;27560;nc
B;G006402;6222;dominic;vincent;leuci;36;m;w;raleigh;mountain mill;1301;27614;nj
B;G006406;6223;heidi;christine;valentine;45;f;w;willow spring;panther lake;8192;27592;ca
B;G006407;6224;joshalyn;;butts;48;f;b;raleigh;magellan;5719;27612;ny
B;G006408;6225;renee;michele;stein;46;f;w;purlear;summit;5712;28665;pa
B;G006409;6226;dyretta;chermore;smith denkins;39;f;b;raleigh;rock quarry;512;27610;nc
B;G006410;6227;dene;rogier;perry;49;f;w;wendell;commander;105;27591;sc
B;G006411;6228;donna;marie;giannini;56;f;w;raleigh;harp;1147;27604;ny
B;G006413;6229;kathryn;marie;meyer;43;f;w;raleigh;astro;3412;27604;nj
B;G006414;6230;carter;;dulcie;52;f;i;cary;alexan;1112;27519;
B;G006415;6231;carol;ann;withrow;79;f;w;wendell;marshburn;717;27591;ny
B;G006416;6232;leah;delaine;chandler;24;f;w;boone;hampton;242;28607;nc
B;G006418;6233;melody;lynn;artis;36;f;b;raleigh;presley;4300;27604;nc
B;G006419;6234;david;leon;ortiz;59;m;w;raleigh;millbrook woods;2911;27604;ny
B;G006420;6235;jaqueline;samantha;gilmore;53;f;u;wake forest;thompson mill;8929;27587;nc
B;G006421;6236;andrew;joseph;snyder;68;m;w;wake forest;brierroot;309;27587;
B;G006422;6237;shawn;tyler;redfield;50;m;w;wake forest;fanning;1117;27587;ct
B;G006423;6238;kaitlyn;arline;class;23;f;w;cary;parkarbor;121;27519;ny
B;G006424;6239;sammantha;gale;jones;51;f;b;sharpsburg;martin luther king;307;27878;nc
B;G006425;6240;melody;katrice;merritt;28;f;b;knightdale;rutledge landing;1221;27545;nc
B;G006426;6241;gail;;flowers;61;f;b;raleigh;gateway park;730;27601;nc
B;G006428;6242;julie;ann;allen;47;f;w;raleigh;friar tuck;948;27610;in
B;G006428;6243;julie;ann;stoebe;47;f;w;raleigh;friar tuck;948;27610;in
B;G006429;6244;josephine;;byers;75;f;w;apex;beckwith;2501;27523;
B;G006430;6245;jessica;ann;saucedo;33;f;w;raleigh;dacian;473;27610;mn
B;G006431;6246;dennis;e;farley;52;u;u;raleigh;silver sage;1211;27606;
B;G006432;6247;sondra;favor;shepley;36;f;w;apex;checker;109;27502;pa
B;G006433;6248;essence;u;brown;19;u;u;raleigh;south;118;27601;
B;G006435;6249;patricia;a;downey johnston;64;f;w;wake forest;wakefalls;6569;27587;nv
B;G006436;6250;melanie;w;mohlmann;44;f;w;wake forest;highland;1300;27587;nc
B;G006438;6251;cristina;marie;grimaldi;35;f;w;cary;spring bud;107;27513;dc
B;G006440;6252;jonathan;jason;van orden;33;m;w;raleigh;benedict;100;27614;fl
B;G006441;6253;jessica;;meza;31;f;u;apex;misty hollow;1819;27502;fl
B;G006442;6254;dana;;caldwell;41;f;b;raleigh;winter;6713;27616;nj
B;G006443;6255;theresa;geralyn;burke;58;f;w;wake forest;buttercup;1133;27587;ny
B;G006445;6256;kristen;victoria;matthews;28;f;w;zebulon;pleasant hill;2640;27597;nc
B;G006446;6257;laura;ann;frey;44;f;w;goldsboro;mill;503;27534;nh
B;G006447;6258;kevin;m;joseph;41;m;b;raleigh;elizabeth bennet;8823;27616;la
B;G006448;6259;frederick;douglas;battle;53;m;b;zebulon;yellow buckeye;3405;27597;nc
B;G006450;6260;chianti;sheantrease;muhammad;39;f;b;raleigh;griffis glen;4029;27610;fl
B;G006452;6261;sharon;denise;thompson;49;f;b;raleigh;crest;1407;27606;nc
B;G006453;6262;deborah;ann;bates;57;f;b;garner;winding brook;203;27529;nc
B;G006454;6263;victoria;marie;daley;26;f;w;cary;brisbane woods;526;27518;nc
B;G006456;6264;brian;eugene;montgomery;58;m;w;raleigh;summit arbor;4805;27612;in
B;G006458;6265;victor;gerome;mccanelley;28;m;b;raleigh;poole;6213;27610;nc
B;G006459;6266;alexandra;kelley;heath;29;f;w;wake forest;matherly;7517;27587;ga
B;G006460;6267;rocco;steven;strazzella;44;m;w;cary;reinhold;104;27513;nj
B;G006461;6268;caleb;amos;hilton;27;m;m;wake forest;brewers glynn;821;27587;
B;G006462;6269;marlo;lane;sell;46;f;m;wake forest;lightfoot;1013;27587;ny
B;G006463;6270;tyliyah;;winstead;21;u;u;raleigh;south;118;27601;
B;G006465;6271;kelly;james;walker;43;m;w;raleigh;wescott;1312;27614;ia
B;G006466;6272;debra;ann;dixon;59;f;w;raleigh;kennington park;14112;27614;ny
B;G006468;6273;david;;krabacher;76;m;w;raleigh;bartons creek;9412;27615;oh
B;G006469;6274;deborah;d;sanders;67;f;w;raleigh;scouting;2408;27615;nc
B;G006470;6275;ricky;howell;weaver;60;m;w;fuquay varina;hilltop needmore;4101;27526;nc
B;G006471;6276;patrick;stephen;wiggs;43;m;w;raleigh;housecreek;2231;27607;nc
B;G006472;6277;brittany;lenora;ramsey;31;f;b;raleigh;old lantern;1005;27614;nc
B;G006473;6278;tracey;clayton;barker;53;m;w;goldsboro;us 13;3658;27530;nc
B;G006474;6279;timothy;todd;oboyle;36;m;w;cary;woodfield lake;4110;27518;sc
B;G006475;6280;kristina;lynn;halasz;38;f;w;raleigh;lakepark;1405;27612;ny
B;G006476;6281;sheree;elaine;jackson;65;f;w;cary;searstone;17001;27513;ga
B;G006477;6282;joheni;;leon;27;u;u;raleigh;lexington;3840;27606;
B;G006478;6283;olivia;elizabeth;giglio;25;f;w;raleigh;doran;2409;27604;ny
B;G006479;6284;jenique;lashai;cannady;24;f;b;raleigh;loft;210;27609;nc
B;G006480;6285;beverly;ann;yearwood;55;f;b;fuquay varina;highrock lake;509;27526;
B;G006481;6286;thomas;e;crookshanks;57;m;w;knightdale;meadow pine;4537;27545;oc
B;G006483;6287;travis;madison;jones;28;m;w;wake forest;camp kanata;14200;27587;nc
B;G006484;6288;zachary;henderson;stirewalt;27;u;u;boone;cecil miller;186;28607;
B;G006485;6289;elizabeth;ann;taylor;56;f;w;cary;audubon parc;1528;27518;ny
B;G006486;6290;lisa;marie;salazar;41;f;w;cary;hampton lee;201;27513;az
B;G006487;6291;andrew;matthew;bilski;36;m;w;raleigh;sissinghurst;2908;27615;hi
B;G006488;6292;keywon;earl;strickland;38;m;b;garner;king arthur;202;27529;nc
B;G006489;6293;jonathan;chris;martin thorpe;30;m;b;raleigh;old stage;5110;27603;nc
B;G006490;6294;james;horton;doughton;30;m;u;raleigh;cambridge;2724;27608;oc
B;G006491;6295;arthur;l;moore;61;m;b;raleigh;freeman;508;27601;dc
B;G006492;6296;angela;marie;cotiechio;38;f;w;raleigh;barrington manor;2103;27612;oc
B;G006494;6297;alexandra;cain;olney;34;f;w;raleigh;bledsoe;314;27601;ca
B;G006495;6298;emily;frances;lowe;24;f;w;raleigh;penny;5512;27606;nc
B;G006497;6299;j j;;morgan;62;m;b;raleigh;tapers;4808;27616;tx
B;G006498;6300;laura;ann;carathanasis;54;f;w;cary;mclean;100;27513;nj
B;G006499;6301;latesha;denise;coley;36;f;b;raleigh;kings;332;27610;nc
B;G006500;6302;faith;kathryn;tilley;22;f;w;wake forest;remington woods;107;27587;nc
B;G006501;6303;laura;perryman;skinner;61;u;w;raleigh;whittington;1816;27614;
B;G006502;6304;jarrett;thomas;slusher;21;m;w;wake forest;silent brook;1221;27587;nc
B;G006503;6305;michelle;ann;cosimeno;51;f;w;wilson;westshire;3104;27896;mi
B;G006504;6306;teon;keshaw;parker;22;m;b;raleigh;willowglen;8200;27616;
B;G006505;6307;kelly;jones;urban;53;f;w;apex;thorncrest;211;27539;oh
B;G006506;6308;elena;;kyriakoulis;25;f;w;raleigh;laurnet;10833;27614;vt
B;G006508;6309;brandon;charles;mercado;25;m;w;raleigh;birmingham;4401;27604;pa
B;G006509;6310;homayun;ethan;azargoon;33;m;a;raleigh;blue ridge;3638;27612;ma
B;G006510;6311;pepper;;landson;48;f;w;wake forest;mangum dairy;8605;27587;
B;G006511;6312;david;fyfe;dixon;67;m;w;apex;thurrock;2501;27539;nj
B;G006512;6313;kenneth;algernal;martin;85;m;b;wilson;green;700;27893;nc
B;G006513;6314;sullynette;;guerrero de hostos;27;f;u;apex;reedybrook;9001;27523;pr
B;G006514;6315;barbara;june;richardson;58;f;w;raleigh;broomfield;7153;27615;ny
B;G006515;6316;tina;marie;martinez;55;f;w;garner;trail of merlin;511;27529;il
B;G006516;6317;theresa;e;cambre;39;f;w;raleigh;charleston;608;27606;tx
B;G006517;6318;vance;t;zimmerman;44;m;w;raleigh;tanager;3205;27606;nc
B;G006518;6319;jacob;alan;hartley;38;m;w;wake forest;studbury hall;4701;27587;ca
B;G006519;6320;mitchell;thomas;loeber;37;m;w;goldsboro;pou;806;27530;ny
B;G006520;6321;mavis;cathleen;shearin;50;f;b;raleigh;londonville;3540;27604;nj
B;G006522;6322;larry;leonard;olson;56;m;w;raleigh;landing falls;2949;27616;wi
B;G006523;6323;yara;oraina;nevarez darr;47;f;u;wendell;todd hill;406;27591;oc
B;G006525;6324;amanda;lineberger;hester;35;f;w;raleigh;gabriels bend;8101;27612;nc
B;G006528;6325;faisal;ahmad;daud;37;m;o;cary;belrose;203;27513;ky
B;G006529;6326;jennifer;louise;bloom;37;f;w;cary;bradford green;21131;27519;oh
B;G006530;6327;yvonne;donyell;baldwin;38;f;b;pikeville;kuwicki;103;27863;nc
B;G006531;6328;cody;josiah;chamberlain;24;m;w;cary;schubauer;100;27513;la
B;G006533;6329;shaletta;washington;holland;55;f;b;raleigh;guard hill;6574;27610;nc
B;G006534;6330;elizabeth;grace;blomquist;26;u;w;raleigh;swann;3705;27612;
B;G006535;6331;rekha;;manoj;46;f;a;cary;lampwick;723;27513;
B;G006536;6332;granville;myres;tilghman;80;m;w;raleigh;springmoor;224;27615;nc
B;G006537;6333;joseph;andrew;cobb;31;m;w;raleigh;straight a way;11948;27613;nc
B;G006538;6334;jessica;erin;reilly;42;f;w;raleigh;silkwood;6016;27612;ga
B;G006539;6335;dorothy;e;bowman;95;f;w;raleigh;lakemont;4907;27609;md
B;G006540;6336;don;;fick;50;m;w;cary;gallberry;503;27519;ny
B;G006541;6337;monique;bell;covington;43;f;b;raleigh;clubhaven;11310;27617;nc
B;G006542;6338;tyronne;cecil;cabell;47;m;b;plymouth;welcome;70;27962;ny
B;G006543;6339;tonjee;lanece;ward;36;f;b;raleigh;oak estate;7941;27617;
B;G006544;6340;stephen;thomas;petitjean;27;m;w;garner;madison farm;3200;27529;nj
B;G006545;6341;maria;m;rodriguez;45;f;o;raleigh;inglehurst;12101;27613;tx
B;G006546;6342;donielle;monique;mattis;26;f;b;cary;emerald downs;525;27519;va
B;G006548;6343;christina;freeman;goss;30;f;w;wake forest;mangum dairy;9236;27587;nc
B;G006550;6344;timothy;lee;hicks;33;m;w;raleigh;briar oak;5611;27612;
B;G006551;6345;marek;wladyslaw;kupiec;46;m;w;wake forest;wild meadow;3861;27587;oc
B;G006552;6346;tammy;lowraine;lynch;55;f;b;garner;forestwood;105;27529;nc
B;G006553;6347;kysha;caprease;king;46;f;b;raleigh;mcguire;8312;27616;ma
B;G006554;6348;wanda;natasha;brown;44;f;b;raleigh;argent valley;7537;27616;ny
B;G006556;6349;manaka;angela;green;23;u;u;raleigh;ncsu alexander;0;27607;
B;G006557;6350;donald;george;dehars;35;m;w;raleigh;pickwick;4016;27613;
B;G006559;6351;suzanne;lynn rose;hyer;39;f;w;cary;grande valley;2632;27513;pa
B;G006560;6352;belinda;ann;pitts;57;f;w;zebulon;watsonia;1011;27597;ks
B;G006562;6353;michael;d;waters;47;m;w;holly springs;stone hedge;224;27540;ny
B;G006563;6354;christopher;scott;balboni;53;m;w;raleigh;old stage;5612;27603;ny
B;G006566;6355;angela;dawn;cottrell;39;f;w;raleigh;cameo glass;5909;27612;nc
B;G006567;6356;jamie;dunne;zinn;37;f;w;raleigh;narrow valley;6612;27615;oh
B;G006569;6357;cary;bennett;ray;43;f;w;wake forest;red horse;741;27587;tx
B;G006570;6358;lamar;l;adams;33;m;b;goldsboro;best;803;27530;nj
B;G006571;6359;marlon;shawntel;harrington;28;m;b;wilson;ashbrook;3701;27896;wa
B;G006572;6360;paul;eugene;artis;36;u;u;goldsboro;hart;1515;27530;
B;G006573;6361;david;a;philhower;59;m;w;wake forest;white carriage;9605;27587;nj
B;G006575;6362;joshua;robert;bailey;42;m;w;apex;elderberry;2745;27539;nh
B;G006578;6363;sheila;r;gooding;59;f;w;raleigh;timber;5805;27606;nc
B;G006579;6364;audrey;p;moorefield;47;f;w;raleigh;shanda;6209;27609;nc
B;G006580;6365;ernestine;l;freas;99;f;w;raleigh;wimbleton;981;27609;pa
B;G006581;6366;archie;delmer;king;67;m;w;littleton;cedar pointe;128;27850;nc
B;G006582;6367;charles;joseph;smith;36;m;w;raleigh;kaplan;5521;27606;nc
B;G006584;6368;brenda;k;johnson;60;f;b;raleigh;mackinac island;4032;27610;nc
B;G006585;6369;james;clifford;cobbett;51;m;w;wendell;woodie;2709;27591;nh
B;G006586;6370;gabriela;b;moore;66;f;w;knightdale;cotton top;5512;27545;oc
B;G006587;6371;kimberly;a;kramer;43;f;w;raleigh;davidson;900;27609;nc
B;G006588;6372;evelyn;shurley;ganley;47;f;w;boone;kalmia;207;28607;tx
B;G006589;6373;lauren;elizabeth;parrish;32;f;w;wake forest;zebulon;5313;27587;nc
B;G006590;6374;dale;anthony;suggs;51;m;w;fuquay varina;terri creek;2013;27526;nc
B;G006591;6375;latoya;tinia;foye;37;f;b;boone;boone creek;135;28607;nc
B;G006592;6376;bernie;everette;goodwin;44;m;w;zebulon;pippin;9136;27597;nc
B;G006594;6377;lucia;fernanda;doss;49;f;w;wake forest;pearce;430;27587;nc
B;G006596;6378;janice;darlene;parrish;73;f;w;zebulon;kori;1701;27597;pa
B;G006599;6379;linda;lee;rivas;29;f;o;zebulon;primrose;307;27597;ny
B;G006600;6380;angela;renee;goldsby;35;f;b;goldsboro;whitfield;500;27530;nc
B;G006601;6381;khalil;jelani;jacobs;25;m;m;raleigh;branchwood;5844;27609;ga
B;G006602;6382;morgan;kristina;hall;22;f;w;boone;queen;575;28607;
B;G006603;6383;blake;thomas;saltamartini;24;m;w;raleigh;count fleet;9251;27617;nc
B;G006604;6384;jennifer;blake;parker;45;f;w;goldsboro;north pointe;110;27530;nc
B;G006605;6385;teresa;fowler;harris;57;f;w;macon;us highway 158;1544;27551;va
B;G006606;6386;barbara;gay;kearney;72;f;b;warrenton;kearney;172;27589;
B;G006607;6387;gabrielle;antoinette;newell;28;f;b;norlina;manson axtell;665;27563;nc
B;G006608;6388;pamela;gale;walker;59;f;b;warrenton;hall memorial;200;27589;va
B;G006610;6389;thomas;joseph;mcgrath;75;m;w;littleton;mockingbird;128;27850;mi
B;G006611;6390;milton;goodwin;davis;69;m;b;macon;embro vaughan;223;27551;nc
B;G006613;6391;edgar;lee;beamon;52;m;w;warrenton;airport;451;27589;va
B;G006616;6392;linda;watson;miller;66;f;w;macon;davis dead end;236;27551;id
B;G006617;6393;christopher;demarcus;hargrove;37;m;b;norlina;ulysses;110;27563;nc
B;G006618;6394;james;ervin;hill;39;m;b;plymouth;cool springs;27;27962;nc
B;G006619;6395;percilla;j;wilkins;65;f;b;plymouth;folly;1115;27962;nc
B;G006621;6396;james;michael;vivona;33;m;w;deep gap;elk creek;466;28618;nc
B;G006622;6397;patrick;nolan;belk;46;m;w;north wilkesboro;peden;606;28659;nc
B;G006623;6398;elizabeth;louise;mays;34;f;w;banner elk;nc hwy 105;10545;28604;nc
B;G006626;6399;karma;perry;wilson;46;f;w;boone;cedar;539;28607;nc
B;G006628;6400;rebecca;elizabeth;rubio serrano;27;f;w;millers creek;piney top;118;28651;nc
B;G006629;6401;tyson;robert;langdon;47;m;w;sugar grove;waterdog;225;28679;oh
B;G006630;6402;madeline;mei;blythe;21;f;a;boone;green;219;28607;oc
B;G006632;6403;heather;nicole;woodard;27;f;w;boone;nc hwy 105;4092;28607;
B;G006636;6404;wayne;allen;harris;61;m;w;wilkesboro;nc hwy 16;2200;28697;nc
B;G006637;6405;jenna;catherine;wells;23;f;w;boone;crossing way;219;28607;ga
B;G006639;6406;morgan;pauline;coleman;23;f;w;boone;blowing rock;949;28607;oh
B;G006642;6407;erik;pearce;sommers;35;m;w;boone;glendamere;111;28607;nc
B;G006643;6408;whitney;charlene;zumbrook;30;f;w;boone;madison;620;28607;tx
B;G006645;6409;william;thomas;boyd;69;m;w;wilson;kincaid;402;27893;az
B;G006647;6410;jessica;lynn;harrell;37;f;w;mt olive;corbett hill;593;28365;nc
B;G006648;6411;samuel;wayne;english;56;m;w;goldsboro;carlyle;102;27530;tx
B;G006648;6412;samuel;wayne;english;56;m;w;dudley;genoa;248;28333;tx
B;G006649;6413;brian;christopher;massey;35;m;w;wilson;dover;1809;27893;nc
B;G006650;6414;beverly;anjennette;thiemens;47;f;w;pikeville;russell;111;27863;va
B;G006651;6415;margaret;ann;gill;70;f;u;pikeville;ivey;318;27863;
B;G006652;6416;tara;leanne;sparks;37;f;w;pikeville;carla ann;204;27863;va
B;G006653;6417;leonard;duane;glance;75;m;w;goldsboro;tinderwood;104;27534;mi
B;G006654;6418;melanie;dawn;coonradt;36;f;w;goldsboro;dollard town;617;27534;nc
B;G006655;6419;brittany;nichole;lawrence;27;f;w;lucama;wheat swamp;7641;27851;nc
B;G006656;6420;william;linton;best;83;m;w;goldsboro;bennett farm;117;27530;nc
B;G006657;6421;diane;veronica;vaccaro;72;f;w;goldsboro;tramway;206;27534;ct
B;G006659;6422;genesis;dariela;moradel;28;f;u;goldsboro;winslow;102;27530;
B;G006660;6423;sherone;michele;johnson;42;f;b;goldsboro;par;107;27530;
B;G006661;6424;glenda;best;armstrong;55;f;b;goldsboro;vanderbilt;134;27530;nc
B;G006662;6425;brenda;kay;downing;42;f;w;goldsboro;old grantham;1170;27530;co
B;G006663;6426;samuel;baggett;mclamb;75;m;w;pikeville;big daddys;2266;27863;
B;G006664;6427;george;wayne;aycock;72;m;w;pikeville;nc 581;2236;27863;nc
B;G006665;6428;dionta;ontario;sims;27;m;b;fremont;chestnut;912;27830;nc
B;G006667;6429;montana;;hines;61;m;b;wilson;gay;806;27893;nc
B;G006668;6430;daryle;shane;church;42;m;w;wilkesboro;antioch church;788;28697;nc
B;G006669;6431;alicia;jaye;mcneil;37;f;w;north wilkesboro;hinshaw;1219;28659;nc
B;G006670;6432;suzzane;elizabeth;ives;62;f;w;jonesville;ava jane;898;28642;ct
B;G006672;6433;dillon;lee;absher;22;m;w;hays;absher;5367;28635;nc
B;G006673;6434;jerome;wilson;crouse;45;m;w;jonesville;swan creek;3609;28642;nc
B;G006674;6435;gregory;wayne;bauguess;28;m;w;roaring river;rivercliff;361;28669;nc
B;G006675;6436;terry;lee;stutts;61;m;w;yadkinville;union cross ch;2421;27055;nc
B;G006677;6437;brenda;irene;blackburn;68;f;w;elkin;edwards blackburn;580;28621;nc
B;G006678;6438;dennis;keith;monday;69;m;w;boonville;carson james;1056;27011;sc
B;G006679;6439;noah;matthew;pardue;33;m;w;jonesville;hill haven;4949;28642;nc
B;G006681;6440;jared;blake;williamson;33;m;w;walstonburg;nc hwy 91;7319;27888;nc
B;G006682;6441;shaun;thomas;griffin;33;m;w;wilson;tilghman;1217;27893;nc
B;G006683;6442;charles;dwight;breshears;56;m;w;wilson;lynn;1804;27893;nc
B;G006684;6443;ericka;elizabeth;arias;33;f;o;wilson;jayne;3405;27896;ny
B;G006685;6444;loralye;ingrid;creech;27;f;w;wilson;dartmore;1710;27893;nc
B;G006686;6445;john;andrew;sabatini;47;m;w;wilson;rollingwood;1104;27896;va
B;G006687;6446;stephen;todd;nichols;32;m;w;east bend;easy;2905;27018;nc
B;G006690;6447;juan;manuel;garcia;47;m;o;east bend;millcreek;1008;27018;oc
B;G006691;6448;hannah;marie;boles;30;f;w;yadkinville;snider;3001;27055;nc
