A;G000001;1;domenique;anna;gramolini;31;f;w;hillsborough;cheshire;200;27278;ri
A;G000002;2;deborah;;wells;49;f;w;burlington;glenkirk;1908;27215;
A;G000003;3;evan;nathaniel;workman;20;m;w;snow camp;mt hermon rock creek;6378;27349;
A;G000005;4;lacosta;gail;williamson;37;f;w;burlington;may;2248;27215;fl
A;G000006;5;jakia;tykel;sellars;23;f;b;burlington;elwood;1120;27217;nc
A;G000006;6;jakia;tykel;sellars;23;f;b;yanceyville;roger sellars;139;27379;nc
A;G000008;7;rebecca;cheek;murray;70;f;w;burlington;shamrock;1231;27215;nc
A;G000009;8;clayton;holloway;spivey;63;m;w;graham;sideview;809;27253;fl
A;G000010;9;maralyne;;sanchez;50;f;w;burlington;avon;523;27215;nc
A;G000011;10;zachary;joseph;pfeiffer;38;m;w;graham;thom;6361;27253;in
A;G000011;11;zachary;joseph;pfeiffer;38;m;w;hillsborough;dairyland;3711;27278;in
A;G000012;12;jeffrey;scott;woodlief;47;m;w;graham;meadow green;1803;27253;nc
A;G000013;13;gloria;mae;schweitzer;53;f;w;sneads ferry;stillwater landing;100;28460;oh
A;G000014;14;chara;lane;o connor;33;f;u;mebane;carden place;103;27302;ga
A;G000014;15;chara;o connor;tate;33;f;w;kernersville;cliffwood;175;27284;ga
A;G000015;16;carolyn;hubbard;gainey;74;f;w;mebane;carden place;105;27302;md
A;G000016;17;brittany;pertice delores;taylor;21;f;b;burlington;mebane;1515;27215;nc
A;G000017;18;bethany;elizabeth;gilmore;22;f;b;durham;cornwallis;1400;27713;nc
A;G000019;19;candace;hatch;wilson;45;f;w;haw river;millbrook;2489;27258;nc
A;G000019;20;candace;hatch;wilson;45;f;w;haw river;millbrook;2489;27258;nc
A;G000020;21;carol;fiske;gates;66;f;w;graham;doggett;303;27253;vt
A;G000021;22;david;snowden;liford;67;m;w;burlington;commerce;3121;27215;oh
A;G000022;23;phillip;s;smith;56;m;w;charlotte;benita;7223;28212;
A;G000022;24;phillip;scott;smith;56;m;w;oakboro;oak ridge;708;28129;nc
A;G000023;25;jeanetta;lakisher;mcneil;44;f;b;mebane;dogwood;1107;27302;nc
A;G000024;26;natoria;renae;boswell;33;f;b;burlington;beaumont;1310;27217;nc
A;G000025;27;stacey;harmon;higgins;46;f;w;durham;country club;1312;27712;nc
A;G000026;28;thomas;ralph;hayes;35;m;w;liberty;timber ridge lake;3818;27298;nc
A;G000026;29;thomas;ralph;hayes;35;m;w;staley;staley;125;27355;nc
A;G000028;30;kimberly;greeson;williard;39;f;w;mebane;holly ridge;141;27302;nc
A;G000030;31;billie;emma;dodson;42;f;w;mebane;holly hill;4104;27302;ct
A;G000031;32;stephen mic;emory;hurysz;28;m;w;haw river;pheasant run;2849;27258;nc
A;G000031;33;stephen;emory;hurysz;28;m;w;greenville;mulberry;1149;27858;nc
A;G000032;34;bryan;scott;langley;27;m;w;liberty;nc hwy 49;10807;27298;nc
A;G000033;35;lamonda;almira;sykes;28;f;b;mebane;willow brook;1417;27302;il
A;G000033;36;lamonda;;sykes;28;f;b;durham;horton;844;27704;il
A;G000034;37;albert;keith;bradshaw;72;m;w;snow camp;laurel ridge;5820;27349;nc
A;G000035;38;alan;charles;ellis;52;m;w;burlington;boyd wright;4036;27215;sc
A;G000036;39;paul;riley;frick;52;m;w;haw river;grant;3418;27258;nc
A;G000037;40;darryl;raynard;moye;53;m;b;durham;roxboro;2519;27707;ne
A;G000039;41;sierra;;cousin;28;f;b;durham;snowcrest;1507;27707;nc
A;G000039;42;sierra;s;cousin;28;f;b;mebane;lancaster;221;27302;nc
A;G000040;43;dale;shannon;gordon;50;m;w;prospect hill;ridgeville;2278;27314;ca
A;G000041;44;joanne;enman;martindale;74;f;w;snow camp;sylvan school;515;27349;ma
A;G000041;45;joanne;e;martindale;74;f;w;wendell;main;101;27591;ma
A;G000042;46;calvin;wade;curtis;30;m;b;burlington;fisher;607;27217;
A;G000043;47;matthew;russell;gugino;42;m;w;durham;ventura;5607;27712;ny
A;G000043;48;matthew;russell;gugino;42;m;w;mebane;daniels farm;1821;27302;ny
A;G000044;49;andrew;lee;mcclanahan;36;m;w;durham;courtney creek;200;27713;nc
A;G000044;50;andrew;lee;mcclanahan;36;m;w;wilmington;mcquillan;318;28412;nc
A;G000045;51;jessica;lee;harrell;38;f;w;arden;sycamore;326;28704;
A;G000046;52;judith;eleanor;filbey;72;f;w;gibsonville;alyssa;105;27249;ny
A;G000047;53;cleveland;leroy;mclemore;62;m;w;durham;riddle;2512;27703;nc
A;G000048;54;wayne;albert;oatis;33;m;b;graham;kernodle;426;27253;nc
A;G000048;55;wayne;albert;oatis;33;m;u;durham;dansey;31;27713;nc
A;G000049;56;linda;ann;krug;71;f;w;mebane;st croix;4030;27302;pa
A;G000050;57;clara;terrell;gibson;90;f;w;burlington;harris;3648;27215;nc
A;G000051;58;dona;chemena;navey;45;f;w;winston salem;twickenham;735;27127;tx
A;G000052;59;brandy;cheree;moore;39;f;b;burlington;mckinney;2755;27217;
A;G000053;60;james;marshall;shelton;43;m;o;graham;joe;100;27253;
A;G000054;61;eric;kahreen;murphy;46;m;b;durham;mimosa;637;27703;nc
A;G000055;62;reginald;leslie;singletary;29;m;b;burlington;nc hwy 49;3407;27217;pa
A;G000055;63;reginald;leslie;singletary;29;m;b;burlington;nc hwy 49;3407;27217;pa
A;G000057;64;john;dalton;loftin;63;m;w;mebane;meadowood;1616;27302;va
A;G000057;65;john;dalton;loftin;63;m;w;efland;clark farm;2315;27243;va
A;G000058;66;tracy;lynn;mack;45;f;w;mebane;mebane airport;1055;27302;oh
A;G000059;67;ronnie;jonathan;jeffries;42;m;m;burlington;glenkirk;1977;27215;nc
A;G000060;68;alyssa;jacklyn;fischer;30;f;w;burlington;north;630;27217;il
A;G000060;69;alyssa;jaclyn;ferguson;30;u;w;sanford;mill run;106;27330;
A;G000061;70;shawan;chresmie;tyson;37;f;b;burlington;everett;716;27215;nc
A;G000062;71;jennifer;clayton;virginia;45;f;w;hurdle mills;hawkins;2206;27541;nc
A;G000063;72;deborah;fuller;griffin;68;f;w;burlington;mebane;2008;27215;va
A;G000064;73;daniel;paul;kriss;50;m;w;burlington;lake;2223;27215;
A;G000065;74;rickie;curtis;parrish;64;m;w;mebane;carden place;103;27302;
A;G000065;75;rickie;c;parrish;64;m;w;matthews;heathershire;2600;28105;ga
A;G000066;76;lindsay;nicole;enoch;27;f;m;graham;ward;412;27253;nc
A;G000068;77;ursula;r;tysor;51;f;b;burlington;elder;1719;27215;nc
A;G000070;78;zachary;thomas;lorenz;29;m;w;liberty;silver lockemy;4216;27298;nc
A;G000072;79;keith;richard;ustaszewski;46;m;w;mebane;birkdale;1501;27302;il
A;G000073;80;kathryn;miller;bosquet;74;f;w;haw river;roxboro;324;27258;wy
A;G000074;81;jessica;lynn;hutchens;32;f;w;mebane;sandy;2211;27302;nc
A;G000075;82;kathy;carroll;viars;62;f;w;thomasville;oak meadow;24;27360;
A;G000076;83;patricia;constance;kurt;58;f;w;burlington;westbrook;609;27215;ny
A;G000076;84;patricia;constance;kurt;58;f;w;pittsboro;castle rock farm;5004;27312;ny
A;G000077;85;gavin;mckeithan;moss;40;m;w;elon;palladium;106;27244;ga
A;G000078;86;tarnisha;renee;edwards;32;f;b;knightdale;hodge;2837;27545;nc
A;G000078;87;tarnisha;renee;french;32;f;b;raleigh;featherstone;7712;27615;nc
A;G000079;88;robert;wayne;blankenship;25;u;u;mebane;village;102;27302;
A;G000079;89;robert;wayne;blankenship;25;m;w;concord;amarillo;4153;28027;nc
A;G000080;90;miguel;angel;amaya;21;m;o;burlington;belmont;2208;27215;nc
A;G000081;91;leah;elizabeth;burns;27;f;w;elon;station;141;27244;
A;G000082;92;joshua;caleb;spencer;22;m;w;burlington;cornwallis;824;27215;nc
A;G000083;93;amy;dalton;walter;36;f;w;charlotte;wilburn park;1945;28269;nc
A;G000083;94;amy;diana;dalton;36;f;w;charlotte;hidden ridge;9107;28216;
A;G000084;95;jessica;lauren;woody;29;f;w;haw river;northrop;3734;27258;ok
A;G000084;96;jessica;lauren;woody;29;f;w;raleigh;brookgate;8104;27617;ok
A;G000085;97;shannon;b;auman;44;f;w;liberty;greensboro chapel hill;3352;27298;nc
A;G000086;98;theresa;noel;verostek;31;f;w;charlotte;selwyn farms;3204;28209;oh
A;G000087;99;ronald;thomas;morris;84;m;w;mebane;sam snead;502;27302;nj
A;G000087;100;ronald;i;morris;84;m;w;mebane;ashbury;417;27302;
A;G000088;101;cynthia;m;rose;67;f;w;chapel hill;franklin;1108;27514;nj
A;G000089;102;renee;;ashby;59;f;w;gibsonville;slate;338;27249;va
A;G000089;103;renee;ashby;rash;59;f;w;stanfield;morriswoods;5987;28163;va
A;G000089;104;renee;ashby;rash;59;f;w;monroe;chadwyck;1010;28110;va
A;G000090;105;chase;daniel;hamrick;22;m;w;graham;gilbreath;400;27253;nc
A;G000091;106;david;michael;buck;36;m;w;lexington;regents center;822;27295;in
A;G000091;107;david;michael;buck;36;m;w;chapel hill;mccauley;219;27516;in
A;G000092;108;jerry;nolan;thomas;75;m;w;burlington;barham;1123;27215;nc
A;G000093;109;james;alexander;vassil;75;m;w;snow camp;snow camp;6965;27349;dc
A;G000094;110;rosemary;ann;lentzen;75;f;w;burlington;wade coble;3749;27215;nc
A;G000095;111;jessica;lynn;cox;33;f;w;gibsonville;cypress;208;27249;nc
A;G000095;112;jessica;lynn;cox;33;f;w;hillsborough;panther;1004;27278;nc
A;G000096;113;whitney;ellen;baker;29;f;w;graham;gilbreath;321;27253;in
A;G000096;114;whitney;ellen;baker;29;f;w;carrboro;poplar;400;27510;in
A;G000096;115;whitney;ellen;baker;29;f;w;carrboro;greensboro;506;27510;in
A;G000097;116;mandrell;edward;davis;28;m;b;burlington;graham;921;27217;nc
A;G000098;117;luci;mary agnes;miller;28;f;w;elon;bob baxter;701;27244;
A;G000098;118;luci;mary agnes;cunningham;28;u;u;sunset beach;crooked gulley;219;28468;
A;G000099;119;craig;leroy;jackson;27;m;b;wake forest;thompson glenn;920;27587;ca
A;G000099;120;craig;leroy;jackson;27;m;b;raleigh;herringbone;9408;27614;ca
A;G000100;121;kerry;lynn;smith;41;f;w;burlington;stonecrest;4119;27215;ny
A;G000101;122;daniel;john;wyar;33;m;w;burlington;stonecrest;4119;27215;oh
A;G000102;123;jacqueline;marie;van hoewyk;31;f;w;hillsborough;birmingham;1873;27278;
A;G000103;124;matthew;william;teal;34;m;w;mebane;carden place;137;27302;nc
A;G000103;125;matthew;william;teal;34;m;w;mebane;village lake;619;27302;nc
A;G000104;126;danielle;shea;peschon;28;f;m;raleigh;trailridge;2105;27603;tn
A;G000104;127;danielle;shea;peschon;28;f;m;raleigh;hinton;2319;27612;tn
A;G000105;128;nancy;l;yerton;75;f;w;charlotte;long hill;9507;28214;nc
A;G000106;129;danshel;denise;williams;38;f;m;burlington;meadowtop;683;27217;nc
A;G000107;130;rita;ann;ferguson;53;f;b;carrboro;smith level;1000;27510;tx
A;G000108;131;tracy;;llewellyn;30;f;w;elon;jennings berry;801;27244;sc
A;G000108;132;tracy;anne;llewellyn;30;f;w;matthews;fawn hill;3305;28105;sc
A;G000109;133;charlie;;watson;93;m;b;wilson;washington;1618;27893;ms
A;G000110;134;peter;andrew;mcsparin;35;m;w;lexington;spartan;589;27292;nj
A;G000111;135;richard;lee;cochran;58;m;w;burlington;ross acres;384;27217;nc
A;G000112;136;monica;rachelle;gibbs;39;f;b;bayboro;swan point;651;28515;ct
A;G000113;137;leta;naomi;falls;64;f;w;newton grove;homewood;43;28366;nc
A;G000114;138;evan;william;burkhart;32;m;w;burlington;alamance;505;27215;tx
A;G000115;139;karen;sienkeiwicz;boone;69;f;w;mebane;briarwood;1101;27302;ma
A;G000116;140;kellan;matthew;mckeon;32;m;w;chapel hill;frances;12;27517;ca
A;G000117;141;alysia;mae;whitley;28;f;w;haw river;rolling;618;27258;nc
A;G000118;142;rebecca;lowe;james;37;f;w;kernersville;hill n dale;8034;27284;nc
A;G000119;143;robert;stanley;allen;68;m;w;yanceyville;badgett sisters;6944;27379;nc
A;G000120;144;david;spencer;brenner;29;m;w;apex;village loop;545;27502;nc
A;G000121;145;lloyd;r;gilliam;81;m;w;cary;livingstone;211;27513;nc
A;G000122;146;lauren;johnson;mcfarland;27;f;w;shelby;rachel;103;28152;
A;G000123;147;shani;renee;riley;30;f;b;burlington;cleveland;1410;27217;nc
A;G000123;148;shani;renee;riley;30;f;b;durham;duke university;1505;27701;
A;G000124;149;michael;anthony;pierce;59;m;w;mebane;jones;1941;27302;ca
A;G000126;150;bonnie;christine atwe;olivere;36;f;w;asheboro;gant;2207;27203;nc
A;G000127;151;bryan;scott;dinsmore;49;m;w;sanford;rosser;3734;27330;ca
A;G000128;152;mary;creacy;hill;63;f;b;mebane;castle pines;1204;27302;nc
A;G000129;153;nathan;andre;hackney;29;m;b;burlington;baldwin;528;27217;
A;G000131;154;david;s;sutter;57;m;w;advance;renee;130;27006;
A;G000132;155;mellissie;kathleen;householder;33;f;w;north wilkesboro;cora caudill;2601;28659;az
A;G000133;156;ashley;marie;bishop;31;f;w;burlington;roslyn;1400;27215;nc
A;G000134;157;adrian;brianna;draper;27;f;b;burlington;stonecrest;4122;27215;nc
A;G000135;158;tyelisha;lashaune;fearrington;22;f;b;chapel hill;neville;1812;27516;
A;G000136;159;brittany;jo;gerringer;26;f;w;wilmington;hunters;5010;28405;
A;G000137;160;anna;lee;stubblefield;37;f;m;burlington;rockwood;1209;27215;nc
A;G000137;161;anna;;stubblefield;37;f;w;winston salem;scholastic;831;27106;nc
A;G000138;162;latonya;nicole;mciver yellock;40;f;b;leasburg;olive hill church;391;27291;va
A;G000138;163;latonya;nicole;mciver;40;f;b;winston salem;glenwood;30;27106;va
A;G000138;164;latonya;nicole mciver;penny;40;f;b;roxboro;boulder;47;27574;va
A;G000139;165;peggy;sue;kishpaugh;52;f;w;huntersville;camberly;8215;28078;ny
A;G000139;166;peggy;sue;kishpaugh;52;f;w;asheboro;luxury;780;27205;ny
A;G000140;167;joseph;williamson;stewart;47;m;w;burlington;huntington;710;27215;nc
A;G000141;168;timothy;daniel;taylor;64;m;w;burlington;whitsett;1715;27215;nc
A;G000143;169;lillie;m;poteat;59;f;b;burlington;pace landing;4943;27217;nc
A;G000145;170;lesley;doreen;good;36;f;w;cary;snap turtle;2111;27519;oh
A;G000146;171;elizabeth;andrews;price;50;f;w;randleman;oakridge;1067;27317;oc
A;G000146;172;elizabeth;andrews;stamper;50;f;w;apex;castleburg;2435;27523;
A;G000147;173;lamont;;tyson;38;m;b;winterville;sterling;114;28590;nc
A;G000148;174;daryl;wayne;clark;51;m;b;burlington;mckinney;2808;27217;nc
A;G000149;175;darlene;louise;sutton;47;f;w;haw river;stovall;3840;27258;oh
A;G000150;176;patricia;leigh;denault;24;f;w;elon;cook;475;27244;nc
A;G000150;177;patricia;leigh;denault;24;f;w;boone;locust lovill dorm;170;28608;nc
A;G000151;178;jeffrey;john;tsacoumangos;48;m;w;burlington;garden;3508;27215;mi
A;G000152;179;randall;keith;summers;62;m;w;mooresboro;hines;1030;28114;mi
A;G000152;180;randall;keith;summers;62;m;w;mooresboro;hines;1030;28114;mi
A;G000153;181;timothy;wayne;lail;42;m;w;burlington;hyde;2659;27217;va
A;G000153;182;timothy;wayne;lail;42;m;w;durham;elizabeth;505;27701;va
A;G000154;183;regina;thomas;albino;61;f;b;burlington;ross acres;251;27217;nc
A;G000155;184;jordan;isaiah;jones;22;m;b;burlington;beaumont;1308;27217;nc
A;G000156;185;joseph;faulk;ashley;40;m;w;burlington;mckinney;2511;27217;nc
A;G000157;186;noland;lewis;tipton;37;m;w;mebane;turnberry;419;27302;tx
A;G000158;187;karen;cristina;antunez;25;u;u;green level;james boswell;2156;27217;
A;G000158;188;karen;cristina;antunez;25;u;u;mebane;collington;800;27302;
A;G000159;189;treyvon;ishmeal;alston;25;m;b;burlington;anthony;531;27215;
A;G000159;190;treyvon;ishmeal;alston;25;m;b;burlington;anthony;531;27215;nc
A;G000160;191;briana;lefler;orr;26;f;w;graham;oakgrove;722;27253;nc
A;G000161;192;mark;stephon;english;49;m;b;mebane;us hwy 70;5008;27302;nc
A;G000162;193;erinn;joann;dimeo;32;f;w;burlington;amherst;3114;27215;nc
A;G000163;194;james;william;sanes;51;m;w;durham;linden;3900;27705;nc
A;G000165;195;arthur;byron;hunkins;81;m;w;burlington;trail one;316;27215;ny
A;G000167;196;adriene;hagan;murphy;44;f;b;morrisville;star magnolia;224;27560;ms
A;G000168;197;kameka;lashelle;springfield;40;f;b;graham;hanover;505;27253;nc
A;G000169;198;elysa;nicole;corin;32;f;w;snow camp;snow camp;8123;27349;ny
A;G000169;199;elysa;nicole;corin;32;f;w;chapel hill;fan branch;116;27516;ny
A;G000170;200;charles;phillip;jordan;45;m;w;burlington;nc hwy 62;6166;27215;nc
A;G000171;201;michelena;pascarelli;hajduk;77;f;w;mebane;oakfield;617;27302;ct
A;G000172;202;meaghun;mary;darab;41;f;u;hillsborough;margaret;423;27278;wi
A;G000173;203;alessandra;elizabeth;geboff;42;f;w;graham;town branch;1011;27253;nc
A;G000173;204;alessandra;elizabeth;geboff;42;f;w;durham;webb;6;27705;nc
A;G000174;205;mark;warriner;inge;26;m;u;elon;phoenix;100;27244;
A;G000175;206;robert;charles;eberhardt;67;m;w;mebane;sam snead;500;27302;wi
A;G000176;207;martha;holland;coller;37;f;w;gibsonville;st nicholas;317;27249;ny
A;G000176;208;martha;holland;coller;37;f;w;rougemont;stoney mountain;1176;27572;ny
A;G000177;209;kelly;michelle;bower;33;f;w;burlington;old st mark s church;1720;27215;oh
A;G000178;210;sharon;ann;adams;63;f;w;gibsonville;spence;600;27249;il
A;G000179;211;genese;bernclette;willis;38;f;b;graham;gilbreath;417;27253;nc
A;G000180;212;maryland;virginia;gibson;84;m;b;graham;commonwealth;1347;27253;
A;G000181;213;kathleen;ann;mawhorr;75;f;w;franklinville;hardin ellison;3839;27248;oh
A;G000182;214;genie;rae;freeman;24;f;w;yanceyville;marshall graves;2547;27379;nc
A;G000183;215;leah;whitt;jarvis;28;u;u;graham;quandary lake;1238;27253;
A;G000183;216;leah;whitt;jarvis;28;f;w;hillsborough;queen;207;27278;va
A;G000185;217;jason;;mccrimmon;36;m;b;burlington;dorsett;2201;27215;nc
A;G000186;218;trudy;joan;bettis;59;f;w;mebane;willow brook;1317;27302;vt
A;G000186;219;trudy;joan;bettis;59;f;w;durham;glen falls;100;27713;vt
A;G000187;220;katelyn;mccahan;stenersen;30;u;u;burlington;nc hwy 49;6225;27215;
A;G000187;221;katelyn;michelle;mccahan;30;f;u;raleigh;wickham;5100;27606;nc
A;G000188;222;daniel;richard;macfie;25;m;w;mebane;canterwood;309;27302;nj
A;G000189;223;jesse;william;lawless;37;m;w;providence;foster;4728;27315;va
A;G000190;224;stacey;annette;reichl;32;f;w;reidsville;diamond i;197;27320;nc
A;G000191;225;thomas;earl;johnson;29;m;b;burlington;old stoney mountain;678;27217;nc
A;G000191;226;thomas;earl;johnson;29;m;b;yanceyville;cherry grove;501;27379;nc
A;G000192;227;jacqueline;iris;simmons;69;f;w;haw river;crystal spring;2113;27258;ma
A;G000192;228;jacqueline;iris;simmons;69;f;w;hillsborough;ranger;1118;27278;ma
A;G000193;229;john;cary;johnson;23;m;w;mebane;oakland;115;27302;nc
A;G000194;230;jeffrey;scott;harkleroad;48;m;w;hillsborough;daphine;106;27278;nm
A;G000195;231;sharonda;lavon;james;49;f;b;burlington;grace;809;27217;nc
A;G000196;232;matthew;alfred;johnson;29;m;w;burlington;neese;434;27215;ky
A;G000196;233;matthew;alfred;johnson;29;m;w;charlotte;colony crossing;3509;28226;ky
A;G000197;234;machara;jo nae;street;19;f;b;graham;ivey;1087;27253;nc
A;G000198;235;pamela;;keith;33;f;b;mebane;fair oaks;237;27302;nc
A;G000199;236;curtis;j;cignetti;57;m;w;cary;burgwin wright;100;27519;pa
A;G000200;237;brittany;lee;clegg;32;f;w;mebane;village;102;27302;wv
A;G000201;238;david;akers;hosford;63;m;w;mebane;longleaf pine;874;27302;ga
A;G000201;239;david;akers;hosford;63;m;w;durham;cottonwood;3412;27707;ga
A;G000202;240;melissa;;clay;42;u;u;graham;providence;602;27253;
A;G000202;241;melissa;;clay;42;f;o;chapel hill;hillsborough;612;27514;il
A;G000203;242;megan;creech;dye;27;f;w;snow camp;silas;8225;27349;nc
A;G000203;243;megan;leann;creech;27;f;w;wilmington;colony;520;28409;nc
A;G000204;244;jessica;rosie;compton;25;f;w;burlington;hillford;2441;27217;ca
A;G000205;245;thomas;william;pirt;38;m;w;durham;stone lion;932;27703;co
A;G000205;246;thomas;william;pirt;38;m;w;apex;reunion arbor;418;27539;co
A;G000206;247;robert;tollefsen;thompson;48;m;w;fayetteville;rush;503;28305;nc
A;G000207;248;andrea;renee;jones henry;50;f;b;graham;parker;506;27253;nc
A;G000208;249;anna;friddle;evans;39;f;w;reidsville;oregon hill;1290;27320;nc
A;G000209;250;andrew;gail;lemasters;39;m;w;burlington;forestdale;3551;27215;wv
A;G000210;251;harvey;monroe;broadway;79;m;w;burlington;routh;1879;27217;nc
A;G000211;252;kelly;marie;jeffries;31;f;b;graham;creekside;408;27253;nc
A;G000212;253;hayley;brooke;sutton;25;f;w;concord;cloister;811;28027;nc
A;G000213;254;beverly;moody;bridges;63;f;w;graham;whispering oaks;4072;27253;nc
A;G000214;255;louis;sampson;geary;32;m;w;hillsborough;dimmocks mill;1218;27278;wv
A;G000215;256;wendy;evans;franks;45;f;w;burlington;deepwood;2933;27215;nc
A;G000216;257;mary;aldia;mckenzie;69;f;w;graham;capstone;2106;27253;or
A;G000217;258;rhonda;melissa;cox;56;f;w;liberty;ferguson;7371;27298;nc
A;G000218;259;sean;patrick;brougham;43;m;w;mebane;bluebird;3020;27302;wa
A;G000219;260;bobby;ray;horne;67;m;b;burlington;sherry;22;27215;nc
A;G000221;261;joseph;parker;barbour;59;m;w;burlington;malone;1809;27215;nc
A;G000222;262;roger;brice;vandling;51;m;w;elon;cherry grove;3495;27244;mi
A;G000226;263;doris;curl;tillman;88;f;w;graham;lindley mill;7622;27253;nc
A;G000227;264;mark;elliott;young;45;m;b;burlington;mebane;1524;27215;nc
A;G000228;265;jonathan;peter;shakelton;39;m;w;burlington;nottingham;2017;27215;ny
A;G000229;266;allison;kay;gregory;40;f;w;burlington;nc hwy 62;4355;27215;tx
A;G000230;267;angie;michelle;watts;47;f;w;carrboro;rock haven;100;27510;nc
A;G000230;268;angie;michelle;watts;47;f;w;mount airy;fairview;300;27030;
A;G000230;269;angie;michelle;watts;47;f;w;mount airy;fowler;1125;27030;nc
A;G000231;270;thomas;;patterson;75;m;w;burlington;plaid;815;27215;in
A;G000232;271;gloria;prosper;alex;43;f;b;durham;williamsburg;1801;27707;
A;G000233;272;gayle;noelle;blevins;52;f;w;durham;george king;5201;27707;
A;G000233;273;gayle;rolen;blevins;52;u;w;knightdale;blackpine;1016;27545;
A;G000234;274;robert;a;grant;29;m;w;graham;castle;1135;27253;nc
A;G000235;275;dana;marie;ziolkowski;35;f;w;burlington;pond;4330;27215;wi
A;G000236;276;leslie;ann;benfield;32;f;w;mebane;trollingwood hawfields;649;27302;nc
A;G000237;277;laura;lynn;cramer;63;f;w;mebane;carden place;141;27302;mi
A;G000238;278;dwayne;eric;artis;46;u;u;mebane;mcpherson;451;27302;nc
A;G000238;279;dwayne;eric;artis;46;m;b;raleigh;twickenham;4008;27613;nc
A;G000239;280;nancy;anne;depalma;57;f;w;pittsboro;sunny ridge;94;27312;ny
A;G000239;281;nancy;anne;depalma;57;f;w;reidsville;madison;448;27320;ny
A;G000240;282;jane;denson;mcguire;70;f;w;elon;huntingdon;655;27244;nc
A;G000241;283;charles;braddy;corbett;39;m;w;clayton;riverstone;350;27527;
A;G000242;284;crystal;diane;murawsky;35;f;w;granite falls;archer;22;28630;nc
A;G000242;285;crystal;diane;murawsky;35;f;w;taylorsville;cedar valley;176;28681;nc
A;G000243;286;richard;michael;dellapia;42;m;w;wilmington;st andrews;986;28412;nj
A;G000244;287;danese;newman;williams;49;f;w;leland;royal;115;28451;tx
A;G000245;288;courtney;taylor;mason;30;f;b;leland;night harbor;9397;28451;mi
A;G000245;289;courtney;t;mason;30;f;u;leland;night harbor;9397;28451;
A;G000245;290;courtney;taylor;mason;30;u;u;fayetteville;murchison;1200;28301;mi
A;G000246;291;lisa;ann;christie;62;f;w;oak island;norton;513;28465;vt
A;G000246;292;lisa;ann;christie;62;f;w;oak island;sherrill;301;28465;vt
A;G000247;293;carol;ann;mynatt;40;f;w;supply;bluebeard;2557;28462;pa
A;G000248;294;amber;renee;colley;31;f;w;ocean isle beach;sandalwood;1784;28469;nc
A;G000248;295;amber;renee;colley;31;f;w;greenville;exchange;1920;27858;nc
A;G000249;296;candice;michelle;hodgson;31;f;w;oak island;23rd;105;28465;nc
A;G000249;297;candice;michelle;hodgson;31;f;w;norwood;deland;13318;28128;nc
A;G000250;298;douglas;james;siler;53;m;w;shallotte;boone;4388;28470;mi
A;G000251;299;harry;thomas;boney;32;m;b;leland;hooper;8965;28451;nc
A;G000252;300;kimberly;dawn;glenn;48;f;w;leland;huckabee;9498;28451;mo
A;G000253;301;leroy;christopher;dowless;56;m;w;carolina shores;bayberry;30;28467;nc
A;G000254;302;vickie;surrell;robbins;47;f;w;leland;judy;3805;28451;nc
A;G000255;303;james;carlton;howard;95;m;w;wilmington;wellington;1285;28401;nc
A;G000256;304;albert;hayden;caylor;74;m;w;murphy;white pine;240;28906;ga
A;G000258;305;deborah;smith;bellamy;61;f;w;wilmington;summit;23;28401;nc
A;G000259;306;becky;lynn;bichlmeir;63;f;w;indian trail;post oak;605;28079;il
A;G000260;307;autumn;rachel;bixler;31;f;w;fayetteville;buttonwood;7780;28314;pa
A;G000261;308;star;merrill;obser;37;f;w;winnabow;central;9203;28479;nc
A;G000261;309;star;merrill;obser;37;f;w;wilmington;saint johns;3651;28403;nj
A;G000261;310;star;;merrill;37;f;w;wilmington;cape fear;446;28401;nj
A;G000262;311;amber;lance;manus;33;f;w;bolivia;canal;650;28422;nc
A;G000263;312;lydia;marie;robinson;62;f;b;supply;little macedonia;308;28462;ca
A;G000263;313;lydia;marie;robinson;62;f;b;shallotte;holmes;303;28470;ca
A;G000264;314;gregory;trelle;stackhouse;48;m;b;whiteville;thompson town;688;28472;nc
A;G000265;315;jeffrey;thomas;sworsy;32;m;w;shallotte;village point;1681;28470;fl
A;G000265;316;jeffrey;thomas;sworsy;32;m;w;wilmington;richelieu;306;28412;fl
A;G000266;317;roderick;leo;denkins;58;m;b;leland;hidden branches;10041;28451;nc
A;G000267;318;sherry;hinson;simpson;71;f;w;concord;lake concord;140;28025;nc
A;G000267;319;sherry;h;simpson;71;f;w;concord;cloister;791;28027;nc
A;G000268;320;paul;ballengee;badgett;51;m;w;leland;orchard loop;8595;28451;nc
A;G000269;321;joseph;warren;winstead;34;m;w;wilmington;ann;611;28401;nc
A;G000270;322;marion;;benham;90;f;w;concord;axton;590;28027;ny
A;G000271;323;laura;sutphin;green;68;f;w;ocean isle beach;bloomsbury;7056;28469;nc
A;G000272;324;rachael;lynn;cushing;43;f;w;hendersonville;kanuga;1412;28739;nh
A;G000272;325;rachael;lynn;cushing cook;43;f;w;hendersonville;hawthorn;219;28791;nh
A;G000273;326;james;cornelius;moore;56;m;b;clayton;cedardale;76;27520;nc
A;G000273;327;james;cornelius;moore;56;m;b;rocky mount;rosedale;1134;27804;nc
A;G000274;328;eleanor;marie;sullivan;68;f;w;southport;club villas;3350;28461;ny
A;G000275;329;eileen;deitz;kapetsky;75;f;w;wilmington;meadowlark;7706;28411;md
A;G000275;330;eileen;deitz;kapetsky;75;f;w;wilmington;marina club;5410;28409;md
A;G000276;331;sylvia;d;liner;65;f;w;charlotte;kilborne;2735;28205;
A;G000277;332;renado;devlin;prince;33;m;b;winnabow;van galloway;310;28479;oc
A;G000278;333;gerald;;carr;55;m;b;wilmington;13th;1105;28401;nc
A;G000279;334;dana;michelle;king;35;f;w;sylva;grove;94;28779;nc
A;G000280;335;dwight;tommie;jessup;68;m;w;leland;sanderling;1017;28451;nc
A;G000281;336;rebecca;lynn;price;64;f;w;wilmington;bald eagle;8423;28411;nc
A;G000282;337;mildred;edwards;goodwin;63;f;w;ocean isle beach;salt marsh;1774;28469;sc
A;G000283;338;kristie;michelle;watson;36;f;w;shallotte;invishield;711;28470;ky
A;G000283;339;kristie;michelle;watson;36;f;w;clayton;annie v;20;27520;ky
A;G000284;340;wanda;renee;enamait;62;f;w;supply;fulford;2939;28462;mi
A;G000285;341;bruce;george;mabey;40;m;w;southport;club villas;3350;28461;nj
A;G000285;342;bruce;george;mabey;40;m;w;durham;james;1820;27707;nj
A;G000286;343;john;barton;felts;33;m;w;winnabow;north palm;105;28479;tx
A;G000287;344;wiley;truett;brooks;66;m;w;ocean isle beach;castlebrook;6453;28469;nc
A;G000288;345;thomas;alvin;reebel;71;m;w;denton;rima landing;380;27239;oh
A;G000288;346;thomas;alvin;reebel;71;m;w;winston salem;forest manor;4770;27103;oh
A;G000289;347;joshua;thomas;barnts;32;m;w;wilmington;nash;133;28403;vt
A;G000289;348;joshua;thomas;barnts;32;m;w;wilmington;kilarny;205;28409;vt
A;G000290;349;marilyn;rose;clark;71;f;w;bolivia;old ocean;2944;28422;nc
A;G000291;350;brenda;smith;everhart;62;f;w;boiling spring lakes;lumbee;749;28461;nc
A;G000292;351;kathryn;michele;langford;53;f;w;lexington;quail ridge;109;27292;sc
A;G000293;352;christy;lawton;farr;57;f;w;carolina shores;corn planters;867;28467;md
A;G000294;353;paul;chadwick;lawrence;34;m;w;leland;hawkeswater;10202;28451;nc
A;G000294;354;paul;chadwick;lawrence;34;m;w;winterville;ashley meadows;712;28590;nc
A;G000295;355;sebastian;frank;demarco;72;m;w;sunset beach;bellwood;157;28468;ny
A;G000296;356;kristina;chamberlain;aronowitz;31;f;w;leland;bonnie brae;1048;28451;nc
A;G000296;357;kristina;hope;chamberlain;31;f;w;boone;yosef;667;28607;nc
A;G000297;358;bronwyn;aaberg;megginson;58;f;w;supply;augustine;659;28462;tx
A;G000298;359;richard;joseph;trotta;58;m;w;wilmington;spencer;635;28412;pa
A;G000299;360;tonnya;hamrick;campagna;54;f;w;leland;slater;1085;28451;nc
A;G000300;361;diane;mary;lare;68;f;w;bolivia;hidden oaks;1509;28422;ny
A;G000300;362;diane;mary;lare;68;f;w;wilmington;stephens church;8651;28411;
A;G000301;363;kaitlyn;a;dantonoli;23;f;w;apex;kellyridge;400;27502;nc
A;G000302;364;brook;sisson;taylor;41;f;w;ocean isle beach;dunes;1412;28469;al
A;G000303;365;denise;;dickson;60;f;b;wilmington;fillmore;4684;28403;ny
A;G000304;366;jerry;paul;fowler;64;m;w;stoneville;settlement;358;27048;nc
A;G000305;367;eric;levon;freeman;44;m;b;leland;harrington;4257;28451;nc
A;G000306;368;brandon;guy;garner;37;m;w;supply;kristen;463;28462;nc
A;G000307;369;deborah;jean;vanderford;69;f;w;oak island;2nd;158;28465;mi
A;G000308;370;william;jackson;braswell;68;m;w;wilmington;anne;5802;28403;nc
A;G000308;371;william;jackson;braswell;68;m;w;lumberton;21st;306;28358;nc
A;G000309;372;george;w;wells;74;m;w;cary;scots cove;105;27518;tx
A;G000310;373;kimberly;marie;eadie;51;f;w;leland;night harbor;9520;28451;va
A;G000311;374;thomas;reginald;knight;30;m;w;wilmington;excalibur;3739;28403;nc
A;G000312;375;laurie;ann;gallo;69;f;w;wilmington;hobart;2801;28405;ny
A;G000313;376;billy;ray;palmatier;28;m;w;currie;borough;2608;28435;nc
A;G000314;377;billy;young;currie;41;m;w;waxhaw;dunsmore;2035;28173;ca
A;G000315;378;lawrence;wayne;phipps;74;m;w;wallace;legacy woods;214;28466;md
A;G000316;379;sarah;beth;tomlinson;34;f;w;kings mountain;oriental;104;28086;ms
A;G000317;380;jahson;hashim ojore ro;jno baptiste;25;m;b;leland;gum branch;3970;28451;ma
A;G000317;381;jahson;;jno baptiste;25;m;b;leland;gum branch;3970;28451;
A;G000318;382;robert;;spino;26;m;u;leland;olde towne wynd;9993;28451;
A;G000319;383;jennifer;lowe;wagner;54;f;w;bolivia;old ocean;1460;28422;nc
A;G000320;384;casey;cahill;black;38;m;w;leland;willow creek;2094;28451;nc
A;G000321;385;victoria;shaye;jordan;23;f;w;supply;quail;1333;28462;nc
A;G000322;386;frederick;kent;pape;61;m;w;leland;lake norman;1012;28451;il
A;G000322;387;frederick;kent;pape;61;m;w;wilmington;shelton;808;28412;il
A;G000323;388;elizabeth;sheehan;zwolinski;68;f;w;wilmington;cavalier;124;28403;ct
A;G000324;389;judy;clarke;parker;56;f;w;sunset beach;heritage;8935;28468;nc
A;G000324;390;judy;clarke;parker;56;u;u;knightdale;hodge;1929;27545;
A;G000325;391;christopher;jay;hines;21;m;w;leland;winterberry;1011;28451;nc
A;G000326;392;robert;g;hunt;60;m;w;huntersville;wedgewood;9240;28078;
A;G000327;393;payge;marie;taylor;26;f;o;oak island;oak island;2306;28465;nc
A;G000327;394;payge;marie;taylor;26;f;w;oak island;oak island;2306;28465;nc
A;G000328;395;joshua;dion;hewett;40;m;b;supply;sand hill river;308;28462;nc
A;G000329;396;jeremy;;walters;47;m;w;burgaw;us hwy 117;634;28425;
A;G000330;397;paul;alcinor;louis;38;m;b;wilmington;spring valley;1101;28405;ny
A;G000330;398;paul;alcinor;louis;38;m;o;wilmington;spring valley;1101;28405;ny
A;G000331;399;trinton;devon;freeman;32;m;b;leland;amber pines;1172;28451;nc
A;G000332;400;betty;gatewood;walker;84;f;w;eden;hillside;1319;27288;nc
A;G000333;401;stephen;paul;prokop;49;m;w;durham;somerknoll;6711;27713;md
A;G000333;402;stephen;paul;prokop;49;m;w;wilmington;hearthside;4155;28412;md
A;G000334;403;tammy;lyn;martin;46;f;w;ash;whiteville;2032;28420;tn
A;G000335;404;logan;aaron;parrish lopez;28;m;w;shallotte;smokerise;637;28470;ca
A;G000336;405;gerald;wayne;briggs;68;m;w;asheboro;fayetteville;2330;27203;nc
A;G000337;406;betty;jo;mccorkle;64;f;w;wilmington;gate post;5204;28412;nc
A;G000337;407;betty;jo;bennett;64;f;w;wilmington;pine hollow;4251;28412;nc
A;G000338;408;pamela;lynn;maines;59;f;w;wilmington;inverary;608;28405;pa
A;G000339;409;virginia;allene;rose;101;f;w;raleigh;hamlet green;2631;27614;ky
A;G000340;410;george;medrick;bozeman;42;m;b;leland;forest hill;1438;28451;nc
A;G000341;411;lindsay;leanne;orem;33;f;w;raeford;jackson;214;28376;nc
A;G000342;412;calvin;phillip;frady;70;m;w;southport;windward;5209;28461;nc
A;G000343;413;sharon;kuulei kapu;harper;45;f;w;wilmington;41st;1731;28403;hi
A;G000344;414;david;;bradley;52;m;w;oak island;yacht;3307;28465;nc
A;G000345;415;vernon;pierre;smith;56;m;b;leland;draymore;516;28451;nc
A;G000346;416;margie;fylstra;pope;62;f;w;sunset beach;north shore;1213;28468;sc
A;G000347;417;patricia;allen;clark;66;f;w;charlotte;quail hill;7055;28210;nc
A;G000348;418;larry;dwayne;lemon;63;m;w;calabash;jarvis;2013;28467;ia
A;G000349;419;marc;patrick;marziale;55;m;w;clayton;fountain;162;27520;ny
A;G000350;420;glenn;alfred;lemay;55;m;w;leland;orchard loop;8615;28451;ny
A;G000351;421;gina;swinson;logue;53;f;w;wilmington;5th;617;28401;nc
A;G000351;422;gina;swinson;locklear;53;f;w;lumberton;sussex;500;28358;nc
A;G000352;423;dania;shimon;flaverney;46;m;b;leland;lily pond;9535;28451;
A;G000353;424;charles;j;novotney;66;u;u;carolina shores;wedge;903;28467;
A;G000354;425;carol;j;bowman;71;f;w;durham;synnotts;3016;27705;pa
A;G000355;426;teresa;g;tant;55;f;w;oak island;oak island;2205;28465;nc
A;G000356;427;donna;bradford;bridges;53;f;w;leland;robert luke;1915;28451;nc
A;G000356;428;donna;bradford;bridges;53;u;w;shelby;lenick;65;28152;
A;G000357;429;joan;;vitale;49;f;w;leland;seany;9481;28451;ny
A;G000358;430;dorothy;christine;baumgartner;73;f;w;leland;braewood;3033;28451;mn
A;G000359;431;maureen;frances;more;65;f;w;southport;morningdale;2698;28461;ma
A;G000360;432;billy;joe;ward;55;m;w;oak island;32nd;111;28465;ca
A;G000361;433;stephen;anthony;wilkes;39;m;w;raleigh;dockside;3124;27613;nc
A;G000362;434;elizabeth;brooke;wilson;38;f;w;wake forest;mitchell mill;4201;27587;nc
A;G000363;435;sarah;suzann;laprade;38;f;w;wilmington;white ibis;4610;28412;ia
A;G000364;436;sean;nicholas;mcgovern;39;m;w;wilmington;racine;311;28403;oh
A;G000365;437;bobbie;shoaf;marshall;61;f;w;calabash;woodlands;221;28467;va
A;G000366;438;anthony;wayne;vetter;61;m;w;wilmington;alabama;610;28401;in
A;G000367;439;amy;lynn;boltz;34;f;w;bolivia;breezewood;797;28422;nc
A;G000368;440;madison;nicole;pigott;23;f;w;rocky mount;sunset;915;27804;sc
A;G000369;441;joanne;wagoner;harkey;60;f;w;salisbury;falcon;320;28146;nc
A;G000370;442;richard;lloyd;shope;35;m;w;greenville;10th;1108;27858;dc
A;G000370;443;richard;lloyd;shope;35;m;w;raleigh;summit manor;5200;27613;dc
A;G000371;444;matthew;gregory;renner;21;m;w;sunset beach;north shore;1210;28468;md
A;G000372;445;timothy;charles;pigford;42;m;m;leland;evanston;410;28451;nc
A;G000372;446;timothy;charles;pigford;42;m;i;washington;smaw;201;27889;
A;G000372;447;timothy;charles;pigford;42;m;b;washington;smaw;201;27889;nc
A;G000373;448;jennifer;wall;kimball;36;u;w;leland;slater;1104;28451;
A;G000373;449;jennifer;wall;kimball;36;f;w;mocksville;pine valley;269;27028;nc
A;G000373;450;jennifer;wall;kimball;36;f;w;winston salem;claim jumper;1977;27127;nc
A;G000374;451;malinda;;miller;30;f;w;shallotte;willard;503;28470;mi
A;G000375;452;herbert;neal;hunter;94;m;w;denver;miners cove;3271;28037;nc
A;G000376;453;christopher;david;hyatt;34;m;w;oak island;61st;216;28465;oc
A;G000377;454;martin;b;comuzie;40;m;w;shallotte;shell point;2784;28470;wv
A;G000378;455;margaret;proctor;swann;70;f;w;statesville;miller farm;396;28625;nc
A;G000378;456;margaret;proctor;swann;70;f;w;wilmington;plantation landing;8613;28411;nc
A;G000379;457;sebastian;tyler;alamond;27;m;w;oak island;57th;320;28465;pa
A;G000380;458;christopher;michael;howey;42;m;w;wilmington;lt congleton;1428;28409;nc
A;G000380;459;christopher;michael;howey;42;m;w;waxhaw;waxhaw indian trail;2807;28173;nc
A;G000381;460;teruko;m;dalcher;89;f;a;fuquay varina;judd;410;27526;oc
A;G000382;461;wanda;ann;skoog;56;f;w;supply;jessica;2688;28462;in
A;G000383;462;abigail;frances;piette;26;f;w;southport;alamance;4919;28461;co
A;G000383;463;abigail;frances;piette;26;f;w;boone;pilgrims;200;28607;
A;G000384;464;kathy;morris;hall;66;f;w;carolina beach;bowfin;1210;28428;sc
A;G000385;465;jarrod;;richardson;30;m;w;caswell beach;caswell beach;1000;28465;
A;G000385;466;jarrod;hoke;richardson;30;m;w;troutman;wagner;360;28166;nc
A;G000386;467;river;matthew;granton;23;m;w;wilmington;covey;1605;28411;sc
A;G000388;468;jimmy;lewis;tatum;46;m;w;ocean isle beach;ocean haven;1860;28469;nc
A;G000388;469;jimmy;lewis;tatum;46;m;w;fayetteville;camden;3858;28306;nc
A;G000389;470;jesse;dylan;white;23;m;w;leland;pepperwood;1716;28451;ms
A;G000390;471;hannah;rae;coker;28;f;w;wilmington;hearthside;4157;28412;nc
A;G000391;472;susan;helen;urbaniak;72;f;u;leland;braewood;3034;28451;
A;G000392;473;thaddeus;;zych;71;m;w;ayden;pinewood;4293;28513;pa
A;G000393;474;casey;delashmutt;nolan;27;m;w;leland;yorkstone;3048;28451;md
A;G000394;475;curtis;mark;garst;43;m;w;leland;lanvale;630;28451;nc
A;G000395;476;eva;king;worley;72;f;w;supply;maple creek;451;28462;nc
A;G000396;477;melinda;kay;edge;35;f;w;new bern;montgomery;2502;28562;
A;G000397;478;pamela;j;lee;73;f;w;rockingham;ann;1316;28379;wi
A;G000398;479;jon;keith;karschnik;48;m;w;leland;willow creek;2029;28451;oh
A;G000398;480;jon;keith;karschnik;48;m;w;wilmington;village;1503;28401;oh
A;G000399;481;emily;stuart;lennon;41;f;w;winnabow;caicos;122;28479;ny
A;G000400;482;james;robert;morrison;54;m;w;oak island;yacht;3006;28465;nc
A;G000400;483;james;robert;morrison;54;m;w;iron station;highway 27;6119;28080;nc
A;G000401;484;benjamin;james;meyer;43;m;w;four oaks;dell meadows;321;27524;nc
A;G000401;485;benjamin;james;meyer;43;m;w;carthage;gilchrist;791;28327;nc
A;G000402;486;daniel;james;barth;31;u;w;charlotte;homestead;12315;28277;
A;G000403;487;james;walter;lillagore;77;m;w;southport;kittiwake;4106;28461;pa
A;G000403;488;james;walter;lillagore;77;m;w;hickory;waterbury;1934;28602;pa
A;G000404;489;sheila;lynne;schult;62;f;w;leland;dowling;1011;28451;mi
A;G000405;490;mary;elizabeth;tucker;65;f;w;southport;cape fear;107;28461;nc
A;G000406;491;david;wayne;rhew;71;m;w;supply;adams;460;28462;
A;G000407;492;thomas;wayne;mears;63;m;w;fayetteville;burlington;3905;28312;va
A;G000408;493;norman;marshall;gore;56;m;w;leland;malmo loop;2462;28451;nc
A;G000409;494;rebecca;ann;hixon;61;f;b;winston salem;shadylawn;75;27104;ia
A;G000410;495;lisa;marshall;huber;60;f;w;southport;holly harbor;3610;28461;nj
A;G000411;496;kevin;peers;brown;66;m;w;leland;garden club;1112;28451;co
A;G000412;497;sherry;gibbs;christian;57;f;w;wilmington;hillside;726;28412;
A;G000413;498;vernon;c;rudolph;71;m;w;winston salem;westview;222;27104;dc
A;G000414;499;taylor;marie;smith;30;f;u;leland;cornwallis;10274;28451;oc
A;G000415;500;ira;ray;whitfield;69;m;w;durham;windover;6807;27712;nc
A;G000416;501;rebecca;sue;rogers;50;f;w;riegelwood;foxwood;5441;28456;fl
A;G000417;502;sarah;s;latham;90;f;w;chocowinity;whichards beach;2144;27817;nc
A;G000418;503;john;;bogumil;52;m;w;shallotte;goldfinch;1400;28470;ny
A;G000419;504;daniel;john;reese;54;m;w;cove city;lane farm;120;28523;ny
A;G000420;505;donna;v;kraynick;78;f;w;hampstead;bristle cone;101;28443;nc
A;G000421;506;richard;george;dolan;63;m;w;leland;oak;120;28451;wv
A;G000422;507;charnetta;denise leslie;frye;31;f;b;southern pines;rothney;495;28387;nc
A;G000422;508;charnetta;denise leslie;frye;31;f;b;aberdeen;walnut;307;28315;nc
A;G000423;509;nancy;r;padgett;76;f;w;carolina beach;rocky mount;805;28428;nc
A;G000423;510;nancy;russell;padgett;76;f;w;wilmington;alder ridge;4520;28412;nc
A;G000424;511;katherine;dare;harrison;55;f;w;oak island;trott;313;28465;nc
A;G000424;512;katherine;dare;harrison;55;f;w;new bern;lynn;902;28560;nc
A;G000425;513;betty;doebler;christl;60;f;w;tabor city;swamp fox;7013;28463;pa
A;G000426;514;judy;ann;murray;67;f;w;shelby;wingate;303;28152;nj
A;G000427;515;sandra;june;becker;70;f;w;wilmington;tarpon;913;28409;wi
A;G000428;516;margaret;mary;isbell;55;f;w;wilmington;tesla park;4514;28412;mi
A;G000430;517;tiffany;s;grant;38;f;b;wake forest;amaryllis;309;27587;nc
A;G000431;518;dona;herrmann caine;francis;67;f;w;sunset beach;prestwick;7488;28468;ny
A;G000432;519;timothy;ray;justice;55;m;w;lexington;nc highway 47;2212;27292;wv
A;G000433;520;philip;eugene;peeler;68;m;w;kernersville;old coach;1553;27284;nc
A;G000434;521;jeffery;frank;curry;55;m;w;wilmington;hearthside;4115;28412;pa
A;G000435;522;anekia;arnee;walker;43;f;b;wilmington;swann;513;28401;nc
A;G000436;523;michael;a;bryant;36;m;w;raleigh;dunleith;11417;27614;pa
A;G000437;524;penny;;polites;51;f;w;boiling spring lakes;south shore;816;28461;
A;G000438;525;david;bradley;purvis;34;m;w;wilmington;seminole;238;28409;ga
A;G000439;526;barbara;dillard;rogers;79;f;u;oak island;beach;6901;28465;sc
A;G000440;527;gregory;scott;freeman;54;m;w;sunset beach;shoreline;205;28468;nc
A;G000440;528;gregory;scott;freeman;54;m;w;trinity;archdale;4911;27370;nc
A;G000441;529;john;david;hamilton;31;m;w;wilmington;foxfield;424;28411;ny
A;G000441;530;john;d;hamilton;31;m;w;goldsboro;new hope;552;27534;ny
A;G000442;531;hannah;elizabeth;stewart;33;f;w;southport;river;8073;28461;nc
A;G000442;532;hannah;e;stewart;33;f;w;lumberton;4th;608;28358;nc
A;G000443;533;anthony;dale;pope;57;m;w;burnsville;clear creek;262;28714;co
A;G000443;534;anthony;dale;pope;57;m;w;canton;gant;261;28716;nc
A;G000444;535;kira;agnete;lee;40;f;w;fletcher;gravely branch;40;28732;oh
A;G000444;536;kira;agnete;lee;40;f;w;fairview;heritage mountain;39;28730;oh
A;G000445;537;alfred;john;moore;56;m;w;burnsville;bald creek school;29;28714;tx
A;G000445;538;alfred;john;moore;56;m;i;statesville;valley;1046;28677;tx
A;G000446;539;soyna;ann;vess;55;f;w;burnsville;hickory;317;28714;nc
A;G000446;540;sonya;ann;vess;55;f;w;burnsville;hickory;317;28714;nc
A;G000447;541;anna;mueller;thompson;74;f;w;burnsville;bobwhite;616;28714;
A;G000447;542;anna;mueller;thompson;74;f;w;burnsville;bobwhite;616;28714;
A;G000448;543;teresa;chapman;blount;56;f;w;charlotte;spruce knob;10723;28214;
A;G000449;544;brandi;marie;peterson;37;f;w;burnsville;bolens creek;1025;28714;nc
A;G000450;545;morgan;paige;morrow;27;f;u;burnsville;victory;394;28714;nc
A;G000451;546;heather;nichole;robinson;39;f;w;burnsville;forget me not;100;28714;nc
A;G000452;547;marquita;yvette;amodio;57;f;w;burnsville;main;200;28714;nc
A;G000452;548;marquita;yvette;amodio;57;f;w;bakersville;richmond;45;28705;nc
A;G000453;549;teresa;ann;hatley;51;f;w;green mountain;sugar creek;340;28740;nc
A;G000454;550;crystal;michele;beaver;41;f;w;marion;triple j;115;28752;nc
A;G000455;551;heather;nicole;young;29;f;w;newland;prison camp;859;28657;nc
A;G000456;552;mariah;leigh;keller;30;f;w;burnsville;lickskillet;3267;28714;nc
A;G000457;553;donald;reynolds;crane;58;m;w;green mountain;sugar creek;209;28740;fl
A;G000457;554;donald;reynolds;crane;58;m;w;marshall;candler;235;28753;fl
A;G000459;555;jeremy;lance;gregory;32;m;w;burnsville;charlie brown;1029;28714;nc
A;G000460;556;amanda;marie;rivenbark;29;f;w;asheville;ascension;99;28806;tn
A;G000461;557;vera;c;davis;80;f;w;spruce pine;burleson;302;28777;nc
A;G000462;558;travis;caleb;wright;37;m;w;burnsville;three quarter creek;886;28714;ok
A;G000463;559;lauren;elizabeth;bailey;33;f;w;burnsville;whittington;705;28714;nc
A;G000464;560;hannah;elizabeth;levin;40;f;w;burnsville;ams;60;28714;nc
A;G000464;561;hannah;elizabeth;levin;40;f;w;brasstown;weber;90;28902;nc
A;G000464;562;hannah;elizabeth;levin;40;f;w;whittier;groundhog mountain;90;28789;nc
A;G000465;563;linda;mallonee;hovis;72;f;w;green mountain;waterwheel dr;121;28740;nc
A;G000465;564;linda;mallonee;hovis;72;f;w;tryon;howard;201;28782;nc
A;G000465;565;linda;mallonee;hovis;72;f;w;tryon;eargle;104;28782;nc
A;G000466;566;darryl;ray;blankenship;54;m;w;burnsville;pine cone;129;28714;nc
A;G000467;567;michael;earl;tunks;70;m;w;asheville;reed;805;28803;il
A;G000468;568;connie;stanley;hewett;56;u;u;green mountain;double island;8271;28740;nc
A;G000469;569;mitzy;sides;stansberry;53;f;w;burnsville;green mountain;22;28714;nc
A;G000469;570;mitzy;joe;stansberry;53;f;w;kings mountain;marys grove ch;739;28086;
A;G000470;571;william;jeffrey;austin;29;m;w;vilas;tom brown;221;28692;nc
A;G000471;572;timothy;cline;burchett;71;m;w;arden;rhododendron;66;28704;
A;G000472;573;julie;ann;smith;50;f;w;asheville;mills gap;95;28803;al
A;G000472;574;julie;ann;smith;50;f;w;brevard;kimzey;31;28712;al
A;G000473;575;thomas;wayne;defrange;66;m;w;mills river;butler bridge;3178;28759;ok
A;G000474;576;joseph;blake;owenby;26;m;w;canton;henson cove;572;28716;nc
A;G000475;577;ryan;thomas;slagle;30;m;w;black mountain;pearl;24;28711;ny
A;G000476;578;ernest;lamaus;hargrove;34;m;b;asheville;hampton;49;28803;nc
A;G000476;579;ernest;lamaus;hargrove;34;m;b;kittrell;chavis;172;27544;nc
A;G000477;580;john;wainwright;mckeever;25;m;w;asheville;gardenwood;21;28803;la
A;G000478;581;baisha;kwanna;williams tisdale;40;f;b;weaverville;deerborne;6;28787;sc
A;G000479;582;bryan;keith;gregory;45;m;w;weaverville;bluff cove;39;28787;va
A;G000479;583;bryan;keith;gregory;45;m;w;surf city;shore;2807;28445;va
A;G000480;584;thomas;eugene;richards;57;m;w;arden;old shoals road;174;28704;pa
A;G000481;585;brooke;ashley;reaves;20;f;w;boone;tulip tree;172;28607;nc
A;G000482;586;spencer;norman;scheidt;29;m;w;asheville;fulton;19;28801;ca
A;G000482;587;spencer;norman;scheidt;29;m;w;chapel hill;raleigh;213;27514;ca
A;G000483;588;douglas;scott;west;61;m;w;fletcher;sterling run;31;28732;
A;G000484;589;lance;james;mcdonald;51;m;w;arden;thoroughbred;35;28704;wi
A;G000484;590;lance;james;mcdonald;51;m;w;hendersonville;pait;113;28791;wi
A;G000485;591;jonathan;;brown;30;m;w;chapel hill;hillsborough;1207;27516;
A;G000486;592;lee;adam;davis;49;m;w;asheville;deaverview;275;28806;nc
A;G000487;593;richard;daniel;baldasaro;48;m;w;leicester;dix creek no 1;372;28748;nc
A;G000488;594;jordan rene;mccarroll;lindsey;27;f;w;arden;thoroughbred;131;28704;nc
A;G000489;595;lois;hensley;norman;53;f;w;weaverville;jupiter;1139;28787;nc
A;G000489;596;lois;;hensley norman;53;f;w;weaverville;jupiter;1139;28787;
A;G000490;597;thomas;monroe;ward;33;m;w;asheville;first;57;28803;nc
A;G000491;598;laurinda;kirsten;anderson;49;f;u;arden;glen cove;28;28704;ct
A;G000492;599;andrew;james;brouwer;37;m;w;candler;vista lake;500;28715;mi
A;G000493;600;angela;gonzalez;norton;55;f;w;swannanoa;dare;9;28778;nc
A;G000493;601;angela;jane;edney;55;f;w;saluda;sawmill valley;145;28773;nc
A;G000493;602;angela;jane;edney;55;f;w;saluda;sawmill valley;149;28773;nc
A;G000495;603;robert;lee;collins;64;m;w;waynesville;chambers;303;28786;mi
A;G000496;604;johnny;bruce;mcmorris;64;m;b;asheville;parker;5;28803;nc
A;G000496;605;johnny;bruce;mcmorris;64;m;b;winston salem;edelweiss;3221;27127;nc
A;G000497;606;james;kyle;addison;65;m;w;arden;glen cove;18;28704;
A;G000498;607;james;robert;denny;43;m;w;franklin;jim mann;121;28734;fl
A;G000499;608;courtney;nicole;rogers;26;f;w;hendersonville;mountain;102;28791;nc
A;G000500;609;ann;patricia;williams;61;f;w;asheville;mildred;21;28806;
A;G000500;610;ann;patricia;williams;61;f;w;asheville;shelwood;401;28804;pa
A;G000501;611;brenda;lee;wade;55;f;w;maggie valley;lewis;179;28751;oh
A;G000502;612;hilliary;shea;begley;32;f;w;asheville;king arthur;5;28806;nc
A;G000503;613;debra;;schwartz;53;u;w;asheville;burlwood;102;28804;
A;G000503;614;debra;fran;schwartz;53;f;w;asheville;round top;63;28803;ny
A;G000504;615;katie;lynn;dager;31;f;w;candler;dottie;6;28715;ri
A;G000505;616;laura;michelle;galloway;50;f;w;canton;pioneer ridge;286;28716;ga
A;G000506;617;luke;nathanale;gaines;22;m;a;chapel hill;cole;119;27516;nc
A;G000507;618;jeffrey;warren;lavoie;41;m;w;spruce pine;old us hwy 19e;406;28777;ny
A;G000508;619;vera;christine;minton;69;f;w;lexington;st dylan;126;27295;sc
A;G000508;620;vera;argoe;minton;69;f;w;winston salem;dunwoody;100;27127;sc
A;G000509;621;david;s;bebber;58;m;w;charlotte;ridgecrest;4020;28211;nc
A;G000510;622;shelly;lynn;mathis;51;f;w;black mountain;azalea;522;28711;ca
A;G000510;623;shelly;lynn;mathis;51;f;w;hendersonville;davis mountain;1286;28739;ca
A;G000511;624;george;duncan;barnes;28;m;w;rocky mount;gloucester;3909;27803;nc
A;G000511;625;george;duncan;barnes;28;m;w;raleigh;ncsu sullivan;0;27607;oc
A;G000512;626;amanda;renea;fritts;28;f;w;fletcher;lumber river;22;28732;mi
A;G000513;627;rebekah;sue;white;40;f;w;asheville;riverview;404;28806;ok
A;G000514;628;suzanne;marie;riddle;47;f;w;arden;blake;17;28704;in
A;G000514;629;suzanne;marie;riddle;47;f;w;mills river;fawn valley;75;28759;in
A;G000515;630;robert;edward;brett;72;m;w;cullowhee;tilley creek;656;28723;ny
A;G000516;631;alisa;dawn;brown;50;f;w;candler;hurst;42;28715;oh
A;G000517;632;nicole;michelle;lemieux;33;f;w;asheville;haywood;893;28806;fl
A;G000517;633;nicole;michelle;lemieux;33;f;w;raleigh;clark;2128;27605;fl
A;G000518;634;william;h;cutrone;74;m;w;raleigh;royal troon;5004;27604;ny
A;G000519;635;elsie;ray;huff;80;f;w;leicester;green valley;367;28748;
A;G000519;636;gay;ray;huff;80;f;w;leicester;green valley;367;28748;nc
A;G000520;637;jane;harmon;wilson;63;f;w;taylorsville;sam poole;678;28681;
A;G000521;638;tammy;jolene;dease;55;f;w;asheville;sardis;216;28806;sc
A;G000522;639;robert;joseph;worrell;43;m;w;candler;conard;55;28715;nc
A;G000523;640;jon;reed;gallimore;63;m;w;swannanoa;old us 70;610;28778;nc
A;G000524;641;carolyn;waldron;sheets;72;f;w;huntersville;sky vista;9818;28078;fl
A;G000525;642;johnathan;paul;hamlin;34;m;w;asheville;pine;12;28806;nc
A;G000525;643;johnathan;paul;hamlin;34;m;w;franklin;brookwood;50;28734;nc
A;G000526;644;jesseca;mae;bryant;32;f;w;fletcher;ravenwood;24;28732;sc
A;G000527;645;melissa;beth;johnson;37;u;w;asheville;lookout;65;28804;
A;G000527;646;melissa;beth johnson;dobbins;37;f;w;black mountain;miller cove;65;28711;il
A;G000528;647;jennifer;hill;morrow;41;f;w;asheville;emma;343;28806;fl
A;G000529;648;rhonda;darlene;carpenter;55;f;w;waynesville;grassy bald;244;28786;nc
A;G000530;649;thomas;francis;frye;75;m;w;mills river;big sky;21;28759;nc
A;G000531;650;john;charles;brinkley;44;m;w;canton;star ridge;42;28716;nc
A;G000532;651;donald;edward;kirchner;83;m;w;swannanoa;harrison;226;28778;
A;G000532;652;donald;e;kirchner;83;m;w;sylva;woodrow deitz;300;28779;oh
A;G000533;653;rick;shannon;queen;55;m;w;asheville;windswept;405;28801;nc
A;G000534;654;eric;daniel;mcconnellogue;54;m;w;fletcher;hoopers creek;393;28732;il
A;G000535;655;stephen;marshall;brooks;48;m;w;asheville;michigan;144;28806;
A;G000536;656;william;bachus;westall;70;m;w;candler;laurel hill;38;28715;nc
A;G000537;657;maggie;c;smith;59;f;w;black mountain;alexander;202;28711;
A;G000538;658;stanley;marion;vardiman;56;m;w;asheville;ann;19;28801;nc
A;G000538;659;stanley;marion;vardiman;56;m;w;asheville;haywood;204;28801;nc
A;G000539;660;stefanie;lynn;hall;32;f;w;candler;estrine;105;28715;fl
A;G000540;661;joshua;cameron;young;39;m;w;fletcher;westview;45;28732;ky
A;G000541;662;susan;kay;fruchey;41;f;w;asheville;morningside;115;28806;mi
A;G000541;663;susan;kay;fruchey;41;f;w;brasstown;harshaw;5275;28902;mi
A;G000542;664;christina;irene;gajewski;34;f;w;winston salem;winterwoods;2443;27103;co
A;G000543;665;teresa;lunsford;rodrigues;63;f;w;weaverville;jupiter;497;28787;nc
A;G000543;666;teresa;lunsford;rodrigues;63;f;w;alexander;old nc 20;303;28701;nc
A;G000544;667;caroline;elizabeth;odell;32;f;w;weaverville;white oak;228;28787;nc
A;G000545;668;clark;andrew;uhlenjopp;28;m;w;asheville;elm;105;28805;md
A;G000545;669;clark;andrew;uhlenhopp;28;m;w;asheville;elm;105;28805;md
A;G000546;670;jonathan;marshall;jones;35;m;w;asheville;kensington;2000;28803;nc
A;G000546;671;jonathan;marshall;jones;35;m;w;valdese;gardiol;805;28690;nc
A;G000547;672;jason;alan;putnam;42;m;w;arden;heywood;110;28704;ct
A;G000547;673;jason;alan;putnam;42;m;w;asheville;ascot point;19;28803;ct
A;G000548;674;william;joseph;hoffart;43;m;w;fairview;smith bowen;26;28730;oc
A;G000549;675;daniel;leslie;dockery;49;m;w;candler;j r estates;20;28715;nc
A;G000550;676;jenifer;ann;whitmire;42;f;w;weaverville;locust meadow;21;28787;va
A;G000551;677;terry;lee;houser;53;m;w;surf city;topsail;1203;28445;nc
A;G000552;678;cathy;renee;haney;52;f;w;leicester;jackson cove;5;28748;nc
A;G000553;679;nikunj;hasmukh;patel;37;m;a;morrisville;arringdon park;5710;27560;oc
A;G000553;680;nikunj;;patel;37;m;a;lewisville;lotus;410;27023;
A;G000554;681;kim;marie;yvon;51;f;w;weaverville;nicole;6;28787;ma
A;G000555;682;jeffrey;harold;lynch;52;m;w;asheville;broad;49;28801;
A;G000555;683;jeffrey;harold;lynch;52;m;w;asheville;forest hill;222;28803;
A;G000555;684;jeffrey;harold;lynch;52;m;w;vale;plateau;2983;28168;nc
A;G000556;685;matthew;adam;toms;33;m;w;asheville;north ridge;106;28804;nc
A;G000557;686;cory;adam;bowen;33;m;w;asheville;walsh trace;5;28803;sc
A;G000557;687;cory;adam;bowen;33;m;w;asheville;walsh trace;5;28803;sc
A;G000558;688;matthew;clark;pike;40;m;w;asheville;bear creek;58;28806;nc
A;G000558;689;matthew;clark;pike;40;m;u;marshall;board tree;625;28753;nc
A;G000558;690;matthew;clark;pike;40;m;w;charlotte;craig;4135;28211;nc
A;G000559;691;eric;dwyane;winebarger;45;m;w;rutherfordton;poors ford;3151;28139;nc
A;G000560;692;patrica;ann;obrien;53;f;w;boone;edgewood;170;28607;ga
A;G000561;693;jaslyn;tiara ilene;russell;32;f;b;black mountain;college;201;28711;nc
A;G000562;694;elizabeth;lawrence;huffman;26;f;w;asheville;rhudy;15;28806;sc
A;G000563;695;maryann;o malley;purser;60;f;w;arden;flycatcher;9;28704;pa
A;G000563;696;mary ann;o malley;purser;60;f;w;horse shoe;bel air;10;28742;pa
A;G000564;697;josue;elias;berduo;25;m;u;charlotte;university city;9201;28223;ca
A;G000564;698;josue;elias;berduo;25;m;m;cary;rina;5322;27518;
A;G000565;699;lisa;joy;cooley;49;f;w;arden;flycatcher;8;28704;pa
A;G000566;700;michael;benjamin;boyd;33;m;w;asheville;shorewood;55;28804;nc
A;G000567;701;jenni;beth;wood;50;f;w;horse shoe;hall;142;28742;nc
A;G000568;702;leslie;helen;klein;34;f;w;charlotte;lions mane;11159;28273;nc
A;G000569;703;apryl;dawn;turner;38;f;w;east flat rock;mine gap;101;28726;nc
A;G000570;704;patrick;edward;mcelwaine;33;m;w;winston salem;stone;440;27103;va
A;G000571;705;samuel;cameron;hill;28;m;w;chapel hill;rosemary;412;27514;nc
A;G000571;706;samuel;cameron;hill;28;m;w;chapel hill;rosemary;412;27514;nc
A;G000572;707;lorraine;jordan;nelson;42;f;b;hendersonville;alverson;62;28791;va
A;G000573;708;jared;albert;ray;44;m;w;hendersonville;keela;204;28792;ut
A;G000574;709;mark;wayne;cabe;47;m;w;fletcher;tuscany;19;28732;mi
A;G000575;710;angelon;daye;gore;40;f;w;wilmington;myrtle grove;6631;28409;nc
A;G000575;711;angelon;daye;smith;40;f;w;greenville;holly;405;27858;nc
A;G000575;712;angelon;daye;gore;40;f;w;roseboro;dowdy;553;28382;nc
A;G000576;713;todd;franklin;williams;54;m;w;hickory;pineview;5292;28601;in
A;G000577;714;phillip;nathaniel;purcell;33;m;w;asheville;reed;1016;28804;nc
A;G000578;715;robert;frank;fullbright;49;m;w;clyde;cedar bend;38;28721;nc
A;G000578;716;robert;frank;fullbright;49;m;w;waynesville;jims cove;134;28786;nc
A;G000579;717;sharon;blevins;gordon;67;f;w;candler;colebrook;63;28715;nc
A;G000579;718;sharon;blevins;gordon;67;f;w;leicester;ridgeview;439;28748;nc
A;G000580;719;ashleigh;brooke;walker;34;f;w;greenville;dawn;1004;27858;nc
A;G000581;720;derek;j;ibarguen;43;m;w;asheville;sand hill;37;28806;me
A;G000582;721;arnold;douglas;corriher;70;m;w;huntersville;laurel tree;14332;28078;nc
A;G000583;722;william;l;davis;64;m;w;marion;paul sprinkle;170;28752;ga
A;G000584;723;kayla;jeanne;ovenell;32;f;w;arden;carrington;502;28704;ca
A;G000585;724;katherine;caroline;krupnick;21;f;w;chapel hill;pritchard;306;27516;
A;G000586;725;matthew;erik;silver;23;m;w;cullowhee;central;554;28723;co
A;G000587;726;william;david;cagle;74;m;w;hendersonville;woodbyne;135;28739;nc
A;G000588;727;lydia;lynn;manhold;44;f;w;marshall;robert s hill;298;28753;ca
A;G000589;728;karlie;elizabeth;mclamb;22;f;w;alexander;jenkins valley;1615;28701;nc
A;G000590;729;joseph;anthony;meo;55;m;w;asheville;dogwood knoll;44;28805;mi
A;G000590;730;joseph;anthony;meo;55;m;w;hendersonville;lake rugby;727;28791;
A;G000591;731;jane;elizabeth;stolka ryan;63;f;w;arden;holly ridge;11;28704;ia
A;G000592;732;joseph;william;dalton;32;m;w;asheville;vance crescent;49;28806;ca
A;G000593;733;benjamin;john;kaiser;35;m;w;whittier;high point;140;28789;fl
A;G000594;734;dillon;charles;whatley;26;m;w;charlotte;cedar;120;28202;
A;G000594;735;dillon;charles;whatley;26;m;w;chapel hill;smith level;303;27516;az
A;G000595;736;jennifer;marie;puglisi;37;f;w;marshall;upper brush creek;2725;28753;la
A;G000596;737;mary;elyse;yow;31;f;w;waynesville;nazarene;82;28785;nc
A;G000597;738;christopher;victor;roberts;49;m;w;asheville;oteen church;57;28805;tn
A;G000598;739;mary;mcdonald;craig;66;f;w;asheville;campground;32;28805;sc
A;G000599;740;dede;marie;keasler;57;f;w;asheville;oak park;12;28801;nc
A;G000599;741;dede;marie;keasler;51;f;w;asheville;willowbrook;16;28805;nc
A;G000601;742;sarah;marie;sisler;38;f;w;black mountain;cotton creek;29;28711;va
A;G000602;743;fredrick;lee;reese;68;m;w;asheville;eastmoor;219;28805;
A;G000603;744;jeffrey;hunter;swayngim;23;m;w;candler;wills;26;28715;
A;G000603;745;jeffrey;hunter;swayngim;23;m;w;chapel hill;ehringhaus;450;27514;nc
A;G000604;746;amy;s;anderson;28;f;w;charlotte;providence forest;9801;28270;oc
A;G000604;747;amy;susan;anderson;28;f;w;chapel hill;conner;203;27514;oc
A;G000605;748;christine;nowak;johnston;76;f;w;matthews;plantation crossing;829;28105;ny
A;G000606;749;daniel;lee;henson;38;m;w;arden;locust;144;28704;
A;G000606;750;daniel;;henson;38;m;w;asheville;dawnwood;6;28803;
A;G000607;751;bonnie;nix;mayronne;34;f;w;hendersonville;meadow woods;205;28792;nc
A;G000607;752;bonnie;karen;nix;34;f;w;banner elk;southridge;235;28604;nc
A;G000608;753;joshua;mark;knights;30;m;w;asheville;landis;300;28806;me
A;G000609;754;jamie;allen;canton;38;u;u;sylva;allens branch;914;28779;fl
A;G000610;755;amy;temple;kasdorf;65;f;w;candler;pete luther;186;28715;pa
A;G000611;756;fiora;lynne;lizak;62;f;w;swannanoa;rainbow ridge;55;28778;nc
A;G000612;757;peter;schuyler;forfa;59;m;w;canton;skyline;55;28716;ny
A;G000613;758;christopher;james;rollins;43;m;w;old fort;salem church;824;28762;nc
A;G000614;759;ashley;lauren;mink;28;f;w;greenville;presidio;1313;27834;nc
A;G000614;760;ashley;lauren;gunter;28;f;w;randleman;neal;106;27317;nc
A;G000615;761;jeannette;beaulieu;manzi;86;f;w;hendersonville;ewbank garden;177;28791;me
A;G000616;762;lance;armstrong;wisely;44;m;w;sylva;us hwy 441;6858;28779;fl
A;G000616;763;lance;armstrong;wisely;44;m;w;marshall;foster creek;411;28753;fl
A;G000617;764;cynthia;carol;kaminski;33;f;w;asheville;merrimon;600;28804;nc
A;G000617;765;cynthia;carol;kaminski;33;f;w;asheboro;oakwood acres;1154;27205;nc
A;G000618;766;anna;elise;godden;29;f;w;asheville;pinners cove;657;28803;nc
A;G000619;767;brittany;erin;long;29;f;w;chapel hill;hinton james;515;27514;nc
A;G000620;768;emily;louise;thome;44;f;w;asheville;jeffress;87;28803;md
A;G000620;769;emily;louise;weber;44;f;w;asheville;merchant;54;28803;md
A;G000621;770;nathaniel;ricky;jolly;35;m;w;hendersonville;shiloh;401;28792;sc
A;G000622;771;jennifer;monroe;johnson;32;f;w;charlotte;werburgh;5463;28209;nc
A;G000623;772;joan;hinson;weirich;88;f;w;hendersonville;lake pointe;97;28792;nc
A;G000624;773;neal;arnold;chastain;48;m;w;canton;academy;122;28716;nc
A;G000625;774;amanda;nicole;conard;34;f;w;asheville;sunny ridge;9;28804;nc
A;G000626;775;lindsay;kay;hankins;33;f;w;charlotte;dorchester;2721;28209;mi
A;G000626;776;lindsay;kay;carpenter;33;f;w;goldsboro;westover;423;27534;mi
A;G000627;777;sara;beth;melder;40;f;w;advance;high field;120;27006;mi
A;G000627;778;sara;beth;melder;40;f;w;king;kirkleigh;120;27021;mi
A;G000628;779;beth;ann;cobb;41;f;w;asheville;dawnwood;5;28803;nc
A;G000629;780;shirley;emigh;clayton;93;f;w;asheville;small mountain;20;28805;
A;G000630;781;verba;stamey;brister;60;f;w;candler;redmond hill;19;28715;nc
A;G000631;782;donna;rene;greenberg;53;f;w;waynesville;falcon ridge;195;28786;sc
A;G000631;783;donna;webb;russell;53;f;w;fletcher;wiltshire;389;28732;sc
A;G000632;784;cathe;f;rosenfeldt;57;f;w;pineville;kenmore;122;28134;nc
A;G000633;785;william;leroy;clawson;67;m;w;fairview;flat top mountain;722;28730;
A;G000634;786;terri;smith;preston;37;f;w;asheville;cricklewood;302;28804;va
A;G000634;787;terri;lynn;smith;37;f;w;boone;fieldstream;192;28607;va
A;G000635;788;allison;livingston;lawing;31;f;w;asheville;education;21;28806;nc
A;G000635;789;allison;faye;livingston;31;f;w;durham;kipling;723;27713;nc
A;G000636;790;maria;yamano;bohan;31;f;w;hendersonville;4th;844;28739;oc
A;G000636;791;maria;bohan;haddon;31;f;a;raleigh;trinity chase;1220;27607;oc
A;G000637;792;paul;arthur;esch;70;m;w;asheville;haw creek mews;473;28805;mi
A;G000638;793;elizabeth;anne;provost;61;f;w;black mountain;hi view;45;28711;
A;G000639;794;michael;david;gregory;33;m;o;asheville;tunnel;1329;28805;nc
A;G000639;795;michael;david;gregory;33;m;o;kannapolis;yale;5940;28081;nc
A;G000639;796;michael;david;gregory;33;m;w;concord;albany;161;28027;nc
A;G000640;797;alfred;frank;vetere;67;m;w;fletcher;wiltshire;392;28732;ny
A;G000641;798;jeanne;michele;burnette;74;f;w;mills river;sweetwater;238;28759;ar
A;G000642;799;paula;joy;conley;47;f;w;asheville;pole creasman;312;28806;me
A;G000642;800;paula;joy;conley;47;f;w;hendersonville;cloverdale;110;28791;me
A;G000643;801;megan;nicole;williams;33;f;w;thomasville;pennington;604;27360;nc
A;G000644;802;trevor;;hook;28;m;w;laurel springs;cheek mountain;3991;28644;fl
A;G000645;803;shandrika;tamell;thompson;36;f;b;fletcher;running briar;213;28732;ms
A;G000645;804;shandrika;tamell;thompson;36;f;b;charlotte;beam lake;5210;28216;ms
A;G000646;805;david;patrick;conley;39;m;w;asheville;river ridge;2204;28803;ny
A;G000647;806;mary ellen;miller;mccutcheon;57;f;w;clyde;poulin;61;28721;md
A;G000648;807;maria;;muscarella;44;f;w;chapel hill;peeler creek;4205;27516;nh
A;G000649;808;carmen;marie;dannion;48;f;w;asheville;brevard;87;28806;mn
A;G000650;809;pat;;jones;60;f;b;asheville;erskine;42;28801;nc
A;G000651;810;rosa;l;tuitele;35;u;u;black mountain;terry estate;71;28711;
A;G000652;811;matthew;ross;gregg;36;m;w;fletcher;nathan;111;28732;nc
A;G000653;812;thomas;edward;dillard;88;m;u;columbus;laurel lake;621;28722;nc
A;G000654;813;alonzo;dean;cudd;71;m;w;swannanoa;rockdale;110;28778;
A;G000655;814;lyudmila;anatolyevna;tirgoala;28;f;o;asheville;moss pink;2;28806;oc
A;G000656;815;joshua;adam;mccaskill;33;m;w;swannanoa;huntington;20;28778;nc
A;G000657;816;andrew;robert;lawson;29;m;w;asheville;juno;58;28806;nc
A;G000658;817;sarah;marie;gilliam;36;f;w;hendersonville;whisperwood;101;28791;mi
A;G000659;818;janet;ebbs;kellett;65;f;w;candler;castle stone;75;28715;tn
A;G000659;819;janet;ebbs;kellett;65;f;w;candler;castle stone;75;28715;tn
A;G000660;820;rebecca;ellen;phelps;31;f;w;denver;birchwood;3669;28037;nc
A;G000660;821;rebecca;phelps;campbell;31;f;w;denver;cedar run;5778;28037;nc
A;G000661;822;jill;marie;frayne;45;f;w;linville;baumdorf;310;28646;ri
A;G000662;823;ceyanne;elizabeth;brooks;44;f;w;asheville;kensington;500;28803;ms
A;G000663;824;sally;jo;chapel;81;f;w;arden;weston;137;28704;il
A;G000663;825;suka;j;chapel horst;81;f;w;candler;wiggins;309;28715;
A;G000664;826;ian;hunter;wilson;24;m;w;asheville;castleknock;2;28803;nc
A;G000665;827;charles;taylor;jensen;28;m;w;boone;university hall;361;28607;nc
A;G000666;828;stephanie;victoria;trinko;20;f;u;asheville;ascension;99;28806;
A;G000667;829;ashley;davell;edwards;32;f;w;asheville;lee s creek;88;28806;va
A;G000667;830;ashley;dowell;edwards;32;f;w;piney creek;nc highway 113;10629;28663;va
A;G000668;831;brittany;krystal;hill;27;f;w;fairview;charlie hill memorial;50;28730;nc
A;G000669;832;shannon;elizabeth;trim;42;f;w;asheville;juno;70;28806;fl
A;G000670;833;metis;kaiko;meloche;21;f;m;asheville;chestnut;116;28801;oc
A;G000671;834;irem;;ozay;27;f;w;asheville;alexander;10;28801;
A;G000672;835;richard;thomas;rice;52;m;w;candler;southern magnolia;9;28715;nc
A;G000673;836;jamie;leanne;gosey;24;f;w;mooresboro;lake;223;28114;nc
A;G000673;837;jamie;leanne;gosey;24;f;w;boone;ambling way;289;28607;nc
A;G000674;838;milton;james;canupp;25;m;w;newland;teaster vance;38;28657;nc
A;G000675;839;brooke;ann;st john;37;f;w;bakersville;clinchfield;433;28705;
A;G000676;840;elizabeth;grace;stephens;20;f;w;weaverville;parker;11;28787;
A;G000677;841;holly;christine;sosebee;45;u;u;black mountain;beech;100;28711;
A;G000677;842;holly;christine;sosebee;45;f;w;hickory;center;4340;28601;nc
A;G000678;843;carolyn;s;sluder;53;f;w;candler;hookers gap;344;28715;
A;G000678;844;carolyn;sprinkle;bagby;53;f;w;mills river;wedgewood;10;28759;nc
A;G000679;845;phillip;alan;norris;70;m;w;arden;aventine;1000;28704;nc
A;G000680;846;molly;elizabeth;penny;22;f;w;asheville;park;27;28803;
A;G000681;847;inna;;zhuravleva;28;u;u;asheville;parkwood;35;28804;
A;G000681;848;inna;;zhuravleva;28;f;w;chapel hill;paul hardin;560;27514;
A;G000682;849;amber;nicole;white;21;f;b;barnardsville;barnardsville;1623;28709;oh
A;G000683;850;roger;kent;wolff;72;m;w;rutherfordton;beechtree;265;28139;in
A;G000684;851;uriel;edmond;velandia;86;m;u;asheville;chantilly;23;28804;
A;G000685;852;melanie;;harriss;38;u;w;asheville;green hill;54;28806;
A;G000686;853;sydney;alexandra;waycaster;18;f;w;black mountain;north fork right fork;2306;28711;nc
A;G000687;854;patricia;szymanski;fox;70;f;w;asheville;laurie;40;28806;ny
A;G000688;855;dawn;marie;kochevar;26;f;w;mooresville;hunters pointe;126;28117;pa
A;G000689;856;meghan;perry;lafave;27;f;w;goldsboro;sevendales;205;27534;ca
A;G000690;857;angel;myria;hensley;18;f;w;asheville;concord;117;28803;
A;G000691;858;joyce;pearl;roberts;62;f;w;candler;brookstone;8;28715;
A;G000692;859;katelyn;ann;braschler;32;u;u;candler;cumbres;52;28715;
A;G000692;860;katelyn;ann;braschler;32;f;w;winston salem;luzelle;465;27103;ny
A;G000693;861;howard;gregory;schwartz;57;u;u;asheville;wyoming;76;28803;
A;G000693;862;howard;gregory;schwartz;57;m;w;marshall;wehler mountain;264;28753;va
A;G000694;863;rachel;anne;wilson;40;f;w;asheville;iris;109;28803;nc
A;G000695;864;brenda;jones;frizzell;58;f;w;weaverville;old mars hill;169;28787;
A;G000696;865;ernest;charles;drake;60;m;w;hendersonville;overlook;314;28739;nc
A;G000697;866;jessica;layne;saams;27;f;w;canton;suncrest bottoms;110;28716;nc
A;G000698;867;kelly;nassis;corn;35;f;w;fletcher;bridgewater;102;28732;pa
A;G000699;868;montoya;denise;maxwell;29;f;b;forest city;piney ridge;1496;28043;nc
A;G000700;869;derek;lane;biggs;29;m;w;kenly;second;204;27542;
A;G000701;870;jennifer;ruth;lamm;29;f;w;selma;bailey boykin;526;27576;nc
A;G000702;871;andrew;john;douglas;54;m;w;arden;smokemont;81;28704;in
A;G000703;872;deborah;kay;dennis;61;f;w;monroe;rushing benton;5901;28110;va
A;G000704;873;miles;christopher;neyen;21;m;u;asheville;merrimon;600;28804;
A;G000705;874;sean;allen;safrit;31;m;w;asheville;nicholas;204;28806;fl
A;G000706;875;johnathon;dwight;chaplain;26;m;w;black mountain;beech glen;6;28711;tn
A;G000707;876;jarred;;chandler;20;m;w;asheville;ascension;18;28806;
A;G000708;877;trevor;patrick;jordan;31;m;w;pittsboro;launis;119;27312;nc
A;G000708;878;trevor;patrick;jordan;31;m;w;chapel hill;shallowford;2307;27517;nc
A;G000709;879;joseph;;scheliga;66;m;w;weaverville;white cedar;5;28787;ny
A;G000709;880;joseph;;scheliga;66;m;w;garner;pisgah;104;27529;ny
A;G000710;881;darren;bryce;slaughter;51;m;w;candler;gossett;25;28715;
A;G000711;882;jill;caroline;refvem;29;f;w;carrboro;pine;119;27510;
A;G000711;883;jill;caroline;refvem;29;u;u;carrboro;laurel;306;27510;tx
A;G000712;884;ellen;b;richard;58;f;w;asheville;zephyr;27;28806;
A;G000713;885;michael;c;wyatt;69;m;w;arden;blake;77;28704;
A;G000714;886;shannon;lynn;waters;40;f;w;arden;flycatcher;10;28704;nc
A;G000715;887;kevin;patrick;heslin;60;m;w;arden;blue mist;662;28704;ma
A;G000716;888;roger;william;hayes;76;m;w;candler;brookstone;21;28715;ny
A;G000716;889;roger;william;hayes;75;m;w;candler;brookstone;21;28715;ny
A;G000717;890;caitlin;milelli;mullen;26;f;w;asheville;willow pond;55;28806;nc
A;G000718;891;john;michael;durham;78;m;w;asheville;balsam;27;28806;ga
A;G000719;892;lashawn;michele;horton;49;f;b;arden;sweeten creek;3970;28704;nc
A;G000719;893;lashawn;michele;horton;49;f;b;fletcher;concord;562;28732;
A;G000720;894;marian;camille;cruz bergollo;33;f;u;hendersonville;ethan;162;28792;pr
A;G000721;895;margaret;lynne;smith;73;f;w;asheville;pace;300;28806;oh
A;G000722;896;lauren;michael;flynn;32;f;w;asheville;grove;55;28801;nc
A;G000722;897;lauren;michael;flynn;32;f;w;brevard;country club;1005;28712;nc
A;G000723;898;karen;lisa;sartorius;36;f;w;asheville;forest;30;28803;ny
A;G000724;899;patrick;a;mclean;39;m;w;charlotte;severn;3800;28210;nc
A;G000725;900;fred;lee;walker;44;m;w;candler;pop walker;37;28715;nc
A;G000726;901;aleesa;thomas;conner;44;f;w;candler;upper glady fork;575;28715;nc
A;G000726;902;aleesa;michelle;thomas;44;f;w;mills river;pennsylvania;157;28759;nc
A;G000727;903;michael;james;brasunas;37;u;u;asheville;first;49;28803;
A;G000728;904;donna;evans;may;60;f;w;huntersville;maxwelton;8007;28078;fl
A;G000729;905;mica;bowen;phillips;33;m;w;cashiers;tarragon;488;28717;sc
A;G000730;906;vanessa;zoe;wright;36;f;w;asheville;laurel;155;28806;oh
A;G000730;907;vanessa;zoe;wright;36;f;w;fletcher;rice;10;28732;oh
A;G000731;908;debra;ann;gann;40;f;w;hendersonville;dawley;99;28791;nc
A;G000732;909;eli;;rojas;55;m;w;leicester;ridge glen;33;28748;oc
A;G000733;910;michael;andrew;mahoney;39;m;w;hillsborough;calvert;504;27278;ky
A;G000734;911;ronald;dean;norman;65;m;w;hendersonville;frederick;11;28792;nc
A;G000735;912;alexandra;maria;livingston;30;f;w;candler;treetops;46;28715;nc
A;G000736;913;gretchen;christine;horn;38;f;w;asheville;wellington;125;28806;ca
A;G000737;914;monica;denise;ridgway;47;f;w;asheville;kensington;1400;28803;ar
A;G000738;915;omecia;margarita;ponder;36;f;b;asheville;granada;13;28806;
A;G000739;916;christopher;steven;mills;55;m;w;arden;holly ridge;8;28704;fl
A;G000741;917;lillian;jean;byers;35;f;w;brevard;chickadee;132;28712;nc
A;G000742;918;vivian;anne;lutz;83;f;w;asheville;distant view;102;28803;mi
A;G000743;919;shirlene;r;byas;51;f;w;fairview;old fort;1606;28730;nc
A;G000743;920;shirlene;renee;byas;51;f;w;black mountain;rock creek;172;28711;nc
A;G000744;921;jacob;james;mcmahan;20;m;w;mars hill;honey;92;28754;nc
A;G000745;922;nastasia;tyler;madera;34;f;u;asheville;attaberry;17;28805;
A;G000745;923;nastasia;tyler;madera;34;f;i;fletcher;alligator;170;28732;nm
A;G000746;924;alan;lee;king;48;m;w;mills river;goldmine;71;28759;nc
A;G000747;925;gloria;lori;taran;83;f;w;asheville;turtle creek;807;28803;ny
A;G000748;926;john;michael;ray;29;m;w;asheville;turtle creek;404;28803;nc
A;G000749;927;shawn;lee;wheeler;26;m;w;candler;audria;36;28715;fl
A;G000750;928;jeffrey;heber;coward;59;m;w;hendersonville;bumont;116;28739;nc
A;G000751;929;jessica;deborah;alterman;33;f;w;arden;oak;6;28704;tx
A;G000752;930;brandon;kent;passmore;50;m;w;brevard;sylvan overlook;85;28712;nc
A;G000753;931;christopher;douglas;webster;44;m;w;marshall;eddie cody;53;28753;nc
A;G000754;932;rebecca;jeanette;woods chang;28;f;w;black mountain;overbrook;150;28711;nc
A;G000755;933;sarah;loranna;henry;39;f;w;candler;glady;6;28715;
A;G000756;934;brad;mcdowell;owens;42;u;u;fletcher;springfield;303;28732;
A;G000757;935;hansel;anthony;lyda;37;m;w;asheville;school;281;28803;nc
A;G000758;936;michael;eugene;elliott;65;m;w;horse shoe;meadow;18;28742;nc
A;G000759;937;susan;joslin;williams;69;f;w;asheville;woodbury;55;28804;
A;G000759;938;susan;joslin;williams;69;f;w;cary;excalibur;211;27513;pa
A;G000760;939;renee;marie;cooper;35;f;w;asheville;sand hill;673;28806;or
A;G000760;940;renee;marie;reece;35;f;w;hickory;shady falls;95;28601;or
A;G000761;941;clifton;kincaid;avery;28;m;w;morganton;riverside;115;28655;nc
A;G000761;942;clifton;kincaid;avery;28;m;w;morganton;riverside;115;28655;nc
A;G000762;943;alexandria;meshelle;winterburn;27;f;w;ellenboro;ellenboro henrietta;386;28040;sc
A;G000763;944;deborah;gary;smith;42;f;b;asheville;moon shadow;16;28805;nc
A;G000763;945;deborah;gary;baird;42;f;b;asheville;grove;168;28801;nc
A;G000764;946;kimberly;dawn;edgins;39;f;w;alexander;martin candler;481;28701;nc
A;G000765;947;amber;elizabeth;rogers;23;f;w;cullowhee;cullowhee mountain;8081;28723;nc
A;G000766;948;sarah;nichole;albert;47;f;w;swannanoa;new salem;125;28778;pa
A;G000766;949;sarah;nichole;albert;47;f;w;durham;leesville;5126;27703;pa
A;G000767;950;nancy;d;belt;83;f;w;hendersonville;red oak;503;28791;pa
A;G000768;951;chloe;nicole;satter;26;f;w;durham;duke;1000;27701;nc
A;G000769;952;rodney;lee;oertel;80;m;w;hickory;cool water;9478;28601;oh
A;G000770;953;charles;lendon;cox;65;m;w;arden;oakhurst;52;28704;nc
A;G000771;954;lily;mae;hayes;30;f;w;candler;hookers gap;312;28715;nc
A;G000771;955;lily;mae;dodd;30;f;w;hendersonville;holbert;539;28791;nc
A;G000772;956;laura;boudreau;venning;38;f;w;raleigh;leadenhall;2212;27603;
A;G000773;957;billie;marie;lowery;70;f;w;weaverville;reeves;18;28787;ks
A;G000774;958;robert;caleb;blanton;29;m;w;forest city;harrill dairy;226;28043;nc
A;G000775;959;karina;michelle;barnes;41;u;m;asheville;beechwood;16;28805;
A;G000775;960;karina;michelle;porche preussler;41;f;w;asheville;beaucatcher;308;28805;ca
A;G000776;961;angelina;marie;younger;44;f;w;asheville;gaston mountain;20;28806;ia
A;G000777;962;cynthia;lu;wells;65;f;w;asheville;deerwood;34;28805;il
A;G000778;963;eric;lott;purdy;44;m;w;candler;beaverdam;70;28715;ma
A;G000779;964;archie;earl;benton;65;m;w;mars hill;gabriel s creek church;711;28754;sc
A;G000780;965;james;ranelins;mayberry;55;m;w;candler;glider;316;28715;nc
A;G000782;966;joan;w;davidson;69;f;w;asheville;nixon;20;28805;
A;G000783;967;timothy;lee;shivers;60;m;b;asheville;klondyke;86;28801;nc
A;G000783;968;timothy;l;shivers;60;m;b;asheville;taft;76;28803;
A;G000784;969;john;david;patterson;46;m;w;mars hill;oak;78;28754;oh
A;G000785;970;marie;phillips;thomas;80;f;w;weaverville;kyfields;422;28787;
A;G000786;971;david;william;tallant;49;m;w;hendersonville;laurel woods;51;28739;nc
A;G000788;972;hunter;douglas;gomes;22;m;w;greenville;cedarhurst;201;27834;nc
A;G000789;973;louis;wayne;hill;28;m;w;morganton;falls;220;28655;sc
A;G000790;974;sarah;ashley;reeves;29;f;w;charlotte;fellsway;3921;28209;va
A;G000790;975;sarah;ashley;reeves;29;f;w;charlotte;fellsway;3921;28209;
A;G000791;976;ryan;scott;andrews;40;m;w;marion;us hwy 221;3616;28752;nc
A;G000792;977;christopher;gerald;kessler;60;m;w;hendersonville;broyles;158;28791;nm
A;G000793;978;ben;;bradshaw;27;m;u;greenville;bellamy;2233;27858;
A;G000794;979;kasey;dawn;earley barilari;30;f;w;asheville;rathfarnham;11;28803;
A;G000794;980;kasey;dawn earley;barilari;30;f;w;hendersonville;brittany place;238;28792;nc
A;G000795;981;carley;;johnson haber;34;f;w;asheville;merrimon;600;28804;
A;G000795;982;carley;brooke;white;34;f;w;raleigh;springlawn;1314;27609;mn
A;G000796;983;james;shirley;o neal;41;m;w;lake lure;seton;489;28746;
A;G000797;984;douglas;james;metcalf;47;m;w;arden;yorktown;63;28704;nc
A;G000798;985;jillian;robin;gregory;36;f;w;asheville;ivanhoe;38;28806;fl
A;G000799;986;elizabeth;faith;king;30;f;w;cullowhee;bonanza;207;28723;nc
A;G000799;987;elizabeth;faith;king;30;f;w;wilson;millbrook;3420;27893;nc
A;G000800;988;david;michael;wronko;59;m;w;asheville;pennsylvania;20;28806;in
A;G000800;989;david;michael;wronko;59;m;w;valdese;davis;120;28690;in
A;G000801;990;gloria;jean;love;64;f;b;asheville;merrimon;820;28804;nc
A;G000802;991;ashlan;nicole;hendricks;32;f;w;raleigh;fordham;2815;27604;nc
A;G000803;992;alice;katherine;urquhart;57;f;w;asheville;ivanhoe;24;28806;tn
A;G000804;993;montana;coll;torrey;36;f;w;durham;shenandoah;2610;27704;va
A;G000804;994;montana;coll;torrey;36;f;w;chapel hill;church;703;27516;va
A;G000805;995;buddie;dwayne;crowder;44;m;w;candler;monarch;34;28715;nc
A;G000806;996;margaret;anne;boisvert;79;f;w;lenoir;pebblebrook;4096;28645;sc
A;G000807;997;james;george;econopouly;56;m;w;carrboro;lisa;204;27510;ny
A;G000808;998;adele;;greenwood;84;f;w;asheville;wilderness;31;28804;
A;G000808;999;adele;;greenwood;84;f;w;hendersonville;deermouse;1801;28792;
A;G000809;1000;erin;denise;dublino;40;f;w;franklin;underburg;335;28734;ny
A;G000810;1001;janae;elisabeth;foster;29;f;w;asheville;cumberland;343;28801;ga
A;G000811;1002;kevin;lee;brisbin;39;m;w;waynesville;delanne;191;28786;oh
A;G000812;1003;karen;aletta;larson;78;f;w;arden;long shoals;300;28704;wi
A;G000813;1004;oana;carmen adina;devera;42;f;w;blowing rock;apple way;211;28605;oc
A;G000814;1005;matthew;shane;bolanos;30;m;w;asheville;adams;44;28801;nc
A;G000815;1006;christin;lea;riddle;33;f;w;weaverville;locust grove;234;28787;nc
A;G000816;1007;paul;w;andrews;53;m;w;asheville;rosebay;14;28803;pa
A;G000817;1008;john;thomas;labruyere;32;m;w;asheville;martin;92;28806;
A;G000818;1009;paige;mcneal;holt;29;f;w;asheville;starnes cove;26;28806;oh
A;G000818;1010;paige;mcneal;holt;29;f;w;hillsborough;knight;302;27278;oh
A;G000820;1011;adam;walker;richardson;30;m;w;black mountain;knox;32;28711;
A;G000821;1012;crystal;elysa;meadows;33;f;w;canton;wiggins;60;28716;fl
A;G000822;1013;brittany;payne;brannigan;28;f;w;asheville;new leicester;308;28806;nc
A;G000823;1014;katie;lynn;burleson;29;f;w;lexington;becky hill;1569;27295;nc
A;G000824;1015;roy;lee;kilby;77;m;w;waynesville;timberlane;124;28786;nc
A;G000825;1016;sandra;price;stork;68;f;w;asheville;riceville;48;28805;sc
A;G000826;1017;carolyn;crain;foley;76;f;w;arden;cranbrook;713;28704;tn
A;G000827;1018;michael;atchison;harter;49;m;w;asheville;riverview;169;28806;sc
A;G000828;1019;amy;s;sams;45;f;w;arden;new rockwood;135;28704;
A;G000829;1020;paul;montgomery;jackson;40;m;m;asheville;short madison;37;28801;nc
A;G000830;1021;donya;sarell;surrett;42;f;b;arden;rosetta;21;28704;nc
A;G000830;1022;donya;sarell;surrett;42;f;w;old fort;salisbury;19;28762;nc
A;G000831;1023;celeste;elan;gulick;39;f;w;arden;cherry;37;28704;
A;G000831;1024;celeste;elan;gulick;39;f;w;hendersonville;armstrong;318;28739;ga
A;G000832;1025;grady;bynum;baldwin;68;m;w;weaverville;robert allman;5;28787;nc
A;G000833;1026;carey;leigh;west;45;f;w;asheville;beverly;224;28805;nc
A;G000834;1027;hugh;reid;montgomery;60;m;u;reidsville;harrison crossroad;415;27320;nc
A;G000835;1028;dawn;vandress;spann;54;f;w;asheville;village;19;28803;va
A;G000835;1029;dawn;vandress;spann;54;f;w;surf city;james;102;28445;va
A;G000836;1030;sara;lauren;burton;24;u;w;asheville;magnolia;77;28801;
A;G000837;1031;britney;acosta;clubb;28;f;w;waynesville;wilkinson pass;86;28786;fl
A;G000837;1032;britney;lynn;acosta;28;f;w;sapphire;carefree;59;28774;fl
A;G000838;1033;tiffany;marie;jones;23;f;b;asheville;fayetteville;223;28806;nc
A;G000838;1034;tiffany;m;jones;23;f;b;asheville;fayetteville;223;28806;
A;G000839;1035;barbara;jean;rice;63;f;w;arden;lilac fields;51;28704;nc
A;G000839;1036;barbara;hare;rice;63;u;u;mills river;blueberry hill;114;28759;
A;G000840;1037;kathryn;bridgers;willis;27;f;w;asheville;university founders;1;28804;
A;G000840;1038;kathryn;bridgers;willis;27;f;w;lenoir;helton hartley;3355;28645;nc
A;G000841;1039;gina;kae;smith;50;u;u;asheville;melody;16;28803;
A;G000841;1040;gina;kae;ball;50;f;w;vale;peeler;1300;28168;fl
A;G000842;1041;cecil;junior;owenby;63;m;w;candler;mountain;54;28715;nc
A;G000842;1042;cecil;junior;owenby;63;m;w;hendersonville;starlight;36;28792;nc
A;G000843;1043;lisa;anne;brennan;43;f;w;china grove;fellowship park;148;28023;ny
A;G000844;1044;jason;michael;long;42;m;w;fletcher;sigmon;85;28732;nc
A;G000844;1045;jason;michael;long;42;m;w;winston salem;spruce;111;27101;nc
A;G000845;1046;athena;elaheh;silver;34;f;w;asheville;o donald;40;28806;fl
A;G000846;1047;billy;ray;carter;78;m;w;flat rock;eagle crest;38;28731;nc
A;G000847;1048;wanda;allen;johnson;64;f;b;asheville;white;7;28803;nc
A;G000848;1049;katherine;virginia;downey;71;f;w;asheville;century;2;28803;ct
A;G000848;1050;katherine;virginia;martin;71;f;w;lincolnton;upland;2116;28092;ct
A;G000849;1051;judith;renaldo;warner;77;f;w;bakersville;whitson branch;2688;28705;
A;G000850;1052;carol;patton;gardner;63;f;w;black mountain;temple;96;28711;
A;G000852;1053;james;lawrence;burgess;42;m;w;mars hill;smith creek;555;28754;nc
A;G000853;1054;karla;suzanne;patterson;26;f;w;asheville;dawnwood;13;28803;pa
A;G000854;1055;anna;kay;poorbaugh;64;f;w;asheville;stonebridge;12;28805;nm
A;G000855;1056;delaney;reeves;kloesel;32;f;w;asheville;driftwood;15;28805;tx
A;G000855;1057;delaney;reeves christen;kloesel;32;f;w;asheville;driftwood;15;28805;tx
A;G000856;1058;rhett;churchill;mays;39;m;w;durham;valley;1420;27707;ar
A;G000857;1059;mildred;gail;smith;74;f;w;marshall;zenina farms;375;28753;mi
A;G000858;1060;james;edward;allred;42;m;w;pfafftown;riverdale;1914;27040;nc
A;G000859;1061;olivia;;vanderelzen;28;f;w;marshall;anderson oaks;81;28753;
A;G000860;1062;caitlin;marie;banks;30;f;u;cary;trafalgar;134;27513;il
A;G000861;1063;david;;floyd;45;m;w;asheville;shady oak;48;28803;ga
A;G000862;1064;chelsey;ann;wilson;33;f;w;charlotte;providence;4028;28211;
A;G000863;1065;judith;martin;muerdter;77;f;w;maggie valley;cicada;257;28751;ca
A;G000864;1066;christine;ann;brown;55;f;w;candler;milk sick cove;175;28715;sd
A;G000865;1067;harlan;roger;tallman;74;m;w;fletcher;carter crest;2;28732;wv
A;G000866;1068;gregory;price;benton;57;m;w;sherrills ford;norman;7409;28673;ga
A;G000867;1069;joseph;patrick;fleming;49;m;w;hickory;rh;7547;28602;
A;G000868;1070;richard;shawn;kilpatrick;52;m;w;connelly springs;pier point;213;28612;tn
A;G000869;1071;heather;nicole;canipe;31;f;w;boone;hawthorne;143;28607;nc
A;G000870;1072;tiffany;renee;carter;45;f;w;morganton;blankenship;3710;28655;il
A;G000870;1073;tiffany;renee;carter;45;f;w;hudson;birch circle;398;28638;il
A;G000871;1074;jeannette;new;davis;78;f;w;hickory;2nd;4147;28601;nc
A;G000872;1075;elizabeth;lawson;dann;90;f;w;morganton;emerald;2862;28655;
A;G000872;1076;elizabeth;lawson;dann;90;f;w;charlotte;cotton stand;9711;28277;oh
A;G000873;1077;john;wilbur;sidel;36;m;w;morganton;shady rest;500;28655;mi
A;G000874;1078;lori;price;lane;45;f;w;rhodhiss;catawba;301;28667;nc
A;G000875;1079;alaina;diane;laws;26;f;w;valdese;branch;2515;28690;nc
A;G000876;1080;charles;ross;robinson;67;m;b;valdese;berrytown;1605;28690;nc
A;G000877;1081;caleb;donavan;lowman;27;m;w;valdese;mineral springs mtn;5630;28690;nc
A;G000878;1082;logan;christopher;vanover;27;m;w;morganton;view;4095;28655;tx
A;G000879;1083;emily;ann;lyford;30;f;w;morganton;carl freeman;2699;28655;ma
A;G000879;1084;emily;;lyford;30;f;w;conover;15th;3250;28613;ma
A;G000880;1085;anthony;scott;bruner;46;m;w;marion;golden leaf;44;28752;tn
A;G000881;1086;ashley;elliott;childers;29;f;w;hildebran;third;119;28637;nc
A;G000881;1087;ashley;elliott;childers;29;f;w;maiden;kinks;1351;28650;nc
A;G000882;1088;jeffrey;warren;pritchard;32;m;w;morganton;silver creek church;4668;28655;nc
A;G000883;1089;joshua;william;kincaid;40;m;w;greenville;mulberry;2715;27858;nc
A;G000884;1090;monica;ann;mcgee;31;f;w;morganton;ada charlie;3376;28655;nc
A;G000884;1091;monica;ann;mcgee;31;f;w;raleigh;river oak turn;3105;27613;nc
A;G000885;1092;cindy;;yang;28;f;a;connelly springs;knobs;7224;28612;ca
A;G000886;1093;bobby;darrin;mitchell;30;m;w;shelby;dellinger;617;28152;nc
A;G000887;1094;steven;michael;beshears;49;m;w;morganton;myrtle;207;28655;nc
A;G000887;1095;steven;michael;beshears;49;m;w;hudson;winter hill;500;28638;nc
A;G000888;1096;barbara;quarles;murray;72;f;w;valdese;woodland;1029;28690;
A;G000889;1097;tammy;garland;horne;54;f;w;morganton;us 70;2953;28655;nc
A;G000889;1098;tammy;garland;setzer;54;f;w;lenoir;tablerock;2676;28645;
A;G000890;1099;sharon;joy;holmes;64;f;w;hickory;old laurel;6872;28602;ny
A;G000891;1100;david;saint john;hennessee;75;m;b;morganton;concord;331;28655;dc
A;G000892;1101;rachael;patricia;maltba;32;f;w;hickory;oak;8015;28602;nc
A;G000893;1102;wendy;virginia;weaver;47;f;w;connelly springs;weaver;1620;28612;nc
A;G000893;1103;wendy;virginia;weaver;47;f;w;hickory;heritage farm;1070;28601;nc
A;G000894;1104;fred;bartholomew;brendle;48;m;w;connelly springs;horseshoe;7649;28612;nc
A;G000894;1105;fred;bartholomew;brendle;48;m;w;hickory;4th;2225;28601;nc
A;G000895;1106;glenn;scott;colwell;47;m;w;morganton;race track;2398;28655;pa
A;G000896;1107;jason;larry;ross;33;u;u;morganton;powerhouse;1973;28655;
A;G000896;1108;jason;larry;ross;33;m;w;nebo;fonta flora;1911;28761;nc
A;G000897;1109;megan;marie;suber;30;f;w;cornelius;ogden cove;21532;28031;nc
A;G000898;1110;vang;;vang;54;m;a;claremont;bunker hill school;3458;28610;oc
A;G000899;1111;jody;tyler;deaton;32;m;w;morganton;myrtle;207;28655;nc
A;G000899;1112;jody;tyler;deaton;32;u;w;wilmington;piner;721;28409;
A;G000900;1113;leveda;marie;ritch;31;f;w;lenoir;fairview;904;28645;nc
A;G000901;1114;brandi;howell;walker;33;f;w;connelly springs;george hildebrand school;8015;28612;nc
A;G000901;1115;brandi;howell;walker;33;f;w;hickory;howell farm;128;28601;nc
A;G000902;1116;jillian;mitchell;trotter;36;f;w;charlotte;crooked oak;4913;28226;
A;G000903;1117;jacquelyn;sue;price;60;f;w;huntersville;church;111;28078;ky
A;G000904;1118;lisa;wakefield;dooley;40;f;w;morganton;ones branch;100;28655;
A;G000904;1119;lisa;wakefield;dooley;40;f;w;morganton;clearwater;105;28655;nc
A;G000905;1120;deborah;christina;thayer;28;f;w;morganton;hillhaven;1729;28655;wa
A;G000906;1121;kory;t;morlin;83;f;w;marion;park;390;28752;ny
A;G000906;1122;kory;t;morlin;83;f;w;marion;park;390;28752;ny
A;G000907;1123;joshua;britt;fowler;40;m;w;morganton;waterford;1975;28655;nc
A;G000908;1124;lexia;palmer;churchill;68;f;w;hickory;21st;1007;28601;va
A;G000909;1125;lois;janet;baker;71;f;w;drexel;poteat;303;28619;nc
A;G000910;1126;allison;elizabeth;joseph;26;f;w;pineville;darington;13824;28134;ny
A;G000911;1127;justin;tyler;hullett;26;m;w;hickory;liberty church;2361;28601;nc
A;G000912;1128;jennifer;elizabeth;burgess;48;f;w;vale;cansler;3179;28168;nc
A;G000913;1129;stacy;self;price;29;f;w;lenoir;chinquapin;4267;28645;nc
A;G000914;1130;gerald;adams;enos;83;m;w;morganton;lenoir;500;28655;va
A;G000915;1131;francis;anthony;masterson;77;m;w;cornelius;springwinds;17615;28031;ny
A;G000916;1132;justin;tommie;brittain;39;m;w;morganton;fiddlers;135;28655;nc
A;G000917;1133;moua;;lor;36;m;o;glen alpine;scott;106;28628;ca
A;G000918;1134;shannon;dale;sigmon;43;u;w;connelly springs;mount harmony;8494;28612;
A;G000919;1135;anthony;david;mesa;25;m;w;boone;locust summit dorm;240;28608;or
A;G000920;1136;katlin;paige;canipe;25;f;w;boone;hawthorne;143;28607;nc
A;G000921;1137;jeffrey;wesley;roper;52;m;w;morganton;farris;5870;28655;sc
A;G000922;1138;jessica;griggs;carpenter;29;f;w;morganton;st marys church;1035;28655;nc
A;G000922;1139;jessica;whitney;griggs;29;f;w;salisbury;dunns mountain;3020;28146;nc
A;G000923;1140;tyler;franklin;sain;27;m;w;vale;wesson;1110;28168;nc
A;G000924;1141;anthony;miguel;carbonetti;35;m;w;morganton;benjamin;2362;28655;fl
A;G000925;1142;stephanie;reid;davis;49;f;w;morganton;scott;4635;28655;fl
A;G000925;1143;stephanie;reid;davis;49;f;w;mocksville;pleasant acre;422;27028;fl
A;G000926;1144;amanda;louise;evans;34;f;w;hickory;9th;437;28602;wv
A;G000927;1145;merrick;duane;smith;48;m;b;winston salem;brownsboro;4217;27106;nc
A;G000927;1146;merrick;duane;smith;48;m;b;winston salem;goldfloss;825;27107;nc
A;G000928;1147;joseph;daniel;tallent;33;m;w;boone;king;229;28607;
A;G000929;1148;michael;edward;tilley;70;m;w;newton;bugle;1128;28658;nc
A;G000930;1149;alvin;;hinnant;35;m;b;lenoir;grandfather;2462;28645;ny
A;G000930;1150;alvin;;hinnant;35;m;b;lenoir;grandfather;2462;28645;ny
A;G000931;1151;george;robert;sanders;61;m;w;spruce pine;overlook;202;28777;nc
A;G000932;1152;david;l;revis;67;m;w;marion;fairview;1801;28752;nc
A;G000933;1153;mary;alice;poteat;71;f;w;hickory;atwood;8790;28601;nc
A;G000934;1154;teresa;harrison;west;58;f;w;lenoir;slope;1436;28645;nc
A;G000935;1155;brittany;marie;rydzfski;28;f;w;high point;sink lake;629;27265;fl
A;G000936;1156;leiland;;floyd;90;m;w;morganton;ross;102;28655;al
A;G000937;1157;bradley;rapheal;mccurdy;27;m;b;drexel;river hills;104;28619;nc
A;G000937;1158;bradley;rapheal;mccurdy;27;m;b;cullowhee;peak;79;28723;nc
A;G000938;1159;monica;cox;erwin;33;f;w;jonas ridge;nc 181;9076;28641;
A;G000939;1160;gregory;lewis;stone;27;m;w;drexel;garrison;203;28619;nc
A;G000940;1161;karen;renee;wilson;47;f;w;morganton;branstrom orchard;5826;28655;nc
A;G000941;1162;jena;renae;castle;18;f;w;hickory;bowman lowman;9012;28601;nc
A;G000942;1163;gary;lamar;ray;59;m;w;morganton;causby;3976;28655;tn
A;G000943;1164;heather;davis;moody;43;f;w;hickory;woodland hills;7389;28602;nc
A;G000944;1165;christina;ricketts;franklin;35;f;w;marion;rutherford;634;28752;nc
A;G000945;1166;carley;anne;scheitrum;34;f;w;morganton;morehead;224;28655;ca
A;G000945;1167;carley;anne;scheitrum;34;u;u;durham;lasalle;801;27705;ca
A;G000945;1168;carley;anne;prenshaw;34;f;w;raleigh;nine iron;1511;27603;ca
A;G000946;1169;contessa;bowers;ramseur;46;f;b;drexel;drexel;103;28619;nc
A;G000947;1170;misty;nicole;allen;37;f;w;connelly springs;doc pugh;2981;28612;nc
A;G000947;1171;misty;nicole;allen;37;f;w;maiden;kent;4217;28650;nc
A;G000948;1172;margaret;christina;gardner;28;f;w;connelly springs;ledford;8596;28612;nc
A;G000949;1173;kimberly;hayes;bennett;47;u;w;morganton;hopewell;994;28655;nc
A;G000949;1174;kimberly;hayes;bennett;47;f;w;hudson;delmar;312;28638;nc
A;G000949;1175;kimberly;dawn hayes;bennett;47;f;w;nebo;cedar brook;55;28761;
A;G000950;1176;christopher;jarion;freeman;27;m;b;conover;conover;1606;28613;nc
A;G000950;1177;christopher;jarion;freeman;27;m;b;hickory;5th;716;28602;
A;G000950;1178;christopher;jarion;freeman;27;m;b;hickory;5th;716;28602;
A;G000951;1179;laurel;catherine;broom;66;f;w;cornelius;lovers lawn;1721;28031;il
A;G000952;1180;dakota;william;effler;24;m;w;morganton;willow run;121;28655;nc
A;G000953;1181;faith;allison;draper;26;f;w;hudson;dogwood;474;28638;nc
A;G000953;1182;faith;allison;draper;26;f;w;lenoir;cove mountain;1832;28645;nc
A;G000954;1183;donald;neal;tucker;61;m;b;hickory;37th;216;28602;nc
A;G000956;1184;angel;dion;johnson;41;f;w;valdese;ribet;135;28690;
A;G000957;1185;laura;beth;famularo;36;f;w;clayton;kershaw;634;27520;mn
A;G000957;1186;laura;beth;famularo;36;f;w;charlotte;summit commons;13720;28277;mn
A;G000958;1187;jonathan;james;allen;40;m;w;connelly springs;bailey;8161;28612;nc
A;G000959;1188;judy;gail;huntley;66;f;w;rutherfordton;stacey;305;28139;nc
A;G000960;1189;brianna;elizabeth;lloyd;27;f;b;forest city;groce;147;28043;nc
A;G000961;1190;haylea;nicole;workman;26;f;w;boone;margo;373;28607;nc
A;G000963;1191;timothy;webb;davis;58;m;w;morganton;anderson;204;28655;nc
A;G000963;1192;timothy;webb;davis;58;m;w;ellenboro;hollis;1323;28040;nc
A;G000964;1193;robin;pritchard;birchfield;55;f;w;granite falls;harbour;4016;28630;wv
A;G000965;1194;vivian;wingate;woodbury;79;f;w;morganton;elm;123;28655;ga
A;G000965;1195;vivian;wingate;brown;79;f;w;asheboro;kenmore;904;27203;ga
A;G000966;1196;richard;justin;reeves;31;m;w;hickory;wright;5237;28602;nc
A;G000967;1197;anita;larhonda;randle;56;f;b;kannapolis;pine hill;390;28083;mo
A;G000967;1198;anita;larhonda;randle;56;f;b;fort bragg;pont labby;149;28307;mi
A;G000968;1199;cheryl;;powell;55;f;w;charlotte;autumn harvest;2915;28269;
A;G000969;1200;nita;;patel;44;f;u;charlotte;garden district;759;28202;oc
A;G000970;1201;ronald;phil;denton;47;m;w;concord;blake brook;6812;28025;va
A;G000971;1202;latricia;;hunter;46;f;b;harrisburg;peach blossom;7806;28075;nc
A;G000972;1203;trivonna;june;nance;42;f;w;indian trail;old dutch;423;28079;va
A;G000973;1204;ashley;janean;brockington;31;f;b;harrisburg;grady harris sr rd;3221;28075;ca
A;G000973;1205;ashley;janean;brockington;31;f;b;charlotte;camrose;615;28215;ca
A;G000974;1206;janelle;latrice;williams;40;f;b;concord;concord pointe;3530;28027;nc
A;G000975;1207;candace;;storey;43;f;w;concord;yorke;5640;28027;dc
A;G000975;1208;candace;rae oneil;storey;43;f;w;denver;parsons;1199;28037;dc
A;G000976;1209;zulema;;castillo;48;f;u;harrisburg;winding cedar;7214;28075;oc
A;G000977;1210;linda;lyons;jenkins;62;f;b;concord;norman pointe;1210;28025;ny
A;G000977;1211;linda;lyons;jenkins;62;f;b;knightdale;limewood;5213;27545;ny
A;G000978;1212;robert;louis;burris;90;m;w;kannapolis;keever;720;28083;
A;G000978;1213;robert;louis;burris;90;m;w;kannapolis;keever;720;28083;nc
A;G000979;1214;jimmy;davis;hitchcock;47;m;b;concord;academy;123;28025;nc
A;G000979;1215;jimmy;davis;hitchcock;47;m;b;winston salem;claudias;6022;27103;nc
A;G000979;1216;jimmy;davis;hitchcock;47;m;b;jacksonville;seville;240;28546;nc
A;G000980;1217;michael;travis;blanton;32;m;w;midland;valley acres;3011;28107;nc
A;G000980;1218;michael;travis;blanton;32;m;w;marion;rocky spur;48;28752;nc
A;G000981;1219;emogene;m;butler;91;f;w;charlotte;sardis;5012;28270;
A;G000982;1220;billy;coleman;cates;30;m;b;concord;bay meadows;1536;28027;pa
A;G000982;1221;billy;coleman;cates;30;m;b;charlotte;lightspun;621;28216;pa
A;G000983;1222;joseph;emidio;strefezza;42;m;w;concord;erinbrook;6780;28025;ny
A;G000984;1223;amber;leigh;cruse;36;f;w;charlotte;featherbrook;11021;28262;nc
A;G000984;1224;amber;cruse;martin;36;f;w;foxfire village;ridge;2;27281;nc
A;G000985;1225;abigail;louanna;benham;28;f;w;concord;harris;761;28025;
A;G000986;1226;omayra;collazo;rodriguez;39;f;o;kannapolis;wilkes;958;28081;pr
A;G000987;1227;rona;grissom;moore;48;f;w;concord;short;521;28027;nc
A;G000987;1228;rona;grissom;moore;48;f;w;albemarle;canton;21885;28001;nc
A;G000988;1229;patricia;ann;volbright;67;f;w;harrisburg;riverside village;3712;28075;nc
A;G000988;1230;patricia;ann;volbright;67;f;w;charlotte;tryon;4824;28213;nc
A;G000989;1231;william;dale;rice;34;m;w;kannapolis;fir;102;28081;
A;G000990;1232;gary;;panepinto;63;m;w;charlotte;millstream ridge;3809;28269;ny
A;G000991;1233;mildred;mack;ellis;89;f;b;concord;lake concord;515;28025;nc
A;G000992;1234;gwendolynn;amber;holt;27;f;w;charlotte;strangford;4014;28215;sc
A;G000993;1235;lindsey;billings;kells;28;f;w;concord;woodlawn;2122;28025;
A;G000993;1236;lindsey;beth;billings;28;f;w;concord;cress;7313;28025;nc
A;G000994;1237;carlos;alberto;godinez;23;m;w;kannapolis;leonard;700;28081;nc
A;G000995;1238;joyce;merrick;howitt;89;f;w;concord;branchview;240;28025;ny
A;G000995;1239;joyce;m;howitt;89;f;w;charlotte;hyde pointe;11268;28262;ny
A;G000996;1240;nathan;daniel;stone;33;m;w;concord;bartram;806;28025;fl
A;G000997;1241;tyler;jordan;schwartz;48;m;w;charlotte;fernspray;9806;28215;mi
A;G000998;1242;ryan;patrick;ivers;38;m;w;charlotte;hinsdale;2800;28210;ct
A;G000999;1243;donald;wesley;lockhart;71;m;w;harrisburg;kensington;8113;28075;wa
A;G001000;1244;bethany;joy;rush;42;f;w;davidson;fox ridge;6722;28036;pa
A;G001000;1245;bethany;joy;rush;42;f;w;mooresville;cove creek;236;28117;pa
A;G001001;1246;shivasaran;andagudi;prabhushankar;20;m;a;concord;barrowcliffe;2247;28027;
A;G001002;1247;jennifer;elaine;bullock;38;f;w;concord;dunberry;4613;28027;ny
A;G001002;1248;jennifer;elaine;bullock;38;f;w;charlotte;wingmont;7704;28269;ny
A;G001003;1249;jenneffer;;richardson;52;f;b;concord;hillandale;571;28025;ny
A;G001003;1250;jenneffer;;richardson;52;f;b;durham;buchanan;1807;27705;ny
A;G001003;1251;jenneffer;;richardson;52;f;b;charlotte;camp greene;1502;28208;ny
A;G001004;1252;sandra;marie;mcgee;48;f;b;concord;crowell;112;28025;
A;G001005;1253;brandi;morgan;blair;23;f;w;mount pleasant;j ruth;9035;28124;nc
A;G001005;1254;brandi;morgan;blair;23;f;w;charlotte;plott;7617;28215;nc
A;G001006;1255;david;keith;sheets;63;m;w;concord;waterway;7905;28027;nc
A;G001007;1256;bria;shanette;mosby;25;f;b;greenville;10th;3275;27858;
A;G001008;1257;logan;t;morgan;30;f;w;kannapolis;bertha;2117;28083;nc
A;G001009;1258;joe;daniel;vanskiver;36;m;u;concord;starmount park;3100;28027;ny
A;G001009;1259;joseph;daniel;vanskiver;36;m;w;kannapolis;rose;213;28083;ny
A;G001010;1260;khalil;j;spratt;20;m;b;concord;robbins;126;28025;nc
A;G001010;1261;khalil;jermiah;spratt;20;m;b;pembroke;university;1;28372;nc
A;G001011;1262;akhil;;gundabathula;20;m;a;charlotte;summit commons;13725;28277;tx
A;G001012;1263;gordon;al;edwards;84;m;w;concord;branchview;240;28025;vi
A;G001013;1264;nicole;antoinette;nash;44;f;u;charlotte;savannah club;13354;28273;nc
A;G001014;1265;patsy;daniel;rice;73;f;w;harrisburg;rocky river;3902;28075;
A;G001015;1266;gene;delano;pennell;71;m;w;landis;meriah;114;28088;nc
A;G001016;1267;john;edward;branshaw;46;m;w;richfield;old us 52 hwy;44243;28137;ny
A;G001017;1268;leshondar;antonie;mcmullen;47;f;b;concord;corban;179;28025;nc
A;G001017;1269;leshondar;antonie;mcmullen;47;f;b;concord;concord chase;814;28025;nc
A;G001018;1270;gail;scott;hammond;66;m;w;mooresville;poplar grove;208;28117;mo
A;G001019;1271;gary;thomas;craft;71;m;w;kannapolis;buick;1006;28083;ga
A;G001020;1272;christopher;dennis;lambert;35;m;w;kannapolis;pine;1404;28081;nc
A;G001021;1273;kirsen;seritta;hammond;34;f;b;concord;woodbrook;605;28025;mi
A;G001022;1274;peter;;carlyle;43;m;w;concord;ridgewood;1301;28027;me
A;G001023;1275;jonathan;patrick;taylor;39;m;w;greenville;bostic;4460;27834;nc
A;G001023;1276;jonathan;patrick;taylor;39;m;w;salisbury;lee;825;28144;nc
A;G001024;1277;alicia;jaquan;gaddy;30;f;b;concord;lahana;2414;28027;nc
A;G001024;1278;alicia;j;gaddy;30;f;b;charlotte;chelveston;1418;28208;
A;G001025;1279;peter;;wong;55;m;o;concord;chelwood;3380;28027;ct
A;G001026;1280;johnathon;reid;johnson;36;m;w;cornelius;henderson;19901;28031;nc
A;G001027;1281;brian;thomas;loseke;56;m;w;charlotte;falmouth;10049;28269;il
A;G001028;1282;andrew;thomas;hinsley;38;m;w;lillington;downing;46;27546;mi
A;G001029;1283;jimmeka;nicole;cameron;39;f;b;concord;boger;225;28025;nc
A;G001029;1284;jimmeka;n;cameron;39;f;b;fayetteville;patrick;1149;28314;nc
A;G001030;1285;thomas;jesse;kombol;28;m;w;kannapolis;fieldbrook;4708;28081;nc
A;G001030;1286;thomas;jesse;kombol;28;m;w;kannapolis;westover;227;28081;nc
A;G001031;1287;sarah;casey;covington;104;f;w;concord;taylor glen;3700;28027;nc
A;G001032;1288;stephen;michael;schaefer;54;m;w;cornelius;harbor mist;18112;28031;mo
A;G001033;1289;patricia;ann;radney;60;f;w;mount pleasant;walker;2415;28124;
A;G001034;1290;eva;denise;wallace;52;f;b;concord;woodbury;4100;28027;nc
A;G001035;1291;allison;kate;sees;28;f;w;concord;high ridge;8871;28027;
A;G001036;1292;jaicie;dee;conrad;41;f;w;harrisburg;woodmere;7914;28075;nj
A;G001037;1293;jasmine;janay;rucker;29;f;b;concord;small;340;28027;nc
A;G001038;1294;danielle;marie;hudgens;38;f;w;indian trail;hollingdale;1001;28079;nc
A;G001039;1295;louise;locke;burzanko;70;f;w;concord;watercrest;2935;28027;oh
A;G001040;1296;bronson;trente;klutz;29;m;b;concord;davidson;2852;28027;nc
A;G001041;1297;timothy;jackson;snodgrass;62;m;w;charlotte;armitage;3915;28269;va
A;G001042;1298;murray;clay;taylor;45;m;b;concord;easy;623;28027;il
A;G001043;1299;monica;josephine;grant;83;f;b;charlotte;veckman;6035;28269;oc
A;G001044;1300;todd;;peters;54;m;b;kannapolis;westover;135;28081;mi
A;G001045;1301;rasheika;sade;oneal;28;f;b;kannapolis;rogers lake;804;28081;nc
A;G001045;1302;rasheika;sade;o neal;28;f;b;concord;carrie;218;28027;nc
A;G001046;1303;matthew;scott;parkus;44;m;w;concord;avent;5040;28027;oh
A;G001047;1304;judith;ann;small;48;f;b;indian trail;sparkleberry;7534;28079;ny
A;G001048;1305;amy;elaine;spence;43;f;w;charlotte;sugarstone;4302;28269;al
A;G001049;1306;shirley;bade;duff;72;f;w;concord;basswood;5101;28025;va
A;G001049;1307;shirley;bade;duff;72;u;u;locust;ardsley;317;28097;
A;G001050;1308;jeanna;marie;lazaro;47;f;w;harrisburg;town center;4237;28075;oc
A;G001050;1309;jeanna;lazaro;willix;47;f;w;kannapolis;forest view;131;28081;oc
A;G001051;1310;centrail;davis;johnson;42;f;b;harrisburg;heatherstone;7954;28075;nc
A;G001052;1311;christopher;lemarc;wattie;38;m;b;charlotte;john russell;9502;28215;wv
A;G001053;1312;christopher;gene;williams;45;m;w;concord;macedonia church;6724;28027;nc
A;G001054;1313;stephen;douglas;linn;50;u;u;fayetteville;landau;1130;28311;
A;G001055;1314;julie;annette;morales;35;f;w;kannapolis;captains watch;2648;28083;az
A;G001056;1315;janette;chanene;pullen;28;f;b;charlotte;clanton;1611;28208;fl
A;G001057;1316;sacha;lafroye;bias;43;f;b;concord;runneymede;3323;28027;sc
A;G001058;1317;sarah;king;decelle;27;f;w;kannapolis;century;5001;28081;nc
A;G001059;1318;richard;alan;stanchek;43;m;w;concord;bay meadows;1564;28027;ny
A;G001060;1319;michelle;fleming;moore;34;f;w;rockwell;old beatty ford;6690;28138;nc
A;G001061;1320;daniel;joseph;anticoli;35;m;w;huntersville;old barnette;9109;28078;nj
A;G001062;1321;timothy;jason;andrews;35;m;w;maiden;briar creek;4421;28650;
A;G001062;1322;timothy;jason;andrews;35;m;w;statesville;fair wind;149;28677;mo
A;G001063;1323;john;brady;melvin;47;u;u;fuquay varina;hollywood;2027;27526;
A;G001064;1324;william;matthew;arrington;34;m;w;harrisburg;patricia;503;28075;nc
A;G001064;1325;william;matthew;arrington;34;m;w;wilmington;atlantis;4803;28403;nc
A;G001065;1326;mary lou;;iantosca;53;f;w;concord;leverwood;9414;28027;nj
A;G001065;1327;mary lou;;iantosca;53;f;w;charlotte;interface;1730;28262;nj
A;G001066;1328;robert;burns;roberts;59;m;w;concord;bondale;8850;28025;nc
A;G001067;1329;michael;john;primerano;48;m;w;concord;taunton;107;28027;pa
A;G001068;1330;randal;thomas;wilkinson;31;m;w;charlotte;rockwood;10308;28215;nc
A;G001069;1331;tammy;juanik;mccullough;43;f;b;washington;john small;503;27889;ny
A;G001070;1332;martha;jean;strahan;51;f;w;davidson;traders;10834;28036;nc
A;G001070;1333;martha;bates;lang;51;f;w;charlotte;shady oak;7988;28210;nc
A;G001071;1334;melissa;amy;peacock;29;f;m;kannapolis;englewood;2116;28083;la
A;G001072;1335;janae;shauntai;faucette;41;f;b;kannapolis;hoke;912;28081;ny
A;G001073;1336;christina;bond;wilson;55;f;w;harrisburg;hounslow;3908;28075;sc
A;G001074;1337;charles;joseph;herron;25;m;w;wilmington;trihouse;5121;28403;az
A;G001075;1338;sean;edward;johnson;29;m;w;concord;lily green;109;28027;mi
A;G001076;1339;jane;boyle;box;58;f;w;concord;carolyn;780;28025;ny
A;G001076;1340;jane;boyle;box;58;f;w;linwood;sowers;2077;27299;ny
A;G001077;1341;kenneth;edward;sparr;41;m;w;charlotte;robin s nest;12129;28269;ny
A;G001078;1342;donald;;kiefer;61;m;w;concord;merrymount;7043;28025;ny
A;G001078;1343;donald;;kiefer;61;m;w;waynesville;setting sun;20;28786;nc
A;G001079;1344;lanaire;cerita;lindo;30;f;b;concord;ravenscroft;9771;28027;ny
A;G001079;1345;lanaire;cerita;lindo;30;f;b;charlotte;pike;8110;28262;ny
A;G001079;1346;lanaire;cerita;lindo;30;f;b;greenville;10th;3325;27858;ny
A;G001080;1347;kara;ann;williams;24;f;w;oakboro;hilltop;830;28129;nc
A;G001081;1348;gary;lynn;dunlap;50;m;w;kannapolis;new potato;3580;28083;nc
A;G001083;1349;charles;patrick;hamilton;54;m;w;concord;lindler;1029;28027;nc
A;G001084;1350;patti;a;alquist;64;f;w;kannapolis;oakshade;1112;28083;ny
A;G001085;1351;jennifer;faith;lane;43;f;w;charlotte;pimpernel;2313;28213;pa
A;G001086;1352;larry;wayne;white;40;m;w;concord;westgate;1437;28027;
A;G001086;1353;larry;wayne;white;39;m;w;troutman;church;134;28166;nc
A;G001087;1354;karen;dobson;barker;59;f;w;rosman;feather;142;28772;sc
A;G001088;1355;thomas;tracy;hosbein;60;m;w;concord;stacybrook;107;28025;
A;G001089;1356;christopher;stephen;crutchfield;40;m;w;sherrills ford;roundstone;1405;28673;ny
A;G001089;1357;christopher;stephen;crutchfield;40;m;w;charlotte;old concord;9405;28213;ny
A;G001090;1358;mark;alan;andrews;60;m;w;charlotte;greencastle;8232;28210;nc
A;G001091;1359;cynthia;denise;eudy;40;f;w;concord;rama wood;674;28025;nc
A;G001091;1360;cynthia;denise;gigandet;40;f;w;apex;chapel valley;207;27502;nc
A;G001092;1361;linda;gandia;zarian;70;f;o;charlotte;polo gate;5028;28216;
A;G001093;1362;daniel;paul;goodrich;41;m;w;concord;edgewater;113;28027;ny
A;G001094;1363;nicole;lynn;parker;33;u;u;cooleemee;main;190;27014;
A;G001094;1364;nicole;lynn;parker;33;f;w;salisbury;correll farm;175;28146;nc
A;G001095;1365;john;bowman;conrad;71;m;w;salisbury;brookmont;826;28146;dc
A;G001096;1366;wesley;;days;45;m;b;charlotte;kirkmont;10345;28269;ny
A;G001098;1367;robert;joseph;gibson;68;m;w;concord;storybook;9640;28027;nj
A;G001099;1368;stephanie;a;koomen;47;f;w;harrisburg;woodstream;2180;28075;ny
A;G001100;1369;ricardo;tate;teal;38;m;b;concord;fingerlake;6500;28027;nc
A;G001100;1370;ricardo;tate;teal;38;m;b;charlotte;edgeworth;7608;28213;nc
A;G001101;1371;tracy;lee;shivers;48;m;w;concord;pine circle;1047;28027;ks
A;G001102;1372;tiffane;monique;thompson;37;f;b;charlotte;paces oaks;8300;28213;sc
A;G001103;1373;holly;elizabeth;roberts;51;f;w;cornelius;rio oro;21428;28031;md
A;G001104;1374;carl;john;valentin;48;m;w;concord;avery;950;28025;md
A;G001105;1375;joshua;darren;sanders;30;m;w;landis;zion;511;28088;nc
A;G001105;1376;joshua;darren;sanders;30;m;w;kannapolis;westen acres;260;28081;nc
A;G001106;1377;timothy;;greene;54;m;b;concord;waterway;7905;28027;nc
A;G001106;1378;timothy;;greene;54;m;b;albemarle;lowder;829;28001;
A;G001107;1379;james;branson;heishman;63;m;w;gold hill;bridlewood;399;28071;va
A;G001108;1380;jimmie;lee;cranfield;50;m;w;salisbury;peach orchard;1800;28146;nc
A;G001109;1381;gregory;crist;pierce;68;m;w;concord;blackberry;248;28027;mi
A;G001109;1382;gregory;crist;pierce;68;m;w;charlotte;buddy holly;7802;28216;mi
A;G001110;1383;noah;daniel;driver;24;m;w;concord;blackberry;250;28027;nc
A;G001111;1384;billie;benfield;atwell;73;f;w;matthews;crescent;1509;28105;nc
A;G001111;1385;billie;a;kerwin;73;f;w;indian trail;fairington;3601;28079;nc
A;G001112;1386;rebecca;dawn;livengood;30;f;w;concord;poplar tent;3707;28027;nc
A;G001113;1387;annie;maheailani;nance;50;f;o;concord;fallwood;526;28025;hi
A;G001114;1388;mary;elizabeth;lauria;35;f;w;concord;pond landing;4736;28025;va
A;G001114;1389;mary;elizabeth;lauria ripley;35;f;w;charlotte;clonmel;2254;28262;va
A;G001115;1390;brian;glynn;adlerstein;29;m;w;charlotte;taranasay;1128;28269;ny
A;G001115;1391;brian;glynn;adlerstein;29;m;w;raleigh;ncsu sullivan;0;27607;ny
A;G001116;1392;lucinda;maria;washington;55;f;b;albemarle;coggins;212;28001;nj
A;G001117;1393;william;rhyne;bost;64;m;w;china grove;tranquil lake;230;28023;nc
A;G001118;1394;julie;anne;payne;40;f;w;salisbury;riting;145;28147;ny
A;G001119;1395;alan;howard;dietz;40;m;w;charlotte;arnold;1638;28205;sc
A;G001120;1396;donophan;;clyburn;67;m;b;concord;helmsley;3100;28027;
A;G001121;1397;michael;douglas;mclaurin;46;m;w;concord;jim kiser;976;28025;nc
A;G001121;1398;michael;douglas;mclaurin;46;m;w;salisbury;weatherby;1210;28146;nc
A;G001123;1399;dru;f;rentfro;59;m;w;harrisburg;kale;8250;28075;nm
A;G001124;1400;clifton;lavell;boone;55;m;b;charlotte;porter creek;13806;28262;wa
A;G001125;1401;judy;darlene;smith;70;f;w;concord;wedgewood;2405;28025;nc
A;G001126;1402;christy;addington;overcash;35;f;w;concord;four winds;4223;28027;nc
A;G001127;1403;cheryl;anne;bowker;58;f;w;concord;waterview;610;28027;ma
A;G001128;1404;heather;renee;counts;39;f;w;concord;patrick henry;3170;28027;nc
A;G001128;1405;heather;renee;tyree;39;f;w;clayton;wilders woods grove;75;27527;nc
A;G001129;1406;terry;danita;mcconneaughey;58;f;b;kannapolis;forest pond;207;28083;nc
A;G001130;1407;julie;krista;young;41;f;w;wilmington;wilshire;3507;28403;va
A;G001131;1408;steve;franklin;wilson;74;m;w;salisbury;stokes ferry;8530;28146;pa
A;G001132;1409;neil;calvin;leach;64;m;w;concord;honeycutt;291;28025;
A;G001132;1410;neil;calvin;leach;64;m;w;mocksville;howell;857;27028;va
A;G001133;1411;michael;wayne;gainey;60;m;w;concord;johnson;115;28027;
A;G001134;1412;catherine;jones;yarn;82;f;w;concord;rocky river;6215;28025;
A;G001135;1413;kristina;holcomb;huntsberger;40;f;w;denver;blackwood;7982;28037;nc
A;G001136;1414;matthew;w;clark;57;m;w;kannapolis;summit ridge;1552;28083;il
A;G001137;1415;angela;denise;scott;40;f;w;charlotte;hollow creek;8715;28262;tn
A;G001138;1416;james;christopher;louis;55;m;w;concord;robin s nest;4412;28027;ma
A;G001138;1417;james;christopher;louis;55;m;w;durham;old chapel hill;5110;27707;ma
A;G001138;1418;james;;louis;55;m;w;pollocksville;barrus;105;28573;nc
A;G001139;1419;peggy;s;baucom;65;f;w;davidson;kingsview;10773;28036;
A;G001139;1420;peggy;sue;baucom;65;f;w;sanford;avents ferry;3616;27330;ks
A;G001140;1421;william;h;jefferson;43;m;b;charlotte;ambridge;4703;28216;sc
A;G001141;1422;patricia;pryor;buck;71;f;b;harrisburg;carl parmer;4034;28075;va
A;G001142;1423;jacqueline;;campbell;57;f;b;kannapolis;wood;404;28083;ga
A;G001143;1424;richard;lamar;boyd;43;m;m;concord;mills;4165;28025;sc
A;G001144;1425;nicole;lynne;borkowski;28;f;w;harrisburg;heartwood;5883;28075;ct
A;G001144;1426;nicole;lynne;borkowski;28;u;u;harrisburg;heartwood;5883;28075;ct
A;G001145;1427;stacey;nicole;robinson;35;f;b;charlotte;andrew thomas;6005;28269;nc
A;G001146;1428;gregory;scott;stealey;32;m;w;concord;ludwig;403;28027;
A;G001147;1429;michael;;morici;44;m;w;harrisburg;annelise;4804;28075;ny
A;G001148;1430;shawn;michael;horton;46;m;w;concord;patterson;216;28025;oh
A;G001149;1431;joshua;adam;rollins;33;m;w;harrisburg;willow;729;28075;nc
A;G001150;1432;otis;john;huntley;26;m;b;concord;amber;309;28025;ny
A;G001150;1433;otis;john;huntley;26;m;b;fayetteville;blount;125;28301;ny
A;G001151;1434;karen;w;palomar;42;f;w;concord;brackley;2595;28027;ms
A;G001151;1435;karen;williams;palomar;42;f;w;matthews;idlewild;13665;28105;ms
A;G001152;1436;ashley;nicole;hinson;29;f;w;kannapolis;meadowood;324;28081;nc
A;G001153;1437;douglas;h;blacker;48;m;w;charlotte;humboldt;12143;28277;ct
A;G001154;1438;todd;lee;drye;34;m;w;concord;retriever;259;28025;nc
A;G001155;1439;anita;thomas;ballard;64;f;b;concord;cloister;761;28027;nc
A;G001155;1440;anita;thomas;ballard;64;f;b;kannapolis;21st;204;28083;nc
A;G001156;1441;chelsea;leigh;white;26;f;w;concord;red bird;1781;28025;nc
A;G001157;1442;farrah;leigh;gershenson;42;f;w;mooresville;lakeview shores;628;28117;ca
A;G001157;1443;farrah;leigh;gershenson;42;f;w;statesville;chipley ford;2020;28625;mi
A;G001158;1444;william;eugene;capps;40;m;w;concord;matchstick;1125;28025;
A;G001158;1445;william;eugene;capps;40;m;u;mooresville;silverleaf;100;28115;
A;G001159;1446;tauseef;;ahmed;62;m;o;harrisburg;breton;8176;28075;
A;G001160;1447;tyler;ashleigh;shrader;25;f;b;concord;spring;98;28025;nc
A;G001160;1448;tyler;ashleigh;shrader;25;f;b;charlotte;danae;6804;28216;nc
A;G001161;1449;logan;james;maletta;18;u;u;concord;piper;1471;28025;
A;G001161;1450;logan;james;maletta;18;m;w;concord;piper;1471;28025;nc
A;G001162;1451;sara;elaine;plante;30;f;w;matthews;atrium;11127;28105;ny
A;G001162;1452;sara;elaine;travis;30;f;w;indian trail;spring fancy;3030;28079;ny
A;G001163;1453;teresa;marie;galvin;52;f;w;concord;crossroads;11761;28025;ia
A;G001163;1454;teresa;marie;galvin;52;f;w;concord;whispering pine;1380;28025;ia
A;G001164;1455;jeremy;joseph;klipp;39;m;w;hendersonville;hebron;620;28739;fl
A;G001165;1456;tyler;travis;robes;35;m;w;concord;grand summit;10000;28027;nh
A;G001166;1457;david;alan;crump;54;m;w;concord;glen eagles;4177;28027;
A;G001167;1458;leah;maree;shoemaker;40;f;w;kannapolis;cadillac;209;28083;
A;G001167;1459;leah;maree;gilliam;40;f;w;cornelius;forest shadow;8607;28031;nc
A;G001168;1460;dolores;jean;yoders;54;f;w;midland;mount pleasant;9001;28107;oh
A;G001169;1461;thomas;francis;sweeney;69;m;u;concord;baystone;11438;28025;dc
A;G001169;1462;thomas;francis;sweeney;69;m;u;pittsboro;henrys watch;112;27312;dc
A;G001170;1463;benjamin;white;icard;69;m;w;midland;troutman;9939;28107;nc
A;G001170;1464;benjamin;white;icard;69;m;w;charlotte;pine lake;7010;28227;
A;G001171;1465;timothy;dean;spiegel;56;m;w;concord;mulberry;2020;28025;tx
A;G001171;1466;timothy;dean;spiegel;56;m;w;charlotte;ventura way;1440;28213;tx
A;G001172;1467;julie;kay;hudgens;46;f;w;concord;feather;4016;28025;nc
A;G001173;1468;rebecca;anne;hallatschek kittel;29;f;w;concord;foothills;6525;28025;oc
A;G001173;1469;rebecca;anne;hallatschek;29;f;w;charlotte;potenza;822;28262;oc
A;G001174;1470;ibn;zawdie abdul malik;stevenson;46;m;o;kannapolis;poppy;1907;28083;pa
A;G001175;1471;dianna;drayson;singler;52;f;w;charlotte;trotter;8018;28216;md
A;G001176;1472;lance;steven;shinn;34;m;w;harrisburg;town center;3956;28075;al
A;G001177;1473;jamilah;teresa;dolaballie;33;f;b;kannapolis;21st;109;28081;nc
A;G001178;1474;martina;michelle;jones;57;f;b;midland;clydesdale;12875;28107;
A;G001179;1475;kelli;nicole;christian;34;f;w;charlotte;first run;8934;28215;oh
A;G001180;1476;susan;howie;moody;70;f;w;charlotte;petrea;7611;28227;nc
A;G001181;1477;linnette;soler;santiago;43;f;o;cary;bronte;400;27513;pr
A;G001182;1478;sandra;susan;andrus;47;f;w;harrisburg;savannah;8727;28075;ny
A;G001183;1479;bipin;ratilal;parekh;73;m;o;concord;barley;4290;28027;
A;G001184;1480;courtney;lynn;newton;23;f;w;harrisburg;town center;4020;28075;nc
A;G001184;1481;courtney;lynn;newton;23;f;w;mooresville;angler;112;28117;nc
A;G001185;1482;franklin;delano;ferree;78;m;w;oakboro;oak ridge;783;28129;in
A;G001186;1483;shawne;anthony;carew;51;m;b;concord;wilkinson;100;28025;ny
A;G001186;1484;shawne;anthony;carew;51;m;b;concord;wilkinson;100;28025;ny
A;G001187;1485;sirisopa;jacklin;keovilay;20;f;o;charlotte;aintree;714;28215;va
A;G001188;1486;nichole;marcell;gipson;41;f;b;concord;moore;228;28025;tn
A;G001189;1487;renee;antoinette;thompson;47;f;b;concord;tala;433;28027;
A;G001190;1488;jordan;scott;bosker;35;u;u;concord;st adriens;5695;28025;
A;G001191;1489;michael;leonard;baggett;51;m;w;concord;amberdeen;4605;28025;ga
A;G001192;1490;eric;charles;munson;54;m;w;harrisburg;somerset;5300;28075;ca
A;G001193;1491;randy;eugen;earnhardt;65;m;w;mooresville;juniper;172;28115;nc
A;G001194;1492;jeffrey;l;munn;48;m;w;charlotte;sutters hill;12200;28269;nc
A;G001195;1493;michael;caudell;grier;66;m;b;concord;shearwater;9785;28027;
A;G001196;1494;stephanie;nicole;willyard;33;f;w;concord;st charles;71;28025;sc
A;G001196;1495;stephanie;willyard;burris;33;f;w;spencer;17th;215;28159;sc
A;G001197;1496;janet;karen;monte;70;f;w;wilmington;out island;5009;28409;fl
A;G001198;1497;amanda;nicole;baldwin;27;f;w;rockwell;cardinal;117;28138;oc
A;G001199;1498;samara;alicia;colon;22;f;b;charlotte;sipes;3821;28269;nc
A;G001200;1499;tloria;b;perkins;46;f;b;concord;alister;3481;28027;la
A;G001201;1500;tiesha;colleen;lowery;36;f;b;charlotte;amado;5430;28215;nc
A;G001201;1501;tiesha;colleen;lowery;36;f;b;charlotte;williams;6041;28215;nc
A;G001202;1502;julie;shawn;milligan;44;f;w;rockwell;cannon;509;28138;ma
A;G001202;1503;julie;shawn;milligan;44;f;w;hamptonville;overland;1014;27020;ma
A;G001203;1504;charles;michael;perry;27;m;b;zebulon;gannon;310;27597;nc
A;G001204;1505;ashley;michelle;brown;25;f;w;rockwell;sisk carter;6925;28138;nc
A;G001205;1506;christopher;michael;hawkins;39;m;w;charlotte;goldenfield;6340;28269;oc
A;G001206;1507;emily;katherine;linker;29;f;w;oakboro;booger hollar;13328;28129;
A;G001207;1508;becky;jo;ashley;44;f;w;moyock;green view;149;27958;wv
A;G001208;1509;kristen;margaret;cozart;26;f;w;boone;thunder;208;28607;nc
A;G001209;1510;sherita;;hamilton;50;f;b;kannapolis;centergrove;2049;28083;va
A;G001209;1511;sherita;;hamilton;50;f;b;kannapolis;village park;384;28081;va
A;G001210;1512;tonya;widenhouse;clayton;50;f;w;mount pleasant;oberhaus;1925;28124;nc
A;G001211;1513;barry;lee;moore;71;m;w;charlotte;old lantern;4756;28212;nc
A;G001212;1514;daniele;elizabeth;poor;45;f;w;concord;ramsgate;967;28025;ma
A;G001212;1515;daniele;elizabeth;summerfield;45;f;w;charlotte;brigmore;7103;28226;ma
A;G001213;1516;jessica;;pineda;36;f;u;kannapolis;samuel richard;4830;28083;
A;G001214;1517;andrew;robinson;gilbert;33;m;w;wilmington;tesla park;4512;28412;
A;G001215;1518;pamela;greene;cannon;52;f;w;concord;poplar tent;4910;28027;nc
A;G001216;1519;anthony;joseph;prieto;28;m;o;charlotte;balancing rock;7403;28262;fl
A;G001217;1520;robin;marie;morris;34;f;w;new london;kendalls church;32070;28127;nc
A;G001218;1521;tiana;renae;butler;32;f;b;new london;nc 740 hwy;40278;28127;nc
A;G001219;1522;michelle;lee;gant;43;f;w;concord;lyla;2551;28027;wv
A;G001219;1523;michelle;lee;gant;43;f;w;statesville;delight;139;28677;wv
A;G001220;1524;jody;phillip;barbee;43;m;w;rockwell;emanuel;6000;28138;nc
A;G001221;1525;jared;bruce;thompson;29;u;u;charlotte;ainsworth;8426;28216;al
A;G001222;1526;amy;beth;frankenstein;39;f;w;charlotte;english setter;10551;28269;va
A;G001222;1527;amy;beth;frankenstein;39;f;w;raleigh;dunwoody;504;27615;va
A;G001223;1528;takennya;dionne;burton;36;f;b;harrisburg;burgundy ridge;8315;28075;la
A;G001224;1529;barbara;ann;ray;50;u;u;concord;j c murray;11167;28027;il
A;G001225;1530;leandria;luvene;berry;48;f;b;charlotte;marble;1100;28208;ct
A;G001226;1531;diane;winecoff;rice;69;f;b;salisbury;shuping mill;755;28146;
A;G001227;1532;mark;edward;strohm;61;m;w;concord;franklin;116;28025;oh
A;G001228;1533;marvin;roddell;alexander;54;m;b;kannapolis;odessa;1612;28083;
A;G001228;1534;marvin;roddell;alexander;54;m;b;eden;b austin;170;27288;nc
A;G001229;1535;sara;;bouaseng;35;f;a;charlotte;antebellum;11706;28273;nc
A;G001230;1536;gregory;nye;curtis;53;m;w;concord;greystone;4472;28027;nc
A;G001231;1537;meredith;graham;robb;32;f;w;chapel hill;umstead;500;27516;nc
A;G001232;1538;michael;terence;maher;32;m;w;raleigh;deer haven;5211;27606;ny
A;G001233;1539;donna;marie;bland;56;f;b;concord;orphanage;3485;28027;va
A;G001234;1540;thomas;samuel;roberts;30;m;w;charlotte;mallard ridge;12405;28269;
A;G001235;1541;vanaye;janece;hamilton;32;f;b;charlotte;reafield;6616;28226;
A;G001236;1542;hazel;wilhoit;love;78;f;w;concord;piney church;1329;28025;nc
A;G001236;1543;hazel;wilhoit;love;78;u;w;albemarle;st martin;24352;28001;
A;G001237;1544;betsy;anne;smith;33;f;w;waynesville;joy;115;28786;nc
A;G001238;1545;megan;rhoda;hughes;46;f;b;charlotte;m;423;28204;ks
A;G001238;1546;megan;rhoda;allison;46;f;b;davidson;stuttgart;17508;28036;ks
A;G001239;1547;nikki;nashia;pharr;40;f;u;concord;malvern;329;28025;
A;G001240;1548;victor;kelly;benitez;51;m;w;concord;village;5433;28027;sc
A;G001241;1549;danielle;marie;pasiner;31;f;w;landis;correll;101;28088;ny
A;G001242;1550;douglas;hugh;oliver;63;m;b;concord;huntingwood;342;28025;nj
A;G001242;1551;douglas;hugh;oliver;63;m;b;raleigh;mackinac island;4000;27610;nj
A;G001243;1552;dominique;latasha;blount chambers;28;f;b;monroe;english;609;28110;nc
A;G001244;1553;holly;deadwyler;padgett;57;f;w;hendersonville;whisperwood;119;28791;sc
A;G001244;1554;holly;deadwyler;padgett;57;f;w;wake forest;marshall farm;1225;27587;sc
A;G001245;1555;devaughn;joseph;keith;69;m;w;concord;irish potato;540;28025;tn
A;G001246;1556;latona;thornwell;moore;47;f;b;midland;mustang;12887;28107;
A;G001247;1557;betty;florence;winchester;86;f;w;concord;poplar crossing;340;28027;
A;G001247;1558;betty;florence;winchester;86;f;w;cornelius;lovers lawn;1721;28031;
A;G001248;1559;daniel;robert;fellenzer;21;m;w;concord;dunberry;4606;28027;oc
A;G001249;1560;barbara;pearson;glascoe;51;f;b;concord;arrowhead;1082;28025;nc
A;G001250;1561;rosemary;gallagher;hyman;66;f;w;davidson;mooresville;11495;28036;
A;G001251;1562;jennifer;renee;neubacher;45;f;w;kannapolis;rose;200;28083;
A;G001252;1563;joe;calvis;parker;45;m;b;china grove;myrtle;309;28023;nc
A;G001254;1564;kristen;donnelly;brown;45;f;w;huntersville;three greens;503;28078;nc
A;G001255;1565;kenneth;matthew;griffin;32;m;w;concord;archibald;380;28025;nc
A;G001256;1566;diane;elizabeth;cummis;46;f;w;monroe;roy kindley;751;28110;ca
A;G001257;1567;john;ludvig;dunlop;54;m;b;concord;no man s;2523;28027;oc
A;G001257;1568;john;l;dunlop;54;m;b;fayetteville;normal;802;28301;
A;G001258;1569;amanda;paige;nordahl;29;f;w;charlotte;sharview;1111;28217;nj
A;G001259;1570;jordan;scott;deloach;29;m;w;wendell;wall;1119;27591;la
A;G001260;1571;kevin;scott;lott;31;m;w;kannapolis;rainbow;4410;28081;
A;G001261;1572;michael;james;kammeraad;37;u;u;concord;lahana;2804;28027;mi
A;G001261;1573;michael;james;kammeraad;37;m;w;charlotte;vinoy;8316;28262;mi
A;G001262;1574;girdhari;b;ramchandani;82;m;a;charlotte;electra;5741;28212;oc
A;G001263;1575;marjorie;ellen;weiland;61;f;w;charlotte;prescott;5710;28269;nj
A;G001264;1576;janny;;molina;42;f;o;charlotte;pineville point;815;28217;ny
A;G001265;1577;michael;travis;wagner;46;m;w;kannapolis;eastway;516;28083;
A;G001266;1578;lisa;lunsford;porter;57;f;w;kannapolis;stratton;1979;28081;nc
A;G001266;1579;lisa;l;porter;57;f;w;mooresville;arcadian;107;28117;nc
A;G001267;1580;donna;jeanne;walsh;37;f;w;matthews;potter;6522;28104;ny
A;G001268;1581;kelly;lynn;coon;40;f;w;tarboro;autumn;1801;27886;sd
A;G001269;1582;jessica;martinson;carter;36;m;w;charlotte;carlota;1934;28269;nc
A;G001269;1583;jessica;martinson;carter;36;f;w;winterville;saddleback;2312;28590;nc
A;G001270;1584;tawanda;johnnell;ford;37;f;b;concord;champion;3069;28025;nc
A;G001270;1585;tawanda;johnnell;ford;37;f;b;charlotte;rosehaven;3829;28205;nc
A;G001271;1586;kyle;ian;hansen;32;m;w;kannapolis;isenhour;4619;28081;tx
A;G001272;1587;julie;watt;garlatz;56;f;w;raleigh;rio springs;10801;27614;ca
A;G001273;1588;courtney;nicole;agee;26;f;w;charlotte;barossa valley;15508;28277;nc
A;G001274;1589;gail;davis;williams;57;u;w;concord;providence;6193;28027;
A;G001275;1590;stephanie;nicole;rambo;45;u;w;davidson;sunstone;10979;28036;
A;G001275;1591;stephanie;nicole;rambo;45;f;w;mooresville;river birch;151;28115;ky
A;G001276;1592;rebecca;pearson;smith;30;f;w;kannapolis;lowrance;304;28081;
A;G001276;1593;rebecca;pearson;smith;30;f;w;cullowhee;memorial;245;28723;
A;G001277;1594;ronald;maurice;harry;67;m;b;harrisburg;happiness;8923;28075;md
A;G001278;1595;dwight;maurice;garrison;49;m;b;concord;flicker;831;28027;nc
A;G001279;1596;joe;mansel;lewis;88;m;w;harrisburg;market;6822;28075;nc
A;G001280;1597;nadaara;andrenale;harris;25;f;b;concord;old glory;4128;28025;ar
A;G001281;1598;deborah;hayden;scott;65;f;w;concord;governor s pointe;2517;28025;
A;G001281;1599;deborah;lee;hayden;65;f;w;china grove;chinaberry;303;28023;nc
A;G001282;1600;jeffrey;thomas;clearwater;51;m;w;kannapolis;dale earnhardt;1575;28083;ny
A;G001283;1601;tinna;jennings;lawing;67;f;w;harrisburg;pharr mill;6464;28075;
A;G001284;1602;lydia;madaris;efird;34;f;w;harrisburg;camelot;8406;28075;nc
A;G001284;1603;lydia;madaris;efird;34;f;w;harrisburg;camelot;8406;28075;nc
A;G001285;1604;timothy;scott;woody;40;m;w;stanfield;party;9622;28163;nc
A;G001286;1605;felicia;levon;caple;48;f;b;kannapolis;kingston;1518;28083;nc
A;G001287;1606;allison;michelle;dowker;35;f;w;charlotte;forty niner;820;28262;
A;G001288;1607;christina;marie;greenlaw;54;f;w;huntersville;calverton;17432;28078;ca
A;G001289;1608;erin;patricia;neely;24;f;w;concord;rolling hills;1310;28025;va
A;G001290;1609;brian;ronald;monteleone;48;m;w;concord;fallbrook;2509;28027;
A;G001291;1610;angela;plyler;talley;48;f;w;oakboro;st martin;12792;28129;nc
A;G001291;1611;angela;plyler;talley;48;f;w;stanfield;math;8592;28163;
A;G001292;1612;rondel;lamon;epps;35;m;b;concord;crown point;613;28027;ok
A;G001293;1613;brittany;renee;kraycirik;24;f;w;huntersville;chewtonglen;15115;28078;nc
A;G001294;1614;timothy;lohr;younts;59;m;w;asheboro;walnut;305;27205;nc
A;G001295;1615;diane;stella;ramirez;27;f;u;concord;old cedarwood;2395;28027;
A;G001296;1616;joclynne;elaina;byers;40;f;b;kannapolis;flowe;209;28083;tn
A;G001297;1617;john;steven;beaver;71;m;w;kannapolis;miller;6027;28081;
A;G001298;1618;frank;charles;revels;68;m;w;harrisburg;piccadily;8613;28075;
A;G001299;1619;raellen;elizabeth;stockman;36;f;w;kannapolis;b;813;28081;ct
A;G001299;1620;raellen;stockman;lambirth;36;f;w;rockwell;sapp;6191;28138;ct
A;G001300;1621;jacqueline;spragens;soule;42;f;w;harrisburg;berry ridge;5646;28075;nc
A;G001301;1622;craig;spencer;parkin;45;m;b;charlotte;barclay forest;4107;28213;ny
A;G001302;1623;georgia;barth;fields;69;f;w;waynesville;apple creek;594;28786;vt
A;G001303;1624;russell;dewitt;stirrup;40;m;w;concord;mountcrest;2926;28027;ny
A;G001304;1625;howard;michael;mccoy;58;m;w;midland;critter;2520;28107;nc
A;G001305;1626;crystal;mazzaro;milicevic;32;f;w;charlotte;roundhouse;10312;28227;nc
A;G001306;1627;holly;meadows;simmers;37;f;w;mooresville;fox hollow;263;28117;va
A;G001307;1628;gabr l;cuthbertson;stackhouse;38;f;b;harrisburg;marigold;8375;28075;nc
A;G001308;1629;andre;len;cottrell;52;u;u;kannapolis;29th;109;28083;
A;G001309;1630;lisa;hollaway;stancil;54;f;w;midland;mineral;8989;28107;nc
A;G001310;1631;andy;;elseman;35;m;w;huntersville;newstead;12509;28078;ia
A;G001311;1632;james;reed;kelly;68;m;w;concord;summerlake;416;28025;mi
A;G001312;1633;dwayne;;lawson;57;m;b;charlotte;hackberry creek;6460;28269;ny
A;G001313;1634;miranda;paige;stewart;28;f;w;concord;preakness;1136;28027;nc
A;G001314;1635;martha;pearson;caudle;56;f;w;rocky mount;tar river cove;5810;27803;nc
A;G001314;1636;martha;pearson;caudle;56;f;w;wilson;albert;511;27893;nc
A;G001315;1637;charles;darnell;thomas;69;m;b;albemarle;woodcrest;426;28001;
A;G001316;1638;norman;benton;galloway;70;m;w;kannapolis;shady oak;118;28083;nc
A;G001317;1639;erin;lynn;blaeser;37;f;w;cornelius;trolley run;10442;28031;il
A;G001318;1640;nathaniel;david;fronk;36;m;w;charlotte;prosser;8721;28216;ca
A;G001320;1641;steven;nicholas;walters;29;m;w;concord;sandy bottom;1304;28027;nc
A;G001321;1642;jessica;deseree;lee;30;f;w;rockwell;tobas;550;28138;nc
A;G001322;1643;wanda;lee;byrd;56;f;w;hudson;jones wade;3036;28638;mi
A;G001323;1644;alan;russell;weimer;57;m;w;granite falls;crestview;38;28630;mo
A;G001324;1645;hollie;roper;smith;41;f;w;mooresville;lamplighter;111;28115;nc
A;G001325;1646;tracy;lynn;crump;47;f;w;hickory;5th;438;28601;oh
A;G001327;1647;theresa;leeman;arenas;39;f;w;lenoir;shadowbrook;2455;28645;va
A;G001328;1648;andrea;nicole;oliver;34;f;w;lenoir;merrywood;203;28645;nc
A;G001328;1649;andrea;nicole;pennell;34;f;w;crumpler;old hwy 16;8271;28617;nc
A;G001329;1650;james;marcus triplett;mccloud;45;m;w;hudson;jeremy;2881;28638;nc
A;G001330;1651;brandon;dale;wickizer;37;m;w;newport;brook;207;28570;nc
A;G001331;1652;joseph;lee;hoyle;30;m;w;lenoir;bernhardt;212;28645;nc
A;G001331;1653;joseph;lee;hoyle;30;m;w;taylorsville;mcalpin;177;28681;nc
A;G001332;1654;david;boyd;whisnant;44;m;w;andrews;wilmont;27;28901;nc
A;G001333;1655;ashley;;bumgarner;33;f;w;granite falls;ham and egg;2589;28630;
A;G001334;1656;elizabeth;;baker;47;f;w;granite falls;sue s mobile home;4700;28630;nc
A;G001335;1657;daniel;ray;keller;30;m;w;lenoir;virginia;125;28645;nc
A;G001335;1658;daniel;ray;keller;30;m;w;lenoir;virginia;125;28645;nc
A;G001336;1659;mark;thomas;aubrey;44;m;w;hudson;laurel;339;28638;nc
A;G001336;1660;mark;thomas;aubrey;44;m;w;newton;lutz;3086;28658;nc
A;G001337;1661;wesley;carithers;mccarter;30;m;w;lenoir;overlook;1415;28645;nc
A;G001338;1662;jennifer;leigh;kiziah;47;f;w;hickory;startown;1879;28602;nc
A;G001339;1663;thomas;alexander;bailey;27;m;w;statesville;huskins;1937;28625;nc
A;G001340;1664;steve;raymond;helderman;64;m;w;lenoir;lower creek;403;28645;nc
A;G001341;1665;megan;courtney;williams;27;f;w;indian trail;oconnell;4161;28079;nc
A;G001342;1666;lawrence;eugene;laws;40;m;w;granite falls;connelly springs;2490;28630;nc
A;G001342;1667;lawrence;eugene;laws;40;u;u;hickory;7th;412;28601;
A;G001343;1668;caleb;levi;hobbs;23;m;w;granite falls;warren;3966;28630;va
A;G001343;1669;caleb;levi;hobbs;23;m;w;randleman;brown oaks;4268;27317;va
A;G001344;1670;joseph;james;poli;64;m;w;mooresville;spring run;187;28117;ny
A;G001344;1671;joseph;james;poli;64;m;w;davidson;beaty;543;28036;ny
A;G001345;1672;sonya;justine;griffin;26;f;w;moravian falls;green orchard;195;28654;nc
A;G001346;1673;angela;lail;yi;46;f;w;hudson;meadowood;679;28638;nc
A;G001347;1674;angel;michelle;clawson;36;f;w;granite falls;quarry;30;28630;nc
A;G001348;1675;melanie;dawn cannon;vines;49;f;w;collettsville;woebegone;5487;28611;nc
A;G001349;1676;mitchell;eugene;lefever;45;m;w;maiden;hickman;2622;28650;nc
A;G001350;1677;beverly;jean;spears;51;f;b;hudson;spartan;5061;28638;nc
A;G001351;1678;steve;allen;coffey;43;m;w;lenoir;hound haven;1361;28645;nc
A;G001352;1679;keith;michael;clement;37;m;w;lenoir;archer;4105;28645;md
A;G001354;1680;shannon;miller;gaillard;49;f;w;claremont;white oak;3377;28610;oh
A;G001355;1681;christopher;ben;buff;41;m;w;granite falls;thistle;4862;28630;nc
A;G001356;1682;julia;elizabeth;wright;34;f;w;lenoir;peak;1214;28645;nc
A;G001357;1683;camilla;coffey;stacy;77;f;w;hendersonville;dartcrest;233;28792;nc
A;G001358;1684;jarrett;william;bradley;78;m;i;hudson;mac;3005;28638;nc
A;G001359;1685;larry;joseph;phillips;53;m;w;lenoir;old north;1013;28645;nc
A;G001360;1686;jeanine;theresa;russell;34;f;w;hickory;6th;2259;28602;
A;G001361;1687;yulson;montrese;suddreth;30;m;b;lenoir;penridge;1061;28645;nc
A;G001361;1688;yulson;montrese;suddreth;30;m;b;lenoir;penridge;1061;28645;nc
A;G001362;1689;andrea;leigh karr;bare;40;f;w;lenoir;fox;4404;28645;in
A;G001363;1690;asia;corrine;lewis;26;f;b;charlotte;grove crest;9506;28262;nc
A;G001364;1691;nathaniel;gay;young;50;m;b;lenoir;williamsburg;1003;28645;nc
A;G001364;1692;nathaniel;gay;young;50;m;b;clemmons;loganberry;192;27012;nc
A;G001365;1693;pamela;rae;irland;64;f;w;hickory;longview;6416;28601;ca
A;G001366;1694;karl;phillip;kimball;61;m;w;lenoir;charlesmont;1012;28645;oh
A;G001367;1695;thomas;norton;cowart;37;m;w;lenoir;mcrary creek;1266;28645;
A;G001368;1696;ashley;brooke;helton;32;f;w;lenoir;collettsville;2993;28645;nc
A;G001369;1697;john;dillard;presnell;86;m;w;lenoir;zacks fork;1985;28645;nc
A;G001371;1698;jordan;lynn;mullinax;27;m;w;newton;1st;823;28658;
A;G001372;1699;robert;bradley;miller;39;m;w;boone;clint norris;583;28607;nc
A;G001373;1700;ashley;nicole;bumgarner;33;f;w;hudson;dell;205;28638;nc
A;G001373;1701;ashley;n;bumgarner;33;f;w;morrisville;arringdon park;5710;27560;nc
A;G001374;1702;sandra;lee;arnold;46;f;w;hudson;wheeling mobile home;1024;28638;md
A;G001374;1703;sandra;lee;arnold;46;u;w;hickory;10th;462;28602;md
A;G001375;1704;douglas;phillip;blevins;71;m;w;taylorsville;richey;1367;28681;nc
A;G001376;1705;sonjia;sexton;murray;72;f;w;lenoir;maehill;151;28645;ky
A;G001377;1706;trace;bryan;cook;20;u;w;lenoir;catawba;1563;28645;
A;G001378;1707;taryn;sylvia;looper;27;f;w;granite falls;petra mill;4695;28630;nc
A;G001379;1708;marilynn;hagy;olson;77;f;w;hickory;26th;471;28601;mn
A;G001380;1709;taylor;leigh;bray;28;f;w;camden;seymour;149;27921;ga
A;G001381;1710;sondra;lynn;shelton;43;f;w;elizabeth city;jones;919;27909;va
A;G001382;1711;jeannette;morris;johnstone;65;f;w;camden;ivy neck;285;27921;mi
A;G001383;1712;morris;ruffen;jones;72;m;w;camden;jordan;124;27921;nc
A;G001384;1713;thomas;george;holt;46;m;w;kill devil hills;harbour view;448;27948;ny
A;G001385;1714;dennis;ray;white;40;m;w;durham;brafferton;8;27713;va
A;G001385;1715;dennis;ray;white;40;m;w;raleigh;river bank;10112;27614;va
A;G001386;1716;jeremy;ryan;mclain;34;m;w;camden;pine;124;27921;co
A;G001387;1717;melanie;brite;murphy;43;f;w;south mills;keeter barn;138;27976;va
A;G001388;1718;jon;eric;thomas;20;m;w;south mills;culpepper;153;27976;ca
A;G001389;1719;eric;glenn;warren;37;m;w;camden;japonica;302;27921;nc
A;G001390;1720;alishia;rochelle;mcclenney;33;f;b;camden;bridge court;100;27921;mo
A;G001390;1721;alishia;rochelle;mcclenney;33;f;b;elizabeth city;massachusetts;511;27909;mo
A;G001391;1722;paul;scott;hebden;35;m;w;moyock;simms;134;27958;va
A;G001391;1723;paul;scott;hebden;35;m;w;moyock;mustang;110;27958;nc
A;G001392;1724;sheena;denise;thorn;35;f;w;knotts island;knotts island;340;27950;va
A;G001393;1725;wade;;dunn;66;m;w;new bern;half moon;815;28560;nc
A;G001394;1726;samuel;james;tyler;26;m;w;new bern;canterbury;3705;28562;il
A;G001395;1727;ian;norman;phillips dezalia;38;m;w;wilmington;hixon;320;28411;ks
A;G001396;1728;isabelle;emmerson;lay;19;f;w;newport;eudora;102;28570;nc
A;G001397;1729;stephanie;elaine;garner;38;f;w;morehead city;rochelle;113;28557;nc
A;G001397;1730;stephanie;;rill;38;f;w;havelock;woodland;141;28532;
A;G001398;1731;margaret;christenson;nelson;61;f;w;emerald isle;shrimper;200;28594;oh
A;G001399;1732;marty;dean;warren;52;m;w;beaufort;eastern;304;28516;nc
A;G001399;1733;marty;dean;warren;52;m;w;vanceboro;stewart;328;28586;nc
A;G001400;1734;julia;charles;simpson;30;f;w;morehead city;sunny;3604;28557;nc
A;G001401;1735;susan;lynn;geiges;61;f;w;beaufort;orange;119;28516;ga
A;G001402;1736;gregory;paul;novicki;61;m;w;emerald isle;emerald;7309;28594;nc
A;G001403;1737;joseph;andrew;wade;43;m;w;stella;bridgeview;114;28582;nc
A;G001403;1738;joseph;andrew;wade;43;m;w;parkton;thoroughbred;1458;28371;nc
A;G001403;1739;joseph;andrew;wade;43;m;w;hubert;leslie;150;28539;nc
A;G001404;1740;daniel;patrick;clark;55;m;w;beaufort;riverside;101;28516;va
A;G001404;1741;daniel;patrick;clark;55;m;w;greenville;us 13;5186;27834;
A;G001405;1742;denise;;commander;66;f;w;atlantic beach;tryon;400;28512;fl
A;G001406;1743;michael;wayne;adkins;52;m;w;whiteville;antioch church;2093;28472;fl
A;G001406;1744;michael;wayne;adkins;52;m;w;clarendon;james b white;13477;28432;fl
A;G001406;1745;michael;wayne;adkins;52;m;w;clayton;wensley;21;27527;fl
A;G001407;1746;richard;loy;hoover;36;m;w;atlantic beach;pelican;104;28512;wa
A;G001408;1747;kaylin;michelle;hoeflaak;29;f;w;stella;stella;311;28582;
A;G001408;1748;kaylin;michelle;hoeflaak;29;f;w;jacksonville;beech tree;1015;28546;va
A;G001409;1749;jessica;ashton;parks;37;f;w;morehead city;willow pond;125;28557;nc
A;G001409;1750;jessica;ashton;parks;37;f;w;raleigh;hunt club;105;27606;nc
A;G001410;1751;laura;dawn;griesmer;44;f;w;cape carteret;sound view;400;28584;va
A;G001411;1752;cameron;shanne;thompson;31;m;w;newport;venice;170;28570;nc
A;G001411;1753;cameron;shanne;thompson;31;m;w;cedar point;vfw;194;28584;nc
A;G001412;1754;david;brian;dunlow;49;m;w;vanceboro;buck;4211;28586;va
A;G001413;1755;matthew;vincent;delsignore;32;m;w;chapel hill;smith level;1629;27516;fl
A;G001415;1756;crystal;taylor;glass;42;f;w;newport;old mill;120;28570;nc
A;G001416;1757;cynthia;maxwell;thomas;46;f;w;jacksonville;windham;305;28540;nc
A;G001417;1758;joseph;britton;poppell;52;m;w;new bern;plantation;409;28562;ga
A;G001418;1759;robert;gerard;domanski;57;m;w;hubert;avon;108;28539;mi
A;G001419;1760;robert;c;hickman;58;m;w;apex;tribayne;1005;27502;nc
A;G001420;1761;elwood;c;massey;85;m;w;durham;fayetteville;5709;27713;nc
A;G001420;1762;elwood;clayton;massey;85;m;w;durham;lyon farm;5305;27713;nc
A;G001421;1763;helen;elizabeth;westbrook;50;f;w;goldsboro;trappers run;109;27530;ok
A;G001422;1764;anna;delong;jones;76;f;w;kitty hawk;elm;4726;27949;va
A;G001423;1765;poneece;;nichols;61;f;w;newport;roberts;1025;28570;nc
A;G001423;1766;poneece;;nichols;61;f;i;lumberton;cedar;1509;28358;nc
A;G001424;1767;alan;marshall;horton;56;m;w;newport;avis;180;28570;or
A;G001426;1768;lynn;johnson;woolard;66;f;w;morehead city;arendell;4425;28557;nc
A;G001427;1769;james;garfield;spencer;85;m;w;atlantic beach;bogue;507;28512;nc
A;G001427;1770;james;g;spencer;85;m;w;winston salem;hannaford;1405;27103;nc
A;G001428;1771;william;b;ryan;90;m;w;cary;east wind;112;27518;va
A;G001429;1772;kristopher;brian;lucas;38;m;w;beaufort;madison bay;109;28516;nc
A;G001430;1773;charles;brooks;marriner;57;m;w;beaufort;comet;722;28516;nc
A;G001431;1774;teresa;starnes;pender;63;f;w;newport;avis;136;28570;nc
A;G001431;1775;teresa;gail;starnes;63;f;w;new hill;bosco;3809;27562;nc
A;G001432;1776;kristen;morton;turney;33;f;w;peletier;silver creek landing;311;28584;nc
A;G001433;1777;karen;bea;lietuvninkas;62;f;w;newport;dorcas;217;28570;hi
A;G001434;1778;margaret;therese;marshall;35;f;w;havelock;kenneth;214;28532;
A;G001434;1779;margaret;therese;hutnick;35;f;w;raleigh;circlebank;7257;27615;dc
A;G001435;1780;gayle;marie;fricke;58;f;w;new bern;elizabeth;3401;28562;nj
A;G001436;1781;teresa;lynn;williamson;51;f;w;atlantic beach;old causeway;220;28512;tn
A;G001437;1782;joan;elizabeth;bank;72;f;w;new bern;tobiano;219;28562;mn
A;G001438;1783;robert;michael;mccosley;31;m;w;newport;foxhall;206;28570;tx
A;G001439;1784;amanda;nicole;pauli;31;f;w;havelock;cedar ridge;217;28532;
A;G001440;1785;amanda;denise;williams;32;f;m;newport;woodland;104;28570;
A;G001440;1786;amanda;denise;peoples;32;f;b;monroe;windcrest;5013;28110;nc
A;G001441;1787;ruth;brainard;matthews;69;f;w;cedar point;ash;130;28584;nc
A;G001443;1788;melissa;marie;godwin;33;f;w;newport;lake;1202;28570;nc
A;G001443;1789;melissa;marie;godwin;33;f;w;havelock;shepard;301;28532;nc
A;G001444;1790;jimmy;hugh;sebren;75;m;w;littleton;lonsdale;280;27850;la
A;G001445;1791;carolyn;honeycutt;gurganus;74;f;w;fayetteville;ancon;2116;28304;nc
A;G001445;1792;carolyn;honeycutt;gurganus;74;f;w;nashville;nc 58;5516;27856;nc
A;G001446;1793;catherine;cecilia;klein;73;f;w;newport;beaver dam trail;110;28570;dc
A;G001447;1794;joseph;harvey;peltier;55;m;w;atlantic beach;atlantic;301;28512;
A;G001447;1795;joseph;harvey;peltier;55;m;w;jacksonville;mendover;106;28546;va
A;G001447;1796;joseph;harvey;peltier;55;m;w;pleasant garden;whitt hunt;2159;27313;va
A;G001448;1797;steven;philip;street;43;m;w;morehead city;lake n shore;902;28557;nc
A;G001448;1798;steven;philip;street;43;m;w;raleigh;kirkland;1505;27603;nc
A;G001449;1799;charlza;lynn;babcock;71;f;w;newport;chatham;154;28570;la
A;G001449;1800;charlza;lynn;babcock;71;f;w;new bern;wildlife;680;28560;la
A;G001450;1801;thomas;mark;farlow;42;m;w;beaufort;south;224;28516;
A;G001451;1802;crystal;thomason;miller;32;f;w;wilmington;bridgeton;214;28411;ma
A;G001451;1803;crystal;thomason;miller;32;f;w;hampstead;center;403;28443;ma
A;G001452;1804;robert;scott;sanders;61;m;w;beaufort;turner;414;28516;mo
A;G001453;1805;carrie;caroline;clay;29;f;w;elm city;bakertown;7743;27822;nc
A;G001455;1806;danielle;renee;salter;37;f;w;morehead city;21st;203;28557;nc
A;G001456;1807;richard;derrick;whatley;30;m;w;atlantic;ross;125;28511;nc
A;G001457;1808;michael;lawrence;perry;30;m;w;raleigh;the lakes;6509;27609;nc
A;G001458;1809;jason;matthew;barclift;42;m;w;newport;edgewood;635;28570;va
A;G001459;1810;edwin;john;stetter;95;m;w;morehead city;barbour;303;28557;ky
A;G001460;1811;areial;gayle;arnold;26;f;w;cedar point;boat landing;120;28584;nc
A;G001461;1812;cayla;michelle;walker;27;f;w;swansboro;franklin;167;28584;va
A;G001462;1813;cassandra;calwell;richards;37;f;w;morehead city;barnacle;1305;28557;nc
A;G001463;1814;jameson;elaine;whitfield;30;f;b;newport;canton;251;28570;nc
A;G001463;1815;jameson;elaine;whitfield;30;f;b;newport;canton;251;28570;nc
A;G001464;1816;nancy;p;reyes;75;f;w;fuquay varina;currigan;5105;27526;va
A;G001465;1817;harley;dallas;costley;44;m;w;newport;mann;812;28570;tx
A;G001465;1818;harley;dallas;costley;44;m;w;richlands;hinson;360;28574;tx
A;G001466;1819;karen;holder;ramchandani;52;f;w;cary;marble falls;102;27519;sc
A;G001466;1820;karen;holder;ramchandani;52;f;w;raleigh;north;400;27603;sc
A;G001467;1821;wharton;green;separk;69;m;w;morehead city;holly;5008;28557;nc
A;G001468;1822;kim;joy;gualtieri;55;f;w;havelock;perkins;240;28532;or
A;G001469;1823;gilbert;gordon;wagi;73;m;w;morehead city;bogue;201;28557;nj
A;G001470;1824;sheryll;marie;fulmer;60;f;w;beaufort;gosling;106;28516;pa
A;G001471;1825;eileen;muldoon;boone;46;f;w;morehead city;widgeon;1905;28557;ct
A;G001472;1826;tammera;michelle;lyons;55;f;w;emerald isle;emerald;436;28594;va
A;G001473;1827;david;windsor;barringer;52;m;w;morehead city;bay view;118;28557;nc
A;G001474;1828;ryan;alan;gilbert;34;m;w;swansboro;pine needle;110;28584;ca
A;G001475;1829;alan;spencer;hill;28;m;w;raleigh;valley run;7616;27615;nc
A;G001476;1830;thomas;spencer;rouse;78;m;w;kinston;sutton;1212;28501;nc
A;G001476;1831;thomas;spencer;rouse;78;m;w;kinston;sutton;1513;28501;nc
A;G001477;1832;kirsten;gay;burt;25;f;w;emerald isle;sound view;8802;28594;nc
A;G001478;1833;donna;jean;spain;57;f;w;henderson;spring valley;456;27537;nc
A;G001479;1834;jeremiah;daniel;bunting;31;m;w;peletier;peletier loop;550;28584;va
A;G001479;1835;jeremiah;daniel;bunting;31;m;w;holly springs;jasper point;140;27540;va
A;G001480;1836;james;willie;mcrae;50;m;b;atlantic beach;bogue sound;107;28512;nc
A;G001481;1837;jennifer;hollowell;steves;46;f;w;atlantic beach;fort macon;114;28512;nc
A;G001481;1838;jennifer;hollowell;barber;46;f;w;greenville;sonata;1309;27858;nc
A;G001482;1839;robert;jay;bergman;66;m;w;newport;settlement;203;28570;ny
A;G001483;1840;john;bryant;whitley;80;m;w;emerald isle;ridge;405;28594;nc
A;G001484;1841;margie;grissett;tyndall;64;f;w;jacksonville;shenandoah;105;28546;nc
A;G001485;1842;ana;marie;johnson;36;f;w;rocky point;nc hwy 210;19210;28457;nc
A;G001486;1843;stephaine;marie;hoppe;34;f;b;beaufort;glenda;128;28516;ny
A;G001487;1844;nigel;andrew;story;25;m;w;emerald isle;emerald;3903;28594;tn
A;G001487;1845;nigel;andrew;story;25;m;i;chapel hill;paul hardin;445;27514;tn
A;G001488;1846;tony;allen;grimes;38;m;w;havelock;taylor;420;28532;fl
A;G001489;1847;jenna;leigh;bryant;28;f;w;morehead city;20th;1200;28557;nc
A;G001490;1848;sybil;gene;mcclung;75;m;w;morehead city;reserve green;102;28557;wv
A;G001491;1849;heather;vickers;kepski;35;f;w;newport;mason town;930;28570;nc
A;G001492;1850;barry;d;evans;72;m;w;new bern;cayenne;1908;28562;fl
A;G001493;1851;courtney;mitchell;parker;25;f;w;peletier;silver creek landing;321;28584;nc
A;G001494;1852;john;henry;barwick;81;m;w;pittsboro;beechmast;492;27312;nc
A;G001495;1853;jennifer;ann;weaver;30;f;w;wilmington;lady fern;5005;28409;nc
A;G001497;1854;keith;alexander;fournier;26;m;w;raleigh;resplendent;720;27603;nc
A;G001498;1855;barbara;kay;brun;36;f;w;havelock;kim;109;28532;nc
A;G001499;1856;jose;otilio;rodriguez;67;m;o;greenville;palmetto;17;27858;tx
A;G001500;1857;beverly;joanne;ghesquiere;71;f;w;atlantic beach;fort macon;2507;28512;mi
A;G001501;1858;rodriguez;jamaal;franks;31;m;b;morehead city;pond;135;28557;nc
A;G001502;1859;jason;daniel;lewis;35;m;w;new bern;hickory hills;104;28560;
A;G001503;1860;roberta;;gelin desrivieres;43;f;b;hubert;middle ridge;219;28539;
A;G001504;1861;katherine;victoria;barthel;20;f;w;greenville;jones hall;223;27858;
A;G001505;1862;savanna;;hersh;27;f;w;atlantic beach;atlantic;212;28512;pa
A;G001506;1863;charles;elvis;schreckengost;40;m;w;cedar point;odum;125;28584;nc
A;G001506;1864;charles;elvis;schreckengost;40;m;w;swansboro;channel marker;228;28584;nc
A;G001507;1865;jesse;taylor;bensen;31;m;w;raleigh;old creedmoor;11812;27613;nc
A;G001508;1866;brianna;settiann;jones brix;25;u;u;newport;gloucester;112;28570;
A;G001509;1867;dustin;norris;spivey;25;m;w;knightdale;hodge;1131;27545;nc
A;G001510;1868;kelley;finch;ahlers;44;f;w;wilmington;thurston;7300;28411;nc
A;G001510;1869;jennifer;kelley;finch;44;f;w;swansboro;main st;815;28584;nc
A;G001511;1870;ralph;elliott;chappell;70;m;w;beaufort;crow hill;862;28516;nc
A;G001512;1871;gwen;ellen;snow;64;f;w;beaufort;cedar;108;28516;ny
A;G001513;1872;visitacion;delapaz;baker;72;f;o;kinston;sloan;3407;28504;
A;G001513;1873;visitacion;delapaz;baker;72;f;a;jacksonville;spring villa;1041;28540;
A;G001514;1874;ronald;ward;thompson;75;m;w;cedar point;star fish;126;28584;nc
A;G001515;1875;pamela;jane;vaughen;69;f;w;beaufort;rutledge;237;28516;oh
A;G001516;1876;karen;bell;martin;40;f;b;fayetteville;tyler;1076;28314;
A;G001517;1877;ann;whaley;semones;44;f;w;clemmons;dock davis;4912;27012;
A;G001517;1878;ann;whaley;semones;44;f;w;north wilkesboro;mountain view;1480;28659;ne
A;G001518;1879;amber;taylor;raynor;36;f;w;newport;pearson;469;28570;
A;G001519;1880;thelma;raper;barnette;80;f;w;atlantic beach;fort macon;2200;28512;nc
A;G001520;1881;tarla;ezzell;howard;52;f;w;wilson;garrett;2000;27896;nc
A;G001521;1882;angela;marie;gates;46;f;w;beaufort;hwy 70 beaufort;2516;28516;mi
A;G001522;1883;rex;wayne;bowman;32;m;w;newport;pine grove;158;28570;hi
A;G001523;1884;tia;danielle;jones;37;f;w;newport;gales creek;560;28570;nc
A;G001524;1885;melissa;may;marsh;56;f;w;richlands;fire tower;273;28574;ca
A;G001525;1886;mallory;elizabeth;booth;32;f;w;newport;yacht club;193;28570;nc
A;G001525;1887;mallory;booth;faircloth;32;f;w;hubert;blue haven;102;28539;nc
A;G001526;1888;robert;r;frye;75;m;w;apex;hope hill;8933;27502;in
A;G001527;1889;raymond;brett;jellerson;55;m;w;newport;live oak;271;28570;hi
A;G001528;1890;anthony;shay;futrell;43;m;w;wilmington;southern charm;825;28412;nc
A;G001528;1891;anthony;shay;futrell;43;m;w;cary;sherwood forest;517;27519;nc
A;G001529;1892;heather;renae;janney;34;f;w;cedar grove;hurdle mills;2418;27231;mo
A;G001530;1893;elaine;;griffiths;66;f;w;currituck;canvasback;114;27929;nj
A;G001531;1894;timothy;john;powell;55;m;w;providence;park springs lake;600;27315;ky
A;G001532;1895;sharon;lea;bosetti;61;f;w;yanceyville;badgett sisters;6679;27379;va
A;G001532;1896;sharon;lea;bosetti;61;f;w;richlands;fowler manning;640;28574;va
A;G001533;1897;hollie;barker;neathery;35;f;w;roxboro;barnette;324;27573;nc
A;G001534;1898;ernest;gilbert;anderson;61;f;w;raleigh;wynewood;8313;27616;va
A;G001535;1899;reginald;;reynolds;41;m;w;blanch;bertha wilson;412;27212;ny
A;G001535;1900;reginald;;reynolds;41;m;w;milton;dotmond;692;27305;ny
A;G001536;1901;gregory;lamont;lee;39;m;b;ruffin;kylemack;99;27326;
A;G001536;1902;gregory;lamont;lee;39;m;b;reidsville;scales;1726;27320;nc
A;G001537;1903;john;esthus;willis;57;m;b;pelham;peanut;181;27311;nc
A;G001538;1904;scott;dewey;lee;78;m;w;ruffin;park springs;9487;27326;oh
A;G001538;1905;scott;dewey;lee;78;m;w;mount ulla;back creek church;2995;28125;oh
A;G001539;1906;brandon;lea;poteat;37;m;b;yanceyville;old nc highway 86 n;1386;27379;
A;G001539;1907;brandon;lea;poteat;37;m;b;asheboro;luxury;737;27205;va
A;G001540;1908;shelly;nicole;orr;28;f;w;providence;bertha wilson;2766;27315;ga
A;G001541;1909;douglas;james;stallings;55;m;w;prospect hill;cactus;293;27314;va
A;G001541;1910;douglas;james;stallings;55;m;w;hillsborough;mitchell;322;27278;va
A;G001542;1911;rhonda;sue;holaday;50;u;w;durham;sheridan;3513;27707;
A;G001543;1912;garime;dicenzo;henry;28;m;b;burlington;old stoney mountain;737;27217;nc
A;G001544;1913;harold;ross;corbett;30;m;w;providence;park springs;1074;27315;nh
A;G001545;1914;donnie;keith;mcdow;37;m;w;reidsville;grooms;3635;27320;nc
A;G001545;1915;donnie;keith;mcdow;37;m;u;reidsville;grooms;3697;27320;
A;G001546;1916;michelle;clark;helton;27;f;w;pelham;lake;318;27311;nc
A;G001547;1917;jesse;clyde;daniel;69;m;w;prospect hill;virginia;118;27314;nc
A;G001548;1918;graham;clifton;staley;43;m;w;reidsville;ashland;4002;27320;nc
A;G001548;1919;graham;clifton;staley;43;m;w;reidsville;russell;804;27320;nc
A;G001549;1920;mattie;l coleman;senter;68;f;w;lincolnton;springs east;617;28092;nc
A;G001550;1921;bonnita;minton;moser;54;f;w;mills river;pleasant place;23;28759;nc
A;G001551;1922;katherine;renee;pendergast;19;f;w;greenville;10th;3323;27858;nc
A;G001552;1923;helen;h;poston;84;f;b;newton;mt olive church;809;28658;nc
A;G001552;1924;helen;h;poston;84;f;b;newton;mt olive church;809;28658;nc
A;G001553;1925;frances;frey;meena;54;f;w;cornelius;sandyedge;19921;28031;ms
A;G001554;1926;travis;wayne;downs;39;m;w;hickory;5th;1361;28601;me
A;G001555;1927;christina;michelle;benfield;25;f;w;vale;ledford;3390;28168;nc
A;G001556;1928;atava;denise;haggins;31;f;b;hickory;25th;2609;28601;nc
A;G001556;1929;atava;denise;haggins;31;f;b;hickory;20th av;1820;28601;nc
A;G001557;1930;seth;tyler;houston;24;m;w;hickory;20th;31;28601;nc
A;G001558;1931;kristin;townsend;fulcher;40;f;w;charlotte;ivy meadow;1605;28213;nc
A;G001558;1932;kristin;townsend;fulcher;40;f;w;indian trail;breeze;3008;28079;nc
A;G001559;1933;jerisha;vonketria;farrer;28;f;b;hickory;9th av;625;28602;nc
A;G001560;1934;james;patrick;hickel;29;m;w;hickory;21st;2103;28602;nj
A;G001561;1935;jessica;shan;perz;31;f;w;chapel hill;elderberry;201;27517;nc
A;G001562;1936;wesley;scott;dial;53;m;w;hickory;section house;3987;28601;nc
A;G001562;1937;wesley;scott;dial;53;m;w;hickory;section house;3987;28601;
A;G001563;1938;anthony;david;pendasulo;71;m;w;conover;5th;312;28613;ny
A;G001564;1939;jody;ann;turner;60;f;w;statesville;old mountain;1985;28625;ma
A;G001565;1940;carolyn;byers;lewis;58;f;w;hickory;31st;290;28602;nc
A;G001565;1941;carolyn;byers;lewis;58;f;w;hickory;31st;290;28602;
A;G001566;1942;dana;kanipe;hoyle;49;f;w;newton;maple;1032;28658;nc
A;G001567;1943;angela;lee;nichols;39;f;w;mount airy;bridgewater;147;27030;va
A;G001568;1944;wayne;g;lentz;80;m;w;huntersville;swansboro;11718;28078;
A;G001569;1945;christian;mark alan;freitag;24;m;w;lincolnton;laurel;209;28092;mn
A;G001570;1946;amy;stiles;brendle;36;f;w;hayesville;fires creek wildlife;897;28904;nc
A;G001571;1947;terri;barnhart;lease;48;f;w;hickory;8th st;4020;28601;wv
A;G001572;1948;patricia;jane;hayes;64;f;w;newton;knolls;1788;28658;
A;G001572;1949;patricia;jane;hayes;64;f;w;newton;woodlawn;1139;28658;nc
A;G001573;1950;devin;a;rudd;34;m;w;denver;fairfield forest;8456;28037;
A;G001574;1951;shiu;hui;chuang;31;f;a;conover;remington;1061;28613;oc
A;G001575;1952;christi;rhoades;holbrook;45;f;w;newton;shady;1912;28658;nc
A;G001576;1953;bradley;mark;king;39;m;w;hickory;16th st;4844;28601;nc
A;G001577;1954;eugene;charles;williams;83;m;w;denver;sweet cherry;8891;28037;nc
A;G001578;1955;douglas;sean;lecompte;37;m;w;hickory;12th;1783;28601;ny
A;G001578;1956;douglas;sean;lecompte;37;m;w;waxhaw;carver pond;803;28173;ny
A;G001579;1957;carole;m;knowles;81;f;w;sanford;lord ashley;2204;27330;nc
A;G001580;1958;gaither;stanford;hutchins;75;m;w;conover;haupt strasse;1537;28613;nc
A;G001580;1959;gaither;stanford;hutchins;75;m;w;king;burlwood;525;27021;nc
A;G001582;1960;ivan;efrain;torres;69;m;w;mooresville;limerick;138;28115;
A;G001583;1961;jason;scott;byrd;48;m;w;hickory;20th av;1655;28601;oh
A;G001584;1962;peter;hamilton;ehart;26;m;o;denver;sailview;4293;28037;ma
A;G001585;1963;norma;scalf;wright;66;f;w;claremont;harwell;2736;28610;
A;G001586;1964;aaron;randolph;cool;40;m;w;sherrills ford;vista view;7846;28673;
A;G001586;1965;aaron;randolph;cool;40;u;u;sherrills ford;lynwood;5045;28673;va
A;G001587;1966;rose;risovich;archer;71;f;w;taylorsville;poplar grove;275;28681;oh
A;G001588;1967;jeremy;shawn;ledford;29;m;w;maiden;glenwood;3415;28650;nc
A;G001589;1968;marquita;antonette;shuford;35;u;u;taylorsville;river hills;42;28681;
A;G001590;1969;wendy;leigh;johnson;49;f;w;conover;6th st;510;28613;nc
A;G001590;1970;wendy;leigh;johnson;49;f;w;conover;annex;3215;28613;nc
A;G001591;1971;mariah;elise;huffman;26;f;w;hickory;8th st;1743;28601;nc
A;G001592;1972;jason;heath;foster;34;m;w;newton;christy leigh;2948;28658;nc
A;G001593;1973;herman;long;smith;91;m;w;newton;shuford circle;741;28658;nc
A;G001594;1974;mary;louise;bryant;35;f;w;ferguson;kendell town;1150;28624;nc
A;G001595;1975;roosevelt;;long;47;m;b;hickory;claridge;5695;28602;sc
A;G001595;1976;roosevelt;;long;47;m;b;charlotte;rockland;7604;28213;sc
A;G001596;1977;carla;lois;van zandt;64;f;w;clayton;boling;500;27520;tx
A;G001597;1978;danny;odell;whitfield;46;m;w;sugar grove;john t;171;28679;tx
A;G001598;1979;vanessa;;perez;32;f;o;conover;adams;1175;28613;ny
A;G001598;1980;vannessa;;perez;32;f;o;taylorsville;river hills;40;28681;ny
A;G001599;1981;david;alexander;hudson;47;m;w;maiden;maiden;4716;28650;nc
A;G001600;1982;shelly;;meadows;46;f;w;catawba;buffalo shoals;1312;28609;
A;G001600;1983;shelly;elizabeth;meadows;46;f;w;lincolnton;angela;1485;28092;wv
A;G001601;1984;wendy;leigh;inglefield;57;f;w;hickory;16th;2830;28601;nm
A;G001602;1985;andrew;robert;lemaire;38;m;w;hickory;1st st;3816;28601;nc
A;G001603;1986;sallie;lee;geyer;59;f;w;maiden;sierra;5010;28650;va
A;G001603;1987;sallie;lee;geyer;59;f;w;clayton;vinson;2377;27527;va
A;G001604;1988;matthew;w;sytek;47;m;w;newton;11th;521;28658;wi
A;G001605;1989;kathleen;jessica;williams;34;f;w;hickory;42nd av;85;28601;nc
A;G001606;1990;katie;michelle;bodford;21;f;w;sherrills ford;camden pointe;2771;28673;nc
A;G001607;1991;judith;mcree;harman;79;f;w;boone;proffit;885;28607;nc
A;G001609;1992;pamela;baker;faw;47;f;w;newton;old conover startown;1922;28658;sc
A;G001610;1993;claudia;;main;56;f;w;hickory;11th;1545;28601;
A;G001610;1994;claudia;;main;56;f;w;hickory;11th;1545;28601;
A;G001611;1995;brandon;michael;huggins;20;m;w;raeford;eulon;108;28376;nc
A;G001612;1996;randy;thomas;schwingle;53;m;w;denver;nc 150;6254;28037;wi
A;G001613;1997;jeffrey;derek;stone;32;m;w;catawba;hudson chapel;6924;28609;nc
A;G001614;1998;julia;elisabeth anne;morency;27;f;w;hickory;20th;950;28601;fl
A;G001615;1999;amy;w;hedrick;48;f;w;charlotte;brook meadow;11400;28214;nc
A;G001616;2000;dakotah;shane;ledford;29;m;w;hickory;nc 127;3736;28602;nc
A;G001617;2001;linda;sue;jordan;72;f;w;goldston;wilson;1310;27252;nc
A;G001617;2002;linda;sue;jordan;72;f;w;sanford;robin hood;303;27330;nc
A;G001618;2003;aaron;tanner;mundy;27;m;w;taylorsville;miller point;21;28681;nc
A;G001619;2004;penny;hiatt;mccoy;53;f;w;lexington;phillips;540;27295;nc
A;G001619;2005;penny;hiatt;mccoy;53;f;w;mount airy;slate mountain;743;27030;
A;G001619;2006;penny;hiatt;johnson;53;f;w;mount airy;slate mountain;743;27030;nc
A;G001620;2007;colter;timothy;little;26;m;w;newton;startown;4369;28658;nc
A;G001621;2008;steven;eugene;anderson;50;m;b;hickory;8th av;122;28602;nc
A;G001623;2009;william;bryan;lentz;41;m;w;boone;parkcrest;245;28607;nc
A;G001624;2010;rebecca;ann;starnes;32;f;w;hickory;1st;1240;28601;nc
A;G001625;2011;stephen;brian;mullins;40;m;w;catawba;adam wright;6606;28609;
A;G001626;2012;laurie;marie;gerhard;53;f;w;charlotte;silvaire farm;12912;28278;pa
A;G001627;2013;kimberly;sue;campbell;54;f;w;huntersville;chelsea ridge;13332;28078;nj
A;G001628;2014;eugene;raymond;fernandez;39;m;o;sherrills ford;ridgeview;7918;28673;ny
A;G001629;2015;cheryl;bolen;melton;54;f;w;vale;jacob fork river;8459;28168;ga
A;G001630;2016;charles;franklin;williams;67;m;w;denver;red hill;4500;28037;nc
A;G001631;2017;nicholas;wayne;hughes;35;m;w;hickory;mosteller estate;2154;28602;mn
A;G001632;2018;leroy;dean;dellinger;64;m;w;hickory;13th;520;28602;nc
A;G001633;2019;james;l;stepp;55;u;u;hickory;33rd;430;28602;nc
A;G001634;2020;shirena;andra;james;37;f;b;charlotte;misty brook;14215;28273;nc
A;G001636;2021;kazzie;krystal;cooper;39;f;b;charlotte;rocky river;4508;28215;mi
A;G001637;2022;karen;denise;mitchem;63;f;w;maiden;pj mcree;34;28650;nc
A;G001638;2023;lois;anne;mcfall;70;f;w;catawba;hudson chapel;6201;28609;
A;G001639;2024;macon;edward;huffman;66;m;w;lincolnton;rob heavner farm;3495;28092;
A;G001640;2025;david;michael;boldon;41;m;w;maiden;brentwood;109;28650;nc
A;G001641;2026;ruthann;elizabeth;cline;21;f;w;yadkinville;hinshaw;141;27055;nc
A;G001643;2027;stephanie;gregory;tyson;35;f;w;denver;pebble bay;6939;28037;nc
A;G001644;2028;nita;claire;hames;34;f;w;statesville;turnersburg;1373;28625;nc
A;G001645;2029;elise;ann;tome;29;f;w;claremont;dexter;4793;28610;fl
A;G001646;2030;ronald;lee;miller;61;m;w;conover;bridges;1997;28613;nc
A;G001646;2031;ronald;lee;miller;61;m;w;hickory;27th st;1919;28601;
A;G001647;2032;kevin;james;leonard;59;m;w;statesville;dobbs;106;28625;pa
A;G001648;2033;robin;neal;rudisill;60;f;w;vale;sandburg;6548;28168;nc
A;G001649;2034;nicole;;mangiapane;34;f;w;hickory;21st;2115;28602;mi
A;G001650;2035;nicole;marie;shaffer;30;f;w;hickory;20th av;1941;28601;pa
A;G001650;2036;nicole;marie;shaffer;30;f;w;taylorsville;shepherd;311;28681;pa
A;G001651;2037;jerry;lee;eckard;70;m;w;lincolnton;poplar;308;28092;nc
A;G001652;2038;redonna;gilbert;skinner;54;f;w;randleman;adams farm;8323;27317;nc
A;G001653;2039;william;gaston;morrison;61;m;w;chapel hill;mill chapel;205;27517;nc
A;G001654;2040;william;henry;wilson;77;m;w;lexington;oakwood;303;27292;ri
A;G001655;2041;john;thomas;lyerly;64;m;w;sherrills ford;emerald isle;6730;28673;nc
A;G001656;2042;timothy;alan;phelps;40;m;w;conover;emmanuel church;2839;28613;nc
A;G001657;2043;john;rodney;mathews;39;m;w;hickory;valley;151;28601;nc
A;G001658;2044;roger;allen;tucker;73;m;w;newton;cordia;1673;28658;md
A;G001659;2045;leah;boggs;williams;48;f;u;maiden;lilly;170;28650;
A;G001660;2046;phyllis;ann;moncsko;72;f;w;conover;herman sipe;3890;28613;nc
A;G001661;2047;anita;mitchell;matheson;36;f;w;taylorsville;bumgarner;333;28681;nc
A;G001661;2048;anita;dawn;mitchell;36;f;w;taylorsville;duncan hill;103;28681;nc
A;G001662;2049;glenda;ellen;clark;47;f;w;charlotte;mitchell glen;9338;28277;nc
A;G001662;2050;glenda;e;clark hayes;47;f;w;morrisville;meeting hall;100;27560;nc
A;G001663;2051;ashlee;rae;cook;32;u;w;maiden;grange;3918;28650;
A;G001663;2052;ashlee;rae;cook;32;f;w;charlotte;sudbury;3713;28205;nc
A;G001664;2053;crystal;carswell;feimster;34;f;w;conover;lyle haven;1003;28613;nc
A;G001665;2054;dana;alisha;hawkins;48;f;w;sherrills ford;berne;2590;28673;ny
A;G001666;2055;margaret;louise;mills;41;f;w;conover;mays;5234;28613;ma
A;G001667;2056;justin;;mcalister;43;m;w;hickory;16th;1771;28601;
A;G001668;2057;kevin;robert;tapia;61;m;w;huntersville;lawings corner;11911;28078;tx
A;G001669;2058;nicki;rae;elks;28;f;w;vale;willis;9161;28168;nc
A;G001670;2059;angel;william;laboy;21;m;m;cullowhee;central;490;28723;nc
A;G001671;2060;carrie;sisk;church;38;f;w;newton;nc 10;4662;28658;nc
A;G001672;2061;juliet;sharon;armold;80;f;w;lincolnton;hillside;149;28092;mi
A;G001673;2062;viet;quoe;nguyen;43;m;a;charlotte;bearsden;7116;28217;oc
A;G001673;2063;viet;quoc;nguyen;43;m;a;matthews;kingsford;1210;28104;oc
A;G001674;2064;j len;dashaun;wilson;22;m;b;claremont;shady valley;1213;28610;nc
A;G001675;2065;carl;eugene;beardsworth;46;m;w;garner;christine;135;27529;
A;G001676;2066;marcella;javonda;dowdy;31;f;b;southern pines;new york;1183;28387;nc
A;G001677;2067;david;mabry;legrand;33;m;w;shelby;hunter valley;1016;28150;nc
A;G001678;2068;carla;kilby;billings;50;f;w;hickory;2nd st;818;28601;
A;G001679;2069;heather;lynn;locastro;29;f;w;advance;nc highway 801;2208;27006;nc
A;G001680;2070;jered;nathan;clark;38;m;w;catawba;buffalo shoals;1547;28609;
A;G001680;2071;jered;nathan;clark;38;m;w;walkertown;mecum;4415;27051;nc
A;G001681;2072;james;stephen;young;49;m;w;charlotte;chase;225;28207;sc
A;G001682;2073;hailey;margaret;mathison;28;f;w;hickory;7th;625;28601;wi
A;G001682;2074;hailey;margaret;mathison;28;f;w;matthews;meadow lake;728;28105;
A;G001683;2075;thomas;ralph;kintner;69;m;w;hickory;21st;2071;28602;in
A;G001683;2076;thomas;ralph;kintner;69;m;w;monroe;cobblestone;1601;28110;in
A;G001684;2077;thomas;patrick;thornton;44;m;w;newton;nc 16;2455;28658;fl
A;G001685;2078;kimberly;killian;lovell;51;f;w;hickory;14th;1527;28601;nc
A;G001686;2079;james;bradley;cobb;61;m;w;olin;trumpet branch;123;28660;nc
A;G001687;2080;corey;ashley;mckinney;41;m;w;maiden;springdale;1073;28650;
A;G001688;2081;necole;elizabeth;lusk;29;f;w;catawba;murray;1440;28609;nc
A;G001689;2082;donna;rae;bolduc;62;f;w;maiden;rocking horse;4706;28650;nc
A;G001690;2083;claude;stevenson;beam;53;m;w;cornelius;bailey;12570;28031;nc
A;G001691;2084;katherine;anne;martin;26;f;w;lincolnton;southside;1892;28092;sc
A;G001692;2085;jessica;ellis;nasrallah;38;f;w;sherrills ford;riviera;9642;28673;nc
A;G001693;2086;jannis;caldwell;barnette;78;f;w;lincolnton;asbury church;4150;28092;nc
A;G001694;2087;roger;neal;staley;66;m;w;newton;edgefield;1132;28658;nc
A;G001695;2088;patrick;michael;nollett;38;m;w;conover;county home;1011;28613;ne
A;G001696;2089;kathy;ann;stange;63;f;w;sophia;libertys run;3711;27350;in
A;G001697;2090;nathan;john;gould;41;m;w;sherrills ford;norman view;3931;28673;mo
A;G001697;2091;nathan;john;gould;41;m;w;mooresville;waterlynn;233;28117;
A;G001698;2092;anna;scarlett;meade;22;f;w;hickory;5th av;1072;28601;nc
A;G001699;2093;tiffany;ann;hammonds;31;f;w;hickory;kool park;3103;28601;oh
A;G001700;2094;kellus;antonio;sanchez;29;m;w;hickory;5th;1330;28601;nc
A;G001700;2095;kellus;antonio;sanchez;29;m;m;durham;woodcroft;801;27713;nc
A;G001701;2096;jeremy;john;gmerek;47;m;w;hickory;20th av;1655;28601;oh
A;G001702;2097;alice;helsabeck;mathews;50;f;w;clayton;fairway;1105;27520;nc
A;G001703;2098;marielle;elizabeth;yohe;41;f;w;chapel hill;canterbury;1066;27517;ct
A;G001704;2099;karamarie;;fecho;50;f;w;chapel hill;wolfs;103;27516;nj
A;G001705;2100;michelle;nicole;mckenzie;23;f;w;pittsboro;carson;128;27312;nv
A;G001705;2101;michelle;nicole;mckenzie;23;f;w;boone;blowing rock;2224;28607;nv
A;G001706;2102;francine;;alfano;66;f;w;raleigh;autumn chase;105;27613;ny
A;G001707;2103;hassan;raheem;olivo;44;m;b;pittsboro;burnette circle;316;27312;ny
A;G001708;2104;michael;eugene;beck;48;m;w;charlotte;scott gate;10318;28277;mi
A;G001709;2105;ellen;forderhase;de graffenreid;49;f;u;pittsboro;spindlewood;652;27312;ky
A;G001710;2106;laura;hardman;kiley;67;f;w;chapel hill;fountain;20034;27517;sc
A;G001711;2107;jonathan;edward;buss;30;m;w;pittsboro;trace;143;27312;wi
A;G001711;2108;jonathan;edward;buss;30;m;w;durham;murray;904;27704;wi
A;G001712;2109;james;ronald;wilson;75;m;w;chapel hill;bragg;20005;27517;wv
A;G001712;2110;james;ronald;wilson;75;m;w;chapel hill;barbee chapel;413;27517;wv
A;G001713;2111;william;daniel;crocker;41;m;w;chapel hill;grier;20010;27517;nc
A;G001714;2112;roger;;lee;57;m;a;pittsboro;hatley falls;285;27312;dc
A;G001715;2113;rebekah;ellen;vinicombe;53;f;w;clayton;autumn;2014;27520;nj
A;G001715;2114;rebekah;ellen;vinicombe;53;f;w;holly springs;peakhill;108;27540;nj
A;G001716;2115;jon;david;neal;46;m;w;cary;old apex;1212;27513;ca
A;G001717;2116;joseph;malcolm;dunn;70;m;b;durham;morrell;8208;27713;
A;G001718;2117;jordan;alyssa;mays;28;f;w;chapel hill;hillsborough;611;27514;va
A;G001719;2118;robert;baskin;cooper;48;m;w;pittsboro;may farm;179;27312;dc
A;G001720;2119;marvin;spencer;johnson;32;m;w;pittsboro;small;198;27312;nc
A;G001720;2120;marvin;spencer;johnson;32;u;u;raleigh;wade;1009;27605;nc
A;G001721;2121;jacqueline;renee;buffalo;62;f;w;pittsboro;honeysuckle;120;27312;nc
A;G001722;2122;mary;d;frantz;75;f;w;pittsboro;caswell;40;27312;
A;G001723;2123;julie;boone;cummins;46;f;w;chapel hill;nolen;120;27516;nc
A;G001724;2124;christopher;phillips;brophy;36;m;w;chapel hill;lystra;1572;27517;sc
A;G001724;2125;christopher;phillips;brophy;36;m;u;huntersville;windknob;9141;28078;
A;G001725;2126;dena;louise;haugley;49;f;w;cary;travilah oaks;105;27518;ny
A;G001726;2127;whitney;marie;benton;32;f;w;durham;snowcrest;206;27707;sc
A;G001727;2128;freddie;lee;lambert;77;m;b;durham;cozart;1423;27704;mo
A;G001728;2129;valentina;moreno;tengono;21;f;w;pittsboro;chatham mill;170;27312;oc
A;G001729;2130;larry;;bissette;66;m;w;durham;dixon;3109;27707;nc
A;G001730;2131;carolyn;keneipp;kang;43;u;a;chapel hill;serenity hill;568;27516;
A;G001730;2132;carolyn;;amoretty;43;f;a;durham;main;323;27701;
A;G001731;2133;john;norman;ritter;74;m;w;cary;abbey view;146;27519;mn
A;G001732;2134;timothy;joseph;cyr;76;u;u;bear creek;rosser;446;27207;
A;G001732;2135;timothy;joseph;cyr;76;u;u;bear creek;rosser;446;27207;
A;G001733;2136;thomas;robert;burr;62;m;w;pittsboro;chapel ridge;608;27312;mi
A;G001733;2137;thomas;robert;burr;62;m;w;knightdale;maurepas;820;27545;mi
A;G001734;2138;katherine;;goldston;62;f;u;cary;applecross;302;27511;
A;G001735;2139;stacy;lynn;schmidt;37;f;w;sophia;old county farm;2406;27350;fl
A;G001736;2140;ginger;mclaurin;cook;36;f;w;staley;benjie williams;378;27355;
A;G001736;2141;ginger;mclaurin;cook;36;f;w;goldsboro;fallin;119;27534;nc
A;G001737;2142;max;johann;krohn;35;m;w;chapel hill;lystra preserve;580;27517;
A;G001737;2143;max;johann;krohn;35;m;w;bailey;fox run;9188;27807;nc
A;G001738;2144;jean;moore;sloop davis;90;f;w;pittsboro;westfield;36;27312;
A;G001739;2145;joshua;holston;smith;47;m;w;chapel hill;wild turkey;102;27516;al
A;G001740;2146;joseph;john;polcaro;83;m;w;cary;searstone;15001;27513;oc
A;G001741;2147;herbert;;lowry;57;m;i;fayetteville;rosehill;4557;28311;nc
A;G001741;2148;herbert;;lowry;57;m;i;lumberton;32nd;302;28358;nc
A;G001742;2149;blythe;lee;rose;87;m;w;sylva;riverbend;708;28779;nc
A;G001743;2150;camaron;lucas;bryan;41;f;w;chapel hill;davis love;60;27517;nc
A;G001743;2151;camaron;lucas;bryan;41;f;w;holly springs;kenmont;404;27540;nc
A;G001744;2152;elvin;;munn;63;m;b;chapel hill;williams;66;27516;nc
A;G001745;2153;travis;paul;stanley;48;m;w;apex;mt pisgah church;1201;27523;ky
A;G001746;2154;dale;randall;zuckert;48;m;w;pittsboro;persimmon hill;107;27312;or
A;G001747;2155;robert;merrill;hendrickson;75;m;w;fuquay varina;walapai;553;27526;dc
A;G001748;2156;charles;robert;mcginn;32;m;w;apex;deer;168;27523;il
A;G001749;2157;molly;colleen;luby;44;f;w;sanford;woody dam;947;27330;
A;G001750;2158;eric;;wales;63;m;w;pittsboro;lamont norwood;2500;27312;il
A;G001751;2159;daniel;thomas;sedlak;29;m;w;raleigh;wilmington;510;27604;
A;G001752;2160;renee;christine;difranco;28;f;w;chapel hill;brandywine;318;27516;
A;G001752;2161;renee;christine;difranco;28;f;m;greenville;exchange;1920;27858;ny
A;G001752;2162;renee;christine;sheehan;28;f;w;holly springs;holly acres;103;27540;ny
A;G001753;2163;carolyn;dwyer;bentley;36;f;w;chapel hill;bear tree;774;27517;ca
A;G001753;2164;carolyn;dwyer;dusell;36;f;w;durham;university;4600;27707;ca
A;G001754;2165;william;shannon;cameron;47;m;w;pittsboro;chapel ridge;459;27312;nc
A;G001755;2166;debra;ann;sawyer;50;f;w;moncure;mill stone rd;261;27559;ny
A;G001755;2167;debra;ann;lefton;50;f;w;raleigh;ladys slipper;1100;27606;ny
A;G001757;2168;andrea;jean;young;60;f;w;crumpler;nathans creek school;422;28617;dc
A;G001758;2169;robert;ancil;freiburghouse;77;m;w;chapel hill;rossburn;413;27516;wi
A;G001759;2170;joshua;an tal;edwards;39;m;b;chapel hill;crestwood;200;27516;nc
A;G001760;2171;louretta;v;fike;62;f;b;liberty;reece;114;27298;
A;G001761;2172;george;;matroni;57;m;o;apex;olde thompson creek;424;27523;ny
A;G001762;2173;jacob;d;denham;28;m;w;chapel hill;christopher;1007;27517;
A;G001763;2174;david;granville;dougherty;76;m;w;cary;endhaven;904;27519;pa
A;G001764;2175;j;david;henry;66;m;w;pittsboro;hudson woods;281;27312;va
A;G001765;2176;rachel;anne;schlosser;23;f;w;chapel hill;brittany;67;27517;nc
A;G001765;2177;rachel;anne;schlosser;23;f;w;hillsborough;orange grove;6932;27278;nc
A;G001766;2178;thomas;a;kovacik;70;m;w;cary;palace;118;27518;pa
A;G001767;2179;melissa;anne leroy;kiner;42;f;w;durham;wheeling;506;27713;nc
A;G001768;2180;jaclyn;myers;johnson;39;f;w;bear creek;rosser;1230;27207;nc
A;G001769;2181;john;william;huffstetler;71;m;u;pittsboro;pittsboro school;231;27312;nc
A;G001770;2182;carol;meyer;little;46;f;w;sanford;carbonton;5184;27330;
A;G001771;2183;marian;beth;powell;41;f;w;chapel hill;franklin;1513;27514;wv
A;G001772;2184;uzma;khatoon;khan;31;f;o;chapel hill;durant;200;27517;oc
A;G001773;2185;sarah;rachel;howard;44;f;w;carrboro;chaucer;101;27510;ct
A;G001774;2186;fae;grace;goodman;50;f;w;siler city;full circle;213;27344;mi
A;G001774;2187;fae;grace;goodman;50;f;w;efland;brookhollow;1119;27243;mi
A;G001775;2188;torre;anthony;devito;57;m;w;bear creek;mark willett;51;27207;ny
A;G001776;2189;dexter;allan;beals;72;m;w;chapel hill;tobacco farm;437;27516;ny
A;G001777;2190;john;reeves;carpenter;38;m;w;apex;chapel view;230;27523;nc
A;G001777;2191;john;reeves;carpenter;38;m;w;cary;hindsight;15211;27519;nc
A;G001778;2192;sean;michael;dillon;27;m;w;chapel hill;mcmasters;101;27516;pa
A;G001779;2193;danny;ray;williams;54;u;u;apex;settlement;205;27523;
A;G001780;2194;melissa;trimble;devore;34;f;w;germanton;adams;1070;27019;fl
A;G001781;2195;michael;todd;morris;54;m;w;siler city;gilliland;685;27344;oc
A;G001782;2196;thomas;sylvester;hall;48;m;b;pittsboro;launis;77;27312;nc
A;G001782;2197;thomas;sylvester;hall;48;m;b;apex;dominik;7341;27523;nc
A;G001783;2198;francine;m;gray;30;f;u;siler city;sixth;323;27344;
A;G001784;2199;elizabeth;daniell;lancaster;33;f;w;chapel hill;great ridge;1203;27516;nc
A;G001784;2200;elizabeth;danielle;lancaster;33;f;w;chapel hill;craige dorm;403;27514;nc
A;G001785;2201;robert;theodore;schwachenwald;39;m;w;apex;batchelor;1125;27523;fl
A;G001785;2202;robert;theodore;schwachenwald;39;m;w;cary;sugar hill;100;27519;fl
A;G001786;2203;ellison;saharna;howard;40;f;b;durham;perfect moment;40;27713;ny
A;G001787;2204;david;robert;hansen;31;m;w;chapel hill;roundhill;102;27514;nj
A;G001788;2205;heather;michelle;walker;31;f;w;west end;summer hill church;1031;27376;nc
A;G001788;2206;heather;michelle;walker;31;f;w;ramseur;holly leaf;4426;27316;nc
A;G001789;2207;randy;ray;sharp;63;m;w;raleigh;northbrook;108;27609;mo
A;G001789;2208;randy;ray;sharp;63;m;w;raleigh;towneley;8500;27615;mo
A;G001790;2209;joel;warren;moretz;38;m;w;chapel hill;highland;108;27516;nc
A;G001790;2210;joel;warren;moretz;38;m;w;deep gap;wild turkey crossing;708;28618;
A;G001792;2211;donald;laverne;dunston;69;m;b;wallace;murray;309;28466;ct
A;G001792;2212;donald;laverne;dunston;69;m;b;roseboro;west;715;28382;
A;G001793;2213;cynthia;hanson;brothers;50;f;w;chapel hill;highland;806;27516;ny
A;G001794;2214;margaret;ann smith;stone;70;f;b;siler city;matthews;151;27344;nc
A;G001795;2215;peter;frederick;bochenek;74;m;w;pittsboro;pine;101;27312;nj
A;G001796;2216;brittany;nicole;neese;22;f;m;siler city;11th;380;27344;nc
A;G001797;2217;rita;lentz;bigham;70;f;w;pittsboro;mcdowell;13;27312;nc
A;G001798;2218;william;jeffrey;maness;50;m;w;siler city;11th;320;27344;nc
A;G001799;2219;brooke;astor;beeaker;25;f;w;charlotte;trade;333;28202;il
A;G001800;2220;katie;;garland;31;f;w;apex;grassy point;100;27502;ny
A;G001801;2221;jonathan;;micancin;40;m;u;chapel hill;benwall;107;27516;ny
A;G001801;2222;jonathan;perry;micancin;40;m;w;tyner;chinquapin;645;27980;ny
A;G001802;2223;stephanie;michelle;eissens;38;f;w;durham;village circle;100;27713;nc
A;G001802;2224;stephanie;michelle;eissens meacomes;38;f;w;cary;enfield ridge;4033;27519;nc
A;G001803;2225;dana;petty;smith;34;f;w;pittsboro;may farm;347;27312;nc
A;G001804;2226;robert;eugene;diezi;68;m;w;cary;colchis;110;27513;il
A;G001805;2227;cynthia;jane;parker;60;f;w;siler city;fritts family;68;27344;vt
A;G001805;2228;cynthia;jane;parker;60;f;w;siler city;fritts family;68;27344;vt
A;G001806;2229;georgia;m;rothschild;65;f;w;cary;center pointe;323;27513;ny
A;G001807;2230;brittany;mae;dickens;29;f;w;greenville;bostic;3940;27834;nc
A;G001808;2231;shawn;l;hensley;49;m;b;liberty;flynt;448;27298;nc
A;G001809;2232;richard;lee;sullivan;24;m;w;siler city;glenn;603;27344;nc
A;G001810;2233;carol;elizabeth;eberle;73;f;w;apex;hughes;704;27502;fl
A;G001811;2234;james;allen;cochie;61;m;w;chapel hill;wildwind;165;27516;oh
A;G001811;2235;james;allen;cochie;61;m;u;winston salem;park vista;1;27101;oh
A;G001812;2236;marsha;hayes;henthorn;73;f;w;cary;beckingham;213;27519;nc
A;G001813;2237;celeste;simpson;hester;40;f;w;pittsboro;churchwood lane;442;27312;nc
A;G001813;2238;celeste;simpson;hester;40;f;w;holly springs;cass holt;6191;27540;nc
A;G001815;2239;kathleen;ann;padgett;53;f;w;durham;willow creek;12;27705;nh
A;G001815;2240;kathleen;ann;padgett;53;f;w;holly springs;chandler springs;133;27540;nh
A;G001816;2241;james;bernard;delpapa;56;u;w;durham;hickory trace;275;27713;nc
A;G001817;2242;joshua;grant;hawk;37;m;w;chapel hill;dalton;591;27517;in
A;G001818;2243;susan;;knowles;33;f;w;raleigh;walnut creek;3141;27606;nc
A;G001819;2244;joseph;corey;bass;32;m;w;pittsboro;bellemont;124;27312;
A;G001819;2245;joseph;corey;bass;32;m;w;garner;pineway;105;27529;oc
A;G001820;2246;william;roy;pohlman;77;m;w;wilmington;regatta;1427;28405;ne
A;G001821;2247;pamela;fay;ciambotti;68;f;w;cary;zumbach;1613;27513;il
A;G001822;2248;chad;randall;oates;43;m;w;siler city;ashton;63;27344;nc
A;G001824;2249;robert;peter;henning;59;m;w;cary;clarksville;102;27513;ny
A;G001825;2250;rebecca;ruth;taylor;43;f;w;new hill;christian chapel church;2986;27562;va
A;G001826;2251;alirio;;estevez;49;m;m;chapel hill;beacon ridge;466;27516;oc
A;G001827;2252;samantha;lynn;duke;47;f;w;pisgah forest;lazy branch;264;28768;nc
A;G001827;2253;samanatha;lynn;duke;47;f;u;pisgah forest;lazy branch;254;28768;
A;G001828;2254;jodie;nicolle;swisher;43;f;w;bear creek;roscoe;225;27207;
A;G001829;2255;anthony;ryan;cochran;41;m;w;durham;nc highway 751;7200;27713;
A;G001829;2256;anthony;ryan;cochran;41;m;w;charlotte;crofton springs;9313;28269;nc
A;G001829;2257;anthony;ryan;cochran;41;m;w;charlotte;brooksedge;8415;28216;va
A;G001830;2258;anthony;hsi tien;huang;42;m;a;chapel hill;cedar;208;27516;oc
A;G001830;2259;anthony;hsi tien;huang;42;u;a;wilmington;masonboro sound;7816;28409;
A;G001831;2260;timothy;dale;fulk;58;m;w;chapel hill;tall oaks;253;27516;va
A;G001832;2261;monica;anne;bintz;37;f;w;pittsboro;hamlet chapel;2033;27312;ny
A;G001833;2262;adam;isaac;gensler;36;m;w;raleigh;quail ridge;2104;27609;ks
A;G001834;2263;jon;thomas;koritz;34;m;w;clayton;bragg;299;27527;va
A;G001834;2264;jon;;koritz;34;m;w;chapel hill;dorset;101;27516;va
A;G001835;2265;dewang;satish;bhavsar;36;m;a;fuquay varina;mills crest;2133;27526;oc
A;G001836;2266;robert;charles;nelson;48;m;w;asheboro;dusty path;990;27205;nc
A;G001837;2267;keiser;aldon;shook;46;m;w;stony point;fence post;130;28678;nc
A;G001838;2268;donald;patterson;lackey;46;m;w;taylorsville;nc hwy 16;447;28681;nc
A;G001838;2269;donald;patterson;lackey;46;m;w;mooresville;talbert woods;160;28117;nc
A;G001839;2270;cole;thomas;whitehurst;19;m;w;greenville;fletcher hall;306;27858;nc
A;G001840;2271;benjamin;quade;dockey;46;m;w;mooresville;carriage club;175;28117;nc
A;G001840;2272;benjamin;quade;dockey;46;m;w;charlotte;fair wind;5220;28212;nc
A;G001841;2273;penny;jolly;brown;54;f;w;taylorsville;old wilkesboro;760;28681;nc
A;G001842;2274;cynthia;beaver;herndon;59;f;w;hickory;hughes;470;28601;oc
A;G001844;2275;glenn;franklin;linney;61;m;b;hiddenite;hill river;2054;28636;nc
A;G001844;2276;glenn;franklin;linney;61;m;b;raeford;sprucepine;212;28376;nc
A;G001845;2277;darius;alexander;byers;38;m;w;statesville;hedrick;618;28677;nc
A;G001846;2278;jamie;suzanne;hornsby;30;u;u;stony point;miracle;15;28678;
A;G001846;2279;jamie;suzanne;edwards;30;f;w;east bend;two turtle;6422;27018;nc
A;G001847;2280;johnny;l;kirby;48;m;w;salisbury;hill top;2620;28147;
A;G001848;2281;emma;price;proffitt;46;f;w;taylorsville;river shoals ridge;417;28681;nc
A;G001849;2282;sandra;c;waugh;61;f;w;hiddenite;cheatham ford;6621;28636;nc
A;G001850;2283;kathryn;elizabeth;hartley;26;f;w;hickory;mountain oak;298;28601;nc
A;G001851;2284;ronald;kevin;ross;61;m;w;charlotte;old providence;6101;28226;ok
A;G001853;2285;curnis;;wilson;67;m;w;murphy;turkey ridge;121;28906;nc
A;G001854;2286;martha;lequire;hughes;73;f;w;murphy;robert barker;20;28906;nc
A;G001855;2287;james;edwin;weis;47;m;w;andrews;stewart;2617;28901;oh
A;G001855;2288;james;edwin;weis;47;m;w;murphy;honeybee;25;28906;oh
A;G001856;2289;nancy;way;dehart;63;f;w;murphy;lower bear paw;3345;28906;nc
A;G001857;2290;glenda;gail;hughes;52;f;w;murphy;martins creek;8114;28906;ga
A;G001858;2291;richard;nathan;henderson;50;m;w;hayesville;mountain meadows west;186;28904;nc
A;G001859;2292;sara;elizabeth;sneed;45;f;w;murphy;steertown;390;28906;ne
A;G001859;2293;sara;elizabeth;sneed;45;u;w;brasstown;reese;472;28902;
A;G001860;2294;misty;dawn;williams;44;f;w;marble;lee williams;210;28905;nc
A;G001861;2295;jamie;lynn;hackett;41;f;a;edenton;mohave;1200;27932;la
A;G001862;2296;william;sanders;coston;46;m;b;greenville;peed;1010;27834;
A;G001863;2297;ashley;patricia;jernigan;36;f;w;aulander;nc 305;1016;27805;nc
A;G001864;2298;donald;raymond;dove;64;m;w;raleigh;edsel;13018;27613;md
A;G001865;2299;pamela;jeanean;commander;54;f;b;elizabeth city;factory;709;27909;nc
A;G001865;2300;pamela;janenne;commander;54;f;b;elizabeth city;southern;1101;27909;nc
A;G001866;2301;kent;lee;tucker;49;m;w;edenton;surfside;616;27932;mi
A;G001867;2302;timothy;gibson;fitch;28;m;w;edenton;dogwood;414;27932;ct
A;G001867;2303;timothy;gibson;fitch;28;m;w;rodanthe;seabreeze;24240;27968;ct
A;G001868;2304;elliott;leroy;jones;59;m;b;edenton;kimberly;407;27932;
A;G001869;2305;beverly;williams;elliott;56;f;b;greenville;park west;1287;27834;nc
A;G001871;2306;melinda;amy;minton;43;f;w;woodland;nc hwy 35;2866;27897;nc
A;G001872;2307;jonathan;adam;stallings;37;m;w;belvidere;county line;1225;27919;nc
A;G001873;2308;susan;;mcrae;68;f;w;columbia;hwy 64;1440;27925;va
A;G001874;2309;sarah;sims;jones;77;f;w;cary;fernglen;1305;27511;al
A;G001875;2310;edwin;allan;christopher;45;m;w;edenton;montpelier;201;27932;ma
A;G001875;2311;edwin;allan;christopher;45;m;w;whiteville;old lumberton;2001;28472;ma
A;G001876;2312;reese;;crispen;70;u;w;wilmington;blue heron;8225;28411;
A;G001877;2313;robert;james;jackson;63;m;w;edenton;virginia;1335;27932;ma
A;G001878;2314;robert;scott;beasley;26;m;w;lexington;green heron;148;27292;nc
A;G001878;2315;robert;scott;beasley;26;m;w;raleigh;resolution;3202;27603;nc
A;G001879;2316;ernest;steve;smith;72;m;w;mooresboro;mckinney;3520;28114;nc
A;G001879;2317;ernest;steve;smith;72;m;w;mooresboro;mckinney;3520;28114;nc
A;G001880;2318;lee;roy;putnam;81;m;w;shelby;connie;100;28150;nc
A;G001881;2319;antonio;marquette;briscoe;38;m;b;ellenboro;cherry mountain;292;28040;nc
A;G001882;2320;cameron;davis;blanton;63;f;w;holly springs;sweet maple;109;27540;nc
A;G001883;2321;jennifer;lynn;baisden;30;f;w;kings mountain;green meadows;111;28086;nc
A;G001884;2322;waylon;scott;lingerfeldt;48;m;w;kings mountain;1st;803;28086;sc
A;G001886;2323;fentricia;enzor;beaver;48;f;w;kings mountain;goforth;200;28086;ks
A;G001886;2324;fentricia;enzor;beaver;48;f;w;kings mountain;goforth;200;28086;ks
A;G001887;2325;chassity;marie;thornton;40;f;w;kings mountain;stowe acres;107;28086;in
A;G001888;2326;michael;ray;pruett;37;m;w;shelby;elizabeth;2818;28150;
A;G001889;2327;martin;edward;philmon;61;m;w;kings mountain;green meadows;116;28086;nc
A;G001890;2328;morgan;clay;morrison;30;f;w;fallston;ross;131;28042;nc
A;G001890;2329;morgan;clay;morrison;30;f;w;fallston;ross;131;28042;nc
A;G001891;2330;amanda;louise;baird;32;f;w;mooresville;presbyterian;225;28115;ca
A;G001891;2331;amanda;louise;adams;32;f;w;beulaville;beulaville;1533;28518;ca
A;G001892;2332;robert;wayne;gammons;32;m;w;shelby;spake;1337;28150;nc
A;G001893;2333;oceanous;timothy;hardin;60;u;u;kings mountain;stony point;335;28086;
A;G001894;2334;hanna;gales;smith;24;f;w;maiden;across field;4709;28650;nc
A;G001895;2335;aaron;scott;bostic;32;m;w;shelby;holland;110;28152;nc
A;G001896;2336;alexis;bowen;mcmahan;27;f;w;ellenboro;campfield church;426;28040;nc
A;G001897;2337;emily;church;fowler;76;f;w;ellenboro;romans;113;28040;nc
A;G001899;2338;frank;furnswood;lowe;48;m;w;kings mountain;marys grove ch;340;28086;ga
A;G001901;2339;charles;edward;haynes;29;m;b;shelby;dellinger;715;28152;
A;G001902;2340;katie;lea;wheeler;31;f;w;lawndale;oak grove clover hill ch;220;28090;nc
A;G001902;2341;katie;lea;chevalier;31;f;w;havelock;hanover;5;28532;nc
A;G001904;2342;carrie;elizabeth;johnson;35;f;w;boiling springs;main;110;28017;sc
A;G001906;2343;anita;mae;dexter;78;f;w;shelby;warren;934;28150;ma
A;G001907;2344;kimberly;brown;hefner;42;f;w;shelby;lafayette;221;28150;tx
A;G001910;2345;kristian;leigh;deaton;24;f;w;shelby;biggers lake;2070;28152;nc
A;G001910;2346;kristian;leigh;deaton;24;f;w;lincolnton;baxter deaton;3111;28092;nc
A;G001911;2347;arthiando;lurez;phillips;30;m;u;shelby;whisnant;504;28150;nc
A;G001913;2348;edgar;eugene;passmore;78;m;w;mill spring;laughter;316;28756;
A;G001914;2349;krista;annette;smith;29;f;w;lawndale;casar belwood;938;28090;
A;G001914;2350;krista;annette;parker;29;f;w;lawndale;kent;111;28090;nc
A;G001915;2351;lucille;hearn;wright;87;f;w;shelby;broad;120;28152;nc
A;G001916;2352;staci;kristann;spake;39;f;w;huntersville;tallent;10026;28078;
A;G001917;2353;sandra;barger;todd;70;f;w;fayetteville;lainey;3421;28314;tn
A;G001918;2354;brittany;michelle;wallace;31;f;w;shelby;robert ridings;3676;28150;nc
A;G001919;2355;roger;allan;johannes;42;m;w;kings mountain;silver;304;28086;hi
A;G001920;2356;jeremy;curtis;johnson;41;m;w;kings mountain;harbor springs;213;28086;nc
A;G001921;2357;citori;nicole;swink;21;f;w;shelby;sneed;1718;28150;nc
A;G001922;2358;tara;ellen;mauney;38;f;w;ellenboro;old us 74;1169;28040;nc
A;G001922;2359;tara;ellen;mauney;38;f;w;ellenboro;pain;183;28040;nc
A;G001923;2360;james;thomas;hinson;36;m;w;grover;timberland;301;28073;nc
A;G001923;2361;james;thomas;hinson;36;m;w;cullowhee;tree haven;121;28723;nc
A;G001924;2362;richard;alvin todd;dellinger;48;m;w;cherryville;glen view;104;28021;nc
A;G001925;2363;yvette;michelle;whitley;51;f;u;charlotte;walkers ferry;10217;28278;nc
A;G001926;2364;jessica;lee;harden;32;f;w;shelby;country garden;1714;28150;nc
A;G001927;2365;lisa;carol;davis;55;f;w;shelby;polkville;1500;28150;nc
A;G001928;2366;kelly;jean;robinson;43;f;w;kings mountain;gold;820;28086;nc
A;G001929;2367;william;joseph;elliott;45;m;w;charlotte;kimmel;9419;28216;az
A;G001930;2368;rodney;o;lattimore;43;u;u;charlotte;reddman;5851;28212;
A;G001931;2369;erica;leigh;williams;36;f;b;kings mountain;dixon dairy;378;28086;la
A;G001932;2370;tina;brooks;culver;44;f;w;mooresboro;sawmill;147;28114;nc
A;G001932;2371;tina;brooks;bryant;44;f;w;vale;howard lingerfelt;444;28168;nc
A;G001933;2372;sharmiece;aminata;dobson;38;f;b;kings mountain;mountain spring;417;28086;
A;G001934;2373;kelly;joette;richardson;39;f;w;kings mountain;spruce;200;28086;nc
A;G001935;2374;aaron;britt;miller;30;m;w;beulaville;miller girls;121;28518;nc
A;G001936;2375;sidney;brian thomas;hayes;27;m;w;boiling springs;main;110;28017;nc
A;G001936;2376;brian;thomas;hayes;27;m;w;whispering pines;niagara carthage;3129;28327;nc
A;G001937;2377;samantha;marie;turner;33;f;w;maiden;mountain view;4772;28650;fl
A;G001938;2378;sara;hammel;karner;34;f;w;durham;monterey creek;6351;27713;fl
A;G001938;2379;sara;kate;hammel;34;f;w;chapel hill;saluda;1112;27514;
A;G001940;2380;bobby;rayvon;canipe;50;m;w;shelby;fabian;105;28150;nc
A;G001941;2381;karlene;constance;hartel;57;f;w;charlotte;bridgeville;2622;28262;nj
A;G001942;2382;anna;engstrom;rucker;29;f;w;shelby;edgewater;110;28150;nc
A;G001943;2383;garron;ernel;pressley;33;m;w;lawndale;wortman;117;28090;nc
A;G001944;2384;rebecca;elizabeth;hill;36;f;w;shelby;delta park;151;28150;nc
A;G001945;2385;jadelyn;nicole;burton;19;f;b;kings mountain;vickie;103;28086;nc
A;G001946;2386;david;franklin;brown;63;m;w;shelby;fallston waco;3226;28150;nc
A;G001947;2387;charles;eric;murdock;48;m;b;shelby;elizabeth;2033;28150;nc
A;G001948;2388;steven;kahleel;byrd;25;u;u;charlotte;hackberry creek;6325;28269;
A;G001948;2389;steven;kahleel;byrd;25;m;b;greenville;exchange;1920;27858;nc
A;G001949;2390;johnny;lee;surratt;39;m;b;kings mountain;belvedere;524;28086;nc
A;G001949;2391;johnny;lee;surratt;39;m;b;kings mountain;belvedere;524;28086;nc
A;G001950;2392;karen;;falls;49;f;w;kings mountain;first;914;28086;in
A;G001953;2393;kelly;skipper;tew;45;f;w;chadbourn;elm;202;28431;nc
A;G001954;2394;henry;brian;leonard;43;m;w;clarendon;butler town;1040;28432;sc
A;G001955;2395;kayla;beth;fowler edwards;29;f;w;tabor city;floyd;113;28463;nc
A;G001956;2396;angela;denise;legette;59;f;b;fayetteville;apache;220;28303;ny
A;G001957;2397;michael;leroy;daniels;36;m;b;riegelwood;old lake;11763;28456;nc
A;G001957;2398;michael;leroy;daniels;36;m;b;riegelwood;old lake;11763;28456;nc
A;G001958;2399;marion;daphine;coleman;83;f;w;chadbourn;peacock;12794;28431;nc
A;G001958;2400;marion;daphine;coleman;83;f;w;chadbourn;peacock;12794;28431;nc
A;G001959;2401;kevin;grant;williamson;35;m;w;chadbourn;shade fisher;1243;28431;nc
A;G001959;2402;kevin;grant;williamson;35;m;w;raleigh;aileen;3108;27606;nc
A;G001960;2403;denning;thomas;buchter;76;m;w;whiteville;hemlock;110;28472;pa
A;G001961;2404;emily;annette;smith;41;f;b;tabor city;pine circle;611;28463;nc
A;G001962;2405;saundra;carter;walters;49;f;w;clarendon;butler town;720;28432;sc
A;G001963;2406;santeidra;eunae;bland cherry;34;f;b;riegelwood;canal;100;28456;nc
A;G001963;2407;santeidra;eunae;bland;34;u;b;durham;logan;1405;27704;
A;G001964;2408;carolyn;a;parker;70;f;b;whiteville;mill pond;1880;28472;nc
A;G001965;2409;jacob;anderson;edmund;25;m;w;cerro gordo;braswell;5890;28430;nc
A;G001966;2410;jaimie;dare;harwood;29;f;u;wilmington;13th;205;28401;nc
A;G001967;2411;raymond;mcarthur;hill;75;m;w;wilmington;jamaica;234;28401;nc
A;G001968;2412;lori;foronda;gaskin;51;f;m;tabor city;forest;31;28463;hi
A;G001969;2413;starr;juelle;nichols;24;f;b;whiteville;camp ground;332;28472;nc
A;G001969;2414;starr;j;nichols;24;f;b;durham;fayetteville;1801;27707;
A;G001970;2415;shannon;rose;king fowler;44;f;w;delco;applewhite;26;28436;nc
A;G001971;2416;sheila;lewis;thomas;56;f;b;tabor city;reese;109;28463;pa
A;G001971;2417;sheila;yvonne;thomas;56;f;b;tabor city;school;120;28463;pa
A;G001972;2418;iris;gail;smith;50;f;b;bladenboro;nc 410;19801;28320;sc
A;G001973;2419;ashley;nicole;rouse;30;f;w;knightdale;aragon;1301;27545;va
A;G001974;2420;matthew;christopher;vinson;28;m;w;lake waccamaw;lake shore;412;28450;nc
A;G001975;2421;willie;banks;batton;53;m;b;thomasville;leach;818;27360;sc
A;G001975;2422;willie;banks;batton;53;m;b;thomasville;gra lan;6940;27360;sc
A;G001976;2423;emma;moore;blanks;67;f;b;riegelwood;hoover;807;28456;nc
A;G001976;2424;emma;moore;blanks;67;f;b;wilmington;7th;308;28401;nc
A;G001977;2425;james;lonnell;tart;61;m;b;riegelwood;woodyard;1636;28456;
A;G001979;2426;eric;hubert;jenkins;44;m;w;whiteville;washington;715;28472;nc
A;G001979;2427;eric;hubert;jenkins;44;m;w;chadbourn;rough and ready;6729;28431;nc
A;G001980;2428;sue;davis;ward;65;f;w;lake waccamaw;waccamaw shores;2072;28450;nc
A;G001980;2429;sue;davis;ward;65;f;w;clinton;boykin;193;28328;nc
A;G001981;2430;patrick;oneal;mccormick;29;m;b;fayetteville;murchison;1200;28301;
A;G001982;2431;aretha;genva;matthews;47;f;b;winterville;sterling pointe;3815;28590;nc
A;G001982;2432;aretha;genevia;bryant;47;f;b;lumberton;lonnies;138;28360;nc
A;G001983;2433;christina;charnetta;small;28;f;b;whiteville;mill pond;1850;28472;nc
A;G001985;2434;richard;gene;reynolds;52;m;w;wilmington;rossmore;1528;28405;nc
A;G001986;2435;trenton;kyle;ford;32;m;w;chadbourn;princess ann;5406;28431;nc
A;G001987;2436;iver;warren;edwards;56;m;w;whiteville;oak;82;28472;nc
A;G001988;2437;darian;kyle;woody;44;m;w;delco;dew oil plant;111;28436;nc
A;G001989;2438;yolanda;patrece;stephens;28;f;b;lumberton;old whiteville;800;28358;nc
A;G001990;2439;cynthia;lynn;coughlan;46;f;w;shawboro;four forks;222;27973;va
A;G001991;2440;lisa;stanley;strickland;55;f;w;clayton;ramblewood;633;27520;nc
A;G001992;2441;alice;long;prince;55;f;w;sylva;grove;94;28779;nc
A;G001993;2442;dina;elaine;terry;46;f;b;council;boggy branch;2073;28434;nc
A;G001994;2443;billy;joe;farmer;58;m;w;jacksonville;daisy;318;28540;nc
A;G001994;2444;billy;joe;farmer;58;m;w;red springs;mcmillan;420;28377;nc
A;G001995;2445;teresa;davis;lawson;51;f;b;cerro gordo;cherry grove;1465;28430;nc
A;G001996;2446;suzanne;adams;craven;38;f;w;asheboro;coxemoor;1815;27205;fl
A;G001996;2447;suzanne;adams;craven;38;f;w;raleigh;trappers creek;10801;27614;fl
A;G001997;2448;susan;lynn;dail;57;f;w;matthews;indian brook;5602;28104;
A;G001998;2449;samuel;earl;adams;36;m;b;fayetteville;kings creek;261;28311;
A;G001998;2450;samuel;earl;adams;36;m;b;charlotte;honeyfur;10601;28278;nc
A;G001999;2451;toni;rae;ridley;37;f;w;jacksonville;sonoma;366;28546;nc
A;G002000;2452;donna;marie;strunk;63;f;w;warrenton;beaver pond;139;27589;va
A;G002000;2453;donna;marie;strunk;63;f;w;warrenton;beaver pond;139;27589;va
A;G002001;2454;amelia;leann;wilson;57;f;w;new bern;trent woods;5219;28562;ga
A;G002002;2455;jessica;diane;marshall;40;f;b;new bern;trent;180;28562;nc
A;G002003;2456;velenda;carlene;burson;64;f;w;new bern;spring garden;800;28562;oh
A;G002004;2457;kristen;jennifer;duff;35;f;w;new bern;randomwood;107;28562;ky
A;G002004;2458;kristen;jennifer;duff;35;f;w;new bern;river bluffs;305;28560;ky
A;G002005;2459;vincent;l;richardson;64;m;w;new bern;randomwood;104;28562;nc
A;G002006;2460;dorothy;hamilton;humphrey;94;f;w;cary;ralph;504;27511;ma
A;G002007;2461;nicholas;todd;gavin;33;m;u;fayetteville;bonaventure;7406;28314;
A;G002008;2462;william;david;mcghee;76;m;w;havelock;adams creek;2485;28532;nc
A;G002009;2463;jasmine;marie;sobalvarro;31;f;w;maysville;spring branch;115;28555;ca
A;G002010;2464;sandra;schmitt;vreeland;77;f;w;new bern;rock creek;183;28562;
A;G002011;2465;beverly;jean;martin;49;f;w;fayetteville;independence place;6335;28303;mi
A;G002012;2466;phyllis;kaylyn;edens;26;f;w;new bern;pinetree;1000;28562;nc
A;G002013;2467;karen;presley;gower;69;f;w;new bern;rivertide;128;28562;mi
A;G002014;2468;william;andrew;gower;68;m;w;new bern;judge manly;2938;28562;nc
A;G002015;2469;teri;doggett;clark;42;f;w;new bern;us 17;5219;28562;nc
A;G002015;2470;teri;doggett;mcewen;42;f;w;greenville;brook;2003;27858;nc
A;G002016;2471;thomas;elma;burkart;71;m;w;new bern;madam moores;708;28562;sc
A;G002016;2472;thomas;elma;burkart;71;m;w;littleton;summerwood;191;27850;sc
A;G002017;2473;diana;;aquino ahkao;64;f;w;new bern;country club;4401;28562;ny
A;G002017;2474;diana;aquino;davis;64;f;w;durham;shoreham;2627;27707;ny
A;G002018;2475;ainslie;elliott;guion;57;f;w;winterville;buckingham;106;28590;ky
A;G002018;2476;ainslie;elliott;guion;57;f;w;marshville;ajars;2609;28103;ky
A;G002019;2477;raven;davis;chitalo;37;f;w;new bern;outrigger;103;28562;nc
A;G002019;2478;raven;renee;davis;37;f;w;wilmington;dapple;120;28403;nc
A;G002020;2479;timothy;jay;erlitz;33;m;w;new bern;york;1603;28562;
A;G002021;2480;frances;maria;tracy;45;f;o;oriental;starboard;100;28571;pa
A;G002022;2481;joshua;kenneth;goddard;29;m;w;jacksonville;western;5116;28546;ny
A;G002023;2482;gregg;allen;covert;58;m;w;new bern;old cherry point;3919;28560;nj
A;G002023;2483;gregg;allan;covert;58;m;w;jacksonville;church;11;28540;nj
A;G002024;2484;jo ann;coats;morgan;81;f;w;selma;howell;608;27576;nc
A;G002025;2485;bernard;g;arnall;92;m;w;new bern;shoreline;274;28562;ky
A;G002026;2486;joan;mary;arnath;75;f;w;havelock;manchester;102;28532;nj
A;G002027;2487;alexis;nicole;rice;23;f;w;apex;charlion downs;1802;27502;me
A;G002028;2488;anna;nicole;smith;33;f;a;wilmington;12th;219;28401;nc
A;G002029;2489;steven;lee;doin;61;m;w;vanceboro;winn;200;28586;ny
A;G002030;2490;lorraine;vivian;rice;64;f;w;new bern;pirates;125;28562;pa
A;G002031;2491;tonja;foye;staton;49;f;b;greenville;stantonsburg;5295;27834;nc
A;G002032;2492;laura;a;vanfleet;42;u;w;jacksonville;ramsey;407;28540;
A;G002033;2493;jolynn;nicole;christner;37;f;w;raleigh;dana;4909;27606;fl
A;G002034;2494;jerry;lee;bailey;54;m;b;havelock;cedarwood;109;28532;md
A;G002035;2495;jason;alexander;hancock;32;m;w;charlotte;tifton;8019;28226;va
A;G002036;2496;joseph;marty;allen;39;m;b;charlotte;point south;10712;28273;nc
A;G002037;2497;edward;anthony;finch;30;m;b;raleigh;hills;6221;27609;ny
A;G002038;2498;tyler;james;hyslep;31;m;w;new bern;point;903;28560;ma
A;G002039;2499;patrick;michael;dillon;40;m;w;new bern;taberna;301;28562;sc
A;G002040;2500;carlton;lee;drake;71;m;w;kure beach;water oak;214;28449;nc
A;G002041;2501;mary;elizabeth;noell;44;f;w;new bern;plymouth;1115;28562;nc
A;G002042;2502;ashley;nicole;caulk;25;f;w;wilmington;bayshore;143;28411;nc
A;G002043;2503;melvin;thomas;hardy;35;m;w;new bern;shadetree;108;28560;nc
A;G002043;2504;melvin;thomas;hardy;35;m;w;oriental;nc hwy 55;22728;28571;nc
A;G002044;2505;christopher;;maroules;63;m;w;kinston;sheryl;2901;28504;nc
A;G002045;2506;jennifer;marie;wilson;41;f;w;new bern;camden square;4123;28562;oh
A;G002046;2507;dale;jewett;sullivan;69;f;w;winterville;cornerstone;2022;28590;va
A;G002047;2508;kimberley;dae;monty;49;f;w;king;country;302;27021;nc
A;G002048;2509;courtney;latrice;cooper;22;f;b;new bern;morton;5309;28562;nc
A;G002049;2510;julieanna;elizabeth;harris;22;f;w;new bern;madam moores;903;28562;nc
A;G002049;2511;julieanna;elizabeth;herriven;22;f;w;salisbury;innes;2300;28144;
A;G002050;2512;john;willis;lawrence;27;m;w;new bern;riviera;106;28562;nc
A;G002051;2513;amanda;gray;hardison;30;f;w;grantsboro;nc hwy 306;2470;28529;
A;G002052;2514;seth;charles;crawford;37;m;w;fuquay varina;lake artesia;851;27526;co
A;G002053;2515;calton;grover;cannon;37;m;w;durham;james;1820;27707;
A;G002054;2516;heidi;lee;mapp;42;f;w;new bern;church;409;28560;
A;G002055;2517;kathryn;hopkins;benson;29;f;w;raleigh;terra verde;6311;27609;oh
A;G002056;2518;carol;yevette;long;36;f;w;maysville;nc hwy 58;6637;28555;nc
A;G002057;2519;aimee;renee;stauble;34;f;w;vanceboro;buck;312;28586;va
A;G002058;2520;darrel;dawson;daniels;48;m;w;greenville;westpointe;1417;27834;nc
A;G002059;2521;jonathan;clayton;simms;34;m;w;wilmington;park;5715;28403;pa
A;G002060;2522;pamela;sawyer;hughes;51;f;w;manns harbor;us hwy 64;18530;27953;nc
A;G002060;2523;pamela;sawyer;hughes;51;f;w;alliance;riggs;49;28509;nc
A;G002061;2524;marcia;jeanne;desilva;68;f;w;fuquay varina;winter pond;7104;27526;ma
A;G002062;2525;kelly;dawn;titus;34;u;u;havelock;farina;300;28532;
A;G002063;2526;greg;allen;morton;41;m;w;wake forest;clear cut;4501;27587;
A;G002064;2527;ronald;nathan;sawyer;62;m;w;new bern;pinetree;5204;28562;nc
A;G002064;2528;ronald;nathan;sawyer;62;m;w;grantsboro;nc hwy 306;1451;28529;nc
A;G002065;2529;priscilla;mae;black;35;f;w;new bern;pecan;810;28562;il
A;G002066;2530;james;pierce;harriett;68;m;w;chocowinity;gold rock;67;27817;nc
A;G002067;2531;ginny;ragan;ellis;44;f;w;timberlake;ned moore;905;27583;
A;G002068;2532;bobby;carlton;darden;47;m;w;hertford;nixon;150;27944;va
A;G002069;2533;terrance;;barber;35;m;b;new bern;fort totten;907;28560;ny
A;G002069;2534;terrance;;barber;35;m;b;bayboro;alfred;271;28515;ny
A;G002070;2535;beverly;;harrell;62;f;w;new bern;drew;3141;28562;
A;G002070;2536;beverly;jean;harrell;62;f;w;new bern;drew;3141;28562;nc
A;G002070;2537;beverly;jean;harrell;62;f;w;greenville;locksley woods;2207;27858;nc
A;G002071;2538;erica;olivia;jenkins;40;f;w;new bern;nc hwy 55;3343;28560;nc
A;G002072;2539;lloyd;sterling;bennett;59;m;w;trenton;oak grove;1344;28585;nc
A;G002072;2540;lloyd;sterling;bennett;59;m;w;burgaw;malpass corner;256;28425;nc
A;G002073;2541;princess;lee;bowen;41;f;b;winterville;sterling pointe;3915;28590;pa
A;G002074;2542;michelle;ann;melcher;29;f;m;fayetteville;rustic;2315;28306;
A;G002075;2543;david;albert;thereault;62;m;w;new bern;clubhouse;5003;28562;va
A;G002075;2544;david;albert;thereault;62;m;w;greenville;big ben;2312;27858;va
A;G002076;2545;leander;;forbes;71;m;b;new bern;timothy;201;28560;nc
A;G002077;2546;ramari;tiyell;thomas;20;m;b;winterville;davenport farm;826;28590;nc
A;G002079;2547;william;h;berkey;35;m;w;chocowinity;taylor;316;27817;mi
A;G002080;2548;john;william;fath;31;m;w;new bern;foxhorn;2201;28562;sc
A;G002080;2549;john;william;fath;31;m;w;wilmington;kenan;4105;28403;sc
A;G002080;2550;john;william;fath;31;m;w;greenville;stancil;105;27858;sc
A;G002081;2551;thil;deaton;hurley;58;m;w;new bern;arbor green;4024;28562;nc
A;G002081;2552;thil;deaton;hurley;58;m;w;greenville;brighton park;409;27834;nc
A;G002082;2553;earline;;smith;63;f;w;washington;shady banks;245;27889;nc
A;G002083;2554;edward;joseph;goenne;39;m;w;havelock;harnett;2;28532;ct
A;G002084;2555;william;earl;long;59;m;w;new bern;glenburnie;211;28560;nc
A;G002085;2556;jaime;lynn;white;38;f;w;aurora;spring creek;827;27806;nc
A;G002086;2557;angela;renee;gulledge;40;f;b;new bern;nc 55;3120;28562;nc
A;G002087;2558;paula;gaskins;adams;42;f;w;jacksonville;myrtlewood;203;28546;nc
A;G002088;2559;megan;wright;ragland;32;f;w;new bern;redwood;140;28560;nc
A;G002088;2560;megan;baxter;wright;32;f;w;greenville;breezewood;110;27858;nc
A;G002089;2561;amjad;;hussain;67;m;a;new bern;bermuda;132;28560;oc
A;G002090;2562;amanda;faye;oakley;41;f;w;jamesville;sunset;1256;27846;nc
A;G002091;2563;carla;herman;soule;45;f;w;havelock;roosevelt;4;28532;nc
A;G002091;2564;carla;herman;soule;45;f;w;cary;grande harmony;1916;27513;nc
A;G002092;2565;joseph;cortez;blount;28;m;b;new bern;hills;2605;28562;nc
A;G002092;2566;joseph;cortez;blount;28;m;b;raleigh;crab orchard;1351;27606;nc
A;G002093;2567;barry;hensley;hattaway;55;u;u;holly ridge;gelynda;214;28445;
A;G002094;2568;maggie;may stewart;warren;34;f;w;new bern;trent woods;5107;28562;
A;G002095;2569;caroline;faye;norfleet;32;f;w;bayboro;cooper;1467;28515;nc
A;G002096;2570;brenten;rhett;andersen;28;m;w;havelock;belangia;1345;28532;nc
A;G002097;2571;robert;glen;king;44;m;w;new bern;wedgewood;3403;28562;nc
A;G002097;2572;robert;glen;king;44;m;w;apex;cabana;104;27539;
A;G002098;2573;wayne;edwin;watts;53;m;w;hillsborough;shamrock;3102;27278;va
A;G002099;2574;hannah;elizabeth;dzimitrowicz;29;f;w;new bern;chatham;108;28562;nc
A;G002100;2575;beulah;m;hawkins;57;f;b;bayboro;nc hwy 304;8319;28515;nc
A;G002101;2576;ricky;earl;roach;50;m;b;grifton;river;8835;28530;nc
A;G002102;2577;janie;sue;mciver;38;f;w;jacksonville;dunwoody;108;28546;pa
A;G002103;2578;david;andrew;collum;34;m;w;havelock;lee;374;28532;
A;G002104;2579;laurie;;howard;21;u;u;raleigh;bothwell;9321;27617;
A;G002105;2580;james;christopher;wright;34;m;w;new bern;bayberry park;5308;28562;il
A;G002105;2581;james;christopher;wright;34;m;w;wake forest;forbes;250;27587;il
A;G002106;2582;dorothy;moore;mearidy;72;f;b;pollocksville;oliver;340;28573;
A;G002107;2583;mychal;daijon;smith;33;m;b;raleigh;mckimmon view;1120;27606;ca
A;G002108;2584;vanessa;wagner;potter;47;f;w;kinston;crooms;114;28504;nc
A;G002108;2585;vanessa;wagner;bryant;47;f;w;winterville;blackwater;136;28590;nc
A;G002109;2586;pattie;batchelor;dudley;69;f;w;vanceboro;lewis;325;28586;nc
A;G002110;2587;khadijah;patrice;bryant;24;f;b;new bern;wahoo;106;28562;nc
A;G002110;2588;khadijah;patrice;bryant;24;f;b;elizabeth city;weeksville;1704;27909;nc
A;G002111;2589;john;lee;gardner;44;m;w;vanceboro;bailey;255;28586;nc
A;G002112;2590;jacquelyn;leah;griffin;32;f;w;dover;daugherty;465;28526;nc
A;G002113;2591;john;william;stallings;51;m;w;fayetteville;mcfayden;313;28314;va
A;G002114;2592;lauren;elizabeth;mclamb;34;f;w;lillington;ariel;67;27546;nc
A;G002114;2593;lauren;hooker;mclamb;34;f;w;charlotte;southfield;11016;28273;nc
A;G002115;2594;benjamin;scott;walther;37;m;w;fort bragg;grimes;108;28307;mn
A;G002116;2595;sonja;michelle;thomas;54;f;b;greenville;paladin;404;27834;nc
A;G002117;2596;lyn;n;bluford;33;f;b;fayetteville;mars;3105;28301;nj
A;G002118;2597;rashauna;lynique;bethea;32;f;b;fayetteville;skyline;1226;28314;nc
A;G002119;2598;alyson;courtney;beavers;32;f;w;cameron;fernandez;258;28326;nc
A;G002120;2599;theresa;ann;britt;55;f;w;fayetteville;graysville;3183;28306;
A;G002121;2600;erika;jacobs;joines;38;f;w;fayetteville;sandpiper;3504;28312;nc
A;G002121;2601;erika;jacobs;joines;38;f;w;sanford;waters edge;2741;27330;nc
A;G002122;2602;joseph;albert;espinosa;52;m;o;fayetteville;pacific;6615;28314;ca
A;G002122;2603;joseph;albert;espinosa;52;m;u;biscoe;sedberry;668;27209;nc
A;G002123;2604;mary;elizabeth;mcintosh;49;f;w;fayetteville;marsh;5566;28306;oc
A;G002123;2605;mary;elizabeth;mcintosh;49;f;w;fayetteville;marsh;5566;28306;oc
A;G002124;2606;sereatha;franklin;chatmon;50;f;b;fayetteville;lonestar;6104;28303;ny
A;G002125;2607;phillip;hughes;collins;54;m;w;fayetteville;eagle;122;28306;nc
A;G002126;2608;angela;joyce;sydnor;52;f;b;fayetteville;shaw road;2239;28311;sc
A;G002126;2609;angela;taylor;sydnor;52;f;b;fayetteville;shaw road;2239;28311;sc
A;G002127;2610;haywood;;edge;71;m;b;charlotte;kiev;5318;28216;nc
A;G002128;2611;denise;fleming;lowe;65;f;w;fayetteville;countryside;6569;28311;nc
A;G002128;2612;denise;fleming;lowe;65;f;w;fayetteville;countryside;6569;28311;nc
A;G002129;2613;roy;carlton;robinson;39;m;b;fayetteville;dorsey;667;28314;nc
A;G002130;2614;stanton;sherwin;mistak;36;m;w;fayetteville;john;111;28305;nc
A;G002131;2615;rubby;leah;williams;62;f;b;fayetteville;villa;145;28311;nc
A;G002132;2616;gary;joseph;groder;48;m;w;fayetteville;torbay;3516;28311;nc
A;G002133;2617;daniel;wayne;rogers;44;m;w;hope mills;cottage oaks;1112;28348;nc
A;G002134;2618;sherry;l;hewlett;57;f;w;fayetteville;harmon;6047;28314;pa
A;G002134;2619;sherry;louise;young;57;f;w;fayetteville;harmon;6047;28314;pa
A;G002136;2620;juan;;santiago;55;m;w;cary;millhous;1108;27513;il
A;G002137;2621;lucinda;gutierrez;elliott;47;f;o;cameron;lane;225;28326;ct
A;G002138;2622;rae;;welsh;74;f;w;fayetteville;ancestry;1001;28304;nc
A;G002139;2623;john;hayes;savage;45;m;w;fayetteville;roxie;604;28304;nc
A;G002140;2624;adrian;;madsen;46;m;w;fayetteville;bluewater;5312;28311;
A;G002140;2625;adrian;d;madsen;46;m;u;fayetteville;bitteroot;324;28314;
A;G002141;2626;william;c;basmagy;59;m;w;fayetteville;bloomsbury;5913;28306;ny
A;G002142;2627;melissa;ann;hill;46;f;b;linden;wild horse;235;28356;nc
A;G002143;2628;aja;cherie;gunning;38;f;b;raeford;kendall;153;28376;fl
A;G002144;2629;gwendolyn;bell;fisher;51;f;b;laurel hill;peeles chapel;8141;28351;nc
A;G002145;2630;sandra;;gomez;51;f;o;fayetteville;rim;915;28314;mi
A;G002145;2631;sandra;;jones;51;f;o;fayetteville;rim;915;28314;
A;G002146;2632;leonard;bernard;bowden;50;m;b;fayetteville;gardner park;2531;28304;nc
A;G002147;2633;xavier;joseph;williams;29;m;b;fayetteville;cedar creek;8262;28312;nc
A;G002147;2634;xavier;joseph;williams;29;m;b;fayetteville;cedar creek;8262;28312;nc
A;G002148;2635;laura;marie;mason;29;f;w;raleigh;capital;1807;27604;nc
A;G002148;2636;laura;marie;peterson;29;f;w;boone;charlotte ann;164;28607;nc
A;G002149;2637;meredith;frazier;weipert;39;f;w;asheboro;scott farm;425;27205;nc
A;G002149;2638;meredith;frazier;weipert;39;f;w;knightdale;southampton;803;27545;nc
A;G002150;2639;tina;turner;jones;57;f;b;fayetteville;mcarthur landing;2601;28311;
A;G002151;2640;kirk;michael;mcginley;40;m;w;fayetteville;birchcreft;2113;28304;ny
A;G002152;2641;bernadette;muna;breton;56;f;i;fayetteville;hidden oasis;900;28312;gu
A;G002153;2642;john;harvey;williams;88;m;w;fayetteville;southern;2514;28306;nc
A;G002153;2643;john;harvey;williams;88;m;w;fayetteville;southern;2514;28306;nc
A;G002154;2644;christopher;alodjuwan;bass;32;m;b;fayetteville;brussels;6316;28304;sc
A;G002155;2645;cosmos;james;williamson;58;m;u;raeford;windover;434;28376;
A;G002157;2646;marquita;shena;wells;38;f;b;fayetteville;cumberland creek;2520;28306;nc
A;G002158;2647;patricia;leighann;fisher;30;f;w;hope mills;permastone lake;5854;28348;nc
A;G002159;2648;jason;ernest;person;49;m;w;raeford;hoke;105;28376;oc
A;G002160;2649;ashley;;bratcher;30;f;b;raeford;iris;337;28376;nc
A;G002160;2650;ashley;;bratcher;30;f;b;raeford;iris;337;28376;nc
A;G002161;2651;marquis;antwan;lambert;43;m;b;fayetteville;dominion;4714;28306;va
A;G002161;2652;marquis;antwan;lambert;43;m;b;fayetteville;dominion;4714;28306;ma
A;G002162;2653;dalaunika;dionnique;means;32;f;b;spring lake;mclamb;810;28390;nc
A;G002163;2654;robin;jane;myers;61;f;w;bostic;mtn lookout;311;28018;
A;G002164;2655;elizabeth;diane;gibson;28;f;w;hope mills;hennardland;3209;28348;oc
A;G002165;2656;jalana;kayla;daniel;28;f;b;fayetteville;north;609;28301;
A;G002165;2657;jalana;kayla;daniel;28;f;b;fayetteville;baldoon;6510;28314;
A;G002166;2658;johnny;lee;dawkins;31;m;w;fayetteville;thorncliff;122;28303;nc
A;G002166;2659;johnny;lee;dawkins;31;m;w;fayetteville;thorncliff;122;28303;nc
A;G002167;2660;mercy;osaro;igunbor;31;f;b;fayetteville;walker;631;28311;oc
A;G002167;2661;mercy;o;igunbor;31;f;b;greenville;moseley;3200;27858;oc
A;G002168;2662;haley;danielle;mcpherson;27;f;w;stedman;oak grove church;6912;28391;nc
A;G002169;2663;william;james;carter;52;u;u;fayetteville;danbury;1077;28311;
A;G002170;2664;randall;averette;moore;31;m;w;fayetteville;bartons landing;684;28314;nc
A;G002170;2665;randall;;moore;31;m;w;bahama;lowell;8826;27503;nc
A;G002171;2666;robert;eugene;crowe;67;m;w;fuquay varina;tundra;6004;27526;wi
A;G002172;2667;jessica;nicole;freeman;31;f;b;fayetteville;galleria;3392;28303;sc
A;G002172;2668;jessica;nicole;freeman;31;f;b;monroe;hayne;1280;28112;sc
A;G002173;2669;dana;anissa diane;rogers;25;u;u;fayetteville;atwell;414;28314;
A;G002175;2670;marcus;lamar;hubbard;48;m;b;wilmington;carolina beach;2657;28412;ga
A;G002175;2671;marcus;;broadnax;48;m;b;wilmington;bridgeport;4424;28405;ga
A;G002176;2672;alexandria;powers;ross;28;f;w;seven lakes;pleasant view;133;27376;sc
A;G002177;2673;tina;montrice;smith;30;f;b;fayetteville;bristol;6229;28314;nc
A;G002178;2674;andrew;richard;distell;22;m;w;durham;duke university west campus;1;27708;fl
A;G002179;2675;monica;;showell thomas;54;f;b;fayetteville;old farm;242;28314;va
A;G002179;2676;monica;;showell thomas;54;f;b;fayetteville;daytona;4001;28311;va
A;G002180;2677;nicholas;diandra;williams;46;m;b;hope mills;pringle;5225;28348;ga
A;G002182;2678;trisha;;slehria;22;u;u;fayetteville;birnam;322;28305;
A;G002183;2679;david;o;joyner;31;u;w;fayetteville;delaware;2940;28304;
A;G002183;2680;david;oliver;joyner;31;m;w;raleigh;olde station;8601;27615;nc
A;G002184;2681;charles;lesley;thomas wesley;40;m;b;fayetteville;barefoot;175;28306;tn
A;G002185;2682;david;keith;wagner;50;m;w;willard;raccoon;1875;28478;pa
A;G002186;2683;george;ormond;howard;51;m;w;chapel hill;merritt mill;115;27516;nc
A;G002187;2684;genea;devon;rahodes;49;f;b;fayetteville;surrey;7023;28306;
A;G002187;2685;genea;devon;rhodes;49;f;b;fayetteville;surrey;7023;28306;nc
A;G002188;2686;nicolas;michael;lazatin;20;m;u;fayetteville;bent grass;4447;28312;
A;G002189;2687;shannon;michelle;mudge;33;f;w;fayetteville;new moon;5021;28306;ar
A;G002190;2688;kimberly;dawn;williams;45;f;w;charlotte;heathstead;3336;28210;nc
A;G002191;2689;charles;mac;eason;53;m;w;fayetteville;hicks;810;28304;nc
A;G002192;2690;kamari;nicole;haulcy;23;f;b;raeford;dunrobin;641;28376;nc
A;G002192;2691;kamari;nicole;haskins;23;f;b;raleigh;viewmont;4312;27610;nc
A;G002192;2692;kamari;nicole;haskins;23;f;b;raleigh;viewmont;4312;27610;nc
A;G002193;2693;margaret;lynnette;howard;41;f;b;fayetteville;parkwood;4526;28303;nc
A;G002194;2694;keith;adrian;davis;25;m;b;kinston;michelle;2110;28504;nj
A;G002195;2695;andrea;ruth;tam;70;f;w;statesville;heronwood;286;28677;nc
A;G002196;2696;stacie;marie;green;37;f;i;fayetteville;captains;504;28311;nc
A;G002197;2697;jalen;rocille;mclain;24;u;u;fayetteville;chason ridge;5620;28314;
A;G002197;2698;jalen;rocille;mclain;24;m;b;durham;fayetteville;1801;27707;nc
A;G002198;2699;patrick;joseph;martin;22;m;w;cameron;atlantic coast;19;28326;pa
A;G002199;2700;cleva;mae;blue;81;f;b;fayetteville;partners;246;28314;nc
A;G002200;2701;kenneth;dale;kelly;55;m;w;fayetteville;stockport;7117;28303;ms
A;G002201;2702;benjamin;fraklin;parran;57;m;b;fayetteville;georgetown;528;28314;oc
A;G002202;2703;beatrice;davis;sidbury;55;f;b;fayetteville;bent pine;4732;28304;ny
A;G002203;2704;shalon;moody;walsh;41;f;w;fayetteville;kimberly;2402;28306;wa
A;G002203;2705;shalon;moody;walsh;41;f;w;fayetteville;ashleman;1533;28314;wa
A;G002204;2706;benjamin;joseph;martin;66;m;w;parkton;parkton tobemory;2194;28371;nc
A;G002204;2707;benjamin;joseph;martin;66;m;w;wilson;raven ridge;4117;27896;nc
A;G002205;2708;callie;gatson;davis;79;u;b;eastover;baywood;2775;28312;
A;G002206;2709;donald;james;granner;67;m;w;fayetteville;geiberger;1814;28303;oh
A;G002207;2710;racine;andrea;brown;33;f;b;fayetteville;apsley;6899;28304;ny
A;G002207;2711;racine;a;brown;33;f;b;greenville;jackie field;2316;27834;ny
A;G002208;2712;audrey;priscilla;rodriquez;62;u;b;fayetteville;daybrook;5929;28314;nc
A;G002208;2713;audrey;bennett;rodriguez;62;f;b;fayetteville;daybrook;5929;28314;
A;G002209;2714;david;matthew;jerkins;28;m;b;fayetteville;appalachin;508;28311;
A;G002209;2715;david;;jerkins;28;m;b;durham;fayetteville;1801;27707;ny
A;G002211;2716;patricia;pelzer;wortham;56;f;b;lumberton;moss neck;306;28360;wa
A;G002212;2717;burrell;van;hubbs;61;m;b;parkton;parkton;6976;28371;
A;G002212;2718;burrell;van;hubbs;61;m;b;parkton;leeper;1399;28371;ny
A;G002213;2719;deseray;;fridia;30;f;b;fayetteville;grove view;234;28301;
A;G002213;2720;deseray;;jarideau;30;f;b;fayetteville;brookstone;6532;28314;nc
A;G002214;2721;steven;ramey;sharp;44;m;w;fayetteville;kisco;7517;28303;co
A;G002215;2722;deborah;ann;baysore;54;f;w;fayetteville;park;216;28305;mi
A;G002216;2723;shaneka;n;allen;38;f;b;fayetteville;king george;1937;28303;il
A;G002217;2724;aaron;;venson;92;m;b;hope mills;seth;651;28348;sc
A;G002217;2725;aaron;;venson;92;m;b;thomasville;fisher ferry;702;27360;sc
A;G002218;2726;harold;julian;mcdowell;57;m;b;fayetteville;mcarthur;735;28311;nc
A;G002218;2727;harold;julian;mcdowell;57;m;b;fayetteville;domain;967;28311;nc
A;G002219;2728;rebecca;sabel;wilkins;49;f;w;fort bragg;commando;24;28307;
A;G002219;2729;rebecca;ann sabel;wilkins;49;f;w;carolina beach;magnolia;811;28428;nc
A;G002220;2730;paul;andrew;schulken;27;m;w;fayetteville;countryside;6549;28311;nc
A;G002221;2731;sarah;lindsey;thornton;27;f;w;fayetteville;clinchfield;2127;28304;nc
A;G002222;2732;wayne;randolph;monroe;53;m;b;fayetteville;halfacre;4314;28312;nj
A;G002223;2733;randall;lynn;lohrenz;61;m;w;fayetteville;westcliff;1988;28304;il
A;G002223;2734;randall;lynn;lohrenz;61;m;w;monroe;wessex;1400;28110;il
A;G002224;2735;lester;leroy;marois;66;m;w;raleigh;waterford club;4811;27612;oh
A;G002225;2736;amanda;may;lasarge;31;f;w;fayetteville;carver oaks;6340;28311;pa
A;G002226;2737;rahma;amour;issa;45;f;b;linden;sweetflag;8624;28356;oc
A;G002227;2738;karen;louise;palmer;57;f;w;fayetteville;mcfadyen;206;28314;ma
A;G002227;2739;karen;;palmer;57;f;w;parkton;venus;163;28371;
A;G002228;2740;lena;patrice;kelly;24;f;b;fayetteville;homestead;407;28303;nc
A;G002228;2741;lena;patrice;kelly;24;f;b;fayetteville;bill;1326;28306;nc
A;G002229;2742;juliet;lopez;mayoras;52;f;w;fayetteville;mirror lake;2425;28303;ca
A;G002230;2743;john;mark;smith;25;m;b;fayetteville;pleasant oak;1067;28314;ny
A;G002231;2744;meagan;williams;gorham;41;f;b;fayetteville;eaton;515;28301;ga
A;G002231;2745;meagan;ateesha;williams;41;f;b;durham;chalk level;901;27704;ga
A;G002232;2746;juan;m;guzman;31;m;u;charlotte;kelden walker;5717;28269;
A;G002233;2747;ivey;;cherry;46;m;b;fayetteville;mcarthur landing;2630;28311;nj
A;G002233;2748;ivey;;cherry;46;m;u;elizabethtown;wilton;141;28337;
A;G002234;2749;carmen;yuki;graybeal;51;f;m;hope mills;pristine;1707;28348;az
A;G002235;2750;david;andrew;guthrie;23;m;w;hope mills;heidelberg;3942;28348;nc
A;G002236;2751;judy;ellen;drummond;66;f;w;spring lake;shell;1111;28390;ny
A;G002237;2752;cathy;sue;bundy;63;f;w;hope mills;hackberry;6226;28348;il
A;G002238;2753;leticia;lavette;broadie;42;f;b;fayetteville;chason ridge;5840;28314;nc
A;G002238;2754;leticia;lavette;lide;42;f;b;fayetteville;friar;4745;28304;nc
A;G002238;2755;leticia;lavette;wilson;42;f;b;sanford;cannon;530;27330;nc
A;G002239;2756;peter;james;moore;27;m;w;garner;abberly crest;224;27529;ga
A;G002240;2757;donnie;earl;mclaurin;46;m;w;hope mills;brower;5305;28348;nc
A;G002241;2758;franziska;magdalena;fabian;62;f;u;fayetteville;starbrook;6403;28304;
A;G002242;2759;syreeta;dawn;malloy;34;f;b;hope mills;sir michael;2148;28348;nc
A;G002242;2760;syreeta;dawn;lyons;34;f;b;raleigh;royal acres;5028;27610;nc
A;G002243;2761;corby;;weaver;62;m;o;lumber bridge;mciver;1703;28357;
A;G002244;2762;jessica;lynn;alexander;32;f;w;fort bragg;bassett;37;28307;mi
A;G002245;2763;chris;howard;blanchard;49;m;w;west end;mclendon hills;436;27376;nc
A;G002246;2764;anthony;lester;hammond;36;m;b;jacksonville;country club;2701;28546;mi
A;G002247;2765;kashemi;lonette;henry;35;f;b;fayetteville;galleria;3392;28303;nc
A;G002248;2766;delores;angella michelle;revell;43;f;w;fayetteville;cherokee;1917;28303;al
A;G002249;2767;norman;jamal;whitaker;32;m;b;fayetteville;murchison;1200;28301;nc
A;G002250;2768;jalene;marie;griffith;39;f;w;fayetteville;sawtooth;320;28314;ca
A;G002251;2769;sabrina;zabline;bennett;45;f;b;fayetteville;galveston;4937;28303;nc
A;G002252;2770;alvin;douglas;chestnut;52;m;b;fayetteville;timberwood;6929;28314;il
A;G002253;2771;kimberly;anne;townsend;47;f;b;fayetteville;southwick;424;28303;ny
A;G002253;2772;kimberly;anne;townsend;47;f;m;raeford;fairfield;672;28376;ny
A;G002254;2773;jason;evander;strickland;41;m;w;fayetteville;birchcreft;2063;28304;nc
A;G002254;2774;jason;evander;strickland;41;m;w;bailey;surrey top;8913;27807;nc
A;G002255;2775;daniel;ullom;hayner;47;m;w;fayetteville;h clark;3034;28306;nc
A;G002255;2776;daniel;dewayne;ullom;47;m;w;hope mills;franklin;5770;28348;nc
A;G002256;2777;joyce;snead;bittner;67;f;w;fayetteville;quailridge;2205;28304;sc
A;G002257;2778;michael;ray;liles;65;m;b;fayetteville;aftonshire;5814;28304;nc
A;G002258;2779;christina;marie;scott;40;f;w;fayetteville;morganton;2207;28303;oh
A;G002259;2780;antuwon;hezekiah;butler;28;m;b;raleigh;calvary;3147;27604;nc
A;G002260;2781;darnell;thomas;brown;29;m;b;hampstead;union bethel;856;28443;nc
A;G002261;2782;erica;lynn;hicks;55;f;b;fayetteville;bolla;2920;28306;
A;G002262;2783;david;ryan;glenn;33;m;w;fayetteville;calvin;814;28303;nc
A;G002263;2784;judy;r;greene;47;f;b;fayetteville;priego;7104;28314;pa
A;G002263;2785;judy;romaine;greene;47;f;b;raeford;live oak;127;28376;pa
A;G002264;2786;hilary;vanessa;florence;31;f;b;fayetteville;firethorn;7594;28311;nc
A;G002265;2787;donald;demetrius;rogers;30;m;b;greenville;concord;105;27834;nc
A;G002265;2788;donald;demetrius;rogers;30;m;b;raleigh;birchmoor;7620;27616;
A;G002266;2789;rochelleo;jermaine;williams;35;m;b;kinston;hodges;2805;28504;nc
A;G002266;2790;rochelleo;jermaine;williams;35;m;b;kinston;hodges;2805;28504;
A;G002267;2791;tammy;baxter;stewart;51;f;w;raeford;windsor;128;28376;ky
A;G002268;2792;chigozirim;;okey nwamara;27;f;b;fayetteville;ferncreek;4337;28314;oc
A;G002268;2793;chigozirim;;okey nwamara;27;f;b;fayetteville;ferncreek;4337;28314;
A;G002269;2794;janel;anthony;johnson;42;m;m;hope mills;akron;3021;28348;oc
A;G002269;2795;janel;anthony;johnson;42;m;m;aberdeen;main;801;28315;oc
A;G002270;2796;hannelore;louise shalaye;ringer;32;f;o;raleigh;brandon;209;27609;va
A;G002272;2797;tiani;chanel;gay;25;f;b;fayetteville;murchison;1200;28301;oh
A;G002273;2798;christina;dawn;iding;40;f;w;hope mills;rockfish;5888;28348;fl
A;G002274;2799;dante;devon;carpenter;25;m;b;raeford;o hara;2477;28376;nc
A;G002275;2800;jarred;allen;miles;23;m;w;boone;bodenheimer;536;28607;
A;G002276;2801;thomas;warren;baker;68;m;w;fayetteville;dunn;2224;28312;nc
A;G002276;2802;thomas;warren;baker;68;m;w;white lake;pine cove;89;28337;nc
A;G002277;2803;roberta;m;rivers;76;f;b;fayetteville;hickory hill;3004;28301;nc
A;G002278;2804;lisa;burden;lesane;51;f;b;fayetteville;diamond;1517;28311;nc
A;G002278;2805;lisa;burden;lesane;51;f;b;elizabethtown;newton;113;28337;nc
A;G002278;2806;lisa;burden;lesane;51;f;b;elizabethtown;twisted hickory;2981;28337;nc
A;G002279;2807;jenny;leigh;barnett;21;f;w;hendersonville;morningside;103;28792;ga
A;G002280;2808;gabrielle;;james;23;f;b;pembroke;prospect;490;28372;dc
A;G002281;2809;reginald;;mcdonald;47;m;b;durham;willow creek;14;27705;nc
A;G002281;2810;reginald;;mcdonald;47;m;b;raleigh;davie;901;27601;nc
A;G002282;2811;charles;ray;brown;32;m;w;stedman;willow oaks;6411;28391;in
A;G002282;2812;charles;ray;brown;32;m;w;fayetteville;dudley;5893;28312;in
A;G002283;2813;anita;renfro;freeman;43;f;w;fayetteville;lothbury;2078;28304;tx
A;G002283;2814;anita;yvette;renfro;43;f;w;huntersville;statesville;14920;28078;tx
A;G002285;2815;akilah;armandi;lobban;28;f;b;fayetteville;heatheridge;202;28311;ny
A;G002285;2816;akilah;armandi;lobban;28;f;b;fayetteville;heatheridge;202;28311;ny
A;G002286;2817;jamal;shaquan;long;28;m;b;hope mills;afton;401;28348;nj
A;G002287;2818;brett;michael;gibbens;33;m;w;raleigh;trillium;1251;27606;il
A;G002288;2819;david;charles;selden;47;m;w;hampstead;belvedere;424;28443;nc
A;G002289;2820;joesph;john;kucan;43;m;w;durham;newhall;6016;27713;
A;G002290;2821;april;mcgirt;henderson;39;f;b;st pauls;danbury;168;28384;nc
A;G002291;2822;ronald;taylor;robinson;58;m;w;fayetteville;wickersham;7003;28314;ga
A;G002291;2823;ronald;taylor;robinson;58;u;u;durham;windover;7000;27712;
A;G002292;2824;eliane;;turnipseed;55;f;b;fayetteville;alden;3009;28304;nc
A;G002292;2825;elaine;g;turnipseed;55;f;b;fayetteville;louise;947;28314;
A;G002293;2826;gregory;lamar;mayfield;51;m;b;raeford;jefferson;123;28376;pa
A;G002294;2827;darnell;devon;oatman;48;m;b;fayetteville;ivyridge;5482;28314;dc
A;G002296;2828;michelle;loyd;thompson;51;f;w;apex;goliath;1111;27502;nc
A;G002297;2829;george;austin;beck;70;m;w;fayetteville;windy creek;6517;28306;sc
A;G002298;2830;antony;santillan;ortiz;47;m;o;raeford;louisiana;312;28376;tx
A;G002299;2831;sam;chandler;weaver;32;m;a;fayetteville;flat rock;5240;28311;dc
A;G002300;2832;cassandra;marguerite;byrd;30;f;b;fayetteville;mindenhall;1004;28311;nc
A;G002300;2833;cassandra;marguerite;byrd;30;f;b;fayetteville;eureka;1625;28311;nc
A;G002301;2834;anthony;vincent;decandia;46;m;w;fayetteville;holly;433;28305;sc
A;G002301;2835;anthony;vincent;decandia;46;m;w;wake forest;ferry;417;27587;sc
A;G002302;2836;unique;michelle;marsh;21;f;b;fayetteville;crown ridge;6012;28314;ny
A;G002303;2837;derrick;vaughn;mcneill;48;m;b;fayetteville;downing;2155;28312;nc
A;G002304;2838;jerahmie;;arrington;31;m;m;raleigh;ncsu metcalf;0;27607;dc
A;G002305;2839;adrienne;graye;ezzell;31;f;w;fayetteville;ramsey;5400;28311;nc
A;G002306;2840;susan;e;stenger;60;f;w;spring lake;ravenhurst;638;28390;il
A;G002307;2841;gregory;john gerald;boston;49;m;b;greenville;stone creek;1117;27858;sc
A;G002308;2842;dennis;lee;jackson;86;m;w;parkton;old plank;5946;28371;nc
A;G002309;2843;daniel;asher;hutchins;43;m;w;fayetteville;blue teal;5994;28304;ca
A;G002310;2844;claudia;patricia;beck;42;f;w;fayetteville;lansdowne;422;28314;nc
A;G002311;2845;shawn;d;waggoner;31;m;w;fairmont;pinewood;1499;28340;nc
A;G002313;2846;holly;lynn;fulcher;34;f;w;fayetteville;manteo;1923;28303;nc
A;G002313;2847;holly;lynn;fulcher;34;f;w;wilmington;hunt club;5026;28403;nc
A;G002314;2848;josh;michael;swarts;44;m;w;stedman;abloom;604;28391;sd
A;G002315;2849;robert;mccrary;strickland;29;m;w;stedman;minnie vada;1458;28391;nc
A;G002315;2850;robert;mccrary;strickland;29;m;w;pembroke;university;1;28372;
A;G002316;2851;brian;keith;weigle;51;m;w;sanford;cypress creek farm;442;27332;wv
A;G002317;2852;shuquana;rochelle;jones;30;f;b;fayetteville;melody;6307;28304;nc
A;G002318;2853;leah;melissa;osae;23;f;u;fayetteville;independence place;6315;28303;
A;G002318;2854;leah;melissa;osae;23;f;b;carrboro;barnes;200;27510;nc
A;G002319;2855;timothy;elijah;edwards;34;m;b;fayetteville;alson;3721;28314;nc
A;G002320;2856;cindy;kay;hickox;41;f;w;fort bragg;cargomaster;59;28307;nc
A;G002320;2857;cindy;kay;hickox;41;f;w;randleman;caudle;613;27317;nc
A;G002321;2858;mark;andrew;tate;54;m;w;fayetteville;tartan;326;28311;va
A;G002321;2859;mark;andrew;tate;54;m;w;fayetteville;wedgeview;2932;28306;va
A;G002322;2860;edward;hicklin;dawson;32;m;w;fayetteville;dobbin;119;28305;nc
A;G002323;2861;willis;allen;edge;30;m;w;fayetteville;bucknell;1001;28311;nc
A;G002323;2862;willis;allen;edge;30;m;w;fayetteville;scotty hill;3017;28303;nc
A;G002324;2863;monica danielle;belin;pridgen;37;f;b;durham;elmsford;117;27703;nc
A;G002326;2864;robert;lee;carr;52;m;b;fayetteville;cumberland;3030;28306;nc
A;G002327;2865;dustin;keith;williams;33;u;u;fayetteville;fort bragg;1511;28305;nc
A;G002327;2866;dustin;keith;williams;33;m;u;raeford;o glesby;2602;28376;
A;G002328;2867;roshawn;;ritter jenkins;42;f;b;raeford;clearbrook;160;28376;nc
A;G002329;2868;roxanne;marie;lyons;33;f;w;fayetteville;odom;1021;28304;nc
A;G002329;2869;roxanne;marie;lyons;33;f;w;hope mills;round grove;3151;28348;nc
A;G002329;2870;roxanne;marie;lyons;33;f;w;greenville;flows;2805;27834;nc
A;G002330;2871;ashley;nichole;price;31;f;b;hope mills;hunting path;3939;28348;oc
A;G002331;2872;james;matthew;williams;51;m;b;jackson springs;flowers;1888;27281;nc
A;G002332;2873;antonio;devon;overton;37;m;b;elizabeth city;herrington;703;27909;nc
A;G002333;2874;philip;christopher;hall;47;m;w;dunn;newton grove;7541;28334;wv
A;G002333;2875;philip;christopher;hall;47;m;w;goldsboro;nc 111;3445;27534;wv
A;G002334;2876;mark;joseph;wisniewski;56;m;w;spring lake;verlie;1407;28390;
A;G002335;2877;charles;jermaine;collins;43;m;b;fayetteville;essex;1242;28301;ny
A;G002336;2878;gary;michael;smith;66;m;w;wilmington;colwell;2002;28403;nc
A;G002336;2879;gary;michael;smith;66;m;w;autryville;beagle;289;28318;nc
A;G002337;2880;joyce;cross;alford;73;f;b;fayetteville;graham;2520;28304;ms
A;G002338;2881;whitney;;dickinson;28;f;b;fayetteville;ramsey;5400;28311;
A;G002339;2882;loren;elee;davis;52;m;b;fayetteville;louise;913;28314;nc
A;G002340;2883;evelyn;;mcarn;50;f;b;pinebluff;cherry;245;28373;nj
A;G002341;2884;thomas;lee;thigpen;38;m;w;lagrange;new hope;1243;28551;nc
A;G002342;2885;jovita;a;simons;62;f;b;fuquay varina;west;223;27526;ny
A;G002342;2886;jovita;arleen;simons;62;f;b;fuquay varina;west;223;27526;ny
A;G002343;2887;jocelyn;michelle;hunt;25;f;w;boone;schaffer;643;28607;az
A;G002344;2888;alina;kelly;rippy;40;f;b;eastover;high;3343;28312;nc
A;G002345;2889;hanha;lee;hobson;24;f;o;fayetteville;kennybunk;7813;28304;nc
A;G002346;2890;nathan;joseph;tyron;24;u;u;wilmington;racine;418;28403;
A;G002347;2891;mathew;loyal;fitch;49;m;w;fayetteville;meadowmont;2816;28306;ca
A;G002347;2892;mathew;loyal;fitch;49;m;w;charlotte;tunston;6429;28269;ca
A;G002348;2893;sarah;elizabeth;jackson;45;u;u;wilmington;williamsburg;1212;28411;va
A;G002348;2894;sarah;elizabeth;jackson;45;f;w;king;maple ridge;117;27021;
A;G002349;2895;jamario;devante;covington;23;m;b;fayetteville;caviness;1928;28314;wa
A;G002349;2896;jamario;de vante;covington;23;m;b;fayetteville;caviness;1928;28314;wa
A;G002350;2897;altavier;jovante;young;22;m;b;greenville;10th;1108;27858;md
A;G002351;2898;christina;lynn;thurber;29;f;w;fayetteville;latrobe;2660;28304;oc
A;G002352;2899;samuel;d;hutchison;21;m;w;cullowhee;joyner;275;28723;nc
A;G002353;2900;michael;daniel;miller;24;m;w;raleigh;lake woodard;4205;27604;nc
A;G002354;2901;anthony;ray;hunt;38;m;i;shannon;old lowery;4954;28386;
A;G002354;2902;anthony;;hunt;38;m;i;shannon;old lowery;4954;28386;ca
A;G002355;2903;eric;devone;sanders;32;m;b;fayetteville;trevino;1529;28303;nc
A;G002356;2904;alysia;marie;palumbo;30;f;w;raeford;dunrobin;414;28376;ny
A;G002357;2905;tony;;womack;18;u;u;hope mills;sagamore;5716;28348;
A;G002357;2906;tony;d angelo;womack;18;m;b;hope mills;sagamore;5716;28348;fl
A;G002358;2907;waynnettah;lynn;chavis;51;f;i;lumberton;independence;4616;28358;nc
A;G002358;2908;waynnettah;jacobs;chavis;51;f;i;red springs;mcqueen;3463;28377;nc
A;G002359;2909;marvin;;taylor;54;m;b;raleigh;snow;220;27603;nc
A;G002360;2910;angela;annette;davis;53;f;b;fayetteville;abrams;1017;28311;nc
A;G002361;2911;nicolee;knowes;keith;46;f;w;fayetteville;final approach;3745;28312;nc
A;G002361;2912;nicolee;knowles;keith;46;f;w;wilmington;greenville;256;28403;nc
A;G002362;2913;william;hyde;carr;46;m;w;fayetteville;drury;3114;28303;nc
A;G002362;2914;william;hyde;carr;46;m;w;garner;parkhaven;109;27529;nc
A;G002363;2915;lakisha;monique;hearon;34;f;b;raleigh;white sock;3400;27610;nj
A;G002364;2916;ernestine;;barnes;68;f;w;parkton;blue;1430;28371;in
A;G002365;2917;shaqueena;renee;porter;31;f;b;fayetteville;bunce;527;28314;nc
A;G002366;2918;monica;maria;taveras;40;f;o;fayetteville;rim;808;28314;oc
A;G002367;2919;joseph;sidney;johnson;32;u;u;hope mills;achilles;4215;28348;
A;G002368;2920;kimberly;punani;duarte;36;f;w;fayetteville;woodclift;420;28311;hi
A;G002369;2921;joni;elizabeth;wiles;48;f;w;fayetteville;cool spring;120;28301;va
A;G002370;2922;jeffery;leon;scott;36;m;b;raeford;feathers;247;28376;pa
A;G002371;2923;james;michael;strickland;52;m;b;robersonville;ross;1011;27871;ny
A;G002372;2924;joseph;harley;rone;65;m;w;spring lake;lake;115;28390;nc
A;G002373;2925;anthony;david;mendez;32;m;w;fayetteville;raeford;7656;28304;oc
A;G002374;2926;clinetta;antoinette;silver;28;f;b;fayetteville;crescent commons;921;28314;nc
A;G002375;2927;charlotte;lynn;wood;26;f;w;fayetteville;kingsgate;6895;28314;nc
A;G002376;2928;karolyn;sue;martin;33;f;w;hope mills;timber grove;4429;28348;ks
A;G002377;2929;kimberly;renee;jackson;50;f;b;knightdale;carrington;401;27545;ny
A;G002378;2930;cedric;;mclain;46;m;b;fayetteville;english saddle;8429;28314;ny
A;G002380;2931;david;andrew;ham;48;m;w;fayetteville;courtyard;262;28303;nc
A;G002380;2932;david;andrew;ham;48;m;w;wilmington;grace;518;28401;nc
A;G002382;2933;becky;lynn;lesane;48;f;i;fayetteville;bridgeton;1514;28312;nc
A;G002383;2934;gwendolyn;elizabeth;campbell;45;f;b;lillington;strawberry;67;27546;
A;G002385;2935;zusmekia;terante;harrington;41;m;b;fayetteville;edgehill;732;28314;nc
A;G002385;2936;zusmekia;terant;harrington;41;m;b;raeford;stubbs;312;28376;nc
A;G002386;2937;kayla;lee;mcintosh;28;u;w;fayetteville;ponderosa;5124;28304;
A;G002387;2938;michelle;angelique;sampson;46;f;b;fayetteville;rockford;6341;28304;nc
A;G002387;2939;michelle;angelique;sampson;46;f;b;raleigh;walden pond;4712;27604;nc
A;G002388;2940;jamaal;ishmiel;griffin;29;u;u;fayetteville;chason ridge;5908;28314;oc
A;G002389;2941;alexander;william;cline;60;m;w;fayetteville;stoney point;6236;28306;nj
A;G002390;2942;cyrus;;suiter;56;m;b;fayetteville;perch;244;28306;nc
A;G002391;2943;toviea;;grier;33;f;b;fayetteville;murchison;1200;28301;nc
A;G002392;2944;tiara;tari;hill;35;f;b;fayetteville;chambersburg;4524;28314;nc
A;G002393;2945;clark;c;burns;36;m;b;raeford;wedgefield;316;28376;la
A;G002394;2946;shaphaun;t;black;37;f;b;charlotte;woodlawn;1351;28209;wa
A;G002394;2947;shaphaun;tammara;black;37;f;b;charlotte;fawn view;6638;28216;dc
A;G002395;2948;toni;marie;mincy;39;u;b;fayetteville;brocton;139;28303;hi
A;G002396;2949;janet;marie;williamson;40;f;w;fayetteville;rowan;813;28301;nc
A;G002396;2950;janet;marie;gregory;40;u;w;fayetteville;cumberland creek;2540;28306;
A;G002397;2951;james;t;barbiaux;66;m;w;dunn;green path;3567;28334;pa
A;G002399;2952;luz;vidalina;santiago lugo;55;f;o;hope mills;harding;5417;28348;oc
A;G002400;2953;christopher;s;robinson;37;u;b;raleigh;beacon village;1632;27604;
A;G002401;2954;douglas;mark;horne;46;m;w;hope mills;rockfish;6210;28348;nc
A;G002402;2955;allison;deborah;hildenbrandt;29;f;w;raleigh;knightsbridge;5032;27604;ca
A;G002403;2956;johnathan;blair;ledford;31;u;u;fayetteville;pepperwood;947;28311;
A;G002403;2957;johnathan;blair;ledford;31;m;w;boone;glendamere;118;28607;nc
A;G002404;2958;andera;michele;grove;56;f;b;fayetteville;marykirk;6316;28304;ga
A;G002405;2959;orlando;perez;mcneill;37;m;b;fayetteville;rancho;938;28303;nc
A;G002406;2960;carlton;claudius;jones;62;m;b;fayetteville;mckinnon;4115;28312;wa
A;G002407;2961;monica;st;caines;72;f;b;raleigh;woodbend;7004;27615;nj
A;G002408;2962;rockwell;edward;gerlach;35;m;w;jacksonville;bishop;262;28540;tx
A;G002409;2963;allison;paige;phillips;35;f;w;hillsborough;livia;1521;27278;nc
A;G002410;2964;dustin;clyde;riddle;32;m;w;hampstead;roberts;123;28443;nc
A;G002411;2965;tahirah;mcneil;ravenell;41;u;b;hope mills;meteor;3841;28348;
A;G002412;2966;breona;marchae;jenkins;29;u;u;fayetteville;murchison;1200;28301;nc
A;G002412;2967;breona;marchae;jenkins;29;f;b;spring lake;tryon;55;28390;nc
A;G002413;2968;germaine;john ross;mccalla;33;m;b;cameron;hayden;270;28326;oc
A;G002414;2969;kaytiana;taylor;crane;26;f;o;fayetteville;foxberry;6712;28314;nc
A;G002415;2970;tyara;myeshia;kirkman;26;f;b;fayetteville;iveystone;2905;28301;nc
A;G002416;2971;andrew;thomas;grant;36;m;w;spring lake;lancaster;44;28390;
A;G002417;2972;marci;rachelle;keys;40;f;w;parkton;seabiscuit;1423;28371;mo
A;G002418;2973;angela;cecile;howard;52;f;b;spring lake;overhills;6451;28390;
A;G002419;2974;cory;leon;cooper;48;m;b;durham;pickwick;500;27704;mi
A;G002420;2975;niel;a;johnson;24;u;u;greenville;5th;1301;27858;
A;G002421;2976;kenneth;aaron;tyler;52;m;b;fayetteville;galveston;4937;28303;nc
A;G002422;2977;sharon;loes;ruiz;33;f;w;fayetteville;wading creek;153;28306;nc
A;G002423;2978;kimayatah;latrice;gibbs;35;f;b;fayetteville;pelican;305;28306;nc
A;G002423;2979;kimayatah;latrice;gibbs;35;u;u;fayetteville;redwood;5100;28304;nc
A;G002424;2980;tonya;lynn;greene;24;f;w;clayton;waterford;105;27520;nc
A;G002425;2981;jeffery;keith;thomas;47;m;w;linden;durant nixon;9168;28356;va
A;G002426;2982;maya;janese;atkins;24;f;b;fayetteville;deep creek;805;28312;nc
A;G002427;2983;memphis;raquel;barnett;46;f;b;hope mills;yates ranch;2107;28348;wa
A;G002428;2984;adam;lee;heim;39;m;w;broadway;omaha;613;27505;ks
A;G002428;2985;adam;lee;gray heim;39;m;u;raeford;camden;950;28376;
A;G002429;2986;brianna;marie;black;23;u;u;spring lake;mclamb;804;28390;
A;G002429;2987;brianna;marie;black;23;f;b;four oaks;us 301;8535;27524;nj
A;G002430;2988;tylija;zanae;floyd;18;u;u;fayetteville;murchison;1200;28301;
A;G002431;2989;robert;michael;cain;46;m;w;parkton;yarborough;1716;28371;nc
A;G002432;2990;naomi;alohalni;roberts;40;f;o;fayetteville;treeside;552;28312;hi
A;G002432;2991;tashika;rashawnda;basemore;41;f;b;whitakers;cutchin;304;27891;nc
A;G002433;2992;bradley;michael;blumenschein;40;m;w;carolina beach;harper;519;28428;pa
A;G002434;2993;eric;brandon;bradford;36;m;b;clayton;yarmouth;10;27520;in
A;G002435;2994;heather;monique;smith;32;f;b;magnolia;blind bridge;611;28453;nc
A;G002435;2995;heather;monique;hill;32;f;b;burgaw;progress;205;28425;nc
A;G002436;2996;kurt;dietrich;hohan;40;m;w;hope mills;litland;3409;28348;ca
A;G002436;2997;kurt;dietrich;hohan;40;m;w;raeford;saint johns;194;28376;ca
A;G002438;2998;bethany;anne;blewitt;33;f;w;fayetteville;middle;2131;28312;oh
A;G002439;2999;jaclyn;nicole;drew;34;f;b;charlotte;central;3135;28205;fl
A;G002440;3000;christopher;;bridgeman;40;m;b;raeford;lake ridge;388;28376;
A;G002441;3001;willa;anderson;atkins;67;f;b;fayetteville;dobson;5814;28311;nc
A;G002442;3002;tirique;lionell;foster;28;m;b;fayetteville;fleishman;127;28303;
A;G002443;3003;damien;jevon;haywood;29;m;b;fayetteville;coley;1310;28301;
A;G002444;3004;larry;;robinson;63;m;b;rowland;bond;602;28383;nc
A;G002445;3005;david;earl;mcquage;59;m;w;charlotte;tryon;900;28206;
A;G002445;3006;david;earl;mcquage;59;m;w;laurinburg;taylor;10641;28352;nc
A;G002446;3007;katelyn;alexandra;pomer;25;f;w;fayetteville;benson;3316;28306;nc
A;G002447;3008;chet;heath;steen;45;m;w;wilmington;winter moss;2118;28411;fl
A;G002448;3009;phylisicia;nicole;carter;30;f;b;chapel hill;paul hardin;550;27514;nc
A;G002450;3010;dewayne;gray;perdue;25;m;w;fayetteville;murchison;1200;28301;nc
A;G002451;3011;jeannine;gaudion;racey;63;u;u;cornelius;market;22247;28031;
A;G002451;3012;jeannine;ann;racey;63;f;w;salisbury;horah;300;28144;tx
A;G002452;3013;heather;alicia;morgan;31;f;w;fayetteville;hackney;2298;28304;nc
A;G002452;3014;heather;alicia;morgan;31;f;w;raeford;patolly;106;28376;nc
A;G002453;3015;linda;margaret;giesecke;67;f;w;clayton;cotton gin;3598;27527;ny
A;G002454;3016;teresa;maria;curry;44;f;w;raeford;hampton;255;28376;ca
A;G002455;3017;michael;david;davis;57;m;w;aberdeen;vincent;139;28315;fl
A;G002456;3018;moira;trott;gilbert;30;f;o;cameron;blue bay;90;28326;nj
A;G002456;3019;moira;trott;gilbert;30;u;u;raleigh;autumn winds;8800;27615;
A;G002457;3020;dylan;thomas;weinheimer;20;m;w;fayetteville;decatur;273;28303;
A;G002458;3021;krinton;lamont;riggins;38;m;b;fayetteville;chason ridge;5801;28314;nc
A;G002459;3022;chameeka;starr;brooks;39;f;b;princeton;bridge;100;27569;co
A;G002460;3023;natalie;michelle;jefferies;37;f;b;hope mills;pecan grove;932;28348;nc
A;G002460;3024;natalie;michelle;jefferies;37;f;b;sanford;blackstone;166;27330;nc
A;G002461;3025;regina;mullen;lee;51;f;b;powells point;wild geese;131;27966;nc
A;G002462;3026;sally;carnahan;wagner;58;f;w;kill devil hills;cambridge;1108;27948;pa
A;G002463;3027;barbara;carol;padgett macdonald;53;f;w;jarvisburg;meadow lake;128;27947;nc
A;G002464;3028;joe;dale;owenby;43;m;w;moyock;randolf;101;27958;nc
A;G002465;3029;tiffany;suzanne;zellner;28;f;w;currituck;bell s island;180;27929;wv
A;G002466;3030;ashley;anna;farris;28;f;w;moyock;mac jones;104;27958;va
A;G002466;3031;ashley;anna;farris;28;f;w;moyock;mac jones;104;27958;va
A;G002467;3032;amanda;christine;harris;37;f;w;elizabeth city;body;750;27909;nc
A;G002468;3033;gary;lloyd;polzin;75;m;w;moyock;tuggle;133;27958;mi
A;G002469;3034;kent;leonard;olson;48;m;w;grandy;evans;101;27939;mi
A;G002469;3035;kent;leonard;olson;48;m;w;kill devil hills;colington;1017;27948;mi
A;G002470;3036;teresa;gardner;jesch;53;f;w;knotts island;gibbs;228;27950;va
A;G002470;3037;teresa;gardner;jesch;53;f;w;elizabeth city;morgans corner;1699;27909;va
A;G002470;3038;teresa;rae;shreves;53;f;w;elizabeth city;fearing;307;27909;va
A;G002471;3039;rosario;;gutierrez;53;u;u;moyock;caratoke;2273;27958;oc
A;G002472;3040;brandy;nicole;jonsson;29;f;w;lumberton;16th;518;28358;ia
A;G002473;3041;alexa;arielle;oakley;26;f;w;powells point;spot;249;27966;fl
A;G002474;3042;matthew;robert;krause;22;m;w;moyock;summit farms;236;27958;nj
A;G002474;3043;matthew;rubert;krause;22;m;w;chapel hill;stadium;109;27514;nj
A;G002475;3044;michelle;woodell;oxendine;45;f;a;wilmington;constitution;2603;28412;nc
A;G002476;3045;lynn;anne;riche;65;f;w;corolla;historic;539;27927;nj
A;G002477;3046;william;purcelle;mullen;53;m;b;elizabeth city;river;1403;27909;
A;G002478;3047;sara;justine;fassett;26;f;w;indian trail;third;6705;28079;nc
A;G002479;3048;michael;thomas;albeser;39;m;w;currituck;bay leaf;117;27929;va
A;G002480;3049;debra;jane kern;brenner;63;f;w;blowing rock;green hill;475;28605;in
A;G002481;3050;tracy;alexander;sample;24;m;w;kitty hawk;kitty hawk;204;27949;va
A;G002482;3051;jo ann;;danzi krzeminski;62;f;w;bath;mill creek;366;27808;nj
A;G002483;3052;russell;dean;taylor;61;m;w;moyock;guinea mill;258;27958;oc
A;G002484;3053;teddi;wilder;swain;24;f;w;shawboro;four forks;215;27973;nc
A;G002485;3054;susan;martin;waters;63;f;w;manteo;croatan;8;27954;pa
A;G002486;3055;lynn;hunt;nettnin;68;m;w;manteo;east woodlands;110;27954;hi
A;G002487;3056;robert;roy;shapiro;61;m;w;hertford;micmac;133;27944;ny
A;G002488;3057;william;thomas;bunting;36;m;w;manteo;washington;916;27954;
A;G002488;3058;william;thomas;bunting;36;m;w;greenville;ashburton;703;27858;nc
A;G002489;3059;lioubov;a;wescott;58;f;w;wake forest;moultonboro;621;27587;oc
A;G002490;3060;catherine;f;heilig;64;f;w;frisco;henry;52245;27936;wv
A;G002491;3061;johnny;cameron;bryant;56;m;w;robersonville;prison camp;7984;27871;nc
A;G002491;3062;johnny;cameron;bryant;56;m;w;pilot mountain;black mountain;1221;27041;nc
A;G002492;3063;noel;nichole;dralle;22;f;w;kitty hawk;the woods;5117;27949;va
A;G002493;3064;katrina;hope;hanson;40;f;w;manteo;airport;205;27954;nc
A;G002493;3065;katrina;hope;hanson;40;f;w;lumberton;meadowview;3750;28358;nc
A;G002494;3066;jeffrey;parnell;wrenn;59;m;w;hatteras;nc hwy 12;37397;27943;fl
A;G002495;3067;gregory;andrew;mitchell;46;m;w;salvo;nc hwy 12;27446;27972;nc
A;G002495;3068;gregory;andrew;mitchell;46;m;w;charlotte;mcclure;8501;28216;nc
A;G002497;3069;karen;denson;miller;65;f;w;rocky mount;candlewood;221;27804;nc
A;G002498;3070;robert;james;obrien;42;m;w;boone;white laurel;548;28607;mi
A;G002499;3071;rebecca;l;knox;56;f;w;kill devil hills;sir richard;208;27948;va
A;G002500;3072;daniel;armando;garcia colon;21;u;u;charlotte;canterbury castle;13602;28273;
A;G002501;3073;wayne;leroy;stanberry;72;m;w;manteo;first colony;123;27954;pa
A;G002501;3074;wayne;leroy;stanberry;72;m;w;clinton;bradshaw;1984;28328;pa
A;G002502;3075;robert;raymond;schlegel;41;m;w;frisco;lassiter;51164;27936;nj
A;G002502;3076;robert;raymond;schlegel;41;m;w;rocky mount;pebble brook;7008;27804;nj
A;G002503;3077;bessie;rae;blankenship;71;f;w;kill devil hills;broadbay;201;27948;dc
A;G002503;3078;bessie;rae;blankenship;71;f;w;roseboro;clinton;807;28382;dc
A;G002504;3079;rachel;leigh;dickerson;25;f;w;wilmington;hart;602;28401;va
A;G002505;3080;samuel;walton ange;moore;32;m;w;nags head;wrightsville;2417;27959;nc
A;G002505;3081;samuel;walton ange;moore;32;m;w;winterville;vernon white;161;28590;nc
A;G002506;3082;patricia;virili;gannon;65;f;w;garner;meridian;190;27529;nj
A;G002506;3083;patricia;ann;gannon;65;f;w;wilmington;azalea;341;28409;nj
A;G002507;3084;crystal;dae;swain;45;f;w;southern shores;trinitie;73;27949;nc
A;G002508;3085;joey;randall;hanford;24;m;w;kitty hawk;pineway;4113;27949;nc
A;G002509;3086;billy;kevin;rhodes;53;m;w;kill devil hills;sportsman;209;27948;nc
A;G002510;3087;lisa;darlene;lamb;49;f;w;hertford;four mile desert;810;27944;nc
A;G002511;3088;tonya;marie;white;42;f;b;greenville;winslow pointe;415;27834;fl
A;G002512;3089;mildred;lane;carlisle;96;f;w;jacksonville;raintree;161;28540;va
A;G002513;3090;patrick;henry;haskett;63;m;w;manteo;meekins;148;27954;md
A;G002514;3091;charles;ellis;hylton;44;m;w;charlotte;quail hollow;6504;28210;dc
A;G002515;3092;katherine;ruth;price;65;f;w;frisco;sunset strip;53115;27936;va
A;G002516;3093;karen;louise;clodfelter;57;f;w;randleman;lula ray;825;27317;tx
A;G002517;3094;amy;williams;halker;32;f;w;columbia;country estate;155;27925;sc
A;G002518;3095;emily;bass;parrish;48;f;w;duck;dune;126;27949;nc
A;G002519;3096;caleb;andrew;fortune;33;m;w;lexington;hamilton;312;27295;nc
A;G002520;3097;nancy;elian;vaughn;55;f;w;kill devil hills;ketch;1602;27948;oc
A;G002521;3098;judith;hancock;rosenberger;65;f;w;manteo;burnside;1219;27954;tn
A;G002522;3099;terry;carlton;davis;51;m;w;thomasville;national;1490;27360;nc
A;G002524;3100;angela;dawn;harvell;35;f;w;winston salem;gumtree;3361;27107;nc
A;G002527;3101;kasey;alan;hensley;30;m;w;high point;wallburg high point;4947;27265;nc
A;G002527;3102;kasey;alan;hensley;30;m;w;high point;wallburg high point;4947;27265;nc
A;G002528;3103;patsy;gale;jones;70;f;w;lexington;jolly;1092;27292;nc
A;G002529;3104;elizabeth;ann;guthrie;42;f;w;lexington;jenkins;250;27295;va
A;G002529;3105;elizabeth;ann;guthrie;42;f;w;spencer;rowan;404;28159;va
A;G002531;3106;stuart;gartha;orren;49;m;w;lexington;eller;1029;27295;va
A;G002531;3107;stuart;gartha;orren;49;m;w;mocksville;gladstone;522;27028;va
A;G002532;3108;matthew;ryan;delancy;30;m;w;denton;main st;2000;27239;nc
A;G002533;3109;carroll;douglas;holden;76;m;w;thomasville;stemp everhart;1823;27360;
A;G002534;3110;ashley;e savage;davis;29;f;w;thomasville;priya;2111;27360;nc
A;G002534;3111;ashley;elizabeth;savage davis;29;f;w;thomasville;priya;2111;27360;nc
A;G002536;3112;amber;louise;byerly;35;f;w;winston salem;oak arbor;303;27104;nc
A;G002537;3113;monica;smith;tyler;39;f;w;high point;hitchcock;701;27265;nc
A;G002538;3114;andrew;keith;henry;44;m;w;winston salem;country acres;361;27107;mi
A;G002539;3115;jean;ray;wong;54;f;w;lexington;ervin;431;27292;oh
A;G002540;3116;alec;daniel;styer;19;m;w;high point;park;236;27265;nc
A;G002541;3117;claudia;hoover;bingham;39;f;w;denton;stokes;3726;27239;nc
A;G002541;3118;claudia;hoover;bingham;39;f;w;denton;stokes;3726;27239;nc
A;G002542;3119;keith;jerrod;fuller;31;m;b;lexington;williamson;307;27292;nc
A;G002543;3120;christopher;steven;rickert;50;m;w;thomasville;arthur;207;27360;nc
A;G002543;3121;christopher;steven;rickert;50;m;u;trinity;whisper oak;5023;27370;nc
A;G002544;3122;maggie;suzanne;rumley;28;u;u;thomasville;trinity;1112;27360;nc
A;G002545;3123;donald;shane;gordon;27;m;w;raleigh;asher view;2607;27606;nc
A;G002546;3124;selena;hartsell;smith;51;f;w;lexington;forrest hedrick;151;27295;nc
A;G002548;3125;barbara;tomlinson;van rees;73;f;w;lexington;willowmore springs;1205;27292;ga
A;G002549;3126;katherine;stuart;oliver;47;f;w;winston salem;inverness;474;27107;va
A;G002550;3127;kirby;wayne;garner;52;m;w;thomasville;lacy hepler;1320;27360;nc
A;G002551;3128;eric;dylan;robison;26;m;w;charlotte;anthem;1422;28205;nc
A;G002552;3129;shirley;marie;carman allen;53;f;w;lexington;b r hunt;122;27295;nj
A;G002553;3130;patrick;rashard;byrd;39;m;b;thomasville;barnwell;507;27360;
A;G002554;3131;jobanna;;miller;80;f;w;bermuda run;bermuda village;142;27006;
A;G002555;3132;linda;joyce;ramsey;75;f;w;lexington;giles;1330;27295;ca
A;G002555;3133;linda;joyce;ramsey;75;f;w;winston salem;franciscan;1845;27127;ca
A;G002556;3134;sharon;aldridge;ellis;65;f;w;winston salem;lexwin;3905;27107;nc
A;G002557;3135;kelly;allyn;parker;38;f;w;durham;alabama;1106;27705;nc
A;G002558;3136;patricia;agnes;tonnessen;46;f;w;lexington;payne;1169;27295;oc
A;G002559;3137;timothy;lee;craver;60;m;w;winston salem;lambeth;644;27107;nc
A;G002559;3138;timothy;lee;craver;60;m;w;wilsons mills;main;418;27593;nc
A;G002559;3139;timothy;lee;craver;60;m;w;apex;windermere lake;807;27502;nc
A;G002560;3140;joshua;robert;bush;37;m;w;high point;jennifer;806;27265;pa
A;G002561;3141;joyce;shakenia widget;rice;40;f;b;high point;long leaf;6310;27265;ny
A;G002562;3142;steven;;jones;60;m;w;archdale;sterling ridge;204;27263;nc
A;G002563;3143;julia;tilley;easter;51;f;w;winston salem;ruth;110;27127;nc
A;G002564;3144;melanie;beth;burns;48;f;w;thomasville;white oak;286;27360;sc
A;G002565;3145;kate;chere;belvin;25;f;w;randleman;holder inman rd;6602;27317;nc
A;G002567;3146;adam;craig;everhart;29;m;w;lexington;hoilman;276;27295;nc
A;G002568;3147;jonathan;daniel;gentry;42;m;w;thomasville;ball park;1038;27360;in
A;G002568;3148;jonathan;daniel;gentry;42;m;w;salisbury;gold hill;521;28146;in
A;G002569;3149;molli;yates;childress;30;f;w;thomasville;summey;3;27360;nc
A;G002569;3150;molli;ann;yates;30;f;w;archdale;linda;103;27263;nc
A;G002571;3151;randre;lequon;allen;32;m;b;thomasville;trinity;1112;27360;sc
A;G002572;3152;terry;ronald;lambeth;49;m;w;boonville;center;2053;27011;nc
A;G002573;3153;shannon;schaeffer;justice;38;f;w;lexington;davidson;116;27295;nc
A;G002574;3154;timothy;lee;brinkley;39;m;w;lexington;craver;1335;27295;nc
A;G002575;3155;michael;lee;orman;43;m;w;thomasville;stacey;413;27360;
A;G002576;3156;bryce;merlin;holmes;64;m;b;lexington;country club;819;27292;nc
A;G002578;3157;brian;taylor;cormier;30;m;w;lexington;old us highway 52;4793;27295;la
A;G002581;3158;donald;kevin;evans;52;m;w;thomasville;holly grove;5694;27360;va
A;G002582;3159;timothy;edward;cox;53;m;w;lexington;welcome bethesda;2107;27295;nc
A;G002582;3160;timothy;edward;cox;53;m;w;mount airy;crosswinds;102;27030;nc
A;G002583;3161;david;brian;seus;40;m;w;high point;long leaf;6320;27265;ny
A;G002584;3162;kimberly;leonard;flippen;58;f;w;trinity;fairview church;6206;27370;nc
A;G002585;3163;lauren;elizabeth;hill;34;f;w;lexington;warrior;102;27295;nc
A;G002585;3164;lauren;elizabeth;hill;34;f;w;asheboro;idlebrook;1623;27205;
A;G002586;3165;nhiep;minh;le;40;m;a;archdale;erica;107;27263;oc
A;G002587;3166;penny;;bare;49;f;w;north wilkesboro;pads;2019;28659;nc
A;G002588;3167;david;rees;mercadante;38;m;w;high point;lexington ave;1639;27262;nc
A;G002589;3168;andrew;james;smith;32;m;w;winston salem;hartman;457;27127;nc
A;G002590;3169;terri;spencer;henderson;56;f;w;new london;nc highway 49;2057;28127;va
A;G002591;3170;lisa;clodefelter;kearns;47;f;w;winston salem;spring;304;27107;nc
A;G002592;3171;allen;gene;jackson;32;m;w;charlotte;meadowdale;8217;28227;ia
A;G002592;3172;allen;gene;jackson;32;m;w;trinity;old mountain;2948;27370;ia
A;G002593;3173;deborah;kilty;harrison;59;f;w;lexington;southview;1918;27292;in
A;G002593;3174;deborah;kay;kilty;59;f;w;winston salem;winterwoods;2463;27103;in
A;G002594;3175;charles;hobart allan;lance;50;m;w;trinity;wood village;3696;27370;nc
A;G002596;3176;domingo;;marroquin;28;m;m;winston salem;high point;3820;27107;
A;G002597;3177;aaron;alexander;mckim;24;m;w;high point;red cedar;6155;27265;nc
A;G002597;3178;aaron;alexander;mckim;24;m;w;raleigh;waterford point;4900;27612;nc
A;G002598;3179;cheryl;marie dodson;williams;43;f;w;lexington;george hege;704;27295;nc
A;G002599;3180;victoria;;chappell;26;f;w;lexington;forest hill;24;27295;
A;G002599;3181;victoria;lynn;chappell;26;f;w;archdale;brookwood;1507;27263;
A;G002600;3182;kristi;carlin;shoaf;32;f;w;winston salem;paragon;1620;27127;nc
A;G002601;3183;tracy;elizabeth;smith;46;f;w;thomasville;washboard;212;27360;nc
A;G002602;3184;sovatha;khin;plummer;40;f;a;winston salem;desoto;151;27107;oc
A;G002603;3185;olivia;bailey;cobb;53;f;u;thomasville;doak;1009;27360;nc
A;G002604;3186;rensy;denell;long;31;m;b;lexington;avenue m;220;27292;nc
A;G002605;3187;lindsay;harmon;dervin;31;f;w;wilmington;hunt club;5002;28403;nc
A;G002605;3188;lindsay;harmon;dervin;31;f;w;laurinburg;inverness;8181;28352;nc
A;G002606;3189;william;lloyd;bingham;68;m;w;thomasville;arthur;207;27360;ca
A;G002606;3190;william;lloyd;bingham;68;m;w;cleveland;cool springs;13564;27013;ca
A;G002607;3191;katherine;reana;clay jones;67;f;w;thomasville;salem;710;27360;wv
A;G002608;3192;anne;watkins;price;63;f;w;lexington;high rock shores;232;27292;
A;G002609;3193;colene;wright;bradley;75;f;b;lexington;converse;111;27292;nc
A;G002610;3194;joe;anthony;zepeda;40;m;o;thomasville;cub;36;27360;tx
A;G002611;3195;timothy;eric;hand;37;m;w;salisbury;meadow lake;195;28146;nc
A;G002612;3196;joyce;lookabill;branch;59;f;w;lexington;union grove;896;27295;nc
A;G002614;3197;maria;dawn;kreismer;50;f;w;thomasville;culbreth;315;27360;oh
A;G002615;3198;michele;loflin;wolfe;48;f;w;denton;vanhoy;131;27239;nc
A;G002616;3199;kenneth;ray;smith;52;m;w;asheboro;southwood;1643;27205;nc
A;G002617;3200;elizabeth;teague;burleson;62;f;w;winston salem;cherokee;2320;27103;nc
A;G002618;3201;victor;scott;clampitt;55;m;w;archdale;lockhart;108;27263;nc
A;G002619;3202;key;jennings;waggoner;54;m;w;denton;lands end;481;27239;nc
A;G002620;3203;myrtle;gurley;childress;83;f;w;winston salem;woods;213;27107;nc
A;G002622;3204;megan;nicole;scouten;28;f;w;lexington;oakwood;844;27295;ny
A;G002622;3205;megan;nicole;hammonds;28;f;w;lexington;oakwood;844;27295;ny
A;G002623;3206;anna;marie;chapman;38;f;w;lexington;burkhart;799;27292;
A;G002624;3207;mark;alan;bowling;57;m;w;clemmons;salem village;1038;27012;ky
A;G002626;3208;darren;scott;rippy;51;m;w;salisbury;ravenwood;1102;28147;nc
A;G002627;3209;meredith;kerley;tucker;55;f;w;clayton;avocet;145;27520;fl
A;G002628;3210;tracey;allen;campbell;40;m;w;archdale;armstrong;103;27263;nc
A;G002629;3211;rose;marie;greear;49;f;w;lexington;riverwood;902;27292;il
A;G002631;3212;talise;monet;fulmore;29;f;b;thomasville;albertson;221;27360;nc
A;G002632;3213;tiffany;stewart;mcguinn;37;f;w;winston salem;meadowlands;862;27107;nc
A;G002633;3214;philip;lance;martin;34;m;w;lexington;union grove;2100;27295;nc
A;G002634;3215;rebecca;jean;jackson;33;f;w;high point;election oak;5913;27265;ny
A;G002635;3216;sheryl;patricia;greene;54;f;w;asheboro;fayetteville;2280;27203;va
A;G002635;3217;sheryl;greene;pate;54;f;w;sophia;level plains;4127;27350;va
A;G002636;3218;ollie;denise;williams;54;f;b;lexington;pennington;328;27292;
A;G002637;3219;jill;lynn;york;51;f;w;linwood;jubilee;1491;27299;
A;G002637;3220;jill;lynn;allen;51;f;w;lexington;veterans;185;27292;nc
A;G002638;3221;megan;elizabeth;poindexter;33;f;w;clemmons;davis;475;27012;nc
A;G002639;3222;chelsea;michelle;hollifield;28;f;w;lexington;7th;405;27292;nc
A;G002639;3223;chelsea;michelle;hollifield;28;f;w;archdale;old thomasville;5437;27263;nc
A;G002640;3224;cecilia;mae;redd;68;f;w;winston salem;garden valley;167;27107;nc
A;G002641;3225;sidney;earnest;roberts;71;m;w;kernersville;mountain view;422;27284;
A;G002642;3226;april;dawn;brown;33;f;w;thomasville;holly grove;8159;27360;nc
A;G002643;3227;rodney;bernard;phillips;50;m;w;high point;brightwood;2204;27262;il
A;G002643;3228;rodney;bernard;phillips;50;m;w;trinity;trinity;11825;27370;il
A;G002644;3229;jonathan;tyler;duncan;30;m;w;thomasville;hasty hill;133;27360;nc
A;G002644;3230;jonathan;tyler;duncan;30;m;w;staley;shady grove church;2314;27355;nc
A;G002645;3231;kristin;ryan;clark;30;f;w;winston salem;fiddlers;2130;27107;nc
A;G002645;3232;kristin;ryan;clark;30;f;w;archdale;eden;719;27263;nc
A;G002646;3233;melissa;fray;smith;42;f;w;clemmons;rolling meadow;113;27012;la
A;G002647;3234;antoinette;delora;burton;51;f;b;lexington;fairview;1243;27292;nc
A;G002648;3235;jeremy;patrick;whelan;41;m;w;asheboro;jerico;1960;27205;pa
A;G002649;3236;rita;hart;ervin;71;f;w;clemmons;augusta;1004;27012;md
A;G002651;3237;karen;rose;blackwell;59;f;w;high point;sink lake;629;27265;ky
A;G002653;3238;reitzel;azer;ligon;80;m;w;lexington;gordon;221;27292;nc
A;G002654;3239;jacob;andrew;walker;31;m;w;denton;varner;298;27239;nc
A;G002655;3240;nancy;lynn;stafford;56;f;w;winston salem;davis;5028;27105;nc
A;G002655;3241;nancy;lynn;stafford;56;f;w;holly springs;little leaf;720;27540;nc
A;G002656;3242;sherry;roark;jones;47;f;w;thomasville;bonnie regan;646;27360;nc
A;G002658;3243;meshell;lea;sturgis;27;f;m;carrboro;nc hwy 54;112;27510;wa
A;G002659;3244;brandy;ree;brewer;29;f;w;winston salem;reynolda;5760;27106;nc
A;G002660;3245;edward;lance;stevenson;40;m;w;salisbury;hummingbird;730;28146;nc
A;G002661;3246;leonard;olindo;alsop;57;m;b;high point;glenstone;1185;27265;md
A;G002663;3247;allison;ann;burrow;34;f;w;high point;johnson;620;27265;nc
A;G002663;3248;allison;burrow;weckerle;34;f;w;winston salem;brooks edge;119;27107;nc
A;G002664;3249;joseph;patrick;needles;54;m;u;archdale;old thomasville;5633;27263;ca
A;G002665;3250;robert;leon;loflin;75;m;w;sparta;hickory mountain;347;28675;nc
A;G002666;3251;brenda;osborne;wade;66;f;w;lexington;cameron;399;27295;
A;G002667;3252;robert;eric;young;54;m;w;lexington;nottingham;357;27292;nc
A;G002667;3253;robert;eric;young;54;m;w;mocksville;oakshire;176;27028;nc
A;G002668;3254;lisa;barefoot;gobble;56;f;w;lexington;radds;6302;27295;nc
A;G002668;3255;lisa;barefoot;gobble;56;f;w;high point;glyn water;1047;27265;
A;G002668;3256;lisa;barefoot;gobble;56;f;w;kernersville;timber ridge;472;27284;nc
A;G002669;3257;tarin;devon;mclendon ivery;28;f;b;thomasville;blair;915;27360;nc
A;G002671;3258;tracy;lea;tracy;45;f;w;trinity;huckleberry;5754;27370;fl
A;G002671;3259;tracy;lea;tracy;45;f;w;thomasville;jades;1719;27360;fl
A;G002672;3260;jessica;elizabeth;hargett;26;f;w;lexington;lingle farm;1074;27295;nc
A;G002673;3261;tommie;nelson;brittle;32;m;w;winston salem;country;1431;27107;nc
A;G002674;3262;deanna;rae;davis;38;f;w;sophia;sharon acres;3167;27350;ky
A;G002676;3263;mary;elizabeth;gordon;67;f;b;thomasville;fairway;925;27360;nc
A;G002676;3264;mary;elizabeth davis;gordon;67;f;b;thomasville;cable;605;27360;
A;G002677;3265;corey;joe;cagle;32;m;w;denton;charles mtn;7133;27239;nc
A;G002679;3266;jeffery;wayne;murphy;38;m;w;winston salem;florence;105;27127;nc
A;G002679;3267;jeffery;wayne;murphy;38;m;w;east bend;louise;1032;27018;nc
A;G002680;3268;norma;nelson;bundy;62;f;w;trinity;poplar ridge;5208;27370;nc
A;G002681;3269;manius;john;binkley;43;m;w;thomasville;moon;201;27360;nc
A;G002682;3270;lori;jan;hawkins;53;f;w;linwood;wayne gobble;1000;27299;nc
A;G002683;3271;adam;scott;byerly;30;m;w;salisbury;stratford;114;28144;nc
A;G002684;3272;jon;curt;larsen;48;m;w;clemmons;muirfield;2008;27012;nj
A;G002684;3273;jon;curt;larsen;48;m;w;winston salem;yorkshire;820;27106;nj
A;G002685;3274;jacqueline;lea;argo;51;f;w;high point;pine tree;225;27265;fl
A;G002686;3275;shannon;clay;mccorkle;55;m;w;spencer;salisbury;427;28159;nc
A;G002687;3276;thomas;winston;price;66;m;w;winston salem;eastwin;4909;27104;nc
A;G002687;3277;thomas;winston;price;66;m;w;eden;maple;331;27288;nc
A;G002687;3278;thomas;winston;price;66;m;w;eden;hamilton;151;27288;nc
A;G002688;3279;william;thomas;ryder;35;m;w;lexington;deaton young;561;27292;nc
A;G002689;3280;patricia;ann;fritts;52;f;w;lexington;bowers;145;27292;
A;G002690;3281;grace;;duarte;33;f;w;thomasville;doak;1004;27360;tx
A;G002691;3282;daniel;glen;high;46;m;w;thomasville;johnsontown;1066;27360;nc
A;G002692;3283;megan;marie;strader;35;f;w;thomasville;westwood;11;27360;nc
A;G002693;3284;rebekah;lynn;newsome;48;f;w;clemmons;frye bridge;708;27012;nc
A;G002694;3285;keith;octavius;crawford;59;m;b;thomasville;wright;6926;27360;nc
A;G002695;3286;megan;ashley;redmond;23;f;w;lexington;hope crossing;228;27295;nc
A;G002696;3287;dalton;issac;whitt;23;m;w;thomasville;kanoy;2705;27360;nc
A;G002697;3288;rachel;anne;lieberman;27;f;w;thomasville;boggs;262;27360;ny
A;G002698;3289;sequoya;tiana;friday;41;f;b;high point;red cedar;6130;27265;nc
A;G002698;3290;sequoya;tiana;friday;41;f;b;charlotte;scaleybark;1120;28209;
A;G002699;3291;andrea;rae wood;duncan;53;f;w;lexington;bridgewood;129;27292;nc
A;G002700;3292;whitney;lynn;cook;31;f;w;charlotte;attwood;415;28217;ut
A;G002702;3293;joshua;tyler;greenman;24;m;w;thomasville;westwood;212;27360;nc
A;G002703;3294;james;robert;norman;28;m;w;winston salem;clearview;274;27107;nc
A;G002704;3295;jason;;shaver;34;m;w;lexington;j m penninger;529;27292;
A;G002705;3296;casey;jane;jones;33;f;w;linwood;donald miller;263;27299;wv
A;G002706;3297;christina;michelle;baity;44;f;w;lexington;kirkman;447;27292;nc
A;G002707;3298;aaron;michael;sorgius;44;m;w;kernersville;celo knob;124;27284;wi
A;G002708;3299;brittany;michelle;bundy;24;f;w;lexington;nc highway 109;11578;27292;nc
A;G002709;3300;barbara;day;naylor;62;f;w;winston salem;marble;2422;27107;nc
A;G002710;3301;justin;alan;forsyth;27;m;w;winston salem;zinzendorf;5860;27127;nc
A;G002711;3302;beverly;ann;wingate;67;f;b;lexington;3rd;306;27292;ga
A;G002713;3303;courtney;kiana;harper;23;f;b;charlotte;westwinds;3009;28214;sc
A;G002714;3304;steven;gale;godwin;34;m;w;clemmons;meadowfield;204;27012;nc
A;G002714;3305;steven;gale;godwin;34;m;w;dunn;prospect church;1866;28334;nc
A;G002716;3306;kathryn;harmon;chaparro;71;f;w;lexington;regents center;1206;27295;nc
A;G002717;3307;paul;hobert;griffie;29;m;w;thomasville;planters walk;1921;27360;
A;G002718;3308;tanecia;lachelle;edwards;45;f;b;lexington;bremen garden;366;27295;nc
A;G002719;3309;steven;erik;jones;48;m;w;thomasville;larkspur;203;27360;nc
A;G002720;3310;mitchell;lee;gilchrist;27;m;w;thomasville;arthur;207;27360;nc
A;G002721;3311;jeremy;lee;windham;35;m;w;thomasville;duncan;109;27360;nc
A;G002721;3312;jeremy;lee;windham;35;m;w;charlotte;brooksedge;8420;28216;nc
A;G002722;3313;bruce;wayne;harvey;35;m;w;wilmington;northchase;2620;28405;nc
A;G002723;3314;amanda;jo;phillips;28;f;w;winston salem;nc highway 109;6794;27107;
A;G002724;3315;donna;jean;trivette wagner;54;f;w;thomasville;meadow lark;212;27360;nc
A;G002725;3316;angela;dawn;brooks;41;f;w;thomasville;courtland;3693;27360;nc
A;G002726;3317;teresa;parker;hutchins;51;f;w;thomasville;elm;9;27360;nc
A;G002727;3318;cordelia;smith;rice;77;f;w;lexington;rock harbor;118;27292;nc
A;G002728;3319;jennifer;diane;gaines;43;f;w;thomasville;sunrise;7;27360;nc
A;G002728;3320;jennifer;diane;gaines;43;f;w;asheboro;oak hollow;2805;27205;
A;G002729;3321;larry;guy;swisher;34;m;w;thomasville;heritage view;2344;27360;nc
A;G002731;3322;vivian;shirley;pressley;88;f;w;salisbury;miller;312;28144;nc
A;G002732;3323;david;randall;mabe;38;m;w;winston salem;oaksburg;266;27107;nc
A;G002734;3324;danielle;marie;foley;29;f;w;thomasville;fairgrove;605;27360;nc
A;G002735;3325;valerie;kay;adams;37;f;w;lexington;hunters ridge;6202;27295;oh
A;G002736;3326;marcenna;lewis;huss;66;f;w;charlotte;heritage woods;9241;28269;ga
A;G002737;3327;adam;neal;koontz;37;m;w;clemmons;bickerstaff;156;27012;
A;G002738;3328;john;phillip;hobbs;47;m;w;archdale;rob cruthis;2771;27263;nc
A;G002739;3329;lori;jo;adams;35;f;w;denton;jim elliott;310;27239;nc
A;G002740;3330;michael;scott;larsen;27;m;w;linwood;simerson;1531;27299;mn
A;G002741;3331;jessica;nichole;smythers;36;f;w;sparta;kennedy;89;28675;nc
A;G002742;3332;nathaniel;christian;born;42;m;w;statesville;jobe;113;28677;ga
A;G002742;3333;nathaniel;christian;born;42;m;w;north wilkesboro;boone trl;409;28659;ga
A;G002743;3334;thomas;roth;bryan;92;m;w;roaring gap;lake;82;28668;
A;G002744;3335;tera;jane lewis;shaw;39;f;w;glade valley;holly;96;28627;nc
A;G002745;3336;rebecca;barnes;jones;41;f;w;sparta;briarwood;132;28675;nc
A;G002745;3337;rebecca;barnes;jones;41;f;w;boone;laurel reach;167;28607;
A;G002746;3338;david;stafford;hedrick;76;m;w;sparta;westwood;266;28675;va
A;G002747;3339;rhonda;renee;kelly;50;f;w;sparta;pineview;31;28675;nc
A;G002748;3340;james;frank;proffit;48;m;w;sparta;green mountain;621;28675;nc
A;G002748;3341;james;frank;proffit;48;m;w;sparta;green mountain;621;28675;nc
A;G002748;3342;james;frank;proffit;48;m;w;sparta;green mountain;621;28675;nc
A;G002750;3343;lois;ann;layman;68;f;w;whispering pines;airport;1807;28327;
A;G002751;3344;brenda;eads;russell;72;f;w;boonville;main;459;27011;nc
A;G002752;3345;marcella;elisa;caudill;26;f;m;roaring gap;pine tree;100;28668;va
A;G002753;3346;jeremiah;lloyd;johnson;37;m;w;sparta;us highway 21 south;1438;28675;
A;G002753;3347;jeremiah;lloyd;johnson;37;m;w;winston salem;bedford park;306;27107;va
A;G002754;3348;rochelle;elizabeth;gamble;32;f;w;apex;creek glen;11205;27502;oc
A;G002755;3349;matthew;lee;weber;33;m;w;advance;yadkin valley;448;27006;tx
A;G002756;3350;anna;marie;stout;23;f;w;advance;brockland;167;27006;
A;G002757;3351;hollie;marie;robertson;50;f;w;winston salem;orchestra;818;27127;nc
A;G002758;3352;mary;francis;grigg;69;f;w;advance;nc highway 801;1894;27006;nc
A;G002759;3353;james;howard;edwards;57;m;w;mocksville;joe;241;27028;il
A;G002760;3354;tracy;;beck;44;f;w;mocksville;wagner;829;27028;
A;G002761;3355;eric;norman;vernier;49;m;w;winston salem;sharon;1500;27103;il
A;G002762;3356;wilma;jean;baer;89;f;w;mocksville;new hampshire;149;27028;in
A;G002764;3357;sarah;gillespie;bodin;49;f;w;winston salem;autumn park;1478;27106;tn
A;G002765;3358;adam;lee;deal;34;m;w;winston salem;shillington;1960;27127;
A;G002767;3359;huldah;norma jo;johnson;44;f;w;mocksville;stone wood;148;27028;nc
A;G002769;3360;lydia;caroline;aldana;36;f;w;wilmington;paramount;3324;28405;nc
A;G002769;3361;lydia;caroline;aldana;36;f;w;sneads ferry;bluebird;208;28460;nc
A;G002770;3362;david;herman;gilbert;74;m;w;mocksville;meadowview;157;27028;
A;G002771;3363;erick;javier;echevarria;26;m;o;mocksville;morning glory;107;27028;
A;G002772;3364;brittan;michael;davis;35;m;w;mocksville;cornatzer;577;27028;
A;G002772;3365;brittan;michael;davis;35;m;w;mocksville;cornatzer;577;27028;
A;G002773;3366;beverly;currier;gale;81;f;w;mocksville;willow creek;293;27028;vt
A;G002775;3367;samuel;louis;petro;64;m;w;winston salem;fishel;124;27107;oc
A;G002776;3368;stephanie;elisha;dulin;32;f;b;mocksville;country;508;27028;nc
A;G002777;3369;kenneth;dewayne;rivers;29;m;b;mocksville;oakridge;114;27028;ca
A;G002778;3370;william;joseph;mack;69;m;w;advance;latrobe;106;27006;mi
A;G002779;3371;emma;liane;etter;20;f;w;raleigh;ncsu sullivan;0;27607;
A;G002780;3372;deborah;heaton;whitley;55;f;w;advance;nc highway 801;3746;27006;nc
A;G002780;3373;deborah;heaton;whitley;55;u;u;charlotte;brittany;5709;28270;
A;G002781;3374;benjamin;james;branch;65;m;w;bermuda run;fescue;136;27006;pa
A;G002781;3375;benjamin;james;branch;65;m;w;clemmons;curraghmore;1801;27012;pa
A;G002782;3376;ronald;h;mays;72;m;w;mocksville;wyo;1074;27028;va
A;G002783;3377;tamara;yvette;kuck;58;f;w;mooresville;greyfriars;186;28117;nm
A;G002784;3378;natasha;unae;myers;45;f;b;harmony;county line;173;28634;nc
A;G002785;3379;jonathan;franklin;dwiggins;31;m;i;westfield;brown mountain;1119;27053;nc
A;G002786;3380;jessica;smith;mendoza;35;f;w;advance;beauchamp;1259;27006;nc
A;G002787;3381;david;wayne;jenkins;44;m;w;kernersville;quaker ridge;1119;27284;nc
A;G002787;3382;david;wayne;jenkins;44;m;w;winston salem;hunters ridge;190;27103;
A;G002788;3383;garrett;;beck;20;m;w;mocksville;becktown;592;27028;
A;G002789;3384;sharena;lashon;conner;44;f;b;advance;somerset;120;27006;nc
A;G002790;3385;phyllis;ann;smith;55;f;b;statesville;cherry;803;28677;nc
A;G002791;3386;morgan;cheek;adams;23;f;w;elkin;gwyn;231;28621;nc
A;G002792;3387;richard;thomas;militzer;63;m;w;mocksville;john crotts;440;27028;ny
A;G002793;3388;othoniel;;cruz rondon;37;m;o;advance;reece;115;27006;pr
A;G002795;3389;david;robert;halliday;84;m;w;bermuda run;oleander;217;27006;il
A;G002796;3390;jack;wesley;hardin;68;m;w;advance;shallowbrook;173;27006;
A;G002796;3391;jack;wesley;hardin;68;m;w;lewisville;scott;764;27023;wv
A;G002798;3392;miriam;moller;lovett;74;f;w;winston salem;ballincourt;5149;27104;tx
A;G002799;3393;laura;key;luna;35;f;w;mocksville;northridge;706;27028;va
A;G002800;3394;claude;daniel;wilkinson;71;m;w;vale;wilkinson cove;3140;28168;nc
A;G002801;3395;justin;spencer;marshall;27;m;b;bermuda run;juniper;206;27006;
A;G002802;3396;malissa;nichole;lyle;25;f;w;charlotte;shady rest;10327;28214;ny
A;G002803;3397;david;ty;friend;35;m;m;chinquapin;fountaintown;2380;28521;oc
A;G002804;3398;kelley;sue;brown;25;f;w;teachey;wellstown;733;28464;pa
A;G002805;3399;james;;merriman;61;m;b;warsaw;brewer;126;28398;nc
A;G002805;3400;james;;merriman;61;m;b;magnolia;mcrae;104;28453;nc
A;G002806;3401;amy;campbell;parsons;54;f;w;pinehurst;sawmill;20;28374;dc
A;G002807;3402;lakeata;lashunda;martin;42;f;b;wallace;devane;411;28466;ny
A;G002808;3403;lashay;marie;roberts;24;u;u;durham;cornwallis;1400;27713;md
A;G002808;3404;lashay;marie;roberts;24;f;b;raleigh;atria;1570;27604;md
A;G002809;3405;elizabeth;chante;moore;25;f;b;clinton;devane;306;28328;nc
A;G002809;3406;elizabeth;chante;wells;25;f;b;clinton;royal;426;28328;nc
A;G002810;3407;gregory;angelo;yacullo;75;m;w;teachey;bernice blanton;188;28464;nj
A;G002811;3408;heather;penelope;burns;41;f;w;magnolia;john williams evans;329;28453;sc
A;G002811;3409;heather;penelope;burns;41;f;w;charlotte;kenlough;614;28209;sc
A;G002812;3410;christopher;randy;holmes;42;m;w;kenansville;summerlin;130;28349;nc
A;G002812;3411;christopher;randy;holmes;42;m;w;richlands;fire tower;514;28574;nc
A;G002813;3412;naomia;miller;harris;70;f;b;kenansville;nc 11 and 903;1383;28349;nc
A;G002813;3413;naomia;;harris;70;f;b;durham;fidelity;1316;27703;nc
A;G002814;3414;nancy;parker;everett;63;f;b;wallace;forest;610;28466;nc
A;G002815;3415;sherri;creel;king;33;f;w;pink hill;bill sutton;878;28572;nc
A;G002816;3416;natalie;carroll;beasley;34;f;w;magnolia;beasleys;259;28453;nc
A;G002816;3417;natalie;carroll;beasley;34;f;w;raleigh;silver moon;5435;27606;nc
A;G002818;3418;darrel;lee;rivenbark;40;m;w;wallace;murray;408;28466;nc
A;G002818;3419;darrel;lee;rivenbark;40;m;w;hampstead;lantana;103;28443;nc
A;G002819;3420;chauncey;william;barnes;52;m;w;jacksonville;oci;513;28540;me
A;G002819;3421;chauncey;william;barnes;52;m;w;jacksonville;glendale;12;28540;me
A;G002820;3422;regina;d;whaley;70;f;w;hendersonville;victoria park;38;28792;nc
A;G002821;3423;mercedes;maria;cruz;53;f;u;magnolia;sandy;403;28453;
A;G002823;3424;craig;allen;baysden;39;m;w;chinquapin;fountaintown;2501;28521;fl
A;G002824;3425;victoria;ann louise;nason;23;f;w;beulaville;old nc 24;358;28518;nc
A;G002825;3426;myra;craddock;turner;68;f;w;beulaville;cotton top;105;28518;nc
A;G002826;3427;edward;c;mikolaitis;84;m;w;morrisville;cary;1995;27560;pa
A;G002827;3428;melissa;anderson;dail;42;f;w;dudley;brook ridge;107;28333;nc
A;G002828;3429;daniel;alan;tyndall;40;m;w;wilmington;willoughby park;1410;28412;nc
A;G002828;3430;daniel;alan;tyndall;40;m;w;hampstead;kingsport;108;28443;nc
A;G002829;3431;christopher;ryan;wood;25;m;w;wallace;firefly;194;28466;mi
A;G002830;3432;patricia;packer;frazier;72;f;w;wallace;rockfish court;114;28466;nc
A;G002830;3433;patricia;aacker;conway;72;f;w;rocky point;arlington;196;28457;nc
A;G002831;3434;henry;tyler;jones;55;m;w;hendersonville;whisperwood;109;28791;nc
A;G002832;3435;jessica;johnson;warren;33;f;w;faison;bradshaw crow;352;28341;nc
A;G002833;3436;hannah;elizabeth;mulvaney;18;f;w;warsaw;wards bridge;512;28398;oh
A;G002834;3437;miranda;lynn;wiggins;27;f;w;seven springs;davis hardy;5734;28578;nc
A;G002834;3438;miranda;wiggins;cobb;27;f;w;elm city;terrace;3736;27822;nc
A;G002835;3439;david;deforest;furman;44;m;w;wallace;cumberland;319;28466;pa
A;G002836;3440;lillian;ingram;humphrey;95;f;w;rose hill;badger dog;160;28458;nc
A;G002837;3441;javalia;renee;mclean;35;f;b;clinton;martha;205;28328;nc
A;G002838;3442;sharon;wood;hall;66;f;w;wallace;ivey;710;28466;
A;G002839;3443;brittany;sharay;curtis;30;f;w;jacksonville;jupiter;136;28546;ga
A;G002840;3444;charles;thomas;anderson;38;m;w;mt olive;ivey;316;28365;nc
A;G002841;3445;monica;leigh;marrs;34;f;w;kinston;collier loftin;286;28504;nc
A;G002841;3446;monica;leigh;boyette;34;f;w;kinston;joe nunn;267;28504;nc
A;G002842;3447;la toya;rashe;bailey;30;f;b;wilmington;hooker;321;28403;nc
A;G002843;3448;lakenya;alexander;lewis;34;f;b;charlotte;david jennings;13418;28213;nc
A;G002843;3449;lakenya;starn;alexander;34;f;b;cary;talking rock;2623;27519;nc
A;G002844;3450;sheila;gail;buckhorn;40;f;w;durham;spinnaker;1;27703;ok
A;G002844;3451;sheila;gail;jarvis;40;f;w;holly springs;steeple;317;27540;ok
A;G002845;3452;stevan;richard;stark;71;m;w;durham;devon;3325;27707;nj
A;G002846;3453;carville;banks;clark;47;m;w;durham;lavender;509;27704;nc
A;G002846;3454;carville;banks;clark;47;m;w;cary;hanover;109;27511;nc
A;G002847;3455;mark;talbert;benfield;33;m;w;durham;park ridge;806;27713;nc
A;G002847;3456;mark;talbert;benfield;33;m;w;cary;fallen acorn;2202;27519;nc
A;G002848;3457;chanti;latisse;carson;32;f;b;durham;edinborough;703;27703;nc
A;G002848;3458;chanti;latisse;carson;32;f;b;durham;edinborough;703;27703;
A;G002849;3459;troy;a;buder;54;m;w;charlotte;londontowne;7011;28226;oc
A;G002850;3460;william;mark;hodan;46;m;w;durham;waterford valley;4301;27713;mi
A;G002851;3461;chinue;;grant;32;f;b;durham;fayetteville;1801;27707;nc
A;G002851;3462;chinue;kenyette;grant;32;f;b;raleigh;tapers;4806;27616;
A;G002852;3463;jason;hopkins;parker;31;m;w;durham;cherry blossom;4412;27713;nc
A;G002853;3464;vida;solace;awumey;36;f;b;durham;ashburn;505;27703;oc
A;G002853;3465;vida;solace;awumey;36;f;b;durham;ashburn;505;27703;oc
A;G002854;3466;lance;adam;odvody;40;m;w;morrisville;shadow mountain;101;27560;ne
A;G002855;3467;mowafag;awad;abdalla;55;m;b;durham;morreene;700;27705;oc
A;G002856;3468;matthew;james;babaian;40;m;w;durham;bennington;101;27713;nj
A;G002857;3469;donald;boyd;cole;50;m;b;durham;walton;514;27703;nc
A;G002857;3470;ronald;boyd;cole;50;m;b;durham;walton;514;27703;nc
A;G002858;3471;shawmonique;trichelle;malone;28;f;m;durham;singing woods;4908;27712;nc
A;G002858;3472;shawmonique;trichelle;malone;28;f;b;charlotte;sherington;8009;28227;nc
A;G002859;3473;sarah;elizabeth;mahon;36;f;w;cary;glen alpine;103;27513;nc
A;G002859;3474;sarah;elizabeth;mahon;36;f;w;cary;glen alpine;103;27513;nc
A;G002860;3475;lisa;lukasiewicz;broome;37;f;w;chapel hill;rhododendron;108;27517;ga
A;G002860;3476;lisa;marie lukasiewi;broome;37;f;w;raleigh;arckelton;4038;27612;ga
A;G002861;3477;traci;renee;thorne;44;f;w;durham;wake forest;5448;27703;nc
A;G002861;3478;traci;renee;thorne;44;f;w;raleigh;brookgate;8104;27617;nc
A;G002863;3479;sarah;jeanette;mcmillian;39;f;b;durham;chateau;114;27704;nc
A;G002864;3480;willie;clyde;barbee;70;m;b;durham;fargo;1211;27707;nc
A;G002865;3481;devirtis;frazier;marsh;36;f;b;durham;chester;907;27701;fl
A;G002865;3482;devirtis;frazier;marsh;36;f;b;spring hope;walnut;308;27882;fl
A;G002866;3483;bob;lennis;newton;42;m;b;durham;snowcrest;810;27707;nc
A;G002867;3484;mahogany;ashonti;monteith;25;f;b;durham;fayetteville;1801;27707;
A;G002867;3485;mahogany;ashonti;monteith;25;f;b;charlotte;cheshire;1251;28208;nc
A;G002868;3486;jason;jamier;bethea;31;m;b;durham;ellisfield;4221;27705;sc
A;G002869;3487;atiya;janiyah;burgman;18;f;b;durham;four seasons;3719;27707;nc
A;G002870;3488;kerri;birchfield;hassell;46;f;w;durham;chalk level;901;27704;oc
A;G002871;3489;kira;eileen;smith;33;f;m;durham;nation;2309;27707;
A;G002872;3490;lauren;remsen;habel;33;f;w;durham;seeman;120;27701;va
A;G002872;3491;lauren;remsen;habel;33;f;w;boone;psi;186;28607;va
A;G002873;3492;susan;caryl;hadler;67;f;w;chapel hill;colony woods;500;27517;dc
A;G002874;3493;kayla;justine;bernadas;28;f;w;raleigh;dixon;5500;27609;la
A;G002874;3494;kayla;justine;bernadas;28;f;m;boone;howard;740;28607;la
A;G002875;3495;kenneth;kekoa;barghausen;33;m;a;durham;lodestone;120;27703;hi
A;G002876;3496;zaneta;nicole;hyman;45;f;b;durham;blacknall;305;27703;nj
A;G002877;3497;benjamin;richard;payne;33;m;w;durham;moortown;4;27713;nc
A;G002877;3498;benjamin;richard;payne;33;m;w;raleigh;wyndfield;14212;27615;nc
A;G002878;3499;jeffrey;michael;perlstein;41;m;w;durham;hope valley;3118;27707;
A;G002879;3500;donna;ellis;hales;66;f;w;hillsborough;cates;1;27278;nc
A;G002880;3501;george;hilden;gensic;68;m;w;durham;curriculum;2;27713;in
A;G002880;3502;george;hilden;gensic;68;m;w;newland;carpenter;407;28657;in
A;G002881;3503;garriel;kenneth;griffin;37;m;w;durham;ninth;1013;27705;wa
A;G002881;3504;gabriel;k;griffin;37;m;w;durham;rosemary;1301;27705;wa
A;G002882;3505;marcus;james;dillon;39;m;w;durham;horseshoe;1032;27703;nc
A;G002883;3506;michael;kennedy;trivette;39;m;w;morrisville;molesworth;412;27560;va
A;G002884;3507;scott;vernon;averett;51;m;w;morrisville;merrion park;402;27560;nc
A;G002884;3508;scott;vernon;averett;51;m;w;greenville;breezewood;104;27858;nc
A;G002884;3509;scott;vernon;averett;51;m;w;raleigh;falls river;3508;27614;nc
A;G002885;3510;carla;gwyn martin;jardin;35;f;w;hillsborough;dogwood bloom;204;27278;nc
A;G002885;3511;carla;gwyn;martin;35;f;w;chapel hill;ashley forest;122;27514;nc
A;G002886;3512;peter;artur;mcdaniel;47;m;w;durham;larchmont;4225;27707;va
A;G002887;3513;jennifer;elizabeth;cardwell;30;f;w;clemmons;saxby;100;27012;nc
A;G002888;3514;corey;thomas;ishman;41;m;b;durham;copper ridge;5118;27707;md
A;G002889;3515;ryan;lis;laduke;34;m;w;durham;northlake;3819;27703;mi
A;G002890;3516;rogers;;miller;69;m;b;durham;plum;1023;27701;sc
A;G002891;3517;brittany;;young;31;f;b;durham;pace;1712;27705;
A;G002891;3518;brittany;young;anderson;31;f;b;winston salem;northwick;2450;27103;ga
A;G002892;3519;erica;lynn;bothwell;32;f;w;durham;holly grove;1412;27713;tx
A;G002893;3520;sarah;lucille;larson;35;f;w;durham;hope valley;4645;27707;mn
A;G002893;3521;sarah;lucille;jeliffe;35;f;w;clayton;kerriann;547;27520;
A;G002894;3522;ernest;harold;jamison;54;m;w;durham;hope valley;3409;27707;nc
A;G002894;3523;ernest;harold;jamison;54;m;w;cary;collington;1215;27511;nc
A;G002895;3524;raquan;myrik;cotton;26;m;b;durham;wyeth;2814;27707;nc
A;G002897;3525;holly;brooke;benton;51;f;w;chapel hill;braswell;105;27516;va
A;G002898;3526;kathryn;joy;byrd;33;f;w;durham;twin oaks;223;27712;nc
A;G002898;3527;kathryn;joy;byrd;33;f;w;chapel hill;legacy;1231;27516;nc
A;G002900;3528;ashley;monique;myers;29;f;o;raleigh;springsweet;2911;27612;ca
A;G002901;3529;brandon;mon a;james;33;m;b;durham;carroll;720;27701;nc
A;G002902;3530;vonzella;bonetia;hood;53;f;b;morrisville;apricot;104;27560;ny
A;G002903;3531;kiya;jade;pender pate;25;f;b;durham;fayetteville;1801;27707;nc
A;G002904;3532;naisha;dimples;mcmillan;23;f;b;durham;pritchard;1801;27707;nc
A;G002904;3533;natsha;dimples;mcmillan;23;f;b;durham;formosa;408;27707;nc
A;G002905;3534;nancy;lee;cobey;75;f;w;chapel hill;cedar club;248;27517;dc
A;G002905;3535;nancy;lee;cobey;75;f;w;chapel hill;oval park;203;27517;dc
A;G002906;3536;carol;carraccio;lentz;65;f;w;chapel hill;cosgrove;512;27514;pa
A;G002907;3537;vinal;vinodrai;lakhani;32;m;o;durham;lemongrass;4610;27713;nc
A;G002907;3538;vinal;vinodrai;lakhani;32;m;a;carrboro;jones ferry;209;27510;nc
A;G002907;3539;vinal;vinodrai;lakhani;32;m;a;apex;chanticlair;304;27502;nc
A;G002908;3540;benjamin;joseph;berenfield;24;m;w;chapel hill;longwood;207;27514;oh
A;G002909;3541;kristina;rose;williams;19;f;w;greenville;greenville;2219;27858;nc
A;G002910;3542;stephanie;jane;tepper;24;f;u;chapel hill;mccauley;235;27516;
A;G002911;3543;christopher;charles;martin;37;m;w;durham;north creek;1034;27707;mi
A;G002912;3544;victoria;ann;terwilliger;48;f;w;durham;whisperwood;5409;27713;ny
A;G002913;3545;dana;nicole;price;37;f;b;durham;baynes;1;27707;
A;G002914;3546;reginald;s;ollison;53;m;b;durham;hadrian;5408;27703;nc
A;G002915;3547;fern;may;braun;31;f;w;chapel hill;pritchard;408;27516;nc
A;G002916;3548;priscilla;lena;holman;53;f;b;raleigh;neuse wood;6149;27616;nc
A;G002917;3549;deborah;jeanne;hall;43;f;w;durham;friends school;4954;27705;ma
A;G002917;3550;deborah;jeanne;wojcik;43;f;w;chapel hill;glenmore;115;27516;ma
A;G002918;3551;tamara;a;reichert;59;f;w;durham;newquay;2614;27705;oh
A;G002919;3552;janet;mansfield;willett;47;f;w;chapel hill;wave;1010;27517;oh
A;G002920;3553;micholas;anshon;credle;37;m;b;raleigh;loft;202;27609;nc
A;G002920;3554;micholas;a;credle;37;m;b;apex;colony woods;2607;27523;nc
A;G002921;3555;chazle;nashea;lassiter;28;f;b;durham;ravenstone;505;27703;nc
A;G002922;3556;ginny;ann;buckner;68;f;w;durham;dovershire;405;27704;oh
A;G002923;3557;tanesha;r;mcauley;39;f;b;durham;summer breeze;411;27704;nc
A;G002924;3558;lucretia;abigail johnson;bell;28;u;u;sylva;raccoon;10;28779;nc
A;G002924;3559;lucretia;abigail;bell;28;f;w;bryson city;midway;195;28713;nc
A;G002925;3560;julie;marie;lowe;37;f;w;morrisville;wind river;1200;27560;la
A;G002926;3561;wesley;jordan;yellin;36;m;w;raleigh;manor club;4050;27612;ny
A;G002926;3562;wesley;jordan;yellin;36;m;w;cary;carpenter town;110;27519;ny
A;G002927;3563;tiera;shavonne;booker;28;f;b;durham;rippling stream;639;27704;nc
A;G002928;3564;lindsey;ritter;chan;35;f;w;durham;cobblestone;4112;27707;nc
A;G002928;3565;lindsey;rebecca;ritter;35;f;w;chapel hill;homestead;2701;27516;nc
A;G002929;3566;ashley;simone;roberts;25;f;b;reidsville;oakbrook;2006;27320;nc
A;G002929;3567;ashley;simone;oates;25;f;b;raleigh;spice ridge;6120;27606;nc
A;G002930;3568;jared;martin;stephenson;37;m;w;durham;vicksburg;5515;27712;nc
A;G002931;3569;barbara;ann;schuster;62;f;w;bahama;bahama;1821;27503;mi
A;G002931;3570;barbara;ann;schuster;62;u;u;raleigh;nelson ridge;10710;27617;
A;G002931;3571;barbara;ann;schuster;62;f;w;holly springs;sturminster;505;27540;mi
A;G002932;3572;shanika;sade;paylor;32;f;b;durham;holly grove;1607;27713;nc
A;G002932;3573;shanika;s;paylor;32;f;b;roxboro;jones;414;27573;nc
A;G002933;3574;shawna;renee;payne;46;f;b;morrisville;globe;3106;27560;dc
A;G002933;3575;shawna;renee;payne;46;f;b;durham;snowmass;1611;27713;
A;G002934;3576;sylvia;gabriela;sonnenberg;84;f;w;chapel hill;thorncroft;5;27517;oc
A;G002934;3577;sylvia;gabriela;sonnenberg;84;f;w;chapel hill;thorncroft;5;27517;oc
A;G002934;3578;sylvia;gabriela;sonnenberg;84;f;w;chapel hill;thorncroft;5;27517;oc
A;G002935;3579;quistina;cherrell;cheek;47;f;i;durham;rippling stream;229;27704;nc
A;G002936;3580;kirsten;;kane;54;f;w;chapel hill;village crossing;1013;27517;oc
A;G002937;3581;alexander;heracles;kolyer;41;m;w;durham;greystone;10;27713;ny
A;G002938;3582;noel;bruce;mcdevitt;54;m;w;durham;pettigrew;504;27701;nc
A;G002939;3583;sarah;ann;brinkley;28;f;w;greenville;exchange;1917;27858;oc
A;G002940;3584;kristina;michelle;krzywonos;30;u;u;durham;william penn;215;27704;
A;G002941;3585;marquis;james;pullen;29;m;b;durham;eastman;14106;27705;ct
A;G002941;3586;marquis;james;pullen;29;m;b;goldsboro;walnut;404;27530;
A;G002942;3587;john;douglas;walker;41;m;b;durham;pilot;405;27707;ny
A;G002943;3588;charles;antoine louis;pinault;63;m;w;raleigh;grovechase;10300;27617;
A;G002944;3589;jonathan;quinn;wehmann;37;m;w;durham;chestnut bluffs;5;27713;ct
A;G002944;3590;jonathan;quinn;wehmann;37;m;w;greenville;summit;205;27858;ct
A;G002944;3591;jonathan;quinn;wehmann;37;m;w;raleigh;hatfield;110;27603;ct
A;G002945;3592;katelyn;elizabeth;kingsley;39;f;u;durham;kilgo;3704;27705;ca
A;G002946;3593;kathleen;hanigan;carmody;66;f;w;durham;university;4800;27707;
A;G002947;3594;raymond;melton javon;summerville;39;m;b;durham;joel;27;27703;fl
A;G002948;3595;kira;ayana;wilson;23;f;b;durham;dixon;3507;27707;nc
A;G002949;3596;emily;lynn;holleran;35;f;w;durham;hill;1310;27707;nc
A;G002949;3597;emily;;holleran;35;f;u;king;redcoat;214;27021;
A;G002950;3598;katrina;puentevella;ong;28;f;o;durham;meridian;2543;27713;tx
A;G002951;3599;sarah;louise;hart;27;f;w;chapel hill;martin luther king jr;708;27514;oc
A;G002951;3600;sarah;louise;weiner;27;f;w;asheboro;anns;797;27205;oc
A;G002952;3601;ashley;renee;brown;32;f;b;durham;hidden meadow;18;27704;nc
A;G002953;3602;rena;murray;olimpo;49;f;w;durham;voyager;716;27712;nc
A;G002954;3603;susan;marie;mrache;62;f;w;durham;woodway club;1501;27713;mn
A;G002955;3604;brian;russell;deshazer;29;m;w;chapel hill;old oxford;2136;27514;ok
A;G002955;3605;brian;russell;deshazer;29;m;w;raleigh;hargett;408;27601;ok
A;G002956;3606;zachary;mark;bennett;31;m;w;durham;cove hollow;511;27703;
A;G002956;3607;zachary;mark;bennett;31;m;w;wilmington;peachtree;5037;28403;nc
A;G002957;3608;patrick;keith;mathis;48;m;w;durham;chestnut bluffs;14;27713;nc
A;G002958;3609;jessica;thompson;wells;39;f;w;durham;holt school;4301;27704;nc
A;G002958;3610;jessica;thompson;orr;39;f;w;seven lakes;seminole;122;27376;nc
A;G002959;3611;terri;johnson;matthews;42;f;b;durham;rawdon;3630;27713;nc
A;G002959;3612;terri;denise;johnson;42;f;b;elizabethtown;poplar;1000;28337;nc
A;G002960;3613;joanna;haiyoung;yu;37;f;a;durham;big bluff;4;27712;nc
A;G002960;3614;joanna;haiyoung;yu;37;f;o;durham;big bluff;4;27712;nc
A;G002961;3615;curtis;allan;barbee;32;m;w;durham;guess;5731;27712;nc
A;G002962;3616;sharon;irene;napier thompson;62;f;w;bailey;hornes church;1510;27807;wv
A;G002962;3617;sharon;irene;napier;62;f;w;cedar grove;caviness jordan;7909;27231;wv
A;G002963;3618;erica;lenae;jacobs;37;f;b;durham;palmer;1700;27707;nc
A;G002963;3619;erica;lenae;jacobs;37;f;b;burgaw;crepe myrtle;228;28425;nc
A;G002964;3620;mericul;leshall;moore;31;f;b;raleigh;magellan;5704;27612;in
A;G002965;3621;crystal;;hunter;31;f;b;durham;slateworth;1000;27703;va
A;G002966;3622;andrew;marshall;sadowski;36;m;w;durham;constitution;910;27705;or
A;G002967;3623;kylie;edwards;harris;44;f;w;chapel hill;beecham;1480;27517;nc
A;G002967;3624;kylie;edwards;harris;44;f;w;chapel hill;kenmore;729;27514;nc
A;G002968;3625;wyndi;manning;phillips;45;f;w;raleigh;river bank;10216;27614;nc
A;G002969;3626;xiaowei;;yang;44;f;a;durham;hillsborough;2211;27705;oc
A;G002970;3627;katrina;jo;williams;44;f;w;hillsborough;churton;600;27278;in
A;G002970;3628;katrina;jo;williams;44;f;w;chapel hill;pinegate;204;27514;in
A;G002971;3629;brittany;michelle;edney;32;f;w;durham;albritton;3723;27705;nc
A;G002971;3630;brittany;michelle;edney;32;f;w;carrboro;davie;300;27510;nc
A;G002972;3631;nicholas;daniel;faber;39;m;w;carrboro;cedarwood;202;27510;va
A;G002973;3632;radhika;sanjeev;deshmukh;29;f;a;chapel hill;howell;115;27514;oc
A;G002974;3633;nicole;ashley;rice clewell;24;f;o;charlotte;angelica;8015;28277;fl
A;G002975;3634;courtney;;brewington;26;f;m;durham;aaron circle;429;27713;
A;G002975;3635;courtney;olivia;brewington;26;f;m;raleigh;lenoxplace;1024;27603;va
A;G002976;3636;nancy;elizabeth;leavell;65;f;w;raleigh;shore view;3221;27613;nc
A;G002977;3637;jennifer;lenora;stutzman;37;f;w;durham;carver;4117;27712;ca
A;G002978;3638;alexis;sierra;walker;23;f;b;durham;snow hill;1100;27712;nc
A;G002979;3639;stephanie;b;frazier;46;f;b;durham;raynor;312;27703;ny
A;G002980;3640;alexander;;mercer;46;m;b;durham;lane;2509;27707;nc
A;G002980;3641;alexander;;mercer;46;m;b;raleigh;wilmington;1420;27603;nc
A;G002981;3642;theresa;adelaide;stroisch;44;f;u;charlotte;governor morrison;721;28211;id
A;G002982;3643;michael;anthony;spears;21;m;b;durham;red oak;1212;27707;ct
A;G002983;3644;aresa;katiana;hairston;31;f;b;morrisville;allagosh;200;27560;ca
A;G002983;3645;aresa;katiana;parker;31;f;b;raleigh;hamilton club;10811;27617;ca
A;G002984;3646;jana;alexis;roberts;25;f;b;durham;hudson;1313;27705;nc
A;G002985;3647;mary;agnes;cromer;50;f;w;durham;citation;48;27713;oh
A;G002985;3648;mary;agnes;cromer;50;f;w;cary;silverberry;320;27513;oh
A;G002986;3649;juan;carlos;verdin;39;m;u;durham;shiley;1319;27704;
A;G002986;3650;juan;carlos;verdin;39;m;u;cary;dominion oak;727;27519;in
A;G002987;3651;alya;;anderson;27;f;w;durham;wellwater;321;27703;
A;G002988;3652;tierra;simone;legrande;26;f;b;durham;fayetteville;1801;27707;nc
A;G002988;3653;tierra;simone;legrande;26;f;b;greenville;hyde;2114;27858;nc
A;G002989;3654;lauren;kathleen;ritzert;34;f;w;raleigh;sunscape;4411;27613;oh
A;G002990;3655;robin;nanette;swinging;55;f;u;raleigh;ruark;2100;27608;
A;G002991;3656;tadeusz;edward;kleindienst;68;m;w;durham;wineberry;5116;27713;ca
A;G002991;3657;tadeusz;edward;kleindienst;68;m;w;hillsborough;cheyenne;1705;27278;ca
A;G002992;3658;john;paul;kindem;38;m;w;chapel hill;oxfordshire;710;27517;nc
A;G002993;3659;sheryl;marie;grady;34;f;b;kinston;brentwood;1101;28501;nc
A;G002993;3660;sheryl;marie;grady;34;f;b;raleigh;grand estate;7910;27617;nc
A;G002994;3661;jasmine;kadija;hall;22;f;m;raleigh;snapswell;2901;27614;nc
A;G002995;3662;alexandra;marianna;kisiel;33;f;w;durham;woodridge;114;27707;ca
A;G002996;3663;kenndra;kamelah;quiles;44;f;b;durham;rosedale;1301;27707;nj
A;G002997;3664;linda;karen;griffin;68;f;w;durham;somerknoll;6710;27713;nc
A;G002997;3665;linda;karen;griffin;68;f;w;chapel hill;martin luther king jr;620;27514;nc
A;G002998;3666;galen;lashaun;elliott;37;m;a;charlotte;village green;7134;28215;
A;G002999;3667;naomi;denise;dolby;48;f;b;durham;buffalo;2026;27704;nc
A;G003000;3668;robert;lynn;bishop;44;m;w;cary;cambrian;109;27511;tn
A;G003001;3669;richard;benoni;moore;48;m;b;robersonville;academy;501;27871;nc
A;G003002;3670;jenni;rasnake;neighbors;40;f;w;jacksonville;riverbend;231;28540;tn
A;G003003;3671;ricky;jermaine;leggett;32;m;b;durham;cornwallis;1711;27713;ct
A;G003004;3672;lashawn;miata;mcfarland;46;f;b;raleigh;lake ridge;4201;27604;ny
A;G003005;3673;johnnie;maurice;edwards;52;m;b;durham;bluestone;603;27713;nc
A;G003006;3674;kyle;patrick;hefley;42;m;w;hillsborough;rex;714;27278;ny
A;G003007;3675;kimberly;ann;novick;38;f;w;durham;demerius;811;27701;md
A;G003008;3676;brandon;neal;blevins;49;m;w;raleigh;tealford;4401;27612;oc
A;G003009;3677;cynthia;jewell;meade;42;f;w;roxboro;painter hill;82;27574;va
A;G003010;3678;cara;melanie;williams;49;f;b;durham;berrymeadow;4;27703;sc
A;G003011;3679;alonza;rose;pamplin;28;f;b;durham;raynor;414;27703;nc
A;G003012;3680;jessica;leigh;powell;35;f;w;durham;willow bridge;56;27707;tn
A;G003013;3681;benaldo;franzellis;purefoy;31;m;b;durham;hoover;1126;27703;nc
A;G003013;3682;benaldo;franzellis;purefoy;31;m;b;durham;dowd;705;27701;nc
A;G003014;3683;heidi;danielle;wilkerson;39;f;w;durham;fayetteville;5842;27713;nc
A;G003014;3684;heidi;danielle;wilkerson;39;f;w;wilmington;hearthside;4125;28412;nc
A;G003014;3685;heidi;danielle;wilkerson;39;f;w;morrisville;winter walk;2121;27560;nc
A;G003015;3686;richard;darrius;thompson;33;m;b;durham;brier crossings;813;27703;nc
A;G003016;3687;persal;;bethune;65;m;b;durham;cascade falls;500;27713;nc
A;G003017;3688;lyle;charles;fiore;41;m;w;durham;maryland;1405;27705;la
A;G003018;3689;dawjuan;maurice;prince;31;m;b;durham;university;4800;27707;nc
A;G003019;3690;angelica;jeannette;curry;27;f;b;durham;park ridge;900;27713;ne
A;G003020;3691;yasamin;;haghshenas;25;f;i;durham;innisfree;26;27707;nc
A;G003021;3692;benjamin;james;beck;33;m;w;durham;country;1220;27713;oh
A;G003022;3693;emily;hungarter;silver;29;f;w;durham;marywood;3302;27712;pa
A;G003023;3694;thomas;michael;gallagher;24;m;w;hillsborough;hardscrabble;1615;27278;nc
A;G003023;3695;thomas;michael;gallagher;24;m;w;boone;yosef;389;28607;nc
A;G003024;3696;lovie;geraldlisia;matthews;26;f;b;durham;chalk level;901;27704;tn
A;G003024;3697;lovie;geraldlisia;matthews;26;f;b;charlotte;via romano;5652;28270;tn
A;G003025;3698;scott;richardson;royal;29;m;w;durham;finsbury;201;27703;
A;G003025;3699;scott;;royal;29;u;w;wilmington;harbour;1192;28401;
A;G003025;3700;scott;richardson;royal;29;m;w;chapel hill;conner;207;27514;tx
A;G003026;3701;christian;james;parent;33;m;w;raleigh;township;1900;27609;ct
A;G003027;3702;wanda;marie;cothern;62;f;w;durham;ross;2551;27703;nc
A;G003028;3703;anna;michelle;crane;31;f;w;durham;clarion;803;27705;va
A;G003029;3704;christopher;;healy;30;m;w;durham;jean;4357;27707;
A;G003030;3705;rosie;jane;australie;30;f;w;durham;garrett;4011;27707;ga
A;G003031;3706;danny;christopher;hill;59;m;w;durham;front;1829;27705;nc
A;G003031;3707;danny;christopher;hill;59;m;w;raleigh;tetbury;4504;27613;nc
A;G003032;3708;richard;hartley;schmidt;59;m;w;durham;grandale;6023;27713;fl
A;G003033;3709;john;serge;taylor;73;m;w;chapel hill;lancaster;300;27517;ny
A;G003034;3710;marcia;coates;grimsley;70;f;w;clayton;groundsel;296;27527;nc
A;G003035;3711;ronnie;lee;daniels;60;m;b;durham;elizabeth;208;27701;nc
A;G003035;3712;ronnie;l;daniels;60;m;b;goldsboro;ash;1300;27530;nc
A;G003036;3713;travis;ezekiel joel;johnson;26;m;b;durham;huntsman;1015;27713;mi
A;G003037;3714;david;alexander;starnes;25;m;b;raleigh;ncsu bragaw;0;27607;
A;G003038;3715;jesse;micah;hall;25;m;w;benson;nc 50;4900;27504;nc
A;G003038;3716;jesse;micah;hall;25;m;w;chapel hill;misty woods;101;27514;nc
A;G003039;3717;ny che;laura;thomas;21;f;b;durham;cornwallis;1400;27713;md
A;G003040;3718;emily;claire;withers;32;f;w;durham;price;402;27707;nc
A;G003041;3719;tej;samir;dhond;23;u;u;charlotte;5th;300;28202;oc
A;G003042;3720;michael;a;ingersoll;30;m;w;charlotte;woodhollow;10514;28227;ny
A;G003043;3721;shakela;brianna;jeffries;24;f;b;charlotte;university city;9201;28223;nc
A;G003044;3722;lisa;rene;turner;52;u;u;durham;roxboro;5515;27713;
A;G003044;3723;lisa;rene;turner;52;f;w;cary;bluff oak;3103;27519;fl
A;G003045;3724;alexis;marie;yowell;35;f;b;charlotte;cliff cameron;8800;28269;ky
A;G003045;3725;alexis;marie;yowell;35;f;b;henderson;dabney;381;27537;ky
A;G003046;3726;gena;renee;nolan;35;f;w;durham;jonquil;723;27712;nc
A;G003046;3727;gena;nolan;waller;35;f;w;salisbury;balfour quarry;1050;28146;nc
A;G003047;3728;victoria;lynn;bowden;45;f;m;durham;sparger springs;50;27705;nj
A;G003047;3729;victoria;lynn;bowden;45;f;b;cary;northlands;320;27519;nj
A;G003048;3730;william;joseph;stager;71;m;w;chapel hill;forest glen;29;27517;oh
A;G003049;3731;keith;lamark;gibson;54;m;b;henderson;deer chase;207;27537;nj
A;G003050;3732;martin;alan;mattson;42;m;w;morrisville;arringdon park;5710;27560;la
A;G003051;3733;jason;patrick;page;44;m;w;durham;north;1201;27701;
A;G003052;3734;lisa;ann;heimbach;37;f;w;durham;alsey;3216;27707;oh
A;G003053;3735;katy;elizabeth;osborne;34;f;w;charlotte;sidney crest;11717;28213;
A;G003054;3736;david;andrews;perry;38;m;w;durham;crenshaw;8002;27713;nc
A;G003055;3737;traci;jean;tiemann;32;f;u;cary;renaissance park;3417;27513;
A;G003057;3738;emma;rose;dufrane;32;f;a;durham;valley run;1518;27707;oc
A;G003058;3739;david;morton;freedman;89;m;w;chapel hill;culp hill;228;27517;ny
A;G003059;3740;penelope;mary;broughton;22;u;u;durham;chelsea;2811;27707;nc
A;G003059;3741;penelope;mary;broughton;22;f;w;greenville;3rd;1601;27858;nc
A;G003060;3742;christopher;blust;burns;34;m;w;durham;bedford;2117;27707;il
A;G003060;3743;christopher;blust;burns;34;m;w;chapel hill;ephesus church;1250;27517;il
A;G003061;3744;kirsten;tanye;smith;22;f;b;durham;missell;3838;27713;nc
A;G003062;3745;ariel;catherine;reynolds;36;f;w;durham;colgate;607;27704;
A;G003063;3746;matthew;lynn;tomsic;31;m;w;chapel hill;summerwalk;178;27517;nc
A;G003063;3747;matthew;lynn;tomsic;31;m;w;charlotte;redcoat;1707;28211;nc
A;G003063;3748;matthew;lynn;tomsic;31;m;w;wilmington;towles;6576;28409;nc
A;G003064;3749;si yang;;miao;29;m;a;charlotte;5th;824;28202;
A;G003065;3750;danielle;nicole;watson;33;f;b;jacksonville;forest;3;28540;va
A;G003066;3751;jaleesa;morrissa;mccoy;24;f;b;durham;lasalle;311;27705;va
A;G003066;3752;jaleessa;morrissa;mccoy;24;f;b;dunn;saint;311;28334;va
A;G003067;3753;chelsea;rae;meade;26;f;w;raleigh;calumet;3271;27610;pa
A;G003068;3754;jerome;mcarther;scott;22;m;b;durham;fayetteville;1801;27707;ny
A;G003069;3755;stephen;joseph;tuwamo;22;u;u;charlotte;blue aster;8438;28269;nc
A;G003070;3756;calvin;ray;lee;54;m;b;durham;elizabeth;208;27701;nc
A;G003071;3757;madeline;sara;baker;26;f;w;durham;carlton crossing;4909;27713;nc
A;G003071;3758;madeline;sara;baker;26;f;u;chapel hill;maxwell;76;27517;nc
A;G003072;3759;christy;jeffries;hinton;59;u;u;durham;hitchcock;2657;27705;nc
A;G003073;3760;mary;elizabeth barker;coco;29;f;w;durham;flat river;3435;27703;nc
A;G003074;3761;janiece;latwan;ross;36;f;b;durham;meriwether;4001;27704;nc
A;G003075;3762;ruth;elizabeth;jaworski;45;f;w;durham;rolling meadows;5002;27703;nc
A;G003076;3763;karlton;webster;creech;46;m;w;durham;somerdale;8003;27713;nc
A;G003077;3764;marilyn;riley;tilley;78;f;w;statesville;kings grant;445;28625;nc
A;G003078;3765;tarshena;darshea;taylor;49;f;b;raleigh;cove bridge;1105;27604;ny
A;G003079;3766;kari;laurel;breed;39;f;w;garner;glen creek;5029;27529;tx
A;G003080;3767;judi;johnson;smith;76;f;w;durham;timbercreek;5;27712;nc
A;G003081;3768;monica;latreace;pierce;42;f;b;durham;myra;3224;27707;nc
A;G003081;3769;monica;latreace;pierce;42;f;b;raleigh;karlbrook;4438;27616;nc
A;G003082;3770;harriett;jones;partlow;62;f;u;durham;rose garden;15206;27707;sc
A;G003083;3771;james;s;corken;51;m;w;hillsborough;becketts ridge;2605;27278;il
A;G003084;3772;heather;bethea;horne;36;f;w;durham;mulberry;34;27713;nc
A;G003085;3773;gerri;marcia;harris;41;f;b;hillsborough;penwick;3;27278;va
A;G003086;3774;christopher;michael;burnette;28;m;b;durham;fieldcrest;9;27713;nc
A;G003087;3775;shiva;rena;liverman;37;f;b;durham;balfour east;3408;27713;
A;G003087;3776;shiva;rena;liverman;37;f;b;raleigh;timber crest;8331;27617;nj
A;G003088;3777;lauren;katherine;efird;34;f;w;durham;roxboro;5515;27713;sc
A;G003089;3778;kristina;odessa nicole;williams;29;u;b;durham;liberty;1211;27703;fl
A;G003090;3779;tremaine;jerome;baker;34;m;b;morrisville;keystone park;705;27560;nc
A;G003090;3780;tremaine;jerome;baker;34;m;b;wake forest;bramden;9320;27587;nc
A;G003091;3781;william;h;randolph;59;m;b;charlotte;reafield;6611;28226;ks
A;G003092;3782;robert;grenier;whitman;60;m;w;apex;branston;2641;27539;
A;G003093;3783;thiernomamadou;djelo;bah;26;m;b;charlotte;steele meadow;9826;28273;ny
A;G003094;3784;lydia;follett;yehling;64;f;w;chapel hill;hayes;60;27517;la
A;G003095;3785;jeannette;mar sha;brown;24;f;b;durham;fayetteville;1801;27707;
A;G003096;3786;jonathan;clay;granger;24;m;b;charlotte;dervish;12611;28269;
A;G003097;3787;victoria;monique;jones;27;u;u;durham;fayetteville;1801;27707;
A;G003097;3788;victoria;monique;jones;27;f;b;raleigh;coppersmith;7616;27615;
A;G003098;3789;michael;;mutuku;40;m;b;durham;glendale;3021;27704;
A;G003099;3790;sabonia;nicole;stewart;44;f;b;durham;maymount;501;27703;nj
A;G003100;3791;shamira;lee;ruiz;30;f;b;durham;roxboro;808;27707;
A;G003100;3792;shamira;lee;ruiz;30;f;o;durham;exum;914;27701;ny
A;G003101;3793;christina;rusa;jusino;29;f;u;chapel hill;branson;201;27514;
A;G003101;3794;christina;rosa;jusino;29;f;w;raleigh;creek ridge;5317;27607;va
A;G003102;3795;david;michael;fleming;53;m;w;durham;epping;17;27703;ny
A;G003102;3796;david;michael;fleming;53;m;w;cary;millhous;1123;27513;ny
A;G003103;3797;mercedes;aurelia;bravo;36;f;u;raleigh;liana;10017;27613;nc
A;G003104;3798;erin;elizabeth;morton;29;f;w;durham;duke;1000;27701;
A;G003104;3799;erin;elizabeth;morton;29;f;w;raleigh;silver sage;1340;27606;nc
A;G003105;3800;easton;marie;murray;23;f;w;garner;mary;108;27529;ny
A;G003106;3801;elizabeth;kendall;weaver;22;f;w;salisbury;riverwalk;729;28146;nc
A;G003107;3802;dawood;sulaiman;baijan;44;m;w;raleigh;geary;3214;27610;oc
A;G003108;3803;brendan;pierce;gannon;47;m;w;durham;sanderson;705;27704;ma
A;G003109;3804;anne;freeman;smeal;75;f;w;durham;dare pines;107;27703;nc
A;G003110;3805;michael;;hayes;27;u;u;durham;roxboro;2601;27704;nc
A;G003111;3806;sydney;elaine;thomas;30;f;b;chapel hill;dartford;14;27517;nc
A;G003112;3807;paul;michael;roper;63;m;w;durham;spring garden;112;27713;ca
A;G003113;3808;lauryn;everett;murphy;29;f;b;lillington;day dorm;200;27546;
A;G003113;3809;lauryn;;bailey;29;u;u;raleigh;pinewinds;1509;27603;
A;G003114;3810;tamika;;black;43;u;b;knightdale;trenburg;5420;27545;
A;G003115;3811;danan;marie;spielman;42;f;w;durham;dresden;5001;27707;tx
A;G003116;3812;letanya;anitraous;love;42;f;b;durham;chimney ridge;3706;27713;nc
A;G003117;3813;emily;gill;brassell;44;f;w;hillsborough;jacobs;1104;27278;nc
A;G003118;3814;willa;marie;wilkinson;78;f;w;durham;fortunes ridge;5500;27713;ca
A;G003119;3815;thomas;benjamin;gilson;44;m;o;durham;burch;1008;27701;il
A;G003120;3816;david;yung;ming;38;m;o;durham;erwin;2616;27705;tx
A;G003120;3817;david;yung;ming;38;m;a;chapel hill;kingsbury;144;27514;tx
A;G003121;3818;nikia;person;knight;39;f;b;raleigh;edgerton;4851;27612;nc
A;G003122;3819;kent;robert;lytle;29;m;w;durham;highgate;4600;27713;ny
A;G003123;3820;sara;elizabeth;welliver;37;f;w;durham;bridgeman;5521;27703;sc
A;G003124;3821;lindsay;katherine;buchert;34;f;w;durham;rose garden;11303;27707;ny
A;G003124;3822;lindsay;katherine;buchert;34;f;w;charlotte;sharon;5809;28210;ny
A;G003125;3823;muriel;e;williman;50;f;u;chapel hill;circle;33;27516;oc
A;G003126;3824;bengy;lee;brock;43;m;w;durham;wake forest;3420;27703;fl
A;G003127;3825;derick;lynn;shepherd;39;m;w;durham;slateworth;505;27703;
A;G003127;3826;derick;lynn;shepherd;39;m;w;raleigh;cameron crest;6902;27613;oh
A;G003128;3827;brendan;john;kilcoyne;62;m;w;durham;armitage;4311;27703;
A;G003129;3828;tamara;a;king;30;f;b;durham;fayetteville;1801;27707;oh
A;G003129;3829;tamara;alish;king;30;f;b;raleigh;terra verde;6310;27609;
A;G003130;3830;matthew;emil;milliken;47;m;w;henderson;north woods;124;27536;ny
A;G003132;3831;paul;angus;cameron;56;m;w;carrboro;oak;103;27510;nc
A;G003133;3832;grayson;andrew;freas;30;m;w;durham;irving;224;27703;nc
A;G003133;3833;grayson;andrew;freas;30;m;w;moravian falls;brushy mountain;7495;28654;nc
A;G003134;3834;sadie;taylor;perry;81;f;b;durham;ross;2603;27703;sc
A;G003134;3835;sadie;h;taylor;81;f;b;durham;ross;2603;27703;sc
A;G003135;3836;timothy;james;tunis;30;m;w;hillsborough;botan;501;27278;wv
A;G003135;3837;timothy;james;tunis;30;m;w;cary;mount eden;304;27518;wv
A;G003136;3838;breana;renee;hayden;23;f;b;durham;broad;1219;27705;
A;G003137;3839;roberta;geiger;jackson;77;f;b;durham;maynard;205;27704;sc
A;G003138;3840;samuel;charles;demers;31;u;u;durham;laurel springs;300;27713;oh
A;G003139;3841;rachel;valerie;kimbrough;23;f;w;durham;green;1212;27701;ny
A;G003139;3842;rachel;valerie;kimbrough;23;f;w;wrightsville beach;nathan;9;28480;ny
A;G003140;3843;kayla;anne;mallon;36;f;w;durham;gregson;610;27701;nm
A;G003140;3844;kayla;anne;fuga;36;f;w;raleigh;arrow creek;10301;27617;nm
A;G003141;3845;matthew;louis;fox;32;m;w;chapel hill;hales wood;326;27517;nc
A;G003141;3846;matthew;louis;fox;32;m;w;chapel hill;gold mine;6001;27516;nc
A;G003142;3847;robert;;mariscal;27;m;o;durham;tattersall;5803;27713;
A;G003143;3848;marilyn;joy;roush;78;f;w;chapel hill;tinkerbell;828;27517;in
A;G003144;3849;dorothea;r;royal;98;f;w;rockwell;sides;2805;28138;
A;G003145;3850;joseph;walter;hardin;28;m;b;raleigh;collegeview;1430;27606;oh
A;G003146;3851;jerome;boyd;hallan;27;m;w;durham;haddon;3227;27705;nc
A;G003147;3852;mary;elizabeth;inglut;30;f;w;durham;lantern view;12;27703;ny
A;G003148;3853;deborah;ann;nostrand;56;f;w;durham;ben bow;1221;27704;ne
A;G003149;3854;joseph;russell;montana;49;m;w;raleigh;cattle farm;207;27603;ny
A;G003150;3855;kyle;;jackson;34;m;w;durham;duke of gloucester;24;27713;
A;G003151;3856;colin;andrew;lavigne;33;m;w;raleigh;knickerbocker;3900;27612;ia
A;G003152;3857;sharif;jamal;jefferson;23;m;b;durham;sudbury;4014;27704;wv
A;G003153;3858;kathryn;borys;hamilton;68;f;w;raleigh;silver view;7468;27613;nj
A;G003154;3859;ryan;scott;hudson;27;m;w;durham;morrell;8013;27713;tx
A;G003155;3860;stephen;michael;deguglielmo;27;m;w;durham;finsbury;300;27703;nc
A;G003156;3861;jodi;lee;baker;47;f;w;pinehurst;red cedar;12;28374;mi
A;G003157;3862;samuel;andrew michael;duncan;30;m;w;raleigh;caversham;7330;27617;ny
A;G003158;3863;angelo;;sphere;44;m;w;durham;prince;2313;27707;ca
A;G003158;3864;angelo;;sphere;44;m;o;durham;mangum;1011;27701;ca
A;G003159;3865;jessica;ann;fox;33;f;w;raleigh;yellow wood;10001;27617;fl
A;G003160;3866;andrew;ali;aghapour;33;m;m;durham;willoughby;6;27713;sc
A;G003161;3867;joshua;taylor;moore;25;m;w;raleigh;long and winding;2304;27603;nc
A;G003162;3868;joan;marie;edmiston;52;f;w;durham;gardenview;4;27713;ne
A;G003163;3869;natalie;lynn;kotuby;31;u;w;durham;rolling pines;2404;27703;
A;G003164;3870;matthew;gregory;mello;29;m;m;durham;danube;4801;27704;
A;G003165;3871;andrew;kirk;spicer;29;m;w;wilmington;pelican point;101;28409;nc
A;G003166;3872;william;paul;brennan;30;m;w;cary;montford hall;201;27519;nc
A;G003166;3873;william;paul;brennan;30;m;w;boone;furman;204;28607;nc
A;G003167;3874;jean;paul;dame;52;m;u;durham;ibis;205;27703;ca
A;G003167;3875;jean;paul;dame;52;m;w;durham;brier crossing;712;27703;ca
A;G003168;3876;angela;marie;crawford;51;f;b;durham;severn grove;5730;27703;pa
A;G003169;3877;jessica;lynn;jones;33;f;o;durham;old page;4922;27703;nc
A;G003170;3878;christof;chiu;smith;27;u;u;chapel hill;village crossing;1907;27517;
A;G003171;3879;michaela;;dwyer;27;u;u;durham;buchanan;506;27701;
A;G003172;3880;molly;allyn;rosett;31;u;u;durham;ridge;3102;27705;
A;G003172;3881;molly;allyn;rosett;31;f;w;apex;tiltonshire;2419;27539;ma
A;G003173;3882;donna;lajeanne;mccauley;57;f;w;rougemont;equestrian chase;113;27572;nc
A;G003174;3883;anna;maria;cianci;54;f;w;winston salem;hearthside;135;27104;pa
A;G003175;3884;carole;hart;stewart;59;f;w;fuquay varina;lauraca;6245;27526;ga
A;G003176;3885;christina;margaret;nix;53;f;w;raleigh;wakespring;2201;27614;nj
A;G003177;3886;efrain;n;pineiro;76;m;w;hillsborough;bridge;336;27278;pr
A;G003178;3887;darius;brian;grissom;46;m;b;durham;drakesway;5;27713;nc
A;G003179;3888;marshall;alan;robers;45;m;w;durham;meadowrun;3401;27707;va
A;G003180;3889;aysha;janet;evans;47;f;w;durham;sarah;2705;27707;nc
A;G003180;3890;aysha;evans;ault;47;f;w;wrightsville beach;lookout harbor;12;28480;nc
A;G003181;3891;tammy;bryant;hardie;41;f;w;durham;geer;3106;27704;sc
A;G003182;3892;steve;allen;correll;63;m;w;raleigh;village glenn;1526;27612;mn
A;G003183;3893;ruth;elizabeth;patterson;59;f;w;hillsborough;little river;2910;27278;mi
A;G003184;3894;mattie;;arnold;88;f;b;cary;pointe crest;120;27513;oc
A;G003185;3895;carl;winston;clayton;69;m;w;durham;meadhall;5;27713;nc
A;G003185;3896;carl;winston;clayton;69;m;w;pikeville;western wayne;204;27863;nc
A;G003186;3897;eileen;marie;rankin;56;f;w;hillsborough;fawnbrook;7810;27278;ny
A;G003187;3898;donna;ann;vaughan;55;f;w;durham;hudson;1309;27705;nc
A;G003189;3899;julie;louise;nash;45;f;w;durham;fortunes ridge;5001;27713;pa
A;G003190;3900;carolean;conelia;craig;67;f;b;chapel hill;dobbins;1749;27514;nc
A;G003191;3901;christian;watson;hancock;42;f;w;charlotte;mecklenburg;2320;28205;sc
A;G003192;3902;grant;thomas;cruise;38;m;w;durham;otters;15;27712;nc
A;G003193;3903;clara;;townsend;83;f;w;morrisville;page;3306;27560;nc
A;G003194;3904;janice;larter;woody;54;f;w;durham;marywood;3118;27712;wv
A;G003195;3905;ivy;gould;fowler;59;f;w;wilmington;royal palm;2502;28409;nj
A;G003196;3906;billie;high;grissom;85;f;w;durham;alston;4901;27713;nc
A;G003197;3907;peggy;ann;messick;62;f;b;raleigh;marshlane;3625;27610;va
A;G003198;3908;joanna;joy;burgess;56;f;w;apex;chapel valley;308;27502;ny
A;G003199;3909;jane;yates;butler;66;f;w;durham;ladd;6620;27712;nc
A;G003200;3910;robert;huntley;davis;39;m;w;raleigh;pamlico;4500;27609;nc
A;G003201;3911;sandra;renee;zellars;51;f;b;durham;cornwallis;1719;27713;ms
A;G003202;3912;justine;brand;collins;34;f;w;rougemont;roxboro;13017;27572;fl
A;G003203;3913;huiman;xie;barnhart;53;f;a;durham;elam;8;27705;oc
A;G003204;3914;scott;vernon;pose;51;m;w;raleigh;kintail;1216;27613;ia
A;G003205;3915;nadia;goineau;aram;42;f;w;raleigh;cameron view;1341;27607;sc
A;G003206;3916;jared;michael;gibson;31;m;b;charlotte;calloway glen;13560;28273;nc
A;G003207;3917;elizabeth;nelme;shelton;41;f;w;durham;valley run;1621;27707;nc
A;G003208;3918;krista;l;deutschmann;40;f;w;matthews;paces;10520;28105;mo
A;G003209;3919;catherine;d;holland;93;f;w;chapel hill;cedar club;543;27517;nc
A;G003210;3920;keisha;;underdue;49;f;b;durham;lednum;2309;27705;
A;G003211;3921;michael;edward;drew;38;m;w;raleigh;yarborough park;1423;27604;ca
A;G003212;3922;margaret;a;mulligan;63;f;w;durham;marywood;3118;27712;ny
A;G003213;3923;fantasia;le carol;jones;30;f;b;durham;fayetteville;1801;27707;ca
A;G003214;3924;cameron;wade;tripp;30;m;b;durham;chapel hill;2920;27707;nc
A;G003215;3925;jody;;grandy;47;f;b;durham;old page;4922;27703;ny
A;G003215;3926;jody;;grandy;47;f;b;williamston;nai rad;1060;27892;
A;G003215;3927;jody;carlinda;grandy;47;f;b;raleigh;northstone;4040;27604;ny
A;G003216;3928;james;vernon;johnston;82;m;w;tarboro;nc 42;6812;27886;ky
A;G003216;3929;james;vernon;johnston;82;m;w;winterville;circle;2516;28590;ky
A;G003217;3930;faith;elizabeth;tomblin;34;f;w;winston salem;creekshire;1315;27103;al
A;G003217;3931;faith;elizabeth;tomblin;34;f;w;spindale;country;101;28160;al
A;G003218;3932;joel;thomas;sutherland;33;m;w;durham;holly hill;2234;27713;or
A;G003219;3933;brenn;andrew;hill;36;m;w;durham;mineral springs;927;27703;ca
A;G003220;3934;elise;christina simon;bisbee;35;f;w;durham;baccalaureate;117;27713;co
A;G003221;3935;beth;ann;taylor;58;f;w;hillsborough;old nc hwy 86;3220;27278;pa
A;G003222;3936;karen;suria;gonzalez;39;f;o;durham;iredell;1012;27705;oc
A;G003222;3937;karen;suria;gonzalez;39;u;u;durham;sky lane;5200;27704;
A;G003223;3938;matthew;miller;howard;34;u;b;durham;james;1820;27707;
A;G003223;3939;matthew;m;howard;34;m;b;rockingham;ann;700;28379;la
A;G003224;3940;antwain;rodriquez;jackson;38;m;b;durham;delano;1118;27703;nc
A;G003225;3941;perry;marshall;jones;42;m;b;cary;pony club;228;27519;oc
A;G003226;3942;allen;nelson;sharpe;77;m;w;chapel hill;bearkling;1917;27517;nc
A;G003226;3943;allen;nelson;sharpe;77;m;w;brevard;lake house;185;28712;nc
A;G003227;3944;ashley;michelle;boyd;32;f;m;durham;bellmore;6;27703;
A;G003228;3945;kevin;r;hoyle;29;m;b;durham;emerald forest;4304;27713;
A;G003228;3946;kevin;raynard;hoyle;29;m;b;cary;dove cottage;222;27519;va
A;G003229;3947;kossi;ayikouma;agbeve;42;m;b;durham;lynn forest;300;27713;oc
A;G003230;3948;mindy;sue;morgan;43;f;w;durham;grosmont;4;27704;ia
A;G003231;3949;laura;rose;wagner;36;f;w;durham;green;1112;27701;ca
A;G003231;3950;laura;rose;wagner;36;f;w;carrboro;forest;402;27510;ca
A;G003232;3951;laura;marie;sheridan;22;f;w;raleigh;palace garden;1353;27603;nc
A;G003233;3952;sharon;gaynell;crawford;49;f;b;durham;wiggins;3615;27704;nc
A;G003234;3953;ronald;irving;best;43;m;b;durham;rocky springs;4410;27705;nc
A;G003235;3954;elisabeth;kiser;jones;38;f;w;holly springs;wanderview;601;27540;nc
A;G003236;3955;synneal;alexander;brown;35;m;b;charlotte;w t harris;6208;28215;
A;G003237;3956;emily;jeanne;blanchard;30;f;w;durham;campus walk;2750;27705;oh
A;G003238;3957;cynthia;mccain;hamrick;53;u;u;bahama;johnson mill;9109;27503;nc
A;G003239;3958;joshua;scott;gunty;29;m;w;morrisville;jessip;5316;27560;il
A;G003240;3959;semaje;alexis na quell;gordon;24;f;b;durham;cornwallis;1400;27713;nc
A;G003240;3960;samaje;alexis na quell;gordon;24;f;b;jacksonville;village;300;28546;
A;G003241;3961;stella;;distefano;89;u;u;durham;foxtail;1023;27703;
A;G003242;3962;jaylen;naque;ward;18;m;b;winston salem;kendall farms;4208;27107;nc
A;G003243;3963;monique;;hall;53;f;b;durham;alexan;600;27707;nj
A;G003244;3964;whitney;renee;lamb;33;f;b;raleigh;penn oak;308;27615;
A;G003245;3965;sarah;elizabeth stevens;berro;26;f;w;durham;cinnamon;905;27713;mo
A;G003246;3966;christopher;michael;ruggeri;39;m;w;durham;caroline;2202;27705;ny
A;G003247;3967;william;rudolph;garfield;61;m;w;durham;sherbon;3204;27707;oh
A;G003247;3968;william;hills;garfield;61;m;w;burgaw;old river;9054;28425;oh
A;G003248;3969;tonina;garvin;vaughan;52;f;b;huntersville;balcony bridge;8116;28078;nc
A;G003249;3970;jeannetta;e;day;39;f;b;durham;matilene;2009;27707;nc
A;G003250;3971;kenneth;alvin;hackney;60;m;w;wilmington;hunters;5005;28405;nc
A;G003251;3972;monica;l;swisher;46;f;w;durham;forest oaks;75;27705;tx
A;G003252;3973;carolyn;k andros;pantermakis;49;f;w;durham;frenchmans creek;5511;27713;sc
A;G003253;3974;paula;;siwek;59;f;w;carrboro;old fayetteville;222;27510;ny
A;G003254;3975;randy;kyle;randolph;52;m;w;chapel hill;greene;213;27516;il
A;G003255;3976;edward;michael;rogers;72;m;b;durham;cheek;2201;27704;md
A;G003256;3977;elijah;lee;dixon;41;m;b;durham;sugar pine;3200;27713;mi
A;G003257;3978;lorenzo;orlando;phillips;50;m;b;cary;talking rock;1726;27519;
A;G003258;3979;ernest;zachary;alderman;59;m;b;durham;arrowwood;24;27712;nc
A;G003259;3980;carol;barnett;williams;74;f;w;durham;hamlin;1317;27704;nc
A;G003260;3981;scott;o neil;liverman;44;u;w;durham;southpoint crossing;1636;27713;
A;G003261;3982;thonankulam;krishnaswamy;parthasarathy;83;m;a;morrisville;liberty hill;417;27560;oc
A;G003262;3983;michael;lawrence;grooms;48;m;w;raleigh;cluette;2401;27615;sc
A;G003263;3984;michele;lea;dew;45;f;w;durham;sherbon;3201;27707;oh
A;G003264;3985;david;michael;thompson;43;m;w;durham;duke of gloucester;6;27713;in
A;G003265;3986;christopher;sherwin;graham;36;m;m;durham;morreene;700;27705;nc
A;G003265;3987;christopher;sherwin;graham;36;m;u;mooresville;bogey;106;28117;
A;G003265;3988;christopher;sherwin;graham;36;m;m;pinehurst;holly pines;22;28374;nc
A;G003266;3989;malinda;teeters;pennington;49;f;w;durham;north exeter;12324;27703;nc
A;G003267;3990;daun;jvon;brown;37;f;b;raleigh;orwin manor;10805;27617;va
A;G003268;3991;ashley;vene;tuck;31;f;b;durham;dixon;3204;27707;nc
A;G003269;3992;christiane;rachel;regelbrugge;32;f;w;charlotte;fox brook;4315;28211;nc
A;G003269;3993;christiane;regelbrugge;felts;32;f;w;charlotte;tranquil;225;28209;nc
A;G003270;3994;melissa;moore;vetterkind;43;f;w;durham;lancaster;1001;27701;wi
A;G003271;3995;eliana;sharon;brazda;57;f;w;cary;antler point;106;27513;oc
A;G003272;3996;jacqueline;;bryant;54;u;b;chapel hill;jones ferry;4165;27516;
A;G003273;3997;edith;geer;johnson;79;f;w;durham;waxhaw;226;27712;tx
A;G003275;3998;kasey;;croslin;78;f;w;sanford;lansing;908;27330;va
A;G003275;3999;kasey;croslin;smith;78;f;w;raleigh;darwin;6221;27612;tn
A;G003276;4000;maceo;kennedy;sloan;69;m;b;durham;vintage hill;2421;27712;pa
A;G003277;4001;carolyn;elizabeth;edmonds;59;f;w;durham;university;4600;27707;nj
A;G003278;4002;terrance;lee;williams;47;m;b;clinton;boney;207;28328;nc
A;G003279;4003;scott;;painter;38;m;w;durham;sawmill;10;27712;nc
A;G003279;4004;dean;scott;painter;38;m;w;charlotte;gardner;6619;28270;
A;G003280;4005;april;renee;packer;43;f;w;wilmington;richardson;4917;28405;nc
A;G003281;4006;tanisha;;alston;39;f;b;durham;meriwether;3706;27704;nc
A;G003282;4007;judson;lee;parrish;39;m;w;durham;catamount;2704;27704;sc
A;G003283;4008;robyn;lyn;duff;43;f;w;durham;james;1820;27707;pa
A;G003284;4009;karen;lorraine;wielunski;36;f;w;charlotte;kimrod;218;28270;oh
A;G003285;4010;daniel;sampson;coyne;31;m;m;chapel hill;burning tree;1054;27517;ca
A;G003286;4011;katrecia;allene;hardy;39;f;b;durham;fayetteville;1801;27707;nc
A;G003286;4012;katrecia;allene;hardy;39;f;b;goldsboro;vinwood;402;27534;
A;G003287;4013;kimberly;ann;boutin;49;f;w;raleigh;mayfaire crest;7817;27615;ma
A;G003288;4014;aurora;dawn;pryor;49;f;w;durham;dover;3411;27707;mi
A;G003289;4015;matthew;robert;strickland;33;m;w;durham;moorefield;9;27705;mi
A;G003289;4016;matthew;robert;strickland;33;m;w;fuquay varina;devonridge;1911;27526;mo
A;G003290;4017;courtney;little;shelton;37;f;w;matthews;savannah hills;2113;28105;nc
A;G003290;4018;courtney;little;shelton;37;f;w;indian trail;hyde park;7039;28079;nc
A;G003290;4019;courtney;little;shelton;37;f;w;raleigh;englehardt;6504;27617;nc
A;G003291;4020;kirkland;jamaal;armstrong;31;m;b;rocky mount;hunter;1434;27801;nc
A;G003292;4021;martin;theodore;ross;52;m;w;durham;placid;15;27713;wi
A;G003293;4022;john;patrick;parker;77;m;w;chapel hill;abernathy;51;27517;wv
A;G003294;4023;amy;renee;dudley;35;f;w;mebane;rolling meadow;521;27302;nc
A;G003294;4024;amy;renee;schnegelberger;35;f;w;raleigh;azalea;8405;27613;nc
A;G003295;4025;alice;frances;pierce;29;f;w;raleigh;alpine;5419;27609;nc
A;G003295;4026;alice;frances;pierce;29;f;w;boone;bowie dorm;0;28608;nc
A;G003296;4027;jeronica;yvette;jones;27;f;b;knightdale;laurel breeze;930;27545;nc
A;G003297;4028;jamie;michelle;blankenship;33;f;w;raleigh;tylerton;7809;27613;tx
A;G003298;4029;brett;;dale;40;m;i;durham;broomstraw;4405;27704;nc
A;G003299;4030;elijah;hasan;johnson;24;m;b;raleigh;windstorm;4416;27616;nc
A;G003300;4031;jamie;li mae;epps;26;f;b;durham;guess;3835;27705;dc
A;G003301;4032;nishkala;kunigal;shivakumar;24;f;a;durham;duke university east campus;1;27708;nc
A;G003302;4033;nakeisha;montree;glenn;27;f;b;durham;cornwallis;1400;27713;nc
A;G003303;4034;jelisa;shaundria;johnson;24;u;u;durham;delbert;4202;27704;nc
A;G003304;4035;noel;loverne;graham;27;m;b;durham;fayetteville;1801;27707;nc
A;G003304;4036;noel;l;graham;27;f;b;lumberton;bee gee;1543;28358;nc
A;G003305;4037;alnita;terese;williams;32;f;b;wilson;glendale;2018;27893;nc
A;G003306;4038;taylor;bennett;austin;42;m;w;durham;bungalow;1309;27703;nc
A;G003307;4039;john;patrick;leahy;39;m;w;benson;beaver ridge;109;27504;ct
A;G003308;4040;dione;marianne brigola;gissane;32;f;a;durham;abbey;4304;27707;oc
A;G003309;4041;phoebe;valentine;judge;35;u;u;durham;markham;918;27701;
A;G003310;4042;benjamin;charles;butler;33;m;w;chapel hill;yorktown;602;27516;or
A;G003311;4043;victoria;anne;chwalowski;27;f;w;raleigh;budwood;1607;27609;pa
A;G003312;4044;ryan;michael;baxter;39;m;w;charlotte;deshler;14918;28273;oh
A;G003313;4045;leslie;marlene;thomas;60;f;w;hillsborough;ellsworth manor;263;27278;fl
A;G003314;4046;susan;teresa;murphy;50;f;w;durham;october;2062;27703;ct
A;G003314;4047;susan;teresa;murphy;50;f;w;cary;grande meadow;109;27513;ct
A;G003316;4048;bernetha;regina;smith;69;f;b;durham;discovery;1416;27703;nc
A;G003317;4049;gregory;michael;walter;35;m;w;apex;glastonbury;2809;27539;mt
A;G003318;4050;william;douglas;wallace;31;m;w;durham;main;605;27701;oh
A;G003319;4051;taylor;marie;henning;26;f;w;chapel hill;spring meadow;6104;27517;ks
A;G003320;4052;joann;;moser;62;f;w;durham;colville;4008;27707;ct
A;G003321;4053;harriet;ratliff;white;55;f;w;durham;olive branch;433;27703;nc
A;G003322;4054;christine;dacanal;valenti;60;u;u;durham;tuttle;411;27703;
A;G003323;4055;katia;marie;mottert;26;u;u;morrisville;neighborly;1205;27560;
A;G003324;4056;julius;antonio;stokes;42;m;b;durham;newby;4524;27704;nc
A;G003325;4057;jessica;layton;hair;31;f;w;durham;hope valley;2909;27707;nc
A;G003325;4058;jessica;layton;hair;31;f;w;wilmington;breezewood;4156;28412;nc
A;G003326;4059;shawn;alexander;boykin;28;m;b;clinton;stetson;615;28328;fl
A;G003326;4060;shawn;alexander;boykin;28;m;b;clinton;stetson;615;28328;fl
A;G003327;4061;damien;rashan;smith;44;m;b;durham;holston;4203;27704;pa
A;G003328;4062;stephen;shane;paul;34;m;w;mars hill;earnest cody;205;28754;nc
A;G003328;4063;stephen;shane;paul;34;m;w;washington;lancaster;119;27889;nc
A;G003329;4064;van;nguyen;humbles;42;f;w;morrisville;walnut woods;411;27560;ga
A;G003329;4065;van;ngoc;nguyen;42;f;w;morrisville;macalpine;1221;27560;ga
A;G003330;4066;troy;james;culverwell;22;m;w;morrisville;summit ridge;3223;27560;ky
A;G003331;4067;lisa;ann;pressley;51;f;w;willow springs;silver stirrup;59;27592;md
A;G003331;4068;lisa;ann;pressley;51;f;w;holly springs;braedenfield;2120;27540;md
A;G003332;4069;christon;marshane;carter;37;m;b;raleigh;plumleaf;7302;27613;va
A;G003333;4070;crystal;lynn;carter;55;f;b;durham;october;2061;27703;md
A;G003334;4071;meredyth;stewart;albright;21;f;w;durham;duke university west campus;1;27708;nc
A;G003335;4072;kathryn;leigh compton;barr;36;f;w;davidson;mcconnell;207;28036;nc
A;G003336;4073;rosemary;kavanagh;mclaughlin;66;f;w;durham;minuteman;8;27705;oc
A;G003337;4074;sarah;lynne;wolf;48;f;w;durham;windsong;629;27713;mi
A;G003337;4075;sarah;lynne;wolf;48;f;w;west jefferson;woodie;413;28694;mi
A;G003338;4076;louis;abraham;aiello;33;m;w;durham;lochnora;3600;27705;nc
A;G003339;4077;nancy;lyn;fenner;40;f;w;durham;snowcrest;605;27707;ny
A;G003340;4078;tiffany;taylor;maybin;36;f;w;flat rock;shauna cooper;1;28731;nc
A;G003341;4079;alounthith;;phichith;44;f;a;durham;fortunes ridge;5000;27713;oc
A;G003342;4080;fawzia;khatoon;salahuddin;48;f;o;morrisville;denali;109;27560;oc
A;G003343;4081;kristen;faith;parker;34;f;w;durham;university;3611;27707;va
A;G003343;4082;kristen;faith;ashford;34;f;w;wake forest;groveton;404;27587;va
A;G003344;4083;katherine;anne;hagopian;40;f;w;morrisville;autumn day;1338;27560;pa
A;G003344;4084;katherine;anne;berry;40;u;u;raleigh;van dyke;2602;27607;pa
A;G003345;4085;holly;lowman;baranski;39;f;w;durham;kirkwood;1703;27705;
A;G003345;4086;jennifer;holly;lowman;39;f;w;wake forest;bay laurel;4217;27587;nc
A;G003346;4087;lois;marie;hamm;50;f;w;durham;sherwood;1021;27705;nc
A;G003347;4088;rachel;simone;costin;28;f;b;raleigh;chamonix;6928;27613;
A;G003348;4089;valerie;jean;everhart hernandez;36;f;w;durham;epping;9;27703;ny
A;G003349;4090;jason;burton;morningstar;49;m;w;chapel hill;melanie;421;27514;mi
A;G003351;4091;monica;jackson;hamlett;55;f;b;durham;thistlerock;5604;27703;
A;G003352;4092;jaron;trevelle;allen;27;m;b;durham;fayetteville;1801;27707;nc
A;G003353;4093;ann;beckwith;davis;61;f;w;elizabeth city;turnpike;1254;27909;nc
A;G003354;4094;jason;;lazar;46;m;w;carrboro;estes drive;112;27510;ky
A;G003355;4095;courtney;alexis;scott;32;f;b;durham;woodway club;1508;27713;nc
A;G003355;4096;courtney;alexis;scott;32;f;b;raleigh;kassia;5208;27616;nc
A;G003356;4097;matthew;wade;evans;43;m;w;durham;brynhurst;8;27713;va
A;G003357;4098;crystal;shebrann;booker;25;f;b;durham;stonehedge;1108;27707;nc
A;G003357;4099;crystal;shebreann;booker;25;f;b;raleigh;old stage;10722;27603;nc
A;G003358;4100;charmaine;d alexis;pegues;37;f;b;durham;lucas;3;27713;ny
A;G003358;4101;charmaine;d alexis;wells;37;f;b;cary;creekwatch;1221;27513;oc
A;G003359;4102;terryca;chenay;taylor;32;f;b;durham;williamsburg;1800;27707;nc
A;G003360;4103;randi;leigh sessoms;lassiter;31;f;b;winston salem;burke meadows;2176;27103;va
A;G003361;4104;irene;m;watkins;64;f;u;durham;cottondale;4601;27703;
A;G003362;4105;long;thanh;bach;86;m;a;cary;amberglow;228;27513;oc
A;G003362;4106;long;thanh;bach;86;m;a;cary;reed;302;27511;oc
A;G003363;4107;michelle;r;kelly;31;f;b;chapel hill;nc hwy 54;1105;27516;md
A;G003364;4108;tammy;shanee;thompson;33;f;b;charlotte;beatties ford;100;28216;dc
A;G003365;4109;alex;;shafir;71;m;w;chapel hill;providence glen;1524;27514;oc
A;G003365;4110;alex;;shafir;71;m;w;chapel hill;providence glen;1524;27514;oc
A;G003366;4111;laura;smith;yauger;80;f;w;durham;glendale;1923;27701;nc
A;G003366;4112;laura;smith;yauger;80;f;w;hillsborough;clearview;7215;27278;nc
A;G003367;4113;veronica;l;rorie;39;f;b;durham;woodcroft;801;27713;nc
A;G003368;4114;jonathan;robert;reda;33;m;w;durham;ellis;1533;27703;ny
A;G003368;4115;jonathan;robert;reda;33;m;u;winston salem;echo glen;109;27106;
A;G003369;4116;corey;joseph;sugerik;26;m;w;durham;lasalle;720;27705;va
A;G003369;4117;corey;joseph;sugerik;26;m;w;raleigh;ncsu wood;0;27607;va
A;G003370;4118;nicole;noel;matteson;36;f;w;durham;oleander;2409;27703;il
A;G003371;4119;leon;walker;herndon;53;m;b;chapel hill;vintage;138;27516;nc
A;G003372;4120;julie;ann;nguyen;30;f;o;winston salem;tangle;3880;27106;nc
A;G003373;4121;brenda;tracey anne;patterson;52;f;b;durham;fenimore;3023;27703;ny
A;G003374;4122;melissa;ann;mikell;53;f;b;durham;elizabeth;201;27701;
A;G003375;4123;jennifer;joanne;st clair russell;44;u;u;raleigh;barham;5605;27613;
A;G003376;4124;alexandria;eileen;de jong;27;f;w;durham;leigh farm;276;27707;wi
A;G003377;4125;john;herbert;carter;59;u;u;durham;october;2061;27703;
A;G003378;4126;maria;elizabeth;sheridan;22;f;w;charlotte;tresanton;9603;28210;nc
A;G003379;4127;david;nicolas;cancio;27;m;w;morrisville;allagosh;100;27560;fl
A;G003380;4128;jose;javier;posada;24;m;o;durham;forest oaks;101;27705;nc
A;G003381;4129;ashley;pridgen;joyner;29;f;w;elm city;valleyfield;3801;27822;nc
A;G003382;4130;chandra;jelessa;hanson;27;f;b;rocky mount;cypress;1100;27801;
A;G003383;4131;ruby;williams;godette;70;f;w;raleigh;proprietor;3502;27612;nc
A;G003383;4132;ruby;williams;godette;70;f;w;raleigh;proprietor;3502;27612;nc
A;G003384;4133;tigra;harriet trumel;whitaker;27;f;b;pinetops;nc 111;1390;27864;nc
A;G003385;4134;ricky;jackson;pitts;48;m;w;rocky mount;sarah;2405;27801;
A;G003386;4135;vincent;alberto;pocoroba;34;m;w;raleigh;river lake;6026;27604;ca
A;G003386;4136;vincent;alberto;pocoroba;34;m;w;lucama;st marys church;7319;27851;ca
A;G003387;4137;jameka;jane;battle;37;f;b;wilson;park;503;27893;nc
A;G003388;4138;joyce;marie;bright;47;f;w;rocky mount;marigold;336;27801;nc
A;G003389;4139;jasper;lee;lucas;58;m;b;rocky mount;griffin;1220;27803;nc
A;G003390;4140;leon;;williams;30;m;b;rocky mount;layola;4449;27804;nc
A;G003391;4141;donnell;ward;sedgwick;62;m;b;rocky mount;charity;106;27801;va
A;G003391;4142;donnell;ward;sedgwick;62;m;b;rocky mount;woods walk;3036;27804;va
A;G003392;4143;precious;shymese;cofield;27;f;b;rocky mount;ashland;140;27801;
A;G003393;4144;jada;shameka;norman;32;f;b;whitakers;braswell;204;27891;nc
A;G003393;4145;jada;shameka;norman;32;f;b;whitakers;vance;109;27891;
A;G003394;4146;james;gray;griffin;33;m;w;pinetops;jocelyn;67;27864;nc
A;G003395;4147;dennis;gray;bartley;62;m;b;rocky mount;mercer;523;27801;nc
A;G003396;4148;yvonne;dew;foushee;64;f;b;rocky mount;thomas;521;27801;nc
A;G003397;4149;ensurado;tomey;williams;37;m;b;tarboro;mooring;776;27886;nc
A;G003397;4150;ensurado;tomey;williams;37;m;b;rocky mount;peachtree;823;27804;nc
A;G003398;4151;brenda;j;stokes;60;f;b;rocky mount;travis;1904;27804;nc
A;G003399;4152;dora;shagena;harrell;93;f;w;rocky mount;graham;1609;27803;nc
A;G003400;4153;saundra;williams;booth;66;f;b;battleboro;dunbar woods;962;27809;nc
A;G003401;4154;ja nes;monay;clark;45;f;b;rocky mount;shepard;911;27801;md
A;G003401;4155;janes;monay;clark;45;f;b;rocky mount;sunset;3430;27804;md
A;G003402;4156;veronica;summrell;hill;51;f;b;rocky mount;spaulding;143;27801;nc
A;G003403;4157;eddie;a;roach;57;m;b;rocky mount;cox;1450;27801;
A;G003404;4158;shirley;jefferies;williams;62;f;b;rocky mount;bishop;3204;27804;
A;G003405;4159;frederick;w;jones;40;m;b;tarboro;daisey carney;46;27886;ut
A;G003406;4160;tyler;;davis;35;m;b;rocky mount;discovery;306;27801;nc
A;G003407;4161;david;braxton;jones;57;m;w;nashville;abernathy;1685;27856;nc
A;G003408;4162;arnetrius;;applewhite;41;f;b;rocky mount;farmington;1705;27801;nc
A;G003409;4163;gale;macklin;shaw;63;f;b;rocky mount;williford;1233;27803;nc
A;G003410;4164;tammy;lynne;ruzbacki;56;f;w;tarboro;church;101;27886;ca
A;G003411;4165;brenda;alston;cox;59;f;b;rocky mount;jarrett;1920;27803;nc
A;G003412;4166;harry;brinkley;anderson;90;m;w;tarboro;trade;200;27886;nc
A;G003413;4167;michael;lee;banks;25;m;w;eden;aiken;315;27288;nc
A;G003414;4168;donald;ray;harrison;52;m;b;rocky mount;arlington;153;27801;nc
A;G003415;4169;evelyn;busey;lee;55;f;b;rocky mount;charter;1607;27801;nj
A;G003416;4170;betty;jean;whitaker;62;f;b;rocky mount;stokes;940;27801;nc
A;G003417;4171;collette;antoinette;hutchinson;39;f;b;rocky mount;eagles terr;716;27804;
A;G003418;4172;stephen;tellor;sharpe;21;u;u;greenville;deal;2311;27858;nc
A;G003419;4173;regina;maris;moffett fuller;56;f;b;whitakers;king;103;27891;ct
A;G003419;4174;regina;maris;mofett;56;f;b;whitakers;king;103;27891;ct
A;G003420;4175;latarsha;nikketta;hinton;38;f;b;rocky mount;pitt;1109;27801;nc
A;G003421;4176;montrell;jayqueze;davis;20;m;b;raleigh;south;118;27601;
A;G003422;4177;randolph;;lewis;62;m;b;tarboro;tolbert;393;27886;nc
A;G003422;4178;randolph;;lewis;62;m;b;princeville;martin;609;27886;nc
A;G003423;4179;amanda;tripp;mayer;43;f;w;macclesfield;fourth;548;27852;nc
A;G003424;4180;belinda;;speight;40;f;b;rocky mount;moring;324;27801;nc
A;G003425;4181;maxine;renee;hinton;53;f;b;tarboro;king;921;27886;nc
A;G003425;4182;maxine;renee;hinton;53;f;b;tarboro;king;921;27886;nc
A;G003426;4183;lucy;handsome;hinton;67;f;b;rocky mount;sanders;429;27801;nc
A;G003427;4184;glenda;michelle;holmes;46;f;w;tarboro;raccoon branch;27;27886;nc
A;G003427;4185;glenda;michelle;reams mercer;46;f;w;rocky mount;green forest;4028;27804;nc
A;G003428;4186;eric;randolph;bass;50;m;w;rocky mount;eastern;510;27801;nc
A;G003428;4187;eric;randolph;bass;50;m;w;rocky mount;englewood;201;27804;nc
A;G003429;4188;elizabeth;beatrice;armstrong;63;f;b;whitakers;johnston;10040;27891;nc
A;G003430;4189;khadijah;alasha;high;24;f;b;rocky mount;amos;637;27803;nc
A;G003431;4190;madeline;marie;frankenhauser;35;f;u;rocky mount;nc 97;12606;27803;
A;G003432;4191;tina;mills;armstrong;51;f;b;rocky mount;river run;267;27801;nc
A;G003433;4192;tekeyla;shontae;smith;39;f;b;ahoskie;myers;110;27910;nc
A;G003434;4193;marguerite;;hill;55;f;b;rocky mount;butternut;160;27804;ny
A;G003436;4194;joice;ann;tabron;58;f;b;rocky mount;pine;840;27803;nc
A;G003437;4195;edna;marie;coppedge;56;f;b;nashville;wheeless;115;27856;
A;G003438;4196;bobby;gene;demuth;48;m;w;battleboro;red oak;8487;27809;nc
A;G003439;4197;jonathan;glenn;whitley;37;m;w;rocky mount;green pasture;1743;27801;nc
A;G003439;4198;jonathan;glenn;whitley;37;m;w;burgaw;whitestocking;26;28425;nc
A;G003441;4199;thomas;joseph;o farrell;69;m;w;battleboro;battleboro leggett;1489;27809;ny
A;G003441;4200;thomas;joseph;o farrell;69;m;w;forest city;joshua;227;28043;ny
A;G003442;4201;denise;donyell;wells;37;f;b;kenly;seventh;516;27542;
A;G003442;4202;denise;donyell;wells;37;f;b;goldsboro;whitfield;312;27530;nc
A;G003443;4203;antonio;demetrius;knight;31;m;b;whitakers;cutchin;204;27891;nc
A;G003444;4204;rhonda;speight;corpening;47;f;b;rocky mount;tillery;704;27803;nc
A;G003445;4205;martina;lachell;gale turner;44;f;b;charlotte;pimpernel;2320;28213;ny
A;G003446;4206;maritza;;diaz;23;u;b;greenville;old river;2918;27834;nc
A;G003447;4207;makeisha;sherrell;pittman;30;f;b;rocky mount;otis;114;27801;nc
A;G003448;4208;quinton;laray;jenkins;35;m;b;rocky mount;gay;1032;27801;nc
A;G003449;4209;george;franklin;young;62;m;w;rocky mount;timberlane;317;27804;tx
A;G003450;4210;douglas;jonathan;flinn;43;m;w;raleigh;dahlgreen;2512;27615;pa
A;G003451;4211;ladonna;emerson;french;50;f;w;nashville;sandy cross;2376;27856;nc
A;G003452;4212;demetria;rasha;andrews;31;f;b;conetoe;park;376;27819;nc
A;G003453;4213;wayne;warnemaker;hill;66;m;b;battleboro;daniels;115;27809;
A;G003454;4214;johnnie;earl;lucas;54;m;b;rocky mount;eastern;927;27801;nc
A;G003454;4215;johnnie;earl;lucas;118;m;b;spring hope;bergeron;2875;27882;
A;G003455;4216;keyona;;briscoe;26;f;b;rocky mount;windsor;1728;27801;md
A;G003456;4217;kimberly;andrews;johnson;45;f;m;greenville;park west;1291;27834;nc
A;G003457;4218;kim;armstrong;winn;50;f;b;rocky mount;eastern;918;27801;nc
A;G003457;4219;kim;armstrong;winn;50;f;b;rocky point;nc hwy 210;15255;28457;
A;G003458;4220;tammy;lynn;casimano;47;f;w;tarboro;tall oaks;1633;27886;ny
A;G003458;4221;tammy;lynn;casimano;47;f;w;rocky mount;old carriage;1695;27804;
A;G003460;4222;donovan;o bryan;edge;25;m;b;rocky mount;raleigh;580;27803;nc
A;G003460;4223;donovan;o bryan;edge;25;m;b;rocky mount;hurt;2121;27804;nc
A;G003461;4224;karen;anderson;faithful;56;f;w;battleboro;battleboro;752;27809;nc
A;G003462;4225;jennifer;denise;recinos;45;f;w;elm city;town creek;6647;27822;nc
A;G003463;4226;ervin;r;vaughn;72;m;b;rocky mount;fenner;1484;27804;nc
A;G003464;4227;sherry;leshon;rogers;43;f;b;rocky mount;arlington;156;27801;md
A;G003465;4228;joshua;;bullock;77;m;u;rocky mount;whitehall;304;27804;
A;G003466;4229;lois;hudson;moore;66;f;w;tarboro;howard;300;27886;nc
A;G003467;4230;marie;dail;holley;62;f;w;tarboro;daniel;301;27886;nc
A;G003468;4231;tamika;latosha;kirksey;41;f;b;nashville;lakeview;609;27856;sc
A;G003469;4232;carolyn;s;burress;72;f;w;pinetops;ninth;106;27864;nc
A;G003470;4233;jared;elton;pridgen;24;m;w;rocky mount;pleasant hill;953;27801;nc
A;G003471;4234;janie;powell;weaver;58;f;w;rocky mount;rosewood;2009;27801;
A;G003472;4235;terri;coleman;woods;56;f;b;rocky mount;grand;1012;27801;
A;G003473;4236;madison;quinn;nommsen;18;f;w;winston salem;fox lake;200;27106;ca
A;G003474;4237;india;dionna;winford;27;f;b;winston salem;hondo;2908;27103;nc
A;G003474;4238;india;dionna;winford;27;f;b;charlotte;palomino;8806;28216;nc
A;G003475;4239;bryson;lamar;wade;29;m;i;winston salem;academy;1102;27101;
A;G003475;4240;bryson;lamar gidley;wade;29;m;o;winston salem;claremont;2626;27105;wv
A;G003476;4241;jennifer;;dominguez ayona;19;f;o;winston salem;union cross;2024;27107;nc
A;G003476;4242;jennifer;;dominguez ayona;19;f;o;winston salem;union cross;2024;27107;nc
A;G003478;4243;shanesha;denise;walker;25;f;m;winston salem;granite;1622;27107;nc
A;G003478;4244;shanesha;denise;walker;25;f;b;walnut cove;aspen hill;1025;27052;nc
A;G003479;4245;kenya;shanea;leak quenum;27;f;b;winston salem;moat;4390;27105;nc
A;G003480;4246;christoher;maurice;washington;36;m;b;winston salem;cotton;944;27101;nc
A;G003482;4247;ryan;michael;avery;28;m;w;kernersville;southwood;308;27284;nc
A;G003482;4248;ryan;michael;avery;28;m;w;jacksonville;western;5116;28546;nc
A;G003483;4249;kywana;renee;corbett;28;f;b;winston salem;wssu;0;27110;
A;G003483;4250;kywana;renee;corbett;28;f;b;burgaw;malpass corner;3834;28425;
A;G003485;4251;amber;rath;stern;37;f;w;winston salem;pine lake;1015;27105;ca
A;G003486;4252;patricia;ann;scelfo;43;f;w;lewisville;ridge grove;1204;27023;ny
A;G003487;4253;shakira;minaya;howard;28;f;b;winston salem;kellys;4645;27101;nc
A;G003487;4254;shakira;minaya;howard;28;f;b;cary;umstead hollow;1224;27513;
A;G003488;4255;boriana;hristova;ditcheva;35;f;w;chapel hill;dixie;104;27514;oc
A;G003489;4256;stephanie;jane;edwards;35;f;w;chapel hill;ashley forest;114;27514;va
A;G003491;4257;lakesha;cameron;buford;30;f;b;winston salem;hemingway;419;27127;nc
A;G003492;4258;gwendolyn;blackwell;bradley;66;f;b;winston salem;eltha;5000;27105;nc
A;G003493;4259;martha;levi;myles;60;f;w;kernersville;farmwood;120;27284;nc
A;G003494;4260;jared;stephen;bunn;31;m;w;winston salem;rozianna;5560;27106;nc
A;G003494;4261;jared;stephen;bunn;31;m;w;clemmons;drumheller;678;27012;nc
A;G003495;4262;alex;vernon;starbuck;31;m;w;kernersville;oakhurst;302;27284;nc
A;G003497;4263;diedra;jones;patrick;38;f;b;winston salem;oak summit;710;27105;nc
A;G003498;4264;sarah;catherine;pridgen;32;f;w;kernersville;selwyck;6236;27284;nc
A;G003499;4265;stacy;michelle;mccuen;39;f;w;charlotte;meadow lakes;8337;28210;nc
A;G003499;4266;stacy;michelle;mccuen;39;f;w;waxhaw;rehobeth;205;28173;
A;G003500;4267;dana;ashley;medlin;34;f;b;winston salem;wssu;0;27110;nc
A;G003501;4268;samuel;lee;grier;71;m;b;winston salem;sixth;625;27101;nc
A;G003502;4269;lee;ross;hammarback;35;m;w;winston salem;hawthorne;465;27103;mn
A;G003503;4270;shannon;rashawn;pierce;38;f;b;winston salem;cassell;209;27127;nc
A;G003504;4271;patricia;leigh;yokley;64;f;u;wilmington;chestnut;121;28401;
A;G003505;4272;charlotte;rowe;williams;82;f;w;fuquay varina;barneswyck;815;27526;nc
A;G003506;4273;erick;;balseca;30;u;u;winston salem;harson;319;27127;
A;G003507;4274;beverly;ann;terry;58;f;b;winston salem;new walkertown;2931;27105;
A;G003508;4275;patricia;sumpter;crouch;56;f;b;pfafftown;faylyn;5310;27040;fl
A;G003509;4276;amanda;jean;reger;36;f;w;statesville;bingham;222;28677;wv
A;G003510;4277;ebony;nicole;watkins;22;f;b;winston salem;winterbrook;109;27105;nc
A;G003512;4278;douglas;paul;meyers;51;m;w;clemmons;glengarriff;8120;27012;fl
A;G003513;4279;vernon;lee;burrow;74;m;w;rural hall;tuttle;295;27045;nc
A;G003513;4280;vernon;lee;burrow;74;m;w;walnut cove;sheppard;1180;27052;
A;G003514;4281;robert;william;smith;34;m;w;winston salem;greenfield way;4520;27103;nc
A;G003515;4282;rashad;denzell;hayward;27;m;b;raleigh;wyatt brook;4834;27609;nc
A;G003516;4283;joshua;melvin;baker;28;m;b;winston salem;twenty third;2048;27105;nc
A;G003516;4284;joshua;;baker;28;m;b;winston salem;rich;1121;27101;nc
A;G003517;4285;trevia;michelle;brim;42;f;b;winston salem;vista;350;27106;nc
A;G003517;4286;trevia;michelle;brim;42;f;b;eden;irving;1254;27288;nc
A;G003518;4287;julie;ann;klever;51;f;w;winston salem;crowne chase;145;27104;oh
A;G003518;4288;julie;ann;klever;51;f;w;hendersonville;surry;173;28791;oh
A;G003519;4289;darren;lewis;shebestak;52;m;w;kernersville;abbotts creek;1322;27284;oh
A;G003520;4290;angela;mutch;koonin;42;f;w;charlotte;summerston;5735;28277;nc
A;G003521;4291;robert;kevin;owens;26;m;w;wilmington;greens ferry;4211;28409;nc
A;G003521;4292;robert;kevin;owens;26;m;w;greenville;cedar creek;2913;27834;nc
A;G003522;4293;kristin;sue;ayers;28;f;w;winston salem;darwick;1935;27127;
A;G003522;4294;kristin;ayers;stiller;28;f;w;raleigh;norwood crest;1436;27614;nc
A;G003523;4295;brittany;mechelle;freeman;28;f;b;winston salem;old oak;108;27106;nc
A;G003525;4296;vincent;jaisek;somoskey;28;m;w;winston salem;kirk;4754;27103;va
A;G003526;4297;paul;eugene;douthit;43;m;b;winston salem;twenty second;1639;27105;nc
A;G003527;4298;mary;anne;bolen;43;f;w;winston salem;crusade;3817;27101;nc
A;G003531;4299;andres;eduardo;arias;33;m;u;wendell;big falls;1925;27591;
A;G003532;4300;ashley;chrystal;cook;32;f;w;lewisville;williams;1355;27023;nc
A;G003533;4301;laura;marshall;mason;41;f;w;winston salem;burkewood;423;27104;in
A;G003534;4302;cristina;nicole;dalton;37;u;b;winston salem;carlyle place;2335;27103;
A;G003535;4303;lashawnda;rene;hylton;51;f;b;winston salem;waughtown;2629;27107;nc
A;G003535;4304;lashawnda;rene;hylton;51;f;b;raleigh;pettigrew;203;27610;nc
A;G003536;4305;michelle;lynn;swisher;25;f;w;walkertown;clover;1990;27051;nc
A;G003537;4306;kay;speas;brown;83;f;w;yadkinville;speer bridge;1916;27055;nc
A;G003538;4307;darrin;emmanuel;love;23;m;b;winston salem;rivertree;521;27103;
A;G003539;4308;kevin;brett;karpinski;43;m;w;chapel hill;christopher;102;27514;nc
A;G003540;4309;courtney;reanne;snell;27;f;w;winston salem;moravia;825;27107;va
A;G003541;4310;janine;alyssa;kretzschmar;31;f;w;winston salem;wyngate village;4928;27103;oh
A;G003542;4311;lauren;wilson;phillis;31;f;w;winston salem;lockland;916;27103;nc
A;G003543;4312;justin;trenard;peters;30;m;b;winston salem;cliffdale;119;27104;nc
A;G003545;4313;edward;allen;shifflette;30;m;w;kernersville;jubilee;1592;27284;nc
A;G003546;4314;mason;alexander;blevins;25;m;w;walkertown;reidsville;4924;27051;nc
A;G003547;4315;naman;wai in;hui;38;m;a;winston salem;spring willow;3720;27107;oc
A;G003547;4316;naman;wai in;hui;38;m;a;winston salem;spring willow;3720;27107;oc
A;G003548;4317;joshua;taylor;widner;26;m;w;winston salem;crestwell cove;3889;27103;
A;G003549;4318;jarrod;t;may;40;m;w;charlotte;mosscroft;3813;28215;va
A;G003552;4319;faye;annette;covington;48;f;w;walkertown;main;5395;27051;nc
A;G003552;4320;faye;annette;covington;48;f;w;king;eaglecrest;9;27021;nc
A;G003553;4321;chever;washington;blythe;65;m;b;winston salem;lowery;145;27101;oc
A;G003554;4322;solomon;;colvin jones;29;m;b;kernersville;tom;103;27284;nc
A;G003555;4323;joseph;donald;vegerano;28;m;u;maggie valley;fie top;3062;28751;ct
A;G003556;4324;janice;marie;mbaye;54;f;b;winston salem;moses lucas;290;27101;oc
A;G003557;4325;spencer;trent;butler;45;m;w;winston salem;wynbrook;2653;27103;nc
A;G003558;4326;berry;howell;rudol;41;f;w;raleigh;worley;4125;27613;va
A;G003559;4327;james;richard;dayton;55;m;w;yadkinville;foxglove lake;1333;27055;nc
A;G003560;4328;donna;marice;kuykendall;45;f;w;kernersville;tredegar;1720;27284;pr
A;G003560;4329;donna;marice;kuykendall;45;f;w;matthews;jamesville;4707;28105;pr
A;G003562;4330;douglas;walter;briggs;60;m;w;yadkinville;boulder;1116;27055;ny
A;G003563;4331;deva;datta;sharma;76;m;o;cary;belrose;324;27513;oc
A;G003564;4332;steven;raul;zamorano;34;m;w;charlotte;ashley hill;8460;28262;ga
A;G003564;4333;steven;raul;zamorano;34;m;w;raleigh;broadview;10800;27617;ga
A;G003565;4334;arnt;j;sundseth;62;m;w;danbury;juniper;1140;27016;az
A;G003566;4335;jill;robin;brown;45;f;w;pfafftown;transou;3341;27040;nc
A;G003567;4336;wanda;june;klein;80;f;w;yadkinville;holden;1201;27055;nc
A;G003569;4337;marian;shermane;crosby;55;f;b;winston salem;chestnut;1626;27105;nc
A;G003570;4338;emily;;brown;24;u;u;winston salem;brookleigh;877;27104;
A;G003571;4339;james;evan;hughes;22;m;w;kernersville;michael;520;27284;wv
A;G003572;4340;kimberly;ward;sturman;51;f;w;charlotte;deer spring;9307;28210;ut
A;G003573;4341;christine;marie;tozier;48;f;w;pfafftown;mount salem;2495;27040;ca
A;G003574;4342;gary;dennis;gugger;49;m;w;eagle springs;oak ridge;459;27242;oh
A;G003574;4343;gary;dennis;gugger;49;m;w;aberdeen;lantern;506;28315;oh
A;G003575;4344;leah;darlene;epling;41;f;w;walnut cove;main;803;27052;ca
A;G003576;4345;situ;;shrestha;34;f;o;winston salem;first;614;27101;oc
A;G003577;4346;joseph;e;layton;80;m;w;pfafftown;transou;3466;27040;nc
A;G003578;4347;livingseon;jack;loizeaux;25;m;w;charlotte;rocky falls;7053;28211;de
A;G003579;4348;gloria;;mayer;83;f;w;cornelius;beaufain;19309;28031;tx
A;G003582;4349;derrick;lee;boyd;37;m;b;winston salem;cleveland;940;27101;nc
A;G003583;4350;jennie;lynn;watson;63;f;b;winston salem;highland;931;27101;nc
A;G003585;4351;kathleen;june;kirk;44;f;w;winston salem;gloucestershire;310;27104;oh
A;G003586;4352;tam;minh;nguyen;35;f;a;chapel hill;perkins;200;27514;oc
A;G003586;4353;tam;minh;nguyen cao;35;f;u;cary;tutbury;118;27519;oc
A;G003587;4354;delana;lynne;harvick;45;f;w;charlotte;bent branch;1917;28226;nc
A;G003589;4355;zachary;fillmore;loftin;37;m;w;winston salem;hawks nest;1213;27103;nc
A;G003590;4356;brendan;michael;kelly;45;m;w;davidson;river ford;17700;28036;
A;G003591;4357;john;edward;meehan;56;m;w;charlotte;noda;3228;28205;ny
A;G003592;4358;howard;monroe;bost;53;m;w;winston salem;murray;5710;27106;nc
A;G003593;4359;leslie;;craig;48;f;w;winston salem;stratford lake;2415;27103;pa
A;G003594;4360;riley;austin;engrem;20;u;w;winston salem;hollyrood;2238;27127;nc
A;G003595;4361;luke;dickson;davis;27;m;w;winston salem;downing;617;27106;nc
A;G003596;4362;jose;antonio;justo;32;m;w;winston salem;eagle;4767;27127;ny
A;G003596;4363;jose;antonio;justo;32;m;m;matthews;yellow daisy;1617;28104;ny
A;G003597;4364;nancy;sneller;stockton;67;f;u;winston salem;lindbergh;412;27104;fl
A;G003597;4365;nancy;s;stockton;67;f;w;matthews;antioch church;3401;28104;
A;G003598;4366;joshua;cory;sands;25;m;w;winston salem;crowne view;500;27106;nc
A;G003599;4367;robin;elizabeth;donahue;20;f;w;clemmons;maidwood;7535;27012;
A;G003600;4368;colon;millard;putnam;74;m;w;winston salem;old grist;3530;27103;nc
A;G003601;4369;kayla;danielle;dineen;29;f;w;raleigh;lake wheeler;1331;27603;va
A;G003602;4370;william;isiah shakur;graham;23;m;b;lewisville;marshall;7065;27023;nc
A;G003603;4371;alison;jo;fletcher;42;f;w;winston salem;lamplighter;218;27104;
A;G003605;4372;peggy;ann;theobald;68;f;w;winston salem;thornaby;3650;27107;
A;G003606;4373;john;joseph;heaphy;62;m;w;winston salem;oak summit;160;27105;ny
A;G003607;4374;william;edward;crews;58;m;w;stoneville;woodland;113;27048;nc
A;G003608;4375;nikolas;;johansen;29;m;w;pfafftown;turfwood;1912;27040;
A;G003609;4376;alexander;westwood;saunders;30;m;w;raleigh;palace garden;1408;27603;nc
A;G003610;4377;richard;hobson;creech;57;m;w;clemmons;riverview knoll;7618;27012;nc
A;G003611;4378;megan;kimberly;riddle;32;f;w;raleigh;wirewood;1071;27605;nc
A;G003612;4379;nancy;lee;hoover;55;f;w;winston salem;nettlebrook;2226;27106;ny
A;G003612;4380;nancy;lee;hoover;55;f;w;mooresville;isle of pines;618;28117;ny
A;G003613;4381;angela;russell;barrow;49;f;w;trinity;citation;7326;27370;nc
A;G003614;4382;erica;leigh;shrader;38;f;w;raleigh;regulator;1326;27603;nc
A;G003615;4383;krishauna;renee;rolle;38;f;b;winston salem;wake;213;27106;nc
A;G003617;4384;franklin;l;brown;73;m;b;winston salem;peachtree;1100;27107;
A;G003618;4385;cameron;carl;moreland;26;m;w;winston salem;kyle;532;27104;al
A;G003618;4386;cameron;carl;moreland;26;m;w;mooresville;alexander acres;167;28115;al
A;G003619;4387;dawn;lenore;vander groef;45;f;w;winston salem;irving;678;27103;nj
A;G003620;4388;lamar;stephon;carter;26;m;b;winston salem;betty;1058;27107;
A;G003621;4389;william;michael;jones;18;m;w;boone;hardin hoey dorm;230;28608;
A;G003622;4390;dahiana;mercedes;valerio;40;f;o;charlotte;paces oaks;8305;28213;oc
A;G003623;4391;cassandra;ann;williams;28;f;w;kernersville;blackmoor;7212;27284;nc
A;G003624;4392;ashley;ormand;thrift;72;m;w;winston salem;fourth;851;27101;nc
A;G003625;4393;mark;ellis;podlaski;31;m;w;cornelius;rio oro;20525;28031;nc
A;G003626;4394;jason;paul;martin;44;m;w;winston salem;boxthorne;1500;27106;tx
A;G003627;4395;willie;c;hawthorne;38;m;b;winston salem;dunleith;145;27101;nj
A;G003628;4396;deangelo;treyvon;kellam;27;m;b;madison;nell;260;27025;nc
A;G003629;4397;geoffrey;david;zerby;44;m;w;winston salem;heatherstone;928;27104;pa
A;G003630;4398;timothy;pieutch;mcneill;66;m;w;lewisville;lalanda;7210;27023;nc
A;G003633;4399;timothy;lea;mcnair;30;m;b;winston salem;reynolda;2700;27106;nc
A;G003633;4400;timothy;lea;mcnair;30;m;b;carrboro;fidelity;119;27510;nc
A;G003634;4401;rebecca;elizabeth;slager;43;f;w;winston salem;audrey;4668;27127;mi
A;G003635;4402;frank;;vereen;48;m;b;winston salem;hollow stump;141;27106;
A;G003637;4403;dana;martin;morris;39;f;w;lincolnton;taswell;148;28092;sc
A;G003637;4404;dana;martin;morris;39;f;w;lincolnton;asbury church;3065;28092;sc
A;G003638;4405;james;aaron;marshall;35;m;w;winston salem;pinewood;4929;27106;nc
A;G003639;4406;lorraine;kathryn;mabe;64;f;w;winston salem;olivet church;2208;27106;pa
A;G003640;4407;maria;roselli;reeves;46;f;w;kernersville;smithwick;2407;27284;nc
A;G003642;4408;joshua;garrett;williams;40;m;w;winston salem;old vineyard;3401;27103;sc
A;G003642;4409;joshua;garrett;williams;40;m;w;statesville;scott;1802;28625;sc
A;G003643;4410;norman;ray;boone;49;m;w;dobson;trade;238;27017;nc
A;G003644;4411;tyler;scott;williams;32;m;w;wendell;selma;105;27591;nc
A;G003645;4412;tyler;ray;gillis;32;m;w;raleigh;scotch castle;8717;27612;nc
A;G003646;4413;robert;dahle;browning;57;m;w;clemmons;holder;6600;27012;az
A;G003648;4414;matthew;james;rave;50;m;w;sylva;hillcrest;548;28779;va
A;G003649;4415;charles;hayward;morris;68;m;w;mount airy;old cadle ford;410;27030;
A;G003651;4416;john;franklin;thornton;44;m;w;lewisville;sonata;181;27023;nc
A;G003652;4417;jennifer;rochelle;clark;33;f;b;mount airy;dyson;111;27030;nc
A;G003653;4418;lee;ann;athey;37;f;w;trinity;nc hwy 62;7293;27370;nc
A;G003654;4419;bryan;lee;buckingham;34;m;w;matthews;cameron village;930;28105;nc
A;G003654;4420;bryan;lee;buckingham;34;m;w;chapel hill;mangum dorm;408;27514;nc
A;G003656;4421;parvin;rafiee;amiri;58;f;o;charlotte;victorian;2004;28203;oc
A;G003656;4422;parvin;rafiee;amiri;58;f;u;charlotte;kenilworth;1218;28204;
A;G003657;4423;lisa;renea;guthrie;46;f;w;asheboro;atlantic;110;27205;ga
A;G003658;4424;donald;carl;stogner;56;m;w;kernersville;round hill;1637;27284;al
A;G003659;4425;larry;allen;young;24;m;w;garner;east keri;750;27529;ut
A;G003659;4426;larry;allen;young;24;m;w;garner;forest;913;27529;ut
A;G003660;4427;jasper;ngong;chan;29;m;a;charlotte;baseline;1406;28262;me
A;G003661;4428;thomas;donald;bosher;35;m;w;winston salem;dacian;1933;27107;nc
A;G003662;4429;melissa;nycole;taylor;24;f;b;winston salem;brownsboro;4260;27106;nc
A;G003663;4430;parker;renay;kelly holland;27;f;w;winston salem;gracemont;3932;27106;sc
A;G003664;4431;dathan;roy;jones;39;m;w;winston salem;glen eagles;309;27104;ca
A;G003665;4432;david;werth;barry;37;m;w;winston salem;buena vista;3313;27106;nc
A;G003666;4433;martha;muir;swaim;36;f;w;lewisville;summerglen;270;27023;va
A;G003669;4434;david;terry;mcclure;45;m;w;winston salem;cool water;140;27107;nj
A;G003671;4435;connie;marie;cagle;45;f;w;winston salem;country club;4755;27104;nc
A;G003672;4436;eddie;eugene;collins;56;m;w;winston salem;baux mountain;5080;27105;ky
A;G003673;4437;stephanie;marie;knight;41;f;w;winston salem;forsyth;2377;27103;nc
A;G003673;4438;stephanie;knight;phipps;41;f;w;wilmington;lenoir;6341;28412;nc
A;G003676;4439;rusty;lee;west;32;m;w;kernersville;stanley farm;121;27284;nc
A;G003678;4440;chandra;alston;davis;50;f;b;winston salem;hawkdale;3815;27106;md
A;G003678;4441;chandra;denise;davis;50;f;b;wilmington;eastwood;709;28403;
A;G003679;4442;cathleen;corbin;brown;46;f;w;matthews;pine pointe;3109;28104;md
A;G003679;4443;cathleen;corbin;brown;46;f;w;apex;pearson farms;1008;27502;md
A;G003680;4444;jeffrey;michael;mcneil;34;m;b;winston salem;lance ridge;4820;27127;nc
A;G003681;4445;jamel;robertson;smith;28;m;b;winston salem;meadow ridge;828;27107;nc
A;G003682;4446;marcia;eason;armstrong;28;f;w;winston salem;wfu;0;27109;
A;G003682;4447;marcia eason;armstrong;keeney;28;f;w;four oaks;fawnbrook;288;27524;nc
A;G003683;4448;curtis;dwight;stone;68;u;u;winston salem;falcon tree;1801;27127;va
A;G003684;4449;william;james;carpenter;46;m;w;winston salem;westover;815;27104;nj
A;G003685;4450;kimya;nuru;dennis;41;f;b;raleigh;varsity;1562;27606;va
A;G003686;4451;wilson;jay;soots;26;m;w;pfafftown;lochurst;4488;27040;fl
A;G003687;4452;alex;doggett;stewart;27;m;w;winston salem;fairburn;5328;27106;nc
A;G003688;4453;evena;adrienne;hairston;43;f;b;winston salem;kapp;595;27105;nc
A;G003689;4454;danitra;shontay;nelson;31;f;b;rocky mount;parkridge;142;27804;nc
A;G003690;4455;mary;lillian;king;29;f;w;winston salem;wfu;0;27109;
A;G003691;4456;denise;arnette;mathews;55;f;b;winston salem;janita;1522;27127;ok
A;G003693;4457;leo;;reed;88;m;w;bethania;town lot;250;27010;wv
A;G003694;4458;benjamin;alexander;melton;30;m;w;tobaccoville;rolling view;6900;27050;nc
A;G003694;4459;benjamin;alexander;melton;30;m;w;sylva;treehaven;63;28779;nc
A;G003695;4460;sandy;lynn;rogerson;53;f;w;winston salem;maiden;1624;27104;ny
A;G003696;4461;ruth;frances;hauf;75;f;w;cary;muir brook;206;27519;md
A;G003697;4462;kristen;wooten;erdman;47;f;w;apex;dutch elm;5225;27539;wv
A;G003698;4463;doris;kinlaw;wilson;69;f;b;monroe;fuller;1600;28112;nc
A;G003700;4464;charles;edwin;reece;48;m;w;winston salem;reynolda;841;27104;nc
A;G003701;4465;toni;goins;joyce;52;f;i;pilot mtn;wilson;1246;27041;nc
A;G003701;4466;toni;goins;joyce;52;f;i;pinnacle;bluegrass;1110;27043;nc
A;G003702;4467;lisa;michelle;anthony;49;f;b;kernersville;old wood;120;27284;nc
A;G003703;4468;barbara;joy;morgan;42;f;b;clemmons;parkfield;6228;27012;ny
A;G003704;4469;catalina;suzanne;webster;47;f;o;winston salem;old rural hall;5665;27105;ny
A;G003705;4470;shirley;cleveland;johnson;74;f;w;walkertown;york place;5215;27051;ny
A;G003706;4471;darryl;tyrone;mccrae;31;m;b;winston salem;glendare;380;27104;nc
A;G003707;4472;jaquetta;sharice;turner;32;f;b;charlotte;hosta;2928;28269;ca
A;G003708;4473;aisha;kari;baker;43;f;b;manson;buchanan;992;27553;ny
A;G003709;4474;brittany;n;good;20;f;w;greenville;5th;505;27858;
A;G003710;4475;karen;marie;anderson;55;f;w;king;carson;106;27021;va
A;G003710;4476;karen;marie;anderson;55;f;w;east bend;main;461;27018;va
A;G003712;4477;jennifer;adele;wood;32;f;w;raeford;lindsay;3219;28376;nc
A;G003712;4478;jennifer;adele;masterson;32;f;w;faison;dave bright;6045;28341;nc
A;G003713;4479;vernon;robert;west;55;m;w;cornelius;kings point;17915;28031;nc
A;G003714;4480;meg;mcintyre;sileo;50;f;w;mooresville;timberfalls;113;28115;ga
A;G003714;4481;meg;mcintyre;sileo;50;f;w;huntersville;lyon hill;14327;28078;ga
A;G003715;4482;melvyn;james;austin;70;u;u;statesville;catspaw;520;28677;
A;G003716;4483;reginald;bernard;moore;38;m;b;winston salem;sellwood;3608;27105;nc
A;G003717;4484;michael;dale;holcomb;51;m;w;pfafftown;robinhood trace;6434;27040;nc
A;G003718;4485;james;lee;hardison;45;m;w;statesville;newton;1802;28677;sc
A;G003718;4486;james;lee;hardison;45;m;w;cleveland;mount hall;557;27013;sc
A;G003719;4487;william;ryan;boone;39;m;w;winston salem;katies;4608;27101;nc
A;G003719;4488;william;ryan;boone;39;m;w;smithfield;tralee;642;27577;nc
A;G003720;4489;lynette;elizabeth;berry;20;f;b;winston salem;wssu;0;27110;
A;G003722;4490;billy;james;foote;41;m;w;liberty;flynt;3251;27298;va
A;G003723;4491;ryan;lee;bonifay;28;m;w;pfafftown;timberfield;4464;27040;pa
A;G003725;4492;jamie;harper;passaro;29;f;w;winston salem;cherry;221;27101;nj
A;G003726;4493;jenine;shene;mccoy;32;f;b;king;pineview;113;27021;ca
A;G003727;4494;tiffany;renae;oden;34;f;w;salisbury;ellis;631;28144;va
A;G003728;4495;lynne;hatch;wells;87;f;w;yadkinville;old us 421;3603;27055;me
A;G003730;4496;corey;dean;bryant;30;m;w;pinnacle;whitaker;463;27043;nc
A;G003730;4497;corey;dean;bryant;30;f;w;mount airy;spaugh;233;27030;nc
A;G003731;4498;rachael;traylor;morales;31;f;w;winston salem;waverly dell;2209;27127;nc
A;G003732;4499;richard;leon;miller;56;m;b;kernersville;running springs;390;27284;nc
A;G003734;4500;joey;kyle;albright;50;m;w;kernersville;rocky springs;5036;27284;nc
A;G003735;4501;justin;todd;ruppe;30;m;w;winston salem;miller park;2531;27103;il
A;G003735;4502;justin;todd;ruppe;30;m;w;garner;shady lawn;118;27529;il
A;G003736;4503;christopher;eugene;stewart;51;m;w;raleigh;virginia;3905;27610;nc
A;G003738;4504;elizabeth;ann;maciag;69;f;w;wilmington;carthage;2802;28405;ny
A;G003739;4505;gordon;bailey;white;24;m;w;winston salem;dartmouth;439;27104;nc
A;G003740;4506;james;edward;atha;75;m;w;raleigh;spring garden;1174;27603;ga
A;G003741;4507;jason;scott;andersen;35;m;w;charlotte;mockingbird;1308;28209;nc
A;G003742;4508;amy;rae;roberson;40;f;w;henderson;cedarwood;718;27536;nj
A;G003742;4509;amy;rae;addabbo;40;f;w;raleigh;blackwolf run;2208;27604;nj
A;G003743;4510;howard;antoino;washington;24;m;b;erwin;barnes;103;28339;nc
A;G003743;4511;howard;antoino;washington;24;m;b;dunn;yuvette;25;28334;nc
A;G003744;4512;charles;gray;creson;66;m;w;vass;autumn;172;28394;dc
A;G003745;4513;april;nicole;chandler;24;f;b;lillington;dr mckoy;87;27546;nc
A;G003745;4514;april;nicole;chandler;24;f;b;semora;the johnson;65;27343;nc
A;G003746;4515;donna;kay;stube;37;f;w;wilmington;kerr;304;28405;sc
A;G003747;4516;jonathan;james;simmonds;30;m;w;pinehurst;harding;1;28374;ia
A;G003748;4517;travis;juawn;surles;38;m;b;dunn;magnolia;605;28334;nc
A;G003748;4518;travis;juwan;surles;38;m;b;coats;ida;39;27521;nc
A;G003749;4519;james;gary;brown;54;m;w;angier;church;123;27501;nc
A;G003750;4520;justin;aric;basham;37;m;w;fuquay varina;avery spence;449;27526;tx
A;G003751;4521;alex;evan;wallin;39;m;w;lillington;anna;234;27546;
A;G003752;4522;sue;fleming;mayhew;92;f;w;dunn;glenalmond;116;28334;nc
A;G003753;4523;veronica;louise;meert;30;f;w;sanford;marzy;65;27332;
A;G003754;4524;adan;rico;muniz;47;m;o;sanford;englewood;62;27332;oc
A;G003755;4525;kimberly;ivy;babish;37;f;w;cary;luxon;109;27513;fl
A;G003756;4526;natasha;nicole;grimm;33;u;w;sanford;stoney hill;34;27332;
A;G003756;4527;natasha;nicole;grimm;33;f;w;charlotte;ideal;822;28203;ma
A;G003757;4528;brandi;atrese;crenshaw;40;f;b;angier;old stage;6474;27501;nc
A;G003757;4529;brandi;crenshaw;mckinnie;40;f;b;raleigh;greenleaf;4029;27606;nc
A;G003758;4530;tommy;wayne;turpin;63;m;w;dunn;holmes;109;28334;nc
A;G003758;4531;tommy;wayne;turpin;63;m;w;dunn;benson;2215;28334;
A;G003759;4532;erin;machelle;davis;32;f;w;fuquay varina;woodview;168;27526;nj
A;G003760;4533;tamika;smith;wicker;42;f;b;broadway;applewood;91;27505;nc
A;G003760;4534;tamika;shonte;smith;42;f;b;sanford;goldsboro;1300;27330;nc
A;G003761;4535;robert;lee;pearson;50;m;b;benson;catherine;102;27504;nc
A;G003762;4536;michael;lee;hosey;72;m;w;angier;homestead;509;27501;nc
A;G003762;4537;michael;lee;hosey;72;m;w;apex;bullfinch;1214;27523;nc
A;G003763;4538;emily;anne;woodrum;33;f;w;greenville;brownlea;117;27858;
A;G003763;4539;emily;woodrum;dejesus;33;f;w;fuquay varina;wilkes lake;2957;27526;nc
A;G003764;4540;carisa;n;shaw;39;f;w;lillington;mitchell;760;27546;nc
A;G003764;4541;carisa;nichole;peterson;39;f;w;holly springs;stable ridge;900;27540;nc
A;G003765;4542;kamonte;lemik;davis;40;m;b;smithfield;canterbury;310;27577;nc
A;G003766;4543;john;michael;clark;46;m;w;spring lake;sierra;370;28390;
A;G003767;4544;adam;patrick;kemblowski;33;m;w;sanford;fox wood south;138;27332;ny
A;G003768;4545;natalie;carmen;panko;41;f;w;fuquay varina;crystalwater;1229;27526;tn
A;G003769;4546;amy;;hayes;42;f;w;henderson;hargrove;938;27536;ri
A;G003770;4547;deborah;williams;mcduffie;62;f;w;benson;miller;777;27504;nc
A;G003771;4548;latifah;arnice;mcdougald;28;f;b;spring lake;betty;28;28390;nc
A;G003772;4549;pamela;marie;rios galvan;35;f;w;dunn;hinson;1253;28334;md
A;G003772;4550;pamela;marie;reynolds;35;f;w;dunn;larry;94;28334;md
A;G003773;4551;andrew;james;rubley;30;m;w;angier;nicholas;87;27501;in
A;G003773;4552;andrew;james;rubley;30;m;w;cary;forest wind;527;27513;in
A;G003774;4553;robert;bradley;wilkie;36;m;w;asheboro;elderberry;3029;27205;nc
A;G003775;4554;steven;brent;carrington;37;m;w;broadway;turkey path;145;27505;nc
A;G003776;4555;sydney;cara;burton;23;f;m;angier;high meadow;195;27501;va
A;G003776;4556;sydney;cora;burton;23;f;m;raleigh;millstone harbour;2405;27603;va
A;G003776;4557;sydney;cara;burton;23;f;m;boone;living and learning center;0;28608;
A;G003777;4558;samuel;len;jones;44;m;b;erwin;riverview;156;28339;nc
A;G003777;4559;samuel;len;jones;44;m;b;raleigh;chandler ridge;4111;27603;nc
A;G003778;4560;federico;augusto;lluberes;63;m;w;fuquay varina;wyndham place;395;27526;oc
A;G003779;4561;natalie;evans;warner;40;f;w;angier;magnolia;31;27501;nc
A;G003779;4562;natalie;evans;warner;40;f;w;raleigh;brack;1004;27603;nc
A;G003780;4563;revera;;arkell;69;f;o;cameron;forest;29;28326;ny
A;G003781;4564;vernie;mashburn;rhodes;70;f;w;fuquay varina;rock spring;105;27526;nc
A;G003781;4565;vernie;m;rhodes;70;f;w;biscoe;clayola;539;27209;nc
A;G003782;4566;james;allen;grace;68;m;w;cameron;morganton;129;28326;ny
A;G003783;4567;nora;angelina;arita;74;f;u;garner;enid;410;27529;
A;G003784;4568;eric;glenn;wolf;42;m;w;sanford;lakeland port;258;27332;az
A;G003784;4569;eric;glenn;wolf;42;m;w;sneads ferry;jim grant;755;28460;az
A;G003785;4570;ashlyn;brook;rich;25;f;w;sophia;richfields;3839;27350;nc
A;G003786;4571;angela;marie;beasley;37;f;w;erwin;old stage;2805;28339;oh
A;G003786;4572;angela;marie;beasley;37;f;w;angier;old fairground;3115;27501;oh
A;G003787;4573;amanda;lynn;musolino;37;f;w;dunn;bud hawkins;997;28334;oh
A;G003788;4574;raychelle;whack;williams;45;f;b;kenly;maple;316;27542;nc
A;G003788;4575;roychelle;whack;williams;45;f;b;goldsboro;maple;1721;27530;nc
A;G003788;4576;roychelle;felicia;williams;45;f;b;lucama;oscar;7415;27851;nc
A;G003788;4577;roychelle;felicia;williams;45;f;b;lucama;st marys church;7244;27851;nc
A;G003789;4578;donald;grinnell;bainbridge;62;m;w;angier;junny;431;27501;ga
A;G003789;4579;donald;grinnell;bainbridge;62;m;w;cary;bonnell;102;27511;ga
A;G003790;4580;laura;h;brown;52;f;w;rolesville;staples;316;27571;nc
A;G003791;4581;robin;sue;berry;64;f;w;sanford;w d graham;106;27332;ny
A;G003792;4582;diana;olson;tatro;62;f;w;broadway;nc 27 w;12933;27505;oh
A;G003793;4583;deanna;christine;hart;41;f;w;sanford;st andrews church;1852;27332;nc
A;G003794;4584;kristin;dawn;baker;37;f;w;dunn;grubbs dale;221;28334;nc
A;G003795;4585;katrina;;blue;37;f;b;dunn;patricia s vann;35;28334;nc
A;G003796;4586;laura;megan;dooley;24;f;w;fuquay varina;stewart;2505;27526;nc
A;G003796;4587;laura;megan;dooley;24;f;w;fuquay varina;stewart;2505;27526;nc
A;G003797;4588;debora;king;bass;59;f;b;raleigh;culps hill;3704;27610;nc
A;G003798;4589;jean;page;roberts;70;f;w;sanford;summitt;550;27330;nc
A;G003798;4590;jean;p;roberts;70;f;w;raleigh;calliope;2600;27616;nc
A;G003799;4591;stacey;dunevant;chandler;43;f;w;lillington;old us 421;1640;27546;
A;G003800;4592;blondell;mclean;simmons;62;f;b;lillington;dry brook;90;27546;nc
A;G003801;4593;amanda;jean;elmore;37;f;w;coats;stephen norris;96;27521;me
A;G003801;4594;amanda;jean;elmore;37;f;w;garner;atchison;108;27529;me
A;G003802;4595;james;anthony;foushee;53;u;u;fuquay varina;woodfield;95;27526;
A;G003803;4596;carma;lynn;locklear;55;f;w;willow springs;penwood;49;27592;id
A;G003804;4597;frances;sasser;patterson;68;f;u;lillington;old us 421;7805;27546;
A;G003805;4598;britta;lankford;threshie;35;f;w;angier;topsail;105;27501;
A;G003806;4599;yolanda;antoinette;tucker;38;f;b;sanford;lucas and tucker;109;27332;nc
A;G003807;4600;kadijah;lashae;simms;24;f;b;lillington;bryson;115;27546;nc
A;G003808;4601;robert;glenn;henderson;73;m;w;apex;henderson;8420;27539;nc
A;G003809;4602;heidi;kim;lokers;49;f;w;angier;greene;38;27501;nc
A;G003810;4603;riley;lenward;allen;70;m;b;angier;oxford;55;27501;nc
A;G003811;4604;timothy;lee;johnson;64;m;b;sanford;farrell;235;27330;nc
A;G003812;4605;kenneth;j;bigda;61;m;w;holly springs;betts;365;27540;ri
A;G003813;4606;jacqueline;green;luna;35;f;w;waynesville;country club;1109;28786;nc
A;G003814;4607;jennifer;nichole;stevens;33;f;w;wendell;bristle bark;6813;27591;nc
A;G003814;4608;jennifer;nichole;stevens;33;f;w;boone;woodland;353;28607;nc
A;G003815;4609;john;franklin;hammons;48;m;w;waynesville;east;822;28786;fl
A;G003815;4610;john;franklin;hammons;48;m;w;franklin;olive hill;1225;28734;
A;G003816;4611;cathy;goodman;gignilliat;65;f;w;raeford;venture;366;28376;ga
A;G003817;4612;alexandra;jean;smith;68;f;w;charlotte;nolley;9131;28270;nj
A;G003817;4613;alexandra;jean;smith;68;u;w;wilmington;capeside;540;28412;
A;G003818;4614;robert;dennis;curtin;61;m;w;mars hill;honey;40;28754;va
A;G003819;4615;morgen;elaine;fry;21;f;w;waynesville;north main;178;28786;fl
A;G003820;4616;clinton;leroy;mathis;53;m;w;waynesville;mica mine;101;28786;nc
A;G003821;4617;jackie;loretta;earley;44;f;w;mill spring;hidden acres;256;28756;nc
A;G003822;4618;joshua;brooks;corn;34;m;w;waynesville;pumpkin patch;38;28786;nc
A;G003823;4619;everett;freemont;rollins;30;m;w;bryson city;watavue;160;28713;ak
A;G003824;4620;michael;shane;billings;40;m;w;fleetwood;cranberry springs;2223;28626;nc
A;G003824;4621;michael;shane;billings;40;m;w;todd;betsy;348;28684;nc
A;G003825;4622;william;r;kerbs;79;m;w;pineville;darington;13828;28134;il
A;G003826;4623;katherine;stuart;hunter;52;f;w;waynesville;cedarwood;133;28785;nc
A;G003827;4624;william;ricky;hemphill;61;m;w;maggie valley;mountain;64;28751;fl
A;G003827;4625;william;ricky;hemphill;61;m;w;maggie valley;aquina mountain;64;28751;
A;G003828;4626;david;rowe;williams;34;u;u;canton;earley;148;28716;
A;G003829;4627;patricia;ann;ladowski;69;f;w;canton;rhoda;53;28716;in
A;G003830;4628;denise;hambrick;messer;44;f;w;waynesville;aspen;78;28785;nc
A;G003830;4629;denise;elaine;hambrick;44;f;w;waynesville;strawberry;20;28786;nc
A;G003831;4630;paula;inman;molyneaux;67;f;w;hot springs;allison;141;28743;nc
A;G003832;4631;amanda;lorraine;caldwell;54;f;w;waynesville;sycamore;64;28786;va
A;G003833;4632;aaron;william;herbertson;25;m;w;waynesville;ben medford;194;28785;fl
A;G003834;4633;michael;jay;manalo;39;m;a;waynesville;central;35;28786;va
A;G003835;4634;joy;felicia;lunn;77;f;w;columbus;laurel lake;615;28722;il
A;G003836;4635;shannon;standley;williams;44;f;w;matthews;terra glen;3109;28105;nc
A;G003836;4636;shannon;standley;cotton;44;f;w;seven lakes;smathers;135;27376;nc
A;G003837;4637;hope;ryann;dailey;28;f;w;mount airy;chriswell;114;27030;nc
A;G003838;4638;weaver;ballou;haney;53;m;w;canton;cruso;14374;28716;nc
A;G003838;4639;weaver;ballou;haney;53;m;w;canton;cruso;14374;28716;nc
A;G003839;4640;lynda;clark;johnson;51;f;w;waynesville;peters cove;313;28786;md
A;G003839;4641;lynda;clark;johnson;51;f;w;bryson city;cap johnson;335;28713;md
A;G003840;4642;megan;cogburn;woods;34;f;w;canton;johnson;633;28716;nc
A;G003840;4643;megan;nicole;cogburn;34;f;w;canton;huntington;113;28716;nc
A;G003841;4644;saundra;heavner;mosteller;65;f;w;waynesville;mountain cove;878;28786;nc
A;G003842;4645;judy;flemming;evans;77;f;w;waynesville;belle meade;115;28786;nc
A;G003843;4646;stephanie;ivans;lay;33;f;w;clyde;penland;395;28721;nc
A;G003844;4647;jeremy;richard;dirocco;25;m;w;waynesville;marshall;491;28786;nc
A;G003844;4648;jeremy;richard;dirocco;25;m;w;waynesville;marshall;491;28786;nc
A;G003845;4649;michael;ian;lovett;27;m;w;sylva;chad;111;28779;fl
A;G003846;4650;michelle;l;jacobs;49;f;w;canton;bearwallow;47;28716;
A;G003847;4651;sara;elizabeth;trantham;25;f;w;waynesville;mountain lake;806;28785;nc
A;G003848;4652;marian;leigh;greene;51;f;w;clyde;eagle;43;28721;md
A;G003850;4653;randolph;meade;williams;74;m;w;chocowinity;white oak;103;27817;md
A;G003851;4654;tonya;christine;reeves;37;f;w;canton;newfound;4085;28716;ca
A;G003852;4655;william;everett;mitchell;58;m;w;maggie valley;rolling;185;28751;ca
A;G003853;4656;james;eddie;brooks;69;m;w;clyde;northwood;222;28721;oh
A;G003854;4657;james;aaron;buchanan;41;m;u;sylva;nowhere;177;28779;
A;G003855;4658;thomas;alvin;butler;49;m;u;wake forest;reindeer moss;8616;27587;nc
A;G003856;4659;david;brian;osteen;53;m;w;etowah;eade;435;28729;nc
A;G003857;4660;edith;kalmowitz;verber;75;f;w;tryon;woody;100;28782;fl
A;G003858;4661;parker;paige;boline;19;f;w;hendersonville;crown;113;28791;ga
A;G003859;4662;betty;ann;greer;36;f;w;fletcher;hoopers creek;97;28732;mi
A;G003860;4663;myrtle;kaye;corriher;60;f;w;salisbury;peeler;1975;28146;sc
A;G003861;4664;jimmy;lewis;burgess;48;m;b;flat rock;roper;47;28731;nc
A;G003862;4665;danny;dale;holder;55;m;w;hendersonville;kanuga;2955;28739;nc
A;G003863;4666;alicia;phillips;stratton;38;f;w;hendersonville;tracy grove;230;28792;nc
A;G003864;4667;john;francis;norton;74;m;w;hendersonville;wild turkey;84;28792;ny
A;G003864;4668;john;francis;norton;74;m;w;hendersonville;wild turkey;84;28792;ny
A;G003865;4669;sherrill;elaine corn;wunderlich;76;f;m;flat rock;burrell;103;28731;nc
A;G003866;4670;michele;lynn;morris;43;f;w;saluda;peaceful hill;100;28773;mi
A;G003867;4671;everett;lanson;plyler;84;m;w;boone;russelton;409;28607;va
A;G003868;4672;carlo;jason;sama;37;m;w;mill spring;flat branch;221;28756;ga
A;G003870;4673;amber;heckart;gilmore;28;f;w;hendersonville;taylor;306;28739;nc
A;G003871;4674;ryan;joseph;stutzman;28;m;w;horse shoe;whitetail;63;28742;fl
A;G003871;4675;ryan;joseph;stutzman;28;m;w;cullowhee;walker dorm;305;28723;fl
A;G003873;4676;victor;eugene;brogdon;48;m;w;mill spring;chimney rock;891;28756;sc
A;G003874;4677;david;alan;keck;43;m;w;hendersonville;live oak;208;28791;mi
A;G003875;4678;megan;rhodes;giroux;31;f;w;fletcher;sunberry;3;28732;fl
A;G003876;4679;eric;charles;benjamin;33;m;m;etowah;mckinney;192;28729;nc
A;G003876;4680;eric;charles;benjamin;33;m;m;charlotte;tryon;1210;28206;nc
A;G003877;4681;michael;anthony;russell;35;m;w;flat rock;english heifer cove;152;28731;ma
A;G003877;4682;michael;anthony;russell;35;m;w;flat rock;english heifer cove;152;28731;ma
A;G003878;4683;mary;kathryn;penley;34;f;w;hendersonville;fitzsimmons;615;28792;sc
A;G003878;4684;mary;kathryn;lyerly;34;f;w;mars hill;mars hill college;5000;28754;sc
A;G003879;4685;roberta;lawren;booth;62;f;w;pisgah forest;forest park;215;28768;ca
A;G003880;4686;mason;erick;kropp;23;m;w;marion;thole;92;28752;nc
A;G003881;4687;kathleen;ann;brennan;59;f;w;hendersonville;mountain view;1051;28739;
A;G003882;4688;michelle;ann;terenzi;27;f;w;fletcher;stoney brook;51;28732;
A;G003882;4689;michelle;ann;terenzi;27;f;w;boone;king;229;28607;fl
A;G003883;4690;sarah;susan;holmgren;45;f;w;hendersonville;richards;112;28792;ca
A;G003884;4691;sarita;heatherly;styles;50;f;w;spruce pine;dogwood;26;28777;nc
A;G003885;4692;elliot;job;turner;21;m;a;charlotte;summit commons;13804;28277;
A;G003886;4693;david;leroy;smith;79;m;w;salisbury;stafford estates;267;28146;me
A;G003887;4694;virginia;lindsey;frost;85;f;w;hendersonville;heritage;3235;28791;va
A;G003888;4695;christopher;allen;moore;30;m;w;hendersonville;charleston view;52;28792;nc
A;G003889;4696;christopher;scott;shepherd;36;m;w;hendersonville;morningside;2315;28791;nc
A;G003889;4697;christopher;scott;shepherd;36;m;w;forest city;church;775;28043;nc
A;G003890;4698;ellen;doolittle;maday;69;f;w;hendersonville;scarlet oak;205;28791;nj
A;G003891;4699;sheila;baysden;guthrie;65;f;w;hendersonville;lake;49;28739;nc
A;G003891;4700;sheila;baysden;guthrie;65;f;w;saluda;us hwy 176;7449;28773;nc
A;G003891;4701;sheila;baysden;guthrie;65;f;w;raleigh;hunters bluff;3121;27606;nc
A;G003892;4702;brenda;galloway;gaddy;66;f;w;pisgah forest;mountain view;132;28768;nc
A;G003893;4703;jessica;leigh;staton;26;f;w;hendersonville;willow;5100;28739;nc
A;G003894;4704;marie;;archer;88;u;w;hendersonville;freedom;131;28792;
A;G003895;4705;alan;ray;miller;52;m;w;mills river;parsonage;52;28759;ga
A;G003896;4706;theresa;linette;mason;56;f;w;pisgah forest;cherrywood;2263;28768;tx
A;G003897;4707;sheri;mccraw;turner;61;f;w;zirconia;bobs creek;4510;28790;nc
A;G003898;4708;jan;hollifield;parker;57;f;w;hendersonville;crooked creek;609;28739;
A;G003899;4709;nicole;walker;parker;40;f;w;mills river;rockbridge;243;28759;la
A;G003900;4710;nicholas;william;netschytailo;49;m;w;east flat rock;nello;244;28726;nj
A;G003901;4711;caitlin;elizabeth;klassovity;32;f;w;lake toxaway;lakeside;454;28747;ny
A;G003902;4712;diana;candell;kostigen;48;f;w;hendersonville;evergreen;2215;28792;ca
A;G003903;4713;angela;diane;burrell;29;f;w;hendersonville;mountain;116;28791;nc
A;G003903;4714;angela;diane;burrell;29;f;w;columbus;blanton;263;28722;nc
A;G003904;4715;dorothy;may;carmean;77;f;w;fletcher;terrys gap;331;28732;nc
A;G003905;4716;nancy;jo;smith;69;f;w;lake lure;mcowenben;434;28746;in
A;G003906;4717;connie;sue;harrison;69;f;w;brevard;hospital;120;28712;oh
A;G003907;4718;brittany;chavone;stewart;29;f;b;woodland;peartree;106;27897;
A;G003908;4719;leslie;jerome;howington;51;m;b;ahoskie;boone farm;413;27910;nc
A;G003909;4720;jerry;todd;bennett;59;m;w;oak city;bennett;3201;27857;nc
A;G003910;4721;courtney;renee;jones;36;f;w;murfreesboro;benthall bridge;543;27855;nc
A;G003911;4722;shavon;diana;moody;36;f;b;greenville;washington;1104;27834;va
A;G003912;4723;melvin;tawanda;smith;57;m;b;greenville;concord;128;27834;
A;G003914;4724;jamal;;deloatch;20;m;b;conway;jenkins mill;730;27820;
A;G003915;4725;alexander;lamar;daniel;22;u;u;murfreesboro;university;1;27855;nc
A;G003916;4726;jennifer;rivera;martin;41;f;w;asheboro;yesteroaks;1877;27205;fl
A;G003916;4727;jennifer;rivera;martin;41;f;w;ahoskie;church;425;27910;fl
A;G003917;4728;tori;kenyatta;robinson;40;f;b;murfreesboro;varsity;107;27855;
A;G003918;4729;melvetta;shanae;martin;31;f;b;murfreesboro;antler;228;27855;nc
A;G003919;4730;felice;danielle;goodwyn;30;f;b;murfreesboro;benthall bridge;236;27855;va
A;G003920;4731;regina;ann;spicer;53;f;w;raeford;twelve oaks;137;28376;in
A;G003921;4732;katie;marie;wood;26;u;u;wilmington;excalibur;3738;28403;nc
A;G003922;4733;adam;reed;mccoll;29;m;w;raeford;lindsay;1019;28376;nc
A;G003923;4734;raven;symone;mcbryde;28;f;b;raeford;athens;5103;28376;nc
A;G003923;4735;raven;symone;mcbryde;28;f;b;shann0n;mcphaul;902;28386;nc
A;G003924;4736;lanita;estelle;moore;31;f;b;raeford;jackson;907;28376;nc
A;G003925;4737;deloris;maria;coleman;37;f;m;raeford;cardinal;110;28376;
A;G003925;4738;deloris;maria;coleman;37;f;m;jacksonville;burgaw;2360;28540;ca
A;G003926;4739;maureen;mullis;reavis;91;f;w;raeford;health;612;28376;
A;G003928;4740;donald;james;forbus;58;m;w;raeford;myra;979;28376;ca
A;G003929;4741;carl;cleveland;manning;71;m;w;raeford;fairfield;645;28376;nc
A;G003930;4742;mark;alan;denney;39;m;w;pinehurst;cone;4;28374;fl
A;G003931;4743;nichole;renee;currie;23;f;b;raeford;emma;216;28376;va
A;G003931;4744;nichole;renee;currie;23;f;b;raeford;emma;216;28376;va
A;G003932;4745;crystal;ann;dugan;32;f;o;raeford;greentree;128;28376;tx
A;G003933;4746;tora;shaqurise;watkins;38;f;b;raeford;oakdale gin;437;28376;nc
A;G003934;4747;christopher;david;miller;29;m;b;raeford;ivywood;441;28376;ga
A;G003935;4748;larriel;lee;minoty;68;m;w;raeford;woodberry;372;28376;me
A;G003936;4749;victoria;nashe;may;28;f;b;clayton;avondale;1028;27520;nc
A;G003937;4750;kyle;thomas;rachels;30;m;w;raeford;mitzi;159;28376;nc
A;G003937;4751;kyle;thomas;rachels;30;m;w;wake forest;colonial club;1218;27587;nc
A;G003938;4752;lydia;maria;molina;35;f;w;raeford;chestnut;195;28376;ca
A;G003939;4753;jordan;michael;andrews;30;m;w;monroe;deer track;3224;28110;fl
A;G003940;4754;walter;martin;rea;55;f;w;carthage;crabtree;264;28327;nc
A;G003940;4755;walter;martin;rea;55;m;w;lake lure;pearson;152;28746;nc
A;G003941;4756;bobby;lee;campbell;78;m;w;raeford;wright;124;28376;sc
A;G003942;4757;thomas;howard;jones;74;m;w;red springs;ashgrove;116;28377;ny
A;G003943;4758;jazmine;shardae;pierce;32;f;b;raeford;timber ridge;206;28376;nc
A;G003944;4759;justin;kyle;gibbs;28;m;w;fairfield;north lake;7334;27826;nc
A;G003944;4760;justin;kyle;gibbs;28;m;w;fairfield;north lake;7334;27826;nc
A;G003945;4761;domonic;kidean;farrow;31;m;b;swan quarter;mapletown;624;27885;nc
A;G003946;4762;susan;denise;jones;49;f;w;belhaven;higginsport;951;27810;nc
A;G003947;4763;dishemia;donniellie;shellon;26;f;b;engelhard;hill;81;27824;
A;G003948;4764;brandon;paul;ash;26;m;w;goldsboro;martin;110;27530;oc
A;G003948;4765;brandon;paul;ash;26;u;u;pikeville;oak summit;112;27863;
A;G003949;4766;sierra;glenn;macfarlane;27;f;w;mooresville;plantation pointe;124;28117;nm
A;G003950;4767;julie;elizabeth;gourlay;30;f;w;wilmington;mako;5153;28409;sc
A;G003951;4768;robert;joseph;broffman;41;m;w;mooresville;bluewing;135;28117;ny
A;G003952;4769;whitney;jo;thompson;32;f;w;statesville;mulberry;335;28677;nc
A;G003952;4770;whitney;;thompson;32;f;w;mooresville;daventry;110;28117;nc
A;G003952;4771;whitney;jo;thompson;32;f;w;charlotte;emerson;300;28204;nc
A;G003954;4772;tiffany;carpenter;nagy;36;f;w;wilmington;tanbridge;129;28405;nc
A;G003954;4773;tiffany;carpenter;nagy;36;f;w;wilmington;25th;310;28405;nc
A;G003955;4774;jennifer;brincefield;taylor;38;f;w;mooresville;shephard hill;120;28115;nc
A;G003956;4775;billie;lynn;sullivan;29;f;w;mooresville;scenic;122;28115;nc
A;G003957;4776;shelley;renee;rogers;34;f;w;statesville;spring valley;1040;28677;nc
A;G003957;4777;shelley;renee;rogers;34;f;w;carrboro;hillsborough;404;27510;nc
A;G003958;4778;neil;alan;sutterlin;33;m;w;kannapolis;spring garden;310;28081;ct
A;G003959;4779;annette;;smith;66;f;w;mooresville;riverwood;105;28117;nc
A;G003959;4780;annette;o;smith;66;f;w;charlotte;chatham;2015;28205;nc
A;G003960;4781;meghan;leigh;abernathy;28;f;w;mooresville;kings cross;128;28117;nc
A;G003960;4782;meghan;leigh;abernathy;28;f;w;mooresville;fernbrook;170;28117;nc
A;G003961;4783;samantha;shanita;jones;33;f;b;maiden;bubbling brook;3569;28650;nc
A;G003962;4784;joel;wesley;norris;50;m;w;bryson city;arlington;208;28713;nc
A;G003963;4785;roger;dale;black;43;m;w;mooresville;bridges farm;298;28115;nc
A;G003964;4786;amanda;elizabeth;davidson;43;f;w;mooresville;orchard farm;121;28117;nc
A;G003964;4787;amanda;elizabeth;davidson;43;f;w;mooresville;orchard farm;121;28117;nc
A;G003965;4788;robert;mark;shepherd;55;m;w;mooresville;emerald;147;28117;fl
A;G003966;4789;wendylou;gordon;harlee;36;f;w;charlotte;community;5025;28215;oc
A;G003967;4790;debra;fields;wood;65;f;w;mooresville;wallaces grant;124;28115;nc
A;G003968;4791;john;william;spates;52;m;w;davidson;park;315;28036;ny
A;G003969;4792;william;henry;czolba;40;m;w;mooresville;langtree;722;28117;fl
A;G003970;4793;charlotte;devonne;reid;46;f;b;charlotte;stoneface;8540;28214;nc
A;G003971;4794;shamra;lennette;kelly;43;f;b;mooresville;piedmont pointe;165;28115;nc
A;G003972;4795;grady;isaac;ingle;21;m;w;mooresville;wellfleet;137;28117;nc
A;G003973;4796;joshua;freeman;taylor;29;m;w;statesville;phillips;724;28625;nc
A;G003974;4797;mark;andrew;durstewitz;60;u;u;cornelius;cadman;9725;28031;
A;G003975;4798;kelly;marie;peace;29;f;w;boonville;mitchells chappell;2325;27011;mi
A;G003976;4799;stacey;ann;smith;45;f;w;troutman;trae;111;28166;ny
A;G003976;4800;stacey;a;gay;45;f;w;cornelius;torrence chapel estates;18445;28031;ny
A;G003977;4801;joseph;sylvester;siragusa;60;m;w;mooresville;marstons mill;129;28117;
A;G003977;4802;joseph;s;siragusa;60;m;w;charlotte;sunningdale;5200;28277;ny
A;G003977;4803;joseph;sylvester;siragusa;60;m;w;wake forest;overlook ridge;920;27587;ny
A;G003978;4804;patricia;ballard;hubbell;59;f;w;davidson;morrison hill;154;28036;ny
A;G003979;4805;alison;goodson;carr;36;f;w;clinton;moltonville;393;28328;oc
A;G003980;4806;erin;kay;riley;31;f;w;wilmington;blackbeard;210;28409;in
A;G003981;4807;johnathan;ryan;talley;32;m;w;harmony;autumn;255;28634;sc
A;G003982;4808;patricia;lawson;ray;60;f;w;mooresville;andover;114;28115;sc
A;G003982;4809;patricia;l;clayton;60;f;w;cornelius;delmas;17804;28031;sc
A;G003984;4810;amy;swink;via;82;f;w;eden;land;713;27288;nc
A;G003985;4811;ruth;shores;denton;67;f;w;forest city;firethorne;149;28043;tn
A;G003986;4812;heather;anne;bartone;39;f;w;raleigh;radburn;701;27615;va
A;G003987;4813;edward;olin;waddell;30;m;w;mooresville;mccrary;176;28117;pa
A;G003988;4814;charlise;levan;clark;48;f;w;denver;denver shores;4068;28037;nc
A;G003989;4815;michael;talmadge;barnes;37;m;w;statesville;museum;310;28625;va
A;G003990;4816;tiffany;wilkinson;dingler;32;f;w;mooresville;clodfelter;165;28115;nc
A;G003991;4817;kelsey;edith;izquierdo;27;f;w;mooresville;cypress landing;131;28117;
A;G003992;4818;theresa;joy;hartsell;70;f;w;mount ulla;jones;685;28125;nc
A;G003993;4819;cicely;natalia;childers;35;f;b;salisbury;martin luther king jr;401;28144;sc
A;G003994;4820;conrad;darnell;wilson;68;m;b;salisbury;independence;245;28147;nc
A;G003995;4821;jennifer;alise;bartlett;31;f;w;mooresville;crystal bay;196;28115;nc
A;G003995;4822;jennifer;alise;bartlett;31;f;w;cornelius;mulberry;19914;28031;nc
A;G003996;4823;hugh;lee;phillips;56;m;b;statesville;lackey;217;28677;ny
A;G003997;4824;cayce;avril;hlavay;54;f;w;mooresville;bayberry creek;365;28117;tx
A;G003998;4825;bobby;lynn;snyder;56;m;w;charlotte;berkeley view;5216;28277;tn
A;G003999;4826;david;curtis;bowers;41;m;w;mooresville;whitman;122;28115;nc
A;G004000;4827;christopher;lynn;kirby;34;m;w;harmony;galliher;307;28634;tx
A;G004001;4828;ricky;lynn;summers;58;m;b;statesville;crosby;141;28625;nc
A;G004002;4829;mary;beverly;lyerly;47;f;w;mooresville;currituck;116;28117;sc
A;G004003;4830;edward;r;godwin;61;m;w;davidson;wooden tee;19662;28036;md
A;G004004;4831;gabriel;adam;barnhardt;40;m;w;cornelius;peninsula club;18426;28031;hi
A;G004005;4832;dorene;carol;mazza;47;f;w;statesville;harbor ridge;168;28677;nj
A;G004005;4833;dorene;c;mazza;47;f;u;wake forest;heritage club;1400;27587;nj
A;G004006;4834;sonya;mcclellan;spalding;46;f;w;mooresville;locomotive;106;28115;nc
A;G004007;4835;michael;irving;dietrich;73;m;w;mooresville;nc hwy 152;9385;28115;ca
A;G004008;4836;lisa;maria;conover;49;f;w;huntersville;savannah grace;6118;28078;nj
A;G004008;4837;lisa;maria;conover;49;f;w;cornelius;preserve pond;8708;28031;nj
A;G004009;4838;diane;yvonne;harris;72;f;b;mooresville;steinbeck;108;28117;
A;G004010;4839;nicholas;george;mallos;31;m;u;mooresville;river birch;225;28115;
A;G004012;4840;amanda;ann;connell;38;f;w;china grove;wellington estates;185;28023;ia
A;G004013;4841;heather;lucille;butler;42;f;w;mooresville;flanders;165;28117;oh
A;G004014;4842;vicky;elaine;connelly;48;f;w;salisbury;briggs;2380;28147;nc
A;G004015;4843;justin;matthew;tuchscherer;43;m;w;waxhaw;soaring eagle;8205;28173;ky
A;G004016;4844;tanner;christian;stroud;27;m;w;statesville;new salem;268;28625;nc
A;G004017;4845;jeffery;allen;sarver;46;m;w;mooresville;sawhorse;141;28115;pa
A;G004018;4846;james;bruce;carter;72;m;w;denver;rocky knoll;156;28037;dc
A;G004019;4847;torrey;kesean;miller;41;m;b;cleveland;fairhaven;144;27013;nc
A;G004019;4848;torrey;kesean;miller;41;m;b;statesville;beauty;1912;28625;nc
A;G004020;4849;amy;lynn;st clair;44;f;w;waxhaw;wall;1378;28173;va
A;G004021;4850;luke;aaron;ford;36;m;w;mooresville;mcneely;229;28115;nc
A;G004021;4851;luke;aaron;ford;36;m;w;charlotte;lawnmeadow;6121;28216;nc
A;G004022;4852;james;lewis;marshall;71;m;u;mooresville;branchview;213;28115;ny
A;G004023;4853;amy;leigh;galliher;48;f;w;statesville;creekside;151;28625;nc
A;G004024;4854;james;halbert;hoke;89;m;w;statesville;crown vue;1509;28625;nc
A;G004025;4855;kevin;russell;patterson;46;m;w;statesville;ridgeway;301;28677;nc
A;G004026;4856;carol;irvin;mitchell;75;f;w;mooresville;cypress cove;113;28117;in
A;G004027;4857;julie;mcneil;ballard;46;f;w;mooresville;foxtail;144;28117;ma
A;G004028;4858;roddy;alexander;ballard;58;m;w;mooresville;foxtail;144;28117;nc
A;G004028;4859;roddy;alexander;ballard;58;m;w;mooresville;audubon;133;28117;nc
A;G004029;4860;amanda;sue arnold;shields;38;f;w;roxboro;fox crossing;145;27574;ky
A;G004030;4861;sarah;mcauley;edwards;42;f;w;denver;delling downs;3664;28037;nc
A;G004031;4862;timothy;enoch;miller;51;m;b;liberty;liberty grove;5214;27298;nc
A;G004032;4863;christopher;alan;young;27;m;w;mooresville;milroy;132;28115;ny
A;G004033;4864;raymond;thomas;devoe;28;m;w;brevard;brevard college;1;28712;oc
A;G004034;4865;christopher;ryan;lockman;22;m;w;boone;locust lovill dorm;170;28608;
A;G004035;4866;jennifer;beth;siler;30;f;w;stoneville;henry;214;27048;or
A;G004035;4867;jennifer;beth;siler;30;f;w;raleigh;bryn athyn;7312;27615;or
A;G004036;4868;mary;anne;larson;71;f;w;mooresville;oak tree;380;28117;nc
A;G004037;4869;julia;marie;poli;62;f;w;mooresville;ivy creek;117;28115;ny
A;G004039;4870;elaska;john;williams;39;m;b;statesville;adkins;118;28677;nc
A;G004040;4871;katherine;michelle;hough;33;f;w;troutman;deer run;172;28166;nc
A;G004041;4872;stephen;thomas;cline;42;m;w;mooresville;fieldstone;338;28115;nc
A;G004042;4873;robert;michael;page;42;m;w;davidson;easter;125;28036;de
A;G004043;4874;karen;k kolesar;chapman;75;f;w;mooresville;montibello;133;28117;oh
A;G004043;4875;karen;r;chapman;75;f;w;cornelius;mariner cove;7401;28031;oh
A;G004044;4876;victoria;;turner;59;f;b;statesville;rimrock;482;28625;nc
A;G004047;4877;karen;ann;nattinger;52;f;w;mooresville;castles gate;272;28117;tx
A;G004048;4878;john;locke;milholland;71;m;w;raleigh;tee time;12820;27614;al
A;G004049;4879;ivan;forrest;loftin;48;m;w;statesville;kings grant;478;28625;nc
A;G004049;4880;ivan;forrest;loftin;48;m;w;statesville;kings grant;421;28625;nc
A;G004050;4881;peter;;kung;71;m;w;charlotte;craighead;515;28206;oc
A;G004051;4882;kyle;lang;houston;28;m;w;matthews;woodbend;12308;28105;nc
A;G004052;4883;matthew;larkin;dusenberry;31;m;w;mooresville;lansing;188;28115;
A;G004052;4884;matthew;larkin;dusenberry;31;m;w;charlotte;south;1100;28203;ma
A;G004053;4885;rebecca;jo;kaplan;31;f;o;charlotte;wendover;748;28211;oc
A;G004054;4886;preston;earl;spencer;29;m;w;statesville;center;220;28677;nc
A;G004055;4887;david;tyler;brooks;23;m;w;mooresville;judas;159;28117;nc
A;G004056;4888;courtney;danielle;johnson;27;f;b;mooresville;kallie;143;28117;ny
A;G004057;4889;nancy;jo;emanuel;62;f;i;statesville;euclid;381;28677;nm
A;G004058;4890;carey;allen;evick;61;m;w;huntersville;henderson hill;12330;28078;md
A;G004059;4891;lindsay;gandy;ogburn;38;f;w;cornelius;victoria blake;10206;28031;wv
A;G004060;4892;steven;keith;humble;55;m;w;mooresville;carriage club;175;28117;me
A;G004060;4893;steven;keith;humble;55;m;w;waxhaw;lord proprietor;2129;28173;me
A;G004061;4894;david;scott;adams;65;m;w;davidson;robert walker;13267;28036;oh
A;G004062;4895;sharon;lackey;roberts;62;f;b;statesville;mueller;287;28625;nc
A;G004062;4896;sharon;lynne;roberts;62;f;b;spencer;2nd;1105;28159;nc
A;G004063;4897;sandra;fletcher;blankenship;46;f;w;harmony;piney grove;135;28634;wv
A;G004064;4898;haley;renee;chiluck;24;f;w;mooresville;claire;124;28117;nc
A;G004064;4899;haley;renee;chiluck;24;f;w;wilmington;trihouse;5121;28403;nc
A;G004065;4900;lucas;alexander;verville;26;m;m;mooresville;brownstone;176;28117;ca
A;G004066;4901;kimberly;ann;garrett;48;f;w;cornelius;carina;21305;28031;md
A;G004068;4902;tracy;jo;segebart;36;f;w;mooresville;rustwood;192;28117;ca
A;G004069;4903;amber;michelle;broach;32;f;w;mooresville;vintage;825;28115;sc
A;G004069;4904;amber;m;broach;32;f;w;chapel hill;heritage;824;27516;sc
A;G004070;4905;grace;calabrese;benfield;70;f;w;troutman;park vista;111;28166;ny
A;G004072;4906;marcus;ashton;washington;45;m;b;clinton;challenge club;98;28328;mi
A;G004073;4907;andrew;dale;patrick;40;m;w;mooresville;agnew;257;28117;nj
A;G004074;4908;linda;leis;chadwick;65;u;w;mooresville;bridges farm;297;28115;
A;G004075;4909;jerry;robert;hodge;53;m;w;harmony;turkeyfoot;144;28634;nc
A;G004076;4910;joseph;michael;london;45;m;w;mooresville;elba;163;28115;al
A;G004077;4911;trevor;maxwell;lilovich;26;m;w;huntersville;leisure;7723;28078;in
A;G004078;4912;david;bruce;furr;59;m;w;statesville;castle creek;115;28625;wi
A;G004078;4913;david;bruce;furr;59;m;w;albemarle;long;1308;28001;wi
A;G004079;4914;joanna;kahle;wilkinson;56;f;w;statesville;sullivan;420;28677;va
A;G004080;4915;jacob;chase;chandler;26;m;w;statesville;myrtle;122;28625;nc
A;G004081;4916;steve;anthony;mccombs;57;m;b;mooresville;cascade;8;28115;nc
A;G004082;4917;brinsley;morgan;stewart;24;f;w;statesville;meadowview;150;28625;nc
A;G004083;4918;john;joseph;knapp;37;m;w;charlotte;surreywood;7632;28270;ct
A;G004084;4919;alexis;yuhee;bae;18;f;a;chapel hill;hinton james;515;27514;ny
A;G004085;4920;randel;l;rutledge;53;m;w;mooresville;fieldstone;406;28115;ks
A;G004086;4921;edward;roger;stukbauer;78;m;w;cleveland;cal kennedy;895;27013;oh
A;G004087;4922;karen;roberta;edwards;54;f;w;mooresville;mooresville commons;170;28117;nc
A;G004087;4923;karen;roberta;edwards;54;f;w;salisbury;hampton;4111;28144;nc
A;G004088;4924;hannah;audrey austin;arrington;36;f;w;mooresville;academy;227;28115;nc
A;G004088;4925;hannah;audrey austin;arrington;36;f;w;charlotte;moores chapel;10480;28214;nc
A;G004089;4926;karen;louise;stevenson;66;f;w;statesville;macon;406;28625;nc
A;G004090;4927;frank;s;ostwalt;84;m;w;troutman;talley;669;28166;nc
A;G004091;4928;emily;jo;nixon;33;f;w;charlotte;passour ridge;3432;28269;in
A;G004091;4929;emily;jo;clark;33;f;w;salisbury;ridge;211;28144;in
A;G004092;4930;larry;benson;sherrill;61;m;b;troutman;ostwalt amity;298;28166;nc
A;G004093;4931;chantel;elaine;akers;31;f;b;wingate;main;205;28174;nc
A;G004094;4932;rian;elizabeth;nelson;41;f;w;mooresville;rougemont;111;28115;nj
A;G004095;4933;eboni;;moore;40;f;b;mooresville;kilmer;310;28115;ny
A;G004096;4934;ronald;john;maher;70;m;w;hamptonville;macemore;2400;27020;ny
A;G004098;4935;martha;jean;sherrill;62;f;w;kannapolis;dogwood;8645;28081;va
A;G004099;4936;amy;furches;blevins;31;f;w;west jefferson;oakwood;792;28694;nc
A;G004100;4937;jamie;diane;absher;32;f;w;asheboro;elm;512;27203;nc
A;G004100;4938;jamie;diane;lambe;32;f;w;elkin;walsh;371;28621;
A;G004101;4939;jeremy;david;marsh;33;m;w;jefferson;old friendship school;150;28640;ky
A;G004102;4940;ashley;prince;ball;37;f;w;west jefferson;west evergreen;196;28694;ga
A;G004102;4941;ashley;prince;ball;37;f;w;mount airy;cross creek;565;27030;ga
A;G004103;4942;david;michael;schwartz;71;m;w;asheboro;ridgecrest;425;27203;ca
A;G004104;4943;wrenn;michael;johnson;32;m;w;banner elk;laurabbey;166;28604;nc
A;G004105;4944;joshua;ray;blevins;30;m;w;fleetwood;paul goodman;497;28626;nc
A;G004105;4945;joshua;ray;blevins;30;m;w;deep gap;wildcat;553;28618;nc
A;G004106;4946;arlin;david;miller;45;m;w;lansing;bina;171;28643;pa
A;G004107;4947;wendy;buffaloe;waring;55;f;w;west jefferson;indian lake;289;28694;nc
A;G004107;4948;wendy;buffaloe;waring;55;f;w;raleigh;clear brook;8216;27615;
A;G004108;4949;shana;elaine;heustess;40;f;w;west jefferson;spruce;600;28694;ny
A;G004109;4950;laura;w;green;63;f;w;wake forest;springwood;101;27587;nc
A;G004110;4951;lori;lynn;caffey;49;f;w;west jefferson;old obids;714;28694;pa
A;G004111;4952;alyssa;mariah;lopez;19;u;u;creston;sutherland;314;28615;oc
A;G004112;4953;nathan;;wall;28;u;w;raleigh;parkham;724;27603;
A;G004113;4954;scott;nolan;gregory;50;m;w;fleetwood;liberty landing;386;28626;sc
A;G004114;4955;sarah;beth;mcspadden;31;f;w;west jefferson;collins;173;28694;nc
A;G004115;4956;jennifer;roop;miller;43;f;w;boone;king;1469;28607;nc
A;G004116;4957;michael;wayne;fink;41;m;w;jefferson;academy;371;28640;oc
A;G004116;4958;michael;wayne;fink;41;m;w;charlotte;shenandoah;2020;28205;
A;G004117;4959;jamie;dale;bare;38;m;w;boone;milton gragg;250;28607;nc
A;G004118;4960;jeffrey;vincent;cox;37;m;w;fleetwood;sunnyview;441;28626;fl
A;G004118;4961;jeffrey;vincent;cox;37;m;w;denver;smith cove;2351;28037;fl
A;G004119;4962;ralph;dalton;cline;85;m;w;west jefferson;riverside;464;28694;nc
A;G004120;4963;melinda;southard;williford;61;u;w;cornelius;barcica;16310;28031;
A;G004121;4964;jeffery;odell;mccurry;54;m;w;boone;jefferson;321;28607;nc
A;G004122;4965;weston;ashley;calbreath;47;m;w;fleetwood;ocie blackburn;473;28626;nc
A;G004123;4966;estal;;hoyle;64;m;w;bryson city;east main;141;28713;nc
A;G004125;4967;lenette;lancaster;cisneros;50;f;w;sylva;andjen valley;88;28779;fl
A;G004126;4968;alexander;charles;hopkins;21;m;w;china grove;kipling;227;28023;nc
A;G004127;4969;morgan;ann;morton;20;f;m;cullowhee;joyner;275;28723;nc
A;G004128;4970;robert;bright;elliott;25;m;w;cullowhee;speedwell;237;28723;nc
A;G004128;4971;robert;bright;elliott;25;m;w;wilmington;macmillan;726;28403;
A;G004129;4972;robert;wilson;woods;31;m;w;cullowhee;grad house;35;28723;fl
A;G004130;4973;william;andrew;furse;32;m;w;cullowhee;tilley creek;4084;28723;sc
A;G004130;4974;william;andrew;furse;32;m;w;waxhaw;abbeywood;912;28173;sc
A;G004131;4975;kimi;m;stevens;44;f;w;franklin;pleasant hill;2;28734;nc
A;G004132;4976;christine;emma;lossiah;69;f;w;cherokee;biello;137;28719;oh
A;G004133;4977;heather;ann;bartko;40;f;w;cullowhee;helen zachary;180;28723;ms
A;G004134;4978;susan;wolfe;lee;42;f;w;whittier;partridge;215;28789;tn
A;G004135;4979;tyler;m;kittle;43;m;w;cullowhee;country club;1170;28723;ny
A;G004136;4980;dewitt;anderson;woods;45;m;w;sapphire;dogwood knob;50;28774;ga
A;G004137;4981;colin;ewing;stewart;24;m;w;cullowhee;central;551;28723;nc
A;G004137;4982;colin;ewing;stewart;24;m;w;charlotte;fellsway;3818;28209;nc
A;G004138;4983;george;warner;brown;78;m;w;sylva;monroe buchanan;169;28779;nc
A;G004138;4984;george;warner;brown;78;m;w;sylva;landmark;32;28779;nc
A;G004139;4985;emily;erin;ostrander;24;u;u;cullowhee;joyner;275;28723;
A;G004139;4986;emily;erin;ostrander;24;f;w;rutherfordton;carolina paradise;111;28139;va
A;G004140;4987;donald;taliaferro;pole;72;m;w;cashiers;ledgeview;72;28717;wa
A;G004140;4988;donald;taliaferro;pole;72;m;w;wilmington;johnston;329;28412;dc
A;G004141;4989;joshua;stephen;ballentine;23;m;w;wake forest;brierroot;301;27587;nc
A;G004142;4990;brenda;reece;austin;77;f;w;charlotte;carneros creek;8916;28214;nc
A;G004143;4991;sean;franklin;martin;45;m;w;sylva;dewees;204;28779;fl
A;G004144;4992;l;c;anders;30;m;w;balsam grove;parkway;558;28708;co
A;G004145;4993;matthew;taylor;crocker;20;m;w;cullowhee;west university;88;28723;nc
A;G004146;4994;marcus;caspar;delvers;64;m;w;chapel hill;stonegate;3530;27516;ny
A;G004147;4995;rebekah;lee;lail;36;f;w;franklin;palmer;274;28734;ak
A;G004147;4996;rebekah;lee;wilkins;36;f;w;franklin;hunters;267;28734;ak
A;G004148;4997;james;steven;rich;30;m;w;maiden;henry dellinger;4380;28650;nc
A;G004149;4998;flemming;love;sanders;26;f;w;bryson city;pleasant valley;260;28713;nc
A;G004150;4999;alexander;preston;pilkington;23;m;w;cullowhee;forest hills;45;28723;nc
A;G004151;5000;charlyn;zoe;bullock;22;f;b;cullowhee;moose;132;28723;nc
A;G004152;5001;briana;rene;nichols;20;f;b;cullowhee;university;159;28723;nc
A;G004153;5002;robert;lawson;giles;54;m;w;cullowhee;faculty;103;28723;
A;G004153;5003;robert;lawson;giles;54;m;w;carrboro;westview;121;27510;nc
A;G004154;5004;kasey;loy;mathis;21;f;w;roaring river;mcgamp;410;28669;nc
A;G004155;5005;dillon;m;boyd;24;m;w;cullowhee;joyner;275;28723;nc
A;G004156;5006;candace;leigh;martin;36;f;w;cullowhee;buzzards roost;110;28723;nc
A;G004156;5007;candace;leigh;martin;36;f;w;rutherfordton;big island;2077;28139;nc
A;G004157;5008;ashelyn;michelle;little;37;f;b;cullowhee;alta view;95;28723;oc
A;G004158;5009;samuel;christian;tingler;50;m;w;spring hope;branch;221;27882;nc
A;G004159;5010;david;jonathan;tear;39;m;w;raleigh;kennington park;14113;27614;mi
A;G004160;5011;kristina;amber;bradley;31;f;w;benson;rockvale;400;27504;nc
A;G004161;5012;felicia;michele;boyette;42;f;w;clayton;gracie;131;27520;nc
A;G004162;5013;ashley;nicole;scott;31;f;b;benson;nc 50;11044;27504;nc
A;G004163;5014;pamela;renee;gaskins;44;f;b;clayton;randolph;128;27520;nc
A;G004164;5015;mark;ronald;allen;31;m;w;garner;susan;250;27529;nc
A;G004165;5016;steven;michael;dalton;45;m;w;cary;glensford;107;27513;nh
A;G004166;5017;christine;ann;meyers;50;u;w;garner;bald head island;98;27529;
A;G004167;5018;heather;michelle;anderson;30;f;w;middlesex;barnes;885;27557;nc
A;G004167;5019;heather;michelle;anderson;30;f;w;wendell;todd;225;27591;nc
A;G004168;5020;cori;ellen;clemmer;37;f;w;garner;pine walk;814;27529;la
A;G004169;5021;john;wayne;avery;70;m;w;kenly;flower hill;6099;27542;
A;G004170;5022;patricia;carolyn;avery;69;f;w;kenly;flower hill;6099;27542;
A;G004170;5023;patricia;carter;avery;69;f;w;wendell;academy;202;27591;nc
A;G004171;5024;brittney;rye;walker;31;f;w;benson;south walden pond;115;27504;
A;G004172;5025;cindy;uerkvitz;atherholt;50;u;w;raleigh;imperial oaks;3007;27614;
A;G004173;5026;sandra;gay;creech;52;f;w;clinton;lorraine;324;28328;nc
A;G004173;5027;sandra;creech;mckinley;52;f;w;pikeville;hardy talton;131;27863;nc
A;G004174;5028;jan;marie;kelley;61;f;w;kenly;gardner;300;27542;pa
A;G004175;5029;mary;ann;padiak;70;f;w;cary;romaine;105;27513;ny
A;G004175;5030;mary;ann;padiak;70;f;w;cary;kempwood;102;27513;
A;G004176;5031;gail;b;whitson;62;f;w;charlotte;albemarle;12715;28227;nc
A;G004177;5032;susan;b;johnson;69;f;w;cary;woodland;400;27511;nc
A;G004178;5033;antonio;cortez;chrisp;29;m;b;clayton;waterford;313;27520;nc
A;G004179;5034;kathy;johnson;ammons;68;f;w;clayton;denby;175;27527;nc
A;G004179;5035;kathy;johnson;ammons;68;f;w;wilmington;antoinette;109;28412;nc
A;G004180;5036;marilyn;;griffin;67;f;b;clayton;church;524;27520;tx
A;G004181;5037;philip;;mignella;39;m;w;clayton;seth s;1124;27520;ri
A;G004182;5038;kyle;davis;barefoot;39;m;w;garner;adams point;723;27529;nc
A;G004182;5039;kyle;davis;barefoot;39;m;w;raleigh;chalcedony;124;27603;nc
A;G004183;5040;beatrice;;naquin;89;f;w;benson;nc 242;2315;27504;nc
A;G004184;5041;amanda;louise;spencer;37;f;w;smithfield;braswell;2173;27577;nc
A;G004184;5042;amanda;louise;spencer;37;f;w;randleman;ginger;245;27317;nc
A;G004185;5043;richard;allen;hodges;39;m;u;smithfield;breadnut;127;27577;nc
A;G004185;5044;richard;allen;hodges;39;m;b;kinston;fox run;3118;28504;nc
A;G004186;5045;irvin;lorenzo;belt;60;m;b;benson;hunterwood;135;27504;md
A;G004187;5046;johnny;virl;hughes;49;m;w;raleigh;tawny view;1305;27603;ga
A;G004188;5047;christopher;blake;worrells;24;m;w;benson;mamie;2110;27504;nc
A;G004189;5048;kelly;hamilton;sweatt;25;f;w;smithfield;stevens chapel;1678;27577;sc
A;G004190;5049;sharissa;;bridges;26;f;b;charlotte;rebecca bailey;1400;28262;
A;G004190;5050;sharissa;leanne;bridges;26;f;b;garner;springview;617;27529;ga
A;G004191;5051;vonessa;collins;pittman;61;f;i;garner;telluride;104;27529;nc
A;G004192;5052;barbara;perry;guiterrez;79;f;w;garner;telluride;129;27529;nc
A;G004193;5053;bernard;leroy;sapp;69;m;b;clayton;grovewood;1401;27520;nc
A;G004193;5054;bernard;leroy;sapp;69;m;b;clayton;grant;205;27520;nc
A;G004194;5055;amanda;louise;de alvarez;28;f;w;charlotte;fernwood;6940;28211;ny
A;G004194;5056;amanda;louise;carey;28;f;w;apex;burnt pine;314;27502;
A;G004195;5057;lynette;carey;stewart;43;f;w;benson;dogeye;712;27504;nc
A;G004196;5058;charles;lewis;joyner;44;m;b;raleigh;gilman;300;27610;nc
A;G004197;5059;tina;marie;ray;52;f;w;clayton;roanoke;400;27527;il
A;G004197;5060;tina;marie;cimoli;52;f;w;benson;woodsboro;337;27504;il
A;G004198;5061;regina;rose wood;ireland;56;f;w;benson;morgan;1200;27504;
A;G004199;5062;leslie;brook;faircloth;34;f;w;wilmington;bors;320;28403;
A;G004200;5063;michelle;smith;hinnant;45;f;w;smithfield;braswell;130;27577;nc
A;G004200;5064;michelle;smith;hinnant;45;f;w;cary;havers;40103;27518;nc
A;G004201;5065;eric;thomas;brockman;46;m;w;smithfield;water oak;398;27577;oh
A;G004202;5066;nelly;altagracia;gutierrez;47;f;o;clinton;ferrell;700;28328;oc
A;G004203;5067;gary;roy;joyner;66;m;w;angier;danny;105;27501;nc
A;G004204;5068;william;alton;tyler;40;m;o;benson;slippery bank;717;27504;ga
A;G004205;5069;pamela;d;gunter;64;f;w;raleigh;branchview;1009;27610;nc
A;G004206;5070;fred;garrett;scott;49;m;w;raleigh;calculus;3033;27603;ga
A;G004207;5071;debra;ann;young;64;f;w;goldsboro;dobbersville;1185;27530;
A;G004208;5072;danny;allen;maynard;43;m;w;benson;rhea;104;27504;nc
A;G004208;5073;danny;allen;maynard;43;m;w;dunn;harnett dunn;5037;28334;nc
A;G004209;5074;ricky;jay;narron;56;m;w;kenly;nc 42;12709;27542;nc
A;G004210;5075;martin;lee;shank;48;m;w;raleigh;wood valley;4400;27613;oh
A;G004211;5076;mary;margaret;flowers;54;f;w;clayton;rudy;617;27520;ma
A;G004211;5077;mary;margaret;flowers;54;f;w;sneads ferry;prospect;621;28460;ma
A;G004212;5078;anne;marie;boyle;35;f;w;clayton;swann;224;27527;mi
A;G004213;5079;lynn;m;dishner;40;f;w;middlesex;barnes lake;441;27557;
A;G004214;5080;jorge;luis;cardenas;49;m;w;clayton;raven hill;80;27520;oc
A;G004215;5081;belinda;jones;kiziah;55;f;w;benson;phyllis;116;27504;nc
A;G004216;5082;charles;christopher;rodriguez;36;m;w;garner;carson;58;27529;fl
A;G004217;5083;ronald;gerald;hinton;50;m;b;clayton;fontana;177;27527;nc
A;G004217;5084;ronald;gerald;hinton;50;m;b;raleigh;contender;5021;27603;nc
A;G004218;5085;judith;williams;kuykendall;70;f;w;clayton;congress;36;27527;nc
A;G004219;5086;michelle;williams;wallace;48;f;u;princeton;first;205;27569;
A;G004219;5087;michelle;williams;wallace;48;f;b;selma;brentwood;51;27576;nj
A;G004220;5088;nathan;bradley;jones;37;m;w;kinston;fairfax;2802;28504;nc
A;G004221;5089;danielle;francoise;barbour;32;f;w;kenly;jerusalem church;963;27542;nc
A;G004221;5090;danielle;francoise;smith;32;f;w;bailey;windy;7161;27807;nc
A;G004222;5091;beverly;connelly;harris;50;f;b;zebulon;morgan;183;27597;nc
A;G004222;5092;beverly;connelly;harris;50;f;b;zebulon;morgan;183;27597;nc
A;G004223;5093;antione;depric;berry;35;m;b;cary;maynard summit;122;27511;md
A;G004224;5094;thomas;ray;bergeron;68;m;w;wendell;applewhite;9290;27591;nc
A;G004224;5095;thomas;ray;bergeron;68;m;w;wendell;applewhite;9290;27591;nc
A;G004225;5096;beth;anne;atkins;45;f;w;winterville;forsyth park;3841;28590;nc
A;G004226;5097;david;alan;ferrell;52;m;w;willow spring;blue garden;820;27592;nc
A;G004227;5098;james;duane;stewart;71;m;w;clayton;hunting lodge;404;27520;ca
A;G004227;5099;james;duane;stewart;71;m;w;garner;calico creek;821;27529;ca
A;G004228;5100;brenda;kaye;surles;53;f;b;benson;chicopee;1310;27504;nc
A;G004229;5101;julie;wyman;pittman;42;f;w;clayton;neuse ridge;1012;27527;nc
A;G004230;5102;jamie;elizabeth;lane;35;f;w;smithfield;yelverton grove;2080;27577;nc
A;G004231;5103;harris;lee;jenkins;58;m;b;selma;webb;605;27576;nc
A;G004231;5104;harris;;jenkins;58;m;b;selma;webb;605;27576;nc
A;G004232;5105;lisa;moreen;finger;40;f;w;apex;brighton ridge;4558;27539;oc
A;G004233;5106;emily;amber;johnson;37;f;w;clayton;tomahawk;292;27520;ok
A;G004235;5107;james;kevin;byrd;53;m;w;goldsboro;autumn winds;111;27530;nc
A;G004235;5108;james;kevin;byrd;53;m;w;goldsboro;park;610;27530;nc
A;G004236;5109;angela;pearce;godwin;48;f;w;four oaks;hunter;108;27524;nc
A;G004237;5110;cameron;lee;christersen;28;u;u;clayton;cloverdale;207;27520;
A;G004237;5111;cameron;lee;christensen;28;m;w;clayton;cloverdale;207;27520;
A;G004238;5112;dana;whitfield;satterfield;36;f;w;angier;northfield;31;27501;nc
A;G004239;5113;betty;lee;mangum;77;f;w;willow springs;topeka;109;27592;nc
A;G004239;5114;betty;lee;mangum;77;f;w;garner;pineview;1408;27529;nc
A;G004240;5115;ricky;dale;vernon;38;m;w;smithfield;brogden;5380;27577;nc
A;G004241;5116;joan;kay;richardson;67;f;b;wendell;second;115;27591;
A;G004241;5117;joan;kay;richardson;67;f;b;wendell;second;115;27591;
A;G004242;5118;eric;dale;charlton;54;m;w;clayton;farmington;116;27520;ky
A;G004243;5119;daniel;alec;campbell;50;m;w;wilmington;crestwood;218;28405;nc
A;G004244;5120;john;darnell;green;44;m;b;smithfield;booker dairy;406;27577;dc
A;G004245;5121;william;patrick;parrish;33;m;w;clayton;oneil;307;27520;md
A;G004246;5122;bruce;wayne;harris;46;m;w;fuquay varina;copain;5181;27526;nc
A;G004247;5123;charles;adderson;pittman;78;m;w;kenly;piney grove church;2383;27542;
A;G004248;5124;jenneice;lewis;marshall;31;f;b;wilson;tilghman;1605;27893;ny
A;G004249;5125;jeremy;oneil;banks;45;m;w;kenly;nc 42;12386;27542;nc
A;G004249;5126;jeremy;o neil;banks;45;m;w;kinston;westbrooke;2706;28504;nc
A;G004250;5127;mary;alice;cruz;56;f;w;cary;carywood;1418;27513;nj
A;G004251;5128;sheila;faith;hoffman;53;f;w;clayton;whitetail;612;27527;va
A;G004252;5129;dominique;latricia;ellis;25;f;b;clayton;big pine;296;27520;nc
A;G004253;5130;kathleen;margaret;capps;63;f;w;princeton;rains mill;1391;27569;vt
A;G004254;5131;jennifer;cherie;staggers;30;f;b;princeton;brogden;10025;27569;nc
A;G004255;5132;ashiana;renee;lassiter;23;f;b;selma;preston;302;27576;nc
A;G004255;5133;ashiana;renee;lassiter;23;f;b;greenville;concord;132;27834;nc
A;G004257;5134;heidi;florentina;williams;28;f;w;willow springs;chandler;116;27592;oc
A;G004258;5135;william;myron;broderick;56;m;w;garner;glenbrook;57;27529;il
A;G004259;5136;kerry;ray;brubaker;57;m;w;zebulon;gennessee;304;27597;pa
A;G004260;5137;martha;;perry;62;f;b;apex;spotter;9302;27502;ga
A;G004261;5138;april;dawn;bailey;39;f;w;angier;camden;191;27501;wv
A;G004262;5139;hunter;obrien;smoak;20;m;w;clayton;brooksby;58;27527;
A;G004263;5140;liliana;zuniga;contreras;24;f;o;kenly;glendale;5311;27542;nc
A;G004264;5141;candy;lynn;huey;44;f;w;smithfield;blaze ridge;232;27577;fl
A;G004265;5142;albert;antonio;noel;79;m;w;sanford;south park;106;27332;vt
A;G004266;5143;edgardo;;agosto;53;f;w;clayton;forest glade;39;27527;pr
A;G004267;5144;george;brodie;clark;69;m;w;clayton;us 70;13210;27520;
A;G004268;5145;timothy;adam;wokasch;65;m;w;wake forest;horsetrail;1028;27587;mn
A;G004269;5146;scott;alan;carroll;42;m;w;kinston;sharon church;5375;28501;nc
A;G004269;5147;scott;alan;carroll;42;m;w;boone;new river heights;383;28607;nc
A;G004270;5148;russell;cox;allred;58;m;w;clayton;mattingly;308;27527;nc
A;G004270;5149;russell;cox;allred;58;m;w;raleigh;coronado;5301;27609;ny
A;G004271;5150;stephanie;kay;brooker;38;f;w;holly springs;catapult;4605;27540;md
A;G004272;5151;janet;z;floars;49;f;w;apex;tiltonshire;2527;27539;nc
A;G004273;5152;amber;renee;thomas;38;f;w;raleigh;broomfield;7112;27615;nc
A;G004274;5153;angela;batrina;bradshaw;44;f;b;clayton;kershaw;505;27520;
A;G004275;5154;angela;e;devone;58;f;o;clayton;ashby;48;27527;va
A;G004275;5155;angela;elizabeth;devone;58;f;b;raleigh;loch raven pointe;5890;27604;va
A;G004276;5156;mary;kathleen;fleming;63;f;w;selma;lynch;476;27576;nc
A;G004277;5157;lismond;theron;bernard;47;m;b;garner;dartmouth glen;2275;27529;oc
A;G004278;5158;tonja;felicia;bowser;45;f;b;angier;mac;45;27501;nc
A;G004278;5159;tonja;felicia;bowser;45;f;b;angier;bounty;65;27501;nc
A;G004280;5160;steven;nicholas;reiman;32;m;w;raleigh;allison;14101;27615;mi
A;G004281;5161;rodney;neil;harris;53;u;u;zebulon;old eason;506;27597;nc
A;G004282;5162;jennifer;leigh;hudda;34;f;w;selma;stockbridge;165;27576;nc
A;G004282;5163;jennifer;leigh;collier;34;f;w;raleigh;alberon;305;27603;nc
A;G004283;5164;brittany;marie;bell;28;f;w;salemburg;sessoms;115;28385;nc
A;G004283;5165;brittany;marie;bell;28;f;w;salemburg;sessoms;115;28385;
A;G004284;5166;julia;michelle;washington;34;f;b;raleigh;tyler bluff;3932;27616;va
A;G004285;5167;katherine;brown;sommerville;66;f;w;cary;gettysburg;117;27513;tn
A;G004286;5168;victoria;lynn;vaughn;40;f;b;zebulon;braemar highland;1235;27597;ky
A;G004287;5169;donald;lee;dillingham;78;m;w;garner;south ridge;113;27529;nc
A;G004288;5170;amy;elizabeth;hobbs davis;40;f;w;mt olive;station;107;28365;nc
A;G004288;5171;amy;elizabeth;hobbs;40;f;w;mt olive;country club;611;28365;nc
A;G004289;5172;latosha;hope;redd;40;f;b;winterville;sterling pointe;3824;28590;nc
A;G004290;5173;bruce;wilson;berry;72;m;w;clayton;sharpstone;11;27527;tn
A;G004291;5174;dorlyn;yvonne;barham;43;f;w;clayton;nc 42;2310;27520;fl
A;G004292;5175;jessica;martha;hammonds;36;f;w;raleigh;oak run;325;27606;pa
A;G004293;5176;rebecca;lee;hansen;36;f;w;smithfield;indian camp;205;27577;ny
A;G004294;5177;brian;joseph;mclamb;71;m;w;charlotte;cane crossing;11411;28277;
A;G004294;5178;brian;joseph;mclamb;71;m;w;roseboro;harnett church;1650;28382;ny
A;G004295;5179;shelton;keith;langdon;32;m;w;angier;ridge;485;27501;nc
A;G004295;5180;shelton;keith;langdon;32;m;w;wilmington;parkview;1441;28405;nc
A;G004296;5181;kate;marie;johnson;30;f;w;kenly;princeton kenly;1344;27542;ma
A;G004297;5182;matthew;leland;grantham;22;m;w;kenly;hinnant edgerton;9875;27542;nc
A;G004298;5183;esthephanie;;chavira;22;f;o;clinton;beulah;4044;28328;nc
A;G004299;5184;william;joseph;laforge;37;m;w;angier;edmund;84;27501;va
A;G004300;5185;pamela;sue;bowden;36;f;w;kinston;sandy ridge;1672;28501;nc
A;G004302;5186;lisa;margaret;rhew;46;f;w;garner;todd;101;27529;ma
A;G004302;5187;lisa;margaret;rhew;46;f;w;raleigh;mary lou;10723;27603;ma
A;G004303;5188;leanna;williams;shiver;27;f;b;rocky point;kellyville;253;28457;nc
A;G004303;5189;leanna;williams;shiver;27;f;b;raleigh;round hill;5300;27616;nc
A;G004304;5190;curtis;allen;clark;33;m;u;clayton;sugarpine;101;27520;nc
A;G004305;5191;susan;;savage;80;f;w;raleigh;horton;3608;27607;il
A;G004306;5192;kermit;jackson;stancil;24;m;w;princeton;woodard;745;27569;nc
A;G004306;5193;kermit;jackson;stancil;24;m;w;princeton;woodard;740;27569;nc
A;G004307;5194;david;c;deionno;50;m;w;raleigh;ten ten;10524;27603;ny
A;G004308;5195;morgan;brooke;matthews;23;f;w;wilmington;old garden;5630;28403;
A;G004309;5196;ann;marie;kendrigan;71;f;w;clayton;radcliffe;85;27527;ma
A;G004310;5197;seth;richard;andrews;33;m;w;clayton;lanier;308;27527;nc
A;G004311;5198;george;thomas;white;63;m;b;garner;bornean;67;27529;ms
A;G004312;5199;nicholas;kyle;marriam;25;m;w;clayton;reeder branch;289;27520;md
A;G004313;5200;jessica;strickland;taylor;39;f;i;clayton;normandy;117;27527;nc
A;G004314;5201;larry;d;holder;56;m;b;zebulon;wakefield;709;27597;nc
A;G004315;5202;nicholas;cevaston;massey;34;m;w;princeton;herring;155;27569;nc
A;G004316;5203;michael;jason;morella;43;m;w;holly springs;covenant rock;309;27540;nj
A;G004317;5204;michael;scott;gibney;53;m;w;clayton;pet rock;113;27520;md
A;G004318;5205;summer;langston;anderson;29;f;w;clayton;kerriann;574;27520;
A;G004318;5206;summer;langston;anderson;29;f;w;zebulon;lee;802;27597;sc
A;G004319;5207;blair;alexandria;jordan;36;f;b;garner;kaspurr;137;27529;nj
A;G004320;5208;stacy;lynn;ordway;47;f;w;smithfield;williams;92;27577;mi
A;G004321;5209;teona;michelle;bannerman;20;f;b;clayton;old yogi;139;27520;nc
A;G004322;5210;shirley;marie;hutcheson;90;f;w;wendell;lake wendell;63;27591;pa
A;G004323;5211;christy;burnette;wall;47;f;w;raleigh;turner meadow;1269;27603;nc
A;G004324;5212;brad;louis;johnson;64;m;w;garner;belve;121;27529;pa
A;G004325;5213;michael;meisling;pippin;48;m;w;clayton;triple crown;401;27527;nc
A;G004325;5214;michael;meisling;pippin;48;m;w;clayton;granny farm;3912;27520;nc
A;G004326;5215;garland;richard;stretch;76;m;w;clayton;cleveland;8968;27520;pa
A;G004327;5216;michael;kevin;mcphatter;52;m;b;raleigh;bergstrom;7821;27616;nc
A;G004328;5217;jacqueline;nicole;cash;36;f;w;greenville;treybrooke;1002;27834;
A;G004329;5218;crystal;cheyanne;bennett;25;f;w;benson;t bar;334;27504;nc
A;G004330;5219;jose;b;cabrita;44;m;a;clayton;plott hound;92;27520;oc
A;G004331;5220;ronald;timothy;barbee;57;m;b;sims;pennyfield;8130;27880;nc
A;G004332;5221;jonathan;bryant;overby;38;m;w;benson;helms dogwood;144;27504;nc
A;G004333;5222;melisa;ann;herriott;50;f;w;selma;campground;428;27576;ct
A;G004333;5223;melisa;ann;herriott;50;f;w;liberty;low bridge;2391;27298;ct
A;G004333;5224;melisa;ann;herriott;50;f;w;cary;brook arbor;1437;27519;oc
A;G004334;5225;nyia;alexis;johnson;35;f;b;angier;plainview pointe;156;27501;ca
A;G004334;5226;nyia;alexis;mcghee;35;f;b;grifton;olive branch;352;28530;ca
A;G004335;5227;brandi;nicole;kester;22;f;w;clayton;sadisco;11;27520;fl
A;G004335;5228;brandi;nicole;kester;22;f;w;garner;pine walk;636;27529;fl
A;G004336;5229;christine;elizabeth;gears;32;f;w;clayton;forest oaks;220;27527;fl
A;G004337;5230;michael;adam;dubinsky;32;m;w;willow springs;sunset ridge;165;27592;ny
A;G004338;5231;megan;haseley;guild;36;f;w;clayton;spalding;113;27527;ny
A;G004339;5232;jane;lynn;gillespie;50;f;w;angier;broadleaf;120;27501;va
A;G004340;5233;nicole;erin;luck;26;f;w;willow springs;pebblestone;104;27592;nc
A;G004341;5234;gay;belinda;grandison;48;f;b;clayton;beechleaf;24;27520;oh
A;G004342;5235;shannon;marie;smith;38;f;w;garner;stonemoor;14;27529;ny
A;G004343;5236;anthony;ray;smith;59;m;b;willow spring;heavenly;9001;27592;nc
A;G004344;5237;billie;gene;perdue;69;m;w;princeton;old hinton;1138;27569;ky
A;G004344;5238;billie;g;perdue;69;m;w;goldsboro;myrtle;1802;27530;
A;G004345;5239;jennifer;marie;antoniono;25;f;w;clayton;radcliffe;112;27527;pa
A;G004345;5240;jennifer;marie;antoniono;25;f;w;knightdale;bristoe;1125;27545;pa
A;G004346;5241;samuel;angus;macdonald;48;m;u;willow springs;windy;116;27592;
A;G004347;5242;lisa anne;;mattiocco;46;f;w;fuquay varina;ashdale;318;27526;ny
A;G004348;5243;katie;elizabeth;butler;35;f;w;garner;harvard park;1325;27529;oh
A;G004349;5244;charles;edward;ward;54;m;w;clayton;new castle;18;27520;nc
A;G004349;5245;charles;edward;ward;54;m;w;cary;hilltop view;426;27513;nc
A;G004350;5246;paula;;drayton;49;f;b;garner;seventh;917;27529;ga
A;G004351;5247;daniel;michael;pravlik;65;m;w;garner;indian creek;1004;27529;oh
A;G004352;5248;richard;;palmer;47;m;b;clayton;contender;1104;27520;ms
A;G004353;5249;michael;lynn;james;51;m;w;raleigh;valley edge;2210;27614;oh
A;G004353;5250;michael;lynn;james;51;m;w;raleigh;diamond creek;12020;27614;oh
A;G004354;5251;ada;;matamoros alston;47;f;w;clayton;denby;257;27527;
A;G004355;5252;karen;lynn;smith;52;f;w;jacksonville;windsor;600;28546;nj
A;G004355;5253;karen;lynn;smith;52;f;w;garner;copperline;921;27529;nj
A;G004356;5254;sergio;;chavez;26;m;o;angier;happy trails;149;27501;ca
A;G004357;5255;lloyd;nelson;mitchell;71;m;b;raleigh;neuse timbers;8401;27616;pa
A;G004358;5256;tammy;a;pettigrew;47;f;w;goldsboro;addison;105;27530;pa
A;G004359;5257;hannah;mckinley;hardy;23;f;w;benson;creekstone;128;27504;nc
A;G004360;5258;paul;edward;hensley;89;m;w;clayton;cameo;82;27527;wv
A;G004361;5259;james;r;stanberry;61;m;w;garner;whithorne;211;27529;nc
A;G004362;5260;john;thomas;mitchell;65;m;u;clayton;timothy ridge;109;27520;nc
A;G004363;5261;kelly;pernell;lampkin;51;m;b;lumberton;walnut;1201;28358;dc
A;G004364;5262;roger;john;roesemann;46;m;w;cornelius;sandyedge;19818;28031;ny
A;G004365;5263;phyllis;washington;rawlings;65;f;b;princeton;edwards;619;27569;md
A;G004366;5264;melissa;cashwell;spain;51;f;w;raleigh;competition;533;27603;nc
A;G004367;5265;lisa;strum;allen;56;f;w;selma;walnut;105;27576;va
A;G004368;5266;james;herrill;bryan;35;m;w;four oaks;pine;416;27524;nc
A;G004369;5267;sonya;lynnea;kilian;42;f;w;raleigh;azalea;4204;27612;oc
A;G004370;5268;steven;ray;rhodes;29;m;w;clayton;creekside;804;27520;nc
A;G004371;5269;bailey;delilah;pope;31;f;w;garner;rolling field;5501;27529;nc
A;G004372;5270;mark;quinto;caccio;64;m;w;swansboro;windsong north;605;28584;ct
A;G004372;5271;mark;quinto;caccio;64;m;w;wilmington;scottsdale;213;28411;ct
A;G004373;5272;christian;e;banks;52;m;b;turkey;beulah church;2386;28393;
A;G004374;5273;charlene;lee;reed;34;f;w;raleigh;duckwing;5312;27604;oc
A;G004375;5274;jerry;tyson;adams;64;m;w;clayton;lynshire;405;27527;nc
A;G004376;5275;lisa;marie;rowley;34;f;w;clayton;sarazen;612;27527;oh
A;G004376;5276;lisa;marie;popolizio;34;f;w;cary;hawks nest;110;27513;oh
A;G004377;5277;timmie;wilson;chester;46;m;w;clayton;flamingo;311;27520;nc
A;G004377;5278;timmie;wilson;chester;46;m;w;raleigh;turtle point;2332;27604;nc
A;G004378;5279;edward;turner;dalton;44;m;w;smithfield;stoneview;104;27577;fl
A;G004380;5280;tamia;lacha;eaton;38;f;b;raleigh;cane garden;4000;27610;md
A;G004380;5281;tamia;eaton;ray;38;f;b;garner;wickerleaf;337;27529;md
A;G004381;5282;paul;edward;wilson;34;m;w;fuquay varina;secotan;1249;27526;nj
A;G004382;5283;edric;terrell;covington;47;m;b;raleigh;winway;1801;27610;nc
A;G004383;5284;kendra;shaundell;hardesty;37;f;b;raleigh;windmill harbor;7620;27617;nc
A;G004384;5285;teri;lynn;morris;42;f;w;trenton;nc hwy 41;1069;28585;va
A;G004385;5286;christopher;douglas;canady;41;m;b;kinston;pearson;937;28504;nc
A;G004386;5287;sandra;hood;mills;60;f;w;deep run;live oak hog co;3759;28525;nc
A;G004387;5288;sonya;marlynn;brooker;53;f;w;wilmington;fitzgerald;634;28405;ca
A;G004388;5289;briana;joyce;stanley;26;f;b;jacksonville;drummer kellum;342;28546;
A;G004389;5290;fleming;cecil;jones;46;m;w;jacksonville;walnut;507;28540;nc
A;G004390;5291;brittany;dawn;peters;30;f;w;maple hill;boysenberry fields;120;28454;ky
A;G004391;5292;john;robert;hewett;70;m;w;pollocksville;oak grove;687;28573;fl
A;G004392;5293;zawkeeyaw;shareen;dunn;28;f;b;jacksonville;indian;2301;28546;nc
A;G004393;5294;jay;robert;milner;79;m;w;trenton;woodrow battle;108;28585;
A;G004394;5295;leslie;smith;jones;62;f;w;kinston;british;746;28501;nc
A;G004395;5296;jeleisha;;wooten;25;u;u;dover;wyse fork;4487;28526;
A;G004396;5297;petheria;platt;harris;50;f;b;kinston;highland;912;28501;nc
A;G004396;5298;petheria;platt;turner;50;f;b;grifton;village;634;28530;nc
A;G004397;5299;sarah;ashton;langley;26;f;w;sanford;cricket hearth;301;27330;nc
A;G004398;5300;revonia;tuedt;belcher;40;f;b;sanford;evergreen;429;27330;nc
A;G004399;5301;robert;wayne;wicker;60;m;w;sanford;charlotte;228;27330;nc
A;G004400;5302;christie;lee;rains;32;f;m;sanford;plank;3759;27330;va
A;G004401;5303;christine;sarah;jenkins;35;f;o;sanford;saddlebrook;262;27330;nj
A;G004402;5304;vicki;lynn;thatcher;62;u;w;sneads ferry;silver creek loop;249;28460;wy
A;G004403;5305;byron;rashad;black;32;m;b;sanford;charlotte;729;27330;nc
A;G004403;5306;byron;rashad;black;32;m;b;raleigh;red bay;3433;27616;nc
A;G004404;5307;jason;michael;ashburn;41;m;w;wake forest;plummer;912;27587;nc
A;G004405;5308;lauren;amanda;henry;32;f;w;sanford;mcgill;110;27330;nc
A;G004406;5309;kayren;elaine;heck;49;f;b;sanford;glendale;245;27332;nc
A;G004407;5310;andreas;william;trump;30;m;w;sanford;queens;300;27330;dc
A;G004407;5311;andreas;william;trump;30;m;w;sanford;queens;300;27330;dc
A;G004409;5312;john;van;nguyen;21;m;o;sanford;bristol;2605;27330;va
A;G004410;5313;sherry;jalynn;mcdonald;50;f;w;sanford;morning star;421;27330;nc
A;G004411;5314;d;f;jones;78;m;w;sanford;tidewater;601;27330;nc
A;G004412;5315;adrienne;leigh;walters;45;f;w;fuquay varina;barn view;429;27526;nc
A;G004413;5316;angelica;;gregovich;40;f;w;sanford;quail ridge;5725;27332;oc
A;G004414;5317;kelly;woodlief;price;45;f;w;sanford;knollwood;2211;27330;nc
A;G004414;5318;kelly;woodlief;lauffer;45;f;w;raleigh;longneedle;101;27603;nc
A;G004415;5319;john;henry;furr;49;m;w;carthage;heavenwood;311;28327;nc
A;G004416;5320;michaela;maria;torre;22;f;w;sanford;wedgewood;1967;27332;ny
A;G004418;5321;jerry;m;lemmond;70;m;w;sanford;spring;1403;27330;nc
A;G004419;5322;kenneth;paul;neilsen;54;m;w;cary;kilbreck;215;27511;va
A;G004420;5323;roland;joseph;berube;83;m;w;seven lakes;berwick;101;27376;me
A;G004421;5324;michael;brandon;large;34;m;w;sanford;nixon;535;27330;nc
A;G004422;5325;faolan;ember;brooks;19;f;w;sanford;clearwater;1531;27330;nc
A;G004423;5326;richard;alan;lord;67;m;w;sanford;sandalwood;2020;27332;ny
A;G004423;5327;richard;a;lord;67;m;w;apex;devonhurst;1004;27502;ny
A;G004425;5328;debra;crawley;bradford;60;f;w;sanford;hermitage;1617;27330;nc
A;G004425;5329;debra;crawley;bradford;60;f;w;jacksonville;cole porter;105;28540;nc
A;G004426;5330;darren;;perry;55;m;b;monroe;plum creek;4103;28112;md
A;G004427;5331;douglas;cain;garner;23;m;w;sanford;thomas kelly;1485;27330;nc
A;G004428;5332;kirk;karl;kindl;28;m;w;sanford;creekview;1148;27330;
A;G004429;5333;marlene;robbins;walsh;80;f;w;carthage;mcneill;820;28327;ny
A;G004430;5334;jason;lee;murray;37;m;w;fuquay varina;bristlecone pine;648;27526;ny
A;G004431;5335;sue;carol;willauer;75;f;w;sanford;the pointe;9;27332;tn
A;G004432;5336;deborah;jo;zimmerman;52;f;w;aberdeen;boyce;109;28315;nc
A;G004433;5337;benita;r;jones;64;f;b;charlotte;margate;1957;28205;
A;G004434;5338;brian;thomas;hall;41;m;w;sanford;buckroe;28;27330;ky
A;G004434;5339;brian;thomas;hall;41;m;w;apex;shelter haven;103;27502;ky
A;G004435;5340;paula;willett;cassady;40;f;w;carthage;wadsworth;2060;28327;nc
A;G004436;5341;brian;jon;reynolds;38;m;w;sanford;cross;208;27330;wa
A;G004437;5342;jessica;murray;patterson;27;f;w;sanford;northridge;97;27332;nc
A;G004437;5343;jessica;murray;patterson;27;f;w;sanford;upper deck;216;27332;nc
A;G004438;5344;suzanne;nassif;felton;72;f;w;sanford;cranberry;1523;27330;ma
A;G004439;5345;nakesha;devon;baldwin;42;f;b;sanford;windmere;3212;27330;nc
A;G004440;5346;thomas;francis;walsh;84;m;w;sanford;chisholm;104;27330;ny
A;G004441;5347;cynthia;gayle;eads;61;f;w;sanford;franklin;302;27330;fl
A;G004441;5348;cynthia;gayle;eads;61;f;w;raleigh;holly springs;6125;27606;fl
A;G004441;5349;cynthia;gayle;eads;61;f;w;raleigh;new hope;4723;27604;fl
A;G004442;5350;shane;;walker;31;m;w;sanford;valley;1023;27330;
A;G004443;5351;katrina;turnage;rouse;55;f;b;la grange;boundary;405;28551;nc
A;G004443;5352;katrina;turnage;rouse;55;f;b;kinston;west;2002;28501;nc
A;G004444;5353;niki;michelle;mooring;38;f;w;winterville;bridge;4134;28590;nc
A;G004445;5354;david;ray;carter;33;m;w;kinston;carey;3219;28504;nc
A;G004446;5355;mitzi;wells;rasberry;61;f;w;kinston;sedgefield;1908;28504;nc
A;G004447;5356;dawn;sugg;cromer;46;f;w;kinston;buckingham;2722;28504;nc
A;G004448;5357;asa;haul;haddock;89;m;w;la grange;keith hills;4336;28551;nc
A;G004449;5358;tamekia;monique;kinsey;36;f;b;raleigh;bushmills;6105;27613;nc
A;G004450;5359;robert;william;shiles;61;m;w;elizabeth city;colonial;601;27909;nj
A;G004450;5360;robert;william;shiles;61;m;w;lumberton;3rd;111;28358;nj
A;G004451;5361;angelina;;mitchell;59;f;w;kinston;carlton;2103;28504;nc
A;G004452;5362;shaquana;teresa;delesbore;25;f;m;kinston;howard;1311;28501;
A;G004453;5363;jimmy;;tyndall;54;m;w;deep run;smith grady;2564;28525;nc
A;G004453;5364;jimmy;;tyndall;54;m;w;kinston;us hwy 258;4802;28504;nc
A;G004454;5365;nybria;shabazz;wade;23;f;b;kinston;capitola;307;28501;nc
A;G004455;5366;willard;h;willis;99;m;w;kinston;dunn;1121;28501;va
A;G004456;5367;neferteria;alisa;green;35;f;b;kinston;davis;316;28501;ny
A;G004457;5368;charles;thomas;turner;37;m;w;la grange;lindsey;3759;28551;nc
A;G004458;5369;shannon;ferrell;foster;47;u;w;wilmington;front;105;28401;
A;G004459;5370;ashley;lee;casey;41;m;w;la grange;sterling;5366;28551;nc
A;G004460;5371;candice;paige;marshburn;29;f;w;pink hill;pleasant hill;2399;28572;
A;G004461;5372;kenyatta;latreyvea;best;29;f;b;grifton;skeeter pond;6646;28530;nc
A;G004461;5373;kenyatta;latreyvea;best;29;f;b;grifton;skeeter pond;6646;28530;nc
A;G004462;5374;mattie;jean;sowers;30;f;w;kinston;jericho;1067;28501;nc
A;G004462;5375;mattie;jean;williamson;30;f;w;kure beach;fifth;329;28449;nc
A;G004463;5376;steven;lane;hooks;59;m;b;kinston;king;907;28501;nc
A;G004464;5377;denise;rachel;jackson;51;f;b;la grange;wooten;211;28551;ny
A;G004464;5378;denise;rachel;jackson;51;f;b;goldsboro;st john church;555;27534;ny
A;G004465;5379;lisa;willard;burwell;54;f;w;locust;central;202;28097;nc
A;G004466;5380;larry;rasheen;vaughn;32;m;b;la grange;forbes;605;28551;
A;G004467;5381;james;c;purnell;37;m;w;charlotte;edgemont;635;28211;nc
A;G004468;5382;anita;estell;priest;55;f;w;la grange;brothers;5118;28551;va
A;G004469;5383;tatiana;irene;boston;21;f;b;raleigh;quail forest;2034;27609;nc
A;G004470;5384;donald;ray;wilson;58;m;b;winterville;white blossom;3358;28590;nc
A;G004471;5385;regina;rachelle;carmon;48;f;b;ayden;east;4233;28513;nc
A;G004472;5386;clara;nicole;hart;39;f;b;raleigh;royal acres;5120;27610;nc
A;G004472;5387;clara;nicole;hart;39;f;b;seven springs;billy price;160;28578;nc
A;G004473;5388;kevin;dewayne;newborn;46;u;u;kinston;fox run;2169;28504;
A;G004474;5389;shannon;kaye;horne;50;f;w;deep run;mark n smith;4315;28525;ca
A;G004474;5390;shannon;kaye;wallace;50;f;w;hampstead;bay harbor;667;28443;ca
A;G004475;5391;sophia;elleresa;brock;35;f;o;raleigh;neeley;3950;27606;nc
A;G004477;5392;patricia;sutton;jarman;41;f;b;kinston;williams loop;306;28504;nc
A;G004478;5393;jacob;manley;alphin;31;m;w;la grange;jim sutton;3220;28551;nc
A;G004479;5394;aaryn;ashley;deal;26;f;w;raleigh;bloodworth;309;27601;nc
A;G004480;5395;mark;steven;andrews;27;m;w;kinston;joe nunn;945;28504;nc
A;G004480;5396;mark;steven;andrews;27;m;w;ayden;white line;5916;28513;nc
A;G004481;5397;terisha;council;lynn;44;f;b;greenville;silver wood;1636;27834;nc
A;G004482;5398;joseph;cameron;justice;31;m;w;wake forest;durham;801;27587;va
A;G004482;5399;joseph;cameron;justice;31;m;w;raleigh;springfield creek;4205;27616;va
A;G004483;5400;jennifer;sanders;hollingsworth;48;f;w;greenville;sunnyfield;1055;27858;oc
A;G004484;5401;keenan;jerome;parks;44;m;b;grifton;brewer;5912;28530;ma
A;G004485;5402;benjamin;;bruton;47;m;b;raleigh;hargrove;4530;27604;nj
A;G004486;5403;breiyanna;joan;stevermer;23;f;w;stanley;ivey meadow;7779;28164;ia
A;G004487;5404;nathaniel;martin;phillips;30;m;w;lincolnton;roberta;440;28092;nc
A;G004488;5405;michelle;nichole;mannchen;28;f;w;denver;hagers hollow;7243;28037;wi
A;G004489;5406;carol;ann;girardi;66;f;w;denver;bay pointe;7965;28037;ny
A;G004491;5407;maribeth;dobbins;hughes;46;f;w;denver;buena vista;8132;28037;ct
A;G004492;5408;richard;lyle;dunst;62;m;w;denver;highway 16;253;28037;wi
A;G004493;5409;edward;benjamin;hurn;66;m;w;denver;drury;7365;28037;fl
A;G004494;5410;melissa;elaine;croft;36;f;w;iron station;wolf;1672;28080;nc
A;G004495;5411;kathy;l;keller;59;f;w;davidson;magnolia;333;28036;nc
A;G004497;5412;wayne;edward;young;60;m;w;iron station;orchard;4255;28080;nc
A;G004497;5413;wayne;edward;young;60;m;w;vale;bill ledford;6320;28168;nc
A;G004498;5414;jennifer;davis;burlingame;39;f;w;denver;shannon;3733;28037;fl
A;G004498;5415;jennifer;alyssa;davis;39;f;w;monroe;barbee farm;609;28110;fl
A;G004499;5416;annie;f;cobb;71;f;w;denver;gallery;2508;28037;nc
A;G004499;5417;annie;forrest;cobb;71;f;w;charlotte;twilight hill;9112;28277;nc
A;G004500;5418;la paris;deshawn;crawford;31;f;b;stanley;sifford;7511;28164;nc
A;G004501;5419;stephen;anthony;davis;44;m;w;charlotte;berkeley hill;520;28262;nc
A;G004502;5420;courtney;jordon;smith;28;f;w;boone;clint norris;762;28607;nc
A;G004503;5421;wendara;celeane;ballentine;48;f;w;lincolnton;arbor run;204;28092;nc
A;G004504;5422;donna;lynn;fields;57;f;w;stanley;oxford hunt;7239;28164;nc
A;G004505;5423;stephen;leslie;hovis;50;u;w;lincolnton;lincoln;912;28092;nc
A;G004506;5424;michael;david;trent;44;m;w;denver;wanzer;1670;28037;va
A;G004507;5425;janel;p;trzaskos;43;f;w;huntersville;willow breeze;13610;28078;ct
A;G004508;5426;brian;thomas;parry;45;m;w;stanley;oxford bluff;7355;28164;nc
A;G004509;5427;joseph;michael;randall;33;m;w;stanley;mariposa;2646;28164;nc
A;G004510;5428;d;christopher;duplessis;49;m;w;waxhaw;groves edge;2025;28173;id
A;G004510;5429;d;christopher;duplessis;49;m;w;waxhaw;groves edge;2025;28173;id
A;G004511;5430;robert;theodore;wilhite;57;m;w;waxhaw;churchill downs;1511;28173;ga
A;G004512;5431;anna;gray;carpenter;31;f;w;charlotte;lyndhurst;2201;28203;nc
A;G004513;5432;dennis;charles;rollick;48;m;w;lincolnton;creekside;1013;28092;fl
A;G004514;5433;christopher;shannon;elliotte;47;m;w;denver;stoneview;2372;28037;nc
A;G004515;5434;cynthia;m;norman;50;f;w;charlotte;haymarket;12317;28214;nc
A;G004516;5435;amanda;neilly;skidmore;35;f;w;denver;west bay;8052;28037;nc
A;G004517;5436;donna;bindas;randall;63;f;w;cornelius;sterling bay;21021;28031;ct
A;G004518;5437;salvatore;james;tecla;49;m;w;denver;nc 16 business;251;28037;ny
A;G004518;5438;salvatore;james;tecla;49;m;w;charlotte;loganville;12415;28269;ny
A;G004519;5439;michael;james;maxwell;60;u;w;iron station;highway 27;4508;28080;
A;G004520;5440;melissa;anne;saine;26;f;w;lincolnton;pine;317;28092;nc
A;G004522;5441;anne;margaret;dominick;71;f;w;charlotte;winery;7324;28227;mi
A;G004522;5442;anne;margaret;dominick;71;f;w;charlotte;dockside;5722;28227;mi
A;G004523;5443;alyssa;marie;osborne;28;f;w;lincolnton;gates;2975;28092;nc
A;G004525;5444;david;leon;moliis;76;m;w;denver;graham point;8870;28037;ca
A;G004526;5445;paulette;marie;hanscom;64;f;w;lincolnton;highway 150;3008;28092;ma
A;G004527;5446;noah;ryan;cooper;19;m;w;cherryville;highway 274;863;28021;nc
A;G004529;5447;wendy;rebecca;johnson;41;f;w;stanley;birdie;194;28164;nc
A;G004530;5448;patricia;baldwin;eller;63;f;w;charlotte;sleigh bell;10630;28216;tn
A;G004531;5449;blanche;holbert;wolfe;66;f;w;charlotte;simca;2414;28216;fl
A;G004532;5450;jessica;cline;smith;29;f;w;lincolnton;cedar;501;28092;nc
A;G004532;5451;jessica;lauren;cline;29;f;w;lincolnton;wellington;208;28092;nc
A;G004533;5452;curt;hall;peterson;67;m;w;marion;choctaw;165;28752;ma
A;G004534;5453;matthew;christopher;hopkins;26;m;w;charlotte;catherine;109;28203;va
A;G004535;5454;karen;marie;richardson;58;f;w;denver;sarah;7596;28037;pa
A;G004536;5455;amanda;smith;berryhill;45;f;w;union mills;cove;4889;28167;nc
A;G004537;5456;barton;edward;nixon;41;m;b;denver;forest manor;6887;28037;
A;G004538;5457;shiloh;danane;keuler;40;f;w;charlotte;maple tree;2115;28214;md
A;G004539;5458;katie;marie;zeiher;37;f;w;charlotte;cliffside;8101;28270;mn
A;G004540;5459;william;ehlert;hubbard;48;m;w;lincolnton;ford;2293;28092;nc
A;G004541;5460;susan;phelps;rogerson;61;f;w;denver;sherwood;6182;28037;nc
A;G004542;5461;michael;edward;brenneman;40;m;w;charlotte;shady reach;2905;28214;co
A;G004543;5462;kem;matthew;fletcher;53;m;w;charlotte;mountain aire;9108;28214;nc
A;G004545;5463;ashley;;kniess;29;f;w;charlotte;larne;1737;28214;mi
A;G004546;5464;lauren;barbara;mathews;62;f;w;denver;island fox;4267;28037;nj
A;G004547;5465;velma;;brooks;62;f;b;iron station;devine;2561;28080;nj
A;G004547;5466;velma;;brooks;62;f;b;huntersville;cordial;14530;28078;nj
A;G004549;5467;suzanne;louise;jones;54;f;w;mt gilead;indian harbor;107;27306;ny
A;G004550;5468;candace;helms;silver;32;f;w;banner elk;treetop;103;28604;nc
A;G004550;5469;candace;helms;silver;32;f;w;boone;state farm;688;28607;nc
A;G004551;5470;ricky;joe;shields;56;m;w;denver;woods;1778;28037;in
A;G004552;5471;terry;ann;stephens;46;f;w;iron station;spring creek;758;28080;
A;G004553;5472;pamela;orr;hudson;55;f;w;denver;eight iron;2634;28037;nc
A;G004554;5473;daniel;paul;wing;29;m;w;denver;perry cove;8107;28037;
A;G004555;5474;nicholas;david;reid;31;m;w;denver;nautical view;7693;28037;
A;G004556;5475;laura;jean;schrader;36;f;w;charlotte;steel yard;3451;28205;il
A;G004557;5476;luke;hubert;smith;55;m;w;franklin;heritage hollow;40;28734;fl
A;G004558;5477;holly;claire;duggins;26;f;w;franklin;addington villas;16;28734;la
A;G004559;5478;roberta;jones;bowles;65;f;w;franklin;country;566;28734;ri
A;G004560;5479;amy;lynne;morgan;51;f;w;otto;pleasant cove;289;28763;ma
A;G004561;5480;craig;stephen;younce;35;u;w;charlotte;four mile creek;9236;28277;
A;G004562;5481;paul;fonzie;foster;44;m;w;highlands;neely;222;28741;nc
A;G004563;5482;ambreia;lyntrelle;williams;32;f;o;franklin;wayah;3170;28734;fl
A;G004564;5483;jason;parks;albright;34;m;w;asheboro;liberty;246;27203;nc
A;G004564;5484;jason;parks;albright;34;m;w;asheboro;kivett;608;27203;nc
A;G004565;5485;john;l;plyler;54;m;w;davidson;south;226;28036;sc
A;G004566;5486;george;myers;stephens;59;m;w;marshall;pine valley;65;28753;nc
A;G004566;5487;george;m;stephens;59;m;w;spruce pine;grassy creek falls;812;28777;nc
A;G004567;5488;brian;martin;fisher;49;m;w;marshall;henry worley;537;28753;
A;G004568;5489;susan;g;abernathy;64;f;w;charlotte;oak;822;28214;
A;G004569;5490;joyce;danielle;taylor;40;f;w;williamston;fire dept;3625;27892;nc
A;G004569;5491;joyce;taylor;holliday;40;f;w;williamston;jenny harrison;1244;27892;nc
A;G004570;5492;aleesa;jones;sawyer;26;f;w;columbia;vanhorne;247;27925;nc
A;G004571;5493;patricia;;barnes;73;f;w;williamston;gatling;216;27892;nc
A;G004572;5494;forrest;angel;heath;46;f;w;washington;manuel;123;27889;nc
A;G004573;5495;shirley;o neal;lynch;66;f;w;greenville;fire tower;2504;27858;va
A;G004573;5496;shirley;o neal;lynch;66;f;w;greenville;old river;1950;27834;va
A;G004574;5497;herman;;jones;60;m;b;oak city;cox;3333;27857;
A;G004575;5498;derkayla;j;bell;25;f;b;williamston;willow acres;106;27892;
A;G004576;5499;ebonie;markeeta;brown;31;f;b;williamston;carolina pines;103;27892;nc
A;G004576;5500;ebonie;;murphy;31;f;b;greenville;brook creek;4120;27858;
A;G004577;5501;quinton;davonne;peele;35;m;b;greenville;roundtree;403;27834;nc
A;G004577;5502;quinton;davonne;peele;35;m;b;greenville;6th;1598;27834;nc
A;G004578;5503;heather;;harrell;32;f;b;greenville;allen;1218;27834;nc
A;G004578;5504;heather;christine;whitley;32;f;b;raleigh;millbrook village;2731;27604;nc
A;G004579;5505;clifton;earl;wilkins;48;m;b;knightdale;citrine;204;27545;nc
A;G004580;5506;rayford;dale;williams;56;m;b;blounts creek;williams;106;27814;nc
A;G004580;5507;rayford;dale;williams;56;m;b;blounts creek;williams;106;27814;nc
A;G004581;5508;latoya;danette;leach;32;f;b;williamston;pine;231;27892;nc
A;G004582;5509;darlene;;hyman;62;f;b;oak city;bennett;1517;27857;nc
A;G004583;5510;jeremy;micheal;hayden;38;m;w;elizabeth city;double bridge;1169;27909;va
A;G004584;5511;robert;lee;fletcher;61;m;w;wilson;evansdale;4334;27893;nc
A;G004585;5512;doris;griffin;land;62;f;b;winterville;surrey meadows;4430;28590;nc
A;G004586;5513;franchesca;renee;moore;28;f;b;williamston;warren;156;27892;nc
A;G004587;5514;natasha;renee;person;36;f;b;robersonville;park;504;27871;ny
A;G004588;5515;detrick;monteze;woolard;42;m;b;winterville;cheryl;3034;28590;nc
A;G004589;5516;ashlee;jordan;beal;27;f;w;williamston;warren;517;27892;oh
A;G004590;5517;zachary;austin;boswell;26;m;w;raleigh;canyon rock;1210;27610;va
A;G004591;5518;katherine;elizabeth;flaugher;27;f;w;jamesville;martin;1112;27846;nc
A;G004591;5519;katherine;elizabeth;flaugher;27;f;w;columbia;pearce point;21;27925;nc
A;G004592;5520;destiny;ronshae;streeter;22;f;b;oak city;maple;306;27857;nc
A;G004593;5521;abby;michelle;brown;25;f;w;winterville;winterfield;888;28590;nc
A;G004594;5522;edward;earl;council;62;m;w;jamesville;seymour price;1035;27846;va
A;G004594;5523;edward;earl;council;62;m;w;rocky mount;carriage farm;4031;27804;va
A;G004595;5524;james;edward;nolte;30;m;w;nebo;station ridge;130;28761;nc
A;G004595;5525;james;edward;nolte;30;m;w;marion;burma;139;28752;nc
A;G004596;5526;virginia;ann;lipps;24;f;w;marion;old clear creek;825;28752;nc
A;G004597;5527;sue;yvonne;miller;61;f;w;spruce pine;bear den mountain;486;28777;nc
A;G004598;5528;sarah;marie;davis;26;f;w;marion;deacon;118;28752;nc
A;G004599;5529;jennifer;marie;granroos;40;f;w;old fort;greenlee;3460;28762;ma
A;G004599;5530;jennifer;marie;granroos;40;f;w;old fort;greenlee;3900;28762;ma
A;G004600;5531;danny;billy poe;jones;62;m;w;forest city;us hwy 221a;1942;28043;sc
A;G004601;5532;tonia;biggerstaff;combs;59;f;w;nebo;biggerstaff;598;28761;nc
A;G004602;5533;mark;allen;wise;58;m;w;charlotte;chestnut grove;6558;28210;mo
A;G004603;5534;bradford;dean;conley;40;m;w;marion;pittman;671;28752;nc
A;G004604;5535;christine;lynn;zeigler;41;f;w;banner elk;sugar bear ridge;394;28604;az
A;G004605;5536;nancy;carlton;sharpe;65;f;w;wake forest;keith;1420;27587;ny
A;G004606;5537;jonathan;bryant;batsel;28;m;w;wake forest;waterwood;9624;27587;ga
A;G004606;5538;jonathan;bryant;batsel;28;m;w;raleigh;old creedmoor;11505;27613;ga
A;G004607;5539;rebecca;lynn;hoilman;29;f;w;bakersville;rhododendron;102;28705;nc
A;G004609;5540;matthew;paul;wiseman;38;m;w;newland;ash;116;28657;nc
A;G004609;5541;matthew;paul;wiseman;38;m;w;newland;stamey branch;23;28657;nc
A;G004610;5542;shirli;joyce;howell;50;f;w;newland;braswell;182;28657;ca
A;G004611;5543;benjamin;morris;price;44;m;w;banner elk;hickory;115;28604;nc
A;G004612;5544;amy;pope;gardner;45;f;u;banner elk;beech mountain;509;28604;
A;G004613;5545;candace;ann;solomon;50;f;w;banner elk;sugar top;303;28604;nc
A;G004613;5546;candace;ann;pittman;50;f;w;china grove;daugherty;2220;28023;nc
A;G004614;5547;holly;melissa;silvers;41;f;w;spruce pine;hanging rock;3322;28777;nc
A;G004615;5548;victoria;jean;vinke;31;f;w;banner elk;horney hollow;100;28604;il
A;G004616;5549;william;john;woodruff;58;m;w;matthews;gander cove;1615;28105;ny
A;G004617;5550;matthew;charles;majesky;31;m;w;charlotte;painted tree;11093;28226;va
A;G004618;5551;doe;bum;juhnn;58;m;a;charlotte;whitewater;6217;28214;
A;G004619;5552;layla;;maloff;45;f;w;matthews;devereaux;10040;28105;oc
A;G004620;5553;amanda;harmon;cooley;40;f;w;chapel hill;mason farm;1401;27514;az
A;G004621;5554;sequana;maria;asbury;31;f;b;charlotte;wild garden;12130;28269;nc
A;G004623;5555;gamal;bakri;mekki;60;m;b;charlotte;woodend;9727;28277;
A;G004624;5556;corrie;anne;byers;35;f;w;charlotte;harrisburg;9617;28215;ca
A;G004625;5557;kendrick;lamonte;archie;48;m;b;charlotte;andover creek;8003;28210;nj
A;G004626;5558;donald;eugene;muse;45;m;w;charlotte;gerren;8962;28217;nc
A;G004627;5559;thayer;j;lavielle;47;f;w;cornelius;spring grove;20653;28031;ma
A;G004628;5560;andrew;d;kaplan;50;m;w;charlotte;larkston;3700;28226;ny
A;G004629;5561;andrew;kyle;snow;30;m;w;charlotte;kelway;3635;28210;nc
A;G004629;5562;andrew;kyle;snow;30;m;w;wilmington;march;806;28405;nc
A;G004630;5563;neisha;shemay;dawson;29;f;b;charlotte;loch loyal;13826;28273;nc
A;G004630;5564;neisha;shemay;dawson;29;f;b;charlotte;glenbridge;9720;28273;nc
A;G004631;5565;jeffery;theodore;sturdivant;56;m;b;charlotte;millers creek;14016;28278;nc
A;G004632;5566;kathren;renee;woodham;38;f;w;goldsboro;providence church;562;27530;
A;G004635;5567;bruce;scott;perkins;53;m;w;matthews;matthews mint hill;4049;28105;in
A;G004636;5568;rachelle;a;gualtieri;48;f;w;charlotte;royal scot;8800;28227;ct
A;G004637;5569;corinne;v;lorenz;53;f;w;matthews;cedar chase;2832;28105;il
A;G004638;5570;colette;t;mcmurray;66;f;w;charlotte;stoney meadow;11925;28227;
A;G004639;5571;luticia;ingram;parrish;44;f;w;matthews;porch swing;1451;28104;nc
A;G004641;5572;william;ryan;clark;40;m;w;huntersville;bluff meadow;12405;28078;va
A;G004642;5573;olga;julia;cortez;33;f;u;charlotte;silverberry;1621;28214;ny
A;G004642;5574;olga;julia;goodman;33;f;u;charlotte;knights bridge;8346;28210;ny
A;G004643;5575;anna;elizabeth;edgerton;33;f;w;charlotte;james jack;12100;28277;nc
A;G004645;5576;curtis;william;rowe;52;m;w;pineville;hawick manor;14919;28134;pa
A;G004646;5577;oshala;nicole;davis;33;f;b;charlotte;parson;1915;28205;nc
A;G004646;5578;oshala;nicole;davis;33;f;b;charlotte;basin;424;28203;nc
A;G004647;5579;christopher;julian;white;33;m;w;charlotte;abbotsford;506;28270;nc
A;G004648;5580;rebekah;joy;griffin;34;f;w;charlotte;pinewood;7901;28227;sc
A;G004648;5581;rebekah;joy;griffin;34;f;w;indian trail;creft;6924;28079;
A;G004649;5582;alexandra;elizabeth;meyer;34;f;w;charlotte;edenton;2218;28211;fl
A;G004649;5583;alexandra;elizabeth;meyer;34;f;w;wilmington;melba;721;28405;
A;G004650;5584;thomas;lee;anderson;43;m;w;charlotte;carolyn;1519;28205;il
A;G004651;5585;chad;christopher;ritterspach;47;m;w;waxhaw;old ridge;7019;28173;oh
A;G004652;5586;margaret;m;anderson;66;f;b;charlotte;bridle ridge;4722;28269;ar
A;G004652;5587;margaret;miller;anderson;66;f;b;albemarle;badin;2109;28001;ak
A;G004653;5588;howard;clifton;field;84;m;w;indian trail;brookstone;3201;28079;ny
A;G004654;5589;eric;oneal;busby;53;m;w;charlotte;briardale;7802;28212;
A;G004655;5590;kathleen;marie;hale;62;f;w;charlotte;landsburg;9124;28210;ny
A;G004656;5591;preston;garrett;hines;30;m;w;charlotte;academy;917;28205;
A;G004656;5592;preston;;hines;30;m;w;indian trail;birch;9016;28079;
A;G004657;5593;mark;anderson;taylor;49;m;w;charlotte;hastings mill;10829;28277;nc
A;G004658;5594;reeve;marie;coobs;35;f;w;indian trail;red lantern;8000;28079;nc
A;G004659;5595;amy;gattis;blackwell;41;f;w;laurinburg;sherbrooke;304;28352;nc
A;G004661;5596;larry;robert;horning;71;m;w;cornelius;yardarm;16712;28031;in
A;G004662;5597;olympia;nicole;thompson;42;f;b;charlotte;mannington;3237;28270;
A;G004663;5598;phillip;michael;james;29;m;b;charlotte;augusta;2228;28216;nc
A;G004664;5599;heather;;britt;47;f;w;davidson;lake park;820;28036;ny
A;G004665;5600;linda;faye;ellis;38;f;b;salisbury;miller chapel;205;28147;oc
A;G004666;5601;matthew;david;edge;28;m;w;indian trail;paddington;2014;28079;nc
A;G004667;5602;adrianne;kotras;leonardelli;44;f;w;charlotte;shadow grove;10911;28277;il
A;G004668;5603;sedrick;ray;jordan;33;m;b;charlotte;springmont;1410;28208;nc
A;G004669;5604;tiffany;alexandria;headen;39;f;b;charlotte;j julian;1863;28208;nc
A;G004671;5605;howard;;johnson;75;u;u;charlotte;echo cove;709;28273;
A;G004673;5606;raquel;ricketts;koos;49;f;b;indian trail;sentinel;2007;28079;oc
A;G004674;5607;claudette;michelle;campos;41;f;w;charlotte;painter;1433;28212;
A;G004677;5608;sheri;taxis;sisson;38;f;w;charlotte;lantana;5301;28205;pa
A;G004678;5609;michael;;morris;35;m;b;charlotte;cowles;2741;28208;nc
A;G004679;5610;joseph;carey;baker;46;m;w;oakboro;scarlet leaf;614;28129;va
A;G004680;5611;kevin;lee;wilson;42;u;u;charlotte;vicksburg park;9454;28210;
A;G004681;5612;arsena;stephanie;schroeder;27;f;b;charlotte;craighead;433;28206;pa
A;G004681;5613;arsena;stephanie;schroeder;27;f;b;charlotte;craighead;433;28206;
A;G004682;5614;brooke;elizabeth;james;25;f;w;charlotte;pinewood;2027;28211;ky
A;G004683;5615;walid;;yussuf;36;m;b;charlotte;eastfield village;13305;28269;
A;G004685;5616;gergio;anthone;roy;30;m;b;charlotte;dahlia;8504;28213;
A;G004685;5617;cergio;anthone;roy;30;m;b;charlotte;dahlia;8504;28213;ak
A;G004686;5618;matthew;david;slezak;32;m;w;charlotte;sunview;6606;28210;nc
A;G004686;5619;matthew;david;slezak;32;m;w;boone;howard;703;28607;nc
A;G004687;5620;emily;aeleta;ayers;29;f;w;raleigh;compatible;3110;27603;nc
A;G004688;5621;justin;oliver;branch;36;m;w;charlotte;landerwood;3341;28210;az
A;G004689;5622;shanna;louisa;wylie;39;f;b;charlotte;woodscape;8030;28212;nc
A;G004689;5623;shanna;louisa;wylie;39;f;b;charlotte;caudell;6605;28215;nc
A;G004690;5624;pamela;moore;frame;64;f;w;salisbury;wiley;119;28144;ga
A;G004692;5625;margo;lynn;dixon;40;f;w;charlotte;mirow;2109;28270;tx
A;G004693;5626;marianne;lazzaro;mulligan;66;f;w;charlotte;kingsley view;11819;28277;ny
A;G004694;5627;rebecca;lynn;judd;40;f;w;charlotte;huntington meadow;11240;28273;wv
A;G004695;5628;lanise;elaine;hines;22;u;u;charlotte;kerrybrook;7917;28214;
A;G004695;5629;lanise;elaine;hines;22;u;u;charlotte;kerrybrook;7917;28214;
A;G004696;5630;loretta;june;dean;62;f;w;charlotte;beaufort;7418;28227;pa
A;G004697;5631;olivia;daurice laharriet;smith;25;f;b;charlotte;varsity;1116;28262;il
A;G004698;5632;nishant;;sachdev;26;m;o;charlotte;martin luther king jr;255;28202;nj
A;G004698;5633;nishant;;sachdeu;26;m;o;charlotte;martin luther king jr;255;28202;nc
A;G004699;5634;emerson;lee;claypoole;53;m;w;charlotte;alexander martin;10484;28277;ky
A;G004701;5635;kerry;a;cunniff;56;f;w;matthews;melrose cottage;3684;28105;
A;G004702;5636;gustavo;e;serrano ferreras;34;u;u;charlotte;kings creek;8241;28273;
A;G004703;5637;antoinne;james;williams;38;m;b;charlotte;beacon ridge;1608;28210;ny
A;G004704;5638;garrett;patrick;clark;21;m;w;boone;locust summit dorm;240;28608;fl
A;G004705;5639;dorothy;mitchell;mack;79;f;b;charlotte;red roan;336;28215;nc
A;G004706;5640;nalinbhai;manilal;patel;51;m;o;elizabeth city;chancey;133;27909;oc
A;G004707;5641;angela;marie;miller;38;f;w;charlotte;lindhall;1022;28209;ma
A;G004708;5642;brian;christopher;price;37;m;w;charlotte;treyford;7620;28270;nj
A;G004709;5643;mary;cale;heisey;25;f;m;charlotte;7th;2108;28204;pa
A;G004710;5644;charisse;nicole;wade;27;f;b;charlotte;waverly lynn;5731;28269;ny
A;G004711;5645;howard;ronald;splawn;43;m;w;cornelius;jornada;9422;28031;nc
A;G004712;5646;mark;joseph;meleski;48;m;w;charlotte;caroway;1708;28262;ny
A;G004713;5647;leah;shelby;elliott;38;f;w;cornelius;bethelwood;20510;28031;
A;G004714;5648;jenna;michelle;galanti;30;f;w;huntersville;heritage orchard;6807;28078;tx
A;G004714;5649;jenna;michelle;galanti;30;f;w;charlotte;trumble;10706;28262;tx
A;G004715;5650;jenae;denise;busch;28;f;b;huntersville;holly center;9908;28078;nc
A;G004715;5651;jenae;denise;busch;28;f;b;raleigh;big sandy;6255;27616;nc
A;G004716;5652;kimberly;charmaine;jefferies;32;f;b;rocky mount;tanglewood;2133;27804;nc
A;G004717;5653;zoe;maelyn;polites;21;f;w;waxhaw;thayer;3009;28173;nc
A;G004718;5654;adrienne;nicole;moorefield;27;f;w;raleigh;oberlin;1028;27605;
A;G004719;5655;adam;taylor;kearney;25;m;w;charlotte;bonita;9310;28262;nc
A;G004720;5656;steven;joseph;gerardi;30;m;w;raleigh;melrose ridge;3410;27603;va
A;G004721;5657;katherine;margaret;sutcliffe;19;f;w;boone;windy;125;28607;
A;G004723;5658;reginald;;blow;38;m;u;charlotte;moores chapel;9618;28214;dc
A;G004723;5659;reginald;stephan;blow;38;m;b;charlotte;statesville;3410;28206;
A;G004724;5660;ryan;james mcaree;okeefe;30;m;w;charlotte;bearwood;3929;28205;ny
A;G004725;5661;michelle;diane;grosso;25;f;w;charlotte;willhill;7921;28227;nj
A;G004725;5662;michelle;diane;grosso;25;f;w;indian trail;orby;2004;28079;nj
A;G004727;5663;lasasha;rashawn;hightower;22;f;b;charlotte;freedom;4236;28208;
A;G004727;5664;ladasha;rashawn;hightower;22;f;b;charlotte;magnasco;5021;28208;
A;G004728;5665;sarah;dempsey;dawson;31;f;w;charlotte;kings;1311;28207;nc
A;G004729;5666;david;jackson;kerr;39;m;w;boone;cara;280;28607;nc
A;G004730;5667;cenna;m;lloyd;38;f;u;charlotte;four mile creek;9339;28277;
A;G004730;5668;cenna;michael;lloyd;38;u;u;charlotte;four mile creek;9339;28277;
A;G004731;5669;leslie;brafford;threatt;57;f;w;charlotte;peverell;2618;28270;
A;G004732;5670;amy;petris;capps;60;f;w;indian trail;thessallian;1014;28079;nc
A;G004733;5671;marcellie;;young;60;f;b;charlotte;fannie;426;28205;
A;G004733;5672;marcellie;;johnson;60;f;u;charlotte;royal celadon;6304;28269;nc
A;G004734;5673;jerry;lee;waugh;61;m;w;boone;wilson;571;28607;ky
A;G004736;5674;michael;c;mercurio;52;m;w;indian trail;freeport;2001;28079;pa
A;G004737;5675;michael;travis;hillard;70;m;w;salisbury;river country;385;28146;nc
A;G004738;5676;kim;elaine;slabouz;61;f;w;huntersville;galashiels;11608;28078;mi
A;G004738;5677;kim;elaine;slabouz;61;f;w;matthews;sadie;440;28105;mi
A;G004739;5678;catherine;a;gillard;47;f;b;charlotte;phillips;2625;28208;nc
A;G004739;5679;catherine;ann;soumano;47;f;b;charlotte;phillips;2625;28208;
A;G004740;5680;jamie;anne;peigler;46;f;w;charlotte;shopton;10444;28278;nc
A;G004741;5681;virna;rena;mirand;53;f;m;charlotte;mosscroft;3860;28215;ny
A;G004742;5682;darrell;lance;furr;39;m;w;charlotte;charlie hipp;4318;28214;nc
A;G004743;5683;donald;s;love;57;m;w;charlotte;meadow hollow;10126;28227;nc
A;G004744;5684;darren;lee;witherspoon;51;m;b;charlotte;eagles landing;1436;28214;nc
A;G004745;5685;michelle;loretta;fox;44;f;w;charlotte;pineburr;6405;28211;pa
A;G004746;5686;daryl;dain;larner;46;m;w;charlotte;walnut;428;28208;az
A;G004747;5687;russell;garrett;jochim;35;m;w;charlotte;chipley;634;28205;wa
A;G004748;5688;william;f;bordsen;33;m;w;charlotte;beechknoll;4810;28212;in
A;G004749;5689;goldee;marquie;payton;40;f;w;matthews;treeside;9919;28105;co
A;G004750;5690;daniel;david;jones;48;m;m;matthews;kilmarnock;2727;28105;tx
A;G004751;5691;jennifer;slusher;tepera;40;f;w;charlotte;emerald cove;614;28262;nc
A;G004752;5692;carolyn;renee;mcgill;34;f;b;charlotte;raintree;8316;28277;il
A;G004753;5693;judy;k;degernes;65;f;w;charlotte;grimmersborough;2331;28270;mn
A;G004754;5694;gregory;morgan;plough;58;m;w;monroe;ethel sustar;4311;28110;ny
A;G004755;5695;jonathan;george;sherrill;36;u;u;matthews;glenn valley;1431;28105;
A;G004755;5696;jonathan;george;sherrill;36;m;w;matthews;fleming;1018;28104;nc
A;G004756;5697;stephanie;heilker;boyd;37;f;w;charlotte;roundleaf;10223;28213;nc
A;G004757;5698;lashonda;tenell;seegars;37;f;b;charlotte;timbertop;5215;28215;sc
A;G004759;5699;michael;james;gardner;44;m;m;monroe;thornburg;2720;28110;nc
A;G004760;5700;theresa;allyson;mauldin;59;f;w;norwood;lake shore;401;28128;nc
A;G004761;5701;lindsey;k;gaudet;40;f;b;charlotte;lockerbie;8626;28215;
A;G004762;5702;alex;omar;daniels;49;m;b;charlotte;gretna green;825;28217;ct
A;G004763;5703;susan;ann;dowd;62;f;w;matthews;hammond;1509;28104;nj
A;G004765;5704;melody;renee;pace;62;f;w;charlotte;riverhaven;11625;28214;nc
A;G004766;5705;elizabeth;anne;watkins;58;f;w;charlotte;sardis oaks;10135;28270;
A;G004767;5706;sharon;l;cude;60;f;w;charlotte;dunlavin;2934;28205;
A;G004767;5707;sharon;c;cadenhead;60;f;w;charlotte;dunlavin;2934;28205;
A;G004769;5708;timothy;joseph;brown;42;m;w;huntersville;rolling meadows;7857;28078;
A;G004769;5709;timothy;joseph;brown;42;m;w;eden;ellett;1203;27288;nc
A;G004770;5710;nam;su;kang;42;u;u;waxhaw;briarstone;8811;28173;
A;G004771;5711;natalie;rose;heath;38;f;w;charlotte;park;2610;28209;nc
A;G004772;5712;tuana;cherie;boyd railey;47;f;b;indian trail;alice flagg;4000;28079;ny
A;G004773;5713;lamar;;shareef;36;m;b;charlotte;wilson;4120;28206;az
A;G004774;5714;tamara;leigh;blankenship;52;f;w;charlotte;poppy hills;6772;28226;wv
A;G004775;5715;denise;daley;oconnell;51;f;w;huntersville;kelly park;16323;28078;tn
A;G004775;5716;denise;daley;o connell;51;f;w;cornelius;nautique;21328;28031;tn
A;G004776;5717;ebtisam;shaaban;miller;33;f;i;charlotte;kemptown square;10734;28227;nc
A;G004777;5718;kathleen;a;nebel;66;f;w;charlotte;charlie hipp;4772;28214;
A;G004778;5719;lenzie;o;winstead;65;m;b;charlotte;stetson;201;28262;
A;G004779;5720;leon;;smith;93;f;w;charlotte;darby chase;12904;28277;il
A;G004781;5721;thomas;j;reese;75;m;w;charlotte;oakmeade;2607;28270;pa
A;G004782;5722;thomas;oliver;davidson;64;m;b;charlotte;hovis;4401;28208;nc
A;G004782;5723;thomas;oliver;davidson;64;m;b;elizabethtown;martin luther king;1411;28337;nc
A;G004783;5724;kimberly;ray;counts;45;f;w;charlotte;laurel lake;9909;28277;nc
A;G004785;5725;erin;jerolimic;moore;39;f;w;indian trail;equipoise;1025;28079;ny
A;G004786;5726;patricia;anne;stumpf;37;f;u;charlotte;deepwood;4445;28226;
A;G004786;5727;patricia;anne;stumpf;37;f;w;charlotte;deepwood;4445;28226;nc
A;G004787;5728;heather;gragnani;wheatley;40;f;w;wilmington;bayshore;237;28411;va
A;G004787;5729;heather;marie;hipple;40;f;w;waxhaw;glynwater;1107;28173;
A;G004789;5730;antwine;a;love;44;f;b;charlotte;baxter caldwell;10124;28213;nv
A;G004789;5731;antwine;antoinette;love;44;f;b;charlotte;rebecca run;13326;28269;nv
A;G004790;5732;anthony;;jordan;37;m;b;charlotte;timberbrook;3324;28208;nc
A;G004792;5733;michael;;friedman;72;m;w;charlotte;fox chapel;8322;28270;il
A;G004793;5734;nancy;louise;bennett;68;f;b;jacksonville;gum branch;2015;28540;ny
A;G004795;5735;andrew;patrick;robinson;35;m;w;greenville;kent;504;27858;nc
A;G004795;5736;andrew;patrick;robinson;35;m;w;raleigh;brookmont;7301;27613;nc
A;G004796;5737;pleshetta;shanesse;miller;35;f;b;charlotte;19th;424;28206;nc
A;G004797;5738;matthew;edwin;jones;43;m;w;matthews;cameron village;910;28105;oh
A;G004798;5739;kieran;joseph;kessler;50;m;w;waxhaw;groves edge;2013;28173;ny
A;G004799;5740;scott;brian;hoopingarner;43;m;w;charlotte;hinsdale;2912;28210;fl
A;G004799;5741;scott;brian;hoopingarner;43;m;w;east bend;forbush;5015;27018;fl
A;G004800;5742;henry;a;fulmer;98;m;w;matthews;stratfordshire;700;28105;nc
A;G004801;5743;janice;michelle;reid;58;f;w;charlotte;montford;1200;28209;nc
A;G004802;5744;latisha;denise;troy;34;f;b;charlotte;acorn forest;5018;28269;ky
A;G004802;5745;latisha;denise;troy;34;f;b;charlotte;acorn forest;5018;28269;ky
A;G004803;5746;ashley;marie;martin;33;u;u;charlotte;oak hall;311;28223;
A;G004803;5747;ashley;marie;martin;33;f;w;raleigh;morning forest;5820;27609;me
A;G004803;5748;ashley;marie;martin;33;f;w;raleigh;springfield creek;4126;27616;oc
A;G004804;5749;vicki;lee;de stefano;69;f;w;charlotte;mallard;5413;28227;nj
A;G004805;5750;walker;howson;doermann;37;f;w;charlotte;skylark;2411;28210;sc
A;G004805;5751;elizabeth;walker;howson;37;f;w;charlotte;fountain view;1711;28203;sc
A;G004806;5752;lynn;ann;griffin;51;f;w;charlotte;pheasant glen;1924;28214;ct
A;G004807;5753;millette;creola;terrell;26;f;b;waxhaw;ridgehaven;1305;28173;nc
A;G004808;5754;tracy;nicole;ellett;32;f;w;charlotte;eagle chase;4225;28216;tx
A;G004810;5755;anna;elizabeth;bortner;29;f;w;charlotte;heathermoor;605;28209;ga
A;G004810;5756;anna;bortner;salas;29;f;w;raleigh;north;650;27603;
A;G004811;5757;pierre;laclay melvin;adams;35;m;b;elizabethtown;sand pit;76;28337;nc
A;G004812;5758;christopher;e;panza;25;m;w;boone;fallview;528;28607;
A;G004813;5759;christopher;wayne;hunt;35;m;b;charlotte;phillips;2830;28208;ny
A;G004814;5760;tina;elaine;detorio easter;48;f;w;trinity;irwin;4555;27370;ny
A;G004814;5761;tina;elaine;detorio easter;48;f;w;kannapolis;fairway;1061;28081;ny
A;G004815;5762;darion;robert;conyers;30;m;b;charlotte;stancill;3001;28205;
A;G004816;5763;de ontaye;j;smith;25;m;b;charlotte;polk;1000;28206;
A;G004816;5764;deontaye;jaquez;smith;25;m;b;charlotte;polk;1000;28206;
A;G004817;5765;linda;crockett;holland;60;f;b;charlotte;old meadow;5512;28227;nc
A;G004818;5766;johnny;lee;jones;26;m;u;charlotte;high glen;3108;28269;
A;G004819;5767;adrain;a;hunt;34;f;u;salisbury;15th;410;28144;nc
A;G004820;5768;kate;rose;mather;40;f;w;charlotte;alexa;5832;28277;
A;G004820;5769;kate;rose;mather;40;f;w;charlotte;alexa;5832;28277;
A;G004821;5770;daniel;harrison;citron;24;m;w;raleigh;nantahala;8308;27612;fl
A;G004823;5771;melissa;leigh;brown;39;f;w;matthews;longspur;3034;28105;nc
A;G004823;5772;melissa;leigh;brown;39;f;w;matthews;matthews commons;915;28105;nc
A;G004824;5773;madeline;baliey;morris;23;f;w;boone;straight;135;28607;
A;G004825;5774;laura;julianne;riley;27;f;w;albemarle;edgemont;409;28001;la
A;G004826;5775;anna;michelle;carswell;27;f;w;matthews;paces;10541;28105;nc
A;G004827;5776;alison;aldridge;hoggard;29;f;w;wilmington;cobblestone;509;28405;nc
A;G004827;5777;alison;aldridge;hoggard;29;f;w;raleigh;onslow;1320;27606;nc
A;G004828;5778;cathy;blanton;carpenter;60;f;w;charlotte;long creek green;9506;28216;
A;G004829;5779;darlene;nadira;stephens;25;f;b;charlotte;park;3420;28209;nj
A;G004830;5780;chevone;denise;falls;32;f;b;matthews;union;1100;28104;nc
A;G004831;5781;diontray;divane;adams;26;m;b;charlotte;barcliff;6908;28212;md
A;G004831;5782;diontray;divan;adams;26;m;b;charlotte;barcliff;6908;28212;dc
A;G004832;5783;wallace;benjamin;boswell;38;m;w;apex;chatham;407;27502;va
A;G004832;5784;wallace;benjamin browde;boswell;38;m;w;cary;bronte;400;27513;va
A;G004833;5785;vanesa;nikole;carter;29;f;b;charlotte;dulin creek;10920;28215;
A;G004834;5786;kelly;leigh;butler;49;f;w;charlotte;creekwood quorum;7315;28212;ny
A;G004835;5787;anthony;;robinson;56;m;b;matthews;weddington ridge;3641;28105;nj
A;G004836;5788;angela;walker;white;48;f;b;spencer;5th;611;28159;
A;G004837;5789;charles;edward;keys;59;m;b;monroe;aldersbrook;4717;28110;
A;G004838;5790;lynn;christine;williams;29;f;w;cornelius;sterling bay;20321;28031;nc
A;G004839;5791;joel;david;nelson;35;m;w;monroe;washington;204;28112;nc
A;G004840;5792;stefan;orlando;flores;29;m;o;boone;bodenheimer;536;28607;ca
A;G004841;5793;george;dewey;mabes;28;u;u;charlotte;6th;505;28202;
A;G004842;5794;walter;charles;shields;39;m;w;charlotte;providence manor;3612;28270;ca
A;G004843;5795;ayana;mclean;fairley;32;f;b;charlotte;neville abbey;9519;28262;nc
A;G004844;5796;lisa;faye;moore;36;f;w;charlotte;indigo;8262;28277;nc
A;G004845;5797;kiana;nekia;morrison;39;f;i;charlotte;artisan;4711;28277;ny
A;G004847;5798;gary;j;kroeger;62;m;w;charlotte;harrisonwoods;7415;28270;
A;G004848;5799;james;emory;vandiver;58;m;w;charlotte;beverly springs;6731;28270;oc
A;G004849;5800;charles;robert;looney;72;u;u;indian trail;tuckaway;8008;28079;
A;G004850;5801;carol;johnson;cozart;54;f;w;charlotte;sunbeam;6514;28269;al
A;G004851;5802;taujauna;d;howard;55;f;b;charlotte;coneflower;2413;28213;nc
A;G004852;5803;floyd;grant;stewart;46;m;w;charlotte;charing;5600;28211;nc
A;G004853;5804;patricia;s;stalnaker;61;f;w;charlotte;brianton;5402;28226;mi
A;G004854;5805;estella;m;johnson;47;f;i;charlotte;choyce;1229;28217;ca
A;G004855;5806;darryl;;rone;53;u;u;matthews;parrish;10809;28105;
A;G004855;5807;darryl;;rone;53;m;b;matthews;flag stick;2224;28104;tn
A;G004856;5808;george;a;medina;60;m;w;charlotte;long creek;341;28214;oh
A;G004857;5809;brian;d;mobley;52;m;w;charlotte;persimmon creek;11100;28227;ar
A;G004858;5810;tina;hasty;vickers;51;f;w;indian trail;poplin;4802;28079;
A;G004860;5811;brodie;joe;levadnuk;45;u;u;matthews;graham hall;109;28104;
A;G004861;5812;michelle;m;magnotta;43;f;w;charlotte;pimlico;10936;28273;pa
A;G004862;5813;christina;r;hargrove;39;f;w;matthews;john;735;28105;nc
A;G004863;5814;nina;m;barbour;60;f;w;matthews;bradwyck;408;28105;tn
A;G004863;5815;nina;m;smith;60;f;w;matthews;bradwyck;408;28105;tn
A;G004864;5816;daniel;sebastian;huffenus;54;m;w;charlotte;clavemorr glenn;8717;28226;nj
A;G004864;5817;daniel;sebastian;huffenus;54;m;u;charlotte;clavemorr glenn;8717;28226;nj
A;G004865;5818;kenneth;w;hannah;59;m;w;matthews;clearbrook;1016;28105;mi
A;G004865;5819;kenneth;william;hannah;59;m;w;morrisville;meeting hall;306;27560;mi
A;G004866;5820;joanna;walker;holder;42;f;w;matthews;new towne;9334;28105;tx
A;G004868;5821;veleta;c;reist;60;f;w;charlotte;creighton;3116;28205;nc
A;G004869;5822;kelly;lynne;crandall;43;f;w;charlotte;quixley;13621;28273;tn
A;G004870;5823;kelly;l;carpenter;40;f;w;charlotte;vine cliff;1152;28214;ny
A;G004871;5824;rajneesh;;pathak;53;m;a;matthews;creek pointe;11247;28105;oc
A;G004872;5825;kinya;l;turner;43;f;b;charlotte;southwood oaks;710;28212;va
A;G004872;5826;kimya;lashawn;turner;43;f;b;charlotte;southwood oaks;920;28212;va
A;G004873;5827;neha;;lala;43;f;u;charlotte;mallard woods;2111;28262;oc
A;G004874;5828;omari;lamonte;stewart;38;m;b;charlotte;troon;9115;28214;nc
A;G004875;5829;sierra;denea;jackson;32;f;b;charlotte;northwoods forest;10420;28214;nc
A;G004876;5830;michael;robert;smith;34;m;w;charlotte;annalexa;10508;28277;sc
A;G004877;5831;jesse;boykin;kimmel;32;m;w;davidson;houston;303;28036;nc
A;G004877;5832;jesse;boykin;kimmel;32;m;w;chapel hill;merritt mill;515;27516;nc
A;G004878;5833;amanda;jean;cude;32;f;w;charlotte;chapman;8019;28216;va
A;G004879;5834;katherine;amanda;welsh;59;f;w;charlotte;swedish ivy;7534;28227;ma
A;G004880;5835;fahrudin;;ajanovic;49;m;w;matthews;matthews estates;413;28105;oc
A;G004881;5836;matthew;;burns;33;m;w;charlotte;cooper;309;28210;
A;G004881;5837;matthew;lamarr;burns;33;m;w;boone;king;358;28607;ga
A;G004882;5838;sally;lackey;davenport;45;f;w;charlotte;westnedge;3119;28226;nc
A;G004883;5839;kelly;m;mcneill;35;f;w;matthews;shadowy retreat;3215;28104;nc
A;G004884;5840;duanette;elizabeth;clark;40;f;b;monroe;galesburg;522;28110;nc
A;G004885;5841;kyle;matthew;anderson;42;m;w;waxhaw;abbotsbury;111;28173;la
A;G004886;5842;catherine;ware;parillo;45;f;w;waxhaw;white cedar;2052;28173;nc
A;G004887;5843;melissa;chevette;endsley lawrence;37;f;b;charlotte;wallace;7216;28212;
A;G004887;5844;melissa;chevette;endsley lawrence;37;f;b;charlotte;village lake;2121;28212;
A;G004889;5845;miguel;angel;mauriz;31;m;o;charlotte;statesville;4800;28269;ca
A;G004890;5846;lydia;eulalia;monell;59;f;o;charlotte;prospect;2124;28213;oc
A;G004890;5847;lydia;eulalia;monell;59;f;o;charlotte;prospect;2114;28213;oc
A;G004891;5848;mary;anna;carson;86;f;w;waxhaw;thunder gulch;2304;28173;pa
A;G004892;5849;salvatore;;laterra;97;m;w;waxhaw;mockingbird;7306;28173;ny
A;G004893;5850;david;franklin;mcwhorter;28;m;w;charlotte;wandering way;1522;28226;nc
A;G004893;5851;david;franklin;mcwhorter;28;m;w;raleigh;ncsu owen;0;27607;oc
A;G004894;5852;gerri;;franchini;61;u;w;davidson;old meeting;712;28036;nj
A;G004894;5853;gerri;;franchini;61;u;u;davidson;old meeting;712;28036;
A;G004895;5854;meshiyah;yaelyah;judah;35;f;b;charlotte;central;4931;28205;ny
A;G004896;5855;asrat;yemane;kidane;46;m;b;charlotte;biscayne;3419;28205;oc
A;G004897;5856;vernon;e;crawford;31;m;b;charlotte;elmwood;6408;28214;
A;G004898;5857;zachary;james;cox;37;u;u;matthews;cindy carr;1113;28105;nc
A;G004900;5858;jaquenian;tyriah;king;27;f;b;charlotte;kersey glen;1307;28216;nc
A;G004900;5859;jacqueniah;tyriah;king;27;f;b;charlotte;kersey glen;1307;28216;nc
A;G004901;5860;keith;jacob;kaplan;48;m;w;waxhaw;skye lochs;7921;28173;il
A;G004902;5861;miguel;angel;jorge;26;m;o;huntersville;pinnacle cross;8615;28078;ny
A;G004904;5862;alex;lamar;glasper;25;m;b;charlotte;pine meadow;3401;28269;nc
A;G004905;5863;casey;bailey;kreuziger;37;f;w;charlotte;selwyn oaks;813;28209;fl
A;G004905;5864;casey;bailey;kreuziger;37;f;w;boone;red feather;270;28607;fl
A;G004906;5865;maruice;murquel;washington;42;m;b;charlotte;pheasant glen;2110;28214;va
A;G004906;5866;maurice;murquel;washington;42;m;b;charlotte;pheasant glen;2110;28214;va
A;G004908;5867;jason;matthew;king;43;m;w;charlotte;old reid;6723;28210;nc
A;G004909;5868;vionda;annette;jeffries;48;f;b;charlotte;mayapple;5904;28269;ny
A;G004910;5869;jacob;alan;wittmer;30;m;w;wilmington;randall;4104;28403;
A;G004911;5870;alberto;noah;cruz;37;m;o;charlotte;impatien;2719;28215;
A;G004912;5871;elizabeth;ayres;johnston;23;f;w;greenville;rotary;105;27858;fl
A;G004913;5872;courtney;shan tia;mackey;23;f;b;charlotte;rising oak;1319;28206;
A;G004913;5873;courtney;;mackey;23;f;b;charlotte;rising oak;1319;28206;
A;G004914;5874;victoria;elizabeth;ervin;23;f;b;charlotte;autumn applause;9326;28277;nc
A;G004915;5875;anna;l;mccarthy;69;f;w;fuquay varina;cypress ford;4808;27526;pa
A;G004916;5876;layla;hunt;barrier;24;f;w;charlotte;davis;3901;28269;nc
A;G004917;5877;charmaine;nicole;steele;26;f;b;charlotte;floral grove;3108;28216;nc
A;G004918;5878;tracie;kenley;hummel;29;f;w;huntersville;hampton crossing;16919;28078;nc
A;G004920;5879;rhonda;annette;young;53;f;w;matthews;savannah hills;3409;28105;nc
A;G004921;5880;sydney;marie;respass;26;f;b;raleigh;crescent creek;2310;27606;pa
A;G004922;5881;kieesha;dashanique;bell;24;f;b;charlotte;skip stone;1328;28214;
A;G004922;5882;kieesha;dashanique;bell;24;f;b;charlotte;skip stone;1328;28214;nc
A;G004923;5883;mary;frances;ritten;33;u;u;charlotte;south;2300;28203;
A;G004924;5884;adriana;elizabeth;zurita;45;f;u;matthews;fredricksburg;609;28105;oc
A;G004924;5885;adriana;e;zurlta;45;f;u;matthews;fredricksburg;609;28105;
A;G004925;5886;melinda;;paganelli;37;f;w;wrightsville beach;oceanic;7;28480;nj
A;G004926;5887;miles;barber;williams;20;m;w;chapel hill;raleigh;281;27514;nc
A;G004927;5888;william;winston;bullock;55;m;w;raleigh;redbud;3431;27607;nc
A;G004928;5889;william;paul;nunn;60;m;w;charlotte;forest gate;4419;28270;nj
A;G004929;5890;danny;lee;eakle;49;m;w;marshville;dusty;5006;28103;oh
A;G004930;5891;lisa;anne duncan;hanami;32;f;b;charlotte;andover creek;8009;28210;ny
A;G004931;5892;cassandra;dohrman;miller;27;f;w;raleigh;cameron view;1306;27607;il
A;G004932;5893;latesha;marie;byrd;28;f;b;garner;oak lantern;708;27529;nc
A;G004933;5894;alec;brandon;murphy;28;m;w;charlotte;7th;509;28202;ny
A;G004934;5895;sandra;jean;austin;68;f;b;charlotte;oasis;2629;28214;wv
A;G004935;5896;andrei;;nesmelou;25;m;w;charlotte;stevensville;10112;28277;oc
A;G004935;5897;andrei;;nesmelov;25;m;w;charlotte;stevensville;10112;28277;oc
A;G004936;5898;fred;alton;parker;90;m;w;monroe;leewood;904;28112;nc
A;G004937;5899;jonathan;scott;whitaker;34;m;w;charlotte;angwin;8435;28262;nc
A;G004938;5900;tiffany;crystal;meyers;35;u;u;charlotte;tryon;3815;28206;
A;G004939;5901;brittney;;eustache;31;u;u;charlotte;passour ridge;3323;28269;
A;G004939;5902;brittney;grace;eustache;31;f;b;raleigh;thesis;2021;27603;oc
A;G004940;5903;stephen;m;bondurant;32;m;w;charlotte;paperbark;12242;28277;nc
A;G004941;5904;laquicha;;hart;32;f;b;charlotte;agnew;7228;28278;
A;G004942;5905;ashley;michelle;pope;27;f;w;charlotte;park south;6205;28210;co
A;G004944;5906;shaniah;lanae;powell;28;f;b;fairmont;mcdaniel;504;28340;nc
A;G004944;5907;shaniah;l;powell;28;f;b;fairmont;pittman;803;28340;
A;G004945;5908;eric;christian;oms;52;m;w;charlotte;shady;2928;28208;
A;G004945;5909;eric;christian;oms;52;m;w;charlotte;tryon;1210;28206;ny
A;G004946;5910;sarah;lynn;baucom;40;f;w;monroe;oakstone;2038;28110;oc
A;G004947;5911;rachel;marie;morton;32;f;w;charlotte;longbrook;1523;28270;oh
A;G004948;5912;sara;reynolds;seremak;32;f;m;charlotte;sulkirk;3523;28210;dc
A;G004948;5913;sara;park;reynolds;32;f;a;chapel hill;sir richard;103;27517;dc
A;G004949;5914;amy;slice;shea;27;f;w;raleigh;aristides;10151;27617;va
A;G004950;5915;jessica;elizabeth;hartman;33;f;w;charlotte;martin luther king jr;355;28202;pa
A;G004951;5916;june;mish;cranford;70;f;w;davidson;park;405;28036;nj
A;G004951;5917;june;mish;cranford;70;f;w;asheboro;luxury;719;27205;nj
A;G004952;5918;michael;lawrence;martinez;34;m;w;charlotte;greyabby;2608;28270;ca
A;G004953;5919;roland;theophilus;barnes;65;m;b;cary;high pine;103;27513;oc
A;G004954;5920;sherial;nicole;brown;32;f;b;charlotte;kingspark;2513;28208;nc
A;G004954;5921;sherial;nicole;brown;32;f;b;charlotte;armour ridge;13613;28273;nc
A;G004955;5922;lane;russell;foushee;43;m;w;charlotte;charleston place;1916;28212;la
A;G004956;5923;donna;brown;adjamah;57;f;w;charlotte;crows nest;8611;28226;nc
A;G004957;5924;carolyn;west;jones;57;f;w;matthews;hickory lake;5010;28105;nc
A;G004958;5925;kevin;;johnson;45;m;b;charlotte;morson;2817;28208;ny
A;G004959;5926;danny;ray;vanover;62;m;w;charlotte;susanna;12113;28214;tn
A;G004960;5927;tyler;morgan;key;34;m;w;huntersville;drew;10103;28078;fl
A;G004961;5928;jean;schramek;devries;84;f;w;charlotte;whistler s chase;8707;28269;mi
A;G004962;5929;indya;cavette;russ;32;f;b;charlotte;kelston;1215;28212;pa
A;G004963;5930;jenna;kathleen;thornberg;30;f;w;charlotte;provincetowne;11627;28277;ct
A;G004964;5931;khalund;thomas;williams;35;m;b;charlotte;regal estate;6010;28212;ct
A;G004964;5932;khalund;thomas;williams;35;m;b;jacksonville;kathryn;721;28540;ct
A;G004965;5933;brenda;kay;wade;36;f;b;charlotte;cheviott hill;11921;28213;nc
A;G004966;5934;keith;;armstrong;53;m;b;charlotte;carrot patch;9232;28216;nc
A;G004967;5935;latisha;christine;hood;41;f;b;charlotte;oak pasture;4936;28269;
A;G004967;5936;latisha;christine;hood;41;f;b;charlotte;greenhead view;10818;28262;oh
A;G004970;5937;david;jerome;littman;56;m;b;charlotte;westridge;4442;28208;sc
A;G004971;5938;dana;robbins;smith;40;f;w;madison;us 311;3373;27025;sc
A;G004972;5939;sherri;belles;yager;49;f;w;matthews;waybridge;1200;28104;pa
A;G004972;5940;sherri;belles;yager;49;f;w;waxhaw;summit view;1905;28173;pa
A;G004973;5941;antonio;r;sturdivant;28;m;b;spindale;courtland;133;28160;nc
A;G004974;5942;jessica;lanee;bennett;33;f;w;green mountain;griffith branch;558;28740;tn
A;G004974;5943;jessica;lanee bennett;stafford;33;f;w;green mountain;griffith branch;558;28740;tn
A;G004975;5944;rajani;thellapalli;reddy;47;f;a;matthews;candlewood ridge;1626;28105;oc
A;G004976;5945;karen;ann;levantino;49;f;w;charlotte;earlham;8415;28277;ny
A;G004977;5946;vanessa;blise;venning;50;f;b;charlotte;plum creek;10317;28210;ga
A;G004978;5947;lindon;outten;alexander;89;m;w;forest city;mccall;271;28043;va
A;G004979;5948;christopher;bradley;hoyle;33;m;w;chapel hill;morrison dorm;509;27514;sc
A;G004980;5949;sharon;lynn;hayes;47;f;w;charlotte;fisher s farm;6717;28277;nc
A;G004981;5950;christie;peeler;garella;35;f;w;charlotte;chiswick;311;28211;tx
A;G004982;5951;joseph;carthell;burkett;62;m;w;mt gilead;seneca;103;27306;fl
A;G004984;5952;robert;w;proctor;41;m;w;charlotte;ideal;653;28203;nc
A;G004985;5953;leslie;pack;ranken;38;f;w;charlotte;atherton;404;28203;wv
A;G004986;5954;katherine;rachel;stewart;33;f;w;carrboro;hargraves;103;27510;nc
A;G004987;5955;lauren;elizabeth;seeley;36;f;w;charlotte;hackberry creek;6240;28269;ny
A;G004988;5956;wendy;suzanne;franklin;56;f;w;charlotte;dellinger;2420;28269;
A;G004990;5957;shee;yee;yang;33;u;a;mount airy;lebanon;248;27030;oh
A;G004991;5958;eman;mahmud;mahmud;30;f;u;boone;birch;130;28607;ny
A;G004992;5959;ieisha;dequan;simmons;27;f;b;charlotte;bonita vista;6806;28227;tx
A;G004992;5960;ieisha;daquan;simmons;27;f;b;pembroke;university;1;28372;tx
A;G004994;5961;kyerra;myree;gibson;24;f;b;salisbury;strawberry;278;28147;pa
A;G004995;5962;ross;john;macdonald;28;m;w;charlotte;portland rose;6619;28210;nc
A;G004995;5963;ross;john;macdonald;28;m;w;holly springs;landbridge;400;27540;nc
A;G004996;5964;benjamin;james;mcguire;29;m;w;wilmington;suite service lp;5230;28403;
A;G004997;5965;aubrey;jon richard;elam;20;m;w;charlotte;morrowick;5019;28226;
A;G004998;5966;stephanie;boatemaa;ntim;21;f;b;cornelius;pennington;17404;28031;ny
A;G004999;5967;kriti;;yadav;27;f;a;charlotte;bridgehampton club;16206;28277;
A;G005001;5968;alexandre;robert;penegre;25;m;w;charlotte;grove hill;9528;28262;
A;G005001;5969;alexandre;robert;penegre;25;m;w;raleigh;ncsu lee;0;27607;
A;G005002;5970;carmen;grace;harbin;30;f;w;waxhaw;webster;6106;28173;tn
A;G005003;5971;timothy;allen;faugl;30;m;w;charlotte;10th;610;28202;sc
A;G005005;5972;julie;ann;filter;35;f;w;matthews;privett park;1215;28104;pa
A;G005006;5973;rene;elaine;couret;39;f;w;lumberton;15th;406;28358;ca
A;G005006;5974;rene;elaine;couret;39;f;o;raleigh;hills;6204;27609;ca
A;G005007;5975;jesse;nunley;edwards;27;m;w;charlotte;brookrun;1000;28209;dc
A;G005008;5976;perla;samantha;castro;22;f;o;charlotte;waterford lakes;7607;28210;ca
A;G005009;5977;harriet;h;ferguson;71;f;w;charlotte;vescova;5000;28212;
A;G005009;5978;harriet;h;ferguson;72;f;w;charlotte;vescova;5000;28212;sc
A;G005010;5979;teresa;j;jaynes;66;f;w;charlotte;nassau;1627;28205;
A;G005011;5980;suzann;marie;alt;61;f;w;matthews;vickie;1219;28104;oh
A;G005012;5981;barbara;combs;nowlan;58;u;u;locust;merrifield;112;28097;
A;G005012;5982;barbara;combs;nowlan;58;f;w;indian trail;frost;6310;28079;nc
A;G005014;5983;diane;e;hatton;69;f;w;charlotte;waterbrook;10128;28277;
A;G005016;5984;elizabeth;a;upchurch;63;f;w;charlotte;sandridge;700;28210;
A;G005017;5985;john;antonio;marino;74;m;w;indian trail;rogers;5530;28079;wv
A;G005018;5986;ross;fuller;brigman;90;m;u;matthews;fox run;3816;28104;nc
A;G005019;5987;michael;steven;blackwell;57;m;w;raleigh;lake wheeler;7300;27603;pa
A;G005020;5988;william;david;robinson;51;m;b;charlotte;hidden valley;4516;28213;ny
A;G005022;5989;thomas;f;coughlin;61;m;w;charlotte;w s lee;14445;28277;in
A;G005024;5990;robert;;silva;50;m;u;charlotte;lindfield;7928;28227;nc
A;G005025;5991;john;david;leo;97;m;w;matthews;grand provincial;825;28105;ny
A;G005025;5992;john;david;leo;97;m;w;waxhaw;whiskery;2215;28173;ny
A;G005026;5993;carrie;leigh rodman;brondyke;41;f;w;charlotte;tall oaks;6500;28210;il
A;G005027;5994;desmond;francis;goss;32;m;b;charlotte;pennycross;5924;28216;
A;G005027;5995;desmond;francis;goss;32;m;b;charlotte;trade;1005;28202;ny
A;G005029;5996;charles;eric;chandler;43;m;b;matthews;macraes;606;28104;ny
A;G005030;5997;rebecca;lynn;debuhr;42;f;w;charlotte;mallard glen;9801;28262;va
A;G005030;5998;rebecca;debuhr;jones;42;f;w;charlotte;country club;3629;28205;va
A;G005031;5999;janine;marie;kube;56;f;w;charlotte;open field;3330;28226;mi
A;G005031;6000;janine;marie;kube;56;f;w;raleigh;waterford bluff;5931;27612;mi
A;G005032;6001;richard;antonio;wofford;43;m;b;charlotte;moretz;1324;28206;nc
A;G005033;6002;lauren;ann;graham;33;f;w;charlotte;medearis;245;28211;nc
A;G005034;6003;prashant;ravi;rao;41;m;a;waxhaw;woodcliff;717;28173;
A;G005035;6004;jennifer;renee;mcclure;34;f;w;charlotte;kelly;3315;28216;nc
A;G005035;6005;jennifer;mcclure;costanzo;34;f;w;winterville;ashcroft;3929;28590;nc
A;G005036;6006;thuy;bich;tran;34;f;o;charlotte;crestmont;4529;28205;oc
A;G005036;6007;thuy;bich;tran;34;f;a;charlotte;rowe;9112;28278;oc
A;G005037;6008;max;allen;diggs;57;m;w;norwood;doody;428;28128;nc
A;G005037;6009;max;allen;diggs;57;m;w;boone;longview;252;28607;nc
A;G005038;6010;martin;vitaya;mitravijarn;37;m;m;charlotte;lorden;11911;28213;nc
A;G005039;6011;debra;buchanan;gallagher;60;f;w;salisbury;overhill;1102;28144;nc
A;G005040;6012;adam;christopher;allen;32;m;w;charlotte;karen;3030;28205;tx
A;G005042;6013;saulo;richard;guarin;39;m;m;monroe;moravian falls;2200;28110;ny
A;G005043;6014;tamara;martin;bednarik;57;f;w;monroe;white oaks;909;28112;
A;G005044;6015;corinne;eileen;zeller knuth;39;f;w;charlotte;haven;3708;28209;ca
A;G005044;6016;corinne;eileen;zeller;39;f;w;chapel hill;sonoma;125;27516;ca
A;G005045;6017;justin;marshall;mauney;24;m;w;charlotte;providence country club;5804;28277;va
A;G005046;6018;kanvas;leach;brown;48;f;b;greenville;brookwood;98;27858;nc
A;G005046;6019;kanvas;lavonne;leach;48;f;b;cary;holloway;308;27513;nc
A;G005047;6020;yacine;njika;graham;39;f;b;raleigh;meryton park;5341;27616;dc
A;G005048;6021;ricardo;;morales;47;m;o;monroe;nottingham;2737;28110;ny
A;G005049;6022;shardisa;renae;benjamin;24;f;b;new london;rose;36417;28127;nc
A;G005049;6023;shardisa;renae;benjamin;24;u;u;new london;rose;36417;28127;nc
A;G005050;6024;allison;jennifer;young;37;f;w;charlotte;aldershot;4100;28211;nc
A;G005050;6025;allison;jennifer;young;37;f;w;chapel hill;melanie;469;27514;nc
A;G005051;6026;fred;clinton;christon;30;m;b;charlotte;charleston place;1800;28212;nc
A;G005052;6027;davida;dewann;foulks;32;f;b;charlotte;bonroi;4616;28213;nj
A;G005053;6028;seth;webster;stanley;35;m;w;charlotte;alpha mill;210;28206;wv
A;G005054;6029;andrew;edward;bennett;24;m;w;charlotte;mullens ford;4422;28226;nc
A;G005055;6030;john;sutter;curtiss;30;m;w;matthews;elmsford;1416;28105;tx
A;G005055;6031;john;sutter;curtiss;30;u;w;chapel hill;edwards;712;27516;tx
A;G005056;6032;arthur;emil;townend;20;m;w;charlotte;university city;9201;28223;
A;G005057;6033;andrea;renee;smith;32;f;w;charlotte;flint glenn;2131;28262;ga
A;G005058;6034;jarod;nicholaus;haynes;21;m;w;charlotte;university city;9201;28223;
A;G005059;6035;gregory;franklin;abbott;34;m;w;asheboro;sunset;338;27205;nc
A;G005060;6036;molly;elizabeth;east;33;f;w;cornelius;deer valley;19825;28031;nc
A;G005061;6037;michael;richard;krasuski;19;m;w;davidson;ridge;209;28035;nc
A;G005062;6038;anika;ifetayo;bailey;25;f;b;charlotte;modern;7037;28217;ny
A;G005063;6039;nicholas;jacob;brummitt;21;m;w;waxhaw;madeira;1914;28173;
A;G005065;6040;viola;;winecoff;91;f;w;charlotte;winston;1512;28205;
A;G005066;6041;mabelene;d;young;70;u;b;raleigh;primanti;8352;27612;
A;G005067;6042;mary;smutney;queen;38;f;w;charlotte;black sycamore;3943;28226;nc
A;G005068;6043;james;donald;boley;61;m;w;charlotte;larimer;719;28262;fl
A;G005069;6044;alexandra;victoria;belk;35;f;w;boone;oak;276;28607;nc
A;G005072;6045;michael;alan;bode;42;m;w;raleigh;barton oaks;2416;27614;in
A;G005072;6046;michael;alan;bode;42;m;w;raleigh;townfield;13029;27614;in
A;G005073;6047;william;;harrison;38;m;m;raleigh;tony tank;2511;27613;
A;G005074;6048;robert;drew;minton;28;m;w;charlotte;walnut grove;5115;28227;oh
A;G005077;6049;kallie;michelle;jenkins;31;f;w;charlotte;club champion;6903;28227;nv
A;G005078;6050;shane;adrian;lunsford;45;m;w;waxhaw;belvedere;104;28173;nc
A;G005079;6051;takieah;celeste;johnson;35;f;b;wilkesboro;walden point;159;28697;nc
A;G005080;6052;camille;forrester;edwards;60;f;w;marshville;clonnie strawn;910;28103;fl
A;G005080;6053;camille;forrester;edwards;60;f;w;hays;maple grove church;495;28635;fl
A;G005081;6054;kathleen;marie;trzcinski;59;f;w;charlotte;amberglades;11026;28215;nj
A;G005082;6055;mary;katherine;koscielniak;36;f;w;charlotte;mountain point;4712;28216;
A;G005083;6056;isabelle;kelly;voler;24;f;w;charlotte;cameron valley;4923;28210;nc
A;G005084;6057;erika;leaset;toledo;27;f;u;charlotte;university ridge;8002;28213;
A;G005085;6058;zain;;akhter;29;m;a;charlotte;high ridge;4101;28270;in
A;G005087;6059;scott;evan;daniels;28;m;w;matthews;matthews commons;1220;28105;nc
A;G005087;6060;scott;evan;daniels;28;m;w;stanfield;sunset lake;195;28163;nc
A;G005088;6061;james;louis;chavies;67;m;b;salisbury;long;226;28144;ca
A;G005090;6062;brian;anthony;harkins;34;m;w;charlotte;kirkpatrick;5911;28211;mi
A;G005092;6063;franklin;donnelle;bivens;30;m;b;charlotte;stone park;5012;28269;nc
A;G005093;6064;holly;marie;curtis;45;f;w;charlotte;hunters landing;11233;28273;ny
A;G005094;6065;hannah;melissa;forte;27;f;w;charlotte;steelecroft;13435;28278;oh
A;G005095;6066;joseph;morris;salber;20;u;u;wilmington;new centre;5381;28403;fl
A;G005096;6067;molly;elizabeth;sutherland;27;u;u;chapel hill;cameron;427;27516;or
A;G005097;6068;benjamin;james;coleman;33;m;w;charlotte;tremont;125;28203;
A;G005098;6069;michelle;marie;crovo;35;f;w;charlotte;james richard;11848;28277;oh
A;G005099;6070;james;michael;gaul;33;m;w;charlotte;auburndale;5101;28205;
A;G005100;6071;ali;m;elbireer;51;m;b;pineville;agate;12404;28134;oc
A;G005101;6072;demoreo;lamontray;cunningham;30;m;b;henderson;nelson;852;27536;nc
A;G005102;6073;john;richard;ferguson;85;m;w;charlotte;rose meadow;10226;28277;nc
A;G005103;6074;kelli;joan;wofford;24;f;w;charlotte;barnsdale;5529;28227;
A;G005103;6075;kelli;joan;wofford;24;f;w;charlotte;barnsdale;5529;28227;nc
A;G005104;6076;david;taylor;clemmons;35;m;w;wilmington;bonham;825;28403;nc
A;G005105;6077;muhammad;nadeem;khan;56;m;a;cary;terrastone;332;27519;oc
A;G005105;6078;muhammad;nadeem;khan;56;m;a;cary;riva trace;105;27513;oc
A;G005106;6079;carol;etheridge;wilson;79;f;w;rocky mount;weatherstone;63;27804;
A;G005107;6080;yanire;araujo;hands;50;f;o;charlotte;aston mill;2021;28273;ny
A;G005107;6081;yanire;a;araujo;50;f;o;maple hill;padgett;320;28454;ny
A;G005108;6082;stephanie;grace;earl;28;f;w;charlotte;queens;222;28204;
A;G005108;6083;stephanie;grace;earl;28;f;w;monroe;creekwood;3112;28110;nc
A;G005109;6084;hiba tul kareem;;sayed;35;m;a;cary;avenue of the estates;102;27518;oc
A;G005110;6085;rhabiya;alexandria;alhassan;20;f;b;wilmington;seahawk landing;5110;28403;nc
A;G005111;6086;blake;j;richardville;27;m;w;charlotte;trieg;5508;28278;oc
A;G005111;6087;blake;joseph;richardville;27;m;w;raleigh;hegarty;5830;27606;
A;G005112;6088;jamaal;douglas;dunn;39;u;u;charlotte;eastover ridge;3705;28211;
A;G005113;6089;trevonne;andrea;cuffee;32;m;b;charlotte;carradale;6735;28278;
A;G005114;6090;teresa;rene;stewart;41;f;w;charlotte;atkins circle;12827;28277;ca
A;G005115;6091;charles;christopher;pflum;34;m;w;charlotte;creek bend;6100;28277;nc
A;G005116;6092;jamie;lee;mccoy;37;m;w;charlotte;hawk roost;11408;28214;ky
A;G005117;6093;alexander;ivan;krnic;38;m;w;waxhaw;nablus;3116;28173;ct
A;G005118;6094;nicholas;joseph;dugdale;26;m;w;charlotte;cross country;2801;28270;ct
A;G005119;6095;eli;thomas;grimland;31;m;w;charlotte;vagabond;8525;28227;tx
A;G005121;6096;jennifer;jan;flaherty;31;f;w;cary;fifemoor;106;27518;co
A;G005124;6097;david;astor;feigelman;53;m;w;lumberton;vann;4112;28358;ga
A;G005126;6098;stanley;lee;hunter;45;m;b;charlotte;highlake;4625;28215;md
A;G005127;6099;claire;a;dudley;22;f;w;wilmington;racine;313;28403;ut
A;G005128;6100;laurie;;halley;52;f;w;monroe;pumpernickel;6125;28110;ca
A;G005129;6101;asher;corey;coombs;21;m;b;charlotte;buckleigh;2912;28215;nc
A;G005130;6102;dean;marshall;pittman;29;m;w;charlotte;weddington;2512;28204;nc
A;G005131;6103;shamarion;drummer;attaway;29;f;b;charlotte;killarney;2106;28262;nc
A;G005131;6104;shamarion;drummer;attaway;29;f;b;salisbury;henderlite;219;28144;nc
A;G005132;6105;erin;lambeth;peters;48;f;w;spruce pine;deer park lake;2278;28777;nc
A;G005133;6106;breanna;ponzi;linn;27;f;w;charlotte;brookdale;2022;28210;nc
A;G005134;6107;kashley;renee;rishforth;22;f;u;charlotte;beatties ford;100;28216;
A;G005134;6108;kashley;renee;rishforth;22;u;u;charlotte;copper creek;5720;28227;
A;G005135;6109;keosha;monique;williams;26;f;b;raleigh;trassacks;2928;27610;nc
A;G005136;6110;amanda;capps;allen;35;f;w;charlotte;selwyn;3224;28209;va
A;G005137;6111;philip;matthew;daniel;31;m;w;raleigh;crocker;7710;27615;pa
A;G005138;6112;mariagoretti;chidimma;ukattah;30;f;o;chapel hill;raleigh;101;27514;
A;G005139;6113;taylor;michelle;payne;25;f;m;charlotte;fox swamp;8227;28215;nc
A;G005139;6114;taylor;michelle;payne;25;f;m;boone;bodenheimer;536;28607;nc
A;G005140;6115;jeramy;donte;sinclair;37;m;b;charlotte;meadow vista;9161;28213;nc
A;G005141;6116;vida;hong gu;zhao;54;f;a;charlotte;richport;12003;28277;oc
A;G005142;6117;deborah;ann;fisher;36;f;w;raleigh;ncsu alexander;0;27607;md
A;G005143;6118;frances;dwight;faison;71;f;w;charlotte;meadow vista;9117;28213;nc
A;G005144;6119;jerry;l;sadler;73;m;b;charlotte;ramsey;400;28208;
A;G005146;6120;solomon;emeruo;oduh;34;m;b;monroe;lexington;2114;28112;ms
A;G005147;6121;randy;allen;mcelhattan;50;m;w;charlotte;brandie glen;4513;28269;pa
A;G005148;6122;christopher;wess;spaugh;36;m;w;charlotte;palm;2736;28205;nc
A;G005149;6123;ryan;john;schuetz;34;m;w;chapel hill;morrison dorm;156;27514;nd
A;G005150;6124;travoye;maurice;mccray;51;m;b;waxhaw;yellowhorn;7115;28173;ct
A;G005151;6125;daniel;kumar;sircar;28;m;m;charlotte;woody grove;3638;28210;
A;G005152;6126;john;david;wallace;49;m;w;waxhaw;pinetuck;7807;28173;pa
A;G005153;6127;jay;thomas;weigel;60;m;w;matthews;elkins park;8932;28105;in
A;G005154;6128;victoria;;tomeo;29;f;w;charlotte;forty niner;920;28262;ny
A;G005156;6129;jennifer;d;lizotte;47;f;w;raleigh;cardinal grove;5524;27616;nh
A;G005157;6130;randy;lewis;green;41;m;b;jacksonville;casey;103;28540;nc
A;G005158;6131;kevin;lawrence;warner;61;m;b;monroe;dairy farm;3028;28110;ny
A;G005159;6132;phillip;weaver;henderson;39;m;w;cary;audubon parc;1817;27518;oh
A;G005160;6133;jennifer;lynn;myers;40;f;w;huntersville;pinnacle cross;8920;28078;wi
A;G005161;6134;christopher;donald;thomas;47;m;w;charlotte;coulwood;626;28214;ga
A;G005162;6135;detrick;jermaine;daniel;37;m;b;raleigh;flavion;705;27608;nc
A;G005163;6136;crystal;jule;satterwhite;36;f;b;charlotte;mill cove;3528;28262;
A;G005164;6137;joanna;nethery;burns;32;f;w;charlotte;cooper;309;28210;nc
A;G005164;6138;joanna;paige;nethery;32;f;w;wilmington;new centre;5388;28403;nc
A;G005165;6139;tamiah;savon;davis;24;f;b;charlotte;beatties ford;100;28216;
A;G005166;6140;lauren;m;staley watts;33;f;w;charlotte;shenington;9210;28216;nc
A;G005167;6141;clint;andrew;lewellyn;34;m;w;huntersville;stillbrook bend;7417;28078;ok
A;G005169;6142;robert;michael;wint;57;m;w;charlotte;kilberry;6705;28277;pa
A;G005170;6143;taylor;nicole;eagerton;28;f;w;cary;audubon parc;1303;27518;sc
A;G005171;6144;sean;christopher;radler;30;m;w;raleigh;pilots view;8413;27617;mi
A;G005172;6145;lauren;claire;baker;22;f;w;charlotte;pergola view;10062;28213;nc
A;G005175;6146;cameron;michael;hryb;20;m;w;charlotte;university city;9201;28223;nc
A;G005176;6147;catherine;retha;whitney;29;f;w;monroe;winburn;214;28112;oh
A;G005177;6148;lauren;gray;varner;36;f;w;charlotte;mountainbrook;3401;28210;nc
A;G005178;6149;ginny;johnson;lewis;27;f;w;charlotte;saxonbury;4326;28269;nc
A;G005178;6150;ginny;paige;johnson;27;f;w;asheboro;westmont;749;27205;nc
A;G005179;6151;timothy;edward;hudome;18;m;w;matthews;tensing;2522;28105;nc
A;G005180;6152;charlie;ashton;cox;24;m;w;goldsboro;falling creek church;546;27530;nc
A;G005180;6153;charlie;a;cox;24;m;w;goldsboro;falling creek church;546;27530;nc
A;G005181;6154;brandy;alise;ross;33;f;b;charlotte;swank;8411;28216;nc
A;G005182;6155;christopher;scott;broach;46;m;w;monroe;jones;619;28110;tx
A;G005182;6156;christopher;scott;broach;46;m;w;waxhaw;rehobeth;5618;28173;tx
A;G005183;6157;ryan;william;pickett;31;m;w;matthews;laurel fork;801;28105;nc
A;G005184;6158;joycelyn;nichole;bailey;35;f;b;charlotte;ebbets;10405;28273;pa
A;G005185;6159;andrew;fetzer;hopkins;48;m;w;charlotte;dusty saddle;6733;28277;md
A;G005186;6160;william;clifford;coley;42;m;w;charlotte;water oak;4333;28211;nc
A;G005187;6161;nadia;monique;burris;31;f;b;raleigh;daybrook;6200;27606;nc
A;G005188;6162;brittany;lynn;banik;29;f;w;charlotte;westmill;17402;28277;az
A;G005189;6163;khari;edward;smith;40;m;b;waxhaw;monarda;2113;28173;wa
A;G005190;6164;ronald;jason;wheeler;40;m;m;rockingham;ravenwood;101;28379;nc
A;G005190;6165;ronald;jason;wheeler;40;m;w;salisbury;richard;1011;28144;nc
A;G005191;6166;robert;cole;roe;29;m;w;charlotte;vinca;9618;28213;sc
A;G005191;6167;robert;cole;roe;29;m;w;cary;cove creek;201;27519;sc
A;G005192;6168;debra;lisa;bloom;58;f;w;charlotte;leaves;7034;28213;ny
A;G005193;6169;matthew;everett;lee;27;m;w;charlotte;shore;3551;28277;nc
A;G005193;6170;matthew;everett;lee;27;m;w;charlotte;modern;6915;28217;nc
A;G005194;6171;kristen;mcculloch;martin;37;f;w;charlotte;lilac;1118;28209;wv
A;G005195;6172;eric;michael;metcalf;34;m;w;huntersville;carlos;105;28078;nc
A;G005195;6173;eric;michael;metcalf;34;m;w;rockingham;everett;206;28379;nc
A;G005196;6174;carol;godfrey;blake;82;f;w;charlotte;prosperity church;5101;28269;sc
A;G005198;6175;gloria;breeden;graves;65;f;b;charlotte;rocky spring;7220;28262;nc
A;G005199;6176;shari;ann;kissinger;52;f;w;indian trail;blue stream;11007;28079;mi
A;G005200;6177;kathleen;megan;ratchford;35;f;w;boone;hillside;161;28607;fl
A;G005201;6178;samantha;mcrobert colosi;edwards;47;f;w;raleigh;ashley;2512;27607;dc
A;G005202;6179;michael;leon;bryant;49;m;b;charlotte;derry;10709;28262;dc
A;G005203;6180;craig;andrew;leffew;37;m;w;charlotte;windshire;3215;28273;in
A;G005204;6181;joshua;foretich;colenda;26;m;w;boone;meadowview;521;28607;
A;G005205;6182;adam;abdelaal;elmehrath;28;m;o;charlotte;university city;9234;28213;nj
A;G005206;6183;elwood;dean;stanton;96;m;w;charlotte;delane;1421;28211;pa
A;G005207;6184;douglas;chad;mcduffie;29;m;b;raleigh;foxtrot;2317;27610;
A;G005208;6185;elijah;rahim;mills;20;m;m;charlotte;wendover;630;28211;nc
A;G005209;6186;ashley;nicole;meissner;20;f;w;charlotte;university city;9201;28223;
A;G005210;6187;naeem;;ashraf;49;m;a;charlotte;adlin;10520;28262;
A;G005211;6188;benjamin;wallace;gwathmey;31;m;w;monroe;franklin;808;28112;va
A;G005212;6189;larissa;;cambel;28;f;m;boone;fallview;714;28607;
A;G005213;6190;patrick;sean;nally;31;m;w;charlotte;lombardy;2117;28203;va
A;G005214;6191;frederick;leroy;parker;41;m;b;charlotte;rowan;842;28208;ny
A;G005215;6192;martha;mallory;clay;33;f;w;apex;ironcreek;328;27539;va
A;G005216;6193;baker;brown;forbes;29;f;w;blowing rock;forbes;162;28605;al
A;G005217;6194;branden;montrell;lee;28;m;b;charlotte;chasewood;1616;28212;
A;G005218;6195;elisabeth;f;ward;29;f;w;charlotte;university city;9201;28223;nc
A;G005218;6196;elisabeth;forrest;ward;29;f;w;raleigh;princeton mill;3310;27612;nc
A;G005219;6197;anne;murchison;williams;36;f;w;wilmington;brookhaven;1944;28403;nc
A;G005219;6198;anne;sterling;murchison;36;f;w;wilmington;columbia;2826;28403;nc
A;G005220;6199;lesley;ann;tait;62;f;w;charlotte;merion hills;2630;28269;oc
A;G005221;6200;elizabeth;shaw;murray;33;f;w;charlotte;kings canyon;9116;28210;nc
A;G005222;6201;jason;stuart;lubeznik;33;m;w;boone;eggers dorm;0;28608;va
A;G005223;6202;laura;beth;walters;32;f;w;charlotte;silver birch;3043;28269;
A;G005224;6203;paula;nance;sanders;49;f;w;charlotte;redfield;2843;28270;nc
A;G005225;6204;devki;gharpure;wright;33;f;o;charlotte;seneca;1221;28210;oc
A;G005227;6205;deshaun;alfonce;colomb;28;m;w;salisbury;innes;3185;28144;ct
A;G005228;6206;adam;christopher;young;33;m;w;charlotte;dominion crest;9732;28269;ak
A;G005229;6207;carsi;;tong;26;f;a;huntersville;cleveleys;16023;28078;nc
A;G005230;6208;anita;sue;brandau;51;f;i;charlotte;santa lucia;14823;28277;nc
A;G005231;6209;sara;;guastaferro;36;u;u;apex;placid creek;205;27539;
A;G005232;6210;rex;carl;gundle;57;m;u;lake lure;mcowenben;573;28746;
A;G005233;6211;douglas;mclean;mcgarry;29;m;o;charlotte;doncaster;5310;28211;nc
A;G005234;6212;leslie;anne;pepper;33;f;w;charlotte;red crest;10210;28262;sc
A;G005235;6213;jamie;jesalva;barlaan;29;f;a;indian trail;covey;9620;28079;il
A;G005235;6214;jamie;barlan;stepanek;29;f;a;monroe;fort manden;2007;28110;il
A;G005238;6215;veronica;antoinette;burkhart;22;f;w;chapel hill;hillsborough;109;27514;va
A;G005239;6216;john;james;lanze;56;m;w;cary;hampton valley;1313;27511;ny
A;G005240;6217;charles;;mandizha;47;m;b;charlotte;king louis;15638;28277;
A;G005241;6218;daniel;christian;everhart;32;m;w;asheboro;anchor;176;27205;nc
A;G005242;6219;stephen;mccrae;sloan;29;m;w;huntersville;whispering meadows;9615;28078;nc
A;G005243;6220;ana;;townsend;34;f;w;charlotte;long hill;9746;28214;nc
A;G005244;6221;matthew;alan;carslaw;31;m;w;charlotte;hawthorne;808;28204;oc
A;G005245;6222;christopher;michael;elsaesser;33;m;w;spruce pine;biggerstaff;569;28777;nc
A;G005246;6223;wesley;edwin;pipes;36;m;w;bakersville;stagger weed;273;28705;il
A;G005247;6224;undre;dajuan;ross;45;m;b;candor;dry creek;746;27229;nj
A;G005248;6225;colleen;suzanne;clark;54;f;w;troy;hollyberry;136;27371;ga
A;G005249;6226;jennifer;brown;hare;57;f;w;troy;floyd farm;569;27371;nc
A;G005250;6227;henry;nicholas;mcgovern;64;m;w;asheboro;kingsway;16;27203;de
A;G005251;6228;steven;gene;lamonds;45;m;w;star;railyard;239;27356;nc
A;G005252;6229;marvin;lee;bennett;64;m;a;mt gilead;larboard;126;27306;nc
A;G005252;6230;marvin;lee;bennett;64;m;a;rockingham;garrett;144;28379;nc
A;G005253;6231;casandra;devondra;bennett;19;f;b;mt gilead;haywood;307;27306;nc
A;G005254;6232;vincient;latyron;scott;43;m;b;rockingham;greenridge;206;28379;nc
A;G005255;6233;patricia;mauldin;mccormick;67;f;w;troy;crouch;641;27371;nc
A;G005256;6234;laura;jane;luther;64;f;w;candor;sutton;126;27229;nc
A;G005257;6235;faye;ann;dye;53;f;b;raleigh;hollowell;4712;27604;
A;G005258;6236;chelsea;deanne;bowden;28;f;b;mt gilead;stanback;321;27306;nc
A;G005259;6237;sylvia;rouse;sain;74;f;w;wilmington;harbour;1152;28401;nc
A;G005260;6238;keith;joseph;adams;33;m;b;randleman;providence church;461;27317;ny
A;G005261;6239;leslie;biddie;bromfield;81;m;w;monroe;granville;2343;28110;oc
A;G005262;6240;james;allen;davis;65;m;w;mt gilead;roberts ridge;168;27306;
A;G005262;6241;james;allen;davis;65;m;w;monroe;franklin;802;28112;nc
A;G005263;6242;tyler;warren;brock;27;m;w;liberty;sandy creek church;4736;27298;nc
A;G005263;6243;tyler;warren;brock;27;m;w;asheboro;charles;223;27205;
A;G005264;6244;allison;leigh;lemonds;28;f;w;ellerbe;wallace;233;28338;
A;G005265;6245;marvin;glenn;bell;79;m;b;jackson springs;light house church;267;27281;tx
A;G005266;6246;see;;vang;31;f;a;albemarle;carolyn;1193;28001;nc
A;G005267;6247;bobbie;nunley;johnson;51;f;w;goldsboro;linen;305;27530;nc
A;G005268;6248;timothy;randall;nichols;33;m;w;robbins;cedar hill;2035;27325;nc
A;G005269;6249;carol;ann;gird;68;f;w;southern pines;haldane;205;28387;ny
A;G005270;6250;ann;marie;eggleston;72;f;w;seven lakes;josephs;108;27376;mn
A;G005271;6251;moeina;rachelle;green;23;f;b;jackson springs;hoffman;1607;27281;nc
A;G005271;6252;moeina;rachelle;green;23;f;b;ellerbe;nc 73;334;28338;nc
A;G005272;6253;mary;doris;murchison;57;f;b;southern pines;mechanic;837;28387;nc
A;G005273;6254;christopher;wayne;jackson;46;m;w;farmville;horne;4017;27828;nc
A;G005274;6255;cassandra;lashawn;williams;38;f;u;vass;allyson;3;28394;
A;G005275;6256;jodi;sibulkin;smith;44;f;w;aberdeen;natures;135;28315;ma
A;G005276;6257;donnie;edward;shaffer;42;m;w;chapel hill;nc hwy 54;1105;27516;nc
A;G005277;6258;kevin;christopher;atwell;36;m;w;foxfire village;foxfire;17;27281;nc
A;G005278;6259;janna;wiliams;kennedy;30;f;w;eagle springs;ernest;116;27242;nc
A;G005278;6260;janna;williams;kennedy;30;f;w;wilson;old dam;3602;27893;nc
A;G005279;6261;ray;thomas;mahon;67;m;w;seven lakes;morris;105;27376;pa
A;G005279;6262;ray;t;mahon;67;m;w;knightdale;willow ridge;902;27545;pa
A;G005280;6263;harriett;yvette;johnson;45;f;b;raleigh;lenoxplace;225;27603;nc
A;G005281;6264;deeca;donee;miller;47;u;u;southern pines;murray hill;135;28387;
A;G005282;6265;shannon;elizabeth;orwin;49;f;w;whispering pines;pine ridge;31;28327;va
A;G005283;6266;meredith;rochelle;roberts;45;f;w;pinehurst;quail;125;28374;nc
A;G005283;6267;meredith;rochelle;roberts;45;f;w;wilmington;portofino;3808;28412;nc
A;G005284;6268;anthony;neil;garner;40;m;w;wilmington;chattooga place;520;28412;nc
A;G005284;6269;anthony;neil;garner;40;m;w;greenville;3rd;804;27858;nc
A;G005285;6270;cheanna;yachica;person;34;f;b;eagle springs;nc hwy 705;9627;27242;nc
A;G005286;6271;denise;jolynn;rivers;63;f;b;carthage;grady w;190;28327;ne
A;G005286;6272;denise;stephens;rivers;63;f;b;carthage;grady w;190;28327;ne
A;G005287;6273;carmen;;villaronga;55;f;w;wagram;lovegrass;15940;28396;fl
A;G005288;6274;broadus;michael;riggins;58;u;u;pinehurst;monticello;716;28374;
A;G005289;6275;jeremiah;alexander;rickman;31;m;w;southern pines;ashe;195;28387;nc
A;G005290;6276;anita;rochelle;deegan;75;f;w;aberdeen;lighthorse;430;28315;nj
A;G005291;6277;robin;culler;cunningham;56;f;w;robbins;elm;231;27325;nc
A;G005291;6278;robin;culler;cunningham;56;f;w;franklinville;walker store;3205;27248;nc
A;G005292;6279;sydney;sharon;brown;84;f;w;southern pines;garden villa;46;28387;il
A;G005293;6280;britney;shawn;elliott;36;f;w;greenville;3rd;804;27858;wa
A;G005295;6281;nicholas;eugene;mcneill;39;m;w;pinebluff;boston;485;28373;il
A;G005296;6282;christine;marie;jones;36;f;b;hoffman;perkins;148;28347;nc
A;G005297;6283;jarvis;raynor;ferguson;36;m;b;hoffman;us 1;4062;28347;ny
A;G005298;6284;caroline;leeanne;gallagher;28;f;w;southern pines;may;605;28387;nc
A;G005299;6285;danielle;erin;knutson;29;f;w;pinehurst;scioto;39;28374;sd
A;G005301;6286;beverly;zhalontay;butler;40;f;b;carthage;fire tower;1820;28327;nc
A;G005302;6287;tara;shenell;thompson;33;f;b;robbins;frieson;195;27325;
A;G005303;6288;hannah;noelle;bethune;29;f;w;wilmington;carleton;5006;28403;nc
A;G005305;6289;joshua;casey;key;32;m;w;southern pines;indiana;2475;28387;nc
A;G005306;6290;katannya;;ashlie;64;f;w;southern pines;illinois;365;28387;mn
A;G005306;6291;katannya;;patterson;64;f;w;cary;harbor creek;225;27511;mn
A;G005307;6292;arthur;william;huey;30;m;w;pinehurst;diamondhead;70;28374;wi
A;G005308;6293;john;jacob;heckman;83;m;w;pinehurst;lake forest;120;28374;pa
A;G005308;6294;john;jacob;heckman;83;m;w;apex;greymoss;5252;27539;pa
A;G005309;6295;amanda;leagh;wesolowski;33;f;w;seagrove;mack;804;27341;nc
A;G005310;6296;james;lee;wilkinson;53;m;w;pinehurst;beasley;18;28374;oh
A;G005311;6297;hattie;lee;hammonds;42;f;b;greenville;boardwalk;3175;27834;nc
A;G005311;6298;hattie;;hammonds;42;f;u;cary;lakeside lofts;2110;27513;
A;G005312;6299;jean;s;hill;70;f;w;rockingham;fairway;112;28379;nc
A;G005313;6300;leah;kristin;beers;21;f;w;pinehurst;troy;1;28374;ny
A;G005314;6301;deirdre;anne;donoghue;55;f;w;whispering pines;lakeshore;90;28327;ny
A;G005314;6302;deirdre;a;donoghue;55;f;w;raleigh;cart track;7712;27615;ny
A;G005316;6303;theresa;nelson;rogers;51;f;w;southern pines;national;176;28387;il
A;G005317;6304;kevin;kayron;riley;28;m;b;sharpsburg;dawes;132;27878;nj
A;G005317;6305;kevin;kayron;riley;28;m;b;sharpsburg;dawes;132;27878;nj
A;G005318;6306;nakisha;michelle;lindsey;39;f;b;garysburg;alston;63;27831;nc
A;G005318;6307;nakisha;michelle;lindsey;39;f;b;seaboard;kennedy;306;27876;nc
A;G005319;6308;matthew;charles;kannan;33;m;w;nashville;benton;3099;27856;nc
A;G005319;6309;matthew;charles;kannan;33;m;w;wilmington;college;4804;28412;nc
A;G005320;6310;jessica;marie;joyner;32;f;w;rocky mount;audubon;1757;27804;nc
A;G005320;6311;jessica;marie;joyner;32;f;w;zebulon;derby;511;27597;nc
A;G005321;6312;therese;madeleine;finn;67;f;w;rocky mount;woods walk;609;27804;nh
A;G005321;6313;therese;madeleine;finn;67;f;w;washington;cedar;403;27889;nh
A;G005322;6314;gerald;;williams;39;m;b;nashville;castalia;4006;27856;nc
A;G005322;6315;gerald;;williams;39;m;b;nashville;castalia;4505;27856;nc
A;G005323;6316;christopher;timothy;watson;27;m;w;rocky mount;browntown;3813;27804;nc
A;G005323;6317;christopher;timothy;watson;27;m;w;rocky mount;crosswinds;4009;27803;nc
A;G005324;6318;yul;;wells;57;m;b;goldsboro;alabama;106;27530;ny
A;G005325;6319;essence;t;henderson;24;f;b;rocky mount;tower;225;27804;
A;G005325;6320;essence;tikeria;henderson;24;f;b;chapel hill;baity hill;1800;27514;nc
A;G005326;6321;dorcas;;foy;69;m;o;zebulon;staghound;10764;27597;oc
A;G005328;6322;nathan;charles;webb;37;m;w;wake forest;silent brook;1317;27587;tx
A;G005329;6323;natasha;sharie;bulluck;35;f;b;rocky mount;huffines;1427;27804;nc
A;G005329;6324;natasha;sharie;bulluck;35;f;b;battleboro;kims;6213;27809;nc
A;G005330;6325;deborah;delores;kirby;59;f;b;nashville;taylors store;1066;27856;nc
A;G005330;6326;deborah;delois;harrison;59;f;b;nashville;taylors store;1066;27856;
A;G005331;6327;margaret;brittany;stone pruitt;32;f;w;wilson;nc 97;1132;27896;
A;G005331;6328;margaret;brittany;stone;32;f;w;middlesex;denton;4800;27557;nc
A;G005331;6329;margaret;brittany;stone pruitt;32;f;w;greenville;ellsworth;3357;27834;nc
A;G005332;6330;ervin;lee;norville;69;m;w;greenville;foxberry;106;27858;nc
A;G005333;6331;dorothy;smith;whitehead;88;f;w;greenville;bluebill;4105;27858;nc
A;G005334;6332;jackson;powell;russell;25;m;u;raleigh;friendly;111;27607;
A;G005335;6333;candace;bianca;planas;33;f;m;middlesex;mullen;4890;27557;oc
A;G005335;6334;candace;bianca;planas;33;f;m;knightdale;queens carriage;1004;27545;oc
A;G005336;6335;anna;marie;davis;27;f;w;middlesex;burgess;10331;27557;nc
A;G005337;6336;john;robert;booker;34;m;w;greenville;fire tower;1223;27858;nc
A;G005338;6337;amber;kay;perry;34;f;w;spring hope;green;1658;27882;nc
A;G005339;6338;melinda;faye;perry;39;f;w;nashville;pleasant hollow;1907;27856;nc
A;G005340;6339;tamara;;gaer erichsen;66;f;w;rocky mount;winstead;2417;27804;pa
A;G005341;6340;eric;soloman;davis;30;m;i;castalia;red bud;16887;27816;nc
A;G005342;6341;ethel;allen;battle;81;f;b;wilson;wimbledon;4823;27896;nc
A;G005342;6342;ethel;allen;battle;81;f;b;wilson;cypress;4107;27896;nc
A;G005343;6343;robert;lee;harris;60;u;u;raleigh;middle oaks;4232;27616;
A;G005344;6344;aaron;lawrence;crisafulli;33;m;w;apex;riley oaks;109;27539;nc
A;G005345;6345;susan;johnson;porch;60;f;w;gaston;craige;320;27832;pa
A;G005346;6346;michael;ward;mewborn;37;m;w;swansboro;canoe;403;28584;nc
A;G005346;6347;michael;ward;mewborn;37;m;w;winterville;frog level;4323;28590;nc
A;G005347;6348;kane;mackenzie;cerny;31;m;w;rocky mount;dove;2323;27804;oh
A;G005348;6349;lauren;dianne;knight;27;f;w;rocky mount;woodlawn;3209;27804;nc
A;G005349;6350;willis;;silver;43;m;b;apex;akebia;3012;27539;oc
A;G005350;6351;alicyn;grace;wiedrich;29;f;w;rocky mount;clifton;230;27804;oh
A;G005351;6352;william;murphy;bryan;37;m;w;sugar grove;watauga river;2500;28679;nc
A;G005352;6353;emily;joyce;lemus;33;f;w;rocky mount;mashie;104;27804;nc
A;G005353;6354;safa;basem;hadi;32;f;m;rocky mount;spring forest;1001;27803;nc
A;G005354;6355;drew;jordan;williams;30;m;w;rocky mount;gravely;212;27804;nc
A;G005355;6356;alonza;thomas;redd;68;m;w;middlesex;stewart;11567;27557;nc
A;G005356;6357;lisa;jeanette;price;54;f;w;middlesex;beaver dam;9652;27557;nc
A;G005357;6358;james;trevor;atwell;49;m;w;saratoga;shackleford;7201;27873;tn
A;G005358;6359;rodell;austin;spake;53;m;w;rocky mount;tyson;106;27804;ak
A;G005359;6360;linda;faye;arrington;43;f;b;rocky mount;meredith;109;27804;
A;G005360;6361;jangi;jasmine;hamby;26;f;b;rocky mount;deerchase;1129;27804;nc
A;G005361;6362;albert;patrick;nucciarone;67;m;u;rocky mount;pelham;2820;27804;
A;G005362;6363;brenda;r;le;50;f;w;wendell;outrigger;7153;27591;va
A;G005363;6364;lynn;turner;lee;58;f;w;wilson;runnymeade;2414;27896;sc
A;G005364;6365;thomas;christopher;dickens;35;m;w;raleigh;barrymore;3020;27603;fl
A;G005365;6366;robin;michelle;cooper;27;f;b;rocky mount;sled;452;27803;md
A;G005366;6367;james;todd;sutton;59;m;w;rocky mount;hearthstone;108;27803;mi
A;G005367;6368;lindsey;elaine;gentle;31;f;w;zebulon;driver;8383;27597;tx
A;G005368;6369;rhonda;gray hardee;jenkins;43;f;w;rocky mount;overton;1612;27804;nc
A;G005369;6370;amy;smith;williams;43;f;w;elm city;golden pond;6129;27822;nc
A;G005370;6371;elise;yvonne;hafiz;81;f;w;rocky mount;jasmine;1108;27804;ny
A;G005370;6372;elise;yvonne;hafiz;81;f;w;asheboro;lake;747;27205;ny
A;G005371;6373;hugh;timothy;brinn;34;m;w;rocky mount;acorn ridge;1803;27804;tx
A;G005372;6374;lori;beth;davis;35;f;w;rocky mount;dortches;5998;27804;nc
A;G005373;6375;alexis;lauren;parry;25;f;w;middlesex;village square;11439;27557;nc
A;G005374;6376;matt;evan;gross;52;m;w;raleigh;blossom hill;4345;27613;pa
A;G005375;6377;harold;dempsey;battle;63;m;i;greenville;memorial;2521;27834;nc
A;G005376;6378;stephen;craig;mullen;67;m;w;rocky mount;nc 97;11580;27803;nc
A;G005377;6379;kenneth;douglas;davidson;51;m;w;sims;old smithfield;15821;27880;ga
A;G005378;6380;donnie;eugene;clark;44;m;w;washington;voice of america;2430;27889;nc
A;G005379;6381;crystal;shauntel;mills;34;f;b;rocky mount;mayfair;608;27803;nc
A;G005380;6382;eric;johnson;batchelor;51;m;w;rocky mount;waterloo;1248;27804;nc
A;G005380;6383;eric;johnson;batchelor;51;m;w;rocky mount;waterloo;1248;27804;nc
A;G005381;6384;george;marshall;jerman;36;u;b;seaboard;main;114;27876;
A;G005381;6385;george;marshall;jerman;36;m;b;elizabeth city;ecsu;0;27909;
A;G005382;6386;torian;jabari;saunders;19;m;b;rocky mount;burnt mill;1708;27804;nc
A;G005383;6387;barbara;;arrington wright;77;f;b;whitakers;south;12635;27891;nc
A;G005384;6388;carrie;wilbur;hoyle;44;f;w;nashville;nc 58;6059;27856;va
A;G005385;6389;annette;wright;stallings;54;f;w;middlesex;old middlesex;9731;27557;
A;G005386;6390;steven;michael;bateman;23;m;w;greenville;10th;3281;27858;nc
A;G005387;6391;ashley;ann;atkinson;33;f;w;littleton;eaton ferry;1831;27850;ny
A;G005388;6392;amy;elizabeth;piner;38;f;w;wilmington;breezewood;4105;28412;nc
A;G005390;6393;betty;newman;carver;81;f;w;rocky point;nc hwy 210;18130;28457;sc
A;G005391;6394;tony;matthew;burnett millage;34;m;w;cary;foliage;201;27518;il
A;G005392;6395;michael;grant;white;67;m;w;holly ridge;north new river;2014;28445;nc
A;G005393;6396;vincent;oliver;burgess;46;m;w;wrightsville beach;channel;104;28480;nc
A;G005393;6397;vincent;oliver;burgess;46;m;w;white lake;white lake;688;28337;nc
A;G005394;6398;marcus;weston;dellinger;23;u;u;wilmington;kerr;522;28403;
A;G005395;6399;julienne;frances;tribbitt;31;f;a;wilmington;amaryllis;115;28411;oc
A;G005395;6400;julienne;frances;tribbitt;31;f;a;wilmington;amaryllis;115;28411;oc
A;G005396;6401;justin;dale;mcclenny;28;m;w;wilmington;thursley;4217;28412;nc
A;G005397;6402;nicholas;gregory;gianoplus;20;u;u;raleigh;hillsborough;1301;27605;
A;G005398;6403;aaron;donald;damon;33;m;w;wilmington;bloomington;231;28411;va
A;G005398;6404;aaron;donald;damon;33;m;w;wilmington;eastwood;1800;28403;va
A;G005399;6405;douglas;raymond;cressy;69;m;w;wilmington;kenningston;1005;28405;ny
A;G005400;6406;william;anthony;ballatore;50;m;w;wilmington;wine cellar;882;28411;ny
A;G005401;6407;rebekah;avery;scales;30;f;w;cary;balwins gate;10133;27511;ar
A;G005402;6408;jonathan;r;counts;35;m;w;wilmington;sun coast;5200;28411;oh
A;G005403;6409;jessica;leigh;desnoyers;34;f;w;wilmington;crosswinds;5032;28409;ny
A;G005403;6410;jessica;desnoyers;farrell;34;f;w;apex;handel;807;27502;ny
A;G005404;6411;kelli;elizabeth;kiger;35;f;w;wilmington;wrightsville;6239;28403;nc
A;G005405;6412;harrison;john;fandl;24;m;w;wilmington;community;920;28403;
A;G005406;6413;elizabeth;english;taylor;58;f;w;wilmington;parkview;1428;28405;nc
A;G005407;6414;corey;devon;sutton;40;m;b;raleigh;hollenden;4911;27616;
A;G005407;6415;corey;devon;sutton;40;m;b;raleigh;brentwood;3827;27604;nc
A;G005408;6416;jonathan;brian;hunter;42;m;w;wilmington;northchase;2620;28405;nc
A;G005409;6417;timothy;michael;pirkey;46;m;w;wilmington;steele;576;28411;az
A;G005410;6418;kevin;thomas;harrell;22;u;u;wilmington;college acres;4854;28403;
A;G005411;6419;meghan;lynsi;smith;26;f;u;wilmington;buckhurst;314;28411;nc
A;G005412;6420;sebastian;george;woodlock;19;m;w;goldsboro;beech;1503;27530;nc
A;G005413;6421;shirley;richard;trobaugh;41;f;w;wilmington;woodburn;1200;28411;nc
A;G005414;6422;geraldine;moore;tobias;77;f;b;wilmington;kenningston;902;28405;nc
A;G005415;6423;oliver;bryan;morant;31;m;b;wilmington;kornegay;1406;28405;nc
A;G005415;6424;oliver;bryan;morant;31;m;b;greenville;university suites;2233;27834;nc
A;G005416;6425;misty;lynn;mills;43;f;w;ayden;marvin taylor;4940;28513;nc
A;G005416;6426;misty;mills;pellington;43;f;w;winterville;crimson;327;28590;nc
A;G005417;6427;mary madeline;daniel;woodard;27;f;w;castle hayne;saddlebrook;4215;28429;nc
A;G005418;6428;samuel;thomas;bateman;45;m;w;wilmington;hearthside;4116;28412;pa
A;G005418;6429;samuel;thomas;bateman;45;m;w;plymouth;white oak;624;27962;pa
A;G005419;6430;brent;wayne;mcghee;37;m;w;wilmington;carolina beach;6748;28412;
A;G005419;6431;brent;wayne;mcghee;37;m;w;wilmington;tahoe;417;28412;nc
A;G005420;6432;allyson;terese;mazzocco;28;f;w;wilmington;inland greens;5935;28405;ny
A;G005421;6433;heather;m;eck;43;f;w;wilmington;patrick;4614;28403;
A;G005422;6434;brendan;seamus;mcgarry;37;m;w;wilmington;long leaf hills;4720;28409;vt
A;G005422;6435;brendan;seamus;mcgarry;37;m;w;wilmington;long leaf hills;4720;28409;vt
A;G005424;6436;sandra;dianne curry;smith;51;f;w;ronda;luffman;787;28670;nc
A;G005425;6437;elizabeth;susan;inman;29;u;w;lumberton;yorkshire;604;28358;
A;G005426;6438;debra;gardner;statum;45;f;b;wilmington;10th;607;28401;ga
A;G005426;6439;debra;ann;statum;45;f;b;wilmington;10th;607;28401;
A;G005427;6440;thomas;edward;brennan;34;m;w;wilmington;deacon;6913;28411;nj
A;G005427;6441;thomas;edward;brennan;34;m;w;wilmington;masonboro loop;4300;28409;nj
A;G005428;6442;kimberly;michelle;bishop losano;45;f;w;rocky point;turkey creek;391;28457;hi
A;G005429;6443;elizabeth;frances;edwards;84;f;w;wilmington;blue heron;8231;28411;oc
A;G005430;6444;leah;marina;davis;27;f;w;apex;saunders;217;27502;nc
A;G005431;6445;kayla;renee;cox;26;f;w;archdale;lake;319;27263;ak
A;G005432;6446;elissa;anne;walker;27;f;w;wilmington;darlington;337;28403;ny
A;G005433;6447;richard;james;lynch;96;m;w;wilmington;blue heron;8117;28411;nj
A;G005434;6448;rachel;leigh ann;dickerson;32;f;w;wilmington;17th;2716;28412;
A;G005434;6449;rachel;leigh ann;dickerson;32;f;w;wilmington;saint andrews;826;28412;wv
A;G005435;6450;megan;brooke;kennedy;32;f;w;wilmington;wagon;1433;28412;nc
A;G005435;6451;megan;brooke;kennedy;32;f;w;wilmington;wagon;1433;28412;nc
A;G005436;6452;cameron;russell;benton;26;m;w;hampstead;lands end;104;28443;nc
A;G005437;6453;lorelei;briana;dinger;24;u;u;wilmington;walton;1123;28403;md
A;G005437;6454;lorelei;briana;dinger;24;u;u;wilmington;walton;1123;28403;md
A;G005438;6455;sarah;hinson;wright;41;u;u;wilmington;saint andrews;812;28412;
A;G005438;6456;sarah;hinson;wright;41;f;w;wilmington;garrison;802;28411;nc
A;G005439;6457;phyllis;thompson;yow;70;f;w;wilmington;jamaica;105;28401;nc
A;G005440;6458;samuel;kenneth;jolly;63;m;w;hampstead;middle point;107;28443;nc
A;G005441;6459;benjamin;beck;allen;45;m;w;burgaw;horseshoe;30;28425;nc
A;G005442;6460;tammy;seaman;greene;44;f;w;wilmington;edwards;117;28405;nc
A;G005443;6461;patrick;carter;ledbetter;28;m;w;wilmington;ingleside;6246;28409;nc
A;G005443;6462;patrick;carter;ledbetter;28;m;w;greenville;fleming hall;151;27858;nc
A;G005444;6463;rebecca;dubay;thompson;54;f;w;wilmington;blue tick;1611;28411;me
A;G005445;6464;william;l;penninger;39;m;w;raleigh;fern forest;121;27603;nc
A;G005446;6465;felicia;jamara;lynch;29;f;b;wilmington;wilderness;4925;28412;
A;G005446;6466;felicia;jamara;lynch;29;u;u;morrisville;carrington park;1101;27560;nc
A;G005447;6467;natassia;simone;pellom;31;f;b;wilmington;confederate;2620;28403;nc
A;G005447;6468;nastassja;simone;pellom;31;f;b;wilmington;10th;918;28401;nc
A;G005448;6469;roshanna;timara;thatch;22;f;b;wilmington;newbury;6906;28411;nc
A;G005449;6470;michael;putney;winstead;49;m;w;wilmington;richard bradley;6226;28409;nc
A;G005450;6471;david;thomas;brown;51;m;u;wilmington;myrtle grove;7410;28409;
A;G005451;6472;geraldine;teresa;rabaglia;67;f;w;wilmington;porters neck;813;28411;ny
A;G005453;6473;cynthia;sandlin;stout;51;f;w;wilmington;beach mountain;4487;28405;fl
A;G005455;6474;eugenia;marie;haywood;28;f;w;wilmington;saint andrews;958;28412;nc
A;G005455;6475;eugenia;marie;medellin;28;f;w;hampstead;nc hwy 210;1744;28443;nc
A;G005456;6476;stephen;russell;calfee;34;m;w;greenville;briarcliff;3109;27834;nc
A;G005457;6477;laquana;nicole;askew;29;f;b;wilmington;2nd;19;28401;nc
A;G005457;6478;laquana;nicole;askew;29;f;b;wilmington;2nd;19;28401;nc
A;G005458;6479;sandra;lynn;dick;40;f;w;wilmington;springer;7021;28411;ny
A;G005459;6480;ashley;nicole;martin;28;f;w;wilmington;saint andrews;962;28412;tn
A;G005460;6481;tina;inman;hood;30;f;w;raleigh;nazareth;621;27606;nc
A;G005461;6482;rebekah;pritchett;garcia;31;f;w;wilmington;summerlin falls;908;28412;
A;G005462;6483;sean;miles;griffin;34;m;w;wilmington;spearow;6706;28411;
A;G005462;6484;sean;miles;griffin;34;m;w;hampstead;dogwood;142;28443;nc
A;G005462;6485;sean;miles;griffin;34;m;w;rocky point;pond;394;28457;nc
A;G005463;6486;william;james;stanford;31;u;u;wilmington;albemarle;510;28405;
A;G005464;6487;julia;versteeg;bice;45;f;w;wilmington;amber;3709;28409;co
A;G005465;6488;william;scott;wood;39;m;w;apex;fullcrest;109;27539;ny
A;G005466;6489;david;lee;beatty;62;m;b;currie;bethel church;1245;28435;nc
A;G005467;6490;dianna;lee;tolliver;49;f;w;cary;collier;113;27513;wv
A;G005467;6491;dianna;lee;tolliver;49;f;w;cary;wicklow;1101;27511;wv
A;G005468;6492;brittany;renee;stoots;27;f;w;wilmington;bridle;6825;28411;nc
A;G005469;6493;krista;king;hall;35;f;w;wilmington;breezewood;4142;28412;nc
A;G005470;6494;janice;beth;van amberg;67;f;w;raleigh;glen eden;2501;27612;il
A;G005471;6495;diane;;hayes;47;f;b;wilmington;west;1553;28401;nj
A;G005473;6496;susan;howell;williford;63;u;u;north topsail beach;7th;7906;28460;nc
A;G005473;6497;susan;howell;williford;63;f;w;rocky point;turkey creek;461;28457;nc
A;G005473;6498;susan;howell;williford;63;f;w;garner;ewing;1405;27529;nc
A;G005474;6499;rhonda;yvonne;vega;57;f;w;wilmington;hooker;206;28403;oc
A;G005474;6500;rhonda;yvonne;vega;57;f;o;wilmington;hooker;206;28403;
A;G005475;6501;william;andrew;price;32;m;w;wilmington;ripwood;704;28405;nc
A;G005476;6502;timothy;francis;fuller;67;m;w;kure beach;settlers;133;28449;nc
A;G005477;6503;breanna;;alexander;30;f;u;wilmington;suite service lp;5110;28403;nc
A;G005478;6504;ginger;michelle;hewitt;52;f;w;wilmington;cricket;7;28411;nc
A;G005479;6505;madison;rae;padgett;26;f;w;wilmington;cadfel;1505;28412;nc
A;G005480;6506;todd;laurence;christiansen;49;m;w;hampstead;kingfisher;360;28443;ny
A;G005481;6507;andrea;helene;smaxwell;34;f;w;wilmington;darlington;377;28403;in
A;G005482;6508;clifford;;watson;63;m;u;rocky point;goose neck;20;28457;
A;G005483;6509;james;dwight;salazar;33;m;w;wilmington;olive;511;28401;nc
A;G005484;6510;asiya;janelle;williams;29;f;b;wilmington;bladen;509;28401;nc
A;G005484;6511;asiya;janelle;williams;29;f;o;wilmington;bladen;509;28401;nc
A;G005486;6512;jerome;;andrews;59;m;b;wilmington;barclay hills;202;28405;nc
A;G005487;6513;nancy;landen;getsinger;70;f;w;wilmington;bridgeport;4418;28405;nc
A;G005488;6514;jimmy;jay;jones;62;m;w;wilmington;lyrebird;611;28412;oc
A;G005489;6515;melissa;lynn;edwards;39;f;w;wilmington;springfield;2829;28405;nc
A;G005490;6516;luther;bernard;bunn;42;m;w;wilmington;willowick park;3758;28409;nc
A;G005491;6517;anise;rodriguez;severt;49;f;o;wilmington;church;615;28401;ny
A;G005492;6518;joan;klein;ennis;89;f;w;salisbury;arbor;1519;28144;
A;G005493;6519;kelly;holt;braun;34;f;w;wilmington;jackson;2148;28401;nc
A;G005494;6520;kristie;marie;laney;33;u;w;wilmington;west grove;4816;28409;
A;G005496;6521;andrew;daniel;rabon;33;m;w;raleigh;busted rock;5133;27610;tx
A;G005497;6522;marvin;cameron;legendre;59;m;b;wilmington;maides;513;28405;ny
A;G005498;6523;sarah;kathryn;harris;26;f;w;washington;leigh;102;27889;nc
A;G005499;6524;renee;michele;bugel;58;f;w;burgaw;ashton lake;1627;28425;
A;G005500;6525;brian;louis;lanier;44;m;w;wilmington;providence;4002;28412;nc
A;G005500;6526;brian;louis;lanier;44;m;w;maple hill;nc hwy 50;5595;28454;nc
A;G005501;6527;madison;nicole;huf;21;f;u;wilmington;hunt club;5006;28403;
A;G005502;6528;marvin;andrew;moore;71;m;w;wilmington;botsford;3903;28412;nc
A;G005503;6529;james;alvah;farthing;55;m;w;kure beach;sloop pointe;754;28449;la
A;G005504;6530;wendy;denise;mclawhorn;48;f;w;rutherfordton;collett;364;28139;
A;G005507;6531;alicia;sutton;tucker;32;f;w;wilmington;victoria;142;28401;nc
A;G005508;6532;valeria;joyce;houston;56;f;b;wilmington;castle;15;28401;nc
A;G005509;6533;casey;davis;croom;25;f;w;raleigh;glenwood;510;27603;nc
A;G005510;6534;timothy;alexander taylo;hanson;36;m;o;wilmington;darlington;385;28403;il
A;G005510;6535;timothy;alexander taylo;hansen;36;m;m;wilmington;darlington;385;28403;il
A;G005511;6536;sara;kathryn;thompson;30;f;w;apex;bullhead;2202;27502;
A;G005512;6537;jayson;allan;terrell;38;m;b;wilmington;merestone;3675;28412;nc
A;G005514;6538;mallory;ann;clayton;25;f;w;wilmington;bloomfield;2833;28412;nc
A;G005514;6539;mallory;ann;clayton;25;f;w;rougemont;holly ridge;6507;27572;nc
A;G005515;6540;juanita;a;sheppard;64;f;w;raleigh;cedarwood;5300;27609;nc
A;G005516;6541;maggie;cera;tucker;23;f;w;albemarle;scenic;46433;28001;nc
A;G005517;6542;lindsey;rhae;rawls;36;f;w;wilmington;sequoia;4237;28403;nc
A;G005517;6543;lindsey;rhae;rawls;36;f;w;raleigh;hanover;1531;27608;nc
A;G005519;6544;william;thomas;jarratt;26;u;u;roxboro;lamberth;209;27573;nc
A;G005520;6545;jessica;claibourne;owens;42;f;w;wilmington;2nd;317;28401;nc
A;G005521;6546;brian;john elliott;freskos;30;m;w;wilmington;7th;414;28401;oh
A;G005522;6547;regina;lafaye;williams;46;f;b;jacksonville;converse;203;28546;nc
A;G005523;6548;megan;paige;turner;26;f;w;wilmington;jefferson;2016;28401;nc
A;G005524;6549;hunter;addison;bradley;26;m;w;carolina beach;harper;505;28428;nc
A;G005525;6550;deborah;ann;whitley;57;f;b;cary;climbing ivy;211;27511;ny
A;G005526;6551;julian;elijah;morris;23;m;b;apex;chimney hill;1217;27502;ca
A;G005527;6552;mark;steven;banks;33;m;w;wilmington;westridge;420;28411;tx
A;G005528;6553;lisa;joe;shriver;58;f;w;wilmington;moorings;1313;28405;oh
A;G005529;6554;robert;wayne;baer;72;m;w;hampstead;grist mill;209;28443;pa
A;G005530;6555;carrie;marie;houston;32;f;w;wilmington;portofino;3803;28412;nc
A;G005531;6556;christopher;lawrence;west;44;m;w;winterville;hawks nest;2117;28590;nc
A;G005531;6557;christopher;lawrence;west;44;m;w;wake forest;overlook ridge;1029;27587;nc
A;G005532;6558;lemont;;sheppard;44;m;b;wilmington;coddington;4529;28405;nc
A;G005533;6559;lisa;andrews;mathews;47;f;w;wilmington;sturdivant;1600;28403;
A;G005533;6560;lisa;andrews;mathews;47;f;w;hampstead;cove side;134;28443;nc
A;G005534;6561;roger;o;strong;85;m;w;hampstead;washington acres;825;28443;nh
A;G005535;6562;charlene;reynolds;pate;50;u;u;wilmington;sky crest;7400;28411;
A;G005536;6563;arthur;william;miller;33;m;w;wilmington;willoughby park;1601;28412;nc
A;G005537;6564;heather;marie;spence;33;f;w;wilmington;mcclelland;4611;28405;nc
A;G005537;6565;heather;marie;spence;33;f;w;apex;splitrock;6009;27539;nc
A;G005538;6566;kelly;ann;ihinger;50;f;w;wilmington;cedarwood;4306;28403;ny
A;G005539;6567;john;albert;temple;44;m;w;wilmington;wagon;1430;28412;nj
A;G005539;6568;john;albert;temple;44;m;w;rocky point;mississippi;215;28457;nj
A;G005540;6569;diretta;williams;robinson;62;f;b;hampstead;leeward;127;28443;nc
A;G005540;6570;diretta;williams;robinson;62;f;b;rocky point;harrison creek;1146;28457;
A;G005541;6571;jeremy;r;schwison;28;m;w;wilmington;spirea;4166;28403;
A;G005542;6572;adam;alexander;dawson;39;u;u;jacksonville;myna;418;28540;nj
A;G005543;6573;justin;mario;brown;34;m;w;efland;us hwy 70;3225;27243;ca
A;G005543;6574;justin;mario;brown;34;m;w;raleigh;silhouette;8510;27613;ca
A;G005544;6575;melissa;dawn;covert;37;f;w;wilmington;carolina beach;5120;28412;nc
A;G005545;6576;christopher;;cunningham;32;m;u;wilmington;market;2117;28403;
A;G005546;6577;smirthi;;selvaraj;24;f;a;raleigh;carriage woods;403;27607;ok
A;G005547;6578;zachary;brandt;hudson sorrell;33;m;w;wilmington;monlandil;335;28403;nc
A;G005547;6579;zachary;brandt;hudson sorrell;33;m;w;boone;camp rock;449;28607;nc
A;G005548;6580;jeffery;scott;leonard;28;m;w;burgaw;jasmine;709;28425;fl
A;G005549;6581;andrew;james;cooke;23;m;w;raleigh;fig vine;411;27609;oc
A;G005550;6582;kristen;leigh;hughes;49;f;w;wilmington;hooker;227;28403;ca
A;G005551;6583;nicole;sechler;moore;30;f;w;wilmington;thetford;1513;28411;va
A;G005552;6584;jeffrey;scott;lyle;58;m;w;garner;broughton;117;27529;al
A;G005553;6585;edward;ellis;pomeroy;64;m;w;carolina beach;searay;1706;28428;nc
A;G005555;6586;suzanne;taylor;caudle;29;f;w;raleigh;dylan heath;1323;27608;nc
A;G005556;6587;sadena;lynn;corbin;43;f;b;hubert;crystal;114;28539;pa
A;G005556;6588;sadena;lynn;corbin;43;f;b;jacksonville;canady;1158;28540;pa
A;G005557;6589;nicholas;edward;weinhofer;32;m;m;wilmington;atlantis;4805;28403;ca
A;G005558;6590;harold;lee;strickland;46;m;w;clarkton;cribb;541;28433;nc
A;G005559;6591;katherine;ann;lumb;56;f;w;wilmington;wrightsville;5813;28403;pa
A;G005559;6592;katherine;ann;lumb;56;f;w;greenville;wedgewood arms apts;423;27858;pa
A;G005560;6593;daniel;dean;rustine;35;m;w;jacksonville;ravenwood;107;28546;oc
A;G005561;6594;vaughn;matthew;king;51;m;w;raleigh;lake wheeler;1421;27603;oh
A;G005562;6595;timothy;keith;raab;35;m;w;apex;chatham;315;27502;az
A;G005563;6596;chelsea;lynn;donovan;36;f;w;wilmington;2nd;509;28401;il
A;G005564;6597;shannon;natasha;jenkins;40;f;b;aulander;commerce;606;27805;nc
A;G005565;6598;george;lundy;sadler;38;m;w;greenville;breezewood;101;27858;nc
A;G005566;6599;nicole;monique;claude;33;f;b;margarettsville;stancell;134;27853;
A;G005568;6600;gregory;darrell;fields;36;m;b;gaston;broughton;415;27832;
A;G005569;6601;ronte;lequan;person;21;m;b;potecasi;griffintown;253;27867;nc
A;G005572;6602;kennisha;leanna;patterson;29;f;b;elizabeth city;weeksville;1704;27909;nc
A;G005573;6603;patricia;diane;edwards;68;f;w;seaboard;main;503;27876;va
A;G005574;6604;chantreall;denice;williamson;30;f;b;gaston;squire town;215;27832;ga
A;G005575;6605;lakisha;vernice;davis;39;f;u;garysburg;lebanon church;778;27831;
A;G005576;6606;justin;dennis;eason;23;m;b;conway;us hwy 158;10185;27820;nc
A;G005577;6607;gabrielle;latresa;shearin;31;f;b;rich square;nc hwy 305;1312;27869;tx
A;G005577;6608;gabrielle;latresa;shearin;31;f;b;windsor;vance;111;27983;tx
A;G005578;6609;contina;michelle;seabreeze;45;f;b;seaboard;king;402;27876;nc
A;G005579;6610;kathryn;lemaster;collins;65;f;w;conway;doolittle mill;1612;27820;oc
A;G005580;6611;teonka;;thompson;37;f;o;pleasant hill;josey;131;27866;ny
A;G005581;6612;crystal;patrice;denson;36;f;b;jackson;church;502;27845;va
A;G005583;6613;donnie;louis;robinson;54;m;b;pleasant hill;lorenzo;177;27866;nc
A;G005584;6614;kathryn;demick;smith;45;f;w;gaston;bay;227;27832;ny
A;G005585;6615;barbara;shipe;mullin;69;f;w;jacksonville;christine;721;28540;ny
A;G005587;6616;jennifer;anne;taylor;36;f;b;hubert;riggs;221;28539;nc
A;G005588;6617;ashley;;khan;30;f;w;camp lejeune;eden;2914;28547;
A;G005589;6618;amber;virginia sue;dandridge;22;f;w;hubert;errol;104;28539;oh
A;G005590;6619;heather;nicole;kawalski;42;f;w;jacksonville;winn;151;28540;nc
A;G005590;6620;heather;nicole;sasser;42;f;w;fremont;wayne;200;27830;nc
A;G005591;6621;leticia;lee;philyaw;32;f;b;jacksonville;dixie;49;28546;oc
A;G005591;6622;leticia;;tyler;32;f;m;jacksonville;liberty;281;28546;oc
A;G005592;6623;kyre;;ward;39;f;b;greenville;cedar creek;2904;27834;nc
A;G005592;6624;kyre;;ward osei;39;f;b;wilson;sherwood;4001;27896;nc
A;G005593;6625;yajaira;dolores;diaz kumar;38;f;o;jacksonville;croatan;119;28546;
A;G005594;6626;janel;lisa;tolar;35;f;w;jacksonville;dockside;174;28546;ny
A;G005595;6627;virginia;sue;whitley;57;f;w;holly ridge;otter pond;310;28445;nc
A;G005595;6628;virginia;sue;whitley;57;f;w;hampstead;us hwy 17;22662;28443;nc
A;G005596;6629;donald;bruce;clements;58;m;w;surf city;pender;201;28445;oh
A;G005597;6630;shirley;ann;neal;69;f;u;madison;tern;709;27025;il
A;G005598;6631;nancy;jane;cleghorn;60;f;w;jacksonville;court;73;28540;nc
A;G005599;6632;brian;patrick;king;46;m;w;maysville;deppe loop;1394;28555;nc
A;G005599;6633;brian;patrick;king;46;m;w;maysville;deppe loop;1436;28555;nc
A;G005600;6634;annie;;fleming weaver;61;f;b;salisbury;glenview;219;28147;va
A;G005601;6635;lauren;michele;jordan;28;f;w;boone;king;422;28607;ca
A;G005602;6636;elizabeth;rae;fincanon;25;f;w;jacksonville;stillwood;978;28540;fl
A;G005602;6637;elizabeth;;fincanon;25;f;w;raleigh;sandwell;6700;27607;
A;G005603;6638;bobby;gene;mcallister;70;m;b;jacksonville;delight;12;28546;nc
A;G005603;6639;bobby;gene;mcallister;70;m;b;clayton;forty niners;4044;27520;nc
A;G005604;6640;patricia;ann;kramer;54;f;w;jacksonville;estate;305;28540;nj
A;G005605;6641;keith;isreal;mullen;24;m;b;raleigh;wilmington;1420;27601;pa
A;G005606;6642;michael;danavin;harry;25;m;b;jacksonville;lincolnton;116;28540;ny
A;G005606;6643;michael;donavin;harry;25;m;b;greenville;college hill suites;141;27858;ny
A;G005607;6644;jared;michael;stufflebeam;33;m;w;cary;brookgreen;1001;27511;ny
A;G005608;6645;brandon;shawn;priddy;35;m;w;surf city;8th;8013;28445;ky
A;G005609;6646;jude;armand;jackson;26;m;b;jacksonville;aerie;1500;28546;wa
A;G005610;6647;mary;kate;haren;23;f;w;swansboro;camp queen;154;28584;ny
A;G005611;6648;travis;anthony;stafford;35;m;w;hampstead;brig;120;28443;nc
A;G005611;6649;travis;anthnoy;stafford;35;m;w;greenville;5th;703;27858;nc
A;G005612;6650;walter;larry;cooke;66;m;w;raleigh;reynolda;1709;27603;nc
A;G005613;6651;jared;richard;smith;38;m;w;jacksonville;constitution;115;28540;nj
A;G005614;6652;perry;lee;gainey;39;m;b;jacksonville;marlene;214;28546;tx
A;G005615;6653;aolani;nicole;summerlin;23;f;w;tarawa terrace;koval;953;28543;
A;G005615;6654;aolani;nicole;summerlin;23;f;w;mcgrady;lauri;307;28649;fl
A;G005616;6655;francisco;alberto;perez;66;m;w;vilas;blackberry springs;712;28692;oc
A;G005617;6656;tyler;gregory;ludlum;23;m;w;seven springs;mark herring;1544;28578;nc
A;G005619;6657;andrea;christine;johns;20;u;u;jacksonville;old crist;125;28540;
A;G005620;6658;gino;dordines;coelho;33;m;o;jacksonville;belmont;3108;28546;
A;G005621;6659;kassondra;nickole;scheidt;28;f;w;greenville;josh;1101;27834;nm
A;G005622;6660;david;james;revell;38;m;w;holly ridge;yopp;138;28445;nc
A;G005622;6661;david;james;revell;38;m;w;sneads ferry;wheeler creek;230;28460;nc
A;G005623;6662;janette;;moore;51;f;w;jacksonville;northwoods;2484;28540;nc
A;G005624;6663;queenie;e;johns;72;f;b;greenville;saint andrews;107;27834;nc
A;G005625;6664;victor;vondra;sweat;38;m;b;jacksonville;heatherton;300;28546;ga
A;G005627;6665;william;allen;duncan;29;m;w;randleman;fred lineberry;6003;27317;nc
A;G005627;6666;william;allen;duncan;29;m;w;randleman;fred lineberry;6003;27317;
A;G005628;6667;melinda;carole;moody;31;f;w;sneads ferry;turkey point;109;28460;nc
A;G005628;6668;melinda;carole;moody;31;f;w;greenville;bostic;4410;27834;nc
A;G005629;6669;cathy;lynn;ault;66;f;w;swansboro;white swan way;106;28584;tx
A;G005630;6670;tyler;smith;marrs;28;m;w;sneads ferry;bay;9;28460;nc
A;G005631;6671;timothy;daniel;brault;37;m;w;jacksonville;holly shelter;577;28540;ma
A;G005632;6672;lakesha;renee;edwards;29;f;b;jacksonville;tower;404;28546;nc
A;G005633;6673;marie;menz;king;102;f;w;jacksonville;gaitway;3118;28546;nd
A;G005634;6674;nicole;darlene;bono;36;f;w;maple hill;nc hwy 50;7075;28454;ny
A;G005635;6675;alyssa;jean;rochelle;28;f;w;jacksonville;festive;115;28540;nc
A;G005636;6676;richard;evert;munday;35;m;w;jacksonville;tiffany;117;28546;il
A;G005637;6677;robert;leo;balderson;80;m;w;hampstead;loblolly;200;28443;pa
A;G005638;6678;flozie;dixon;vaughn;74;f;b;maple hill;burgaw;4997;28454;nc
A;G005639;6679;romarus;avalon;simmons;39;m;b;jacksonville;hawthorne;209;28540;nc
A;G005640;6680;alden;dixon;rose;26;f;w;raleigh;groveland;202;27605;nc
A;G005641;6681;winston;allen;blake;28;m;w;chapel hill;branch;805;27516;nc
A;G005642;6682;brandon;andrew;whitfield;33;m;b;chapel hill;paul hardin;560;27514;
A;G005642;6683;brandon;andrew;whitfield;33;m;b;goldsboro;spence;209;27534;ny
A;G005643;6684;leigh;;jenkins;29;u;u;bath;sabre pointe;191;27808;
A;G005644;6685;timothy;d;coleman;40;m;b;durham;mt sinai;5935;27705;nc
A;G005646;6686;bradley;terrence;howes;39;m;w;raleigh;avent ferry;4351;27606;nc
A;G005647;6687;joseph;augusta;bryant;27;m;b;chapel hill;homestead;2701;27516;nc
A;G005648;6688;mahria;frances;crawford;35;f;w;chapel hill;martin luther king jr;875;27514;
A;G005648;6689;mahria;frances;crawford;35;f;w;chapel hill;martin luther king jr;875;27514;
A;G005649;6690;amy;guadalupe;collazo;23;f;u;hillsborough;riddle;568;27278;nc
A;G005650;6691;alicia;b;nam;20;f;m;chapel hill;hinton james;515;27514;ny
A;G005651;6692;kristopher;brian;smith;43;m;w;mebane;high ridge;1323;27302;nc
A;G005652;6693;chavarro;daworski;floyd;41;m;b;chapel hill;misty woods;103;27514;al
A;G005653;6694;gregory;eugene;powell;51;m;w;carrboro;orchard;101;27510;tx
A;G005654;6695;anna;katherine;shelton;29;f;w;chapel hill;franklin;140;27516;nc
A;G005654;6696;anna;katherine;shelton;29;f;w;cary;st brides;102;27518;nc
A;G005654;6697;anna;katherine;shelton;29;f;w;cary;st brides;102;27518;nc
A;G005656;6698;john;harrill;martin;44;m;w;chapel hill;rogerson;213;27517;nc
A;G005657;6699;amy;winsor;nau;32;f;w;chapel hill;collinson;100;27514;
A;G005658;6700;maciej;jan;krzysztoforski;40;u;u;chapel hill;summerlin;128;27514;oc
A;G005658;6701;maciej;jan;krzysztoforski;40;m;w;asheboro;myrtle;400;27205;oc
A;G005659;6702;samuel;wentworth;ward;29;m;w;chapel hill;bolton;112;27516;nc
A;G005659;6703;samuel;wentworth;ward;29;u;w;chapel hill;bolton;112;27516;
A;G005660;6704;avery;alden;earwood;46;m;w;rougemont;troon;7410;27572;tx
A;G005661;6705;katheryn;anna;kiffmeyer;25;f;w;chapel hill;paul hardin;445;27514;
A;G005661;6706;katheryn;anna;kiffmeyer;25;f;w;waxhaw;beechwood;2313;28173;oh
A;G005662;6707;jessica;hurst;glenn;40;f;w;hillsborough;orange grove;2009;27278;nc
A;G005664;6708;erin;catherine;gallagher;33;f;w;greenville;laura;101;27858;nh
A;G005665;6709;kristian;bryant;theissen;34;m;w;chapel hill;ford;1501;27516;nj
A;G005666;6710;alexander;renzo;sereno;33;m;w;carrboro;simpson;213;27510;nc
A;G005667;6711;robert;watkins;king;24;u;u;chapel hill;purefoy;201;27514;il
A;G005668;6712;meredith;holder;mcsherry;27;f;w;rougemont;nc hwy 57;9230;27572;la
A;G005668;6713;meredith;lynn;holder;27;f;w;boone;hampton;290;28607;
A;G005669;6714;lakimberal;sherrie;jackson;31;f;u;chapel hill;pine acres;615;27516;nc
A;G005670;6715;maryanne;;gucciardi;56;f;w;chapel hill;parkridge;308;27517;ma
A;G005671;6716;bradley;stephen;green;31;m;w;raleigh;wyntree ridge;3001;27606;
A;G005671;6717;bradley;stephen;green;31;m;w;raleigh;wyntree ridge;3001;27606;nc
A;G005672;6718;diana;cristine;coons;30;f;w;chapel hill;williamson;520;27514;ca
A;G005673;6719;luke;david;remis;36;m;w;raleigh;silver view;7440;27613;ny
A;G005674;6720;jeffrey;lynn;tilley;65;m;w;cary;revere crossing;500;27519;nc
A;G005675;6721;alyson;ruth;helms;23;f;w;chapel hill;summerwalk;213;27517;nc
A;G005676;6722;colin;andrew;hicks;34;m;w;raleigh;oxford;2216;27608;
A;G005677;6723;amanda;noel;hayden;31;f;w;chapel hill;barclay;203;27516;va
A;G005677;6724;amanda;noel;hayden;31;f;w;raleigh;hawthorne;5517;27613;va
A;G005678;6725;leslie;emmanuel;cofie;35;m;b;greenville;meridian;2702;27834;oc
A;G005679;6726;jody;;lennon;52;f;w;chapel hill;cool spring;3021;27514;ny
A;G005680;6727;darien;elexzander;carr;34;m;w;carrboro;nc hwy 54;112;27510;ny
A;G005681;6728;william;wedel;mcinerney;29;m;w;chapel hill;creekstone;622;27516;nc
A;G005681;6729;william;wedel;mcinerney;29;m;u;raleigh;mckimmon view;1120;27606;nc
A;G005682;6730;lisa;pauline;boyd;55;f;w;chapel hill;hunter hill;106;27516;ma
A;G005683;6731;john;william;bolton;29;u;u;carrboro;greensboro;1205;27510;nc
A;G005684;6732;myrna;covault;macfarquhar;71;f;w;hillsborough;remington;3927;27278;oh
A;G005685;6733;chelcy;boyer;stutzman;41;f;w;carrboro;oak;200;27510;nc
A;G005686;6734;james;clayton;sasaki adams;42;m;w;chapel hill;forbush mountain;226;27514;wi
A;G005687;6735;david;aaron;tyson;26;m;w;chapel hill;telluride;108;27514;nc
A;G005689;6736;geena;;hall;33;f;w;hillsborough;botan;617;27278;ny
A;G005690;6737;erin;elizabeth;smith;25;f;w;hillsborough;fargo;2812;27278;ma
A;G005690;6738;erin;elizabeth;smith;25;f;w;hillsborough;fargo;2812;27278;ma
A;G005691;6739;stacey;e;clark;42;f;w;chapel hill;dickerson;100;27514;fl
A;G005692;6740;abigail;leigh;lyons;28;f;w;chapel hill;edisto;625;27514;ga
A;G005693;6741;christopher;scott;morrison;25;m;w;asheboro;ridgewood;1372;27203;nc
A;G005694;6742;aqeelah;bint haneef;tarver;24;f;b;carrboro;bim;118;27510;ny
A;G005695;6743;ishmael;gershon;bishop;24;m;b;wilson;westshire;3206;27896;va
A;G005695;6744;ishmael;gershon;bishop;24;m;b;wilson;westshire;3206;27896;va
A;G005696;6745;mary;wagner;cook;62;f;w;mebane;hunters;615;27302;nc
A;G005697;6746;mary;virginia;davis;53;f;w;chapel hill;hillsborough;1209;27516;md
A;G005698;6747;cameron;michael;samek;19;m;w;chapel hill;paul hardin;555;27514;nc
A;G005699;6748;david;hamilton;page;23;m;w;waxhaw;cecily;2702;28173;tx
A;G005700;6749;ashley;nicole;muse;31;f;w;cedar grove;black dog;3032;27231;tn
A;G005701;6750;kendra;shantel;fleming;28;f;b;reidsville;candy creek;449;27320;nc
A;G005703;6751;heydar;rafig oglu;qasimov;45;m;u;raleigh;st marys;935;27605;oc
A;G005704;6752;alexandra;lecler;cowand;22;f;w;chapel hill;hillsborough;425;27514;
A;G005705;6753;jill;kimberly;euchner;24;f;w;chapel hill;cotton;403;27516;
A;G005706;6754;shawn;martin;hessee;39;m;w;hillsborough;cedar;135;27278;nc
A;G005708;6755;matthew;lewis;liles;35;m;w;chapel hill;copperline;701;27516;nc
A;G005708;6756;matthew;lewis;liles;35;m;w;zebulon;holiday;2524;27597;nc
A;G005708;6757;matthew;lewis;liles;35;m;w;raleigh;hudson;107;27608;nc
A;G005709;6758;miranda;nicole;mcnear;27;f;b;chapel hill;williamson;510;27514;in
A;G005710;6759;margaret;;wallingford;65;f;w;chapel hill;booker creek;2525;27514;ny
A;G005711;6760;cortez;orlando thomas;terrell;28;m;b;hillsborough;wade hampton;2605;27278;nc
A;G005712;6761;tasanee;;ross sheriff;44;f;w;chapel hill;mccauley;223;27516;oc
A;G005713;6762;richard;alan;northam;31;m;w;chapel hill;pritchard avenue;800;27516;md
A;G005713;6763;richard;alan;northam;31;m;w;boone;new river heights;383;28607;md
A;G005714;6764;derek;john;holmgren;33;m;w;carrboro;eugene;108;27510;co
A;G005715;6765;leanne;;langley;65;f;u;chapel hill;maxwell;79;27517;
A;G005715;6766;leanne;;langley;65;f;w;chapel hill;maxwell;79;27517;
A;G005716;6767;justina;monae anais cam;foy;29;f;b;raleigh;snow;220;27603;pa
A;G005717;6768;joseph;michael;mcginnis;41;m;w;hillsborough;nc hwy 86;7402;27278;nj
A;G005717;6769;joseph;michael;mcginnis;41;m;w;holly springs;holly acres;217;27540;nj
A;G005718;6770;gregory;anthony;steele;27;m;w;raleigh;governors hill;716;27603;nc
A;G005719;6771;abigail;jane;horne;24;f;w;carrboro;bim;118;27510;nc
A;G005720;6772;patricia;elizabeth;holzer;49;f;w;chapel hill;allard;1730;27514;ar
A;G005721;6773;abbington;kimball;pope;23;f;w;chapel hill;cameron;110;27516;nc
A;G005721;6774;abbington;kimball;pope;23;f;w;goldsboro;breezewood;104;27534;nc
A;G005721;6775;abbington;kimball;pope;23;f;w;goldsboro;breezewood;104;27534;nc
A;G005722;6776;robert;scott;mcclellan;60;m;w;chapel hill;tripp farm;218;27516;va
A;G005723;6777;anna;margaret;adams;28;f;w;chapel hill;majestic;100;27517;az
A;G005724;6778;kathryn;rae;kidd;24;f;w;chapel hill;heritage;243;27516;nc
A;G005725;6779;darryl;;locklear;34;m;i;maxton;harpers ferry;1267;28364;nc
A;G005726;6780;morgan;forrest;durant;20;m;w;chapel hill;lucy;1602;27516;
A;G005727;6781;caroline;marie;evans;20;f;w;chapel hill;paul hardin;555;27514;nc
A;G005729;6782;michael;stevenson;mcglinchey;41;m;w;mebane;pink dogwood;313;27302;md
A;G005730;6783;james;matthew;farthing;49;m;w;salisbury;linda;345;28146;
A;G005731;6784;lorcan;gearoid;farrell;20;m;w;chapel hill;stadium;101;27514;nc
A;G005732;6785;charles;eugene;nurmi;39;m;o;raleigh;flower bed;10910;27614;co
A;G005733;6786;jessica;leigh;amos;26;f;w;chapel hill;hinton james;515;27514;nc
A;G005734;6787;allison;irene;racey;34;f;w;knightdale;ferdinand;2437;27545;md
A;G005735;6788;lisa;sanders;huggins;42;f;w;chapel hill;churchill;800;27517;sc
A;G005737;6789;jung a;;kim;28;f;a;chapel hill;drew hill;3204;27514;
A;G005739;6790;evelyn;brooks;terry;65;f;w;timberlake;al gray;467;27583;mi
A;G005740;6791;michael;foley;askew;25;m;w;chapel hill;williamson;510;27514;nc
A;G005741;6792;ertle;clennie;jones;31;m;w;chapel hill;melanie;416;27514;nc
A;G005742;6793;caitlin;ann;winnike;30;f;w;chapel hill;fieldstone;110;27514;ia
A;G005743;6794;heather;elizabeth;jackson;43;f;w;chapel hill;paul hardin;540;27514;
A;G005743;6795;heather;elizabeth;jackson;43;f;w;pilot mountain;cleo cain;1073;27041;va
A;G005744;6796;matthew;terry;moulton;28;m;w;raleigh;riverwood;4700;27612;nc
A;G005745;6797;diane;c;midness;71;f;w;raleigh;lorimer;1208;27606;ga
A;G005746;6798;robin;martin;pate;62;u;u;grantsboro;kennels beach;1960;28529;
A;G005747;6799;tina;;speights;56;f;b;edward;main street;163;27821;ny
A;G005748;6800;carl;j;bryant;32;m;b;bayboro;fairview;1;28515;nc
A;G005749;6801;cougar;lee;caroon;27;m;w;oriental;north;609;28571;wa
A;G005750;6802;richard;;cushing;71;m;w;oriental;whittaker point;415;28571;mi
A;G005751;6803;raven;wilkin;cathey;32;f;b;washington;college;405;27889;oc
A;G005751;6804;raven;nicole;wilkin;32;f;b;knightdale;hidden hollow;4541;27545;oc
A;G005752;6805;brandon;malik;young;23;m;b;williamston;bear grass;2220;27892;nc
A;G005753;6806;donald;earl;smith;59;m;w;hampstead;bishop;625;28443;nc
A;G005753;6807;donald;e;smith;59;m;w;raleigh;rock quarry;5120;27610;nc
A;G005754;6808;keyoni;andrew;grimes;28;m;b;greenville;copper beech;2012;27858;
A;G005755;6809;steven;bonner;billingslea;59;m;b;greenville;nc 903;207;27834;nj
A;G005755;6810;steven;bonner;billingslea;59;m;b;greenville;chesapeake;928;27858;nj
A;G005756;6811;george;dalton;mills;70;m;w;greenville;ivy;3682;27858;nc
A;G005757;6812;derek;thomas;sampson;31;m;w;washington;ricks;110;27889;nj
A;G005758;6813;jennifer;mccabe;brinson;53;f;w;washington;avenue;189;27889;nc
A;G005759;6814;jennifer;lauran;reynolds;28;f;w;washington;clarks neck;6573;27889;
A;G005760;6815;melvin;randy;sawyer;28;m;w;washington;blake;473;27889;nc
A;G005760;6816;melvin;randy;sawyer;28;m;w;washington;rivercreek;5505;27889;nc
A;G005761;6817;joy;renee;brown;47;f;b;greenville;stantonsburg;2804;27834;nc
A;G005762;6818;sonya;nicole;valentine;44;f;b;belhaven;old county;240;27810;va
A;G005763;6819;christina;dawn;berry;34;f;w;washington;clarks neck;211;27889;nc
A;G005764;6820;william;michael;lennartz;65;m;w;winterville;marlboro;451;28590;md
A;G005765;6821;quanmesha;lasha;peterson;27;f;b;greenville;kristin;309;27834;nc
A;G005766;6822;shauna;blaise;byers;32;f;w;washington;reed;206;27889;la
A;G005767;6823;lauya;monique;boston;41;f;b;garner;seventh;917;27529;nc
A;G005767;6824;lauya;monique;boston;41;f;b;raleigh;tischer;1909;27603;nc
A;G005767;6825;lanya;monique;boston;41;f;b;raleigh;woodpecker;3119;27610;nc
A;G005767;6826;lauya;monique;boston;41;f;b;garner;seventh;917;27529;nc
A;G005768;6827;amos;;wilson;66;m;b;belhaven;main;546;27810;al
A;G005769;6828;julia;ann;graves;43;f;m;washington;9th;805;27889;
A;G005771;6829;jeaniqua;monique;ward;28;f;b;washington;cowell farm;1033;27889;nc
A;G005772;6830;brenda;marie;lindstam;60;f;w;washington;arbor;115;27889;me
A;G005773;6831;william;burton;gray;89;m;w;aurora;5th;288;27806;nc
A;G005774;6832;luis;antonio;torres;29;m;b;chocowinity;sams;155;27817;ct
A;G005775;6833;paul;wendell;mickler;76;m;w;belhaven;water;100;27810;ga
A;G005776;6834;laura;chorley;cox;67;f;w;washington;island;109;27889;nc
A;G005777;6835;maxwell;bernard;houseworth;38;m;w;washington;2nd;515;27889;nc
A;G005777;6836;maxwell;bernard;houseworth;38;m;w;raleigh;treymore;9816;27617;nc
A;G005778;6837;deborah;dee;noltemeier;63;f;w;washington;tucker;105;27889;nc
A;G005779;6838;linda;hamlin;titus;72;f;w;washington;tucker;101;27889;nc
A;G005780;6839;betsy;bonner;paul;79;f;w;raleigh;banks;519;27604;
A;G005781;6840;maxine;worsley;lawrence;62;f;b;chocowinity;frederick;2290;27817;nc
A;G005782;6841;cynthia;pruden;scott;55;f;b;washington;manuel;139;27889;ct
A;G005783;6842;eric;shawn;white;44;m;b;winterville;edgestone;3908;28590;ca
A;G005784;6843;khoa;michael;tran;48;m;a;washington;ore;101;27889;
A;G005786;6844;clayton;collins;ingram;34;m;w;washington;2nd;121;27889;nc
A;G005787;6845;courtney;love;clodfelter foreman;25;f;b;washington;dana;502;27889;nc
A;G005788;6846;marisa;frances;gerard;22;f;w;washington;isabella;520;27889;nc
A;G005789;6847;adam;carl;morrisette;39;m;w;greenville;bluff view;2702;27834;va
A;G005790;6848;sonia;lopez;acevedo;64;f;w;greenville;keys;189;27858;oc
A;G005791;6849;tina;elizabeth;morris;38;f;w;greenville;wards bridge;3887;27834;nc
A;G005792;6850;cecil;verlin;cherry;76;m;w;greenville;deerwood;202;27858;nc
A;G005793;6851;barbara;s;hardee;76;f;w;raleigh;bayleaf;128;27615;nc
A;G005794;6852;janet;leigh;huffman;50;f;w;washington;slatestone;2560;27889;nc
A;G005795;6853;emma;;perkins yarbaugh;73;u;b;elizabeth city;salem;309;27909;
A;G005795;6854;emma;;yarbaugh;73;u;u;elizabeth city;salem;309;27909;
A;G005795;6855;emma;;perkins yarbaugh;73;u;b;elizabeth city;salem;309;27909;
A;G005796;6856;natasha;jenika;brockett;31;f;b;elizabeth city;peartree;2438;27909;nc
A;G005797;6857;arnold;earl;sykes;29;m;b;elizabeth city;jessup;402;27909;va
A;G005797;6858;arnold;earl;sykes;29;m;b;wendell;rockbank;680;27591;va
A;G005798;6859;christina;lizotte;daniel;42;f;w;elizabeth city;olivet;134;27909;me
A;G005800;6860;tiauna;maria;beale;30;f;b;elizabeth city;weeksville;1704;27909;md
A;G005801;6861;olivia;lawrence;carlson;27;u;w;raleigh;sapphire valley;2428;27604;
A;G005802;6862;dustin;james;luton;31;m;w;columbia;water;107;27925;nc
A;G005803;6863;tobechi;anuli;nwamara;25;f;b;raleigh;st regis;6221;27606;nc
A;G005804;6864;danielle;nicole;green;32;f;b;raleigh;rockglen;6721;27615;nc
A;G005805;6865;joseph;james;forbes;68;m;w;elizabeth city;walker;1400;27909;nc
A;G005806;6866;kenneth;bland;lewis;67;m;w;elizabeth city;creek;127;27909;va
A;G005807;6867;kirk;j;cepavicius;46;m;o;elizabeth city;timothy;504;27909;ca
A;G005808;6868;frances;perry;spruill;64;f;w;hertford;mill;269;27944;nc
A;G005809;6869;charles;edgar;harden;52;m;w;elizabeth city;long;403;27909;nc
A;G005811;6870;quintin;jay;johnson;31;m;b;edenton;burnt mill;446;27932;
A;G005812;6871;kyree;;jackson;27;m;b;rocky point;fennell town;1762;28457;nc
A;G005814;6872;michael;john;terry;34;m;w;hampstead;poplar branch;132;28443;
A;G005815;6873;ginger;michelle;fussell;42;f;w;rocky point;nc hwy 210;4098;28457;nc
A;G005816;6874;roberta;kelley;ruth;69;f;w;burgaw;walker;205;28425;va
A;G005819;6875;jonathon;;turel;31;m;w;hampstead;widgeon;400;28443;nj
A;G005820;6876;desia;raquelle;hayes;23;f;b;greenville;paladin;412;27834;nc
A;G005821;6877;wesley;c;miles;35;m;w;wilmington;scotts hill loop;2765;28411;
A;G005822;6878;amanda;burnside;boykin;42;f;w;burgaw;new savannah;1568;28425;oh
A;G005822;6879;amanda;burnside;barbee;42;f;w;burgaw;fremont;606;28425;oh
A;G005823;6880;sean;oliver;knudson;40;m;w;raleigh;hensley;415;27615;ca
A;G005825;6881;caleb;steven;messer;31;m;w;surf city;new river;1206;28445;nc
A;G005826;6882;ben;glenn;littleton;76;m;w;raleigh;pronghorn;5325;27610;nc
A;G005828;6883;jeffrey;scott;hill;57;m;w;currie;riverland;460;28435;
A;G005829;6884;joseph;todd;gonzalez;35;m;w;hampstead;us hwy 17;15841;28443;wv
A;G005831;6885;mychal;jamile;daniels;31;m;b;raleigh;bentons ridge;1508;27610;nc
A;G005832;6886;sidney;harris;bearden;40;m;w;albemarle;old aquadale;24192;28001;
A;G005833;6887;allena;alizebeth;james;20;f;w;burgaw;nc hwy 53;6845;28425;nc
A;G005834;6888;john;a;williams;65;m;u;rocky point;lillington;1115;28457;ny
A;G005835;6889;virginia;susan;hendrix;33;f;w;rose hill;register sutton;145;28458;nc
A;G005836;6890;kathryn;elizabeth;isbell;25;f;w;hertford;dockery;120;27944;ny
A;G005837;6891;blair;secrest;price;72;m;w;hertford;waterview;106;27944;nc
A;G005838;6892;brandon;james;fritts;31;m;w;hertford;christian;120;27944;ak
A;G005839;6893;lisa;efigenia;romero;39;f;o;roxboro;person court;113;27573;fl
A;G005840;6894;daniel;lamont;o briant;40;m;b;roxboro;cleveland;133;27573;nc
A;G005841;6895;tamika;lashaunta;poole;41;f;b;raleigh;stream side;3220;27613;nc
A;G005842;6896;candace;bumpass;stephens;33;f;b;cary;harlon;401;27511;nc
A;G005843;6897;frances;a;walters;80;f;w;roxboro;frank;804;27573;nc
A;G005844;6898;carole;monk;thomas;62;f;w;raleigh;banbury;1925;27608;nc
A;G005845;6899;raynard;keith;blackwell;58;m;b;roxboro;flat river church;1984;27574;nc
A;G005846;6900;james;richard;warden;32;m;w;timberlake;andrew;431;27583;nc
A;G005847;6901;travis;earl;vaughan;25;m;w;roxboro;romans;151;27574;nc
A;G005848;6902;bobby;ray;perry;68;m;w;greenville;barnes;47;27858;nc
A;G005849;6903;lyne;starling;gamble;68;m;w;greenville;martinsborough;108;27858;ms
A;G005850;6904;shakeima;laasia;thomas;32;f;b;grifton;river walk;723;28530;ny
A;G005851;6905;sandi;kay;candella;41;f;w;greenville;beasley;360;27834;la
A;G005852;6906;daniel;lorimer;moses;31;m;b;raleigh;westridge;218;27609;ny
A;G005853;6907;soni;caryle;tilley;29;f;w;greenville;10th;3375;27858;nc
A;G005853;6908;soni;caryle;tilley;29;f;w;greenville;10th;3375;27858;nc
A;G005854;6909;sarah;crile;bienkowski;33;f;w;raleigh;saubranch hill;4209;27616;ca
A;G005855;6910;brigid;matheson;o boyle;29;f;w;greenville;bostic;3960;27834;nc
A;G005855;6911;brigid;matheson;oboyle;29;f;w;raleigh;morgans;8508;27613;nc
A;G005857;6912;brady;andrew;edwards;24;m;w;greenville;wright;1013;27858;dc
A;G005858;6913;felicia;denise;cherry dixon;46;f;b;farmville;clubview;3323;27828;nc
A;G005859;6914;justin;robert;best;30;m;w;cary;revere crossing;700;27519;nc
A;G005860;6915;madeline;taha;abdo;36;f;o;greenville;colony;3290;27834;dc
A;G005862;6916;charles;martin;hudson;40;m;w;walstonburg;nc hwy 222;8041;27888;nc
A;G005864;6917;keven;lee;painter;29;m;w;greenville;university suites;2241;27834;nc
A;G005864;6918;keven;lee;painter;29;m;w;raleigh;batterhayes;2500;27615;nc
A;G005865;6919;brandon;wayne;matt;34;m;w;greenville;pine brook;1537;27858;
A;G005866;6920;ted;lee;murchison;86;m;w;winterville;south square;598;28590;mi
A;G005868;6921;shelley;nicole;carpenter;34;f;w;greenville;palmetto;3529;27834;va
A;G005868;6922;shelley;nicole;carpenter;34;f;w;pilot mountain;carson;954;27041;va
A;G005869;6923;elena;briere;wilczynski;25;f;w;raleigh;cotton mill;3401;27612;nc
A;G005870;6924;victoria;karen;rushing;20;f;w;raleigh;pleasant union church;2417;27614;ga
A;G005871;6925;monico;evett;forbes;50;f;b;greenville;spring forest;890;27834;
A;G005873;6926;ernestine;;andrews;72;f;b;greenville;hudson;623;27834;nc
A;G005873;6927;ernestine;;andrews;72;f;b;greenville;gum;154;27834;nc
A;G005874;6928;beth;abigail meaux;connelly;34;f;w;willow spring;farmers branch;1132;27592;tx
A;G005875;6929;tara;barber;smith;39;f;w;winterville;vineyard;2340;28590;nc
A;G005876;6930;montrell;donya;crandol;33;m;b;greenville;us 264;6771;27834;nc
A;G005878;6931;brittany;nichole;baines;32;f;b;winterville;sterling pointe;3902;28590;va
A;G005879;6932;vrushhik;;borad;22;m;a;wilkesboro;oak hill;1300;28697;
A;G005880;6933;mary;grace;bodmer;21;f;w;greenville;gateway west hall;304;27858;va
A;G005882;6934;margaret;scott;djernes;23;f;w;greenville;10th;3535;27858;
A;G005883;6935;anna;kathryn;kearney;36;f;w;knightdale;mingocrest;116;27545;
A;G005883;6936;anna;kathryn;kearney;36;f;w;raleigh;swisswood;5005;27613;nc
A;G005884;6937;mary;brett;smith;27;f;w;greenville;wesley;302;27858;nc
A;G005884;6938;mary;brett;smith;27;f;w;boone;king;1395;28607;nc
A;G005885;6939;david;donovan;bunn;50;m;w;walstonburg;stantonsburg;9320;27888;va
A;G005886;6940;jasmine;teenette;moore;21;f;b;washington;little;5027;27889;nc
A;G005886;6941;jasmine;t;moore;21;f;u;raleigh;oakwood;1315;27610;
A;G005887;6942;shannon;renee;wahlen;35;f;w;greenville;barnes;71;27858;nc
A;G005888;6943;john;kenneth;mitchelson;34;m;w;apex;rowanwood;405;27523;ga
A;G005889;6944;megan;renee;purvis;30;f;w;ayden;george;3958;28513;oh
A;G005890;6945;shineace;latoya;mcneil;25;f;b;greenville;holly glenn;2821;27834;
A;G005891;6946;adonica;kay;scott corion;46;f;b;greenville;bridle;1569;27834;ny
A;G005892;6947;irene;gillian;bauer;21;f;w;greenville;jones hall;460;27858;
A;G005892;6948;irene;gillian;bauer;21;f;w;knightdale;wellington;109;27545;
A;G005893;6949;amanda;lee;senatore;36;f;w;winterville;chatham;2741;28590;md
A;G005894;6950;andrew;;white;38;m;w;greenville;spring forest;950;27834;
A;G005895;6951;christopher;lance;froneberger;33;m;b;greenville;meade;108;27858;nc
A;G005896;6952;deborah;t;moss;57;f;w;fuquay varina;ennis;307;27526;nc
A;G005897;6953;suzanne;edwards;bower;46;f;w;greenville;thackery;2595;27858;ga
A;G005897;6954;suzanne;edwards;bower;46;u;u;sims;fish pond;7543;27880;
A;G005898;6955;latosha;;foreman;29;f;b;greenville;kings branch;3246;27834;pa
A;G005900;6956;brittany;michelle;griffin;29;f;b;greenville;stantonsburg;4681;27834;nc
A;G005900;6957;brittany;michelle;griffin;29;f;b;ayden;rountree;3986;28513;nc
A;G005901;6958;daniel;blaine;mcqueen;28;m;w;elizabethtown;poplar;1205;28337;nc
A;G005901;6959;daniel;blaine;mcqueen;28;m;w;clarkton;rosemont;135;28433;nc
A;G005902;6960;sharde;yvetta mae;jones;33;f;b;greenville;norcott;1814;27834;nc
A;G005903;6961;shelby;nicole;beltran;27;f;w;marshville;elm;516;28103;nc
A;G005903;6962;shelby;nicole;hutson;27;f;w;monroe;kingstree;2308;28112;nc
A;G005904;6963;krystal;uniqu;telfair;26;f;b;greenville;flemming school;1241;27834;nc
A;G005905;6964;alexcia;grant;gill;21;f;b;greenville;gateway west hall;569;27858;nc
A;G005906;6965;james;philip;kissinger;38;m;w;holly springs;avent meadows;301;27540;nc
A;G005908;6966;bryant;timothy;lewis;28;m;w;greenville;eastern;404;27858;
A;G005909;6967;sydney;marie;houghton;28;f;w;greenville;university suites;2229;27834;nc
A;G005909;6968;sydney;marie;houghton;28;f;w;salisbury;bernhardt;445;28147;nc
A;G005910;6969;ashley;nicole;mangum;23;f;w;greenville;circle;1801;27858;
A;G005910;6970;ashley;nicole;mangum;23;f;w;knightdale;first;605;27545;nc
A;G005911;6971;alyssa;marie;cadavid;19;f;o;cary;banyon tree;119;27513;ma
A;G005912;6972;stephanie;garner;robinson;36;f;w;greenville;spring forest;970;27834;nc
A;G005912;6973;stephanie;garner;robinson;36;f;w;raleigh;mountain falls;7950;27617;nc
A;G005913;6974;william;frank;newman;57;m;u;winterville;ashcroft;3941;28590;oc
A;G005914;6975;christopher;;jewett;36;m;w;greenville;greenville;2250;27858;nc
A;G005915;6976;caitlin;;humes;33;f;w;greenville;summit;112;27858;
A;G005917;6977;john;thomas;aldridge;73;m;w;farmville;grimmersburg;4067;27828;nc
A;G005918;6978;william;edward;lloyd;54;m;w;grifton;olive branch;272;28530;ok
A;G005919;6979;stephanie;a;ragland;40;f;w;greenville;dickinson;2881;27834;nc
A;G005919;6980;stephanie;ragland;stalls;40;f;w;bethel;nelson;124;27812;nc
A;G005920;6981;abigail;russell;parker;33;f;w;greenville;old creek;2201;27834;nc
A;G005921;6982;jo;ann hocutt;garner;79;f;w;cary;callum;219;27519;nc
A;G005922;6983;ter ron;cortez;parker;32;m;b;raleigh;pelican post;5304;27604;nc
A;G005923;6984;shaunita;te ara;ervin;32;f;b;greenville;holly glenn;2816;27834;nc
A;G005924;6985;allen;eugene;keen;58;m;w;wilson;goldsboro;309;27893;nc
A;G005925;6986;benjamin;joel;aydelette;28;m;w;greenville;merry;28;27858;
A;G005927;6987;carly;danielle;templeton;30;f;w;greenville;copper beech;2061;27858;nc
A;G005927;6988;carly;danielle;powell;30;f;w;raleigh;falls landing;1911;27614;nc
A;G005928;6989;myra;dawn;herring;44;f;w;ayden;leland;3828;28513;nc
A;G005929;6990;kenneth;james;olson;45;m;w;greenville;11th;611;27858;co
A;G005930;6991;nicholus;lamar;cureton;29;m;b;greenville;aycock hall;180;27858;nc
A;G005930;6992;nicholus;lamar;cureton;29;m;b;raleigh;ray;6926;27613;nc
A;G005931;6993;jeremy;xavier;wright;29;m;b;greenville;college hill suites;329;27858;fl
A;G005932;6994;harry;neil;thompson;77;m;w;greenville;dovedale;2108;27834;nc
A;G005933;6995;adam;garrett;thompson;31;m;u;greenville;silver maple;2160;27858;
A;G005934;6996;robert;lawrence;gaston;71;m;w;greenville;angels end;1405;27858;nc
A;G005935;6997;priscilla;barnhill;smith;51;f;b;greenville;spring forest;930;27834;nc
A;G005936;6998;chelsea;elizabeth;torres;27;f;o;greenville;elm;113;27858;
A;G005936;6999;chelsea;elizabeth torres;blum;27;f;w;fuquay varina;timber meadow lake;341;27526;nc
A;G005937;7000;christy;lynn;mayo;48;f;w;greenville;victoria;125;27834;nc
A;G005938;7001;michael;david;galligan;23;m;w;greenville;treybrooke;800;27834;nc
A;G005939;7002;john;austin;ferguson;24;m;w;greenville;bradford;1809;27858;
A;G005940;7003;mary;jo;smith;69;f;w;stokes;sweet gum grove church;527;27884;nc
A;G005941;7004;rebecca;kelly;sefter;23;f;w;cary;modena;120;27513;nh
A;G005941;7005;rebecca;kelly;sefter;23;f;w;boone;cannon dorm;0;28608;
A;G005942;7006;taylor;elizabeth;nichols;18;f;w;greenville;gateway east hall;329;27858;nc
A;G005943;7007;dawn;yvonne;lewis;43;u;u;raleigh;dogwood;3004;27604;nc
A;G005944;7008;hannah;kathileen;jones;28;f;w;greenville;tyler hall;818;27858;nc
A;G005945;7009;kevin;john;jarrell;30;m;w;greenville;cotanche;635;27858;
A;G005946;7010;jaresa;;simmons;48;f;b;goldsboro;stephens;1402;27530;nc
A;G005946;7011;jaresa;;simmons;48;f;b;stantonsburg;kingswood;7017;27883;nc
A;G005947;7012;emily;rose;holloway;20;f;w;apex;madison creek;2220;27502;
A;G005948;7013;alexander;evan;caporal;21;m;w;greenville;exchange;1920;27858;
A;G005949;7014;blake;aaron;poe;23;m;w;greenville;forbes;1305;27858;
A;G005950;7015;richard;patrick;kirk;68;m;w;bostic;woodgate;579;28018;md
A;G005951;7016;cynthia;dawn;mcentyre;42;f;w;tryon;solen williams;1104;28782;nc
A;G005953;7017;christopher;lawrence;ogles;58;m;u;mill spring;nc hwy 9;6802;28756;fl
A;G005954;7018;vergil;n;slee;101;m;w;brevard;udoque;287;28712;
A;G005955;7019;tina;denise;hutchins;57;f;w;rutherfordton;j hutchins;131;28139;nc
A;G005956;7020;kristin;leigh;phillips;44;f;w;randleman;us hwy 220 bus;8157;27317;nc
A;G005957;7021;thomas;wayne;biggs;64;m;w;ramseur;dove view;3721;27316;va
A;G005957;7022;thomas;wayne;biggs;64;m;w;ramseur;rockie river;4301;27316;va
A;G005958;7023;ariel;ann;gordon;27;f;w;randleman;applewood;3736;27317;nc
A;G005960;7024;stacy;donise goins;moore;39;f;w;archdale;knollwood;4502;27263;nc
A;G005960;7025;stacey;goins;moore;39;f;w;trinity;hoover hill;4762;27370;nc
A;G005961;7026;letreya;antoinette;parker;34;f;b;archdale;brookwood;809;27263;wy
A;G005962;7027;donald;kevin;kearns;41;m;w;asheboro;crestview church;646;27205;nc
A;G005963;7028;carl;wesley;branson;61;m;w;seagrove;us hwy 220;9343;27341;nc
A;G005964;7029;stefanie;jenkins;thomas;36;f;w;pleasant garden;fred east;6019;27313;nc
A;G005965;7030;lashea;ann;brown;28;f;w;asheboro;nc hwy 134;4220;27205;nc
A;G005967;7031;nicholas;ryan;jarrett;23;m;w;archdale;joan;5750;27263;ca
A;G005968;7032;vickie;may;gallimore;51;f;w;archdale;jessica;5243;27263;nc
A;G005970;7033;buddy;junior;mabe;45;m;w;liberty;moffitt;105;27298;de
A;G005971;7034;william;robert;calloway;58;u;u;asheboro;breeze hill;1034;27203;
A;G005971;7035;william;robert;calloway;58;u;u;asheboro;breeze hill;1034;27203;
A;G005973;7036;terry;white;worrell;58;f;w;asheboro;cranford;164;27203;nc
A;G005974;7037;courtney;michelle;foster;38;f;w;randleman;stout;112;27317;fl
A;G005975;7038;andrew;perry;nelson;45;m;w;randleman;old castle;659;27317;nc
A;G005976;7039;alejandro;;paniagua garcia;52;m;o;archdale;aldridge;210;27263;
A;G005976;7040;alejandro;p;garcia;52;m;u;archdale;aldridge;210;27263;oc
A;G005977;7041;carissa;renee;brown;32;f;w;asheboro;lincoln;602;27205;mn
A;G005977;7042;carissa;renee;dollar;32;f;w;ellerbe;jones spring church;1221;28338;mn
A;G005979;7043;collin;grayson;hill;39;m;w;asheboro;oakmont;853;27205;nc
A;G005980;7044;kevin;lee;knestrick;34;m;w;asheboro;mark;858;27205;pa
A;G005981;7045;deborah;diane;mcauley;51;f;w;candor;capel mill;509;27229;nc
A;G005982;7046;randall;dwayne;wright;52;m;w;seagrove;union grove church;7672;27341;ga
A;G005983;7047;gay;collie;nunn;71;f;w;randleman;kelly coltrane;7064;27317;nc
A;G005984;7048;paul;wayne;wicker;74;m;w;liberty;browns meadow;5303;27298;nc
A;G005985;7049;chrystal;dowd;singletary;42;f;b;lumberton;howell;7097;28358;nc
A;G005986;7050;glenn;henry;smith;49;m;w;ramseur;ridge;1301;27316;oc
A;G005989;7051;matisa;lynne;knowles;55;f;w;wake forest;dogwood;158;27587;in
A;G005993;7052;kristy;nichole;inman;34;f;w;trinity;destin;2746;27370;nc
A;G005994;7053;margaret;dehart;mick;73;f;w;trinity;jordan valley;5118;27370;nc
A;G005996;7054;jane;marie;wells dehart;53;f;w;sophia;songbird;2556;27350;nc
A;G005998;7055;don;kermit;mcmahan;81;m;w;archdale;liberty;408;27263;nc
A;G005999;7056;jamie;leigh;krantz;40;f;w;randleman;heritage;105;27317;va
A;G006000;7057;brett;taylor;crisp;32;m;w;randleman;charter oaks;1049;27317;ks
A;G006002;7058;shannon;renee;vanhuss;42;f;w;randleman;rumbley pine;3326;27317;nc
A;G006003;7059;michael;aaron;yuhasz;44;m;w;thomasville;new york;106;27360;oh
A;G006004;7060;alvin;philbert;thomas;45;m;b;randleman;frazier view;731;27317;va
A;G006007;7061;otis;lars;battles;65;m;b;archdale;shady oak;2007;27263;fl
A;G006008;7062;blake;garon;salmons;36;m;w;randleman;windsor place;320;27317;nc
A;G006009;7063;richard;andrew;green;33;m;b;seagrove;gertrude loop;2985;27341;nc
A;G006010;7064;andrea;julia;seiler;44;f;w;archdale;maple grove;202;27263;ks
A;G006011;7065;sierra;dawn;kearns;21;f;w;denton;new hope;5081;27239;nc
A;G006012;7066;eutasha;shadir;harewood;31;f;b;asheboro;southway;402;27205;ny
A;G006013;7067;travis;edward;suits;27;m;w;deep gap;high knolls;172;28618;nc
A;G006014;7068;timothy;michael;thornton;39;m;w;trinity;poplar ridge;4963;27370;nc
A;G006016;7069;george;wallace;patrick;67;m;w;reidsville;us 158;11013;27320;nc
A;G006017;7070;deanna;marie;sturdivant;45;f;b;laurinburg;wilmington;502;28352;nc
A;G006018;7071;jannett;lamourt;suarez;34;f;o;rockingham;aleo ninth;110;28379;fl
A;G006018;7072;jannett;lamourt;garcia;34;f;u;rockingham;new;66;28379;fl
A;G006019;7073;jalen;khalil;legrand;24;m;b;hamlet;hamlet;223;28345;nc
A;G006020;7074;destiny;shae;stewart;25;f;w;hamlet;austin;1010;28345;nc
A;G006021;7075;kathryn;lynn;ashton ingram;32;f;w;lumberton;11th;1109;28358;wv
A;G006022;7076;taylor;paige;morgan;27;f;w;laurinburg;stewartsville cemetery;10680;28352;nc
A;G006023;7077;valerie;m;gerald;59;f;b;rockingham;long;104;28379;pa
A;G006023;7078;valerie;marie;gerald;59;f;b;fairmont;private;39;28340;
A;G006024;7079;keith;alan;covington;38;m;w;rockingham;beane;128;28379;nc
A;G006026;7080;cornelius;parnell;terry;36;m;b;rockingham;allen;1102;28379;nc
A;G006027;7081;michael;darrell;hinson;22;m;b;ellerbe;nc 73;727;28338;nc
A;G006028;7082;gary;locklear;bullard;53;m;i;rockingham;thomas hill;108;28379;nc
A;G006029;7083;margaret;short;gaddy;71;f;b;monroe;bragg;610;28112;nc
A;G006030;7084;kneasha;shakeal;little;24;f;b;ellerbe;green lake;678;28338;tx
A;G006031;7085;donald;;branch;67;m;i;st pauls;broadwell;86;28384;nc
A;G006031;7086;donald;;branch;67;m;i;st pauls;broadwell;86;28384;nc
A;G006032;7087;roberta;lynne;tharp;54;f;w;pembroke;cora lees;174;28372;nc
A;G006033;7088;jan;lowery;bartley;63;f;i;pembroke;3rd;705;28372;nc
A;G006033;7089;jan;marie;lowery;63;f;i;pembroke;3rd;705;28372;nc
A;G006034;7090;robert;l;jones;37;m;b;lumberton;8th;1009;28358;ny
A;G006036;7091;andrea;b;white;44;f;w;bladenboro;old boardman;375;28320;nc
A;G006037;7092;eric;m;evans;49;f;b;lumberton;nealy;290;28360;nc
A;G006038;7093;byron;lee;mcbride;29;m;u;lumberton;phillips;130;28358;nc
A;G006039;7094;robert;lee;davis;66;m;b;lumberton;kite;222;28358;va
A;G006039;7095;robert;l;davis;66;m;b;white oak;john owen;47;28399;va
A;G006040;7096;anniatha;shepard;frazier;67;f;b;lumberton;parrot;91;28360;nc
A;G006040;7097;anniatha;s;frazier mcmillan;67;f;b;lumberton;parrot;91;28360;nc
A;G006041;7098;cryshona;brown;tyson;36;f;u;maxton;patterson;317;28364;nj
A;G006042;7099;anne;philippa;meadows;78;f;u;lumberton;riverside;905;28358;
A;G006043;7100;pamela;wade;lee;49;f;w;lumberton;pine log;4630;28360;nc
A;G006044;7101;patricia;ann;hunt;46;f;i;lumberton;tolarsville;150;28358;nc
A;G006045;7102;aaron;elton;dial;23;m;i;lumberton;chicos;131;28360;nc
A;G006046;7103;vernon;david;mcallister;55;m;b;lumberton;7th;509;28358;nc
A;G006046;7104;vernon;david;mcallister;55;m;u;raleigh;pineland;109;27606;nc
A;G006047;7105;juan;javier;larregur;27;m;b;red springs;lewis mcneill;1370;28377;nc
A;G006047;7106;juan;javier;lerregon;27;m;b;raleigh;south;118;27601;nc
A;G006048;7107;kristin;arelia;brewington;27;f;i;pembroke;stanley;49;28372;nc
A;G006049;7108;dolin;deion;brown;53;m;w;maxton;mccaskil;216;28364;nc
A;G006049;7109;dolin;deion;brown;54;m;m;kelly;bigford;254;28448;nc
A;G006050;7110;mikal;alejandro;polanco;24;m;b;pembroke;railroad;408;28372;
A;G006051;7111;jason;parker;allen;22;m;w;bladenboro;4th;314;28320;nc
A;G006052;7112;chad;john;wells;39;m;w;reidsville;flat rock;1617;27320;nc
A;G006052;7113;chad;john;wells;39;m;w;reidsville;holiday;2497;27320;nc
A;G006053;7114;kathy;lynn;martin;49;f;w;madison;stacy rothrock;1335;27025;nc
A;G006054;7115;otis;gregory;foster;56;m;b;reidsville;vaughn;386;27320;nc
A;G006055;7116;cynthia;laverne;echols;54;f;w;reidsville;rockingham lake;236;27320;nc
A;G006056;7117;joan;higgins;mclaughlin;63;f;w;madison;mineral springs;868;27025;nc
A;G006057;7118;rex;allen;graybill;62;m;w;salisbury;mill wheel;1329;28146;va
A;G006058;7119;mary;elizabeth;knight;60;f;w;reidsville;wolf island;1338;27320;nc
A;G006061;7120;chelsi;ann;tuggle;29;f;w;indian trail;kennerly;309;28079;
A;G006063;7121;judy;marie;poole;54;f;b;reidsville;tipton;530;27320;nc
A;G006064;7122;vera;sharri;matherly;37;f;w;stokesdale;us 220;1716;27357;la
A;G006065;7123;marie;lawson;pulliam;93;f;w;eden;nc 87;11948;27288;nc
A;G006066;7124;william;boyd;housand;68;m;w;mayodan;madison ridge;103;27027;sc
A;G006067;7125;claudia;r;stevens;54;f;w;salisbury;partridge;120;28147;nc
A;G006068;7126;cynthia;ballard;casault;45;f;w;stokesdale;ellisboro;2568;27357;nc
A;G006069;7127;wesley;samuel;poindexter;31;m;b;reidsville;sherwood;1523;27320;ny
A;G006071;7128;raven;nicole;penn;37;f;w;eden;evergreen;400;27288;nc
A;G006072;7129;myia;simone;thomas;39;f;b;reidsville;lawndale;721;27320;nc
A;G006073;7130;christian;omar;segarra;34;m;w;reidsville;swallow;2780;27320;ks
A;G006079;7131;courtnie;marie;parker;30;f;i;reidsville;nc 65;2633;27320;mt
A;G006080;7132;benjamin;porter;fraser;28;m;u;reidsville;pennington;411;27320;pa
A;G006081;7133;justin;alexander;parris;38;m;b;eden;knott;905;27288;nc
A;G006082;7134;howard;zebulon;williams;63;m;w;eden;stadium;126;27288;nc
A;G006085;7135;kathryn;michael;burleson;37;f;w;eden;maplewood;337;27288;nc
A;G006087;7136;george;wilson;white;73;m;b;reidsville;wentworth;709;27320;nc
A;G006089;7137;takellia;lagail;lee;39;f;b;reidsville;us 29 bus;1206;27320;nc
A;G006092;7138;calvin;scott;moyer;69;m;b;eden;gracie;303;27288;nc
A;G006093;7139;robert;allen;thornton;39;m;w;madison;kameron;121;27025;wv
A;G006094;7140;thomas;b;brown;67;m;b;eden;ridge;1304;27288;nj
A;G006095;7141;timothy;john;lilly;54;m;w;stoneville;nc 770;6140;27048;wv
A;G006096;7142;john;aron;mckinnon;43;m;b;reidsville;maiden;1114;27320;nc
A;G006097;7143;paul;christopher;williams;34;m;b;lewiston woodville;martin luther king jr;105;27849;nc
A;G006098;7144;kadarious;detron;williams;26;m;b;lewiston woodville;piney woods;825;27849;nc
A;G006099;7145;timothy;oneal;hardy;33;m;b;raleigh;millbrook woods;2921;27604;va
A;G006099;7146;timothy;o neal;hardy;33;m;b;plymouth;us hwy 64;1494;27962;va
A;G006100;7147;vivian;;clarke;73;f;b;windsor;king;1430;27983;nc
A;G006101;7148;clifton;alden;early;27;m;w;badin;spruce;126;28009;nc
A;G006102;7149;brandi;alexus;hargon;23;f;b;salisbury;foxfire;2611;28147;
A;G006102;7150;brandi;alexis;hargon;23;f;b;salisbury;foxfire;2611;28147;
A;G006103;7151;tracey;michael;furr;41;m;w;albemarle;slack;107;28001;
A;G006104;7152;daniel;alan;mccora;44;m;w;salisbury;ridge;550;28144;va
A;G006104;7153;daniel;alan;mccora;44;m;w;salisbury;henry laurens;126;28147;va
A;G006105;7154;macey;miranda;corl;34;f;w;salisbury;main;1523;28144;nc
A;G006105;7155;macey;miranda;corl;34;f;w;albemarle;hilltop;1451;28001;nc
A;G006106;7156;jaira;elizabeth;hastings;43;f;w;salisbury;brookshire;117;28146;nc
A;G006107;7157;brittany;leigh ann;osborne;33;f;w;spencer;herman;101;28159;nc
A;G006108;7158;charlena;marie;herron;30;f;w;salisbury;mountain view;275;28147;nc
A;G006109;7159;briana;marie;renaldi;30;f;w;china grove;old beatty ford;2185;28023;nc
A;G006110;7160;brianna;nichole;el;24;f;b;salisbury;innes;2300;28144;
A;G006111;7161;dorothy;marie;campbell;56;f;b;salisbury;woodleaf;2205;28147;
A;G006112;7162;robin;neal;sandidge;52;m;w;gold hill;old beatty ford;19750;28071;ga
A;G006113;7163;leslie;sharon;king;57;f;w;landis;beaver;215;28088;ny
A;G006114;7164;elizabeth;livengood;bost;35;f;w;salisbury;zeb;175;28144;nc
A;G006114;7165;elizabeth;livengood;bost;35;u;w;locust;old mill;18835;28097;
A;G006115;7166;serena;garner;cowan;24;f;b;salisbury;stoneybrook;140;28147;nc
A;G006116;7167;jeffrey;aaron;youngblood;35;m;w;salisbury;ned marsh;365;28146;nc
A;G006116;7168;jeffrey;aaron;youngblood;35;m;w;raleigh;pitching wedge;1423;27603;nc
A;G006117;7169;robert;madison;currin;36;m;w;salisbury;muirfield;323;28144;nc
A;G006118;7170;howard;lewis;hoyle;52;m;b;kannapolis;cannon;1808;28083;nc
A;G006119;7171;kelly;rae;greene;29;f;w;salisbury;woodland creek;221;28147;
A;G006121;7172;robyn;brown;medina;55;f;w;salisbury;settlers grove;162;28146;nc
A;G006122;7173;gina;spivey;smith;58;f;w;rockwell;edgar;1095;28138;nc
A;G006122;7174;gina;spivey;smith;58;f;w;rockwell;cedar hill;1020;28138;nc
A;G006123;7175;daniel;marcos;torres;33;m;w;salisbury;airport;2867;28147;ny
A;G006125;7176;ronnie;michael;brown;58;m;w;china grove;lentz;1665;28023;nc
A;G006126;7177;joseph;;eaddy;50;m;b;salisbury;ashwood;1030;28146;sc
A;G006128;7178;donald;thomas;cooper;62;m;w;salisbury;maxwell;1232;28144;ny
A;G006129;7179;austin;jeffrey;miller;26;m;w;albemarle;honeysuckle;900;28001;ca
A;G006130;7180;james;rayford;cartner;70;m;w;salisbury;waters;430;28146;nc
A;G006132;7181;steven;max;arrowood;64;m;w;forest city;trojan;283;28043;nc
A;G006133;7182;michele;antionette;brown;37;f;u;rutherfordton;brown;181;28139;nc
A;G006134;7183;evelyn;ann;morgan;52;f;w;bostic;depriest;1561;28018;nc
A;G006135;7184;elizabeth;rachel;wood;38;f;w;raleigh;parkridge;1101;27605;nc
A;G006136;7185;michael;jarrett;whiteside;39;m;b;ellenboro;piney mtn church;308;28040;nc
A;G006137;7186;sonya;glenn;lovelace;46;f;w;mooresboro;hines;714;28114;sc
A;G006138;7187;shane;michael;dodson;49;m;w;ellenboro;apex;138;28040;nc
A;G006139;7188;latoya;shemia;petty;30;f;b;knightdale;plexor;1605;27545;sc
A;G006139;7189;la toya;shemia;petty;30;u;u;raleigh;crossroads vista;1731;27606;
A;G006140;7190;melvin;francis;harr;54;m;w;clarkton;grove;20;28433;md
A;G006141;7191;george;albert;johnson;55;m;w;dunn;trinity;547;28334;nc
A;G006141;7192;george;albert;johnson;55;m;w;dunn;trinity;547;28334;nc
A;G006143;7193;johnnie;harold;mcphail;69;m;b;goldsboro;spence;700;27534;nc
A;G006144;7194;ashley;marie;long;37;f;w;harrells;nc 210;430;28444;nc
A;G006145;7195;princess;michelle;cooper;37;f;u;salemburg;lakewood school;1321;28385;
A;G006146;7196;joshua;andrew;gaddy;37;m;w;clinton;powell;310;28328;nc
A;G006147;7197;gina;kay;whitehead;26;f;w;roseboro;little coharie;189;28382;nc
A;G006149;7198;malinda;;newman;40;f;u;dunn;mingo church;2063;28334;
A;G006150;7199;meredith;kay;boyette;33;f;w;clinton;carr church;705;28328;nc
A;G006153;7200;jonathan;michael;byrd;32;m;w;dunn;rb tart;205;28334;oc
A;G006154;7201;julie;joylynn;horrell;33;f;w;knightdale;traebert;475;27545;co
A;G006155;7202;micialea;sharda;terry;33;f;b;laurinburg;salley mcnair;21621;28352;
A;G006156;7203;shannon;smith;beasley;40;f;w;goldsboro;cottonwood;302;27530;nc
A;G006157;7204;anthony;rasheim;johnson;37;m;b;raleigh;offshore;4225;27610;nc
A;G006157;7205;anthony;;johnston;37;m;b;raleigh;melrose ridge;3411;27603;nc
A;G006158;7206;brittany;diane;faulk;29;f;m;laurinburg;church;233;28352;nc
A;G006159;7207;shirley;;thomas zeigler;65;f;b;raleigh;sunbow falls;1532;27609;ny
A;G006161;7208;sarah;danielle;yandle;30;f;w;locust;mission church;12241;28097;nc
A;G006162;7209;eleanor;jo;moore;79;f;w;new london;oak;107;28127;nc
A;G006163;7210;anna;elizabeth;gaddy;34;f;w;norwood;allenton;337;28128;nc
A;G006164;7211;daniel;nguyen;schreifer;66;m;w;matthews;coatsdale;2112;28104;
A;G006164;7212;daniel;n;schreifer;66;m;w;matthews;shadow lake;3417;28104;oc
A;G006165;7213;brandon;philip;smith;24;m;w;monroe;morgan mill;8824;28110;nc
A;G006166;7214;kymberlee;charmayne;bradley;26;f;b;norwood;clearview;100;28128;nc
A;G006167;7215;annie;ruth;luther;84;f;w;albemarle;south business 52;24724;28001;nc
A;G006168;7216;jared;matthias;speight;32;m;w;albemarle;greenwood park;3107;28001;hi
A;G006170;7217;josephine;smith;lambert;73;f;w;albemarle;burleson;27038;28001;nc
A;G006170;7218;josephine;s;lambert;73;f;w;albemarle;burleson;27038;28001;
A;G006171;7219;shirley;anne;faulkenbury;61;f;w;albemarle;north;219;28001;sc
A;G006172;7220;roberta;carol;miller;55;f;w;goldsboro;long leaf;115;27534;nc
A;G006173;7221;kristy;lamour;ross;34;f;b;albemarle;liberty;1411;28001;
A;G006174;7222;tommy;wayne;long;62;m;w;monroe;quail ridge;2105;28110;
A;G006175;7223;ralph;anthony;testa;65;m;w;indian trail;edgeview;3711;28079;ny
A;G006176;7224;ashleigh;anne;murray;34;f;w;norwood;maple;49252;28128;md
A;G006177;7225;adam;brent;drye;37;m;w;norwood;lakeview;17044;28128;
A;G006178;7226;kenneth;stephen;hopkins;29;m;w;king;natalie;224;27021;nc
A;G006179;7227;trey;tyler;dudley;22;m;w;king;nc 66 hwy s;4356;27021;nc
A;G006181;7228;jamie;renee;ball;29;f;w;siloam;quaker church;1149;27047;nc
A;G006181;7229;jamie;renee;inman;29;f;w;mount airy;starwood;241;27030;nc
A;G006183;7230;kelly;erin;graham;32;f;u;king;maple;138;27021;
A;G006185;7231;robert;thomas;jones;41;m;w;yadkinville;wilson;105;27055;nc
A;G006186;7232;tiffany;anne;ellis;33;f;w;pine hall;us 311 hwy n;3591;27042;nc
A;G006187;7233;mark;anthony;marion;59;m;w;westfield;windyhill;1193;27053;
A;G006187;7234;mark;anthony;marion;59;m;w;westfield;windy hill;1193;27053;nc
A;G006188;7235;james;ronnie;joyce;69;m;w;madison;k fork;1761;27025;nc
A;G006189;7236;riley;wade;shaw;21;m;w;mount airy;summit;122;27030;va
A;G006190;7237;hailey;samantha;chilton;28;f;w;germanton;pool side;1095;27019;nc
A;G006191;7238;mary;elizabeth;whittington;40;f;w;pilot mountain;arthur needham;295;27041;nc
A;G006192;7239;randy;steven;godsey;52;m;w;pinnacle;hunter trail;1020;27043;nc
A;G006194;7240;pamela;marion;parker;58;f;w;pilot mountain;jenny;143;27041;nc
A;G006195;7241;richard;allen;bennett;46;m;w;elkin;pinewood;212;28621;nc
A;G006195;7242;richard;allen;bennett;46;m;w;elkin;shamrock;405;28621;nc
A;G006196;7243;brittney;marie;morton;23;f;w;state road;mountain park;602;28676;va
A;G006197;7244;laken;hall;simpson;27;f;w;mount airy;old creed;888;27030;nc
A;G006198;7245;misty;dawn;goodwill;39;f;w;state road;forest;1316;28676;nc
A;G006199;7246;dawn;collins;wilmoth;36;f;w;state road;adams ridge;294;28676;nc
A;G006199;7247;dawn;collins;southard;36;f;w;state road;grapevine;347;28676;nc
A;G006200;7248;anita;dawn;ramirez;41;f;w;raleigh;angelus;1212;27610;in
A;G006200;7249;anita;dawn;ramirez;41;f;w;jonesville;swan creek;5500;28642;in
A;G006201;7250;amanda;jean;buchanan;29;f;w;raleigh;highline;6820;27616;nc
A;G006202;7251;marty;andrews;cave;33;m;w;north wilkesboro;ridge run;155;28659;nc
A;G006203;7252;emily;money;white;44;f;w;elkin;salem fork;534;28621;nc
A;G006203;7253;emily;phyllis;money;44;f;w;elkin;main;774;28621;nc
A;G006203;7254;emily;phyllis;money;44;f;w;elkin;bourbon;235;28621;nc
A;G006204;7255;danny;frank;talley;58;m;w;yadkinville;tyler;112;27055;nc
A;G006205;7256;doris;ann;mckay;46;f;w;elkin;mining ridge ch;4616;28621;sc
A;G006205;7257;doris;ann;mckay;46;f;w;state road;mining ridge church;4616;28676;sc
A;G006206;7258;ryan;michael;collins;29;m;w;state road;adams ridge;230;28676;
A;G006208;7259;elizabeth;harrell;lawrence;27;f;w;boone;woodhaven;167;28607;nc
A;G006209;7260;tommy;jackson;rucker;63;m;w;yadkinville;baity;3116;27055;nc
A;G006210;7261;marie;ringwald;leeds;46;f;w;raleigh;virginia dare;2120;27610;oh
A;G006211;7262;darrell;gray;tate;54;m;w;wilkesboro;fairwood;156;28697;nc
A;G006212;7263;joseph;bratton;simpson;57;m;w;elkin;ivy;120;28621;nc
A;G006213;7264;jonathon;kendall;cawley;27;m;w;mount airy;country club;508;27030;nc
A;G006214;7265;leone;hurst;niccum;67;f;w;mount airy;marshall;406;27030;va
A;G006215;7266;angelica;heilman;woodson;36;f;w;state road;poplar springs;3892;28676;mo
A;G006216;7267;justin;wayne;russell;30;m;w;elkin;elk spur;657;28621;nc
A;G006217;7268;stephanie;leann;murphy;30;f;w;state road;mountain park;596;28676;nc
A;G006218;7269;mildred;brantley;williams;69;f;w;elkin;ivy;200;28621;nc
A;G006219;7270;paige;;nance;47;u;w;jonesville;bridge;115;28642;
A;G006220;7271;garry;steven;cardwell;71;m;w;plymouth;hazel;112;27962;nc
A;G006222;7272;ceegee;chevon;bird;35;f;i;cherokee;birdtown;760;28719;nc
A;G006223;7273;katherine;witten;williams;32;f;w;penrose;danielle;30;28766;nc
A;G006224;7274;clarabelle;johnson;smith;75;f;b;pisgah forest;smith;99;28768;nc
A;G006224;7275;clarabelle;johnson;smith;75;f;b;pisgah forest;smith;99;28768;nc
A;G006225;7276;cheryl;jean;winn;58;u;w;brevard;johnson;44;28712;in
A;G006226;7277;luther;martin;ambrose;61;m;w;plymouth;cherry;107;27962;nc
A;G006227;7278;deshauna;denise;ottley;25;f;b;dublin;4th;149;28332;ny
A;G006228;7279;teresa;joe;mckoy;60;f;b;elizabethtown;frank melvin;409;28337;nc
A;G006228;7280;teresa;joe;mckoy;60;f;b;elizabethtown;blue moon;132;28337;nc
A;G006229;7281;david;;troy;67;m;b;elizabethtown;mercer mill;209;28337;nc
A;G006230;7282;kenneth;wayne;locklear;51;m;i;dudley;durham lake;664;28333;
A;G006231;7283;terry;a;burnette;50;m;b;clarkton;rosindale;2693;28433;nc
A;G006232;7284;jervis;garrett;allen;29;m;b;riegelwood;east arcadia;1059;28456;nc
A;G006233;7285;rickey;dale;brockington;33;m;b;elizabethtown;owen hill;3570;28337;nc
A;G006235;7286;chelsea;dawn;bates;31;f;w;raleigh;resolution;3202;27603;nc
A;G006236;7287;laura;marie;turner;32;f;w;waxhaw;rockwood;4520;28173;oh
A;G006237;7288;paul;allan;schaefer;58;m;w;apex;moneta;5121;27539;id
A;G006238;7289;miana;lee mihaela;huneycutt;27;f;o;waxhaw;new town;5203;28173;oc
A;G006239;7290;anna;michelle;boswell;45;f;w;wingate;belk mill;3322;28174;nc
A;G006240;7291;kaitlin;michelle;thomas;24;f;w;matthews;fairfield;15621;28104;sc
A;G006240;7292;kaitlin;michelle;thomas;24;f;w;boone;stadium heights frank dorm;342;28608;sc
A;G006242;7293;michelle;lee;goelzer;45;f;w;monroe;prospect pointe;6828;28112;nc
A;G006243;7294;charlotte;talley;boyd;25;f;w;wingate;burris;225;28174;nc
A;G006244;7295;kaci;heath;burgos;30;f;w;monroe;hunters trace;119;28110;nc
A;G006245;7296;patricia;elizabeth;mickel;68;f;w;monroe;wood duck point;516;28112;nc
A;G006247;7297;susan;carol;copeland;76;f;w;monroe;willoughby;1101;28110;
A;G006247;7298;susan;carol;copeland;76;f;w;monroe;lexington;2204;28112;mn
A;G006248;7299;susan;isenhour;reynolds;42;f;w;indian trail;gray farm;3018;28079;nc
A;G006249;7300;olivia;rose;schwaner;19;f;w;indian trail;sandbox;3008;28079;va
A;G006251;7301;christopher;william;garrett;40;m;w;waxhaw;cotton top;5408;28173;wv
A;G006253;7302;michael;e;carter;71;m;w;knightdale;laurens;1208;27545;md
A;G006254;7303;charles;jerome;myers;43;m;b;raleigh;sunny madison;2707;27604;va
A;G006255;7304;bryan;edward;stover;49;m;w;waxhaw;poplar grove;8211;28173;nj
A;G006256;7305;richard;hilton;jones;66;m;w;monroe;pageland;7308;28112;
A;G006258;7306;margaret;page;cotter;20;u;w;raleigh;avent ferry;3501;27606;
A;G006259;7307;james;arthur;cavanaugh;59;m;w;waxhaw;creek manor;2612;28173;nj
A;G006260;7308;lisa;d;hatley;56;f;w;monroe;goldmine;3009;28110;
A;G006262;7309;tukisha;rochelle;garris;43;f;b;monroe;charlotte;1203;28110;sc
A;G006264;7310;tara;kathleen;brelinsky;47;f;m;zebulon;nc 39;2425;27597;nj
A;G006265;7311;daniel;;elliott;45;m;b;henderson;lynn haven;147;27536;nc
A;G006266;7312;michelle;ann;frazier;47;f;w;henderson;waters edge;519;27537;ma
A;G006267;7313;wayne;anthony;richardson;54;m;b;henderson;summerfield;116;27537;nc
A;G006268;7314;cleo;a;lee;71;f;b;henderson;allison cooper;1267;27537;nc
A;G006268;7315;cled;allen;lee;71;f;b;henderson;holly;106;27536;nc
A;G006269;7316;marie;diane;hilliard;61;f;w;henderson;vance academy;441;27537;nc
A;G006270;7317;hoytte;douglas;herrin;69;m;w;henderson;stratford;94;27537;nc
A;G006271;7318;jonathan;edward;ayscue;35;m;w;kittrell;bobbitt;2536;27544;nc
A;G006272;7319;antoine;maurice;chase;40;m;b;manson;bullocksville;704;27553;pa
A;G006273;7320;joelle;lane;pernell;22;f;w;kittrell;timothy;319;27544;
A;G006273;7321;joelle;lane;pernell;22;f;w;kittrell;timothy;319;27544;
A;G006274;7322;caila;chanice;harris;24;f;m;henderson;gun club;705;27537;fl
A;G006275;7323;jeffrey;mathew;byrom;29;m;w;raleigh;bledsoe;413;27601;va
A;G006278;7324;brenda;faye;martin;57;f;b;henderson;eaton;936;27536;nc
A;G006279;7325;jatoya;shanika;terry;29;f;b;henderson;walter bowen;569;27537;nc
A;G006280;7326;paketia;;branche;48;u;b;raleigh;brentwood;3827;27604;
A;G006282;7327;geneva;d;davis;88;f;b;henderson;parkview;230;27536;
A;G006283;7328;david;nathan;fairey;32;m;w;henderson;parham;501;27536;nc
A;G006284;7329;betty;ann;leak;55;f;b;henderson;raleigh;2032;27536;nc
A;G006285;7330;preston;foster;ricks;28;m;b;henderson;lehman;913;27536;nc
A;G006286;7331;shirley;jones;fuller;71;u;b;raleigh;calliope;2701;27616;nc
A;G006287;7332;stanley;wayne;roberson;61;m;b;henderson;sims;2618;27536;nc
A;G006290;7333;debra;denise;gregory;56;f;b;henderson;chestnut;406;27536;nc
A;G006291;7334;emily;evans;barneycastle;29;f;w;henderson;carolina;935;27536;nc
A;G006292;7335;adaryll;b;windley;42;m;b;raleigh;dudley;1505;27610;nc
A;G006293;7336;kandi;l;privette;49;f;w;wake forest;purnell;4800;27587;oc
A;G006293;7337;kandi;privette;bailey;49;f;w;wake forest;stony hill;7641;27587;wa
A;G006294;7338;james;michael;defrancisco;57;m;w;raleigh;lynn ridge;3220;27613;ny
A;G006295;7339;james;edward;norris;43;m;b;raleigh;madison ridge;6841;27613;nc
A;G006296;7340;marion;tyrone;covington;64;m;b;raleigh;madison ridge;6800;27613;nc
A;G006296;7341;marion;t;covington;64;m;b;raleigh;pendleton lake;649;27614;nc
A;G006297;7342;ryan;david;moody;35;m;w;cary;blackshoals;600;27511;nc
A;G006298;7343;ambre;dawn;robinson;29;f;w;raleigh;melrose ridge;3410;27603;tx
A;G006299;7344;james;;mitchelll;54;m;b;raleigh;calvary;3147;27604;nj
A;G006299;7345;james;;mitchelll;54;m;b;raleigh;calvary;3147;27604;nj
A;G006301;7346;ryan;lamar;givens;29;m;b;garner;burnham;108;27529;nc
A;G006302;7347;tiesa;nekeya;brown;42;f;b;raleigh;woods;3020;27607;nc
A;G006303;7348;billie;jo marie;leonka;44;f;w;holly springs;steeple;309;27540;il
A;G006303;7349;billie jo;marie;leonka;44;f;w;holly springs;steeple;309;27540;il
A;G006304;7350;shamar;anthony;herndon;34;m;b;wendell;raven perch;1133;27591;va
A;G006304;7351;shamar;anthony;herndon;34;m;b;wendell;raven perch;1133;27591;va
A;G006305;7352;ajani;quinzel;rumph;27;m;b;raleigh;brentwood;3830;27604;ny
A;G006306;7353;kaitlyn;elizabeth christina;scales;25;f;w;apex;brycker;1303;27502;nj
A;G006307;7354;hunter;patrick;mcmillian;26;m;w;raleigh;ncsu bragaw;0;27607;va
A;G006308;7355;donal;levi;brooks;61;m;b;raleigh;white pine;4133;27612;nc
A;G006309;7356;holly;parker;calabro;47;f;w;raleigh;alpine;5416;27609;
A;G006310;7357;otha;;tomlinson;41;m;b;raleigh;londonderry;1313;27610;
A;G006310;7358;otha;;thomlison;44;u;b;raleigh;londonderry;1313;27610;nc
A;G006310;7359;otha;;tomlison;41;u;u;raleigh;londonderry;1313;27610;
A;G006311;7360;delton;larod;lyons;36;m;b;apex;arrowhead;4617;27539;nc
A;G006311;7361;delton;larod;lyors;36;m;b;apex;arrowhead;4617;27539;
A;G006312;7362;elizabeth;joy;bohmfalk thawley;53;f;w;cary;swiss lake;217;27513;me
A;G006313;7363;delton;;brown;57;m;b;raleigh;spring glen;5904;27616;nc
A;G006313;7364;delton;wayne;brown;57;m;b;raleigh;spring glen;5904;27616;nc
A;G006314;7365;shawn;robert;hall;32;m;w;lagrange;dobbs county courthouse;116;28551;ar
A;G006315;7366;fred;;knight;48;m;b;raleigh;lumpkin;112;27610;ny
A;G006317;7367;shamakia;verlicia;brice;28;f;b;raleigh;cotton;825;27601;nc
A;G006317;7368;brice;v;shamakia;28;f;b;raleigh;cotton;825;27601;nc
A;G006318;7369;helen;delores;bullock;65;f;b;raleigh;bloodworth;700;27601;
A;G006318;7370;helen;delores;brown bullock;65;f;a;raleigh;bloodworth;700;27601;oc
A;G006319;7371;jaikira;alicze;rasberry;20;u;b;raleigh;south;118;27601;
A;G006321;7372;ashley;marie;winefordner;19;f;w;apex;gullane;116;27502;nc
A;G006321;7373;ashley;marie;winefordner;19;f;w;apex;gullane;116;27502;nc
A;G006322;7374;james;john;fischetti;54;m;w;raleigh;hopeton;2109;27614;md
A;G006322;7375;james;j;fischetti;54;m;w;wake forest;chouder;7421;27587;md
A;G006323;7376;stephen;mial;williamson;34;m;w;boone;king;493;28607;ga
A;G006324;7377;michael;edward;woodhouse;25;m;w;raleigh;garden view;13010;27614;ny
A;G006324;7378;michael;edward;woodhouse;25;m;w;boone;westin way;296;28607;ny
A;G006325;7379;redirra;lashawn;sutton;20;f;b;raleigh;south;118;27601;
A;G006325;7380;keairra;lashawn;sutton;20;f;b;raleigh;south;118;27601;nc
A;G006326;7381;kelly;fisher;severson;36;f;w;raleigh;blaydon;2714;27606;nc
A;G006328;7382;allison;decarlo;vick;31;f;w;raleigh;carlisle;1105;27610;nc
A;G006328;7383;rebecca;allison;decarlo;31;f;w;raleigh;hawser;1000;27606;nc
A;G006329;7384;trenae;;cash;23;f;b;apex;cortland;2909;27539;sc
A;G006329;7385;trenae;deatrice;cash;23;f;b;boone;bodenheimer;536;28607;
A;G006330;7386;adrian;t;sutton;36;m;b;raleigh;pender;1118;27610;nc
A;G006331;7387;samuel;taylor;erving;41;m;b;raleigh;smoke;2808;27610;co
A;G006332;7388;phyllis;;atkinson;69;f;b;raleigh;fisher;420;27610;nc
A;G006332;7389;phyllis;terry;jacobs;69;u;u;raleigh;raleigh;1301;27610;
A;G006333;7390;pamela;jo;anderson;61;f;w;raleigh;falcon rest;7767;27615;nc
A;G006333;7391;pamela;jo;anderson;61;f;w;morrisville;kathleen;109;27560;nc
A;G006334;7392;christy;;whitehead;32;f;m;raleigh;canolder;12444;27614;va
A;G006335;7393;john;;jay;34;m;w;apex;flying hawk;1300;27523;nc
A;G006335;7394;john;capell;jay;35;m;w;raleigh;state;1104;27601;nc
A;G006336;7395;amanda;karas;loebach;36;f;w;raleigh;kennington park;14113;27614;ct
A;G006337;7396;deborah;s;walker;46;f;u;cary;lakeside lofts;2127;27513;va
A;G006338;7397;braxton;sterling;oneal;29;m;w;raleigh;greek;3408;27606;nc
A;G006339;7398;ray;anthony;jackson;64;m;b;raleigh;acc;7728;27617;nc
A;G006340;7399;bearta;ramez;powell;52;u;o;raleigh;sparrow pond;3817;27606;nc
A;G006340;7400;bearta;ramez;powell;52;u;o;raleigh;the arts;1537;27603;nc
A;G006341;7401;delvin;leon;heath;35;m;b;knightdale;pine forest;1102;27545;nc
A;G006341;7402;delvin;leon;heath;35;m;b;raleigh;dana;5415;27606;nc
A;G006342;7403;tiffany;shantelle;jones;34;f;b;wendell;grange;123;27591;nj
A;G006342;7404;tiffany;shantelle;hunter;34;f;b;raleigh;new hope;5007;27604;nj
A;G006343;7405;sean;burgess;hess;28;m;w;raleigh;coleman;642;27610;va
A;G006344;7406;amber;chantai;riley;32;f;b;raleigh;landing brook;3924;27616;dc
A;G006346;7407;chon;oneil;eason;50;m;b;raleigh;shadetree;6021;27613;nc
A;G006347;7408;aaron;grover;prestrud;25;m;w;apex;chapel ridge;1313;27502;nc
A;G006349;7409;samantha;faye;wathen;24;f;w;garner;poplar;1102;27529;nc
A;G006350;7410;gretchen;teresa;gary;52;f;w;raleigh;silver sage;1200;27606;ny
A;G006351;7411;stephanie;marie;jones;35;f;w;raleigh;worchester;4700;27604;az
A;G006351;7412;stephanie;marie;jones;35;f;w;raleigh;worchester;4700;27604;az
A;G006352;7413;beverly;dawn;johnson;70;f;w;raleigh;brookwood;2701;27603;nc
A;G006353;7414;martika;tychele;reed;24;f;b;raleigh;new bern;524;27601;
A;G006354;7415;irma;white;cullipher;66;f;w;raleigh;summer;3704;27604;nc
A;G006354;7416;irma;white;cullipher;66;f;w;raleigh;summer;3704;27604;nc
A;G006355;7417;joshua;jay;bardwell;39;m;w;cary;westover hills;503;27513;ca
A;G006356;7418;lorrin;elizabeth;plyler;29;f;w;boone;blowing rock panhellenic;949;28608;nc
A;G006357;7419;edith;edward;manners;54;u;u;wake forest;barham siding;5604;27587;nc
A;G006358;7420;janice;ruth;lassiter;55;u;u;raleigh;swain;420;27601;
A;G006358;7421;janice;s;lassiter;65;f;b;raleigh;swain;420;27601;nc
A;G006359;7422;jaeyeon;;kim;35;f;o;cary;vallonia;4260;27519;
A;G006360;7423;wei;song;kelly;43;f;a;cary;shergold;5236;27519;oc
A;G006360;7424;wei;song;kelly;43;f;a;cary;shergold;5236;27519;oc
A;G006361;7425;yusuf;ali;simonson;31;u;m;raleigh;washington;611;27605;
A;G006362;7426;karen;m;knight;64;f;w;raleigh;hammersmith;6508;27613;oc
A;G006363;7427;rosemary;;brozovich;69;f;w;raleigh;shiloh creek;8321;27616;wv
A;G006364;7428;delwynne;;lennon;58;m;b;raleigh;cahaba;5412;27616;nc
A;G006366;7429;james;b;townsend;58;m;w;raleigh;stratton;6028;27609;nc
A;G006366;7430;james;b;townsend;58;m;w;raleigh;stratton;6028;27609;nc
A;G006367;7431;juliette;e;steward;43;f;b;raleigh;tee dee;1913;27610;oc
A;G006367;7432;juliette;e;steward;71;f;b;raleigh;tee dee;1913;27610;oc
A;G006368;7433;karla;d;webber;49;f;w;raleigh;glenwood;3939;27612;ky
A;G006369;7434;kurt;robert;blomquist;34;m;w;raleigh;shire;3228;27606;md
A;G006369;7435;kurt;robert;blomywist;34;m;w;raleigh;claiborne;1629;27606;md
A;G006370;7436;katherine;anderson;kermiar;75;f;w;goldsboro;langston;2710;27534;nc
A;G006371;7437;brian;ross;mccrum;43;m;w;cary;oscar;202;27513;mi
A;G006374;7438;sheila;wall;cassady;45;f;b;raleigh;malone;1819;27610;nc
A;G006374;7439;sheila;renee;cassady;45;f;b;raleigh;cricket ridge;1517;27610;nc
A;G006375;7440;stephanie;michelle;santos;49;f;w;wake forest;thornrose;1043;27587;ky
A;G006376;7441;jose;dewata;pender;51;m;b;wilson;martin luther king jr;3208;27893;nc
A;G006377;7442;paul;thomas;eldridge;32;m;w;raleigh;ravelstone;4909;27610;oc
A;G006378;7443;monica;;griffin;53;f;b;raleigh;alston;527;27601;nc
A;G006379;7444;amee;brackett;wojdyla;38;f;w;apex;hollyhock;219;27539;nc
A;G006379;7445;amee;elizabeth;bracket;38;f;w;wendell;commander;505;27591;oc
A;G006380;7446;eric;allen;mann;47;m;w;morrisville;claret;2114;27560;oc
A;G006380;7447;eric;allen;mann;47;m;w;wilson;summit;4913;27896;oc
A;G006383;7448;stuart;edmund;brown;41;m;w;raleigh;racine;7232;27615;sc
A;G006384;7449;tracy;annette;millard;37;f;b;raleigh;ripley station;3021;27610;dc
A;G006384;7450;tracy;annette;hillard;37;f;b;raleigh;marble;523;27603;dc
A;G006384;7451;tracy;annette;hillard;37;f;b;raleigh;cox;112;27605;
A;G006385;7452;roger;lee;massey;34;m;w;wake forest;creedmoor;15113;27587;pa
A;G006386;7453;donte;devon;mangum;22;m;b;apex;sunset lake;4728;27539;nc
A;G006386;7454;donte;devon;mangum;22;m;b;apex;sunset lake;4728;27539;nc
A;G006387;7455;jaime;delrae lester;lester;31;f;u;raleigh;woodline;1313;27603;
A;G006387;7456;jaime;delrae lester;williams;31;f;u;raleigh;woodline;1313;27603;
A;G006388;7457;adrianne;mari;allen;36;f;w;wake forest;thornrose;1142;27587;ca
A;G006389;7458;christopher;levon;mcnair;40;m;b;raleigh;pecan;209;27603;nc
A;G006390;7459;emontea;ian;gaines bland;26;m;b;raleigh;addison;1008;27610;va
A;G006392;7460;veronica;jean;miller;65;f;w;pikeville;big daddys;210;27863;ct
A;G006393;7461;faye;n;knight;41;f;b;raleigh;falls of neuse;5608;27609;nc
A;G006393;7462;faye;nant e;knight;41;f;b;plymouth;clark;112;27962;nc
A;G006394;7463;beroski;n;huguley;28;m;b;raleigh;kent;1303;27606;al
A;G006394;7464;beroski;narez;huguley;28;m;b;raleigh;wolftech;2021;27603;al
A;G006395;7465;yazmari;;matos rodriguez;31;f;o;raleigh;hensley;409;27615;oc
A;G006395;7466;yazmari;;matos;31;f;w;raleigh;quail hollow;3302;27609;pr
A;G006396;7467;christopher;john;gagel;21;m;w;willow spring;ladora;7617;27592;ny
A;G006397;7468;sapphira;jonas;mohammad;23;u;u;raleigh;evergreen;1819;27603;
A;G006397;7469;sapphira;jonas;mohammad;23;u;u;raleigh;evergreen;1819;27603;
A;G006398;7470;kate;elizabeth;miller;24;f;w;boone;clint norris;706;28607;pa
A;G006400;7471;amber;y;vance;41;f;w;zebulon;pearces;1100;27597;nc
A;G006401;7472;reginald;;howard;46;m;b;raleigh;taylor oaks;4132;27616;nc
A;G006403;7473;laura;anne;wilt;46;f;w;wake forest;stroud;860;27587;il
A;G006404;7474;laura;beth;aldridge;34;f;w;raleigh;woodwyck;2213;27604;nc
A;G006405;7475;arthur;william;murphy;42;m;w;raleigh;boxwood;4204;27612;oc
A;G006407;7476;joshalyn;;butts;48;f;b;raleigh;shellbrook;914;27609;ny
A;G006408;7477;renee;michele;stein;46;f;w;raleigh;wheelerbrook;2208;27603;pa
A;G006408;7478;renee;michele;stein;46;f;w;boone;wild turkey;230;28607;pa
A;G006409;7479;dyretta;chermore;denkins;39;f;b;raleigh;lightner;205;27610;nc
A;G006409;7480;dyretta;chermore;denkins;39;f;b;raleigh;lightner;205;27610;nc
A;G006411;7481;donna;marie;ekberg;56;f;w;fuquay varina;longhorn;6009;27526;oc
A;G006411;7482;donna;m;ekberg;56;f;w;fuquay varina;longhorn;6009;27526;ny
A;G006412;7483;christin;kiel;johnson;33;f;w;raleigh;makena;5104;27615;wv
A;G006413;7484;kathryn;marie;meyer;43;f;w;raleigh;astro;3412;27604;nj
A;G006413;7485;kathryn;m;conlin;43;f;w;raleigh;plainview;210;27604;nj
A;G006414;7486;dulcie;lee;carter;52;f;i;cary;alexan;1112;27519;
A;G006414;7487;dulcie;lee;carter;52;f;i;apex;sunny creek;4304;27502;nc
A;G006416;7488;leah;delaine;chandler;24;f;w;raleigh;candlelight oaks;8313;27603;nc
A;G006416;7489;leah;chandler;byrd;24;f;u;raleigh;mill creek;2804;27603;
A;G006417;7490;david;james;gutierrez;32;m;w;cary;joshua glen;275;27519;ut
A;G006418;7491;melody;lynn;artis;36;f;b;goldsboro;seymour;443;27530;nc
A;G006419;7492;david;leon;ortiz;59;m;w;raleigh;millbrook woods;2911;27604;ny
A;G006419;7493;david;;leon;59;m;u;raleigh;millbrook woods;2911;27604;
A;G006420;7494;jacqueline;samanthia;gilmore;53;f;b;raleigh;neeley;4022;27606;nc
A;G006420;7495;jacqueline;samantha;gilmore;53;f;b;raleigh;smithdale;602;27606;nc
A;G006422;7496;shawn;tyler;redfield;50;u;u;wake forest;fanning;1117;27587;
A;G006423;7497;kaitlyn;;class;23;m;w;boone;lynn hill;228;28607;
A;G006424;7498;sammantha;gale;jones;51;f;b;raleigh;montague;411;27601;nc
A;G006427;7499;jarod;bryne;hoffman;20;m;w;cary;waterford forest;1838;27513;wv
A;G006428;7500;julie;ann;stoebe;47;f;w;raleigh;brookside;1410;27604;in
A;G006428;7501;julie;ann;stoebe;47;f;w;raleigh;friar tuck;948;27610;in
A;G006429;7502;josephine;;byers;75;f;w;apex;mill hopper;501;27502;oc
A;G006432;7503;sondra;favor;shepley;36;f;w;apex;checker;109;27502;pa
A;G006434;7504;kristin;m;zaterka;53;f;w;apex;purple glory;1012;27502;oc
A;G006437;7505;geoffrey;;middlebrooks;55;m;w;holly springs;arbor wynds;105;27540;md
A;G006438;7506;cristina;marie;grimaldi;35;f;o;cary;weather ridge;534;27513;dc
A;G006439;7507;walter;neil;martin;55;m;w;raleigh;ivy hill;4212;27616;nc
A;G006440;7508;jonathan;jason;vanorden;33;m;w;raleigh;genford;830;27609;fl
A;G006440;7509;jonathan;jason;van orden;33;m;w;raleigh;forest mill;3201;27616;fl
A;G006441;7510;jessica;;meza;31;f;u;apex;misty hollow;1819;27502;fl
A;G006441;7511;jessica;;meza;31;f;w;knightdale;old knight;1201;27545;fl
A;G006442;7512;dana;nacole;griffin;41;f;b;raleigh;winter;6713;27616;nj
A;G006442;7513;dana;nacole;caldwell;41;f;b;knightdale;sandy;217;27545;nj
A;G006444;7514;tiffany;renee;mcdowell;28;f;b;raleigh;leach;1101;27603;
A;G006445;7515;kristen;victoria;medlin;28;f;w;zebulon;dukes lake;8309;27597;nc
A;G006446;7516;laura;ann;frey;44;f;w;wake forest;old dairy;513;27587;nh
A;G006447;7517;kevin;m;joesph;41;m;b;raleigh;elizabeth bennet;8823;27616;oc
A;G006447;7518;kevin;marcus;joseph;41;m;b;raleigh;adian;401;27606;la
A;G006448;7519;frederick;douglas;battle;53;m;b;wilson;dewfield;4300;27896;nc
A;G006449;7520;mary;victoria;cofer;28;f;w;garner;copperline;327;27529;nc
A;G006450;7521;chianti;sheantrease;williams;39;f;b;raleigh;wayne;5414;27606;fl
A;G006451;7522;kendall;dickens;walls;31;f;u;raleigh;crescentview;5405;27606;nc
A;G006452;7523;sharon;denise;thompson;49;f;b;raleigh;hargett;128;27601;nc
A;G006453;7524;deborah;ann;thomas bates;57;f;b;raleigh;eagles landing;5124;27616;nc
A;G006453;7525;deborah;;thomas bates;57;f;b;garner;winding brook;203;27529;nc
A;G006454;7526;victoria;marie;daley;26;f;w;raleigh;neils branch;9625;27603;nc
A;G006455;7527;john;robert;lowry;72;m;w;wake forest;groves field;1300;27587;nc
A;G006457;7528;elizabeth;tunstall;munaretto;41;f;w;raleigh;spring run;6804;27615;ga
A;G006458;7529;victor;geronie;mccanelley;28;u;b;raleigh;hopson;4401;27604;
A;G006459;7530;alexandra;kelley;heath;29;f;w;boone;hardin;311;28607;ga
A;G006460;7531;rocco;steven;strazzella;44;m;w;cary;bordeaux;304;27511;nj
A;G006461;7532;caleb;amos;hilton;27;u;u;wake forest;brewers glynn;821;27587;nc
A;G006462;7533;marlo;lane;mccall;46;f;b;wake forest;trawden;3528;27587;ny
A;G006462;7534;marlo;lane;sell;46;u;u;wake forest;legacy greene;1240;27587;
A;G006463;7535;tyliyah;dashantaye;winstead;21;u;u;raleigh;south;118;27601;
A;G006463;7536;tyliyah;;winstead;21;u;u;raleigh;south;118;27601;
A;G006464;7537;jaleel;james;johnson;24;m;b;raleigh;collegiate;1441;27606;nj
A;G006465;7538;kelly;james;walker;43;m;w;raleigh;amoretto;12517;27613;
A;G006467;7539;julie;lynn;guy;52;f;w;morrisville;weaver forest;1981;27560;nc
A;G006468;7540;david;a;krabacher;76;m;w;raleigh;bartons creek;9412;27615;ct
A;G006469;7541;deborah;daw;sanders;67;f;w;goldsboro;ashley;106;27530;nc
A;G006470;7542;ricky;howell;weaver;60;m;w;fuquay varina;hilltop needmore;4113;27526;nc
A;G006471;7543;patrick;stephen;wiggs;43;m;w;raleigh;washington;625;27605;nc
A;G006473;7544;tracey;clayton;barker;53;m;w;holly springs;brightling;424;27540;nc
A;G006474;7545;timothy;todd;o boyle;36;m;w;elm city;branch;206;27822;sc
A;G006475;7546;kristina;lynn;halasz;38;f;w;raleigh;knightsbridge;4421;27604;ny
A;G006475;7547;kristina;l;berentsen;38;f;w;raleigh;knightsbridge;4421;27604;ny
A;G006476;7548;sheree;elaine;jackson;26;f;w;cary;searstone;17001;27513;nc
A;G006476;7549;sheree;elaine;jackson;26;f;w;cary;searstone;17001;27513;ga
A;G006477;7550;jobani;;leon;27;m;w;knightdale;bristoe;1320;27545;ca
A;G006477;7551;jobani;;leon;27;u;u;raleigh;lexington;3840;27606;
A;G006478;7552;olivia;elizabeth;giglio;25;f;w;raleigh;doran;2409;27604;ny
A;G006478;7553;olivia;elizabeth;giglio;25;f;w;boone;stadium gardner dorm;191;28608;
A;G006480;7554;beverly;ann;yearwood;55;f;b;apex;churchwood;1102;27502;oc
A;G006481;7555;thomas;edward;crookshanks;57;m;w;knightdale;sills;609;27545;wv
A;G006482;7556;james;parrish;albright;28;m;w;wake forest;barnford mill;920;27587;nc
A;G006484;7557;zachary;henderson;stirewalt;27;u;u;cary;spivey;102;27513;
A;G006484;7558;zachary;henderson;stirewalt;27;m;w;cary;spivey;102;27513;nc
A;G006485;7559;elizabeth;ann;markowkin;56;f;w;holly springs;pyracantha;204;27540;ny
A;G006486;7560;lisa;m;beck;41;f;w;cary;alicary;1623;27511;az
A;G006487;7561;andrew;matthew;bilski;36;m;w;raleigh;braefield;7908;27616;hi
A;G006488;7562;keywon;earl;strickland;38;m;b;raleigh;kaplan;4230;27606;nc
A;G006488;7563;keywon;earl;strickland;38;m;b;raleigh;meadowgreen;1008;27603;nc
A;G006489;7564;jonathan;chris;martin thorpe;30;m;b;raleigh;fields;3120;27603;nc
A;G006490;7565;james;horton;doughton;30;m;w;boone;delmar;189;28607;va
A;G006491;7566;arthur;lee;moore;61;m;b;raleigh;quail ridge;1506;27609;nc
A;G006491;7567;arthur;lee;moore;61;m;b;raleigh;penn oak;309;27615;nc
A;G006492;7568;angela;marie;coticchio;38;f;w;raleigh;moorsfield;2720;27604;ny
A;G006492;7569;angela;marie;coticchio;38;f;w;raleigh;asterwood;4603;27606;ny
A;G006493;7570;jacob;ray;edwards;25;m;w;zebulon;cypress farm;9737;27597;nc
A;G006494;7571;alexandra;cain;olney;34;f;w;raleigh;bledsoe;314;27601;ca
A;G006496;7572;shae;;king;27;f;b;raleigh;amberfield;5013;27604;nc
A;G006497;7573;jj;;morgan;62;m;b;raleigh;snow;220;27603;tx
A;G006498;7574;laura;ann;carathanasis;54;f;w;cary;mclean;100;27513;nj
A;G006503;7575;michelle;ann;cosimeno;51;f;w;zebulon;village of wakefield;2424;27597;mi
A;G006505;7576;kelly;jones;urban;53;f;w;yadkinville;union grove ch;2244;27055;oh
A;G006506;7577;elena;;kyriakoulis;25;f;w;raleigh;laurnet;10833;27614;vt
A;G006506;7578;elena;;kyriakoulis;25;f;u;boone;brown white dorm;140;28608;
A;G006507;7579;amber;nicole;black;21;f;w;raleigh;ncsu syme;0;27607;sc
A;G006508;7580;brandon;charles;mercado;25;m;o;boone;hardin doughton dorm;222;28608;pa
A;G006509;7581;homayun;ethan;azargoon;33;m;o;raleigh;blue ridge;3638;27612;ma
A;G006511;7582;david;f;dixon;67;m;w;cary;kilmory;1204;27511;nj
A;G006512;7583;kenneth;algernal;martin;85;m;b;raleigh;martin;714;27601;nc
A;G006513;7584;sullynette;;guerrero de hostos;27;f;u;apex;reedybrook;9001;27523;pr
A;G006513;7585;sullynette;;guerrero de hostos;27;f;w;apex;reedybrook;9001;27523;pr
A;G006515;7586;tina;m;cisneros;55;f;w;raleigh;mine creek;7010;27615;il
A;G006515;7587;tina;m;martinez;55;f;w;garner;trail of merlin;511;27529;il
A;G006516;7588;theresa;cambre;amerson;39;f;w;raleigh;hometown;9113;27615;tx
A;G006518;7589;jacob;alan;hartley;38;m;w;raleigh;brittdale;8510;27617;ca
A;G006519;7590;mitchell;thomas;loeber;37;m;w;raleigh;netherby;5500;27613;ny
A;G006519;7591;mitchell;thomas;loeber;37;m;w;raleigh;balboa;2128;27603;ny
A;G006520;7592;mavis;cathleen;veney;50;f;b;warrenton;loblolly;107;27589;
A;G006521;7593;scott;william;reed;37;m;w;raleigh;avent ferry;3110;27606;ar
A;G006522;7594;larry;leonard;olson;56;m;w;wake forest;averette;2313;27587;wi
A;G006523;7595;yara;oraina;nevarez darr;47;f;u;wendell;todd hill;406;27591;oc
A;G006523;7596;yara;oraina;nevarez darr;47;f;w;wendell;todd hill;406;27591;oc
A;G006524;7597;carl;stanley;depo;45;m;w;raleigh;dumfries;5805;27609;ia
A;G006526;7598;nancy;rene;cotton;54;f;o;raleigh;arbor oak;5435;27616;ca
A;G006527;7599;carla;jean;roche;32;f;w;raleigh;renaissance;14130;27614;nc
A;G006530;7600;yvonne;donyell;baldwin;38;f;b;raleigh;sunbright;3231;27610;nc
A;G006531;7601;cody;josiah;chamberlain;24;m;w;boone;appalachian;140;28607;la
A;G006532;7602;laura;bateman;poole;38;f;w;holly springs;middlecrest;305;27540;nc
A;G006533;7603;shaletta;washington;holland;55;f;b;raleigh;neals creek;2931;27610;nc
A;G006533;7604;shaletta;d;washington;55;f;b;raleigh;armstrong;1209;27610;nc
A;G006534;7605;elizabeth;grace;blomquist;26;f;w;boone;king;1340;28607;nc
A;G006539;7606;dorothy;matt;bowman;97;f;w;raleigh;shannonhouse;4731;27612;md
A;G006539;7607;dorothy;matt;bowman;97;f;w;raleigh;lakemont;4907;27609;md
A;G006541;7608;monique;nicole;bell;43;f;b;goldsboro;rosewood;1301;27530;nc
A;G006542;7609;tyronne;cecil;cabell;47;m;b;knightdale;stanway;113;27545;ny
A;G006543;7610;tonjee;laniece;ward;36;f;b;raleigh;metacomet;2150;27604;nc
A;G006544;7611;stephen;;petitjean;27;m;w;raleigh;neuse ridge;5304;27610;nj
A;G006545;7612;maria;magdalena;panaro;45;f;w;raleigh;benhart;7105;27613;tx
A;G006545;7613;maria;magdalena;panaro;45;f;w;raleigh;inglehurst;12101;27613;tx
A;G006546;7614;donielle;monique;mattis;26;f;b;morrisville;huntersville;104;27560;va
A;G006547;7615;crystal;pierce;jones;33;f;o;raleigh;winners edge;7618;27617;nc
A;G006549;7616;walter;julius;kiesel;53;m;w;raleigh;renaissance;14110;27614;ny
A;G006552;7617;tammy;lowraine;lynch;55;f;b;raleigh;peyton;512;27610;nc
A;G006554;7618;wanda;natasha;brown;44;f;b;rolesville;ashbrittle;623;27571;ny
A;G006555;7619;katherine;nanney;aiken;29;f;w;raleigh;university woods;2000;27603;nc
A;G006556;7620;manaka;angela;green;23;u;u;raleigh;ncsu alexander;0;27607;oc
A;G006557;7621;donald;george;dehart;35;u;u;raleigh;pickwick;4016;27613;
A;G006558;7622;lawrence;connell;jones;55;m;b;zebulon;watsonia;3018;27597;nc
A;G006559;7623;suzanne;lynn;rose;39;f;w;apex;halsmer;119;27502;pa
A;G006561;7624;catherine;elizabeth;carter;22;f;w;raleigh;pineville;10040;27617;nc
A;G006562;7625;michael;dewitt;waters;47;m;w;cary;sienna hill;3504;27519;ny
A;G006563;7626;christopher;scott;balboni;53;m;w;raleigh;pamela;5320;27603;ny
A;G006564;7627;anna;wood;readling;58;f;w;cary;jules verne;207;27511;nc
A;G006565;7628;stephanie;ann;murdock;48;f;w;raleigh;wesley farm;8033;27616;nc
A;G006567;7629;jamie;dunne;zinn;37;f;w;raleigh;fair rain;5305;27616;
A;G006568;7630;taylor;victoria ellen;mcghee;24;f;w;raleigh;m e valentine;3009;27607;nc
A;G006570;7631;lamar;leon;adams;33;f;b;wendell;meadow winds;14;27591;nj
A;G006571;7632;marlon;shawntel;harrington;28;m;u;raleigh;regulator;1357;27603;
A;G006572;7633;paul;eugene;artis;36;m;b;raleigh;lee;222;27601;nc
A;G006573;7634;david;adrian;philhower;59;u;w;raleigh;tantara;703;27615;
A;G006574;7635;hampton;gantt;apple;27;m;w;raleigh;scarlet maple;2119;27606;
A;G006576;7636;ashley;;dominikoski;33;f;w;raleigh;mine creek;7020;27615;
A;G006577;7637;mary;t;haas;51;f;w;raleigh;north hills;5885;27609;nj
A;G006580;7638;ernestine;l;freas;99;f;w;moravian falls;brushy mountain;7495;28654;pa
A;G006581;7639;archie;d;king;67;m;w;raleigh;transylvania;500;27609;nc
A;G006583;7640;laura;e;branch;64;f;w;cary;woodland;106;27513;nc
A;G006588;7641;evelyn;s;ganley;47;f;w;raleigh;doublebit;9129;27615;tx
A;G006591;7642;latoya;tinia;foye;37;f;b;raleigh;green lantern;8133;27613;nc
A;G006593;7643;valerie;elizabeth;stanberry;58;f;b;raleigh;washington;625;27605;nj
A;G006595;7644;james;todd;wharton;38;m;w;raleigh;fieldhouse;2023;27603;fl
A;G006597;7645;madonna;marie;fischer jones;52;f;w;wake forest;main;1175;27587;ny
A;G006598;7646;elizabeth;anne;townsend;25;f;w;apex;apache;1211;27502;nc
A;G006600;7647;angela;renee;lamb;35;f;b;raleigh;tapers;4824;27616;nc
A;G006601;7648;khalil;jelani;jacobs;25;m;m;boone;meadowview;247;28607;
A;G006602;7649;morgan;kristina;hall;22;f;w;raleigh;big creek;5041;27613;nc
A;G006604;7650;jennifer;blake;parker;45;f;w;raleigh;bedell;5121;27616;nc
A;G006605;7651;teresa;fowler;harris;57;f;w;macon;us highway 158;1544;27551;va
A;G006606;7652;barbara;;kearney;72;f;b;warrenton;kearney;172;27589;nc
A;G006607;7653;garbrielle;antoinette;newell;28;f;b;norlina;manson axtell;665;27563;
A;G006607;7654;gabrielle;antoinette;newell;28;f;b;norlina;woodway;153;27563;nc
A;G006608;7655;pamela;gale;walker;59;f;b;warrenton;main;144;27589;va
A;G006609;7656;randy;dale;oakley;58;m;w;norlina;kerr lake cole bridge;599;27563;
A;G006610;7657;thomas;joseph;mcgrath;75;m;w;littleton;birch;119;27850;mo
A;G006611;7658;milton;goodwin;davis;69;m;b;warrenton;wise five forks;536;27589;nc
A;G006612;7659;monique;hawkins;hargrove;51;f;b;norlina;kearney;515;27563;nc
A;G006613;7660;edgar;lee;beamon;52;m;w;warrenton;airport;451;27589;va
A;G006613;7661;edgar;lee;beamon;52;m;w;warrenton;airport;451;27589;va
A;G006614;7662;paul;matthew;lynch;33;m;w;macon;us highway 158;2884;27551;nc
A;G006615;7663;alice;selena;evans;39;f;i;warrenton;richardson;963;27589;nc
A;G006618;7664;james;ervin;hill;39;u;b;plymouth;cool springs;27;27962;nc
A;G006619;7665;percilla;juanita;wilkins;65;f;b;plymouth;folly;1115;27962;nc
A;G006620;7666;jazmine;tremaine;henderson;29;f;b;boone;newland dorm;0;28608;nc
A;G006621;7667;james;michael;vivona;33;m;w;north wilkesboro;baptist home;201;28659;nc
A;G006622;7668;patrick;nolan;belk;46;u;w;boone;jesse brown;235;28607;
A;G006624;7669;meghan;l;robertson;33;f;w;boone;best place;112;28607;pa
A;G006625;7670;robert;curtis;rein;28;m;w;boone;mary jean;127;28607;nc
A;G006626;7671;karma;perry;wilson;46;f;w;boone;glen view;511;28607;
A;G006627;7672;timothy;austin;roberts;28;m;w;boone;hawks nest;504;28607;nc
A;G006628;7673;rebecca;elizabeth;perry;27;f;w;boone;crest;162;28607;nc
A;G006631;7674;abigail;meggan;goecker;23;f;w;boone;blowing rock;828;28607;ia
A;G006632;7675;heather;nichole;woodard;27;f;w;boone;tanner;339;28607;nc
A;G006632;7676;heather;nichole;woodard;27;f;w;millers creek;lovette homes;283;28651;nc
A;G006633;7677;logan;jackson;smith;25;m;w;boone;stadium heights;324;28607;
A;G006634;7678;julia;leigh;ratchford;28;f;w;boone;coltrane dorm;0;28608;nc
A;G006635;7679;stephen;christopher;mulherin;56;m;w;blowing rock;noel;243;28605;va
A;G006636;7680;wayne;allen;harris;61;m;w;boone;lazy lake;129;28607;nc
A;G006638;7681;alexander;stone;boudreau;18;m;w;boone;locust east dorm;175;28608;
A;G006640;7682;gabrielle;eryn;morey;23;f;w;boone;howard;326;28607;nc
A;G006641;7683;carrie;leigh;swartzbaugh;34;f;m;sugar grove;will glenn;293;28679;nc
A;G006643;7684;whitney;zumbrook;bell;30;u;w;north wilkesboro;welcome home church;215;28659;
A;G006643;7685;whitney;charlene;zumbrook;30;f;w;millers creek;charity church;236;28651;tx
A;G006644;7686;kaleb;seth;chaparro;18;m;m;boone;locust east dorm;175;28608;
A;G006645;7687;william;thomas;boyd;69;m;w;blowing rock;mockingbird;214;28605;wy
A;G006646;7688;christina;marie;johnson;25;f;w;boone;water;150;28607;nc
A;G006647;7689;jessica;lynn;harrell;37;f;w;mt olive;corbett hill;593;28365;nc
A;G006647;7690;jessica;lynn;anderson;37;f;w;goldsboro;ebenezer church;671;27530;nc
A;G006648;7691;samuel;wayne;english;56;m;w;kenly;boswell;604;27542;tx
A;G006648;7692;samuel;wayne;english;56;m;w;wilson;millbrook;3420;27893;tx
A;G006649;7693;brian;christopher;massey;35;m;w;goldsboro;rustic field;212;27530;nc
A;G006650;7694;beverly;anjennette;massey;47;f;w;dudley;beaver;229;28333;va
A;G006650;7695;beverly;anjennette;massey;47;f;w;wilson;ensworth;1005;27896;va
A;G006651;7696;margaret;a;gill;70;f;w;wilson;mercer;1207;27893;nc
A;G006652;7697;tara;leanne;hamilton;37;f;w;goldsboro;high meadow;115;27530;va
A;G006654;7698;melanie;dawn;rodgers;36;f;w;goldsboro;robinson;106;27534;nc
A;G006655;7699;brittany;lawrence;kirby;27;f;w;goldsboro;brookwood;113;27534;nc
A;G006656;7700;william;linton;best;83;m;w;goldsboro;bennett farm;117;27530;nc
A;G006657;7701;diane;veronica;vaccaro;72;f;w;goldsboro;boxwood;505;27534;ct
A;G006658;7702;charles;lavern;edmundson;54;m;b;goldsboro;dixie;600;27530;
A;G006659;7703;genesis;dariela;moradel;28;f;u;goldsboro;winslow;102;27530;
A;G006659;7704;genesis;danela;maadel;28;f;o;goldsboro;hinson;516;27530;oc
A;G006660;7705;sherone;michelle;johnson;42;f;b;kenly;frank;9001;27542;va
A;G006661;7706;glenda;best;armstrong;55;f;b;pikeville;decoy;107;27863;nc
A;G006662;7707;brenda;kay;downing;42;f;w;goldsboro;sandhill;402;27530;
A;G006663;7708;samuel;baggett;mclamb;75;m;w;kenly;sadie;7504;27542;nc
A;G006664;7709;george;wayne;aycock;72;m;w;pikeville;nc 581;2236;27863;nc
A;G006664;7710;wayne;;aycock;72;m;w;pikeville;nc 581;2236;27863;
A;G006665;7711;dionta;ontario;sims;27;m;b;fremont;chestnut;912;27830;nc
A;G006666;7712;olga;regina;chamblee;47;f;b;dudley;oriole;311;28333;nc
A;G006667;7713;montana;;hines;61;m;b;goldsboro;newsome;900;27530;nc
A;G006668;7714;daryle;shane;church;42;m;w;wilkesboro;bumgarner;106;28697;nc
A;G006669;7715;alicia;jaye;mcneil;37;f;w;north wilkesboro;walker;307;28659;nc
A;G006670;7716;suzzanne;elizabeth;ives;62;f;w;boonville;clyde;3105;27011;ct
A;G006671;7717;monica;elizabeth;doyle;29;f;w;wilkesboro;alpine;212;28697;nc
A;G006672;7718;dillon;lee;absher;22;m;w;hays;absher;5367;28635;nc
A;G006672;7719;dillon;lee;absher;22;m;w;hays;absher;5367;28635;nc
A;G006673;7720;jerome;wilson;crouse;45;m;w;ronda;wilkes yadkin;6004;28670;nc
A;G006673;7721;jerome;wilson;crouse;45;m;w;hamptonville;king;4413;27020;nc
A;G006674;7722;gregory;wayne;bauguess;28;m;w;north wilkesboro;cartpath;1405;28659;nc
A;G006675;7723;terry;lee;stutts;61;m;w;hamptonville;old 421 yadkin;629;27020;nc
A;G006676;7724;crystal;bruce;ellison;56;f;w;wilkesboro;poplar creek;365;28697;nc
A;G006677;7725;brenda;irene;blackburn;68;f;w;yadkinville;washington;212;27055;nc
A;G006678;7726;dennis;keith;monday;69;m;w;elkin;austin traphill;2295;28621;sc
A;G006679;7727;noah;matthew;pardue;33;m;w;hamptonville;somers;3140;27020;nc
A;G006680;7728;kay;lynne;taylor;50;f;w;wilson;saddle run;4420;27896;ia
A;G006683;7729;charles;dwight;breshears;56;m;w;wilson;lynn;1804;27893;nc
A;G006684;7730;ericka;elizabeth;arias;33;f;o;wilson;jayne;3609;27896;
A;G006687;7731;stephen;todd;nichols;32;m;w;yadkinville;dewitt;1028;27055;nc
A;G006688;7732;ryan;mark;cheek;28;m;w;hamptonville;rob;2033;27020;nc
A;G006689;7733;johnathan;michael;mccammant;37;m;w;boonville;abbys;2016;27011;oc
A;G006691;7734;hannah;marie;boles;30;f;w;yadkinville;lee;640;27055;nc
A;G006692;7735;krista;stanley;williamson;48;f;w;boonville;nc 67;6701;27011;nc
