PARTY;ID;GLOBAL_ID;given_name;surname;street_number;address_1;address_2;suburb;postcode;state;date_of_birth;soc_sec_id
org;rec-118-org;118;hannah;carbray;5;rawson street;cranbrook;mayfield;2032;wa;19170912;7822273
org;rec-1939-org;1939;oakleigh;rundle;194;mcdowall place;tatyara;bridgeman downs;2259;nsw;19860110;9292818
org;rec-3733-org;3733;jacobie;meaney;80;maitland street;north arm;sandgate;2110;nsw;19820219;3123016
org;rec-639-org;639;oliver;pimershofer;23;betts place;moondarook;port pirie;3130;nsw;19431226;4369551
org;rec-1520-org;1520;jack;cute;7;dash crescent;little forest;seventeen mile rocks;4567;nsw;19090402;3506178
org;rec-842-org;842;talia;wotton;211;burn street;gillin park;seymour;0812;nsw;19781119;8432542
org;rec-4183-org;4183;layla;stening;54;la perouse street;tewantin plaza;coolbellup;4740;tas;19850119;5169349
org;rec-4971-org;4971;william;white;34;mortlock circuit;ponderossa;chinchilla;3156;sa;19800517;1549841
org;rec-142-org;142;emiily;jeffries;39;oxley street;paddy;blair athol;4051;wa;19250402;9596327
org;rec-3982-org;3982;grace;seib;24;landsborough street;rainbow downs;como;2641;vic;19760603;8191813
org;rec-2700-org;2700;maxin;tchung;10;pullen street;emmaus vlge;cabarlah;3620;qld;19060604;6340831
org;rec-3505-org;3505;charli;soden;37;bee place;;como;3028;nsw;19030206;7856242
org;rec-4194-org;4194;nicholas;leslie;10;de little circuit;retirement village;daisy hill;4802;nsw;19691231;9490741
org;rec-1248-org;1248;hayley;wyeth;;griffin place;terawah station;broadmeadows;6060;vic;19590129;8188526
org;rec-2570-org;2570;jacob;coppola;3;smeaton circuit;deer farm;williamstown;3400;sa;19211130;8983109
org;rec-918-org;918;jessica;michelmore;103;fimister circuit;swannie;mooroolbark;4174;nsw;19761101;6406097
org;rec-3613-org;3613;ebony;van hees;34;bellinger circuit;morago;robina;2481;nsw;19040204;1761872
org;rec-1734-org;1734;bethany;white;24;horrocks street;hybernia park;bittern;3075;vic;19910219;8903580
org;rec-4032-org;4032;samantha;santi;14;griffiths street;rowethorpe;mckinnon;6163;nsw;19151129;2102559
org;rec-2127-org;2127;miranda;andresen;93;wenholz street;telopea park;williamstown;2450;vic;19180404;1851874
org;rec-3385-org;3385;shanaye;carbone;41;haystack crescent;st vincents hospital;matong;3690;nsw;19300519;1632237
org;rec-1738-org;1738;rebekah;whitters;55;mcginness street;bay city plaza;mckinnon;2076;nsw;19360902;9026077
org;rec-27-org;27;angelina;campbell;161;jackie howe crescent;bugoren;woorim;6052;nsw;19531108;8948230
org;rec-3344-org;3344;blake;groenier;29;meredith circuit;summer hill;burleigh waters;4674;nsw;19510119;1447437
org;rec-34-org;34;mollie;castellari;5;jackie howe crescent;;ardmona;3976;wa;19760616;1378454
org;rec-4947-org;4947;evangelia;purser;10;lahey place;rowethorpe;malabar;4034;vic;19260924;1704541
org;rec-3371-org;3371;thomas;alderson;4;temperley street;camelot est;rosslea;2195;nsw;19380411;1125721
org;rec-4848-org;4848;rachel;godfrey;41;discovery street;2/98-latchford barracks;trigg;6019;wa;19030330;7434268
org;rec-1925-org;1925;nathan;simmonds;86;aspinall street;southwold;;3556;nsw;19230105;8217104
org;rec-1432-org;1432;tarshya;hazell;51;chauvel circle;;toorak;3073;nsw;19211102;1853367
org;rec-2129-org;2129;luke;verrion;32;mcclintock street;silverdale south;carlingford;0880;nsw;19301223;6708080
org;rec-3882-org;3882;jacob;siviour;12;dobbie place;brentwood vlge;gundagai;2839;qld;19160602;6846430
org;rec-3134-org;3134;erin;embrey;31;arabana street;caloundra family medical practice trinit;caves beach;4000;vic;19990704;7556655
org;rec-2280-org;2280;hugh;campbell;66;keith street;ocean star villas;beenleigh;6107;vic;19550703;6047972
org;rec-3477-org;3477;jake;doody;193;frew close;howie circuit;darlington;3875;vic;19370321;1546559
org;rec-2001-org;2001;antonio;hage;34;grigson place;warrawong;tinamba;3636;nsw;19330331;8493945
org;rec-685-org;685;zachary;clarke;19;melrose drive;jemular downs;whitfield;7000;wa;19680624;3444095
org;rec-2951-org;2951;matthew;tombleson;10;ross smith crescent;corandirk;broken hill;3046;nsw;19410702;4972641
org;rec-1954-org;1954;jessica;blake;112;gardiner street;jemaree;cronulla;6525;qld;19871021;2057337
org;rec-4488-org;4488;lochlan;shepherd;51;barnett close;winteriga;bimbi;2328;vic;19850102;8073994
org;rec-2744-org;2744;catherine;newport;13;hawkesbury crescent;nedlyn;pinjarra;4870;vic;19580901;1828218
org;rec-2438-org;2438;ashley;clutterbuck;26;freda gibson circuit;;cabramatta;3029;vic;19920810;4483745
org;rec-4098-org;4098;lily;warnock;68;darling street;jeran;exton;2154;nsw;19620520;2626334
org;rec-1157-org;1157;matilda;kubenk;35;arabana street;carrington retrmnt vlge;revesby;2122;nsw;19901231;6501846
org;rec-2211-org;2211;abbie;limbert;7;burraly court;yurnga;oyster bay;7310;sa;19061013;2508428
org;rec-218-org;218;jade;browne;407;sabine close;brentwood vlge;leichhardt;4700;vic;19810923;8107465
org;rec-772-org;772;amber;trenchuk;38;sambell place;brentwood vlge;carlingford;4670;qld;19850711;9303779
org;rec-4165-org;4165;emma;araujo;225;nepean place;kinross;lake cathie;2032;vic;19140124;5500784
org;rec-1093-org;1093;sarah;bradshaw;6;hallen close;red tank;mullaloo;2161;vic;19340509;9150146
org;rec-3823-org;3823;caitlin;terend;47;fullagar crescent;hounbank;broadmeadows;2370;vic;19740828;3463191
org;rec-2150-org;2150;charles;tkachuk;1;hannan crescent;nyngan;elwood;5068;nsw;19620625;9782270
org;rec-4513-org;4513;caitlin;harjanta;5;darling street;;wantirna;4404;act;19340210;4039838
org;rec-2467-org;2467;zali;walpole;25;william hudson crescent;muralappi;brymaroo;3174;wa;19550701;9616019
org;rec-1109-org;1109;kaleb;mccarthy;34;lamington street;berri cottage hmes;the entrance;2795;qld;;1510564
org;rec-3299-org;3299;emiily;green;19;callemonda rise;ocean park towers;semaphore park;4306;qld;19540924;1804853
org;rec-67-org;67;erin;matthews;10;williamson street;yaraan;kilcoy;4218;qld;19991129;7747845
org;rec-4242-org;4242;solomon;morrison;67;jarrahdale street;yaldara;empire bay;2097;qld;19400406;2523626
org;rec-2201-org;2201;danielle;nygaard;1;battersby circuit;iron shoe lodge;burwood;5271;nsw;19350414;2589501
org;rec-4136-org;4136;;vincent;47;kent street;blue hills;forest hill;4655;vic;19190304;5807175
org;rec-2718-org;2718;jye;feleppa;72;fishburn street;bowtells caravn park;carrara;3630;;19691127;9051864
org;rec-4990-org;4990;miranda;bunt;11;lalor street;;maiden gully;3672;vic;19050618;2333106
org;rec-1664-org;1664;annabel;farndell;28;mowle place;don ray;st james;2257;qld;19561214;7860148
org;rec-1088-org;1088;bethany;belonoha;17;carstensz street;greenhills;samford;6023;vic;19870512;9824396
org;rec-3728-org;3728;laura;colthorpe;34;masters place;caravn park;campsie;2325;vic;19490729;7434022
org;rec-1054-org;1054;benjamin;capel;177;clive steele avenue;spq camp;woongarra;4207;qld;19090522;4415928
org;rec-694-org;694;charlie;kastrappis;81;hedley street;parkland motor village;bonbeach;2515;vic;19330630;7470082
org;rec-3292-org;3292;mikayla;siviour;2;steinwedel street;cherrybank;pymble;2037;vic;19850704;2668143
org;rec-4451-org;4451;jairus;scamoni;375;bissenberger crescent;dalmoora;goodna;4670;qld;19120912;6966609
org;rec-696-org;696;james;de chellis;47;kitchener street;rowethorpe;rowan;2833;nsw;19330807;7941748
org;rec-2174-org;2174;abbey;green;6;aspinall street;rosedale;st albans;3012;vic;19300314;5453075
org;rec-1265-org;1265;olivia;girdler;242;joyner place;jinchilla;annandale;2422;qld;19840812;1413325
org;rec-2686-org;2686;imogen;white;12;macrossan crescent;peridon vlge;mount isa;2088;nsw;19580528;9882514
org;rec-2666-org;2666;laura;hefford;3;partridge street;home 186;banksia;6530;sa;;4977825
org;rec-4968-org;4968;madeline;switalski;14;clarendon street;lawrence house;belmont north;4034;qld;19710420;5929235
org;rec-1181-org;1181;jessica;liddy;15;hyndes crescent;sec 1;fairlight;4133;nsw;19620602;9399509
org;rec-806-org;806;jacinta;webb;37;port jackson circuit;nimmitabel motel;maryborough;3500;nsw;19991017;7529668
org;rec-1835-org;1835;nikita;bezuch;10;boddington crescent;holiday vlge;mcdowall;3020;nsw;19460615;8620625
org;rec-1338-org;1338;georgia;benger;1;mccay place;braeburn;pimpama;2153;nsw;19830402;3445535
org;rec-3197-org;3197;jack;browne;80;bargang crescent;tulgeywood;carlingford;3163;qld;19131123;2843200
org;rec-4782-org;4782;charles;sarny;34;esperance street;brentwood vlge;thornbury;3212;qld;19971014;3125264
org;rec-1617-org;1617;flynn;mason;11;namatjira drive;wellshot;blackburn north;2756;wa;19110824;2236689
org;rec-2800-org;2800;lachlan;crook;16;nardoo crescent;;campbelltown;2325;nsw;19010124;2308429
org;rec-3707-org;3707;hayden;mortlock;5;;alice downs;kulikup;4805;qld;19570219;3860930
org;rec-1727-org;1727;reeve;noble;7;finlayson place;nordale farm;bellevue hill;4032;wa;19080324;7109523
org;rec-3376-org;3376;ruby;white;37;archer street;collier park vlge;whyalla;3341;vic;19920824;7891103
org;rec-897-org;897;cameron;shepherd;16;clift crescent;nurock;northgate;2340;qld;19620826;1930833
org;rec-3818-org;3818;madison;plane;18;bardolph street;rosehill;sunnybank;2541;nsw;19971022;9432416
org;rec-410-org;410;makayla;thredgold;9;chillagoe street;west road;campbellfield;5107;nsw;19530218;5691229
org;rec-4840-org;4840;imogen;pun;12;templestowe avenue;peak view;belconnen;4214;nsw;19400709;4490158
org;rec-737-org;737;hannah;liaudinskas;15;hopman place;mt pleasant;orange;2829;sa;19130526;5819558
org;rec-2161-org;2161;connor;no;11;barunga street;jim holm hostel;rothwell;6168;sa;19171023;4958150
org;rec-5-org;5;josephine;yu;145;hensman street;lambar;burwood;6164;wa;19110903;5792336
org;rec-110-org;110;amber;coleman;13;lennard street;barnawartha;bourke;4163;vic;19960625;2700453
org;rec-3444-org;3444;tenille;heron;15;mcwhae circuit;trail view;orange;3128;nsw;19200707;6908407
org;rec-1057-org;1057;samara;pringle;7;allan street;bonnie doon;campbelltown;5073;nsw;19560429;3493586
org;rec-1944-org;1944;zac;george;7;fitzroy street;keonbyrne;bayswater;2560;nsw;19830315;5417788
org;rec-2065-org;2065;shana;mavrangelos;3;basedow street;;surrey hills;4655;sa;19860504;3793509
org;rec-3399-org;3399;toby;fernando;15;ulm street;quandialla;ashwood;2141;vic;19380511;2977480
org;rec-1349-org;1349;daniella;boothroyd;101;elkington street;witsend;waterloo;6058;sa;19600904;7721398
org;rec-18-org;18;riley;kerr-sullivan;166;clem hill street;mindaree;oyster bay;7325;vic;19090429;7355856
org;rec-4120-org;4120;casey;flatman;3;wyselaskie circuit;;mentone;7250;vic;19931002;9564208
org;rec-2449-org;2449;jarrod;green;60;forbes street;ryhd-talog;port macquarie;3013;vic;19600324;5445613
org;rec-2897-org;2897;sam;rogan;36;kanooka street;coliban glen;balwyn north;3280;vic;19380721;4941592
org;rec-3102-org;3102;jake;tweedie;12;flinders way;guest vlge;texas;2022;vic;19460308;5178030
org;rec-1167-org;1167;sara-louise;chandler;309;schonell circuit;shoal bay;sheidow park;2761;nsw;19050207;3731436
org;rec-1391-org;1391;nicholas;beattie;7;edmondson street;goughs bay;modbury;2036;wa;19170811;3374275
org;rec-4145-org;4145;william;kempe;18;dallachy place;yarrawah;keysborough;5043;qld;19280103;8619692
org;rec-2752-org;2752;alexandra;allabanda;;pindari crescent;afflexian;ottoway;2074;qld;19120701;9676170
org;rec-2121-org;2121;sophie;masolatti;67;lyndon street;locn 217;wynnum west;2022;sa;19320713;4414033
org;rec-3322-org;3322;harrison;matthews;31;northbourne avenue;;bacchus marsh;2138;vic;19180226;1060187
org;rec-475-org;475;mitchell;mousellis;11;bougainville street;river mews;safety bay;2722;nsw;19480302;2186834
org;rec-3678-org;3678;;dixon;4;tytherleigh street;bulga wine estates;singleton heights;2097;nsw;19040831;8170333
org;rec-3033-org;3033;benjamin;rankine;34;anstey street;forest hills;broome;3140;nsw;19120704;2412111
org;rec-2018-org;2018;hannah;ranson;34;edge place;fernlea;laverton;2008;qld;;9730826
org;rec-4473-org;4473;connor;shepherd;58;haddon street;lone fern;beulah park;2770;qld;19430617;4866880
org;rec-4259-org;4259;samuel;nowers;42;white place;apt 211;murray bridge;6714;nsw;19970522;8136092
org;rec-1951-org;1951;emerson;whiteway;1;westhoven street;yurara park;brighton;3356;vic;19430528;8932147
org;rec-970-org;970;jessica;vick;64;leahy close;villa 74 village glen;leichhardt;2027;vic;19830919;8778791
org;rec-3661-org;3661;hudson;chandler;86;campbell street;lazy acres;whittington;4570;sa;19950220;8352621
org;rec-3887-org;3887;harvey;wang;1;kosciusko avenue;rosedale;toowoomba;2594;vic;19531021;4095296
org;rec-4429-org;4429;joel;ryan;22;robertson street;erinmoore;portarlington;3196;qld;19950602;9067165
org;rec-481-org;481;james;kang;11;frayne place;;concord;4869;qld;19350731;7427314
org;rec-3765-org;3765;sophie;nicolle;93;flinders way;hilltop hostel rowethorpe;upwey;3350;vic;19990623;1307303
org;rec-1631-org;1631;matisse;geissmann;10;bootle place;;yarramalong;5607;nsw;19080212;7779910
org;rec-2980-org;2980;flynn;sideris;17;bundey street;;spearwood;5061;vic;19030310;3067715
org;rec-3213-org;3213;rhiannon;bishop;39;rossarden street;oakdale;clayton;2037;qld;19080513;6284110
org;rec-2229-org;2229;casey;chittleborough;9;brigalow street;hamilton central;belgrave;5341;nsw;19550530;3208087
org;rec-3854-org;3854;natalee;nguyen;11;harbison crescent;riverside professional centre (cnr banks;calista;5043;nsw;19211203;1824456
org;rec-1726-org;1726;thomas;butt;;hindmarsh drive;mayflower retrmnt vlge;currans hill;3799;qld;19290620;2143953
org;rec-4174-org;4174;shai;lock;20;arabana street;kyeema vineyard;melville;6065;nsw;19820129;9117058
org;rec-2857-org;2857;angie;hyland;1;wardell place;port fairy road;beaumaris;4650;wa;19770803;7407973
org;rec-3180-org;3180;samuel;paterson;4;garran place;sunnyside orchards;yarraville;2111;nsw;19360226;3308420
org;rec-1523-org;1523;chloe;matthews;3;city walk arcade;sheep station;pallarenda;4210;vic;19590508;9412116
org;rec-363-org;363;kirra;campbell;29;groom street;rockleigh cottage;north ryde;3206;nsw;19951128;9444838
org;rec-3223-org;3223;bianca;mccarthy;23;wakefield garden;foster ldge (cnr wallis s street;elizabeth south;3216;vic;19991221;3231146
org;rec-1858-org;1858;alice;campbell;16;de little circuit;unt 1;bonville;2118;;19130416;2353372
org;rec-2793-org;2793;braiden;parr;15;raiwalla court;st francis village;kirwan;2444;vic;19960327;7031748
org;rec-1894-org;1894;jake;mccarthy;19;jacobs street;the richard house;hoppers crossing;3021;vic;19501129;9421400
org;rec-3066-org;3066;jack;juric;;chuculba crescent;;goonellabah;4017;nsw;19791101;9208099
org;rec-1066-org;1066;sarah;campbell;9;clavert place;merricroft;mount eliza;5280;qld;19410302;9870428
org;rec-2301-org;2301;damien;finlay;150;pethebridge street;rosetta village;samford valley;2119;vic;19020614;3997416
org;rec-1530-org;1530;jordan;reimer;12;;brentwood vlge;avondale heights;2261;nsw;19010306;3313488
org;rec-866-org;866;emiily;stanley;;anthony rolfe street;clarence village;st kilda east;3765;tas;19051127;2491635
org;rec-625-org;625;jakob;pagoda;43;garling street;clear creek;bundaberg;4300;nsw;19371008;1115720
org;rec-880-org;880;bryce;morrison;1;clavert place;rowethorpe;parramatta park;3214;nsw;19080915;8125144
org;rec-2785-org;2785;zachary;callahan;46;barwell place;rosedale;noble park;2710;tas;19210719;5212104
org;rec-3614-org;3614;zachary;thurlow;28;eldridge street;trefusis;southern cross;4051;nsw;19230305;5024661
org;rec-1755-org;1755;jayden;white;10;mcclintock street;kinvarra;melville;4380;nsw;19590819;2360230
org;rec-4823-org;4823;ethan;rawlings;217;crisp circuit;brentwood vlge;hectorville;3496;nsw;19570525;2496172
org;rec-1778-org;1778;rosie;dieckmann;1360;mckinley circuit;hamden place;panorama;2225;nsw;19820207;8380171
org;rec-1639-org;1639;megan;bishop;7;maltby circuit;buena vista;naremburn;4740;qld;19920611;9512945
org;rec-3496-org;3496;elijah;green;76;lane-poole place;rosetta village;malvern;3337;vic;19910131;7588197
org;rec-1084-org;1084;alexander;ryan;19;grayson street;medical centre;beecroft;5343;nsw;19720528;7898665
org;rec-3669-org;3669;zac;ryan;38;naas close;willandra village;applecross;7249;nsw;19340605;9433767
org;rec-3021-org;3021;kayla;campbell;12;cockle street;talooby;robina;2650;qld;19590917;5648700
org;rec-1473-org;1473;;leslie;925;carpenter close;;canterbury;2340;vic;19950608;2438058
org;rec-175-org;175;james;brain;31;benham street;tagarra;belmont;3162;nsw;19860305;8028191
org;rec-1861-org;1861;lucas;corsico;1337;saggers close;tara park;port macquarie;6155;qld;19730826;9722217
org;rec-4322-org;4322;sean;hewson;17;christmas street;champsaur;wantirna;2230;nsw;19180917;5004753
org;rec-312-org;312;sarah;green;9;mceachern crescent;watchorns hill;southbank;3163;qld;19550529;5453855
org;rec-4304-org;4304;lynton;rudd;30;donohoe place;rosetta village;eudunda;3057;nsw;19660123;1197508
org;rec-1112-org;1112;noah;tiller;264;miranda place;ivydale (rsd 1820);mullumbimby;3131;nsw;19780216;7578909
org;rec-3571-org;3571;emiily;wilson-wheeler;1;woolcock street;willandra;taree;2477;qld;19610625;8119451
org;rec-4908-org;4908;hannah;miles;1;majura avenue;locn 2916;kialla;2617;qld;19100504;1629688
org;rec-1517-org;1517;ruby;reid;6;tanumbirini street;templemore;bundaberg;3134;qld;19490517;4966992
org;rec-514-org;514;chelsea;asher;33;bargang crescent;john flynn medical centre;ascot factory;3976;vic;19710526;1038123
org;rec-2351-org;2351;benjamin;white;35;fiveash street;meadowvale village;cranbourne;2759;sa;19900716;7111467
org;rec-4597-org;4597;olivia;trent;10;manity court;;campbelltown;6220;nsw;19740731;4392378
org;rec-2262-org;2262;gabriel;moyse;12;currie crescent;platina;sefton;3337;wa;19160926;3553783
org;rec-162-org;162;portia;weaver;34;angophora street;knox retirement village;parramatta;3192;vic;19560218;7422879
org;rec-2824-org;2824;riley;noble;23;onkaparinga crescent;bellambi;cabarlah;3959;sa;19130706;1621751
org;rec-550-org;550;indiana;wasley;70;alabaster street;glenavon;kilcunda;6530;qld;19380728;8716390
org;rec-2506-org;2506;teagan;wreford;17;preston street;wollartukkee;forest hill;4413;sa;19410923;2436763
org;rec-4215-org;4215;warrick;golder;38;gormanston crescent;alanvale;dwellingup;6051;sa;19680328;7185543
org;rec-1924-org;1924;alexandra;nguyen;26;fremantle drive;merricroft;highton;6532;nsw;19440220;2682401
org;rec-838-org;838;jackson;campbell;10;marungal avenue;;kunwarara;2445;qld;19420220;7928114
org;rec-1792-org;1792;layla;ban;17;howitt street;oaklane;kirwan;4210;sa;19201015;4834950
org;rec-1583-org;1583;isabella;elferkh;16;moore street;bangor lodge;;3044;vic;19451228;4582565
org;rec-1331-org;1331;mikayla;mainero;54;haddon street;monkani;graceville;2250;vic;19240330;1458740
org;rec-4285-org;4285;sophie;manson;14;elizabeth crescent;manor house;gorokan;3465;vic;19510201;4818868
org;rec-4694-org;4694;hayden;richmond;59;louis loder street;wattagan;craigmore;2192;nsw;19670619;1098844
org;rec-2862-org;2862;emiily;vimpany;200;langdon avenue;kalamos;calen;3152;qld;19180604;2589251
org;rec-4010-org;4010;joshua;morrison;26;bainbridge close;glenfyne angus stud;adelaide;2071;vic;19870429;8684749
org;rec-3540-org;3540;jordyn;bishop;18;jalanga crescent;salt box;yankalilla;2780;wa;19480428;2003024
org;rec-379-org;379;chloe;herbert;30;canberra avenue;bombowlee;humpty doo;5068;vic;19791208;1380182
org;rec-3222-org;3222;andrew;reid;51;arndell street;ocean hunter;eastwood;4054;qld;;4475335
org;rec-3959-org;3959;james;ryan;14;levien street;cara hill;caulfield;2104;nsw;;5857843
org;rec-1388-org;1388;natassia;horsley;12;tanumbirini street;alabama;numeralla;4573;vic;19721029;9492508
org;rec-1030-org;1030;trey;saines;26;throssell street;kindilan;buff point;4161;act;19110205;2740304
org;rec-3024-org;3024;michaela;wilkins;1;hoseason street;robley house;jamestown;3782;nsw;19390517;4477585
org;rec-703-org;703;noah;staude;25;mac george place;locn 8200;stratford;6011;wa;19760505;9182953
org;rec-1776-org;1776;corey;green;8;blamey crescent;briony downs;cardiff;3121;qld;19961225;6076482
org;rec-1120-org;1120;angelica;green;5;nash place;palm grove;vaucluse;5242;nsw;19051230;7491589
org;rec-3568-org;3568;wilson;coleman;35;weavers crescent;knmre street;kelmscott;4805;sa;19880715;5954966
org;rec-9-org;9;paris;reid;39;crowder circuit;;st ives;3225;vic;19980826;2553313
org;rec-13-org;13;thomas;slack-smith;106;hawken street;emmaus vlge;kirwan;2566;vic;19900607;2094894
org;rec-370-org;370;isabella;lowe;18;wolff crescent;learmont;sylvania;2032;nsw;19771116;5672191
org;rec-3150-org;3150;charles;eileen;330;baldwin drive;ferncliff;preston;3155;vic;19841207;9552166
org;rec-1595-org;1595;gus;white;109;bundey street;ingevale;clayton;6155;vic;19830819;8009311
org;rec-1678-org;1678;isobel;campbell;17;;yarrandoo;strathalbyn;2770;vic;19470921;3176931
org;rec-1028-org;1028;michael;clarke;37;mcintyre street;sherwood;maryborough;3113;wa;19240223;1886418
org;rec-4543-org;4543;xavier;moorby;38;cockburn street;granite hills;windsor;4740;nsw;19570817;7332449
org;rec-2167-org;2167;sarah;campbell;6;loddon street;lakefield;miami;3227;qld;19321221;5872484
org;rec-422-org;422;talia;rees;13;lethbridge street;;bronte;3038;nsw;19800402;4895894
org;rec-3094-org;3094;jacob;heron;4;stubbs crescent;leebold hill farm;bilgola beach;4401;act;19481125;2421446
org;rec-4646-org;4646;india;green;11;feltus place;ningana;urangan;2197;nsw;19720703;8013479
org;rec-2430-org;2430;lara;white;6;sturdee crescent;summit cottage;toowoomba;2122;nsw;19190123;2444018
org;rec-3650-org;3650;matthew;clarke;95;crombie place;dandarra;oak flats;3170;nsw;;8347782
org;rec-39-org;39;gabrielle;blake;360;hardwick crescent;carramar home;camp hill;2010;qld;19960302;5207765
org;rec-2925-org;2925;lachlan;lanyon;34;maranoa street;;elsternwick;2228;wa;19950930;9007961
org;rec-1819-org;1819;lauren;jeffries;154;endeavour street;bangaroo (cnr willowvale r road;patonga;2190;wa;19850503;4934969
org;rec-4775-org;4775;callie;webb;164;dalley crescent;rocklea;frankston;3094;qld;19081121;5176285
org;rec-3886-org;3886;joshua;mason;47;crisp circuit;deergarden caravn park;chinchilla;3799;vic;19390402;8753102
org;rec-1493-org;1493;ebonie;quinton;143;;warialda;;3910;qld;19781228;7282886
org;rec-3183-org;3183;jack;akkermans;149;spofforth street;willera;broken hill;5157;wa;19130710;8370439
org;rec-3423-org;3423;jasper;nguyen;8;wardill close;st francis vlge;sunshine beach;3174;vic;19461016;4768225
org;rec-4022-org;4022;phoebe;sedgwick;24;hobby place;st francis vlge;cabramatta west;2060;nsw;19470817;3134424
org;rec-537-org;537;maliah;clarke;26;broadbent street;harlyn;tara;6151;sa;19520331;7298583
org;rec-493-org;493;katelyn;blackwell;127;ferrier place;northwood park;chelsea heights;4211;qld;19570409;8541055
org;rec-2895-org;2895;joshua;kelley;59;harwood court;aprt 18 the village;emerald;3127;qld;19340831;3990210
org;rec-3899-org;3899;noah;berry;8;alice jackson crescent;rosehill;hawthorn;5251;sa;19240908;1446426
org;rec-4558-org;4558;jason;mcmullen;;musgrave street;black creek;ingham;2820;qld;19280901;4547398
org;rec-2424-org;2424;sam;reeh;275;forbes street;;alligator creek;2167;wa;19060718;3497084
org;rec-3285-org;3285;matthew;coleman;9;eggers place;carinyah station;lalor;4709;vic;19111230;1110230
org;rec-3073-org;3073;catherine;bartel;9;tyson street;rosedale;concord;2650;vic;19080828;9115067
org;rec-3325-org;3325;brooke;gillis;72;hutcheson street;twenty-third avenue pharmacy (cnr mawarr;scarborough;2810;nsw;19680205;6797695
org;rec-49-org;49;madison;bradshaw;13;jardine street;;norwood;2335;sa;19490115;8836136
org;rec-4287-org;4287;keely;szymczak;17;kosciusko avenue;trevena;kings park;2137;vic;19711125;2525516
org;rec-2546-org;2546;genevieve;ronan;37;mokare street;finis river;yunderup;2675;vic;19980924;9571750
org;rec-2573-org;2573;thomas;edis;47;kellick place;flt 10;bateman;3782;nsw;19890830;6857124
org;rec-1117-org;1117;nicholas;mcfadden;92;copland drive;lithgowvale;griffin;3556;qld;19020330;6563324
org;rec-2578-org;2578;joshua;chandler;113;companion crescent;parkdale lodge;cleveland;3556;vic;19030124;5666451
org;rec-236-org;236;hamish;mason;7;langdon avenue;stokes crossing;yarrambat;4060;tas;19010712;6379466
org;rec-3655-org;3655;samantha;paterson;8;kellick place;berri cottage hmes;belrose;6030;tas;19460814;7611475
org;rec-2687-org;2687;oscar;chegwidden;12;currong street;terrawah;mount eliza;4824;vic;19981224;6135137
org;rec-3503-org;3503;lily;hamon;59;clutsam place;villa 444 the village glen;ryde;4717;act;19490707;1603670
org;rec-2154-org;2154;ava;;33;kumm place;the manor garden;harris park;2323;qld;19061113;3155906
org;rec-3562-org;3562;joshua;ryan;14;wynn street;tathra;bilpin;2529;vic;19240510;2519978
org;rec-2200-org;2200;kiria;pamnany;20;gatton street;cypress garden;beechmont;4301;vic;19040202;8317110
org;rec-1228-org;1228;liam;maclennan;6;wrixon street;glenmore;highett;5125;vic;19170908;3268350
org;rec-832-org;832;benjamin;spaans;72;ellerston avenue;birkenau;kulnura;5082;qld;19010804;1924477
org;rec-1501-org;1501;bailey;haack;56;heysen street;goolman street;cronulla;2480;nsw;19171029;5238749
org;rec-1245-org;1245;amelie;lohe;107;coghill close;gurnamunya;port macquarie;2021;vic;19200613;6372043
org;rec-4903-org;4903;hannah;mihal;;aspinall street;dma offices (cnr wales s street;nyah west;6060;vic;;7161412
org;rec-2296-org;2296;caitlyn;green;105;hawker street;snug beach cvn park;crestmead;2145;nsw;19691114;2466204
org;rec-4511-org;4511;levi;oaks;38;courtice close;sunshine farm;findon;6050;wa;19101128;9317947
org;rec-231-org;231;ellen;harrington;45;kardang street;crosslands;balhannah;3168;vic;19130627;6204857
org;rec-4812-org;4812;anthony;roche;11;waller crescent;gungarlin;inglewood;3103;act;19930109;7209435
org;rec-2563-org;2563;olivia;moody;10;mimosa close;bowillia court;hahndorf;7316;nsw;19620505;4040256
org;rec-1017-org;1017;roy;paterson;24;gleadow street;st francis vlge;wahroonga;3501;nsw;19641002;2532475
org;rec-2922-org;2922;jordan;allegretto;22;stacy street;b;bonnyrigg;2069;nsw;19380915;1390998
org;rec-4867-org;4867;gabrielle;tarquinio;24;lind close;;frankston;4505;vic;19650419;4738861
org;rec-2137-org;2137;schkirra;ryan;1;dumas street;baringa orthopaedic centre;frankston;3028;vic;19520108;1566350
org;rec-3424-org;3424;riley;clarke;12;edwell place;bonnie;eatons hill;3218;nsw;19570717;3007913
org;rec-3267-org;3267;;painter;60;cockle street;tantallon;casula;3064;nsw;19181001;4954628
org;rec-3789-org;3789;casey;fitzpatrick;34;hugh mckay crescent;glass house;hamilton;4178;nsw;19320411;3603845
org;rec-4271-org;4271;sam;reid;333;leahy close;lavender farm;cabramatta;2291;vic;19961213;1592375
org;rec-2937-org;2937;connor;trait;6;lane place;sun city resort;leichhardt;3337;vic;19150208;1776479
org;rec-468-org;468;connor;arda;35;fenner street;summervale;south melbourne;2530;wa;19750417;9721130
org;rec-4237-org;4237;braedon;paine;15;edwards street;narellan court;young;3030;qld;19871225;8743183
org;rec-4560-org;4560;natalee;berryman;42;gurney place;morningsite;jamberoo;4055;wa;19790815;9012138
org;rec-691-org;691;kalli;detzner;23;florence taylor street;plainbrook;rowville;4306;qld;19440320;3527872
org;rec-3309-org;3309;cooper;clarke;54;ballumbir street;ballymannin;springwood;5153;nt;19111009;8251151
org;rec-2465-org;2465;emiily;campbell;13;beazley crescent;cameroo;leichhardt;2759;qld;19250103;2816217
org;rec-1282-org;1282;;teteris;76;kellermann close;bondo;brighton;3030;nsw;19381004;5797955
org;rec-1455-org;1455;chloe;bastiaans;49;sturdee crescent;rowethorpe;toowoomba;2232;vic;19470305;1208800
org;rec-1722-org;1722;zachary;mccurdy;9;blandon place;dinta;mirrabooka;4171;nsw;19771202;3404376
org;rec-2861-org;2861;katherine;hyland;16;kootingal street;;montmorency;3023;nsw;19400714;9161147
org;rec-4168-org;4168;;ruolle-ivanov;11;fairweather circuit;;mount low;5290;vic;19661012;4600962
org;rec-2652-org;2652;renai;byers;31;goyder street;rivonia;yankalilla;6722;vic;19760805;7669938
org;rec-610-org;610;lachlan;rau;68;loxton place;montrose;dederang;3377;wa;19260502;1638351
org;rec-673-org;673;stephanie;braithwaite;86;chisholm street;paradise lake resort;toowoomba;2516;nt;19750104;4262794
org;rec-2193-org;2193;keaton;green;47;salvado place;racecourse;palinyewah;7008;nsw;19040705;3688006
org;rec-383-org;383;angus;mcgregor;1;;rosetta village;chelsea heights;3020;wa;19170409;8677579
org;rec-2251-org;2251;joshua;crouch;94;forbes street;westerdale;johnsonville;2327;sa;19700216;4813329
org;rec-559-org;559;olivia;david;78;alabaster street;lindoran;;4035;sa;19210322;8629017
org;rec-907-org;907;kye;morrison;6;biddlecombe street;martins well station;daylesford;4670;vic;19951109;8949737
org;rec-1992-org;1992;daniel;george;28;riley place;colooli village;paddington;2603;nsw;19580820;4862317
org;rec-138-org;138;reuben;sette;6;griffiths street;the sandys;valley view;3159;nsw;19880626;4637182
org;rec-757-org;757;charlotte;baynes;156;bainton crescent;winton;malvern east;6111;nsw;19221231;7857555
org;rec-1833-org;1833;william;matthews;154;victoria street;;hughes;2134;wa;19940831;2176052
org;rec-3972-org;3972;charlotte;mason;16;ratcliffe crescent;baroona;hackham;5073;vic;19060923;6430306
org;rec-1087-org;1087;mitchell;tien;18;padbury street;greenslopes;concord;3429;nsw;19780903;6760018
org;rec-490-org;490;crystal;webb;6;holman street;rowethorpe;nowra;3095;vic;19800226;6491894
org;rec-1298-org;1298;taliah;ryan;45;hopetoun circuit;the willows;shorewell park;3805;vic;19950105;3100732
org;rec-1548-org;1548;william;cheers;18;kirwan circuit;ollera;kinross;6026;nsw;19550419;5986242
org;rec-2023-org;2023;krystin;pulvirenti;6;james scott close;chateau royal;ashfield;2145;vic;19350408;1694043
org;rec-3639-org;3639;taylah;weller;12;eaglemont retreat;kalang;point vernon;2066;nsw;19111122;4433270
org;rec-2471-org;2471;anthony;lavis;36;titheradge place;kalyra retirement;new farm;3130;qld;19000617;9007184
org;rec-3822-org;3822;kristo;matthews;632;southern cross drive;mafeking;pelican waters;2284;wa;19760312;5609707
org;rec-1967-org;1967;eboni;kempton;22;walton street;henry kendall bayside;vale park;2205;sa;19330113;3037416
org;rec-2648-org;2648;gabriella;pilavci;35;perry drive;medical centre;mooroolbark;2460;wa;19160117;2556284
org;rec-2311-org;2311;harry;hingston;4;mather street;yarren;mathoura;2170;nsw;19780820;1659262
org;rec-4579-org;4579;chloe;ryan;5;lambrigg street;eldeslee vlge;eastwood;4371;;19570622;2578857
org;rec-4635-org;4635;isabella;white;8;cooling place;;rosebud;6151;sa;19990911;2206317
org;rec-3673-org;3673;jake;trevan;93;pridham street;mallanganee;ormond;3028;qld;19960422;5388947
org;rec-3634-org;3634;joshua;holmyard;87;darwin place;victoria mill estate;dover;2287;vic;19710810;5679774
org;rec-1804-org;1804;paige;di cesare;8;tardent street;apt 27;balwyn north;4560;vic;19791223;6112690
org;rec-2356-org;2356;harrison;blackwell;50;leist street;ruffenuff;christies beach;3977;vic;19570321;6072506
org;rec-4874-org;4874;silas;coulson;29;bindon place;warra creek;kempsey;6450;nsw;19770903;3722652
org;rec-474-org;474;pino;snelling;82;fitzalan street;torrington;avondale heights;2170;nsw;19380415;6497858
org;rec-3758-org;3758;timothy;jesser;;hackett garden;narraburra lodge;killara;2283;vic;19000601;9949289
org;rec-4115-org;4115;jake;simmonds;37;castley circuit;lyndilan;mansfield;6027;nsw;19110310;6453549
org;rec-1803-org;1803;robbie;carmody;34;bernacchi street;melita;north st ives;2170;qld;19391211;8441818
org;rec-4960-org;4960;alisha;winfield;17;guerin place;gummy gully;altona north;3561;nsw;19760414;8806168
org;rec-4863-org;4863;jaime;whisson;;davenport street;;joondanna;6062;qld;19140828;3039182
org;rec-4122-org;4122;tess;battisson;1;wyola place;malsah;west wollongong;2210;nsw;19230918;3152618
org;rec-2690-org;2690;gianni;wiseman;81;jalanga crescent;york house;cooroy;4170;nsw;19651030;2659971
org;rec-4627-org;4627;juliana;watkin;18;feint street;laura pengilly wing;doubleview;4032;qld;19710311;8665714
org;rec-4112-org;4112;lachlan;bottroff;92;;quandialla;bronte;4670;nsw;19641111;4134354
org;rec-3083-org;3083;darcy;hamblin;28;goldfinch circuit;tarqua;geelong south;2320;wa;19141204;7758955
org;rec-583-org;583;reganne;mcveigh;2;souter place;;ermington;2763;vic;19310928;5159705
org;rec-1670-org;1670;cameron;kouimanis;51;nulsen circuit;;tecoma;3931;qld;19671009;1274183
org;rec-878-org;878;elton;rushby;2;charleston street;toowoomba;wyoming;4382;nsw;19320419;3833752
org;rec-1340-org;1340;spencer;klus;7;gatton street;whispering pines;young;5097;vic;19020122;4996874
org;rec-103-org;103;amelia;kingswell;12;balbo place;sunny braes;tuchekoi;3192;vic;19520510;7388956
org;rec-549-org;549;chloe;vincent;196;miller street;rosehill;wallsend;2745;wa;19140726;4286524
org;rec-4212-org;4212;ryan;sherrington;17;stopford crescent;lvel 2180;caulfield north;4745;qld;19680507;8315298
org;rec-1937-org;1937;nicholas;wilde;46;renny place;golden ponds;leongatha;4153;vic;19961119;7886527
org;rec-3111-org;3111;bianca;bishop;96;crozier circuit;linton;wolvi;4812;nsw;19761209;6772943
org;rec-1210-org;1210;amber;kerslake-ling;5;glencross street;lumley;ballarat;4817;sa;19031228;1079968
org;rec-2681-org;2681;lucy;van de maele;50;rutledge place;mater professional centre;port lincoln;2304;vic;19770324;4274192
org;rec-3900-org;3900;katie;jolly;26;reuther street;aprtmt 34;;2780;nsw;19690224;4300643
org;rec-4591-org;4591;carlin;zordan;74;burnie street;kangaroo creek;;2213;nsw;19070620;1373412
org;rec-3672-org;3672;stella;mason;408;kallara close;the parks;mount eliza;4122;wa;19510426;7535262
org;rec-749-org;749;sarah;curth;14;knoke avenue;heathfield qld;mullumbimby;3175;vic;19131205;8264314
org;rec-1346-org;1346;joel;sommariva;27;miranda place;sec 2737;rosebery;2264;wa;19681110;4235226
org;rec-4811-org;4811;sophie;grosser;86;tryon street;bethel hostel;bull creek;3875;wa;19011031;6415988
org;rec-4877-org;4877;jack;roles;22;musson close;glen ayre;coledale;3977;wa;19650917;8518344
org;rec-539-org;539;macy;donaldson;17;laseron place;barossa village;altona meadows;2767;vic;;6788131
org;rec-240-org;240;seth;jolly;16;reddall close;arrowgrove;colac;4370;qld;19460808;7445552
org;rec-2515-org;2515;abbey;colquhoun;21;buntine crescent;glen eden;thornlie;2390;nsw;19960607;7703106
org;rec-2213-org;2213;timothy;gilley;29;coghlan street;vinder lodge;magill;2197;nsw;19790709;5268628
org;rec-428-org;428;bailey;stanley;30;colmer street;rocklea;rowes bay;0850;nsw;19010804;3200988
org;rec-1125-org;1125;callum;jancek;22;darley place;garema place surgery;ballarat north;4745;nsw;19201229;2980733
org;rec-2104-org;2104;olivia;leong;75;naismith place;mckail;deer park;3177;nsw;19820831;9379794
org;rec-3541-org;3541;katelyn;goldsworthy;10;meyers place;tinnaroo falls;bundamba;3127;qld;19880820;1519466
org;rec-3993-org;3993;ruby;ackermans;;luehmann street;mt pleasant;tongala;2640;nsw;19090322;9034954
org;rec-1387-org;1387;mitchell;berry;2;roope close;larook;torquay;2199;nsw;19190710;1968724
org;rec-2248-org;2248;brydon;fogg;12;brigalow street;sec 1 hd molineux;loganholme;2232;qld;19260908;6678930
org;rec-672-org;672;sophie;rivera;9;burkitt street;lake chatsworth;sheidow park;2089;qld;19830203;1376770
org;rec-1124-org;1124;lily;clarke;25;emerton street;eight mile;woodville south;4223;nsw;19690612;4559335
org;rec-2748-org;2748;alex;beatton;237;kosciusko avenue;anzac house (cnr archer s street;midway point;4214;sa;19100717;3485662
org;rec-429-org;429;matisse;kromwyk;14;charterisville avenue;phillip lodge;toowoomba;2880;nsw;19190122;1739657
org;rec-1681-org;1681;matthew;widdowson;304;shain place;canberra hse;laverton;4878;nsw;19450221;8346142
org;rec-377-org;377;joselyn;moody;92;bromell circuit;cloverdene;ashfield;2285;sa;19380115;4236077
org;rec-1705-org;1705;alessia;smithson;;shandon place;amarillo;boorowa;6020;vic;19421105;6639770
org;rec-1599-org;1599;matthew;robson;9;burrendong street;ashell;toukley;4000;nsw;19441016;6090364
org;rec-1006-org;1006;cooper;ryan;166;torrens street;callatoota;bondi junction;3992;nsw;19341027;1163656
org;rec-2360-org;2360;julia;clarke;180;marconi crescent;hamilton park;whitfield;2642;wa;;8460647
org;rec-3814-org;3814;jasper;dorling;155;dowling street;gateway vlge caravn park;upwey;2069;nsw;19470208;2142730
org;rec-2603-org;2603;nikita;leditschke;86;sidaway street;parkdale lodge;mirrabooka;2031;vic;19510630;1387001
org;rec-3724-org;3724;jacob;beatton;;maharatta circuit;specialist centre;robertson;2643;nsw;19860630;9285118
org;rec-3167-org;3167;alex;fitzpatrick;28;vancouver street;c/-the student village;coomalbidgup;2229;nsw;19240702;4146666
org;rec-543-org;543;eliza;mason;33;schonell circuit;john flynn medical centre;mount warren park;2039;sa;19271018;5422520
org;rec-3500-org;3500;angelica;coleman;31;meldrum street;the briar patch;semaphore south;4035;nsw;19150104;1940066
org;rec-1118-org;1118;tai;saunders'wise;40;bugden avenue;grand central;cressy;4207;nsw;19310719;4524499
org;rec-843-org;843;montana;hawes;15;lange place;richon;glenmore park;6530;nsw;19310914;7814038
org;rec-1903-org;1903;rachel;burford;4;alabaster street;griffiths wing;adelaide;3155;qld;19201014;1452003
org;rec-3080-org;3080;bridget;rippingille;11;;south punyelroo;como;6152;vic;19200930;1882529
org;rec-3530-org;3530;lucy;millar;57;duffy street;burtons lookout;wyoming;2325;sa;19171121;3254520
org;rec-2011-org;2011;ruby;grobler;128;lonsdale street;tallinga park;newbridge;2105;qld;19190104;5332690
org;rec-1166-org;1166;jacinta;lomman;30;collings street;the hammond village;ingleside;3162;qld;19061009;6853014
org;rec-4051-org;4051;luke;mccarthy;5;bandjalong crescent;gemma;north curl curl;2160;nsw;19521124;9203828
org;rec-3691-org;3691;tara;pratap;15;wattle street;cantlay farm;aspley;2527;wa;19301128;3688555
org;rec-1447-org;1447;alexandra;alderson;4;arkell place;toolooa;clarinda;3764;vic;19230610;3671723
org;rec-85-org;85;joselyn;dakin;19;abernethy street;kanangra hostel;manunda;3028;wa;19261205;4852063
org;rec-4070-org;4070;hamish;chandler;9;eton place;allanvale;bribie island;2831;tas;19871001;3981694
org;rec-2385-org;2385;charlotte;wilde;28;diamond street;warwarick;werrington;2220;qld;19001117;4847191
org;rec-1556-org;1556;kayden;hochuli;15;william webb drive;tamwell centre;wangaratta;2293;nsw;19891108;2978402
org;rec-552-org;552;cameron;wilkins;528;bruxner close;iventure;albury;4670;sa;19580516;1334190
org;rec-1831-org;1831;mia;reid;4;le hunte street;marretah;como;3777;vic;19800421;3451673
org;rec-316-org;316;jordan;white;8;;;ryde;2148;vic;19890416;6617539
org;rec-2611-org;2611;hannah;grainger;34;fitzsimmons street;northbridge marina;middleton;4680;nsw;19340314;1608436
org;rec-1033-org;1033;beau;zeitzen-van der burg;32;william webb drive;kilnsey;bundaberg;6489;nsw;19500927;5594467
org;rec-3891-org;3891;;hilton;25;heard street;craiglyn;blue haven;2614;wa;19550612;2455796
org;rec-641-org;641;alisha;reid;89;rosenthal street;blue haven village;rushworth;3293;nsw;19951111;3980129
org;rec-3645-org;3645;samuel;coulson;1186;wheatley street;kintyre;acland;3183;qld;19050630;1100698
org;rec-3718-org;3718;hannah;white;2;gallagher street;fairholme;aspendale gardens;2505;nsw;19840119;9007134
org;rec-249-org;249;lachlan;shepherd;1;grainger circuit;willandra;adaminaby;7250;nsw;19080122;3139543
org;rec-892-org;892;jack;wieloch;29;mackennal street;;hawkesdale;2261;nsw;19500927;2954380
org;rec-447-org;447;april;mcgregor;4;launceston street;hawkins masonic vlge;kardinya;2207;wa;19541028;8809810
org;rec-1855-org;1855;livia;white;;chaffey crescent;kooyong;drysdale;6111;qld;19180719;8718575
org;rec-134-org;134;delaney;;3;o'sullivan street;the lodge;mount evelyn;2166;nsw;19331220;7133986
org;rec-1972-org;1972;billy;trenerry;104;tenison-woods circuit;camusfearna;edensor park;2177;tas;19900810;8678668
org;rec-3898-org;3898;ellie;green;17;brereton street;warrawong;hocking;4306;nsw;19080412;4034632
org;rec-4477-org;4477;blake;ryan;5;;town & country caravn park;bundaberg north;2484;nsw;19850601;6826301
org;rec-1707-org;1707;giorgia;smallacombe;10;dundas court;somerton park;glengarry;4108;sa;19990313;6657239
org;rec-2063-org;2063;maya;coffey;11;tucana street;bombowlee;dianella;2795;nsw;19880218;2732680
org;rec-557-org;557;ruby;braddy;11;allott place;c/-the student village;wynnum west;2260;wa;19440101;7323803
org;rec-4668-org;4668;elton;coldicutt;3;somerset street;newman medical centre;ashfield;5073;vic;19341016;9721944
org;rec-701-org;701;mitchell;clarke;57;hurley street;weemilah;tallebudgera;4021;vic;19010403;4822857
org;rec-3160-org;3160;xanthe;pringle;46;woodfull loop;morven;woori yallock;6110;vic;19250210;4259044
org;rec-3964-org;3964;brianna;ryan;7;bingham circuit;beltunga;highett;6330;qld;19310316;9339689
org;rec-3928-org;3928;molly;burford;19;erldunda circuit;rcg centre;ermington;3081;qld;19181119;7640441
org;rec-1141-org;1141;jack;huddy;6;kirkland circuit;willow lodge;blackburn north;6275;vic;19000604;8374407
org;rec-4759-org;4759;makayla;herbert;5;plummer street;tarwyn park;hopetoun;3925;vic;19111103;1756031
org;rec-733-org;733;shelby;garforth;;madigan street;st francis village;nannup;4506;vic;19060707;5601065
org;rec-4134-org;4134;alexandra;giordano;32;crozier circuit;marsden forest;blacktown;4680;vic;19341104;5423203
org;rec-4758-org;4758;robert;nguyen;26;willoughby crescent;wandendi;dianella;5155;nsw;19381017;4982192
org;rec-4512-org;4512;bailey;meaney;82;miago court;uarah;mortlake;3156;qld;19880918;8223923
org;rec-535-org;535;lauren;white;53;collings street;wollumbi;pacific paradise;3041;nsw;;9250255
org;rec-3451-org;3451;logan;goldsworthy;21;florentine circuit;settlers hills;ashfield;2571;nsw;19160117;8867229
org;rec-4524-org;4524;michael;coulson;78;mackellar crescent;koah lodge;marsden;3564;vic;19680508;6597953
org;rec-4533-org;4533;lily;berry;77;crofts crescent;railway cottage;rose bay;3340;sa;19590415;6015647
org;rec-2247-org;2247;tabitha;walch;22;kosciusko avenue;sec 311;tumbarumba;2340;vic;19380223;2307700
org;rec-4391-org;4391;felicity;;246;edmondson street;rowethorpe;clareville;4165;nsw;19380928;5994744
org;rec-2128-org;2128;flynn;gloster;2;davies place;canowindra;andergrove;2519;nsw;19570911;5757208
org;rec-2771-org;2771;joshua;petersen;8;wybalena grove;lyra park;surry hills;3162;vic;19420824;4895026
org;rec-337-org;337;jordan;morrison;45;church lane;killarney park;albany creek;2770;nsw;19850727;4295797
org;rec-531-org;531;kyle;rudd;;atherton street;glenmore;muttama;5158;nt;19590521;2268332
org;rec-4702-org;4702;jamie;paterson;;lindrum crescent;fairlane estate;wangaratta;3104;wa;19860221;5336409
org;rec-2476-org;2476;abbey;simmonds;13;greenvale street;haven court;aspley;4069;qld;19141205;2403689
org;rec-3944-org;3944;kyle;candida;26;spofforth street;pinecroft;clearview;3187;nsw;19001111;1796923
org;rec-4301-org;4301;nicholas;hassall;8;laughton street;anzac house (cnr archer s street;highton;3028;sa;19040622;3632388
org;rec-479-org;479;joshua;webb;10;beetaloo street;tongeroo;brighton;6110;qld;19040213;5702764
org;rec-2032-org;2032;madeleine;noack;44;forbes street;woodsong;coombabah;7320;;19490830;2378967
org;rec-2153-org;2153;annabel;grierson;97;mclachlan crescent;lantana lodge;broome;2480;nsw;19840224;7676186
org;rec-1610-org;1610;brock;nygaard;58;lockyer street;barossa village;kununurra;2079;vic;19730526;4753010
org;rec-4023-org;4023;emiily;choi-lundberg;10;moseley place;kokoda hostel;warriewood;2099;vic;19081215;8598033
org;rec-2691-org;2691;ellorah;verco;11;girdlestone circuit;kingston tower;clifton springs;4152;;19340706;1075870
org;rec-2241-org;2241;sara;wilkins;12;boddington crescent;wyseworth rmb 346;naracoorte;5084;qld;19621027;7634727
org;rec-2969-org;2969;emiily;conaghty;43;o'meara place;minjarra;ashgrove;3042;wa;19140520;4368793
org;rec-3579-org;3579;megan;scripps;40;karawatha place;raycroft;bonnells bay;2761;sa;19970108;7573986
org;rec-2575-org;2575;charlotte;grierson;40;hooley place;;kellyville;2479;nsw;19691116;8381516
org;rec-587-org;587;lauren;musolino;35;beattie crescent;;bangor;2869;act;19891021;6356434
org;rec-2837-org;2837;raquel;mason;17;;;;3225;qld;19341010;1823323
org;rec-1586-org;1586;phoenix;pinzon;205;hawker street;scottish masonic village;carina heights;6062;wa;19290505;1130499
org;rec-1604-org;1604;sienna;musolino;22;smeaton circuit;pangani;mckinnon;2700;nsw;19890525;4971506
org;rec-1018-org;1018;bianca;cobbett;32;yerralee road;wongon;woodend;3083;vic;;1020735
org;rec-2999-org;2999;paris;negrin;30;stapylton street;treleen;coleambally;2145;qld;19620726;4121618
org;rec-4790-org;4790;pearson;ryan;38;leven street;pyramid caravn park;bulimba;2251;qld;19010120;7889345
org;rec-3358-org;3358;cooper;hyland;34;namadgi circuit;ferndale;newcastle;2566;nsw;19621205;8131556
org;rec-1385-org;1385;joel;bishop;10;french street;cedarview;orange;3223;nt;;1324854
org;rec-1629-org;1629;karla;talapaneni;166;kater place;allanvale;balcatta;3133;vic;19671223;4859425
org;rec-2152-org;2152;emiily;fitzpatrick;;aland place;keralland;rowville;2219;vic;19270130;1148897
org;rec-1397-org;1397;alexandra;pacey;1;wattle street;keira;peakhurst;2138;act;19390116;3552967
org;rec-3251-org;3251;lachlan;de angelis;85;goldfinch circuit;glenarthur;gulnare;2074;vic;19881114;8569316
org;rec-2479-org;2479;harvey;dunstone;23;merrett garden;guest hse;macedon;2097;nsw;19150106;8080352
org;rec-2591-org;2591;;haythorpe;60;heard street;kangaroo ground warrandy road;rosebud;6149;nsw;19010708;6149528
org;rec-3862-org;3862;kiera;lowe;208;acraman place;farm shed;thornbury;2470;qld;19830616;8834013
org;rec-3590-org;3590;nasyah;reid;14;groom street;warrina lakes;goonellabah;2775;nsw;19850813;9822354
org;rec-1815-org;1815;aleisha;spratt;16;wild street;ashbank;seaton;4310;sa;19920328;6548039
org;rec-3870-org;3870;benjamin;harrington;4;mackenzie street;cascina;morpeth;6012;qld;19130302;6966636
org;rec-3542-org;3542;erin;lovelock;22;druitt place;on river;dorrigo;4118;vic;19680706;8834319
org;rec-253-org;253;samantha;kerslake;14;howard street;the meadows;keiraville;6167;nsw;19690926;7977658
org;rec-2890-org;2890;kiana;lenzi;35;bugden avenue;the meadows;goodooga;2075;;19110824;6557448
org;rec-3576-org;3576;damien;nguyen;107;jerrabomberra avenue;;noble park;2031;wa;19670919;8598019
org;rec-2491-org;2491;ruby;rollins;28;flinders way;lazy acres;kilsyth;3775;nsw;19941004;3535164
org;rec-3075-org;3075;william;vanderwesten;11;william wilkins crescent;wyuna;grenfell;5290;nsw;19500801;2499394
org;rec-4606-org;4606;jessica;campbell;43;deloraine street;;bribie island;2756;vic;19300613;9015825
org;rec-128-org;128;jasper;rylands;10;abernethy street;;ingleburn;2784;nsw;19730615;9353426
org;rec-3699-org;3699;julia;velzeboer;796;ewart street;;hackham west;5045;tas;19930613;2222450
org;rec-2382-org;2382;emma;mccarter;21;enderby street;;burwood east;3052;nsw;;1635330
org;rec-2669-org;2669;emiily;roff;5;darwinia terrace;loma;hawthorn;3173;sa;19600518;9178046
org;rec-913-org;913;kira;wimmer;4;sturdee crescent;ark hall;tanjil south;3173;sa;19410628;4604196
org;rec-280-org;280;joshua;toseland;19;roughley place;bells ck;kings park;5253;wa;19820825;3749440
org;rec-469-org;469;emiily;eglinton;110;solomon crescent;crowden;bendemeer;2602;vic;19970213;6929273
org;rec-2966-org;2966;heath;tao;1;holden crescent;the willows;merrimac;2594;nsw;19420605;9669484
org;rec-1900-org;1900;jasmine;matthews;25;osburn drive;marathon mews;burwood;3185;wa;19691211;9299325
org;rec-3617-org;3617;darcy;nguyen;67;ferdinand street;willarra;osborne park;3073;act;19810513;8210958
org;rec-1105-org;1105;nicholas;jenvey;59;bogan place;hopeview;bundaberg;2440;nsw;19921231;1646485
org;rec-1732-org;1732;sophie;mahony;8;ashby circuit;bunya highway;pumphreys;3040;qld;19651025;5839336
org;rec-2487-org;2487;joanna;george;12;bage place;;wantirna;2224;qld;19530111;6565352
org;rec-640-org;640;adela;dudgeon;6;maitland street;craiglea;corio;3146;vic;19181027;2679352
org;rec-695-org;695;toby;quill;5;anembo street;sect 329;strathalbyn;5253;vic;19380703;6115722
org;rec-1425-org;1425;alysha;reid;747;clive steele avenue;townhouse 5;kiama heights;3170;vic;19940904;7294389
org;rec-4006-org;4006;mackenzi;dogg;30;paisley street;;berwick;2259;vic;19710709;9203314
org;rec-854-org;854;arren;leonardos;106;eggleston crescent;hidden valley estate;east maitland;3220;vic;19171029;8849722
org;rec-2322-org;2322;sophie;morrison;11;waller crescent;hmas cerberus;loganlea;3175;vic;19420302;7721195
org;rec-2046-org;2046;kaitlin;bowerman;16;foskett street;bulala;edensor park;6111;nsw;19140320;6109196
org;rec-4351-org;4351;leon;mandica;25;antill street;upper green farm;laverton;2115;sa;19540826;3910447
org;rec-4593-org;4593;georgia;rundle;3;hicks street;blackbutwood;orange;3078;nsw;19910726;4860814
org;rec-1746-org;1746;lucy;callahan;73;bainbridge close;bungarra;rowville;4209;vic;19430602;9663021
org;rec-4080-org;4080;danielle;sawczak;180;forbes street;malay vale;oak park;3431;nsw;19410314;8495764
org;rec-1824-org;1824;liam;webb;559;george street;garden settlement;newmarket;4505;qld;19950329;4718403
org;rec-3272-org;3272;zara;white;189;mackey place;doctors flat;hawthorn;4306;wa;19320621;7744887
org;rec-1898-org;1898;william;croker;42;belmore garden;norellen;stephens;4207;qld;19190108;9397232
org;rec-238-org;238;max;nevin;36;creswick place;penny lane shopping centre;colonel light gardens;3169;qld;19840223;8258349
org;rec-2246-org;2246;desi;spargo;114;tenison-woods circuit;kenara;abbotsford;7261;qld;19800308;9515868
org;rec-4176-org;4176;matthew;dukic;20;ebeling court;sec 1;manly vale;4107;qld;19290219;1480466
org;rec-3404-org;3404;jessica;hanna;7;jerrabomberra avenue;yaraan;smithfield;2821;nsw;19380407;9277788
org;rec-2354-org;2354;connor;shepherd;7;bulloo place;;kangaroo flat;4621;wa;19681115;1737778
org;rec-2928-org;2928;harriet;doogue;4;mugga lane;concept;matraville;3194;qld;19091014;4166027
org;rec-3526-org;3526;lilian;berry;17;goldstein crescent;berowra;maida vale;3103;vic;19030329;3427724
org;rec-3128-org;3128;jairus;compton;92;huelin circuit;mamaregu;boyne island;2760;wa;19960806;1381082
org;rec-3054-org;3054;brooke;harrington;88;marcus clarke street;campaspe;lockleys;3042;wa;19910123;4738674
org;rec-1892-org;1892;hayden;beattie;5;monaro crescent;sandilands;cloverdale;4059;qld;19530424;4745672
org;rec-4604-org;4604;caitlin;morrison;8;augustus close;;clarkson;4170;nsw;19130704;9362649
org;rec-2921-org;2921;eden;clarke;1;towns crescent;tall pines;elimbah;3075;wa;19351223;9713955
org;rec-4456-org;4456;chloe;grosvenor;13;clyne place;waddi;scarness;2478;nsw;19800606;2830335
org;rec-1409-org;1409;tylah;kempe;8;arthur circle;tylden park;adamstown heights;3133;sa;19721016;1844518
org;rec-1596-org;1596;alexander;green;18;julia flynn avenue;sec 375;connolly;2516;nsw;19071024;5282495
org;rec-2553-org;2553;brayden;coleman;21;paul coe crescent;westfalls;greenwith;5047;vic;19500606;1790784
org;rec-1786-org;1786;taliah;clarke;16;;brentwood vlge;greenacre;4158;qld;19521121;8211585
org;rec-1946-org;1946;michael;rawlings;1554;millen street;the homestead;coolbellup;2750;sa;19170417;6689349
org;rec-1529-org;1529;zachariah;campbell;32;gellibrand street;carowood;keswick;3148;vic;19271210;2544494
org;rec-4487-org;4487;madison;blake;17;owen crescent;pontresina;burraneer;4701;vic;19470410;6459959
org;rec-825-org;825;mia;white;6;national circuit;sec 301;narembeen;2765;nsw;19130418;5053650
org;rec-2622-org;2622;jaden;jessup;;rubbo crescent;glendas;gosford east;5641;qld;19030304;8577794
org;rec-4330-org;4330;jye;marlow;2;meeson street;barakee;blackall;5223;nsw;19110728;8601970
org;rec-4816-org;4816;william;tangallpalla;166;lachlan street;minnawarra farm;stanhope gardens;7008;nsw;19320616;9859566
org;rec-690-org;690;edward;dent;28;shipard place;glenview;picton;4020;vic;19480210;5693557
org;rec-940-org;940;zachary;brain;31;cornish place;the meadows;whitfield;2675;vic;19120327;3343445
org;rec-2135-org;2135;ethan;green;1;masonic birks place;ridgebrook;aspendale gardens;2069;wa;19520318;8666305
org;rec-555-org;555;harry;manthorpe;19;hodgson crescent;the blackhut;macquarie fields;2756;nsw;19841005;7232794
org;rec-2704-org;2704;oscar;frew;87;akma place;scotty;mont albert;2138;wa;19050914;8407358
org;rec-1875-org;1875;kelsey;warrior;223;wentworth avenue;;kelmscott;4550;vic;19460105;8991832
org;rec-829-org;829;lucy;easling;97;mimosa close;the old parsonage;manyana;3016;;19810520;5467025
org;rec-3393-org;3393;;reid;46;dooring street;windalea;dandenong north;3581;nsw;19130312;1322845
org;rec-3594-org;3594;abbey;gonsalex;19;fairweather circuit;meebery;kellyville;3285;vic;19450224;5540735
org;rec-4103-org;4103;jack;badman;8;kardang street;gowrie;point samson;4670;nsw;19070912;1172421
org;rec-155-org;155;lachlan;meeking;20;whitford place;westella;kyabram;2148;vic;19580816;8359944
org;rec-1411-org;1411;harrison;thredgold;3;antill street;monavale;charlestown;2289;nt;19390828;3707828
org;rec-3674-org;3674;thomas;monis;30;schofield place;duck creek;terrey hills;2145;nsw;19620331;3724382
org;rec-4107-org;4107;brinley;ho;6;vickers crescent;parks cottage;greenwith;2166;sa;19311119;9490562
org;rec-4458-org;4458;mackenzie;boocock;81;tipiloura street;ursula;budgewoi;7027;nsw;19030720;6435654
org;rec-4548-org;4548;samantha;chandler;183;macnamara place;st johnof god hospital;greenwith;2047;wa;19011201;6692802
org;rec-1608-org;1608;callum;moyse;7;lynch street;walkabout palms;brighton-le-sands;4740;tas;19130714;5145083
org;rec-4309-org;4309;dylan;yen;83;duffy street;apt 2005;keilor;6056;nsw;19890827;5035246
org;rec-386-org;386;bradley;crook;140;jacka crescent;locn 1699;south brisbane;4380;nsw;19480319;4421582
org;rec-3247-org;3247;jordan;lahz;53;scantlebury crescent;argyl square;hamilton;2153;wa;19760111;1854713
org;rec-1927-org;1927;michael;reid;8;upton street;terranora;macquarie fields;2452;qld;19050922;1117934
org;rec-635-org;635;james;thorpe;27;cusack place;rockview;largs north;4580;qld;19410413;3938054
org;rec-2151-org;2151;ayla;colefax;3;o'halloran circuit;riana;belgrave;2228;wa;19611006;9876911
org;rec-548-org;548;jade;worsley;;waller crescent;st francis vlge;cabramatta;7190;qld;19491001;6141371
org;rec-4056-org;4056;matilda;satterley;5;eugenia street;strathlea;kedron;3056;qld;;7200837
org;rec-1091-org;1091;mikaela;stanfield;16;giltinan place;stefonair;maryborough;4817;qld;19911222;5549486
org;rec-3951-org;3951;lachlan;nguyen;23;templestowe avenue;elmwood;o'connor;5046;vic;19931013;8311385
org;rec-3061-org;3061;hamish;boulter;16;longstay caravn park;top spot;warkton;2429;nsw;19170530;6954052
org;rec-3602-org;3602;trent;bizjak;1;majura avenue;burrawan;northbridge;3189;vic;19950310;4593048
org;rec-1460-org;1460;ella;faull;24;dowling street;nomore;norwood;2627;nsw;19600429;8885164
org;rec-1213-org;1213;brendan;whillas;30;horrocks street;bass view;carlingford;6061;qld;19140619;7279575
org;rec-418-org;418;simone;goz;313;marconi crescent;alabama;bayswater;3029;qld;19080313;1331839
org;rec-4755-org;4755;jake;mcneill;33;crozier circuit;legacy units;maroota;6166;nsw;19490119;7072281
org;rec-1257-org;1257;chelsea;clarke;26;namadgi circuit;villa 74 village glen;anglesea;6025;nsw;19230828;3467697
org;rec-4566-org;4566;archie;mccarthy;9;playoust place;keriroca;ascot;3919;vic;19591221;4937930
org;rec-4163-org;4163;lawson;brooker;6;;cascades;brunswick heads;3218;nsw;19960904;9338356
org;rec-855-org;855;louise;thorpe;19;cooper place;lazy acres;curra;3150;wa;19910823;1563881
org;rec-2373-org;2373;amy;hawes;68;hyne place;kiola;mentone;6022;nsw;19400129;5599177
org;rec-657-org;657;danika;mcvicar;25;maclagan street;rosedale;canterbury;4305;vic;19550817;3962564
org;rec-1131-org;1131;oscar;ovens;15;bennett street;;sheidow park;2606;wa;19060608;3538621
org;rec-31-org;31;laura;white;67;arndell street;riverbend;hoppers crossing;6053;vic;19900615;7517707
org;rec-2146-org;2146;luke;barisic;4;macarthur place;kurrajong;windsor;5345;nsw;19510612;6325283
org;rec-3704-org;3704;john;finlay;108;kuhn place;;;3081;qld;19771208;9133711
org;rec-4808-org;4808;lucy;satterley;32;gill street;nepean shores;buninyong;4226;sa;19660516;9616924
org;rec-4404-org;4404;nicholas;commons;50;couchman crescent;lochlee;parkdale;5169;sa;19980815;9438920
org;rec-1448-org;1448;teal;donaldson;;o'sullivan street;willow lodge;springwood;7030;nsw;19241229;8492921
org;rec-1640-org;1640;ned;hamblin;9;bokhara circuit;;ballarat;5022;act;19150226;9945787
org;rec-4236-org;4236;bailee;berryman;7;jarrah street;bishops creek;stanhope;4053;sa;19780405;1761772
org;rec-4092-org;4092;kelsea;snell;5;petterd street;mac donnells bldg (cnr grafton s street;thornlie;4226;wa;19510210;2775215
org;rec-567-org;567;giaan;sribar;32;sturt avenue;evergreen;buronga;2710;sa;19020104;9160808
org;rec-3688-org;3688;alexandra;millar;1;loureiro street;killarney;alice springs;2430;vic;19180327;8677356
org;rec-1822-org;1822;maddison;fullgrabe;44;scarlett street;allunga;forest glen;5070;qld;19110327;3898794
org;rec-4716-org;4716;lucy;dunthorn;7;gratton place;thurlimbah;crows nest;4510;qld;19380809;7921182
org;rec-3494-org;3494;william;redington;107;postle circuit;white rock;nowra;4034;sa;19840716;3386603
org;rec-2965-org;2965;tiarna;harrington;1;crisp circuit;magpie downs;mannum;5264;nsw;19060622;1436628
org;rec-1115-org;1115;isabelle;berry;71;scarlett street;yakatoon;clarinda;3194;qld;19010210;5294123
org;rec-2270-org;2270;charlotte;valasakis;12;kohlhagen street;gsala view;scarborough;2660;wa;19750220;7975898
org;rec-952-org;952;brianna;waterston;8;monaro crescent;parraweena;hoppers crossing;2168;nsw;19571109;4074359
org;rec-3516-org;3516;miller;browne;46;chuculba crescent;gullamurra;belrose;3015;act;19671017;7983195
org;rec-1273-org;1273;kane;markijevic;51;maltby circuit;moyola;briar hill;2452;nsw;19310315;5758876
org;rec-4161-org;4161;jessica;white;4;levi place;habitat;carlingford;6054;vic;19691105;8241849
org;rec-4267-org;4267;jessica;zimmermann;25;fairweather circuit;burnie north west private hospital;brighton;4211;vic;19370426;2620091
org;rec-3052-org;3052;lucas;yoon;54;johnstone circuit;shady creek;wingham;3039;qld;19761101;8649392
org;rec-2427-org;2427;ebony;wynne;261;teague street;fleetview;harris park;4350;act;19070922;2766218
org;rec-3751-org;3751;annalise;vorrasi;94;millen street;blacksdane private sanctuary;milawa;3106;qld;19700321;8035200
org;rec-4589-org;4589;lily;mccaffrey;166;john cleland crescent;kirkdale;port pirie;4870;vic;19260727;8711730
org;rec-4357-org;4357;ethan;coleman;64;ragless circuit;;hindmarsh west;4701;nsw;19650701;9807949
org;rec-492-org;492;carly;matthews;14;mcnamara street;henry kendall hostel;aroona;2257;nsw;19460115;6001116
org;rec-1438-org;1438;nicola;orchard;12;mollison street;nelsons lake;cherrybrook;3915;nsw;19530103;1330482
org;rec-2627-org;2627;seth;sherriff;1329;bean crescent;braeburn;the entrance;2153;vic;19320310;1727482
org;rec-2978-org;2978;natalia;bajic;19;delegate street;corcoran;jesmond;3977;wa;19130312;8300817
org;rec-4007-org;4007;rachel;campbell;22;dutton street;the willows;geraldton;3129;nsw;19710314;6934561
org;rec-3020-org;3020;madison;herbert;14;cowie place;old post office;glenmore park;2680;nsw;19950105;9689395
org;rec-1573-org;1573;sam;hage;1;sweet place;woodlands surgery centre;port macquarie;3206;qld;19430116;1799750
org;rec-4243-org;4243;harry;pembroke;138;sparkes close;st georges medical centre;sutton forest;3338;qld;19260311;6618265
org;rec-653-org;653;nicholas;pontt;15;bulli place;wattle mount;new farm;2750;vic;19570101;3411264
org;rec-3215-org;3215;nikita;green;4;greenough circuit;glenmarla rmb 2563;elizabeth south;2540;nsw;19941002;8531091
org;rec-3619-org;3619;brooke;ryan;93;brawn place;moorilla;greenacre;3040;nsw;19100427;7392488
org;rec-2271-org;2271;emiily;perduns;19;wilkins street;yenda units;broken hill;3124;nsw;19990108;5105163
org;rec-4450-org;4450;keegan;berry;28;hattersley court;gundamain;corrimal east;3073;qld;19230913;8103633
org;rec-2399-org;2399;kalli;houldsworth;23;fellows street;ardmona;claremont meadows;5041;nsw;19871214;9768941
org;rec-1398-org;1398;kristo;white;;mchale place;evergreen;devonport;2050;qld;19790907;4175137
org;rec-4693-org;4693;archie;white;19;kernot street;ingevale;corndale;2260;sa;19560508;5801177
org;rec-1060-org;1060;belinda;hilton;38;beltana road;villa 2;botany;2171;vic;19640816;6397676
org;rec-706-org;706;talia;dhara;81;kirkham place;lochenfels;bidwill;4160;wa;19700715;9048094
org;rec-373-org;373;yasmin;reid;8;gurr street;gunn's gully;san remo;2011;nsw;19530308;5213022
org;rec-1500-org;1500;jade;stronach;4;broadsmith street;miami;denmark;2251;nsw;19090102;5258162
org;rec-888-org;888;caitlin;berry;29;carr crescent;bletchly park;corrimal east;4075;sa;19780804;2225444
org;rec-1451-org;1451;jade;stanley;4;baracchi crescent;mlc centre;cranbourne;6111;nsw;19480216;3818853
org;rec-4924-org;4924;william;reid;12;tatchell street;st georges park;hoppers crossing;4814;nsw;19750418;4238509
org;rec-4164-org;4164;jayde;lazaroff;21;castleton crescent;morayfield exchange;lindfield;4311;nsw;19350424;7611601
org;rec-2253-org;2253;blake;matthews;40;perrin circuit;broadwater caravn park;kedron;2466;vic;19670914;1826915
org;rec-2886-org;2886;;garanggar;28;may maxwell crescent;springetts arcade;forest hill;2324;vic;19921016;1366884
org;rec-47-org;47;finn;white;403;mcculloch street;all saints college;kempsey;6084;qld;19450410;9601625
org;rec-2953-org;2953;alex;hanna;146;pocket avenue;scottsdale;yangebup;3941;vic;19040515;7193215
org;rec-4523-org;4523;callum;erett;9;tiptree crescent;felbrigg;edenhope;3280;tas;19550825;3727793
org;rec-814-org;814;nicholas;campbell;23;birchall street;karsul;carnegie;2097;act;19690319;1631489
org;rec-1969-org;1969;cassidy;campbell;623;luffman crescent;cherrybank;sussex inlet;3165;vic;19160322;6984823
org;rec-324-org;324;aidan;finlay;27;maribyrnong avenue;villa 3;roleystone;2000;;19131116;8412107
org;rec-3658-org;3658;ruby;mccarthy;9;halford crescent;clear creek;minto;3305;qld;19490728;9370792
org;rec-120-org;120;tynan;;2;galleghan circuit;;wakeley;4655;wa;19800407;1022048
org;rec-423-org;423;william;corrie;17;degraves crescent;sec 1;parkinson;4741;nsw;19610614;5150424
org;rec-4892-org;4892;joel;warneke;10;walsh place;corra-lynn;carrick;2529;nsw;19160910;4818906
org;rec-2634-org;2634;cambell;croker;4;baldwin drive;wemyss;moodiarrup;0836;act;19741117;1734947
org;rec-2089-org;2089;william;white;33;downes place;;normanhurst;3057;sa;19970306;9053801
org;rec-1896-org;1896;shaun;campbell;37;mcginness street;bexley;tarnagulla;3802;vic;19831102;4088978
org;rec-1915-org;1915;shawn;boothroyd;19;melrose drive;rowethorpe;oak park;2166;sa;19700418;8329531
org;rec-2061-org;2061;dylan;millar;58;;the willows;woodburn;2034;nsw;19330911;8113457
org;rec-3697-org;3697;mystique;agius;79;meeson street;cherry haven;albion park;3104;vic;19070427;4578360
org;rec-4263-org;4263;samantha;crouch;;crisp circuit;medical centre;roselands;3199;nsw;19280914;9016486
org;rec-3990-org;3990;makayla;matthews;42;cullen street;st francis room;oakleigh;3233;nsw;19061006;7914405
org;rec-4380-org;4380;timothy;plume;130;forsythe street;breakaway creek es;barrington;5032;vic;19861022;6729470
org;rec-1797-org;1797;jessica;regalado;;clive steele avenue;edge hill;devonport;6076;qld;19441202;2223697
org;rec-2387-org;2387;alissa;stanley;23;fairbridge crescent;oberne park;mount pleasant;2016;nsw;19790317;8806692
org;rec-1158-org;1158;adela;lomman;7;;canberra hse;frankston;3158;vic;19980301;2548086
org;rec-2982-org;2982;jaimee;hanna;8;harkness street;belmore river;armidale;2062;nsw;19871116;2798753
org;rec-4641-org;4641;jessica;weller;318;bishopbourne court;lismore road;padstow;2191;nsw;19600919;4837774
org;rec-2903-org;2903;vianca;ryan;10;mareeba street;manila;leichhardt;2480;tas;19211205;7065063
org;rec-164-org;164;ruby;jesser;37;boult place;catumbel lodge;broadbeach waters;6230;nsw;19680506;3452449
org;rec-2729-org;2729;danika;colquhoun;;summerland circuit;victoria square;willagee;3194;qld;19661116;9078185
org;rec-2359-org;2359;mackenzi;jarick;51;wilkinson street;willow lodge;picton;2117;vic;19240823;4264896
org;rec-4035-org;4035;chloe;worm;6;brentnall place;donna valley;karloo;3128;nsw;19000814;9383057
org;rec-3487-org;3487;emiily;white;26;marr street;grangemouth;lower templestowe;3161;vic;19290127;4621716
org;rec-1198-org;1198;lucas;white;56;hacke place;carlow;prospect;4650;vic;19400902;2640399
org;rec-4214-org;4214;ka;george;8;gaunson crescent;australia fair medical west centre;auburn;7325;vic;19041031;8708132
org;rec-4231-org;4231;;durban;63;ormond street;girrahween homestead;narrogin;3284;vic;19010130;3247158
org;rec-4106-org;4106;zakariah;ryan;1;cochrane crescent;homevale;aldinga beach;3941;nsw;19030508;7629205
org;rec-2194-org;2194;samantha;lock;6;o'sullivan street;brentwood vlge;yarra junction;7320;vic;19380113;3912051
org;rec-1748-org;1748;mhary;rundle;12;bradfield street;hollybrooke;woodlands;3280;vic;19960812;2523448
org;rec-4710-org;4710;;robson;10;flegg crescent;kuliup;woongarrah;3149;nsw;19880603;6084403
org;rec-3510-org;3510;kimberly;mason;150;tauss place;;rosewater;7008;nsw;19840507;5663441
org;rec-941-org;941;william;zilm;64;;moonya cottage;east fremantle;2165;act;19430728;8235647
org;rec-4229-org;4229;harley;kreymborg;160;spinifex street;laurieton hvn ret;holsworthy;4630;act;19550403;8066192
org;rec-1032-org;1032;harrison;painter;;nina jones crescent;ballawinna stud;lennox head;6017;vic;19961105;9133988
org;rec-4742-org;4742;noah;flatman;13;mawalan street;northbourne;frankston;5049;vic;19790808;6564082
org;rec-4224-org;4224;christopher;felmingham;192;tallara parkway;the provincial;moree;2195;sa;19600327;7478108
org;rec-3575-org;3575;harrison;coulson;119;backler place;;toowoomba;4350;vic;19300517;5222388
org;rec-1832-org;1832;timothy;kinter;29;hawker street;argyle village;quilpie;2594;vic;19190926;7137052
org;rec-2549-org;2549;matthew;roche;67;orchard place;foveaux terraces;mill park;3850;vic;19040419;6928752
org;rec-438-org;438;alison;hearn;4;macdonnell street;cabrini medical centre;adelaide;2720;vic;19191230;2937695
org;rec-3097-org;3097;nathan;chorley;931;mockridge crescent;rosedale;laverton;4061;vic;19300730;6046935
org;rec-992-org;992;nikita;mcgregor;1;sherwood circuit;cooranga;frankston;3892;sa;19250127;5134549
org;rec-75-org;75;lachlan;webb;19;national circuit;;safety bay;7250;qld;19370423;4001224
org;rec-1183-org;1183;matthew;green;5;tanner place;beltrasna angus stud;oakleigh east;5607;nsw;19650218;1267406
org;rec-2022-org;2022;stephanie;tuckwell;6;weddin circuit;hillside farm;scarborough;4152;sa;19920918;9299910
org;rec-3357-org;3357;keaton;lutz;20;ragless circuit;st agnes retrmnt vlge;north sydney;6007;wa;19670911;6728130
org;rec-92-org;92;alana;frahn;530;a'beckett street;pyramid caravn park;lakes entrance;2477;vic;19630307;4624018
org;rec-2101-org;2101;tahlia;herbert;28;dolling crescent;curra park;kingston beach;3840;nt;19790724;6559247
org;rec-2887-org;2887;brody;stearnes;7;fincham crescent;binnalong;thornbury;3639;vic;19440417;8363677
org;rec-4567-org;4567;alicia;green;13;proctor street;navan park;eden;2484;sa;19950919;4191587
org;rec-1296-org;1296;joshua;george;24;rose scott circuit;ponderossa;goonellabah;2464;nsw;19250202;6419725
org;rec-2300-org;2300;georgia;dasilva;29;trumble street;willaroo;bayswater north;7320;vic;19591226;6737283
org;rec-645-org;645;benjamin;berryman;43;thornhill crescent;country club;magill;2073;qld;19360111;7934124
org;rec-460-org;460;lara;paine;89;hibbins place;hawkins masonic vlge;compton;2444;nsw;19710418;3544402
org;rec-2367-org;2367;;clarke;15;biddell place;laurieton hvn ret;collie;4120;vic;19430622;7449892
org;rec-2342-org;2342;lauren;hilton;16;grayson street;glenmore;corio;2645;wa;19150223;5611249
org;rec-565-org;565;reuben;mccarthy;130;greenvale street;delaware;hoppers crossing;6019;nsw;19030224;5053375
org;rec-4075-org;4075;rhys;dugdale;9;port jackson circuit;ainslie house;ryde;7009;nsw;19010725;5007081
org;rec-3311-org;3311;coby;brinsmead;110;musgrave street;st francis vlge;canley heights;4552;qld;19391009;8442114
org;rec-4291-org;4291;john;homann;27;sid barnes crescent;king river palms c8;cranbourne;5159;nsw;19461027;4896844
org;rec-2812-org;2812;adam;gilbertson;2;albermarle place;the willows;yarra junction;5252;qld;19570515;8465469
org;rec-4910-org;4910;felicity;la porte;25;groom street;gundaline;glenmore park;3892;wa;19631026;9577115
org;rec-3416-org;3416;gabrielle;garcia;74;dutton street;kehlhof;burwood;4311;sa;19081210;2519794
org;rec-512-org;512;campbell;colquhoun;143;healy street;lakeview caravn park;greenfield park;3186;vic;19490831;1130272
org;rec-2939-org;2939;lauren;gastarini;12;spowers circuit;menedebri;modbury;4680;vic;19731226;5596194
org;rec-3731-org;3731;brydee;lamprey;16;bavin street;unt 2;goodwood;3260;nsw;19490504;2250069
org;rec-1567-org;1567;campbell;webb;63;wade street;ra 939;mount crosby;3152;nsw;19981022;3000281
org;rec-2314-org;2314;jake;gillard;121;blackbutt street;ethnam farm;maitland;3088;nsw;19590828;1616065
org;rec-984-org;984;lucy;bickerstaffe;108;graham street;;marmong point;3153;qld;19860422;2491252
org;rec-2390-org;2390;jacob;white;11;wilga place;yarramine park;wallabadah;4061;nsw;19760515;6381291
org;rec-3946-org;3946;samantha;garnett;10;furey street;raworth cottage medical practice;wallacia;2530;sa;19210919;2074453
org;rec-2517-org;2517;katelyn;reid;30;james smith circuit;karma park;dolls point;2478;qld;19970318;9915348
org;rec-2929-org;2929;bethanie;artis;21;brigden crescent;caragnoo;cronulla;6147;sa;19020810;4534363
org;rec-600-org;600;john;matthews;55;meriden wallaroo road;ivydale (rsd 1820);empire bay;5063;wa;19380716;1321103
org;rec-3611-org;3611;cooper;clarke;2;poynton street;;dapto;2479;vic;19871109;4405327
org;rec-3994-org;3994;nathan;clarke;33;stobie place;coolamon road;ascot;2218;qld;19121126;9963518
org;rec-4965-org;4965;william;daish;500;osburn drive;pink lake caravan park;eastwood;3058;nsw;19311114;8646353
org;rec-3786-org;3786;nicholas;cochrane;845;olney place;;edithvale;2450;vic;19260717;9800269
org;rec-929-org;929;madison;morrison;38;peacock place;melima;campbelltown;3021;wa;19481214;1967265
org;rec-2770-org;2770;clodagh;campain;37;captain cook crescent;glen appin;wattle flat;4870;nsw;19281101;5067638
org;rec-2124-org;2124;isabella;petrikowski;4;mcbryde crescent;beaumont hills;loganlea;4034;nsw;19900210;2493367
org;rec-841-org;841;jake;nelsen;10;rosson place;elmwood;;4815;nsw;19300403;7364984
org;rec-4692-org;4692;annabelle;dixon;4;fitzroy street;;dulwich hill;3666;vic;19770517;4868604
org;rec-3027-org;3027;danielle;moody;21;owen crescent;redlands;burwood east;4701;nsw;19850616;8727753
org;rec-515-org;515;ruby;bellchambers;298;winnecke street;siesta caravn park;mosman;2330;tas;19140325;2384529
org;rec-679-org;679;caleb;;19;burrinjuck crescent;garema place surgery;st andrews;2154;wa;19381026;3166758
org;rec-4394-org;4394;hana;nirta;113;mcburney crescent;caroona village;glen eden;4814;qld;19940127;5873271
org;rec-2973-org;2973;thomas;brain;22;holmes crescent;anstee court;hackham west;3465;vic;19711119;6218887
org;rec-2110-org;2110;harrison;mason;132;kingstown street;toomba;hobartville;2234;wa;;9269850
org;rec-2184-org;2184;tahlia;fenwick;6;pandanus street;brentwood vlge;north curl curl;4825;qld;19430604;8360325
org;rec-4571-org;4571;emma;reid;20;jondol place;cooladie;blackheath;2034;qld;19620904;6564371
org;rec-389-org;389;william;mccarthy;47;culgoa circuit;research station;evans head;6110;nsw;19010118;1681813
org;rec-3171-org;3171;jamie;fernando;37;collings street;bogong apartments;lansdowne;3910;sa;19200720;1939746
org;rec-3349-org;3349;lily;noble;24;stonehaven crescent;agarabi;emerald;2145;vic;19981015;3188848
org;rec-207-org;207;isabelle;huxley;42;rosenthal street;antigua;hocking;3825;qld;19820920;3356088
org;rec-129-org;129;ebonie;myles;262;inlander crescent;ferndale;albany creek;2250;qld;19300201;8494390
org;rec-3866-org;3866;jasmyn;schoettke;14;marien place;rosetta village;;3018;tas;;3129756
org;rec-4842-org;4842;ainsley;shepherdson;16;jackie howe crescent;huntawyle;moorooka;2261;nsw;19161125;3591742
org;rec-910-org;910;sophie;bradshaw;18;kidston crescent;rowethorpe;geraldton;4069;vic;19380426;2830844
org;rec-1766-org;1766;james;hayball;30;hemmings crescent;;tiaro;2117;qld;19720110;6438283
org;rec-256-org;256;arabella;holyoak;49;hughes crescent;b;malvern;4405;wa;19280311;8444431
org;rec-3501-org;3501;caleb;blake;15;hawker street;;adamstown heights;3020;nsw;19530105;6351072
org;rec-2688-org;2688;riley;uyttenhove;2;outtrim avenue;gowrie;crows nest;2260;sa;19571231;1679030
org;rec-3741-org;3741;rebecca;coulson;31;groote place;rosemount;aldgate;3053;sa;19700209;5885868
org;rec-3903-org;3903;jack;dimonte;104;mckeahnie street;carinyah station;woy woy;2132;nsw;19880316;4854960
org;rec-2839-org;2839;connor;moscarda;20;lindsay street;shepherds hill;mount beauty;2319;nsw;19010223;1065886
org;rec-2060-org;2060;jacob;ditty;19;woralul street;secatry;morwell;3153;qld;19670501;1212121
org;rec-4148-org;4148;gabrielle;richmond;2;ebenezer street;peak view;oakleigh;4352;sa;19941228;5532143
org;rec-2379-org;2379;jacqueline;malinauskas;4;jabanungga avenue;longplain;bundanoon;4878;vic;19840808;5856134
org;rec-2672-org;2672;bianca;neumann;19;torres street;ainslie nursing home;ascot vale;7000;wa;19801124;8402773
org;rec-2103-org;2103;jamie;hoffman;592;dalrymple street;carrangarra;vaucluse;4356;nsw;;4392122
org;rec-3554-org;3554;kate;mcmullen;24;;fairholme;port macquarie;2470;qld;19940928;1366439
org;rec-4805-org;4805;kadin;david;20;frater crescent;nareen gardens hostel;ottoway;4218;nsw;19020916;8270473
org;rec-4761-org;4761;matthew;dibble;58;candlebark close;mt callan;acacia ridge;5253;vic;19341010;2053693
org;rec-2400-org;2400;mia;ryan;183;waterman place;horse park;cronulla;3976;nsw;19620814;8743474
org;rec-463-org;463;molly;slape;23;currie crescent;dickson family practice;glenwood;2777;wa;19370706;6905342
org;rec-4896-org;4896;phoebe;melham;;gara place;hse 4;collie;7113;nsw;;8345956
org;rec-4940-org;4940;ky;green;61;heard street;opal cove resort;kingaroy;5251;nsw;19260320;3138813
org;rec-988-org;988;jack;andrae;7;cleland street;mundine 30 km;cherrybrook;6025;vic;19260626;3267222
org;rec-736-org;736;christopher;chammen;8;crisp circuit;;croydon north;3126;wa;19030403;4266096
org;rec-1782-org;1782;sophie;burford;17;merfield place;legacy units;surat;3144;wa;19321031;6901639
org;rec-466-org;466;rhys;stubbs;155;cockle street;teralba caravn park;marsden;3148;qld;19931202;8594688
org;rec-4377-org;4377;caitlyn;campbell;39;amagula avenue;delvawood;coolum beach;3714;qld;19930612;3516962
org;rec-3252-org;3252;;campbell;4;dunbar street;delicate nobby street;cloverdale;2528;vic;19480406;8607518
org;rec-4249-org;4249;yana;stanesby;8;blamey crescent;the gums;flinders park;7260;vic;19080415;9864532
org;rec-237-org;237;corey;feeney;2;forbes street;milamba;suffolk park;2049;nsw;19670414;9098376
org;rec-3753-org;3753;holly;spratt;133;spafford crescent;;st clair;3337;nsw;19130210;9895857
org;rec-3466-org;3466;benjamin;donnolley;29;downward place;ocean star villas;downer;7320;vic;19881009;7579389
org;rec-430-org;430;joshua;fogliano;522;hawdon street;francis chambers;bonville;6167;qld;19290927;3505678
org;rec-1092-org;1092;jaykob;ladyman;76;carbeen street;apmnt 65;guyra;2564;vic;19071217;2992907
org;rec-3677-org;3677;madison;marous;21;crouch place;heights estate;junee;2444;nsw;19030404;7501014
org;rec-46-org;46;april;bellchambers;2;borrowdale street;;wollongong north;2080;qld;19970426;8134681
org;rec-2556-org;2556;seanna;radic;37;morgan crescent;emu hill;mannering park;2207;sa;19850309;6650779
org;rec-705-org;705;shane;oxenbridge;457;mceachern crescent;illoura glass studio;macquarie fields;6168;sa;19841208;7598821
org;rec-1147-org;1147;michael;boyle;3;river street;;lakemba;2611;vic;19091217;7962096
org;rec-3782-org;3782;tiffany;;26;southern close;westleigh;kirribilli;3437;qld;19860301;7926952
org;rec-848-org;848;taylah;clapham;27;heard street;;thornleigh;2478;sa;19780416;9336520
org;rec-121-org;121;alexandra;vinaev;88;kinsella street;brentwood village;leeton;2045;act;19161210;5025450
org;rec-4468-org;4468;tai;stanley;29;blamey crescent;ocean star villas;gordonvale;3915;nsw;19141011;4459842
org;rec-4701-org;4701;sean;varcoe;29;osburn drive;bonaza park;ferndale;4560;nsw;19601031;7839163
org;rec-817-org;817;isabella;coleman;160;schoales place;court units;berwick;5159;nsw;19930621;7188217
org;rec-431-org;431;jack;wastell;91;bromell circuit;mount beauty;springwood;3184;nsw;19030130;1134532
org;rec-374-org;374;chelsea;ryan;13;myles close;;stonyfell;5159;nsw;19510812;5489594
org;rec-3050-org;3050;victoria;rankine;661;redcliffe street;strathmore vineyard;moranbah;6208;vic;19260809;5842904
org;rec-4676-org;4676;joshua;coffey;2;blueberry street;yalgoora;kings park;2502;wa;19240713;9217500
org;rec-4917-org;4917;;staunton-smith;68;frome street;kookaburra village;broken hill;2870;vic;19820117;6922783
org;rec-777-org;777;charlotte;needham;46;wattle street;courallie;colo vale;3161;sa;19890118;2377987
org;rec-4787-org;4787;vanessa;morrison;16;meehan garden;eventide homes;condell park;5113;nsw;19951015;6047960
org;rec-3060-org;3060;rosie;brokenshire;34;antill street;hse 13;athelstone;2042;qld;19770815;3921318
org;rec-3885-org;3885;louise;campbell;3;clark close;manton's rise;annandale;2360;vic;19871212;6743419
org;rec-4883-org;4883;brodee;egan;88;axon street;greenslopes;wamberal;2067;qld;19121113;6039042
org;rec-184-org;184;tiana;worthington-eyre;24;hassell place;governors resort;corrimal;6112;qld;19171101;3674431
org;rec-2006-org;2006;hunter;wesley-smith;67;antis street;wandella park snowy;chinchilla;6155;vic;19680320;8096012
org;rec-4348-org;4348;malakai;neville;71;pleasance place;macarthur place;wanniassa;3875;qld;19730731;5739885
org;rec-3398-org;3398;kelsey;dearing;25;;bindaree;clare;4109;sa;19400117;1841588
org;rec-2516-org;2516;sarah;wheatley;24;oxley street;jaspars;kellyville;2430;wa;19640212;3619638
org;rec-1774-org;1774;kayla;lomman;11;barber crescent;springetts arcade;south arm;2101;nsw;19970818;5339302
org;rec-4162-org;4162;mollie;sherriff;9;dalley crescent;tarlinup;newstead;4207;qld;19051216;5596459
org;rec-3026-org;3026;georgia;goode;27;;;paddington;3141;vic;19621216;7982044
org;rec-4779-org;4779;matthew;apted;1369;macrobertson street;pine tree;toowoon bay;2120;vic;19540130;5268631
org;rec-2173-org;2173;taliah;campbell;418;bean crescent;warramby;hoppers crossing;4280;qld;19601111;3013090
org;rec-2737-org;2737;tiana;green;18;grylls crescent;rsl veterans retir;blakehurst;4670;qld;19151215;6565990
org;rec-1867-org;1867;madeline;schembri;12;burhop close;girrahween homestead;ngunnawal;5158;qld;19550429;2492474
org;rec-2435-org;2435;bella;grierson;27;priddle street;green lagoon;christies beach;3125;vic;19310623;5873915
org;rec-569-org;569;kaitlyn;cheshire;117;william hudson crescent;menora;berkeley vale;3056;act;19330820;4812124
org;rec-487-org;487;jaggah;estanillo;4;amagula avenue;sec 2128;devonport;2480;nsw;19350318;6334723
org;rec-1543-org;1543;jasper;isola;;mackie crescent;kindilan;mount annan;6025;vic;19480225;7268907
org;rec-1852-org;1852;kaitlyn;nurse;1;hampton circuit;;gawler east;5091;tas;19340420;4801263
org;rec-1083-org;1083;kyle;lowe;21;bungonia street;eight mile;loftus;4868;qld;19821215;7416603
org;rec-987-org;987;;lodge;634;companion crescent;argyle;ballina;2161;nsw;19020407;1555679
org;rec-2834-org;2834;jasmine;leditschke;195;manna close;killarney;baynton;7009;vic;19340207;7978445
org;rec-1377-org;1377;david;stapenell;31;gosse street;treetops;new farm;2582;qld;19710118;6109183
org;rec-3342-org;3342;john;cosenza;54;wentworth avenue;stoney creek;st kilda;4305;nsw;19800116;5521510
org;rec-4880-org;4880;mikaela;webb;18;knoke avenue;lindis faime;lalor park;3163;nsw;19520804;2143157
org;rec-2698-org;2698;drew;bishop;6;gask place;balala station;heywood;3058;nsw;19000402;1553804
org;rec-1513-org;1513;madeline;adair;2;allman circuit;robboview;balwyn north;6006;vic;19410309;7581364
org;rec-1303-org;1303;thomas;boileau;8;mirrabucca crescent;felbrigg;sheffield;4300;nsw;19111221;4100557
org;rec-2832-org;2832;mitchell;cute;161;buntine crescent;murray river queen;lake munmorah;2518;vic;19470802;9610204
org;rec-986-org;986;daniel;pryer;9;callister crescent;iowanna;taree;4123;nsw;19380318;4294799
org;rec-2919-org;2919;kaleb;hobson;;scaddan place;pacific palms caravn park;bunbury;2259;vic;19960630;9573457
org;rec-1515-org;1515;chloe;pamalia;10;balanu place;hornsbie;orange;5037;nsw;19210412;6788630
org;rec-3055-org;3055;gabrielle;butt;35;mawson drive;glenmore;;3187;vic;19830918;7581914
org;rec-4754-org;4754;ava;fuda;11;dines place;kings apmts;rostrevor;3250;tas;19580912;9818747
org;rec-40-org;40;finlay;coffey;3;summerland circuit;;auburn;3216;tas;19001106;5825057
org;rec-3493-org;3493;india;meddings-blaskett;166;james smith circuit;glenview;hughes;2540;nsw;19730602;7857279
org;rec-2190-org;2190;dimitri;kowald;5;watson street;sec 791;alice springs;2430;sa;19510207;1597094
org;rec-4221-org;4221;megan;wilkins;49;rosella street;nioka;eaglehawk;6011;vic;19590204;9298501
org;rec-800-org;800;erin;matthews;37;pocket avenue;kangaroo grnd;goodna;3160;nsw;19960529;7562147
org;rec-3659-org;3659;alexander;vincent;51;gallagher street;top end;belmont;2333;qld;19150726;3732438
org;rec-4538-org;4538;angelina;ryan;1;andrews street;glenmore;bowning;2221;nsw;19460915;3778166
org;rec-4195-org;4195;katelin;campbell;16;sid barnes crescent;;forestdale;2450;wa;19240716;7296237
org;rec-3774-org;3774;noah;clarke;608;bindel street;anstee court;boggabri;5158;nsw;19540920;8260965
org;rec-889-org;889;jordan;lock;27;tallara parkway;retirement village;manly vale;7250;vic;19070222;9835720
org;rec-3426-org;3426;emiily;sariago;13;boobialla street;the meadows;clareville;2229;qld;19740226;5576047
org;rec-2319-org;2319;keeley;gaskin;128;winder place;chanak;west wyalong;3138;wa;19550702;4856464
org;rec-3369-org;3369;callum;lowry;52;hallen close;ruglen;picnic point;2000;vic;19971123;3987913
org;rec-4187-org;4187;matisse;mccaffrey;164;throssell street;argyle;woy woy;6012;vic;19961123;3108714
org;rec-3630-org;3630;cain;quilliam;40;fidge street;nuffield village;clayfield;3858;nsw;19861124;5735991
org;rec-4258-org;4258;kalli;bishop;36;;moonbi;yarrawonga;2750;wa;19020306;4667624
org;rec-4012-org;4012;connor;sleath;10;toohey place;manor court;highett;3081;nsw;19040425;3130394
org;rec-1775-org;1775;sian;dent;12;kaeppel place;walhalla;belmont north;5253;sa;19470506;9599013
org;rec-4899-org;4899;daniel;coleman;1;russell drysdale crescent;palm lake resort;mount eliza;6159;wa;19651018;1615911
org;rec-97-org;97;campbell;dichiera;478;quiros street;edenlea retirement;frenchs forest;2478;qld;19851030;7481927
org;rec-3437-org;3437;ethan;mccarthy;257;chambers street;berkeley vlge;west wollongong;3818;nsw;19020506;4852331
org;rec-1737-org;1737;levi;prideaux;10;beckett street;terra nostra;milperra;6525;wa;19230510;9135299
org;rec-4449-org;4449;olivia;boyle;37;chauncy crescent;cygnet river schoolhouse;plumpton;2460;nsw;19581017;8738461
org;rec-3029-org;3029;jake;yeoman;8;shakespeare crescent;westella;penrith;2047;vic;19870808;2098452
org;rec-2989-org;2989;anton;goode;11;lalor street;killara homestead;taree;2195;vic;19081025;3128289
org;rec-2728-org;2728;gemma;lowe;36;forbes street;nunkeri (cnr linburn r road;trevallyn;3199;wa;19700524;5918591
org;rec-2739-org;2739;kiarnee;gail;54;max henry crescent;gainsbury (cnr waldegrove r road;emerald;5162;nsw;19060223;5762709
org;rec-1312-org;1312;zarran;miles;25;jardine street;wildefell;frankston;2146;vic;19090220;6627892
org;rec-2607-org;2607;thomas;leong;124;;tilburoo;wantirna;3064;qld;19670430;2292707
org;rec-1279-org;1279;;kowald;3;hindmarsh drive;green desert;greenwood;2016;sa;19440126;8957090
org;rec-4568-org;4568;;bazley;14;pennefather street;the willows;greensborough;4209;wa;19110509;7072734
org;rec-3382-org;3382;dylan;neville;445;sewell place;wirringulla;norwood;5038;vic;;5360010
org;rec-2574-org;2574;jacob;hewson;32;hambidge crescent;telooma;tallangatta;2800;qld;19460104;3624543
org;rec-4771-org;4771;kayla;kerkham;29;cobb crescent;beach house;denmark;2318;qld;19130824;4646463
org;rec-2005-org;2005;finn;eckersley-maslin;2;ebden street;kondalilla;harden;6564;nsw;19360522;9218750
org;rec-4765-org;4765;riley;godfrey;;clift ck;the lodge;oakwood;3108;nsw;19451121;3493339
org;rec-2838-org;2838;jessica;wiseman;23;spowers circuit;woodbine homestead;carnegie;2018;nsw;19641123;4608861
org;rec-342-org;342;elli;noble;1;saggers close;tinaroo falls;spearwood;6330;vic;19420501;9762210
org;rec-1202-org;1202;zachary;dixon;18;couchman crescent;yarrimbah;wantirna;2132;vic;19400312;6746706
org;rec-932-org;932;amber;webb;25;toolambi street;villa 235 henry kendall vlge;helens hill;6156;sa;19470715;7791091
org;rec-2087-org;2087;jarrod;manson;29;dalgleish close;beth-el;mypolonga;3182;qld;19160808;9103373
org;rec-2312-org;2312;ella;ryan;18;marshall street;mayflower retrmnt vlge;coolaroo;2365;wa;19510519;7463223
org;rec-1122-org;1122;kaitlin;goldsworthy;11;;poitrel;thirroul;2035;nsw;19640517;9127277
org;rec-1055-org;1055;hayley;white;74;medley street;raymond terrace market place;regents park;2656;vic;19391111;6020101
org;rec-2874-org;2874;hannah;donaldson;25;golding place;lockwood;mcmahons point;4213;qld;19390126;5871551
org;rec-2745-org;2745;clain;jeffries;12;thurlow place;hawksview;mount eliza;3930;qld;19060706;8877669
org;rec-4600-org;4600;sylvie;morcom;33;;nomore;armidale;4551;sa;19580901;8709612
org;rec-4726-org;4726;raquel;;11;windeyer street;kookaburra village;revesby;2134;qld;19850128;1770895
org;rec-4350-org;4350;aneka;milburn;267;wilkins street;clisby farm;kuraby;2715;qld;19171108;4533360
org;rec-2823-org;2823;james;worsley;1;pike place;melaleuca;broadmeadows;4818;nt;19651211;5706752
org;rec-2326-org;2326;tayah;de lucia;210;eugenia street;electorate office;rainbow beach;4567;qld;19520703;1220730
org;rec-3168-org;3168;hayley;bishop;9;lindsay street;lindis faime;blackmans bay;4163;wa;19210517;3857962
org;rec-1239-org;1239;konstantinos;white;13;clive steele avenue;;crookwell;2211;wa;19440706;5173965
org;rec-262-org;262;jake;soden;3;hardwicke place;orange specialist medical centre;bligh park;2852;nsw;19461110;4287888
org;rec-3403-org;3403;kyle;butt;7;beaurepaire crescent;brightwater villas;bunbury;4750;nsw;19650102;8272544
org;rec-2551-org;2551;ned;ryan;3;carpenter close;burrawong park;cowell;2010;vic;19020623;1816092
org;rec-3749-org;3749;connor;trimble;75;werriwa crescent;scts crk;mill park;2162;nsw;19290729;5610380
org;rec-1101-org;1101;ruby;webb;63;decker place;docker river community;morphettville;2420;nsw;19690619;9196315
org;rec-4441-org;4441;deakin;michelmore;;percival street;west aerodrome;kyogle;2540;vic;19911030;6770823
org;rec-4275-org;4275;isobel;burnell;4;heidelberg street;cinema centre bldg;stretton;5680;vic;19900603;1027213
org;rec-2714-org;2714;taylor;;17;kerkeri close;;south perth;4650;nt;19740805;4419884
org;rec-2403-org;2403;;dunnicliff;97;banfield street;milton;;2116;vic;19130108;6220830
org;rec-3314-org;3314;jaden;brammy;22;blackett crescent;parry house;keilor east;4810;tas;19620916;3934199
org;rec-1865-org;1865;hayley;blake;4;dickson chiropractic dickson chambers;goughs bay;coffs harbour;3079;qld;19391107;1285867
org;rec-3122-org;3122;lilly;millar;;castlereagh crescent;berkeley vlge;orchard hills;2285;qld;19350722;6991931
org;rec-1422-org;1422;phillip;nguyen;83;clark place;wollongbar;st kilda;3808;nsw;19351123;9799704
org;rec-4178-org;4178;caitlin;basey;414;pelsart street;st francis vlge;daisy hill;2113;nsw;19110711;7811311
org;rec-4128-org;4128;stephanie;noble;31;page street;brentwood village;carrum;5290;nsw;19800617;4763017
org;rec-4817-org;4817;marleigh;bishop;191;maltby circuit;lambrook;tammin;3029;wa;19311231;2010323
org;rec-1796-org;1796;jake;george;22;springvale drive;inverwood;belmont;3350;wa;19731020;3265845
org;rec-3188-org;3188;jenna;alderson;223;eggleston crescent;west-view;granville;5070;nsw;19780926;6446268
org;rec-1830-org;1830;caitlin;weaver;298;vagabond crescent;francis chambers;thornbury;5072;nsw;19680909;7831777
org;rec-3214-org;3214;tanar;saccardo;43;irvine street;anzac house (cnr archer s street;canterbury;3690;wa;19100526;7953897
org;rec-4802-org;4802;liam;wilkins;2;hansen circuit;forestdale;sadleir;5018;sa;19530304;6164019
org;rec-1160-org;1160;lily;hage;33;piddington street;ocean star villas;ballina;3204;vic;19550103;6486441
org;rec-4607-org;4607;sarah;noble;75;perrin circuit;westside;glenside;2016;vic;19010712;3254420
org;rec-3234-org;3234;jessica;ryan;3;stonehaven crescent;eagleview;edgecliff;6166;nsw;19570904;2097814
org;rec-2381-org;2381;thomas;wasley;4;tantangara street;eden park;frankston;5086;wa;19170505;7062733
org;rec-2050-org;2050;ella;blake;14;mckinlay street;cape hawke hosptl medcl centre;wendouree;2060;sa;19770427;9846556
org;rec-2844-org;2844;lachlan;lanyon;131;;evergreen;malvern east;4715;act;;5173073
org;rec-811-org;811;lachlan;grosser;68;st clair place;settle downs;st albans;4014;nsw;19330725;5961769
org;rec-3013-org;3013;george;mccarthy;35;clubbe crescent;yakilli park;mentone;2540;vic;19350704;9460223
org;rec-4841-org;4841;connor;bergsma;180;tinderry circuit;ferndale;penrith;3047;nsw;19580116;5081459
org;rec-1653-org;1653;shaun;cristiani;5;burbidge crescent;unt 2;lower chittering;3962;nsw;19640825;5841667
org;rec-2144-org;2144;isabella;kelley;9;covington crescent;march rising;east maitland;2343;tas;19090918;2297084
org;rec-563-org;563;madison;meaney;22;julius street;east end;seaforth;3690;sa;19731218;7466921
org;rec-2339-org;2339;jarod;clarke;19;boldrewood street;locn 7560;fairlight;2028;vic;19151004;9604490
org;rec-2565-org;2565;brigette;siviour;19;bromley street;rowethorpe;parramatta;3204;nsw;19691123;4393770
org;rec-4739-org;4739;jory;chandler;5;wearing street;;chester hill;2113;nsw;19381011;2421676
org;rec-4090-org;4090;lia;hyland;36;lomatia place;walkers ridge;regents park;3196;nsw;19001225;9557159
org;rec-2323-org;2323;rachael;yallop;15;fullagar crescent;rsde 668;beenleigh;4860;qld;19760214;1296128
org;rec-1405-org;1405;sophie;tertipis;23;walker crescent;furlough house;brighton-le-sands;2340;nsw;19490918;7755180
org;rec-592-org;592;chloe;camp;25;euroka street;llantwit house;ardrossan;6149;nsw;19351005;4550681
org;rec-4432-org;4432;isabella;salt;1;kingsmill street;town & country caravn park;wyee;2516;wa;19850103;8443768
org;rec-1062-org;1062;dale;dietrich;20;sturt avenue;unt 2;;6110;nsw;19860101;6503115
org;rec-2954-org;2954;noah;wiseman;17;wakefield garden;kareela;frenchs forest;6535;nsw;19640101;8735485
org;rec-3914-org;3914;mya;rundle;9;adair street;mehelu;north narrabeen;2090;sa;19110912;9427450
org;rec-665-org;665;daniel;siew;41;culgoa circuit;brindabella specialist centre;cooloongup;2085;wa;19341220;7170445
org;rec-1949-org;1949;benjamin;boccuzzo;1;ashley drive;oyster farm;buckleboo;3165;sa;19730308;5401507
org;rec-2140-org;2140;matthew;jardine;36;sainsbury street;alice downs;windsor;4573;nsw;19180805;2211117
org;rec-185-org;185;maxin;burford;190;dixon drive;ingledell;aspley;2090;nsw;19030325;6228407
org;rec-4890-org;4890;georgia;gilkes;16;eagle circuit;hornsbie;wantirna;2251;wa;19241007;7326444
org;rec-55-org;55;harrison;herbert;9;davidson street;allamby biala street;mulgrave east;4871;nsw;19420918;4129781
org;rec-773-org;773;john-paul;conrick;;marrakai street;gummin gummin;canterbury;2263;qld;19651203;6164537
org;rec-21-org;21;abbey;hoffman;6;colmer street;rosetta village;keilor;4285;nsw;19070925;4455111
org;rec-3495-org;3495;nicholas;dixon;60;archibald street;;dalyston;2154;vic;19230212;6851976
org;rec-3475-org;3475;william;everett;12;callabonna street;fernbank;bull creek;7184;tas;19921006;2805780
org;rec-2490-org;2490;jack;mayman;65;hutchins street;the meadows;kinglake west;3260;vic;19900106;6187556
org;rec-2081-org;2081;daniel;morrison;21;canberra avenue;st columbus retirement centre;como;2007;nsw;19610731;7414976
org;rec-3017-org;3017;joshua;carmody;19;shakespeare crescent;kellhaven;edensor park;3250;qld;19050227;6686589
org;rec-532-org;532;cade;bishop;2;abrahams crescent;carinya vlge;clayton;4059;vic;19830405;2481294
org;rec-1179-org;1179;stephanie;george;50;mcculloch street;ardrossan;berwick;2226;qld;19691102;3352388
org;rec-4820-org;4820;madeline;harrington;18;coulton road;ashmill park;brighton;2464;vic;19140630;8478957
org;rec-2641-org;2641;andrew;ryan;9999;woralul street;fleurbaix;flinders park;2066;nsw;19510328;2922598
org;rec-444-org;444;alana;zoanetti;19;gudgenby close;;birkdale;2113;sa;19510214;1412351
org;rec-3890-org;3890;arren;white;4;eggleston crescent;valencia park;toowoomba;7116;nsw;19740614;1963582
org;rec-4944-org;4944;lachlan;couzens;5;salvado place;hobart private hospital (cnr argyle);taree;2211;vic;19690911;1741428
org;rec-2695-org;2695;angelica;domkus;9;stanfield close;bowser;modbury heights;2232;qld;19690820;8976049
org;rec-3975-org;3975;deakin;shepherd;17;torrens street;south macroom;rose bay;3058;nt;19011229;5190083
org;rec-3941-org;3941;mattheo;crouch;5;crisp circuit;brentwood vlge;hurlstone park;2710;wa;19120531;4393719
org;rec-3391-org;3391;madelyn;blizard;6;southwood retreat;hoxton park;northgate;2067;vic;19540215;2341148
org;rec-1994-org;1994;haylee;dolan;49;carrington street;brentwood village;deer park;3047;nsw;19690801;4703920
org;rec-3712-org;3712;heath;everett;7;hurry place;reinfrew park;belmont;2447;qld;19430804;7474300
org;rec-1127-org;1127;william;bobbitt;30;woralul street;jingara;woy woy;2340;nsw;19240413;8601795
org;rec-3740-org;3740;zane;campbell;3;mather street;orana gardens retirement village;dickson;2357;wa;19950219;3468552
org;rec-2917-org;2917;;dixon;13;salsola street;the homestead;lawson;6210;qld;19370314;7753663
org;rec-2898-org;2898;thomas;mcgregor;214;jarrah street;cooloola farms;boulder;3072;nsw;19001023;6504301
org;rec-4085-org;4085;shakirah;corver;167;noala street;willera;yarraville;2165;vic;19870127;1740012
org;rec-3435-org;3435;indiana;eves;42;holmes crescent;;torquay;5098;vic;19181015;6393328
org;rec-876-org;876;benjamin;sokic;21;must circuit;;sunshine;2153;vic;19001207;2513200
org;rec-1809-org;1809;sophie;colquhoun;;solomon crescent;villa 3;whittington;3223;nsw;19111219;8261379
org;rec-4719-org;4719;kirrah;southwood;137;sugarloaf circuit;coolibah;smithfield;4715;wa;19980504;4827713
org;rec-2753-org;2753;jessica;osfield;6;woinarski place;;paddington;7010;qld;19830206;9942050
org;rec-1800-org;1800;emiily;maida;27;beaney street;blue gum park;padstow;3340;qld;19790818;7320684
org;rec-4152-org;4152;lachlan;rawlings;49;lochleigh;whispering pines;coonamble;2019;nsw;19261022;9145105
org;rec-3158-org;3158;michelle;dearing;183;riordan street;dunbar heights;coomera;3219;wa;19000323;4082175
org;rec-4223-org;4223;gabriel;david;24;downward place;berkeley vlge;bossley park;2827;qld;19030305;7363149
org;rec-4486-org;4486;isabelle;ryan;2;lambrigg street;flt 167;jardee;2750;act;19880816;7698870
org;rec-1805-org;1805;jackson;thorpe;21;grayson street;kilwinning;daisy hill;3058;nsw;19460526;3307556
org;rec-1495-org;1495;lachlan;cicconi;17;waite street;;loftus;3108;vic;19200324;1514534
org;rec-3106-org;3106;finn;kazimir;472;belconnen way;redwood lodge;mackay north;2502;sa;19880315;6526812
org;rec-88-org;88;sebastian;ryan;465;mathews place;don ray;chester hill;4210;nsw;19080114;8520668
org;rec-2792-org;2792;anita;afford;19;andamooka street;;lilydale;5631;;19391104;6863258
org;rec-1424-org;1424;braiden;hering;26;snowden place;peppercorn lodge;new farm;3016;nsw;19240408;7720229
org;rec-2733-org;2733;patrick;green;88;kelsall place;killarney east;rose bay;5108;nsw;19151112;5843260
org;rec-4410-org;4410;destynii;hope;24;barunga street;villa 3;st peters;4061;nsw;19210430;6586920
org;rec-3524-org;3524;lachlan;matthews;6;mcmillan crescent;corcoran;miriam vale;2009;nsw;19420818;7138643
org;rec-4549-org;4549;mitchell;stanley;3;palmer street;tesbury;lake heights;2430;vic;19250116;7447942
org;rec-1633-org;1633;nicholas;matson;17;stephen street;taylors creek bridge;cowell;2454;vic;19990419;3182512
org;rec-3742-org;3742;sophie;friswell;40;shannon circuit;sunbury;geurie;3181;nsw;19050421;7502749
org;rec-1996-org;1996;alexander;jeffries;45;keartland street;;northbridge;3043;vic;19770408;3206197
org;rec-2763-org;2763;ruben;reid;12;shannon circuit;windalea;hackham west;5159;nsw;19021019;4450079
org;rec-3415-org;3415;grace;telleglou;13;bywaters place;environa;tusmore;3101;sa;19060204;6170642
org;rec-3932-org;3932;jared;meaney;2;northbourne avenue;york house;mitcham;3141;qld;19431210;3744694
org;rec-3651-org;3651;lucas;white;4;preston street;ben hill;wahroonga;2230;wa;19161007;3053568
org;rec-2004-org;2004;emiily;rook;10;hambidge crescent;sec 26;north ryde;4825;vic;19880525;6262463
org;rec-3883-org;3883;amber;webb;1;biddlecombe street;cedarview;trevallyn;3777;qld;19920815;2423271
org;rec-3182-org;3182;luke;abrahamson;56;vowles road;deepdale farm;taringa;5330;nsw;19170625;4386896
org;rec-3527-org;3527;barnaby;westbrook;221;hadleigh circuit;the lakes retirement village;petersham;4118;qld;19440405;2487468
org;rec-354-org;354;lily;wastell;2;clare dennis avenue;glen arthur;marsden;2118;sa;19720903;2526870
org;rec-852-org;852;annabella;byers;114;teece place;glenmarla rmb 2563;canley heights;4300;nsw;19630128;8053255
org;rec-244-org;244;tayla;matthews;89;may maxwell crescent;the willows;ascot vale;3810;nsw;19021201;3861456
org;rec-3919-org;3919;tegan;white;110;torrens street;promenade arcade;sunshine beach;2222;qld;19350203;9994674
org;rec-458-org;458;blake;cheers;217;rees place;;dalby;6021;qld;19751205;6719640
org;rec-528-org;528;troy;copp;32;chinner crescent;huntington;dural;6105;nsw;19921025;8516174
org;rec-2155-org;2155;grace;dolliver;28;geils court;north star resort;doyalson;5720;qld;19040326;8625522
org;rec-1718-org;1718;christopher;gazzola;10;franks place;citi centre;alice springs;6009;qld;19630524;4662409
org;rec-2386-org;2386;mitchell;hunting;14;catchpole street;windara;;3155;qld;19050619;7824179
org;rec-1100-org;1100;bailey;garcia;2;archibald street;kimberley;banyo;3071;act;19351102;2638117
org;rec-2743-org;2743;henry;mccarthy;94;beasley street;crystal brook farm;ingleburn;6164;nsw;19770913;1347524
org;rec-927-org;927;claudia;white;76;willoughby crescent;greenslopes;albion park rail;3178;wa;19810107;1170705
org;rec-1844-org;1844;benjamin;lowe;26;wentcher place;emoh;austins ferry;2761;nsw;19380621;1039986
org;rec-933-org;933;alicia;mollross;72;mcnamara street;corombie;kuraby;4552;qld;19050908;7195535
org;rec-1779-org;1779;brooklyn;white;362;o'loghlen street;mirrimbah;toowoomba south;2259;wa;19410904;7203797
org;rec-197-org;197;ruby;nguyen;26;barraclough crescent;northbridge park;st peters;4011;qld;19521110;8292725
org;rec-3120-org;3120;adam;dallas;79;copland drive;;rye;4034;vic;19170316;9230368
org;rec-4288-org;4288;ruby;staude;241;;crowden;rose bay;3249;nsw;19410115;9633722
org;rec-3747-org;3747;ashlie;hanks;11;meares place;coorrabin;mentone;2038;nsw;19380614;4349715
org;rec-2392-org;2392;marianne;adair;24;mcclelland avenue;colefield cvn park;warrandyte;2217;nsw;19910122;7356931
org;rec-2117-org;2117;chloe;ryan;53;yarra street;balmoral garden;seymour;2905;vic;19450712;4309035
org;rec-735-org;735;mark;nicolle;20;florence taylor street;greenacres caravan park;cloverdale;5090;wa;19780420;5862681
org;rec-1463-org;1463;hayden;marinos;10;chirnside circuit;allensleigh;success;6560;vic;19720613;6046888
org;rec-2640-org;2640;jackson;ljostad;2;hensman street;;berwick;5242;nsw;19640817;9825573
org;rec-2159-org;2159;;carullo;5;longman street;home vlge;mawson;4572;nsw;19260527;5895140
org;rec-966-org;966;alexa-rose;green;30;sawicki place;;montmorency;2150;nsw;19290805;2059593
org;rec-1974-org;1974;natasha;clarke;63;tasmania circle;mallanganee;whitemore;2840;sa;19710223;5969104
org;rec-2813-org;2813;georgia;rees;40;maclaurin crescent;spring creek;fullarton;6233;nsw;19210305;5595588
org;rec-2252-org;2252;allegra;cobbin;19;abbott street;palestine;glenside;3400;nsw;19690819;8391278
org;rec-4492-org;4492;hayden;;13;durham place;hamilton;young;3121;nsw;19780531;9988689
org;rec-3064-org;3064;matthew;reid;44;nambucca street;eureka;bundaberg;6111;wa;19020723;6219878
org;rec-957-org;957;marcus;white;5;verdon street;golf road;punchbowl;4165;vic;19971124;7116750
org;rec-461-org;461;lucas;portlock;2;mccaw place;greenwood;ascot vale;2680;nsw;19960325;7237519
org;rec-1310-org;1310;olivia;woodstock;209;;edinburgh caravan;orelia;2370;qld;19191127;2364919
org;rec-2709-org;2709;montana;blake;24;harcourt street;spring banks;college park;2620;vic;19400808;9535357
org;rec-4089-org;4089;jasmine;blake;7;mugga way;mannibadar;east fremantle;5008;vic;19531120;3831376
org;rec-4388-org;4388;ashleigh;neumann;13;hadlow drive;ningana;canterbury;2208;vic;19961127;5633162
org;rec-2873-org;2873;rhys;horsley;11;;calala farm;sale;7310;wa;19070227;5179281
org;rec-2538-org;2538;lynton;leonavicius;7;mcilwraith close;leitrim;kolora;4405;wa;19511227;8167665
org;rec-2853-org;2853;holly;ang;9;pinkerton circuit;professional centre;robina;3919;vic;19300225;1127897
org;rec-3062-org;3062;faith;lowe;1;shepherd street;;st clair;3058;nsw;19140623;2694419
org;rec-2615-org;2615;rebekah;camp;27;la perouse street;yambira;st kilda;3199;wa;19860227;1035731
org;rec-3454-org;3454;heath;menard;89;;yarrimbah;port broughton;2650;nsw;19220820;3136077
org;rec-413-org;413;samuel;eglinton;17;tanumbirini street;birks harbour;raymond terrace;2176;vic;19690927;1843263
org;rec-160-org;160;emiily;gnesel;;antill street;trewilga;croydon north;2641;nsw;;5249754
org;rec-3184-org;3184;jarod;feleppa;63;badimara street;tudor;frenchs forest;4821;nsw;19610421;8535978
org;rec-1973-org;1973;jack;vick;23;noble close;st johns retirement;rivett;7252;nsw;19550905;8449880
org;rec-4559-org;4559;ryan;white;19;wilkins street;logancrail;banksia;4064;sa;19760204;7368589
org;rec-2265-org;2265;benedict;vincent;27;mcclaughry place;k mart plaza;cunnamulla;5047;qld;19721119;3291682
org;rec-3490-org;3490;hayley;kerney;11;phillimore place;boeing park;thornbury;3356;vic;19340713;6518170
org;rec-3242-org;3242;jordan;godfrey;19;bettington circuit;raycroft;merricks north;2229;nsw;19380817;1480851
org;rec-1693-org;1693;cooper;nguyen;;burrinjuck crescent;dawlish;;6059;qld;19700104;2035745
org;rec-176-org;176;lara;seychell;271;ferber place;brentwood vlge;highgate;5501;vic;19060816;9577137
org;rec-1816-org;1816;mitchell;noyce;5;rosella street;rowethorpe;;2540;wa;19660901;2277894
org;rec-1226-org;1226;seth;moody;42;scantlebury crescent;the lodge;sippy downs;3156;vic;19270824;6853828
org;rec-2256-org;2256;delaney;kiernan;3;weavell place;tilbrook;robina;7018;tas;19180423;8250056
org;rec-2932-org;2932;zachary;kermeen;7;powell street;tourist park;yass;5162;qld;19131006;1784799
org;rec-3601-org;3601;alexandra;newberry;69;earle place;broome vacation village;wallsend;3749;nsw;19691006;5799594
org;rec-3173-org;3173;carmen;wiseman;41;sherwin place;wangi shoppng centre;newborough;2216;wa;19000714;2741568
org;rec-2826-org;2826;kai;hobson;1985;battersby circuit;;dulwich hill;5573;nsw;19280304;9227124
org;rec-3320-org;3320;mia;mihaylov;1;igera place;glenview;gawler east;2093;nsw;19480330;3359084
org;rec-112-org;112;lachlan;white;81;gabriel place;;parramatta;3030;qld;19210910;2637042
org;rec-3622-org;3622;laura;huddy;;maltby circuit;destiny park;moorabbin;3195;tas;19720627;5832871
org;rec-4279-org;4279;alexander;crouch;56;spinifex street;cresden 12182;kedron;5214;vic;19110123;3012627
org;rec-73-org;73;eloise;afford;188;denny street;fairfield housing bg;caves beach;2118;nsw;19090702;8884493
org;rec-116-org;116;annika;mason;50;ainsworth street;legacy units;eaglehawk;5159;sa;19860615;2777725
org;rec-2055-org;2055;tai;garven;21;finniss crescent;donette downs;pymble;2035;nsw;19930723;6253715
org;rec-2649-org;2649;bethanie;nguyen;23;morrissey street;navillus;st ives;4214;vic;19400724;7869955
org;rec-1836-org;1836;flynn;white;26;buntine crescent;berkeley vlge;karara;3550;nsw;19980415;8345957
org;rec-946-org;946;bianca;liebenberg;82;fishburn street;wombat hill;minto;2086;qld;19880322;9794218
org;rec-3574-org;3574;;genovese;6;axon street;aprt 504;march;3166;qld;19681013;2402512
org;rec-1326-org;1326;madison;campbell;2;terrigal crescent;pendleside;port macquarie;4184;vic;19480830;4528630
org;rec-1007-org;1007;breana;thorpe;54;weipa place;kimberley;san remo;4660;qld;19660117;3264752
org;rec-2091-org;2091;caitlin;khammash;359;carbeen street;salimtal;elsternwick;2430;nsw;19810113;7990656
org;rec-590-org;590;blake;doray;2;muresk street;;st albans;2305;qld;19410221;6927749
org;rec-1133-org;1133;annabelle;berry;40;rowntree crescent;cherry haven;tongala;6028;wa;19430705;2510289
org;rec-4031-org;4031;karissa;cannell;30;arrietta close;pindara medical centre;harris park;3153;nsw;19600508;7035862
org;rec-4569-org;4569;cheree;bowerman;55;tregear close;northwood park;st peters;3191;qld;19091213;3770036
org;rec-2557-org;2557;annabelle;couzens;27;mcluckie crescent;earle haven retirement village;;0870;vic;19260508;9397671
org;rec-2250-org;2250;cooper;humphreys;1;kulgera street;villa 3;st albans;4413;nsw;19300226;7614633
org;rec-4722-org;4722;catherine;bishop;29;stapylton street;chain gate;box hill south;2260;vic;19410527;6228462
org;rec-1231-org;1231;;dent;4;chillagoe street;myliton;hamilton;7325;nsw;19270825;9350791
org;rec-2767-org;2767;rosie;green;64;martley circuit;orana gardens retirement village;sefton;4740;nsw;19400512;1038720
org;rec-3427-org;3427;jackson;herbert;15;gooreen street;ripple brook station;highett;4870;vic;19170311;2630363
org;rec-4856-org;4856;jack;wang;;elliott street;stoney creek;norwood;2147;nsw;19790913;5004938
org;rec-3799-org;3799;alana;lombardi;6;mandurah place;tantallon;canterbury;4034;wa;19021123;5203409
org;rec-2821-org;2821;toby;grosser;52;moulden court;burnie thompson park;ulverstone;6258;nsw;19141208;6723789
org;rec-1881-org;1881;emma;fitzpatrick;190;maltby circuit;avonleigh;broadmeadows;2489;nsw;19930629;6950798
org;rec-3736-org;3736;alia;mogavero;24;beattie crescent;heritage est;rye;3142;nsw;19170315;2991381
org;rec-2227-org;2227;christian;capurso;106;burkitt street;giniderra;frankston;4103;vic;19210722;2242368
org;rec-191-org;191;madeline;liteplo;28;mckay garden;kangaroo grnd;creswick;2871;nsw;19640410;9983895
org;rec-1879-org;1879;jacob;kapeller;5;mount vernon drive;crosslands;toowoomba;2216;vic;19361129;5761018
org;rec-3078-org;3078;abbey;matthews;12;de graaff street;denture clnc;woy woy;2902;qld;19850806;6455816
org;rec-2747-org;2747;joshua;crosswell;49;batchelor street;kurrajong;mirboo north;2259;sa;19161010;9285169
org;rec-346-org;346;;nabialek;;warby place;;margaret river;2224;sa;19191126;2473424
org;rec-697-org;697;samantha;coady;5;michie street;tallaranie;minlaton;5024;vic;19951116;5201652
org;rec-2521-org;2521;bailey;ryan;94;parker street;environa;nowra;6042;vic;19361224;2466735
org;rec-4200-org;4200;lara;sekuless;82;loch street;;yarraville;3196;qld;19861129;1392776
org;rec-4314-org;4314;samuel;david;62;rodway street;apmnt 501;north arm;2166;qld;19560208;8268023
org;rec-400-org;400;emiily;paine;26;bussell crescent;koyo;karratha;3977;vic;19750805;7519967
org;rec-1671-org;1671;ethan;lomman;404;edwell place;brentwood vlge;ivanhoe;3792;nsw;19740120;8595511
org;rec-2255-org;2255;benjamin;green;11;marou place;city centre plaza;clear mountain;5115;nsw;19810305;8410885
org;rec-3263-org;3263;jacob;weaver;27;ferguson circuit;braeburn;hoppers crossing;6062;nsw;19231001;4297631
org;rec-3291-org;3291;zachary;thorpe;101;o'shanassy street;northwest medical centre;cobains;5242;nsw;19340712;2541552
org;rec-4669-org;4669;brooke;hendricks;34;eucumbene drive;lake downs super fine merino stud;narooma;3177;nsw;19450517;6179346
org;rec-3339-org;3339;katharine;white;10;kirkwood crescent;glenapp;wahroonga;4670;wa;19130608;7824077
org;rec-949-org;949;thomas;campbell;10;bywaters place;rosetta village;dewhurst;2611;sa;19640129;1872563
org;rec-1260-org;1260;renee;brock;10;maddock place;;ferndale;7268;vic;19760915;4013281
org;rec-1187-org;1187;kira;kyriacou;70;hopegood place;rowethorpe;tiaro;5024;vic;19820117;3935956
org;rec-2884-org;2884;cooper;kerrod;;irvine street;lorong kampong;goodna;2176;vic;19870610;1351213
org;rec-4860-org;4860;douglas;fitzpatrick;16;booroondara street;shadoof lodge;toodyay;2259;vic;19050428;2826631
org;rec-1177-org;1177;michael;green;30;jay place;little tinana;cremorne;3564;wa;19461212;1468008
org;rec-3684-org;3684;luke;boyle;1525;fawkner street;;roxburgh park;2343;nsw;19701125;2420976
org;rec-1138-org;1138;zoe;webb;19;macindoe place;kooyong;tennyson;2079;wa;19101217;1156023
org;rec-2375-org;2375;taliah;armanini;23;lind close;telebang station;matraville;4021;vic;19210204;4931434
org;rec-4663-org;4663;ellouise;domingo;36;leach street;plain view;frankston;6062;nsw;19141125;2822912
org;rec-953-org;953;charlotte;heuston;92;wayal place;memorial hospital;cremorne;2619;vic;19970428;9940785
org;rec-1759-org;1759;jake;bradshaw;75;scantlebury crescent;bendigo retirement village;brooklyn;4171;wa;19210731;9605426
org;rec-2472-org;2472;amy;campbell;12;kinchela crescent;aceland poll hereford stud;sadleir;4753;qld;19021030;2533567
org;rec-2736-org;2736;bayden;lonie;37;callister crescent;mcdougall hill;burwood;2320;nsw;19880619;6874557
org;rec-2378-org;2378;shakirah;van der steege;51;newdegate street;airforce memorial estate;darlington;3630;tas;19580903;8013399
org;rec-4141-org;4141;courtney;mcgregor;14;dianella street;queens lake village;bassendean;3218;nsw;19830529;5272719
org;rec-1505-org;1505;melissa;dent;27;gungurra crescent;redlands;whyalla;3775;nsw;19960112;9846985
org;rec-1330-org;1330;cain;dietrich;40;eugenia street;legacy units;bunbury;3782;tas;19550801;2545231
org;rec-3825-org;3825;rosie;white;2;snowden place;brambletye vinyard;black rock;0835;wa;19020405;4810152
org;rec-4544-org;4544;kiera;everett;4;rohan rivett crescent;brindabella specialist centre;alice springs;5558;nsw;19371021;2315324
org;rec-4038-org;4038;nathan;cannell;13;theodore street;iona downs;emerald;2570;nsw;19000823;6294140
org;rec-1950-org;1950;;mccarthy;24;oliver street;brentwood village;cherrybrook;2880;vic;19350103;5462917
org;rec-2806-org;2806;nicola;grubb;5;derrington crescent;gwandalan;south melbourne;2777;nsw;19520719;8082214
org;rec-6-org;6;holly;petersen;13;marou place;never die;birkdale;6530;nsw;19271213;9500792
org;rec-3706-org;3706;brodie;alves;3;lort place;jillamtong;albury;2773;nsw;19591217;3058450
org;rec-1034-org;1034;briony;dudley;6;goodwin street;ctge 25;allawah;3138;vic;19590905;2103478
org;rec-1039-org;1039;ethan;greenhalgh;;crozier circuit;richon;rosebrook;4151;qld;19400702;6431791
org;rec-4993-org;4993;sarah;de crespigny;16;maurice place;allandale;somers;2250;vic;19130113;4115888
org;rec-2765-org;2765;ashlie;cannell;23;lenehan street;blue crane farm;nome;3152;nsw;19210211;2766975
org;rec-3003-org;3003;zachariah;kilmartin;56;barrallier street;greenslopes;torquay;3249;nsw;19980325;1870225
org;rec-617-org;617;noah;giannoni;81;burraly court;colloca vale;north ryde;6155;qld;19720817;6906870
org;rec-3257-org;3257;tayah;noble;10;city walk;george forbes house;merino;5096;vic;19250315;8376614
org;rec-2172-org;2172;imogen;broadby;70;letters street;jemalong retrmnt vlge;frankston;3149;vic;19840516;5771467
org;rec-4278-org;4278;sophie;bevis;8;bungonia street;fernlea;ringwood east;2541;vic;19820602;4133682
org;rec-1763-org;1763;jacob;george;80;hindmarsh drive;glenview;bundaberg;2021;wa;19631006;3031916
org;rec-3627-org;3627;paul;maksim;35;blazey place;elouera park;kingston;3143;vic;19280108;2229267
org;rec-2776-org;2776;abby;ryan;10;paul coe crescent;kooyong;carlingford;3144;vic;19670119;9471831
org;rec-3502-org;3502;;farrimond;57;tank street;hilltop hostel rowethorpe;modbury;2650;qld;19061111;3876047
org;rec-2095-org;2095;ben;armiento;17;burnell place;john flynn hospital;fairlight;3630;qld;;8511174
org;rec-754-org;754;raquel;staude;44;merv waite street;;terrey hills;3078;nsw;;2866688
org;rec-4260-org;4260;phoebe;pinny;5;beaurepaire crescent;pine hill;stoneville;2110;wa;19730518;1310519
org;rec-131-org;131;joshua;beatton;118;nunan crescent;kimbe;bundaberg;2171;sa;19090913;2110769
org;rec-2870-org;2870;jaimee;bowerman;1;sainsbury street;tiverton;coonamble;3155;nsw;19510309;2542408
org;rec-2987-org;2987;tiahnee;moody;40;miethke place;winterwood;north ward;3806;nsw;19130426;4744397
org;rec-3612-org;3612;benjamin;mcclelland;16;brodribb street;villa 18;noble park;6714;vic;19470605;5728937
org;rec-3687-org;3687;maya;ryan;74;medley street;glen echo;westmead;2500;nsw;19360504;5518965
org;rec-1672-org;1672;jacobie;shepherdson;316;augusta court;pinda;ardeer;5069;nt;19830606;2226979
org;rec-1031-org;1031;ben;chorny;16;mcquade close;our folly;bonnyrigg;4120;qld;19481025;3512659
org;rec-4970-org;4970;ethan;muthukuda;25;;glen fern;hillside;2250;vic;19581107;4421577
org;rec-4918-org;4918;christian;la rance;18;tristania street;the swamp;mermaid waters;6020;nsw;19580426;2857093
org;rec-1966-org;1966;ruby;matthews;15;chauncy crescent;kildrummie;armidale;3616;sa;19060824;1111899
org;rec-4854-org;4854;michael;darch;55;batman street;rockview;salisbury east;3523;nsw;19130907;9846815
org;rec-4969-org;4969;victoria;zimmermann;37;o'sullivan street;kelgoola;nyah;2842;qld;19240517;7803602
org;rec-2561-org;2561;lexie;myles;11;crozier circuit;kangaroo grnd;valentine;3805;sa;19600609;9749283
org;rec-1284-org;1284;harriet;horsley;12;woinarski place;white lodge;mulgrave east;3280;wa;19710926;4215401
org;rec-1258-org;1258;jock;clarke;8;heritage road;rocklea;manly vale;2540;vic;19000505;8245647
org;rec-124-org;124;joel;finlay;3;budyan court;mountain view village;adamstown heights;2095;nsw;19171215;5425013
org;rec-4828-org;4828;emiily;tidey;6;hazel street;duck creek;cooloongup;0800;nsw;19591017;6058396
org;rec-378-org;378;william;margush;14;bindaga street;unt 2;yackandandah;3150;nsw;19780603;3588509
org;rec-3985-org;3985;nicole;daykin;3;hannan crescent;cooroora;gwynneville;2318;qld;19120515;8485229
org;rec-2412-org;2412;lachlan;mandry;3;richardson street;lake chatsworth;christies beach;2040;tas;19220410;1565982
org;rec-2875-org;2875;luke;white;31;outtrim avenue;glenora farm;flinders bay;2227;sa;19151010;6925269
org;rec-221-org;221;samantha;mapstone;44;hutchins street;golden ponds resort;maitland;2076;sa;19941127;4499927
org;rec-1466-org;1466;william;hare;10;steffanoni circuit;benbullen lowline stud;ranelagh;3148;nsw;19260501;1891847
org;rec-1268-org;1268;;reid;11;alt crescent;green lagoon;camp hill;6026;vic;19671214;5483640
org;rec-1294-org;1294;jared;riddell;346;hawkesbury crescent;pine tree;berkeley vale;3015;nsw;19430121;2944608
org;rec-3042-org;3042;lydia;ryan;48;davis street;wychwood;eaglemont;3138;nsw;19370701;8755417
org;rec-1417-org;1417;brooke;berryman;430;damala street;wallaces ck;glengarry;2460;vic;19500517;9772693
org;rec-4392-org;4392;lochlan;reifferscheidt;626;carrington road;haigh park;eaton;4172;vic;19020119;6477624
org;rec-4169-org;4169;luke;dixon;14;;roskhill;barmera;6027;vic;19710422;8114472
org;rec-4507-org;4507;william;colquhoun;955;smalley circuit;villa 3;harbord;2200;vic;19141107;1327358
org;rec-2026-org;2026;ethan;matson;310;worrall street;ben nevis estate;albion park rail;3672;qld;19830111;9201028
org;rec-3354-org;3354;renee;clarke;18;woinarski place;yarrabee;ermington;4127;nsw;19420312;1980801
org;rec-556-org;556;giorgia;ditty;10;williams street;rawdon hill;tarnagulla;2404;vic;19171102;3194066
org;rec-2428-org;2428;benjamin;blake;11;tantangara street;summit cottage;oaklands park;2640;wa;19270916;6285591
org;rec-210-org;210;chelsie;;27;kauper street;lesma;eastwood;4070;nsw;19161017;6512341
org;rec-486-org;486;emiily;lipscombe;29;fernyhough crescent;carinya vlge;seaton;4503;vic;19031116;2893427
org;rec-273-org;273;isabella;stanley;9;spofforth street;the falls;sherwood;3150;nsw;19381021;7253600
org;rec-79-org;79;joel;rundle;108;rosebery street;st vincents hospital;dunsborough;2317;nsw;19780403;8984765
org;rec-1291-org;1291;tiana;webb;59;spalding street;;glendorf;2444;nsw;19270920;6947860
org;rec-3991-org;3991;eliza;nadin;12;mt warning crescent;tycannah station;preston;3091;qld;19470314;6540403
org;rec-2106-org;2106;molly;hannagan;15;pickworth street;the stockyards;ballarat;6027;nsw;19241115;9178151
org;rec-3133-org;3133;caitlin;mitton;6;arthur circle;george forbes house;sale;3182;vic;19260517;4276696
org;rec-2126-org;2126;timothy;soulemezis;18;allambee street;brentwood vlge;balaklava;2590;vic;19010923;1004898
org;rec-4289-org;4289;elly;miles;2;vidal place;pacific regis;loganlea;6061;qld;19451126;5179731
org;rec-25-org;25;joel;campbell;16;savige street;glenmore;arana hills;3152;nsw;19880824;5412397
org;rec-2092-org;2092;genevieve;bristow;7;schonell circuit;the park;malvern east;3109;nsw;19890119;7811495
org;rec-3592-org;3592;reganne;camp;4;colvin street;pine hill;parmelia;2010;nsw;19681013;1236601
org;rec-630-org;630;david;pestka;95;tadgell place;belgrave;abbotsford;4717;nsw;19980517;5698675
org;rec-606-org;606;taliah;morrison;7;cope place;strawberry fields;dover;6714;nsw;19090828;3519655
org;rec-4234-org;4234;;lock;9;tauss place;argyle;woodcroft;2028;sa;19130105;6312603
org;rec-1420-org;1420;sam;green;43;leita court;strathmore vineyard;geelong east;4350;nsw;19040618;1956745
org;rec-1834-org;1834;adam;tiller;13;westfield shoppingtown (next to medicare;sec 161;page;3128;vic;19410419;2449378
org;rec-1957-org;1957;kelsea;hoebee;83;paul coe crescent;;st kilda;6027;wa;19970705;7042275
org;rec-1277-org;1277;madison;hope;1;grounds crescent;;narrogin;2330;nsw;19400901;5832856
org;rec-1964-org;1964;sophie;haythorpe;12;bamford street;kioma;alligator creek;6230;sa;19670909;3361594
org;rec-874-org;874;nicholas;desantis;114;badcoe street;union collage;elermore vale;3420;nsw;19740601;4864589
org;rec-877-org;877;reegan;sporn;17;braine street;tongbong sanctuary;port augusta;3070;nsw;19650504;6852017
org;rec-66-org;66;koula;houweling;3;mileham street;old airdmillan road;williamstown;2350;nsw;19440718;6375537
org;rec-1769-org;1769;anari;pettigrove;9;betche place;b;gwandalan;3165;nsw;19890618;1209547
org;rec-4157-org;4157;william;demarco;21;shenton crescent;;south perth;3840;nsw;19170802;3018112
org;rec-1959-org;1959;jorja;selth;82;arnold place;wooloondool farm;colonel light gardens;4350;nsw;19460602;5599958
org;rec-331-org;331;harrison;whaipe;19;westall place;ainslie house;baranduda;3220;qld;19170531;7892154
org;rec-3711-org;3711;abii;hedaux;26;sparkes close;willera;bribie island;5322;sa;19390824;1171524
org;rec-2528-org;2528;madison;cannell;2;seaborn place;tara palms;north hobart;6030;vic;19251217;4366054
org;rec-3053-org;3053;sophie;mcilvar;10;steinwedel street;ponderosa;geelong east;3550;qld;19640509;4135696
org;rec-1412-org;1412;anthea;nguyen;16;kelleway avenue;rydal bank;concord;3196;qld;19281104;2137596
org;rec-3088-org;3088;sachin;;85;sparkes close;villa 36 sovereign garden;cairns;7250;vic;19820717;8721401
org;rec-1498-org;1498;katie;fitzpatrick;37;duffy street;donore;hurlstone park;6108;vic;19380621;7125161
org;rec-1263-org;1263;jacob;ryan;5;wheeler crescent;melrose clinic;coolaroo;3198;nsw;19581209;8497762
org;rec-4491-org;4491;warrick;plane;41;lingiari court;miowera;noosa river heights;5108;vic;19860411;3214712
org;rec-1525-org;1525;lushia;allchin;940;poynton street;uc-dai-loi;mossman;6014;vic;19870205;5901439
org;rec-2534-org;2534;michelle;morrison;70;nunan crescent;retirement village;coolaroo;3754;tas;19580308;2642188
org;rec-3849-org;3849;georgia;hague;13;leahy close;;mount warren park;3218;vic;;4151813
org;rec-766-org;766;oscar;meadows;5;moore street;eden park;karalee;2155;nsw;19900805;7725660
org;rec-4193-org;4193;jasmyn;white;1;clemenger street;ningana retirement;bomaderry;0810;nsw;19210402;3207379
org;rec-2019-org;2019;mya;ongley;20;tenison-woods circuit;aleon;rosebud;3194;wa;19940810;3204273
org;rec-1607-org;1607;sarah;lanyon;48;torrens street;boxwood hill;reynella;2217;tas;19220722;6534862
org;rec-4546-org;4546;arren;wiseman;305;morant circuit;the village condo 7;st albans;2027;vic;19660719;5442212
org;rec-661-org;661;caitlin;portlock;19;tompson street;cherrydell;rochester;4503;act;19110812;1549588
org;rec-2278-org;2278;imogen;bishop;10;badimara street;rockvale road;mount eliza;2606;qld;19460109;9681787
org;rec-4699-org;4699;daniella;chandler;1226;lewin street;the willows;robertson;4173;vic;19111101;3790237
org;rec-1634-org;1634;alicia;miles;69;eggleston crescent;wunnamurra homestead;brighton;3020;vic;19701124;2499759
org;rec-3343-org;3343;holly;simmonds;26;sinclair street;unt 2;sunnycliffs;3141;nsw;19970921;9812796
org;rec-3270-org;3270;blade;mccarthy;313;biggs place;john flynn medical centre;highett;5086;nsw;19431221;1133389
org;rec-2740-org;2740;imogen;kiosses;2;quandong street;overnewton;arundel;5024;sa;19751002;1581588
org;rec-4154-org;4154;joel;nalpantidis;1;paul coe crescent;rp 24089;baskerville;6230;vic;19501117;3815548
org;rec-2214-org;2214;eliza;burnell;2;badimara street;pangani;armidale;2607;nsw;19960416;3920251
org;rec-3853-org;3853;brianna;dixon;18;staaten crescent;buckhobble;greensborough;3013;nsw;19860928;4919547
org;rec-572-org;572;courtney;white;4;green street;armidale private hospital;launching place;2800;nsw;;6763868
org;rec-4361-org;4361;matthew;ryan;17;darwinia terrace;swinton;acacia ridge;4214;nsw;19510905;4210560
org;rec-1981-org;1981;william;ryan;1;fortitude street;hd of solomon;atherton;2200;qld;19520613;8994180
org;rec-3238-org;3238;jamie;snell;36;acraman place;st georges park;deakin;7307;vic;19850205;9378445
org;rec-1178-org;1178;rachel;kerslake;14;canopus crescent;tartan park;barrack heights;3221;act;19410510;5292435
org;rec-4728-org;4728;ebony;penno;62;weingarth street;sheidow park medical centre;minto;2840;qld;19090710;9031641
org;rec-1669-org;1669;luke;fenwick;94;city walk;amberu;;6019;nsw;19071019;2392345
org;rec-4217-org;4217;barnaby;dixon;21;charteris crescent;;ascot vale;5012;nsw;19960422;4817798
org;rec-1436-org;1436;joel;waller;12;quiros street;marella;bowral;4670;vic;19740716;8352619
org;rec-1668-org;1668;caleb;weaver;7;arabana street;ashell;harden;7171;vic;19300527;2414397
org;rec-4338-org;4338;alexandra;hyland;34;bimbiang crescent;wandearah;woy woy;3148;nsw;19381024;7191959
org;rec-4557-org;4557;emma;white;1;eaglemont retreat;glenmore;eight mile plains;3025;vic;19251010;4488560
org;rec-908-org;908;lucy;rees;14;haddon street;cremona stud;tiddy widdy beach;2469;nsw;19250702;3258771
org;rec-1983-org;1983;henry;coleman;42;mackaness place;lake downs super fine merino stud;benowa;4557;tas;19791029;1714953
org;rec-2835-org;2835;lucy;braithwaite;65;ellerston avenue;marx garden world;munno para west;2750;qld;19580501;6060746
org;rec-2377-org;2377;lauren;soave;187;grounds crescent;strathleigh;denmark;3075;qld;19021209;5792462
org;rec-2983-org;2983;lucy;morrison;3;starke street;sheep station;petersham;2250;nsw;19271205;8707221
org;rec-3406-org;3406;zachariah;bulgin;3;throssell street;farn 43;modbury;2190;nsw;19590703;5683667
org;rec-3045-org;3045;taliah;carmody;37;carstensz street;frank jeffrey hostel;blakeview;3094;vic;19940123;8622255
org;rec-663-org;663;dean;wiseman;27;currong street;palm garden villas;cromer;4305;qld;19740808;1613598
org;rec-3915-org;3915;jacob;richmond;195;flack street;cadagi grove;berwick;5109;nsw;19820727;7932680
org;rec-3636-org;3636;blaize;mcfadden;12;fitchett street;brentwood village;yass;2062;nsw;19470701;1930825
org;rec-1659-org;1659;holly;glennon;8;ballumbir street;summervale;glengowrie;4124;wa;19490518;6635323
org;rec-912-org;912;leo;george;38;langridge street;greenwood;braidwood;2038;nsw;19631227;2248161
org;rec-206-org;206;lewis;westbrook;14;hutchison crescent;ohio station;seaforth;4128;vic;19081217;5442782
org;rec-64-org;64;emiily;godfrey;5;federal highway;tannamurra;bundaberg;4065;qld;19281007;8378813
org;rec-2623-org;2623;alannah;morrison;15;warragamba avenue;brentwood vlge;como;2031;vic;19450628;3163775
org;rec-1053-org;1053;jade;quast;4;hodgkinson street;raworth cottage medical practice;east ryde;6210;vic;19390121;5098690
org;rec-30-org;30;xavier;campbell;9;norton street;pine camp;coniston;5092;nsw;19640316;9178267
org;rec-2602-org;2602;nikita;coady;18;watling place;wattle tree;athelstone;4551;act;19160504;5801919
org;rec-2619-org;2619;james;white;134;macdonnell street;bindaree;nollamara;5127;vic;19090530;8089512
org;rec-4412-org;4412;jarryd;reid;144;loftus street;sherwood;bundaberg;0812;qld;19630527;8120709
org;rec-148-org;148;charlotte;suth;12;deasland place;carisbrook;belmont;4814;nsw;19191009;8934958
org;rec-4844-org;4844;alessandra;mcneill;364;kelleway avenue;bodyworks healing centre;broken hill;2763;qld;;5866707
org;rec-3380-org;3380;kade;hindmarch;16;ross smith crescent;;goonellabah;2116;vic;19400708;3431636
org;rec-1457-org;1457;robert;waller;4;cutlack street;glenview;wellard;3000;vic;19891004;4754283
org;rec-1426-org;1426;lucas;thorpe;25;port jackson circuit;;eimeo;6255;sa;19320715;2374689
org;rec-3525-org;3525;kirra;spratt;14;giles street;rajamare;cleveland;5127;qld;19390404;2611615
org;rec-4868-org;4868;flynn;dreyer;148;hayden close;hawkesbury natural health acupuncture ce;sanctuary point;3669;;19010221;3597112
org;rec-4723-org;4723;tommy;morrison;49;mcnamara street;rowan lodge;north ryde;2038;nsw;19231010;1815246
org;rec-3708-org;3708;reeve;michelmore;17;wambaya crescent;war veterans hme;cooloongup;6112;wa;19940723;8143187
org;rec-2881-org;2881;emiily;paterson;9;wiburd street;parraweena;colac;2021;qld;19881213;6732942
org;rec-1389-org;1389;alana;reid;1;baume crescent;claymore springs;yarraville;3128;vic;19200219;9147920
org;rec-4750-org;4750;aliza;white;356;petterd street;wemyss;mosman;3183;vic;19660226;7732220
org;rec-2209-org;2209;georgia;hantke;215;hovea street;;cromer;3199;vic;19260708;1055098
org;rec-2358-org;2358;caitlin;dolan;55;lawrence wackett crescent;garden settlement;beaumaris;2193;wa;19571211;7745058
org;rec-1906-org;1906;nicholas;green;14;hodgson crescent;barwon station;mosman;2600;qld;19850327;5859130
org;rec-4724-org;4724;brooke;bristow;11;minter place;wilsonton medical centre;ngunnawal;4551;vic;19890212;7893433
org;rec-1582-org;1582;hannah;rivers;5;collings street;callatoota;toorak;2487;nsw;19521217;6906828
org;rec-614-org;614;lewis;ryan;10;melba street;binna burra mountain lodge;yerrinbool;5118;vic;19591211;9701047
org;rec-295-org;295;ash;munyarryun;6;lachlan street;;braddon;2641;nsw;19421130;7370167
org;rec-1479-org;1479;jessica;fabel;28;hilder street;mount beauty;glenlee;2116;sa;19140806;5932691
org;rec-4498-org;4498;heather;campbell;15;maitland street;southport retirement village;yinnar;4740;qld;19130206;4429520
org;rec-729-org;729;aidan;hamdan;163;bacchus circuit;mermaid plaza dental centre (cnr gold co;mitcham;2710;qld;19101119;1603791
org;rec-2048-org;2048;georgia;vaccaro;18;leahy close;rocor;maribyrnong;3124;nsw;19381228;2725753
org;rec-4016-org;4016;emiily;hingston;15;paul coe crescent;hawkesbury road;mooroolbark;2565;sa;19711219;6897463
org;rec-4206-org;4206;samuel;bottroff;23;mclarty court;cherrybank;port macquarie;6024;sa;19420214;5990041
org;rec-3440-org;3440;matthew;bissett;11;cowcher place;kassingbrook;surfers paradise;4037;vic;19121107;5435247
org;rec-718-org;718;evan;kranz;33;pandanus street;tantallon;bowral;2264;nsw;19330726;6581103
org;rec-3135-org;3135;gianni;campbell;39;spring range road;;putney;2602;vic;19911228;4150453
org;rec-2371-org;2371;michaela;dunstone;37;deane street;rosedown;woodcroft;2065;vic;19121018;3166178
org;rec-2389-org;2389;courtney;weller;35;florence taylor street;flt 61;vermont;4352;vic;19910120;7615385
org;rec-652-org;652;dylan;nickolai;46;jackie howe crescent;bonnie doon;waramanga;2535;nsw;;6519452
org;rec-305-org;305;timothy;elphick;28;waratah street;main beach medical centre;maida vale;6069;vic;19391124;3887226
org;rec-2936-org;2936;harrison;tinfina;5;deasland place;toolebewong farm;southbank;2217;nsw;19880108;4659883
org;rec-1868-org;1868;amelia;graham-jones;5;mcgivern crescent;australian fair west;new town;2163;act;19000619;5013227
org;rec-3600-org;3600;brooke;rabbitt;46;cockcroft avenue;swanleigh;coolum beach;6110;wa;19080421;6122971
org;rec-574-org;574;emma;marcola;7;totterdell street;rosetta village;goonellabah;6018;vic;19641017;7190961
org;rec-3279-org;3279;hannah;ho;13;bradfield street;cremona stud;hurstbridge;2795;nsw;19180207;6938730
org;rec-872-org;872;joel;wanders;453;louis loder street;hilltop view motel;avoca;2284;qld;19120509;3198280
org;rec-1419-org;1419;caitlin;alessi;1;davies place;bindana downs;tungamull;2060;vic;19410721;6485512
org;rec-3259-org;3259;laura;newey;6;archibald street;;harris park;3006;wa;19570428;5725917
org;rec-3721-org;3721;gemaley;meadows;42;alarmon crescent;kalang;newham;3146;vic;19230420;5029065
org;rec-3219-org;3219;oliver;ryan;23;candlebark close;holiday vlge;banks;4570;vic;19100420;5337535
org;rec-4776-org;4776;georgia;metaxiotis;15;augustus way;moodwood angus stud;tuart hill;3196;vic;19130627;5883327
org;rec-4376-org;4376;thomas;drougas;29;collins place;moonylora;oakville;2560;qld;19670112;8993502
org;rec-999-org;999;jacob;lowe;179;parkhill street;brigalow court;arundel;2167;vic;19761225;8295931
org;rec-3439-org;3439;zack;novak;23;burara crescent;poppa downs;;4311;sa;19591026;2536498
org;rec-4340-org;4340;kiana;jolly;23;ashcroft crescent;villa 2;airds;4507;wa;19220507;6113261
org;rec-2365-org;2365;fraser;burford;39;davidson street;riverbend;kingston;3183;qld;19310910;6160407
org;rec-4171-org;4171;adam;clarke;3;skinner street;kona;woodcroft;4878;wa;19270705;7112414
org;rec-634-org;634;charlotte;maynard;;mckillop circuit;norley;eden;2339;qld;19420418;7402311
org;rec-2892-org;2892;anthony;berry;12;duterrau crescent;mianga;acacia ridge;6027;vic;19570618;6807657
org;rec-289-org;289;riley;paddon;5;burdekin street;rosetta village;mount eliza;6230;vic;19510214;4214905
org;rec-3457-org;3457;james;coleman;297;discovery street;irrigation farm;campsie;2315;wa;19350803;7236834
org;rec-3004-org;3004;zachary;hulands;51;caley crescent;illoura glass studio;albany creek;5162;tas;19360826;9722255
org;rec-3366-org;3366;rachel;lowe;141;milford street;;darlington;4510;nsw;19810216;1700052
org;rec-1089-org;1089;malakai;crouch;303;ragless circuit;westbury;paddington;3073;qld;19510719;5426853
org;rec-4444-org;4444;alexandra;hide;27;tweddle place;barley hill;williamstown;3055;vic;19070929;3625008
org;rec-1621-org;1621;alexandra;hyland;20;brassey street;unt 3;bundaberg;3047;qld;19030202;9741543
org;rec-3757-org;3757;bailey;petersen;1;goodman street;nioka;plympton south;4214;qld;19090102;3547315
org;rec-756-org;756;fynn;allard;1;rolph place;st vincents hospital;hillsborough;4216;nsw;19700328;7861274
org;rec-4636-org;4636;;reid;147;marr street;walkers orchard;arthurs creek;7330;nsw;19240712;7585720
org;rec-1319-org;1319;tuscany;yen;138;sage close;wooloomolan;mundingburra;3174;nsw;19011205;1974035
org;rec-4570-org;4570;kyle;block;45;erldunda circuit;mt warrigal retrmnt vlge;greenacre;2614;nsw;19740424;4380571
org;rec-338-org;338;harry;bjorksten;47;crisp circuit;retirement village;fullarton;4101;nsw;19830511;3332626
org;rec-202-org;202;alexander;drymis;47;feltus place;springbanks;highton;2041;nsw;19571119;4370533
org;rec-3459-org;3459;madison;chandler;29;luckman place;hd tickera;pearl beach;2133;nsw;19551128;8841314
org;rec-3301-org;3301;vanessa;bishop;5;pethebridge street;willaroo;burnett heads;6167;qld;19780125;9592570
org;rec-1716-org;1716;lauren;cloudsdale;4;fred lane crescent;willowbanks;east maitland;3046;qld;19430211;1765101
org;rec-1948-org;1948;flynn;painter;7;thomas hart street;railway stn;seaton;2640;vic;19211124;8126727
org;rec-2758-org;2758;chloe;rafanelli;3;stantke place;gemma;dianella;4872;vic;19570715;8691066
org;rec-4704-org;4704;keziah;lavender;11;rankin street;;hazelgrove;2088;vic;19780813;6420551
org;rec-651-org;651;nicholas;hoyland;45;shirlow place;jewells medical centre;wantirna;5049;vic;19200610;4052512
org;rec-1186-org;1186;harrison;du;22;cooks street;greenbank;adelong;5244;wa;19320522;6653003
org;rec-666-org;666;thomas;matthews;144;medworth crescent;;booval;4502;nt;19630219;2894576
org;rec-1052-org;1052;giaan;everett;32;;sunnyside orchards;wangaratta;4551;tas;19420909;7947853
org;rec-2871-org;2871;noah;fusco;65;kruse place;the points holsteins;kununurra;3400;nsw;19490107;9136935
org;rec-726-org;726;jaden;allanby;2;pelham close;central clinic;broulee;5523;sa;19660707;3196657
org;rec-1882-org;1882;max;lund;5;syme crescent;broome vacation village;aspley;6111;nsw;19011228;2696750
org;rec-3041-org;3041;hari;dominey;24;albermarle place;wingara;theodore;5235;qld;19360715;6430390
org;rec-2030-org;2030;chloe;white;7;myall street;yallanbee;north maclean;2066;vic;19830207;7105783
org;rec-1589-org;1589;emma;frencham;175;hayball place;;punchbowl;4018;qld;19170628;2070987
org;rec-3151-org;3151;harry;gully;81;templeton street;navan park;toowong;6023;vic;19450926;4903149
org;rec-98-org;98;;mchenry;80;gurnai place;umavale;eaton;4215;vic;19340302;4214409
org;rec-303-org;303;maria;dun;28;sheaffe street;brookvale;midway point;2229;wa;19990308;2567879
org;rec-968-org;968;aidan;blake;15;namatjira drive;cooramin;dromana;4074;vic;19270928;4317464
org;rec-1481-org;1481;thomas;humphreys;35;mayne street;gull cottage;the entrance;2000;qld;19880516;3033985
org;rec-2162-org;2162;chloe;kammermann;12;mcbryde crescent;corella;dural;2134;qld;19251019;7777606
org;rec-3302-org;3302;blaize;koopman;17;allison place;aldersyde estate;balwyn north;4650;nsw;19110608;7823755
org;rec-4740-org;4740;henry;sach;69;hawdon street;logie brae;harbord;2141;nsw;19051226;7123737
org;rec-1368-org;1368;matteus;leong;13;hawkesbury crescent;bonnie doon;raymond terrace;3129;qld;19621228;5792923
org;rec-2794-org;2794;april;webb;25;anketell street;sec 437;millmerran;2226;vic;19060125;3661897
org;rec-4469-org;4469;josephine;dragheim;3;downard street;lowangreen;malvern east;3142;qld;19560618;2093181
org;rec-4415-org;4415;travis;wang;10;hawken street;drayton villas;airlie beach;4121;vic;19810617;5809880
org;rec-343-org;343;steven;green;9;duigan place;dunbar heights;pennant hills;7010;qld;19760329;8403741
org;rec-710-org;710;christopher;edson;63;bennie street;;tailem bend;4868;qld;19880809;2348557
org;rec-3610-org;3610;zac;mashberg;32;barraclough crescent;mowbray;ballina;3184;nsw;19680330;8938791
org;rec-4859-org;4859;kailey;stubbs;94;house circuit;moreton island;gwynneville;4551;qld;19230318;1819847
org;rec-427-org;427;jordan;vincent;7;carnegie crescent;dargam;floreat;3032;nsw;19101107;3591952
org;rec-3776-org;3776;joshua;heron;23;dooring street;drypoint;barraba;4214;nsw;19700227;6931228
org;rec-1943-org;1943;imogen;coffey;;mclaren crescent;kooyong;ormeau;2782;nsw;19250214;4962430
org;rec-214-org;214;danielle;webb;33;max henry crescent;willows trees;corio;2077;nsw;19711211;7999700
org;rec-91-org;91;jacob;clarke;10;ebden street;;loganlea;6061;tas;19181001;9535708
org;rec-4994-org;4994;jaime;mercorella;14;couchman crescent;springfields farms;taringa;4051;vic;19520708;9804598
org;rec-923-org;923;eliza;koziol;183;wattle street;blueberry hill;blacktown;6026;nsw;19940208;8842130
org;rec-3518-org;3518;alexander;priest;41;manu place;;bundeena;4701;qld;19420417;9205694
org;rec-3236-org;3236;carla;pegg;56;martens crescent;diamond sands;embleton;2577;qld;19200214;5556197
org;rec-3497-org;3497;thomas;manson;22;birbai place;karsul;frankston;6532;nsw;19160504;3670653
org;rec-3394-org;3394;emiily;finlay;20;temperley street;lincoln close;bellevue hill;2231;qld;19000801;1739435
org;rec-1110-org;1110;emma;adzaip;38;amherst street;villa 2;nairne;4860;sa;19050421;5988275
org;rec-4419-org;4419;jessica;mac neill;13;neeld place;bessy sue;sheffield;3124;act;19160213;6416337
org;rec-2721-org;2721;tristan;yani;4;bage place;flt 10;glenbrook;3856;qld;19010515;2833733
org;rec-2514-org;2514;ayla;poore;11;cowdery place;richmond caravan park;dover;2200;nsw;19200801;8015794
org;rec-141-org;141;peta;callister;16;baracchi crescent;jaholma park;moranbah;2117;qld;19700110;4177367
org;rec-1452-org;1452;samuel;quilty;19;wanganeen avenue;kooyong;sherwood;3121;qld;19820317;9211278
org;rec-1162-org;1162;jack;webb;87;hodgkinson street;rabbit warren;st kilda east;2216;nsw;19730327;4227791
org;rec-3723-org;3723;lara;carbone;61;beasley street;ebony's retreat;bossley park;5343;vic;19560105;2542464
org;rec-4689-org;4689;gus;stanley;244;;markool;williamstown;5259;vic;19380424;1941202
org;rec-2297-org;2297;thomas;rankine;7;davis street;veone;bossley park;2127;vic;19280703;6882558
org;rec-4819-org;4819;hayden;kluske;25;kanooka street;grenoble;bonnyrigg;4740;nsw;19111028;9665345
org;rec-258-org;258;daniel;harrington;;la perouse street;bull plain;bogangar;3173;vic;19030123;4348887
org;rec-1587-org;1587;vendula;middlin;4;baldwin drive;;orbost;6108;wa;19790820;4808614
org;rec-3957-org;3957;samuel;green;96;duffy street;bogandina prop;lavington;2112;qld;19690309;4678214
org;rec-1691-org;1691;pascale;quast;33;kingham place;killarney;robertson;2135;wa;19570201;7680717
org;rec-2100-org;2100;talia;millar;8;la perouse street;macsview;kellyville;2250;wa;19800606;3894135
org;rec-3147-org;3147;mia;white;40;dyson street;dishley farm;greenacre;7249;sa;19410125;1462412
org;rec-3836-org;3836;erin;campbell;11;learmonth drive;lassaan;dulwich hill;4216;;19790408;5750866
org;rec-1345-org;1345;zachary;coffey;21;fellows street;brigalow court;christies beach;5031;qld;19240219;4912880
org;rec-241-org;241;chloe;dunnicliff;10;fraser place;walkabout palms;belgrave;4211;nsw;;9683634
org;rec-345-org;345;emiily;rankine;32;blackham street;sapri;campbelltown;5068;vic;19060404;3688640
org;rec-2876-org;2876;;green;13;spowers circuit;brookfield;labrador;5063;nsw;19421213;8321036
org;rec-267-org;267;liam;white;33;hargrave street;buderim meadows;caulfield;7250;nsw;19140112;6654477
org;rec-1572-org;1572;joshua;nguyen;11;beattie crescent;altona;casino;3029;vic;19240622;8948695
org;rec-561-org;561;jack;;3;light street;pine hill;windermere;3212;vic;19651013;1551941
org;rec-4895-org;4895;kiandra;waller;41;stobie place;west road;rossmoyne;4017;vic;19480123;5588564
org;rec-2088-org;2088;andrew;webb;;lukin place;craiglea;south brisbane;2500;vic;19001025;2313225
org;rec-3573-org;3573;cooper;reid;11;;australian fair west;callala bay;4220;nsw;19080313;7357404
org;rec-4124-org;4124;brianna;white;39;laughton street;corandirk;stratton;4551;sa;19840310;9784905
org;rec-3275-org;3275;cooper;lemke;2;albermarle place;iron shoe lodge;thornbury;3082;qld;19881107;7332841
org;rec-4876-org;4876;jade;collinson;58;temperley street;diablo;craigmore;6722;wa;19660421;7496155
org;rec-3633-org;3633;ryleh;sleath;9;archdall street;boxwood hill;sandy bay;2484;nsw;19550126;1791300
org;rec-2579-org;2579;madalyn;mccarthy;53;lind close;tressing fields;beenleigh;2291;qld;19620612;6626116
org;rec-2848-org;2848;taylor;mccarthy;9;templestowe avenue;yellowstone;seven hills;4133;qld;19540430;9919544
org;rec-3902-org;3902;;oreilly;;paul coe crescent;wylarah;tuart hill;3219;vic;19500925;4201497
org;rec-2070-org;2070;christopher;lock;9;swinden street;heritage est;campsie;3046;vic;19200617;3438940
org;rec-282-org;282;flynn;van heythuysen;;shepherdson place;nunkeri;rose bay;2121;nsw;19780418;3254370
org;rec-3210-org;3210;zachary;croker;27;guthridge crescent;riana;ryde;3143;nsw;19630415;9034657
org;rec-4576-org;4576;liam;nitsolas;7;tauss place;dp 808602;koo wee rup;2287;vic;19400210;3752472
org;rec-2906-org;2906;nicholas;wheatley;64;cox street;venture;fennell bay;4740;qld;19681129;6155450
org;rec-2397-org;2397;riley;matthews;34;westhoven street;stone oak farm;success;4034;vic;19890629;5906706
org;rec-260-org;260;aleesha;reid;21;cadell street;eventide homes;trafalgar;2582;vic;19840824;6890084
org;rec-2205-org;2205;nicole;schmook;3;grounds crescent;alice street;logan reserve;3840;tas;19860822;4490353
org;rec-300-org;300;matilda;clarke;113;gritten street;gloccamorra;fletcher;3051;vic;19721108;8416016
org;rec-540-org;540;mitchell;shepherd;341;rich street;;balhannah;2077;nsw;19620819;8291804
org;rec-1272-org;1272;pearson;reid;19;hodgkinson street;marebone;woodcroft;4815;nsw;19101109;1582056
org;rec-4612-org;4612;samuel;manson;52;;vivigani;cloverdale;2117;vic;19460725;4207566
org;rec-1379-org;1379;amber;grubb;;eady street;corella;edithvale;2590;nsw;19850127;1191313
org;rec-3529-org;3529;joel;cerins;24;majura lane;bungarra;matraville;4164;wa;19860411;3772618
org;rec-2877-org;2877;tori;mcgarrigan;11;hallen close;rosedale;bangor;6004;wa;19841007;5119714
org;rec-252-org;252;cooper;walkley;181;willcock place;kialba;seven mile beach;2529;nsw;19990209;7199530
org;rec-2120-org;2120;kylie;stanley;10;bugden avenue;wrem house;nunawading;2653;sa;19481020;6634230
org;rec-2916-org;2916;owen;haeusler;9;martley circuit;the willows;mount riverview;5083;qld;19361018;2837091
org;rec-2343-org;2343;reegan;noble;4;kauper street;poplars;carlingford;7173;vic;19501211;7625184
org;rec-3313-org;3313;thomas;ryan;24;weavell place;coolalie;emerald;4280;vic;19970129;8879018
org;rec-48-org;48;georgia;shih;14;furey street;hopeview;toowoomba;6008;nsw;19870324;1794716
org;rec-4613-org;4613;robin;swiggs;29;mcclelland avenue;mayflower retrmnt vlge;preston;3170;qld;19051107;9180357
org;rec-3086-org;3086;blakeston;lock;59;bonnor close;redlands;mentone;7140;wa;19010422;6335558
org;rec-2425-org;2425;jasmin;kammermann;12;edman close;targonga;barcaldine;6028;nsw;19000812;3954979
org;rec-3752-org;3752;logan;green;19;langdon avenue;villa 2;malvern east;3183;sa;19060101;8619374
org;rec-1872-org;1872;naomi;reid;6;jamieson crescent;locn 2192;unanderra;2031;qld;19980521;6918953
org;rec-2696-org;2696;campbell;nguyen;6;diselma place;villa 2;collinswood;4343;nsw;19630325;2861961
org;rec-2998-org;2998;chevonne;purser;32;mayo street;tumbeeluwa;sussex inlet;6210;qld;19461220;5908335
org;rec-2566-org;2566;kelsye;bullock;19;torrens place;the meadows;williamstown;5251;tas;19581001;3037931
org;rec-4653-org;4653;james;taslidza;47;galloway street;lazy acres;limeburners creek;2650;vic;19700312;9827257
org;rec-4049-org;4049;shane;landau;5;miller street;fenner hall;richlands;2640;vic;19430101;4023866
org;rec-1475-org;1475;joshua;yeoman;7;drysdale circuit;;camp hill;6150;nsw;19791212;3599370
org;rec-1129-org;1129;andrew;rankine;84;boddington crescent;beau-lieu;connolly;3644;qld;19311116;2128049
org;rec-1849-org;1849;jordyn;grafton;6;springvale drive;fernbank;sunshine;3186;vic;19350919;3481992
org;rec-1884-org;1884;hannah;egan;9;elvire place;the iron farm;parkside;3042;nsw;19380131;6564365
org;rec-109-org;109;daniel;fysh;27;appel crescent;wildes mdw;hermit park;2333;nsw;19620207;8595168
org;rec-2990-org;2990;harrison;burford;30;de salis street;gwandalan;molong;4105;vic;19511229;5011476
org;rec-4166-org;4166;ruby;mason;18;hurley street;;samford valley;3805;qld;19420728;1047066
org;rec-1270-org;1270;elle;matthews;54;maddock place;glenburnie lodge;park orchards;6058;vic;19960904;9253952
org;rec-3030-org;3030;hannah;maynard;3;fizelle place;oaklands village;toowoomba;2340;sa;19971104;3318159
org;rec-2677-org;2677;alicia;riddei;11;elvire place;swanleigh;allawah;2440;qld;19620629;2718027
org;rec-3057-org;3057;sophie;paine;1;yambina crescent;sefton park;ruse;6210;nsw;19440101;3325291
org;rec-2888-org;2888;michael;headon;6;buvelot street;erins rest;para hills;4670;nsw;19400211;3673837
org;rec-319-org;319;juliana;campbell;18;nicholls place;illuka park;ridleyton;6720;nsw;19540308;2165254
org;rec-3558-org;3558;;papageorgiou;22;wisdom place;lazee m;smithfield plains;2350;nsw;19070623;4609745
org;rec-1526-org;1526;dominic;elwan;91;tinderry circuit;larnach;coutts crossing;3350;vic;19890815;6995897
org;rec-2223-org;2223;zane;dixon;27;southern cross drive;nanto;dickson;3842;sa;19870503;7439457
org;rec-4208-org;4208;maya;bibby;40;monaro crescent;learning earth farm;deer park;3148;qld;19720418;1185491
org;rec-3840-org;3840;finn;baradakis;13;launceston street;ferndale;coolbellup;2323;qld;19281212;1281405
org;rec-3867-org;3867;ethan;miell;;barwell place;oreel;ashfield;3941;sa;19830725;2215887
org;rec-3146-org;3146;georgia;lionis;137;fitchett street;summer hill;hillville;5520;vic;19060910;7770207
org;rec-3968-org;3968;charlie;furfari;132;wellington street;balfron station;harbord;3166;nsw;19410505;2381712
org;rec-1308-org;1308;mitchell;crossman;75;wakefield garden;fairburn park;charlestown;3995;vic;19751101;4081790
org;rec-1286-org;1286;jasmine;ryan;10;piddington street;;sunshine beach;2108;nsw;19621124;4721073
org;rec-3194-org;3194;jarred;rider;500;robinson street;goldview;evans head;3123;nsw;19401202;2875179
org;rec-439-org;439;mia;kamp;55;jardine street;gonzaga;pooraka;2161;sa;19400617;1084495
org;rec-3595-org;3595;tiarna;chestnut;7;lee-steere crescent;river mews;burpengary;3461;nsw;19850302;6789617
org;rec-2169-org;2169;aikaterina;hewetson;13;jabanungga avenue;moorabee;bowen mountain;2148;vic;19500330;7093866
org;rec-1535-org;1535;madeline;grubb;23;stonehaven crescent;plain view;macmasters beach;3149;vic;19250427;6770252
org;rec-2057-org;2057;jye;dibben;6;cossington smith crescent;clarkbrae;kincumber;4005;sa;19291003;3787671
org;rec-3552-org;3552;bella;clarke;90;schonell circuit;greenhills;magill;3981;vic;19620712;7533159
org;rec-820-org;820;abbie;finlay;5;;unt 1;mount warren park;4350;nsw;19730526;4857374
org;rec-1970-org;1970;jack;robson;33;girdlestone circuit;granny flt;ringwood;2217;nsw;19770311;6427137
org;rec-3388-org;3388;silas;mccarthy;10;mcintosh street;kiloran;port fairy;6110;nsw;19330313;6901115
org;rec-4506-org;4506;samantha;ryan;12;forsythe street;murrawarra;winthrop;2107;nsw;19100210;2049144
org;rec-1723-org;1723;connor;karvelas;;ballow crescent;gold ridge;irymple;5357;vic;19311120;9256286
org;rec-3713-org;3713;chelsea;clarke;34;marrawah street;koonawarra merino stud;springwood;3912;vic;19560528;1305791
org;rec-911-org;911;jack;lowe;12;lambert street;belongame;lavington;6415;vic;19091212;6247312
org;rec-4760-org;4760;molly;clarke;398;cameron street;stonyridge;windsor;5086;nsw;19210202;2679994
org;rec-2457-org;2457;caitlin;white;10;yabsley place;bellona;kariong;2280;nsw;19020814;1317399
org;rec-4973-org;4973;jesse;sarnyai;67;sandover circuit;morris towers;ballarat;2071;qld;19350511;7047460
org;rec-2240-org;2240;savannah;hyland;17;pennefather street;camusfearna;cronulla;3672;nsw;19050620;9386164
org;rec-1392-org;1392;joshua;clarke;1;savery street;bexley;carnegie;3028;sa;19011101;7741570
org;rec-1143-org;1143;james;rankine;7;beattie crescent;;north hobart;2072;sa;19030624;1444078
org;rec-1266-org;1266;emiily;walkley;4;barangaroo street;meadowvale village;padstow;7030;wa;19190615;2871929
org;rec-15-org;15;kyle;brain;8;stillwell place;gillin park;bellambi;2320;;19630812;8358959
org;rec-1214-org;1214;mitchell;matthews;21;kulgera street;the willows;north beach;4109;vic;19590701;8051712
org;rec-4368-org;4368;jacob;white;43;blackman crescent;torrington;gosford east;6164;nsw;19320606;9898855
org;rec-1472-org;1472;jock;wilde;8;laidley place;halfmoon station;burnett heads;4702;nsw;19001220;4981468
org;rec-3603-org;3603;isabella;tinsley;181;chewings street;sherwood;maiden gully;5039;vic;19620924;7350425
org;rec-4467-org;4467;oliver;rundle;82;priddle street;myross;dural;2061;nsw;;2156141
org;rec-1380-org;1380;kyle;irons;;fernyhough crescent;openshaw;bundaberg;2611;qld;19060519;9565296
org;rec-4829-org;4829;flynn;smallacombe;62;bimberi crescent;marlin cove;taylors beach;2171;qld;19330907;3577473
org;rec-1205-org;1205;holly;white;28;martens crescent;oliwen;aspley;3977;vic;19281113;6507633
org;rec-2414-org;2414;noah;cronshaw;55;tristania street;;rowville;4610;nsw;19690202;9453034
org;rec-1356-org;1356;rory;jehle;125;companion crescent;brinjarry;cromer;2340;nsw;19730227;1533301
org;rec-1337-org;1337;ella;sztolc;29;berrigan crescent;;rivett;3094;qld;19481217;6141781
org;rec-2715-org;2715;lewis;green;256;hickenbotham street;tryphinia view;newlands arm;3055;nsw;19530919;8012486
org;rec-2662-org;2662;;fullerton;20;leichhardt street;gostwyck;chelsea heights;6107;nsw;19620113;4058902
org;rec-964-org;964;sean;singleton;41;clisby close;rockdan;toowoomba;4055;vic;19150122;7148269
org;rec-3412-org;3412;oliver;sherriff;7;augustus close;sheep station;st ives;5006;vic;19160706;6364957
org;rec-1274-org;1274;;mason;19;sheaffe street;;burwood;2570;nsw;19461025;4113226
org;rec-4401-org;4401;;weller;39;;heathfield qld;keilor east;4304;nsw;19640411;3408564
org;rec-4055-org;4055;cameron;dolejs;17;medley street;merrangbauer park;prospect;4812;nsw;19250828;8585817
org;rec-285-org;285;bridget;burford;14;gibb place;melaleuca;greenwood;3280;wa;19090212;4048860
org;rec-2827-org;2827;mya;hoffman;757;cantor crescent;largo;kallista;5033;wa;19440312;2516740
org;rec-1699-org;1699;kate;brock;12;kareelah vista;pine hill;yaroomba;4740;vic;19130707;2213154
org;rec-3563-org;3563;lachlan;clayden;4;atkinson street;parklands village;buninyong;2765;qld;19330705;7427334
org;rec-1200-org;1200;sara;bibrowicz;46;kingscote crescent;rowethorpe;smiths beach;2026;nsw;19120602;4090488
org;rec-1321-org;1321;tyler;painter;74;michael holt crescent;three rivers tourist park;kangaroo flat;4858;nsw;19291017;6615450
org;rec-2163-org;2163;ella;riddell;7;springvale drive;retirement village;melville;5012;nsw;19640405;5082521
org;rec-1155-org;1155;jessica;mayer;25;dugan street;willandra;mittagong;6056;sa;19340201;3346974
org;rec-1211-org;1211;madison;dent;14;mault place;rockwood;gordonvale;0886;wa;19440208;1552323
org;rec-3868-org;3868;jassim;rybak;16;newman morris circuit;brookfield;ormond;2281;vic;19840706;8822389
org;rec-2594-org;2594;ellie;green;3;walker crescent;nanum;mirboo north;6056;sa;19080611;5986644
org;rec-4483-org;4483;amy;berry;241;barlee place;barraclear;christie downs;6056;vic;19651223;9112808
org;rec-4751-org;4751;hannah;quilliam;1;osburn drive;black snake creek;geurie;3121;nsw;19220309;8176103
org;rec-1601-org;1601;isabella;reid;42;sherbrooke street;armidale private hospital;tallong;2088;vic;19101002;2434717
org;rec-4991-org;4991;mikaela;horkings;144;box hill avenue;berkeley vlge;paddington;4061;vic;19291011;1360308
org;rec-4425-org;4425;tiana;bastiaans;34;decima circuit;karinya lodge;hallsville;4702;wa;19150613;1914490
org;rec-2486-org;2486;mitchell;ramush;1;hann street;keira;sunshine beach;3943;sa;19480321;7925486
org;rec-4295-org;4295;james;grillett;268;sheaffe street;bella dona;caulfield north;2117;nsw;19890331;9598556
org;rec-4088-org;4088;phoebe;hage;77;marchant circuit;brackengrae;mount gravatt;2119;sa;19710401;8504441
org;rec-1023-org;1023;harry;mason;42;jabanungga avenue;crown reserve;ryde;4490;wa;19650607;9577264
org;rec-2330-org;2330;sebastian;mcneill;3;dryandra street;ferndale;west lakes;2265;vic;;2765960
org;rec-2016-org;2016;leon;mason;545;hawkesbury crescent;doubtful ck;ballina;3137;qld;19541005;1583941
org;rec-3905-org;3905;jessica;mccarthy;42;moynihan street;railway cottage;st lucia;4806;qld;19770301;6423000
org;rec-3254-org;3254;xanthe;hipkiss;33;luke street;;port lincoln;2122;nsw;19890508;5654602
org;rec-3117-org;3117;georgia;tunstall;30;beadle place;holmleigh;caulfield north;3046;sa;19330720;4656516
org;rec-3967-org;3967;ash;nguyen;45;mcmillan crescent;warraview;mount gravatt;4165;nsw;19230118;2770136
org;rec-2913-org;2913;bertie;faraday;30;sid barnes crescent;c/-bundoora park;lismore;0832;qld;19840818;4606633
org;rec-3396-org;3396;cain;synnet;17;langdon avenue;millard centre;leichhardt;2652;nsw;19881209;9321868
org;rec-2489-org;2489;thomas;green;10;dumas street;bonnie doon;innaloo;5108;nsw;19340204;6817957
org;rec-995-org;995;isabella;westbrook;20;yanda street;carlow;seven hills;2048;tas;19730807;1274198
org;rec-4496-org;4496;hari;warnock;8;jansz crescent;brentwood vlge;broadmeadows;2486;qld;19350219;7539077
org;rec-4644-org;4644;andrew;white;12;hyndes crescent;sawtell vet hosptl & clnc;blair athol;6070;wa;19620801;6464292
org;rec-4752-org;4752;phoebe;millar;31;rayment place;concept;morwell;4064;qld;19230111;6425281
org;rec-4603-org;4603;lilly;sorn;4;herschell circuit;wongon;box hill south;2913;sa;19441009;9287185
org;rec-3491-org;3491;chelsea;malcolmson;12;chalker circuit;woodleigh;moonah west;6233;vic;19281114;4413674
org;rec-1378-org;1378;liam;cowle;132;burbidge crescent;valicare;pomborneit;3824;nsw;19801112;5015237
org;rec-1192-org;1192;nicholas;fanraatree;9;biddell place;st francis vlge;hoppers crossing;2193;sa;19690803;4228917
org;rec-3969-org;3969;josephine;hohn;8;pandanus street;rosebridge;avoca beach;3173;vic;19440501;1426564
org;rec-3555-org;3555;thomas;hunting;880;shannon circuit;aboriginal nhulunbuy hostel;port macquarie;2904;vic;19270513;7068400
org;rec-3201-org;3201;annika;campbell;71;totterdell street;the mews royal hotel bldg;laverton south;4359;vic;19290222;3988407
org;rec-4622-org;4622;lachlan;mccarthy;9;william hudson crescent;sheep station;greensborough;2190;qld;19960516;1946829
org;rec-4666-org;4666;john-paul;parr;22;david street;greater cess vill;croydon north;4737;wa;19800811;8703902
org;rec-254-org;254;ebony;webb;21;knox street;crestwood;highgate;2196;nsw;19001231;5875656
org;rec-1656-org;1656;pino;matthews;65;blamey crescent;wilderness;hexham;5253;vic;19010717;6537217
org;rec-947-org;947;christina;coleman;8;woronora street;suffolk downs;carnegie;4151;qld;19880122;6395380
org;rec-1453-org;1453;zachary;rees;69;ainslie avenue;rainbow end;maryborough;6510;vic;19760322;6740355
org;rec-1059-org;1059;judah;clarke;27;duncan street;table mountain;aspley;4670;nsw;19190222;7875071
org;rec-4232-org;4232;zali;shadbolt;56;tillyard drive;;brown hill;4800;wa;19440205;7276255
org;rec-1578-org;1578;maddison;goldsworthy;3;cavill close;killanoola;manly vale;2258;qld;19820307;6557335
org;rec-3-org;3;reeve;stanley;4;alawa street;rowethorpe d1;mourilyan;2474;sa;19190811;5961670
org;rec-2333-org;2333;sara;hage;89;collits place;the lodge;mount eliza;4217;vic;19871026;2919243
org;rec-3943-org;3943;riley;quilliam;12;hayden close;;north ryde;2450;nsw;19021008;2734415
org;rec-1917-org;1917;jasper;flockhart;25;;briardale;modbury;4035;vic;19211017;2278318
org;rec-302-org;302;jack;ryan;109;lampard circuit;bega flats;lennox head;6066;nsw;19690724;4124424
org;rec-3209-org;3209;catherine;david;109;ijong street;nedlyn;mallacoota;2316;qld;19620212;1973270
org;rec-501-org;501;brody;kiss;88;knox street;kingway tourist park;caves beach;2284;sa;19560723;6452285
org;rec-3268-org;3268;makenzi;lowe;10;pandanus street;the homestead;springfield;2745;vic;19370123;3748468
org;rec-1611-org;1611;connor;foall;17;lamb place;;kilsyth;3174;qld;19140927;4900414
org;rec-4978-org;4978;charlotte;ryan;28;monaro crescent;shiloah;fig tree pocket;2538;vic;19590825;3609154
org;rec-1132-org;1132;brianna;dixon;70;sidaway street;fm 226;linton;5097;qld;19780707;3396896
org;rec-4494-org;4494;thomas;montalvo;209;trainer court;medical centre;wanniassa;2905;sa;19020302;9993328
org;rec-1203-org;1203;amy;flannery;15;jansz crescent;timberscombe;lakemba;5556;qld;19871219;1702911
org;rec-2186-org;2186;joshua;londrigan;15;mayo street;pacific haven;wendouree;2505;sa;19450424;4184958
org;rec-4462-org;4462;danielle;crosswell;8;ranken place;yambira;;3018;vic;19430711;5534097
org;rec-1942-org;1942;jessica;mccarthy;131;eagle circuit;sherwood;findon;0812;sa;19341117;5667929
org;rec-1650-org;1650;mitchell;wilkins;3;rowe place;osborne house;hampstead gardens;4560;nsw;19291123;8024092
org;rec-2111-org;2111;matteus;wilde;13;cumberlege crescent;treetops;bourke;4740;qld;19260702;7889277
org;rec-4639-org;4639;jamilla;mcdaid;29;barrett street;kingston tower;lalor;3166;qld;19301116;2784587
org;rec-432-org;432;alexander;stephenson;319;kinsella street;windy gully;lalor;5043;vic;19940316;1986381
org;rec-3869-org;3869;meg;herbert;162;callister crescent;villa 2;burrum heads;3078;sa;19101126;6887725
org;rec-3835-org;3835;jade;bartel;10;london circuit;kurrajong vlge;buronga;2338;vic;19430103;4602097
org;rec-4791-org;4791;sophie;rivers;7;dines place;john flynn medical centre;prospect;2094;tas;19010909;4278751
org;rec-833-org;833;brianna;lock;202;basedow street;emily farm;blair athol;2580;;19460618;7959981
org;rec-646-org;646;holly;paterson;1;biffin street;collier park vlge;kogarah;2360;qld;19620830;7769159
org;rec-2961-org;2961;riley;okoniewski;91;howitt street;rp 24089;rylstone;6174;vic;19101121;1234018
org;rec-3277-org;3277;yasmin;green;12;diggles street;st john of god hospital;rushworth;5280;nsw;19750129;3139028
org;rec-2643-org;2643;jayde;eneberg;44;donohoe place;professional centre;kahibah;6163;nsw;19750318;5568018
org;rec-3260-org;3260;trey;camozzato;1;weston street;bulala;waverley;2450;vic;19321224;6435812
org;rec-2959-org;2959;isabella;green;11;boothby place;sefton park;pooraka;2102;vic;19281105;6738971
org;rec-853-org;853;ty;green;411;hugh mckay crescent;;mullumbimby;3550;nsw;19520829;7797381
org;rec-2858-org;2858;amber;ryan;24;mcgill street;sapama park;boulder;2390;nsw;19321018;5050790
org;rec-2274-org;2274;luke;wilkins;22;ironbark crescent;;heckenberg;2390;nsw;19360325;2755084
org;rec-805-org;805;madison;hawes;123;vasey crescent;canberra hse;kellyville;3194;nsw;19360628;2097590
org;rec-693-org;693;rachel;donaldson;9;lee-steere crescent;lake kennedy street;sunshine;3170;nsw;19581218;2248813
org;rec-804-org;804;james;kostrzynski;3;chipperfield circuit;berkeley vlge;potts point;4285;vic;19200505;6498292
org;rec-4986-org;4986;hunter;nguyen;1;cutlack street;narada;bunbury;3138;nsw;19391206;5131671
org;rec-2993-org;2993;amy;tiggeman;3;dugdale street;kooyong;roselands;3840;vic;19740926;9867216
org;rec-2423-org;2423;channing;hick;132;tunney crescent;;albury;3060;nsw;19201122;2347507
org;rec-591-org;591;sarah;brgles;23;torrens street;trewalla;tarragindi;2747;vic;19521019;8447931
org;rec-3917-org;3917;angelina;lowry;20;browne place;craigston;peakhurst;3284;qld;19350921;5692471
org;rec-1771-org;1771;sam;matthews;15;parkin street;hawkins masonic vlge;camp hill;4305;vic;19131126;8110517
org;rec-2461-org;2461;angus;godfrey;1;lamington street;ulc 4;pannawonica;5607;vic;19050930;8426472
org;rec-2114-org;2114;chloe;lowe;344;phillip avenue;lewin lodge;deagon;4306;wa;19840502;6220613
org;rec-609-org;609;aiden;krishnan;34;zadow place;the meadows;;3355;qld;19670810;2542394
org;rec-1126-org;1126;lydia;mcglinn;42;federal highway;bessboro;noble park;4626;nsw;19840629;1700034
org;rec-310-org;310;amber;white;40;bateman street;lakewood estate;dungog;3207;qld;19671129;7353997
org;rec-336-org;336;tess;pembroke;95;lawes place;sheep station;brookvale;4605;vic;19890611;6248469
org;rec-4700-org;4700;jared;allsopp;35;theodore street;peroomba;hazelbrook;4121;nsw;19511220;5416662
org;rec-2439-org;2439;isabelle;beattie;19;southern close;gulmarrad street;stanley;2615;vic;19460303;1698866
org;rec-3820-org;3820;anita;kalma;10;eugenia street;tantallon;karalee;5076;qld;19780922;1975087
org;rec-2230-org;2230;lucas;spargo;34;stephen street;bidgee park;beaumont;3550;vic;19930424;5396235
org;rec-2132-org;2132;mhary;gaitanis;1;howitt street;thirty creek;mathoura;2830;nsw;19891212;2923514
org;rec-922-org;922;samantha;stanley;16;jay place;knackery rhs;kingston;6330;vic;19951027;2725144
org;rec-4563-org;4563;zachary;white;20;shain place;;glenwood;3840;vic;19111109;7091861
org;rec-628-org;628;amaya;skirca;3;heagney crescent;willow lodge;ross;3980;wa;19980122;3780122
org;rec-4318-org;4318;timothy;matthews;2;blandon place;harrowvale;mill park;3184;nsw;19560930;6083907
org;rec-4667-org;4667;ella;clarke;53;stumm place;booroondoo north;westmeadows;5115;vic;19500203;9535984
org;rec-247-org;247;brett;falcione;106;burdekin avenue;berragoon;pennant hills;4114;nsw;19890803;3152019
org;rec-3400-org;3400;maddison;newport;139;bingle street;burrendong est;bowen hills;4818;nsw;19590707;5640367
org;rec-322-org;322;ayla;mccarthy;268;weavers crescent;yenda units;lake munmorah;3094;qld;19541018;1627605
org;rec-3093-org;3093;oliver;white;18;kinchela crescent;murray river queen;emu bay;2219;nsw;19340722;1420638
org;rec-3768-org;3768;tara;radulescu;83;carslaw street;croydon;inglewood;2118;nsw;19960701;7082968
org;rec-1145-org;1145;luke;harrington;80;jaeger circuit;montrose;hughes;4215;nsw;19340611;4560409
org;rec-1641-org;1641;catherine;dolzan;8;burrinjuck crescent;bakers creek;west kempsey;2615;nsw;19441222;8238507
org;rec-2202-org;2202;finlay;gillard;22;ryrie street;lithgowvale;corryong;5152;nsw;19410128;6232488
org;rec-2493-org;2493;bailey;thrussell;42;way street;tambo;potts point;2197;sa;19020530;1525644
org;rec-1005-org;1005;micah;green;26;blakely row;kelanna;harbord;4502;wa;19911228;2687580
org;rec-4277-org;4277;mitchell;flannery;2;wilkins street;paradise springs;toowoomba;5088;vic;19581016;8712141
org;rec-1568-org;1568;connor;vincent;391;woolner circuit;locn 8200;geraldton;2560;qld;19811218;9810666
org;rec-1304-org;1304;sarah;paterson;57;gingana street;st francis village;williamstown;2784;wa;19011215;6278915
org;rec-2655-org;2655;kelsey;ovens;63;biraban place;eventide homes;st albans;2470;act;19891030;4850685
org;rec-4503-org;4503;jake;campbell;67;larcombe crescent;oaklands village;greensborough;4570;wa;19240304;4245106
org;rec-3387-org;3387;eliza;slape;5;bellchambers crescent;bonny doon;dover heights;6230;nsw;19840924;7441870
org;rec-4251-org;4251;cameron;shepherd;91;mckinlay street;pindara medical centre;bonnyrigg;2075;nsw;19690127;6756281
org;rec-3141-org;3141;blaize;matthews;119;mirning crescent;laurel bank;ardrossan;2550;nsw;19441202;5876491
org;rec-1532-org;1532;jesse;nguyen;;waddell place;ardmona;wagaman;2810;qld;19470716;9161884
org;rec-3037-org;3037;jacob;gillard;25;batchelor street;villa 2;rossmore;3910;vic;19970424;9592273
org;rec-1825-org;1825;darcy;paterson;290;brand street;the tops;belmont north;2106;act;19050520;5963506
org;rec-4192-org;4192;jack;couzens;33;macgregor street;;hastings;4506;vic;19481027;8436523
org;rec-4502-org;4502;scott;rudd;3;saunders street;sec 1;toowoomba;2617;nsw;19600806;4857758
org;rec-2352-org;2352;carlin;crouch;462;mclachlan crescent;lakeview court;alice springs;3174;qld;19651223;4263375
org;rec-1941-org;1941;jack;campbell;282;osburn drive;white patch;carrara;6030;vic;19881003;2172403
org;rec-351-org;351;tara;maczkowiack;24;kleinig street;brentwood village;kennington;3058;nsw;19490204;3912484
org;rec-1730-org;1730;kyle;straczek;1;hardwick crescent;the willows;blacktown;2100;vic;19160506;4665343
org;rec-4592-org;4592;elizabeth;noble;167;rosebery street;glenmore;eatons hill;2485;vic;19820730;7294023
org;rec-919-org;919;liam;kayvas;61;biffin street;;blacktown;2221;nsw;19970528;6098354
org;rec-787-org;787;connor;neumann;302;debenham street;sandalford homestead;the entrance;2774;vic;19790629;1382097
org;rec-381-org;381;brooke;obersteller;13;hovea street;plainbrook;preston;3095;nsw;19361218;8188130
org;rec-3009-org;3009;ruby;clarke;368;jackie howe crescent;parklands village;bundaberg;2030;nsw;19250903;9905791
org;rec-973-org;973;mackenzie;reid;37;ebden street;unt 2;malabar;2233;vic;19550203;8091055
org;rec-137-org;137;thomas;paine;215;ina gregory circuit;stone oak farm;kilcoy;7330;wa;19881207;2550718
org;rec-4711-org;4711;hugh;bishop;42;denovan circuit;ironbark ridge;cherrybrook;4470;nsw;19790408;3465665
org;rec-3008-org;3008;georgia;green;18;madigan street;kareela;mentone;3137;qld;19341105;5788426
org;rec-2419-org;2419;bethany;van der klaauw;10;horne place;;granville;2350;vic;19880416;1515136
org;rec-3441-org;3441;luke;trenerry;6;shepherd street;scotch college;leongatha;5355;sa;19800424;1086821
org;rec-2133-org;2133;brooke;clarke;4;namadgi circuit;emerald garden;ascot vale;5031;vic;19430823;6719097
org;rec-411-org;411;thomas;egan;374;tipping place;timbara;peterborough;3585;tas;19430730;4456007
org;rec-484-org;484;nathan;white;113;chewings street;ballawinna stud;oak park;4118;nsw;19981116;2568695
org;rec-3904-org;3904;hannah;white;7;supply place;little gundy;oaklands park;2158;nsw;;5239710
org;rec-4005-org;4005;maddison;longo;5;namadgi circuit;;kiels mountain;2261;qld;19050429;8559890
org;rec-4862-org;4862;matthew;walls;1121;massie place;the stockyards;dalby;3352;nsw;19170118;6147905
org;rec-2136-org;2136;silas;painter;6;parkhill street;glendora;st peters;3338;vic;19280710;4164696
org;rec-4172-org;4172;robbie;harbord;3;wrixon street;darjeeling;myall;2299;sa;19760411;2936318
org;rec-616-org;616;ruby;allchin;20;mccarten place;glenhurst;ascot;2106;sa;19470412;1630282
org;rec-3181-org;3181;izaac;stubbs;158;serpentine street;grasmere park;magill;5290;nsw;19511101;8604811
org;rec-2761-org;2761;bethany;eyre;47;madigan street;;balhannah;3165;sa;19170606;5083160
org;rec-1870-org;1870;holly;feast;21;dorrit black crescent;the stockyards;burnie;6063;vic;;8284375
org;rec-393-org;393;alexander;;41;fink crescent;rubicon;orange;3041;nsw;19620324;7933489
org;rec-4459-org;4459;chloe;egan;132;wattle street;argyle village;mooroolbark;3831;nsw;19910930;5759422
org;rec-2028-org;2028;zachary;minter;2;miller street;;port adelaide;2300;nsw;19580309;7193282
org;rec-4803-org;4803;annabelle;romeyn;18;ferrier place;sec 247;bray park;6155;vic;19350129;2470380
org;rec-2680-org;2680;gillian;leon;10;armbruster street;walmount;elizabeth south;4021;nsw;19660416;2875631
org;rec-976-org;976;isabelle;campbell;1;jukes street;pine tree;port fairy;4811;qld;19820103;6554212
org;rec-1090-org;1090;alexandra;grainger;31;wambool street;vinda lodge;winthrop;3629;vic;19251017;9094252
org;rec-4053-org;4053;sebastian;doody;10;mcintyre street;;molong;2061;qld;19881126;4712894
org;rec-1995-org;1995;chloe;lazaraki;24;woollum street;;pymble;2321;nsw;19901223;8831246
org;rec-4753-org;4753;emiily;van rossen;36;giltinan place;narla vlge;surrey hills;3746;vic;19010822;3981817
org;rec-2376-org;2376;erin;wehr;51;tange place;whispering pines;east fremantle;4717;wa;19190330;8202628
org;rec-2049-org;2049;emma;webb;11;baracchi crescent;thornbrook;eight mile plains;3016;qld;19910314;5201994
org;rec-4265-org;4265;jasmine;hope;32;jaques place;specialist centre;geraldton;2611;vic;19380418;2006619
org;rec-4297-org;4297;alana;weluk;;cade place;locn 5940;crestmead;7006;nsw;19150308;5179887
org;rec-4756-org;4756;olivia;david;67;;thorndale;chelsea heights;4217;wa;19910923;3201406
org;rec-4561-org;4561;april;mccracken;1217;henning place;john flynn hospital;dandenong north;5356;nsw;19170824;9290031
org;rec-3246-org;3246;isabelle;mccarthy;3;nullagine street;pangani;scarborough;0846;sa;19660628;6386847
org;rec-858-org;858;lucy;hassall;84;kulgera street;orchid square;northbridge;2580;nsw;19150908;8007265
org;rec-1049-org;1049;amy;urenda;15;jerrabomberra avenue;narraburra lodge;riverwood;4610;vic;19040320;4689528
org;rec-4484-org;4484;alexandra;clarke;15;parnell road;rsdb 284;nedlands;4014;sa;19890608;7235143
org;rec-4725-org;4725;erin;buttrose;487;greeves street;aprt 22;clarkson;5172;vic;19810203;5640265
org;rec-360-org;360;jack;redmond;6;beaver place;john flynn medical centre;surry hills;4165;qld;19321116;4060196
org;rec-2204-org;2204;jordyn;white;103;amess place;tannamurra;toormina;4700;sa;19051210;6149930
org;rec-1001-org;1001;michael;sroczek;;chaseling street;marella;wellington point;2262;wa;19110110;8407592
org;rec-4025-org;4025;chase;gilbertson;5;tipiloura street;cornvale;gununa;3083;nsw;19760713;9832872
org;rec-4347-org;4347;alice;roman;10;throsby crescent;navillus;bourke;6233;nsw;19991123;3858979
org;rec-2175-org;2175;brianna;wardle;1;mcdougall street;eastern end;beechboro;3165;nsw;19440826;2063140
org;rec-3071-org;3071;charlie;walpole;43;lampard circuit;the meadows;alberton;2750;sa;19491212;5982948
org;rec-1591-org;1591;jasmine;clarke;489;;cambooya;noble park;3413;vic;19741020;9562970
org;rec-2778-org;2778;wilson;morell;74;horrocks street;ulinga;toorak;2000;vic;19371114;2710625
org;rec-914-org;914;dylan;szmeja;6;ellerston avenue;rowethorpe;como;3824;vic;19610131;4996805
org;rec-4352-org;4352;julia;webb;86;english court;benachie;south grafton;4740;nsw;19700225;1675991
org;rec-4793-org;4793;joshua;blake;5;norman street;broombie stud;taringa;6009;vic;19740218;5842286
org;rec-3664-org;3664;sam;neophyton;16;albermarle place;sec 1;springwood;2500;qld;19670216;6643294
org;rec-3908-org;3908;emiily;bradshaw;19;parkhill street;foxdown;south grafton;4207;vic;19270912;2964855
org;rec-818-org;818;annalise;clarke;22;macgregor street;;brighton-le-sands;2540;sa;19620404;2345085
org;rec-1116-org;1116;jessica;millane;;windeyer street;mt martin;ridleyton;7275;;19120708;8511839
org;rec-3278-org;3278;matthew;berry;560;westbury circuit;rosetta village;north ward;5082;qld;19820813;7825135
org;rec-575-org;575;jorja;green;29;moon place;yakilli park;junee;7307;sa;19590106;3411925
org;rec-4870-org;4870;carlin;garcia;46;von guerard crescent;;clarendon;2140;nsw;19241024;1512461
org;rec-1081-org;1081;caitlin;white;174;collyburl crescent;;kurwongbah;2456;nsw;19431207;2627787
org;rec-867-org;867;emiily;green;8;kurria place;ocean beach caravan park;north rocks;5095;nsw;19810511;6240008
org;rec-4083-org;4083;isabelle;coady;32;cooloola street;valencia park;samford;4012;nsw;19250322;2977259
org;rec-1603-org;1603;caitlin;procter;364;mauldon street;finis river;blacktown;2261;qld;19261215;3136685
org;rec-398-org;398;judah;boyle;289;mcmillan crescent;sapama park;west kempsey;2225;wa;19000503;8429976
org;rec-1219-org;1219;kayla;ottens;5;mollison street;the mall springwood;rossmoyne;6285;act;19110325;1782013
org;rec-4081-org;4081;mackenzie;collinson;24;beaurepaire crescent;riverside park;maryborough;3444;nsw;19750803;1576308
org;rec-624-org;624;abby;spark;36;cordeaux street;mortlock house;mittagong;2217;vic;19930311;8511819
org;rec-1647-org;1647;nathan;sieber;21;spowers circuit;white patch;findon;2430;;19681127;8987260
org;rec-741-org;741;hannah;candida;48;santalum street;moorabee;;2030;vic;19210519;9787204
org;rec-208-org;208;harriet;molland;43;;sheep station;bridgeman downs;6053;nsw;19760523;9418691
org;rec-4342-org;4342;luke;grubb;10;berne crescent;yooringa;st huberts island;6530;nsw;19341211;6333533
org;rec-3431-org;3431;harry;rollins;22;antill street;valbella;mount isa;3142;wa;19240905;5927194
org;rec-2258-org;2258;thomas;brock;117;temperley street;northwood park;port macquarie;4670;sa;19520624;9531535
org;rec-522-org;522;finn;hoang;86;fremantle drive;rathdangan;boulder;2099;vic;19101022;2016540
org;rec-51-org;51;ella;blunden;37;freda gibson circuit;croyde;paddington;2770;sa;19401209;3593307
org;rec-1725-org;1725;lachlan;;27;mugga way;;leichhardt;2150;nsw;19700930;6838887
org;rec-2699-org;2699;angie;wimmer;36;baracchi crescent;mawarra herefords;marsden;2406;sa;19700928;3795146
org;rec-3986-org;3986;sophie;joaquim;35;warring place;lvel 2180;lindfield;3151;qld;19320118;4865826
org;rec-3690-org;3690;nathan;weaver;4;tenison-woods circuit;;glenmore park;2776;vic;19881101;4634662
org;rec-4160-org;4160;harry;waller;111;lochbuy street;willmont park;glendale;3170;wa;19680628;1311728
org;rec-2299-org;2299;lachlan;gaskin;61;haystack crescent;gemma;koroit;6233;vic;19590425;3676871
org;rec-915-org;915;emerson;soulemezis;15;marshall street;birks harbour;st albans;2135;vic;19450805;8760466
org;rec-42-org;42;sarah;pringle;49;pitcairn street;riverside park;meadow springs;3305;qld;;1621253
org;rec-1770-org;1770;jessica;boyes;27;molloy crescent;sec 1569;scarborough;4551;tas;19610514;7635289
org;rec-3879-org;3879;liam;dixon;;wallaroo road;shady creek;south wentworthville;6210;nsw;19750926;4225223
org;rec-3411-org;3411;serena;dorrell;22;ayers street;rosehill;normanhurst;5290;vic;19970507;8746575
org;rec-4264-org;4264;zac;dixon;101;dodwell street;unt 3;macgregor;4627;wa;19960221;8228346
org;rec-4312-org;4312;imogen;alderson;;merriman crescent;;kinross;2528;nsw;19041128;2621570
org;rec-2207-org;2207;lily;aspinall;72;farrer street;business centre;westbrook;6151;vic;19000214;7074916
org;rec-4599-org;4599;james;;12;mewton place;ellwood;st georges basin;3073;vic;19250703;5362406
org;rec-130-org;130;harry;mcgregor;8;vanzetti crescent;mansfield park;taree;2763;nsw;19670709;2611052
org;rec-2384-org;2384;;mcgirr;1170;graham street;hopefield;yangebup;3414;vic;19060702;7139205
org;rec-4427-org;4427;james;lupoi;46;mirrool street;walhalla;carlingford;2607;qld;19540202;7582894
org;rec-4521-org;4521;eliza;liddy;32;buik place;huntington;burwood;6006;act;19461223;9954230
org;rec-2208-org;2208;lauren;hainke;2;la perouse street;rhode island resort;old erowal bay;4505;qld;19040319;8687104
org;rec-655-org;655;keeley;heron;60;krichauff street;;bonnyrigg;3021;nsw;19191230;5319794
org;rec-1866-org;1866;nathan;campbell;14;la perouse street;st francis room;glengowrie;6148;qld;19060719;2639541
org;rec-1683-org;1683;andrew;renfrey;59;dickson shopping centre;margaret river carvn park;swan hill;4740;nsw;;9425075
org;rec-4294-org;4294;alexandra;melham;21;kingscote crescent;kerry street;elizabeth vale;2663;wa;19911210;5648275
org;rec-4891-org;4891;charlotte;donaldson;3;federal highway;allamby biala street;kilcunda;4703;nsw;19541208;5650823
org;rec-215-org;215;caleb;roberts-yates;40;millpost close;bandera;cobar;3500;qld;19670914;5399458
org;rec-1287-org;1287;alisha;rawlings;40;hyndes crescent;white sands tourist park (cnr beach);bayswater;2754;nsw;19150122;1114083
org;rec-136-org;136;emmerson;dolan;339;tewksbury circuit;weeroona;parkside;3216;nsw;19180630;3018384
org;rec-2588-org;2588;thomas;tsonis;33;de little circuit;arndilly;rye;5024;sa;19130119;9807073
org;rec-2236-org;2236;alexandra;finlay;3;erldunda circuit;neaavie;cooroy;2147;nsw;19600723;3910557
org;rec-779-org;779;rohan;ruskin;8;wenholz street;fenner hall;rowville;5067;vic;19020302;9606352
org;rec-2062-org;2062;zali;white;6;mildura street;r s l retrmnt vlge;elizabeth vale;3034;nsw;19420704;2318181
org;rec-3039-org;3039;bodhi;procter;5;box hill avenue;st francis village;broome;2760;vic;;8515756
org;rec-2628-org;2628;nathan;paterson;47;allambee street;tamaview;barwon heads;2317;vic;19811021;9877542
org;rec-3864-org;3864;mya;ayres;56;thornton place;rockleigh cottage;nedlands;2642;vic;19220730;5645315
org;rec-789-org;789;pakita;alderson;17;canberra centre (next to medicare);tinaroo falls;brighton-le-sands;2486;sa;19710808;6651007
org;rec-1539-org;1539;joshua;green;;inlander crescent;;rupanyup north;5353;nsw;19390804;5849743
org;rec-4904-org;4904;giaan;blake;7;slessor crescent;ferndale;dapto;2171;qld;19930815;6835476
org;rec-1103-org;1103;;grierson;326;;sect 106;mcmahons point;6326;tas;19181212;4107638
org;rec-4778-org;4778;hannah;browne;4;fergusson crescent;villa 5;mount dandenong;2645;vic;19181016;1931940
org;rec-59-org;59;harley;paepke;24;callaghan street;hd allenby;jindalee;7250;nsw;19120621;6421301
org;rec-1987-org;1987;cameron;prideaux;50;oakes street;evenstar;condon;6164;nsw;19990615;3537256
org;rec-4096-org;4096;stella;plumb;11;leist street;emerald banks;burnie;3152;wa;19020227;6990160
org;rec-650-org;650;peter;kennealy;30;moorehead place;sun valley caravan park;ingleburn;3740;wa;19070108;5173077
org;rec-3931-org;3931;bailee;spark;158;givens street;kilacloran;maryborough;4220;tas;19980206;7934147
org;rec-4355-org;4355;michael;fullwood;8;dixon drive;tewantin plaza;wanneroo;2831;qld;19060113;9672570
org;rec-1281-org;1281;dylan;nguyen;33;macgregor street;nootina;geraldton;3028;nsw;19710131;7703063
org;rec-2363-org;2363;tara;wiseman;33;goldner circuit;underwood;monbulk;3816;qld;19581001;9605792
org;rec-1311-org;1311;;klemm;43;clem hill street;;st kilda;4205;qld;19751020;5119969
org;rec-248-org;248;tiarna;havriluk;47;macquarie street;carrington retrmnt vlge;paralowie;7030;wa;19150929;7263381
org;rec-3144-org;3144;isabella;flassman;28;mceachern crescent;st vincents hospital;rosebud;2122;qld;19651224;1271090
org;rec-1184-org;1184;connor;paine;10;adair street;kangarilla;warren;3194;sa;19140306;5213108
org;rec-4625-org;4625;joshua;seddon;1;murranji street;parkridge villa;slacks creek;2650;qld;19090214;3661114
org;rec-4794-org;4794;amy;shepherd;19;santalum street;the willows;lismore;5277;vic;19610121;2441128
org;rec-2701-org;2701;keelin;kalnins;2;ellerston avenue;goughs bay;berwick;2022;nsw;19621011;7541911
org;rec-3850-org;3850;montana;webb;28;joyce place;ormerod cottage;surfers paradise;2035;vic;19420710;8424221
org;rec-3131-org;3131;samuel;crofts;613;banjine street;kurrajong vlge;penguin;2230;qld;19410531;4467228
org;rec-2281-org;2281;elijah;asher;18;blakey close;;east hills;3194;nsw;19480723;9470193
org;rec-2443-org;2443;stephanie;mason;11;preddey way;combogolong;parmelia;2605;nsw;19340302;7871353
org;rec-1632-org;1632;jasmine;stancombe;41;roseby street;;dulwich hill;2086;wa;19980319;8947188
org;rec-844-org;844;charlotte;crossman;19;collings street;ahc house;botany;6564;nsw;19221220;3932172
org;rec-2002-org;2002;nicholas;rees;93;murrell place;harriman park;hemmant;5162;nsw;19350308;3061813
org;rec-4984-org;4984;thomas;campbell;12;fawkner street;the mews royal hotel bldg;ormond;4104;nsw;19631111;6974163
org;rec-4319-org;4319;hannah;bansemer;3;owen crescent;glynstan;lemnos;3065;nsw;19380604;8798025
org;rec-1905-org;1905;arren;matthews;;coombe street;ballyboy;wahroonga;3617;nsw;19860121;8047381
org;rec-1015-org;1015;brianna;zilm;11;;craigow;deer park;6112;tas;19471001;5100168
org;rec-4678-org;4678;jessie;donkin;68;mackennal street;ferndale;port macquarie;2573;nsw;19900906;3358033
org;rec-4588-org;4588;deakin;nguyen;142;pasco street;erins rest;marlo;4560;tas;19060928;1380475
org;rec-1751-org;1751;isabella;block;34;petterd street;westella;st albans;6149;nsw;19111028;2274401
org;rec-257-org;257;daniel;ryan;3;de little circuit;the lakes retirement village;brighton-le-sands;2400;;19920826;6267294
org;rec-1913-org;1913;liam;george;5;lindrum crescent;retirement village;hoppers crossing;3030;vic;19060325;3435395
org;rec-2505-org;2505;caleb;bristow;134;brunswick circuit;granny flat rear;mclaren flat;5019;tas;19720321;7570563
org;rec-3564-org;3564;chloe;clarke;91;hurtle avenue;avonwood;martinsville;4152;act;19760805;6520116
org;rec-3473-org;3473;cooper;geraghty;75;sidaway street;mundine 30 km;berwick;2084;vic;19480422;5034488
org;rec-4980-org;4980;isabella;ctercteko;61;sturt avenue;avocado acres;planland;7216;vic;19810626;8794181
org;rec-4837-org;4837;charlotte;humphreys;10;hayley street;danica;lennox head;4655;vic;19450417;3763315
org;rec-4201-org;4201;ruby;buccini;36;embling street;yarras est;springbrook;2290;qld;19951117;7734393
org;rec-4531-org;4531;alex;babic;7;burnett street;whattleglen;wilmot;4552;vic;19051202;5673881
org;rec-2220-org;2220;anthony;green;51;honyong crescent;kilwinning;fadden;2171;wa;19790424;9686264
org;rec-2851-org;2851;chelsie;hlawa;99;companion crescent;ashbank;torquay;2325;vic;19691018;9141369
org;rec-1932-org;1932;seanna;pendle;20;mcleod place;hawkins masonic vlge;kogarah;4600;nsw;19670602;8149220
org;rec-1851-org;1851;ava;ryan;59;gratton place;corella;noble park;4184;vic;19710805;9223546
org;rec-4586-org;4586;;webb;168;booroondara street;the willows;lakes entrance;3179;vic;19911219;6504363
org;rec-229-org;229;jack;mercorella;10;batman street;mannibadar;biggera waters;2290;nsw;19290508;2441074
org;rec-636-org;636;adam;vaszocz;63;wyles place;willows caravn park;gravesend;3135;vic;19881113;1015197
org;rec-3965-org;3965;noah;george;3;steinwedel street;glendale stud;gumdale;6020;vic;19270723;7682028
org;rec-63-org;63;max;george;52;bunbury street;doctors flat;coolum beach;2230;vic;19031106;1932739
org;rec-323-org;323;peta;tarsissi;;rivett street;glen alvie rsd;kendall;3128;nsw;19641102;1498722
org;rec-4117-org;4117;jaimee;beams;5;cobbadah street;grand central;chevron island;2620;nsw;19720601;9646957
org;rec-3104-org;3104;louise;campbell;42;melrose drive;fairholme;king river;2066;qld;19931202;3214176
org;rec-2239-org;2239;makenzi;weller;31;copland drive;gwandalan;erskine;4214;wa;19500810;1011936
org;rec-4300-org;4300;elana;manivone;980;crisp circuit;broughton brook;midland;2768;qld;19720103;9877933
org;rec-2540-org;2540;giorgia;struck;5;ambalindum street;lazy acres;thornlie;2144;wa;19250507;4468206
org;rec-1985-org;1985;;lund;109;caley crescent;allandale aged care facility;mill park;4053;nsw;19180902;7074690
org;rec-3515-org;3515;cooper;perth;52;blacket street;avalyn;young;2580;qld;19950107;5404942
org;rec-375-org;375;elise;miles;63;oliver street;rosetta village;byford;4670;nsw;19930514;1613758
org;rec-2656-org;2656;talia;petersen;15;callaway crescent;karoola;hoppers crossing;4515;sa;19000307;3839840
org;rec-3976-org;3976;tara;stanley;109;haswell place;dale view;surfers paradise;2196;nsw;19091118;7519489
org;rec-3014-org;3014;brandon;wintulich;260;bromley street;carowood;regents park;6023;vic;19810304;9945357
org;rec-3561-org;3561;erin;clarke;11;patten street;paddy's river;moruya;2066;nsw;19690410;6325590
org;rec-821-org;821;chloe;condo;36;yabsley place;munmurra park;mackay north;5082;nsw;19170115;7153959
org;rec-2051-org;2051;jayden;clarke;31;balanu place;;rainworth;6151;nsw;19870321;6103878
org;rec-3921-org;3921;jessica;mason;27;garsia street;warhaven home;lower templestowe;2160;wa;19320216;1753787
org;rec-1901-org;1901;shelby;white;23;britten-jones drive;finis river;brighton;5159;vic;19090729;3656655
org;rec-1253-org;1253;cambell;clarke;99;jardine street;alexander's folly;lower templestowe;2114;wa;19250326;2467909
org;rec-588-org;588;sana;nguyen;242;gibbs place;fleetview;bayswater;2154;vic;19000624;2842614
org;rec-3153-org;3153;pearson;weidenhofer;17;carruthers street;villa 147 henry kendall bayside;annandale;3850;nsw;19650218;8701573
org;rec-465-org;465;hannah;gluck;63;noble close;;kolodong;4352;vic;19760710;9951963
org;rec-1812-org;1812;aurora;howie;1;pinkerton circuit;;miami;3030;vic;19561122;7478672
org;rec-1534-org;1534;noah;mason;15;morehead street;fingal park;duncraig;3350;nsw;19890129;5247400
org;rec-762-org;762;;rees;45;badimara street;easedale lodge;sanctuary point;2257;nsw;19720228;3996047
org;rec-219-org;219;hugh;dorsey;25;sid barnes crescent;rowethorpe;werrington;2144;qld;19000625;5695716
org;rec-1843-org;1843;ethan;hipkiss;7;lempriere crescent;spring creek;woolgoolga;3199;qld;19500912;3524910
org;rec-700-org;700;noah;menzies;18;bingley crescent;east lynn;abbotsford;0870;nsw;19391026;1502043
org;rec-3227-org;3227;niamh;kingsley;36;badimara street;warrowitue;eastwood;2220;vic;19060707;5893180
org;rec-1810-org;1810;fraser;miles;8;bungonia street;hartley st school;kardinya;3782;vic;19390405;8206248
org;rec-4428-org;4428;philip;hyland;77;lightfoot crescent;remo;ashwood;4102;vic;19071218;7390839
org;rec-4645-org;4645;xanthe;fullgrabe;7;learmonth drive;;toowoomba;3803;vic;19841012;7525802
org;rec-3345-org;3345;bailley;fair;27;lacey place;sunny-brae;auburn;3757;wa;19730509;9201783
org;rec-2147-org;2147;zack;spanton;108;sargeant place;waioma;raceview;4500;qld;19680828;1159113
org;rec-3517-org;3517;dante;priest;18;bamford street;robin's cottage;willetton;2617;nsw;19150225;9740161
org;rec-2040-org;2040;phoebe;dixon;;theodore street;swanleigh;gordonvale;2800;act;19180515;9639024
org;rec-2977-org;2977;fiona;crossman;487;brophy street;;maryborough;4700;qld;19340301;9968811
org;rec-2033-org;2033;michael;niklaus;170;wittenoom crescent;ainslie house;malvern;3161;qld;19321127;7254550
org;rec-2843-org;2843;lily;reid;77;streeton drive;kaweku park;parkside;3630;wa;19170624;7864863
org;rec-3481-org;3481;bethany;steers;3;temperley street;parkside flats;east maitland;4210;vic;19610825;5823896
org;rec-1229-org;1229;lauren;perre;22;castleton crescent;karinyah;orange;7250;qld;19820605;6993851
org;rec-4577-org;4577;ellie;coleman;8;gurney place;sec 479;dover gardens;6018;vic;19941205;1547145
org;rec-4743-org;4743;benjamin;menzies;3;bangalay crescent;gowrie;toowong;2903;nsw;19570601;5363153
org;rec-815-org;815;holly;campbell;21;casey crescent;nestor;westmead;4573;qld;19911007;4424335
org;rec-4788-org;4788;shanaye;averats;162;benjamin way;ashville;bamawm;3175;qld;19340625;8457909
org;rec-4111-org;4111;hannah;campbell;8;cowan street;plantation caravn park;casino;2113;qld;19531029;3909212
org;rec-2995-org;2995;koben;courtenay-ralph;30;illidge place;;st peters;3363;nsw;19921228;1887648
org;rec-3995-org;3995;thomas;brooker;464;clive steele avenue;glenburn;springwood;2046;vic;19100324;5168589
org;rec-2856-org;2856;chloe;setlhong;4;nunki place;yacklin;cronulla;6164;act;19950628;2829638
org;rec-99-org;99;blake;wehr;27;naas close;rowethorpe;stockton;2151;wa;19440131;7528586
org;rec-4443-org;4443;amber;nguyen;293;hartung crescent;grandview;auburn;2209;nsw;19780324;1624161
org;rec-1335-org;1335;indiana;jeffries;2;carrodus street;clarkwood;cremorne;2615;nsw;19790628;5993849
org;rec-2542-org;2542;harley;webb;6;brownless street;willow lodge;harbord;2905;qld;19760709;5012250
org;rec-3833-org;3833;nicholas;clarke;13;gaylard place;tryphinia view;wetherill park;2810;nsw;19041223;3927795
org;rec-3893-org;3893;ned;green;6;higgs place;rawdon;ourimbah;4880;sa;19840321;4691573
org;rec-4818-org;4818;alexandra;yiannoulis;159;archdall street;tall pines;rowville;3284;vic;19790913;7515259
org;rec-4609-org;4609;sophie;crisci;17;woolner circuit;sefton park;eastern heights;4165;wa;19480428;8614805
org;rec-1313-org;1313;layla;chammen;9;discovery street;st francis vlge;keilor east;5352;nsw;19550123;4055724
org;rec-2-org;2;olivia;trigwell;13;waldock street;wilpena;new lambton heights;3194;vic;19571126;9991752
org;rec-125-org;125;ruby;reid;12;judkins street;the willows;airds;4350;sa;19300620;8834327
org;rec-593-org;593;brendan;chabrel;39;medworth crescent;thistle dale lodge;buninyong;6208;qld;19290327;1315588
org;rec-3926-org;3926;stephanie;reid;4;bugden avenue;tudor;avalon;2290;nsw;19351106;1287472
org;rec-1625-org;1625;chloe;campbell;26;darcy close;boxgrove;kedron;7249;sa;19210221;3030490
org;rec-406-org;406;chelsea;;186;spofforth street;;clare;2750;vic;19560408;9709885
org;rec-4382-org;4382;cambell;coleman;54;norton street;skilbister;coniston;3803;act;19731016;2382912
org;rec-4572-org;4572;lachlan;reid;20;starke street;busbey's flat;caulfield;2611;vic;19600906;3614628
org;rec-2292-org;2292;ryan;wehr;51;marconi crescent;lasswade;robertson;2165;qld;19990627;6787650
org;rec-2166-org;2166;isabelle;geraghty;16;hawdon street;council accomm;theodore;4812;nsw;19861012;4201009
org;rec-1154-org;1154;gracie;crook;399;macalister crescent;grant patch;east preston;4108;nsw;19360323;1096576
org;rec-4732-org;4732;robert;tiller;14;parfitt crescent;mariner views;ringwood;2540;wa;19590714;1579290
org;rec-3338-org;3338;jason;tebbutt;92;stradbroke street;kildurham;winthrop;6213;act;19750627;1072661
org;rec-1292-org;1292;jacinta;lenzi;10;couvreur street;mt drysdale;mortlake;2068;qld;19640807;1067001
org;rec-1947-org;1947;aloysius;kammerman;1;alpen street;marriott downs;burwood;6153;vic;19360722;6279535
org;rec-4893-org;4893;harry;gaden;208;;musgrave house;surry hills;3216;vic;19770407;5999211
org;rec-311-org;311;noah;maier;2;cromwell circuit;pine view;ryde;4700;nsw;19020410;4418189
org;rec-2158-org;2158;jenna;neumann;22;percy crescent;;lennox head;5043;qld;19821024;7587719
org;rec-1558-org;1558;sebastian;collier;14;cutlack street;tara park;east fremantle;3191;vic;19571223;7739308
org;rec-1240-org;1240;kyle;kyriacou;6;brigalow street;kilacloran;surfers paradise;2528;vic;19560704;6294045
org;rec-1029-org;1029;charlotte;dixon;8;lavan place;afflexian;booragul;3196;sa;19920713;7020668
org;rec-4785-org;4785;imogen;miles;14;smalley circuit;tingara vlge;toorak;2259;sa;19070626;4846134
org;rec-3283-org;3283;gregory;bujtas;;badimara street;tourist park;killara;4285;nsw;19581002;6763771
org;rec-4789-org;4789;jacob;;24;petre street;lochadair;berkeley vale;2320;nsw;19971123;9161275
org;rec-1431-org;1431;judah;badger;10;darby street;taskers village;yangebup;6030;tas;19530826;3374540
org;rec-4731-org;4731;aleisha;mason;120;appel crescent;gillin park;tanilba bay;3936;nsw;19860522;3858465
org;rec-1098-org;1098;jacob;bradshaw;30;tipiloura street;lansdowne;burringbar;2262;nsw;19380406;1735204
org;rec-2066-org;2066;tahlia;wotton;11;darby street;greenacres caravan park;lindfield;2206;nsw;19250907;1825836
org;rec-3549-org;3549;harry;thorpe;11;kambalda crescent;louisa tor 4;angaston;2777;qld;19421128;2701790
org;rec-4714-org;4714;chloe;mclaine;9;appel crescent;milly milly;old toongabbie;3199;wa;;1418089
org;rec-2554-org;2554;madison;shepherd;18;ballumbir street;blue hills;corrimal;3168;wa;19170819;8120482
org;rec-315-org;315;erin;kunoth;131;wyselaskie circuit;grange house;wendouree;6107;vic;19340721;4791842
org;rec-3460-org;3460;blake;ryan;7;faithfull circuit;tryphinia view;ringwood;3781;wa;19900531;1192663
org;rec-243-org;243;riley;bennell;39;sabine close;browne's reef;toowoomba;4556;qld;19441206;1596501
org;rec-1761-org;1761;jai;hartkop;29;carr crescent;palestine;bangor;3013;sa;19150518;4003978
org;rec-366-org;366;callum;webb;110;callaghan street;emerald garden;lockleys;3166;vic;19000429;2494767
org;rec-2901-org;2901;harrison;laing;158;bunbury street;brightling park;wamberal;2086;wa;19620510;1807525
org;rec-633-org;633;brooke;lock;5;godfrey street;noosa village shopping centre;goonellabah;2446;qld;19201008;1614256
org;rec-3329-org;3329;vanessa;bishop;7;kanooka street;dallyn;cooran;2157;wa;19130914;3823695
org;rec-3092-org;3092;ashton;boyes;207;westgarth street;cherrymount;mount pleasant;2125;act;19440329;5428639
org;rec-1704-org;1704;bradley;pegg;1;gask place;swanleigh;toukley;5600;qld;19190625;8214409
org;rec-4133-org;4133;;ryan;480;britten-jones drive;yulgilbah;roxburgh park;7054;nsw;19610512;6344786
org;rec-1764-org;1764;katelyn;lodge;36;gregson place;congreave court;kingsford;3089;vic;19840309;6085755
org;rec-1361-org;1361;clement;white;4;knox street;bimby vale;campsie;6060;nsw;19960916;8856376
org;rec-1863-org;1863;chloe;lamacka;24;harriot road;;beulah park;7310;nsw;19350813;7704327
org;rec-1893-org;1893;sophie;creagh;39;maplestone place;berkeley vlge;mansfield;5108;vic;19221207;5082702
org;rec-1688-org;1688;benjamin;lette;34;condamine street;arcadia;silverdale;4670;nsw;19600502;7770680
org;rec-3666-org;3666;sean;gaskin;51;harris street;waterdale;newmarket;4226;wa;19030720;5111528
org;rec-2525-org;2525;erin;excell;15;waller crescent;bindaree;west swan;2539;qld;19460622;5466287
org;rec-1074-org;1074;benjamin;paterson;31;dodwell street;;devonport;2095;nsw;19120913;6303884
org;rec-511-org;511;olivia;grubb;25;boolee street;berkeley vlge;catalina;2283;nsw;19050616;8765826
org;rec-4416-org;4416;ben;nguyen;17;tipiloura street;centenary marketplace;bayview heights;2049;nt;19731201;1783041
org;rec-3717-org;3717;tyler;siviour;1;ina gregory circuit;oivi;blakeview;3630;qld;19030131;6849394
org;rec-2996-org;2996;keegan;stubbs;30;sellwood street;transvaal;westmeadows;4870;nsw;19650506;9736949
org;rec-4677-org;4677;tate;spagnoletti;29;blamey crescent;tullatoola;wangaratta;4520;qld;19200505;7390367
org;rec-1612-org;1612;annabelle;webb;48;squire place;lytton;beaumaris;4670;act;19320717;7334846
org;rec-3362-org;3362;adam;nguyen;13;stokes street;bishops creek;weerite;3216;vic;19461223;6333286
org;rec-174-org;174;xanthe;rasic;16;ivo whitton circuit;anice-ohn;mulgrave east;2330;vic;19520527;5541516
org;rec-4683-org;4683;stephanie;heidrich;7;zamia place;cooroora;hyde park;6101;qld;19841214;7559482
org;rec-3044-org;3044;nicholas;mycko;259;alma close;farm shed;centennial park;3000;qld;19450728;3274337
org;rec-4013-org;4013;jacob;haren;14;finlayson place;colloca vale;mooroolbark;7000;vic;19180426;5885583
org;rec-505-org;505;meg;sedunary;29;castles place;wollangambe;tweed heads;3129;vic;19450601;2413526
org;rec-871-org;871;benjamin;limbert;201;blackman crescent;karinyah;woodbine;2228;nsw;19020429;5534369
org;rec-3894-org;3894;george;snelling;18;;;paterson;6163;nsw;19800918;5346441
org;rec-1953-org;1953;coby;lukeman;26;hiles place;cherry haven;rosebery;3122;nsw;19040306;3163493
org;rec-4452-org;4452;meg;newel;23;steele street;kubin village;yenda;3202;nsw;19610112;2538798
org;rec-1789-org;1789;olivia;white;10;spafford crescent;clear creek;pakenham;4059;nsw;19480205;7285108
org;rec-1904-org;1904;amelia;cochrane;74;morrow street;riverside professional centre;slacks creek;2048;tas;19220112;5154778
org;rec-2910-org;2910;dakota;brokenshire;2;jackie howe crescent;emmaus vlge;pialligo;2024;wa;19861028;7729416
org;rec-4809-org;4809;marianne;reni;23;bath place;eventide home;casino;5118;sa;19920302;1168729
org;rec-997-org;997;madeline;whithear;5;eggleston crescent;tinaroo falls;bunbury;4069;vic;19090324;8752227
org;rec-1324-org;1324;ruby;matthiessen;35;strickland crescent;the willows;harbord;6007;nsw;19430527;7279879
org;rec-3877-org;3877;vendula;forgie-wendt;11;mccabe crescent;parry house;allingham;2484;nsw;19650317;1609478
org;rec-4470-org;4470;tori;reid;244;sellwood street;warwarick;parkinson;6169;vic;19280331;2530021
org;rec-4801-org;4801;adam;cordingley;50;chandler street;kenbar;duncraig;3915;vic;19000322;2892892
org;rec-1540-org;1540;isabelle;thorpe;20;rischbieth crescent;north star resort;ross creek;2444;nsw;19720731;6747384
org;rec-1070-org;1070;michaela;neumann;8;stanley street;miami;winston hills;4223;nsw;19151111;5304218
org;rec-765-org;765;harriet;tamassy;378;academy close;doribank;wunghnu;2680;wa;19350531;3455124
org;rec-681-org;681;mikhayla;dennes;8;eggleston crescent;greenways;bundaberg;5158;qld;19280616;8579616
org;rec-1547-org;1547;abbey;rawlings;46;john young crescent;glen rock;eastwood;3144;qld;19861016;8663646
org;rec-4324-org;4324;lauren;nguyen;253;myers place;canberra hse;coomba;5034;nsw;19110707;2534716
org;rec-1013-org;1013;gillian;pighin;123;hilder street;iron bark ridge;cooma;4508;nsw;19990501;6489570
org;rec-3871-org;3871;jessica;kranz;;brunton street;the mews royal hotel bldg;norwood;5159;sa;19880226;7412923
org;rec-1485-org;1485;joshua;lock;3;;station road;logan reserve;6163;vic;19490619;3058210
org;rec-2131-org;2131;kaitlyn;van schie;127;capella crescent;banksia village;oak park;5093;nsw;19000127;1321883
org;rec-3402-org;3402;anthony;browne;118;;riverside park;elwood;5023;nsw;19320227;7567935
org;rec-1104-org;1104;andrew;berry;70;galibal street;blue haven village;ascot;5606;sa;19540522;4799173
org;rec-1724-org;1724;caitlin;rider;73;morgan crescent;;oak flats;6330;vic;19580428;2527146
org;rec-3773-org;3773;jessica;mckerlie;8;john close;rosewood garden;yarrawonga;3840;nsw;19810709;3600417
org;rec-415-org;415;neneh;large;14;onkaparinga crescent;heritage manor est;woollahra;4352;sa;19950725;8160717
org;rec-688-org;688;sarah;crosswell;37;handasyde street;matlock;beaumont;2773;vic;19511018;6179719
org;rec-4617-org;4617;lucy;kranenborg;19;clara close;blue hills;bargara;6030;nsw;19740827;7896434
org;rec-4909-org;4909;harrison;reid;20;charterisville avenue;lissoy holdings;lowesdale;2282;qld;19301018;9267290
org;rec-3261-org;3261;rhett;matthews;16;cadell street;warhaven home;surfers paradise;3911;nsw;19870715;5123065
org;rec-2994-org;2994;edward;horstler;42;badimara street;carrington garden;clovelly;2086;qld;;3242408
org;rec-1813-org;1813;louise;butt;20;chirnside circuit;robina;mclaren vale;7004;vic;19250204;4646918
org;rec-4922-org;4922;ashleigh;rollins;22;mcrae place;mansfield park;dapto;4670;tas;19180307;4706557
org;rec-721-org;721;jack;blake;12;angophora street;rowethorpe;ascot;2390;vic;19001116;9895808
org;rec-4983-org;4983;hayley;tu;5;holland street;manresa;ventnor;5039;qld;19571024;3333835
org;rec-3348-org;3348;blake;miles;174;traeger street;cabrini medical centre;port noarlunga south;3130;nsw;19811230;6803144
org;rec-2123-org;2123;bryce;dixon;178;graves place;mt forrest;kelmscott;5088;vic;19301007;4462693
org;rec-4127-org;4127;dayna;gilfedder;104;burgan place;edwards chambers;hawthorn;3191;nsw;19520413;7277011
org;rec-2318-org;2318;aidan;fysh;165;must circuit;yarrum;forest hill;2132;vic;19330404;1070728
org;rec-4039-org;4039;talissa;macgowan;31;fairfax street;rosetta village;mitcham;5290;qld;19481101;7084722
org;rec-2651-org;2651;william;buhagiar;127;mataranka street;retirement village;mundingburra;5211;nsw;19350212;5998949
org;rec-4882-org;4882;charlotte;saltiel;25;discovery street;wanderers rest;long jetty;2135;sa;19291014;4955093
org;rec-225-org;225;isabella;sanby;18;veale street;wongowal;west swan;3066;nsw;19181010;7757358
org;rec-4383-org;4383;ryley;dods;24;helemon street;john curtin hostel;villawood;6061;nsw;19350808;9316786
org;rec-20-org;20;brody;lowe;100;waller crescent;keanor;armidale;4055;sa;19900409;8444970
org;rec-2631-org;2631;meagan;kelakios;14;boolimba crescent;chain gate;robina;2036;vic;19130619;6854344
org;rec-3119-org;3119;alice;wynne;39;st john crescent;civic centre;robina;3971;vic;19220112;1785202
org;rec-996-org;996;emiily;finlay;61;coranderrk street;john flynn medical centre;ulverstone;3043;vic;19070731;9964204
org;rec-2682-org;2682;taylor;bevis;20;spofforth street;;burwood;3175;nsw;19270430;6848520
org;rec-3177-org;3177;harvey;purser;184;osburn drive;villa 19;mulyandry;2680;;19000823;8501583
org;rec-1009-org;1009;;clarke;14;;rowethorpe;newcastle;2220;vic;19670314;9542197
org;rec-4833-org;4833;william;millar;6;meredith circuit;larnach;thornbury;6014;vic;19340731;1314310
org;rec-2503-org;2503;vendula;coleman;21;currong street;cherrymount;riverwood;2526;vic;19940114;6675466
org;rec-2475-org;2475;karla;wilkins;66;clifford crescent;talgarth;oatlands;2323;nt;19590520;3511629
org;rec-1883-org;1883;georgia;rau;12;wolff crescent;mt derriwong;greendale;3805;qld;19451104;7297422
org;rec-299-org;299;dylan;blacklow;7;stenhouse close;flr 5 john flynn medical centre;vermont;2538;nsw;19390222;8225337
org;rec-1439-org;1439;barnaby;moody;1;learmonth drive;sun city resort;emerald beach;2480;act;19150718;7082194
org;rec-36-org;36;liam;bottroff;5;jindivik place;homewood;meringandan;3222;vic;19640816;5214622
org;rec-224-org;224;liam;beckwith;6;murrung crescent;brindabella specialist centre;revesby;3155;sa;19730522;2475787
org;rec-4218-org;4218;melissa;monola;71;giles street;north nowra shopping centre;greenwood;0810;nsw;19730130;3690365
org;rec-169-org;169;nicola;leonardi;22;port arthur street;crown chambers;ryde;2299;nsw;19170219;3568632
org;rec-1036-org;1036;blake;crook;169;olympus way;glendower;clovelly;3429;nsw;19001215;9317676
org;rec-2731-org;2731;tegan;galbraith;130;pinkerton circuit;kellhaven;altona meadows;6020;wa;19850912;9290065
org;rec-3198-org;3198;kristen;white;5;sherlock street;morayfield exchange;wangaratta;5082;wa;19761201;8300732
org;rec-991-org;991;millie;clarke;16;darcy close;marjories corner;greenwith;3150;nsw;19160503;5080999
org;rec-4248-org;4248;joel;scheerlinck;11;boswell crescent;jarrah;bicton;2290;vic;19521024;9034415
org;rec-759-org;759;coby;mason;220;blandon place;karingah;kangaroo flat;2315;nsw;19641221;4800165
org;rec-4797-org;4797;matthew;lock;14;shoalhaven avenue;nootina;ringwood;2207;sa;19931125;3915530
org;rec-1878-org;1878;tyler;clarke;11;bogan place;;werrington;4500;qld;19720225;3711822
org;rec-3700-org;3700;steven;pokkias;407;may maxwell crescent;ardonachie;dalveen;5064;wa;19350305;2928326
org;rec-1483-org;1483;zachariah;steed;24;hamelin crescent;surfers hawaiian;preston beach;4214;nsw;19300502;9340008
org;rec-476-org;476;kyle;armiento;266;jaeger circuit;kookaburra village;springwood;7307;vic;19570728;3494623
org;rec-4311-org;4311;ty;bradshaw;12;greenhood place;conmurra;lauderdale;3146;qld;19630327;7145468
org;rec-3640-org;3640;tara;white;1;bugden avenue;belvoir;mona vale;2282;vic;19870412;9595240
org;rec-4814-org;4814;ben;conrick;19;marsden street;the meadows;page;3108;nsw;19760130;5241188
org;rec-869-org;869;zarlia;slape;63;cory place;ingevale;como;3356;wa;19821201;7582121
org;rec-3356-org;3356;erin;red;;cornish place;ferndale;renown park;2281;vic;19420519;7078005
org;rec-3109-org;3109;calvin;truman;63;newton street;locn 3439;warilla;3104;vic;19540807;8583204
org;rec-1758-org;1758;kylie;travar;37;morrison street;;westmeadows;3844;nsw;19070620;1372055
org;rec-292-org;292;oliver;clarke;84;macrobertson street;white lodge;toowoomba;4077;qld;19180825;5422013
org;rec-1382-org;1382;bridget;maynard;82;irvine street;barwon station;bassendean;4503;nsw;19250615;7440041
org;rec-2079-org;2079;kirra;;29;atherton street;kiya;londonderry;3756;nsw;19230214;9919791
org;rec-2197-org;2197;finlay;bedding;2;burnett street;abbey fields;orchard hills;4301;nsw;19640329;3074334
org;rec-3159-org;3159;lewis;mercovich;5;jensen street;zeevoo;cooroy;2251;wa;19071128;8628720
org;rec-4539-org;4539;isabella;longman;7;eucumbene drive;kooyong;lalor;5157;vic;19460810;4725516
org;rec-3599-org;3599;hannah;mason;23;smeaton circuit;dalkeith cottage;greensborough;2020;qld;19341211;7259553
org;rec-4048-org;4048;lewis;dorsey;50;schomburgk street;deltroit station;woy woy;2650;vic;;5250955
org;rec-192-org;192;madeline;huxley;7;murrell place;westbury;orange;3939;nsw;19850421;5740778
org;rec-1537-org;1537;max;jolly;23;buvelot street;raaf;mooloolaba;3156;wa;19070819;8870856
org;rec-2841-org;2841;madeleine;sideris;6;rose scott circuit;brunton;glendale;4670;nsw;19851113;4355459
org;rec-1549-org;1549;william;portors;11;donnelly road;medical centre;murray bridge;2125;nsw;19321223;1315964
org;rec-3235-org;3235;noah;van de kamp;39;feathertop street;argyl square;heckenberg;5072;vic;19180723;8217720
org;rec-4585-org;4585;hayley;mortlock;19;augustus close;ronobri;tallebudgera;2630;nsw;19110617;9154301
org;rec-1714-org;1714;latham;shepherd;50;namatjira drive;banksia village;whitebridge;6083;act;19050621;8015196
org;rec-4344-org;4344;marcus;roddick;46;fullerton crescent;stonehouse;cashmere;2753;vic;19381222;7785247
org;rec-4235-org;4235;lachlan;swoboda;14;sue geh circuit;shadoof lodge;katherine;4740;nsw;19931215;1635174
org;rec-3465-org;3465;jaggah;ryan;105;hurley street;;kurri kurri;3170;tas;19230112;4660081
org;rec-708-org;708;mila;campbell;36;beasley street;krismark;dalby;2357;nsw;19010602;5343180
org;rec-1889-org;1889;matthew;nurse;46;cygnet crescent;;portarlington;3804;nsw;19670101;6591571
org;rec-3756-org;3756;lucinda;burrill;31;bamir square;corridella;inglewood;4557;qld;19471211;4875837
org;rec-3851-org;3851;jairus;blackwell;211;igera place;ambervale;mentone;2519;wa;19060228;2309849
org;rec-2552-org;2552;hayden;tabrett;31;molesworth street;horse-shoe bend;boulder;6000;tas;19770116;5103849
org;rec-1114-org;1114;max;stanley;20;whitford place;;manly vale;3095;nsw;19870211;8658470
org;rec-2618-org;2618;kristen;reid;;mckillop circuit;casuarina village;page;3128;qld;19830801;8552844
org;rec-4417-org;4417;sebastian;demarco;9;cotter road;kelman vineyard;wyongah;4670;;19050730;3478101
org;rec-4929-org;4929;lachlan;green;53;golden grove;jodayne;armidale;3058;vic;;4526867
org;rec-3940-org;3940;tahlia;lowe;;clear street;millwood;stanwell park;2452;nsw;19150218;4957408
org;rec-2725-org;2725;dillon;lowe;31;faithfull circuit;mlc centre;colac;2088;nsw;19961116;6464208
org;rec-1396-org;1396;lara;stanley;89;napper place;cooramin;carlingford;3193;qld;19380827;4712092
org;rec-3486-org;3486;jake;clarke;5;cutlack street;grandview;ashfield;3724;qld;19480526;7030512
org;rec-577-org;577;william;ryan;33;limbunya street;cherrybank;new farm;4105;nsw;19550514;5451157
org;rec-4320-org;4320;holly;du;151;harricks crescent;shopping village;brighton;2162;vic;19390830;5581617
org;rec-1197-org;1197;deakin;peachey;16;officer crescent;tesbury;nollamara;2144;tas;19690824;8507376
org;rec-2713-org;2713;benjamin;morrison;16;kingscote crescent;malanda orchard;evans head;0820;nsw;19761231;3201927
org;rec-115-org;115;michael;micke;77;rich street;boonoo boonoo;rokeby;5271;sa;19561107;9010254
org;rec-3580-org;3580;hannah;valentini;5;rymill place;mayo;east maitland;4615;nsw;19490216;2488395
org;rec-1910-org;1910;campbell;jeffries;12;calder crescent;yarrabee;abbotsford;4560;nsw;19810621;9991473
org;rec-985-org;985;jordyn;buttrose;10;argyle place;;frankston;6016;qld;19350206;8629525
org;rec-780-org;780;harrison;boulter;9;macgregor street;stonyridge;cecil plains;3070;nsw;19110312;5094110
org;rec-2513-org;2513;jessica;jolly;13;higinbotham street;rosetta village;woodpark;7109;vic;19850112;2565859
org;rec-597-org;597;aidan;leslie;45;jacka crescent;villa 5;oakleigh;4151;qld;19710804;4216793
org;rec-94-org;94;james;compton;19;brewster place;st john of god hospital;edithvale;2234;nsw;19340309;3926610
org;rec-470-org;470;harry;bishop;5;darwinia terrace;craigston l1bg;glenmore park;4380;wa;19781114;7781607
org;rec-1080-org;1080;emiily;beams;11;bissenberger crescent;karobean;wombat;4703;tas;;7917828
org;rec-1073-org;1073;jack;stanbury;25;de vis place;kersley mews;koorawatha;4074;qld;19381113;7301101
org;rec-2708-org;2708;alana;mcgregor;8;chandler street;loughmore;blue rocks;5081;nsw;19841227;3230948
org;rec-3538-org;3538;benjamin;everett;17;herron crescent;redhill;forrestfield;3550;nsw;19621023;2043392
org;rec-3139-org;3139;caitlin;coxon;144;evergood close;blue gum park;smithfield;3109;act;19160701;4213502
org;rec-2316-org;2316;joshua;clarke;100;hurley street;phoenix park stud;nollamara;2145;vic;19340629;1162090
org;rec-1802-org;1802;ellen;hare;9;windradyne street;;rosebud;6076;nsw;19910512;5036453
org;rec-2924-org;2924;tarnee;fitzpatrick;8;conjola close;mirani;st kilda;4421;qld;19950715;8081610
org;rec-778-org;778;gianni;jolly;38;glencross street;locn 10045;booval;2260;wa;19740903;3082635
org;rec-2849-org;2849;nicholas;mcveigh;23;boolimba crescent;young retirement village;st kilda east;4224;qld;19341207;1581884
org;rec-2527-org;2527;ryleh;miles;7;yarra street;annecy park;carlingford;3616;nsw;19850930;8262494
org;rec-3330-org;3330;thomas;hare;18;gilderston circuit;canowindra;coffs harbour;4211;nsw;19190206;3277988
org;rec-1962-org;1962;sophie;mason;101;lendon place;mt pleasant;ashgrove;4005;wa;19411215;9349267
org;rec-1926-org;1926;savannah;cappelluti;4;lightfoot crescent;brampton;seymour;6084;wa;19160523;5168724
org;rec-4988-org;4988;seth;tauj;17;herschell circuit;belvedere;st kilda;5201;qld;19490904;5547361
org;rec-4957-org;4957;dayna;tapper;16;roseworthy crescent;gowrie;malvern;4218;vic;19210608;2412058
org;rec-882-org;882;sarah;eyles;34;badgery street;yarrallah;gailes;0810;qld;19760516;5129649
org;rec-3433-org;3433;charlotte;meadows;59;totterdell street;b;plumpton;2905;qld;19030219;6004748
org;rec-183-org;183;connor;orpwood;171;domain street;brampton;parkdale;2040;vic;19870522;2514560
org;rec-4041-org;4041;alaiyah;stephenson;61;captain cook crescent;hd tiparra sec 333;nhill;3204;act;19050712;2910230
org;rec-1756-org;1756;joshua;donkin;16;mather street;glebe retirement villa;park holme;3020;nsw;19750509;3544363
org;rec-483-org;483;eva;leppard;;kurrama close;casuarina village;port macquarie;5280;nsw;19370728;8035602
org;rec-41-org;41;lucy;drought;1;solander place;janefield;moonah west;4879;vic;19230101;7649261
org;rec-1988-org;1988;joshua;jolly;815;kingston street;benbullen lowline stud;thornlie;2546;qld;19200423;1559039
org;rec-1841-org;1841;erin;pernini;32;lorimer place;robertson barracks;northmead;5167;sa;19710527;5533014
org;rec-4240-org;4240;solomon;hannagan;10;clemenger street;brookfield;forrestfield;4216;sa;19890520;3944717
org;rec-3852-org;3852;talia;brooker;30;bellchambers crescent;rowethorpe;hawthorn;2033;sa;19561107;4841722
org;rec-380-org;380;kyle;badawee;5;staunton place;dockside marina b;mount warren park;3138;qld;19391213;3257675
org;rec-3504-org;3504;ethan;mccombe;624;mcnamara street;copely;tailem bend;4740;wa;19020126;1088335
org;rec-2777-org;2777;jake;mazurkiewicz;7;ashcroft crescent;millard centre;tannum sands;3971;vic;19580122;8132590
org;rec-4021-org;4021;nicole;clarke;34;tong place;villa 127;point cook;2121;qld;19220519;1665679
org;rec-2177-org;2177;georgia;mcvilly;34;gardiner street;cadogan;bayview heights;4370;nsw;19830221;2711924
org;rec-126-org;126;nikki;jaric;13;renmark street;parish lorne;chester hill;2106;nsw;19520401;9272010
org;rec-2854-org;2854;nathan;bishop;2;osburn drive;noosa village shopping centre;woodhill;2530;vic;19961008;6472175
org;rec-190-org;190;;alias;24;elkington street;pangani;isle of capri;2145;sa;19650429;8261472
org;rec-4222-org;4222;luke;wardle;30;holyman street;middle ridge medical centre (cnr ramsay;kirwan;3073;wa;19500525;9974023
org;rec-1121-org;1121;jack;raward;125;eaves street;berkeley vlge;ridgeway;6233;act;19800919;7286272
org;rec-704-org;704;michael;goldsworthy;2;forbes street;wdgee street;tarragindi;2604;vic;19540317;3675381
org;rec-2036-org;2036;emiily;capel;1721;burkitt street;locn 1025;ascot vale;4053;nsw;19341111;3160127
org;rec-2071-org;2071;jack;voskulen;24;mccubbin street;inveraray;toorak;2600;nsw;19540407;6075780
org;rec-3637-org;3637;kayden;colquhoun;17;kitson place;glenfern park;bourke;2526;nsw;19110330;8761839
org;rec-3846-org;3846;kirra;watkin;29;geelong street;krismark;nicholls;2088;nsw;19700924;1203301
org;rec-978-org;978;rebecca;riddell;10;glasgow place;fowlers bay;picnic point;2195;tas;19010105;2892366
org;rec-4114-org;4114;mia;pascoe;54;dwyer street;connemara;leichhardt;2015;sa;19080310;5423895
org;rec-2374-org;2374;;nguyen;9;chaseling street;;burwood east;2122;qld;19400119;4833200
org;rec-3989-org;3989;kobe;brock;4;folingsby street;;coonamble;4575;qld;19941016;6183698
org;rec-4372-org;4372;lachlan;mcgregor;29;dexter street;champsaur;acacia ridge;2430;nsw;19140121;2910651
org;rec-4254-org;4254;marleigh;verner;150;macquarie street;jarroo;murrumbateman;3150;nsw;19500227;8469038
org;rec-4954-org;4954;james;krollig;15;orchard place;donnachaidh;rosebud;6064;nsw;19430421;4244938
org;rec-2891-org;2891;tabitha;orchard;2;marsden street;john flynn medical centre;robina;3179;nsw;19230831;1102361
org;rec-2593-org;2593;harry;pardey;86;launceston street;ainslie house;hillston;2478;tas;19750105;3922548
org;rec-4956-org;4956;kyle;grbovac;51;alexander mackie circuit;sutton cottage;frankston;3094;vic;19821227;7927536
org;rec-228-org;228;oliver;verner;29;mcnicoll street;sunbury;berala;3175;vic;19160819;7677004
org;rec-3059-org;3059;william;webb;;lambell close;whispering pines;sorell;7322;qld;19131101;2839312
org;rec-1150-org;1150;benjamin;lovelock;1;tanumbirini street;apmnt 203;willetton;4570;nsw;19980628;6282406
org;rec-372-org;372;lachlan;pascoe;5;hodgson crescent;inishmore;toowong;2766;vic;19470107;1606779
org;rec-3401-org;3401;toby;stanley;32;craydon place;lenaroy;heywood;2904;wa;19381214;3931157
org;rec-864-org;864;shannon;grosskopf;71;noarlunga crescent;bunderry;tweed heads south;3690;vic;19530813;9233063
org;rec-950-org;950;jackson;alderman;84;maccallum circuit;;penshurst;3192;vic;19870424;5612815
org;rec-581-org;581;jayme;frew;18;la trobe close;water fall;ballarat;2540;vic;19960831;7540258
org;rec-12-org;12;caitlin;hingston;29;braine street;;willagee;6020;nsw;19980805;7044257
org;rec-4713-org;4713;channing;haak;8;kevin street;sec 1;bundaberg;6450;wa;19970408;9248677
org;rec-3714-org;3714;tayah;pascoe;211;o'halloran circuit;stonehenge;salisbury east;2285;nsw;19410809;9400248
org;rec-709-org;709;hannah;bennell;154;southwood retreat;walkers orchard;wheeo;4118;qld;19830601;2694324
org;rec-4717-org;4717;georgia;demetriou;17;canberra avenue;glen brae;ballina;3871;nsw;19200828;1391870
org;rec-1434-org;1434;sarah;mccarthy;38;nealie place;sunny braes;north ward;4017;qld;19130115;6518105
org;rec-2143-org;2143;benjamin;royans;35;bootle place;denmore;floreat;2756;vic;19100121;6512947
org;rec-1043-org;1043;liam;steed;61;traeger street;table mountain;rowville;7010;nt;19110729;7786184
org;rec-925-org;925;makenzi;quan;18;duffy street;sutherwood north;hoppers crossing;2615;wa;19711213;9713887
org;rec-4244-org;4244;mitchell;haeusler;55;denny street;yarrawah;geurie;7300;vic;19280613;1941344
org;rec-3085-org;3085;jasper;tsialafos;;stutchbury street;st francis vlge;cook;2233;nsw;19220428;8232480
org;rec-4047-org;4047;bradley;offoin;33;mcwhae circuit;west park;scarness;2047;vic;19180420;4715993
org;rec-2218-org;2218;tyler;berryman;223;broad place;villa 3;clayton;6355;vic;19550922;2531288
org;rec-1692-org;1692;emiily;finlay;13;lawrence close;upton;boddington;2485;nsw;19800129;5998213
org;rec-1488-org;1488;daniel;wojciechowski;141;somerset street;melody cottage;dulwich hill;2120;nsw;19500125;2930336
org;rec-2408-org;2408;tristan;aldous;11;solander place;;goornong;4157;vic;19990121;5511852
org;rec-2830-org;2830;jesse;webb;48;pennington crescent;thistledoo;currajong;6112;nsw;19931125;1432305
org;rec-3798-org;3798;michael;cochrane;7;monaro crescent;ballarkona;hendra;4128;qld;19361016;5263623
org;rec-72-org;72;keira;lowe;15;morant circuit;wilding;warburton;4061;qld;19900523;4044906
org;rec-2473-org;2473;chelsea;;18;crisp circuit;walnut grove estate;seven hills;6311;nsw;19040215;4172892
org;rec-850-org;850;sean;siviour;44;clavert place;brentwood vlge;williamstown;3909;sa;19990601;2158120
org;rec-3212-org;3212;kiara;campbell;13;towns crescent;korrelocking;rowville;3188;wa;19630411;9105948
org;rec-371-org;371;nicholas;noble;5;downes place;buena vista;greenacre;4220;nsw;19330331;3691864
org;rec-2406-org;2406;samantha;white;9;tillyard drive;tieve tara;hawthorne;3068;vic;19310120;8686735
org;rec-233-org;233;kirra;bahnisch;74;seaborn place;pleasant acres;arundel;3073;nsw;19781119;3690427
org;rec-26-org;26;natalee;campbell;37;upton street;brentwood village;woollahra;3355;wa;19990213;2201146
org;rec-1252-org;1252;andrew;matthews;14;dexter street;caprice;nowra;6306;qld;19340330;7762803
org;rec-3224-org;3224;nathan;dudley;2;chevalier street;;wantirna;3150;vic;19740724;6423373
org;rec-886-org;886;riley;noble;17;thake place;station homestead;matraville;5032;wa;19600221;8713309
org;rec-1806-org;1806;madison;cowle;14;port jackson circuit;marriott downs;new mollyan;4215;sa;19280625;9403686
org;rec-4282-org;4282;maxin;jolly;8;huxley place;;mooloolaba;2220;wa;19330915;7131922
org;rec-4872-org;4872;lachlan;white;1;atherton street;the mews royal hotel bldg;alexandra bridge;3390;vic;19810422;5260328
org;rec-2661-org;2661;riley;mort;4;shirra close;the meadows;kalamunda;0880;nsw;19870801;4540256
org;rec-2017-org;2017;jordan;george;114;rapanea street;peechabella;maryborough;4123;vic;19951020;4523010
org;rec-166-org;166;robert;nguyen;22;barlow street;fred lean hostel;dickson;6152;nsw;19140127;9527501
org;rec-1418-org;1418;beau;dallas;19;lange place;;blakeview;0872;vic;19581021;2569822
org;rec-4534-org;4534;henry;hobson;10;limestone avenue;clarkbrae;warilla;2614;nsw;19280928;6436995
org;rec-4974-org;4974;joshua;grimsley;22;barwon street;edwards chambers;carnegie;3136;qld;19390617;3359093
org;rec-2468-org;2468;magnus;grainger;7;heath place;carrington retirement;moe;3042;vic;19970829;7094597
org;rec-1085-org;1085;daniel;commons;33;nungara street;glenhurst;chester hill;4740;wa;19350922;1606130
org;rec-1048-org;1048;alexandra;budge;11;outtrim avenue;sec 528;jacana;2096;wa;19590819;3277841
org;rec-4953-org;4953;christian;goetze;5;manna close;torrington;mill park;2323;nsw;19510117;3619285
org;rec-62-org;62;jake;coleman;1;sturt avenue;rivonia;sunshine north;3058;nsw;19450706;6061178
org;rec-2196-org;2196;timothy;de crespigny;6;barraclough crescent;;gnangara;2166;vic;19300524;1913293
org;rec-4438-org;4438;jordan;noble;4;kosciusko avenue;st francis vlge;surry hills;2170;wa;19270820;7231665
org;rec-900-org;900;kyle;felmingham;20;cassinia street;marella;kingston;3936;nsw;19121120;1300375
org;rec-3241-org;3241;jacob;o'shannessy;233;osburn drive;goldenoaks village;maitland;2640;nsw;19380807;4654746
org;rec-4435-org;4435;isabella;dolby;16;hodgson crescent;break-o-day;daw park;4304;qld;19030725;7732123
org;rec-4982-org;4982;holly;paterson;48;cowdery place;dragon rising;coodanup;3910;act;19641219;1987760
org;rec-2923-org;2923;matthew;carbone;7;carr crescent;bexley;matraville;2452;nsw;19801216;8840510
org;rec-3006-org;3006;benjamin;matthews;5;namatjira drive;buena vista;preston;5290;vic;19531201;3174751
org;rec-3663-org;3663;caitlin;hervey;40;woolner circuit;vermont ret estate;parap;2440;nsw;19331205;2155379
org;rec-4011-org;4011;james;dixon;68;fanning place;regal oaks retirement vlge;marsden;4300;qld;19750913;8198316
org;rec-4619-org;4619;isabel;godfrey;14;bellchambers crescent;glenumbral;warnbro;2039;sa;19680509;1302707
org;rec-1971-org;1971;amelia;green;60;beasley street;silver sand caravan park;charlestown;3199;vic;19160824;4340002
org;rec-2958-org;2958;lily;clarke;66;;sun village;magill;3204;vic;19200906;6916349
org;rec-1965-org;1965;elton;noble;1;molineaux place;willows trees;port vincent;2208;qld;19350729;1466352
org;rec-2249-org;2249;emiily;miels;3;dartnell street;murrawarra;woodgate;7310;tas;19280417;6959390
org;rec-4835-org;4835;tristan;green;4;solly place;leisure living vlge;booragul;3356;vic;19640221;9034172
org;rec-4040-org;4040;adam;carbone;16;warrai place;cherokee vlge;elizabeth south;3150;qld;19820611;2023828
org;rec-738-org;738;charles;hurkett;36;pocket avenue;craigview grove;rowville;3223;nsw;19841222;9205765
org;rec-1708-org;1708;taliah;mccarthy;;bourne street;locn 3439;greenacre;3198;nsw;19730822;7901066
org;rec-1701-org;1701;georgia;laria;1;oxley street;townview;allambie;5127;qld;19170818;2152599
org;rec-4670-org;4670;konstantinos;nguyen;12;twamley crescent;pinda;wanniassa;2173;nsw;19730401;4155990
org;rec-828-org;828;renee;musolino;19;spalding street;rosehill;willetton;4820;nsw;19631219;7754049
org;rec-4453-org;4453;samuel;peachey;28;waratah street;goonahra;wanniassa;2750;vic;19531113;2548288
org;rec-2064-org;2064;jasper;miles;20;narryer close;moondah;nambour;4113;vic;19160130;3809763
org;rec-1020-org;1020;phillip;finlay;;maclachlan street;arcadia;glendale;6171;qld;19080623;5324023
org;rec-2268-org;2268;taliah;buitendyk;19;emily bulcock crescent;palmwood court;flinders park;5109;sa;19950831;1039913
org;rec-1000-org;1000;victoria;zbierski;70;wybalena grove;inverneath;paralowie;5065;nsw;19720503;1267612
org;rec-4250-org;4250;mhary;matthews;26;foxall street;upper yarrowitch;newcastle;6525;vic;19540913;2983255
org;rec-3129-org;3129;ava;ahier;8;crowder circuit;peridon vlge;long jetty;4871;nsw;19270309;6824379
org;rec-1781-org;1781;jessica;lomman;49;wallis place;glengariffe;north sydney;3039;sa;19531125;6284781
org;rec-585-org;585;danny;stephenson;16;o'shanassy street;banksia village;armidale;3130;tas;19831019;7199358
org;rec-2417-org;2417;rourke;roets;14;gruner street;cleveland;kaleen;3227;;19690509;1455274
org;rec-1869-org;1869;anari;burrill;41;burrinjuck crescent;craiglea;east fremantle;2537;wa;19671115;7891299
org;rec-4252-org;4252;stephanie;tiller;281;mcleod place;villa 19;katherine;2680;vic;19690208;7432991
org;rec-2078-org;2078;nikki;green;25;chisholm street;lazy acres;balwyn north;4413;wa;19630816;8182676
org;rec-3565-org;3565;shai;reid;15;morant circuit;stone oak farm;maitland;2905;vic;19151011;5824638
org;rec-2746-org;2746;jarod;morrison;13;broadsmith street;spylaw farm;caulfield;3614;wa;19201230;3314025
org;rec-3593-org;3593;marleigh;sideris;42;henry melville crescent;bocking;morpeth;3039;sa;19251227;6987405
org;rec-3489-org;3489;joel;dixon;5;meredith circuit;rawdon;greenwood;4011;qld;19590722;6153468
org;rec-1912-org;1912;mackenzie;sherriff;34;pirani place;;scarborough;2094;nsw;19610123;8088200
org;rec-4642-org;4642;judah;simmonds;33;elsey street;summer hill;hamilton;2444;vic;19940414;2036044
org;rec-232-org;232;nicholas;george;10;hall street;rhode island resort;brighton;3264;nsw;19920715;3273376
org;rec-4853-org;4853;jacqueline;coady;20;borrowdale street;garden creek;nambour;4570;nsw;19220503;6945746
org;rec-54-org;54;imogen;whillas;121;embley street;flowerydale;molong;2170;tas;19090319;7145066
org;rec-2626-org;2626;thomas;snoad;26;mcclintock street;st francis vlge;warilla;4551;vic;19790413;3010606
org;rec-3980-org;3980;nellie;clarke;147;booroomba road;weeroona;christies beach;5345;sa;;3099429
org;rec-2727-org;2727;madison;noyce;13;walker crescent;acadia;penguin;2323;qld;19520621;7975425
org;rec-1354-org;1354;ella;wilkins;468;hodgson crescent;currandina;ellenbrook;2615;sa;19010903;2658739
org;rec-4932-org;4932;ruby;ayres;36;bussell crescent;mountview;margaret river;2765;vic;19210901;5485654
org;rec-2723-org;2723;bertie;white;22;walga place;mt annan;petrie terrace;3012;nsw;19611008;4599672
org;rec-1262-org;1262;emmerson;maziakowski;58;irvine street;loughmore;nunawading;4211;qld;19400316;1807250
org;rec-3372-org;3372;james;bishop;4;jemalong street;taronga;tweed heads south;7250;nsw;19540224;7589870
org;rec-4246-org;4246;taylah;nguyen;11;hoddinott street;bridgefoot down;;2022;nsw;19030702;2003210
org;rec-3827-org;3827;warrick;farragher;1;therry place;dental 3 garden city shopping centre;rose bay;3175;nsw;19920222;6909540
org;rec-3176-org;3176;lauren;;42;moore street;jormaizee;mullaloo;3182;sa;19600314;2240511
org;rec-1660-org;1660;jessica;goode;24;devonport street;gundamain;springwood;6104;qld;19620120;3222738
org;rec-4638-org;4638;holly;collinson;195;burn street;rosary village;four mile beach;4221;qld;19671102;7790499
org;rec-2984-org;2984;emiily;wilkins;22;green street;liselican;darlington;3101;;19610512;5342428
org;rec-14-org;14;raquel;lodge;60;archibald street;;balwyn north;2025;wa;19280505;9100106
org;rec-4262-org;4262;ellen;nguyen;36;burdon place;hillendale;semaphore park;4216;nsw;19701020;8122850
org;rec-3748-org;3748;iain;noble;84;rischbieth crescent;the big tree;albany creek;6391;qld;19500616;2205130
org;rec-2759-org;2759;fergus;byers;11;marlock street;grammar school;west croydon;7011;sa;19350908;6065967
org;rec-3162-org;3162;lachlan;rees;25;darwinia terrace;moline village;ulverstone;3162;vic;19131017;1414477
org;rec-526-org;526;bailee;ryan;100;edgar street;little pines;milperra;5680;wa;19410207;7905025
org;rec-4431-org;4431;hayley;roles;4;newlop street;rabbit warren;acacia ridge;2770;vic;19581005;7340730
org;rec-2766-org;2766;caleb;mckane;21;lochee place;toowoomba;landsdale;3083;nsw;19370320;3598063
org;rec-1364-org;1364;jack;fitzpatrick;16;norman street;lort heights;scarborough;2527;;19190814;5911934
org;rec-1390-org;1390;kyra;george;25;boake place;brentwood vlge;peterhead;3012;nsw;19430404;7581292
org;rec-4159-org;4159;alexandra;berry;18;mckinley circuit;aronui;tahmoor;2206;nsw;19120808;1881229
org;rec-648-org;648;matthew;adair;6;langdon avenue;cinema centre bldg;upwey;3095;sa;19031126;6474688
org;rec-4076-org;4076;dimitri;slavvjevic;5;bellinger circuit;pangani;mount isa;6230;vic;19770927;8191221
org;rec-4390-org;4390;riley;mercorella;16;emery street;yarrambah;kununurra;2048;qld;19541031;6022838
org;rec-4241-org;4241;chloe;steane;13;blacket street;perisher valley;kyabram;2232;nsw;19790905;5378031
org;rec-4216-org;4216;lauren;harrington;17;leibnitz place;rosetta village;granville;6066;vic;19550719;2207203
org;rec-2483-org;2483;zachary;white;97;witt place;villa 74;laurieton;2206;vic;;8708647
org;rec-4552-org;4552;sophie;mason;22;sturgess place;acadia;pacific paradise;3215;nsw;19790301;2531438
org;rec-3587-org;3587;emiily;white;85;marou place;jingara;marsden;3412;vic;19510901;6646759
org;rec-861-org;861;chantelle;seppelt;6;cruikshank street;oaklands village;burrum heads;2212;vic;19370814;8334319
org;rec-2647-org;2647;timothy;twigger;9;tunney crescent;argyle;toorak;5031;vic;19210926;4013666
org;rec-1984-org;1984;travis;whale;2;sutton place;trumalon;terrigal;3976;sa;19320724;1928625
org;rec-2941-org;2941;liam;green;2;benny place;the gums;crescent head;3067;vic;19570330;7329507
org;rec-849-org;849;matthew;ploughman;;severne crescent;goodhope;raby;2541;wa;19900710;4917759
org;rec-1329-org;1329;ruby;morrison;;nemarang crescent;armidale hospital;whitfield;2100;;19280502;4180920
org;rec-4126-org;4126;nicholas;leung;40;moorhouse street;two tree hill;boondoola;3732;vic;19951115;7261271
org;rec-2537-org;2537;harrison;weaver;24;adair street;;charlestown;2229;nsw;19100327;6483602
org;rec-753-org;753;micah;jolly;38;lefroy street;;yass;3088;nsw;19970605;3265234
org;rec-525-org;525;emiily;lock;14;collins place;pipers river;oakleigh;6064;nsw;19350628;6850395
org;rec-3336-org;3336;jacob;crossman;19;stromlo crescent;st francis vlge;bassendean;5031;vic;19681226;6490727
org;rec-924-org;924;joel;teti;686;wheelwright crescent;grandview;brighton;4018;wa;19260102;9064672
org;rec-2228-org;2228;william;ziswiler;68;bellchambers crescent;galloway;queenscliff;2218;vic;19010406;5172369
org;rec-2742-org;2742;jaiden;o'flynn;9;eve place;pioneer lodge;goovigen;6163;nsw;19330911;4353748
org;rec-355-org;355;eva;painter;116;castleton crescent;mawingo;malvern east;3338;nsw;19770419;6468703
org;rec-1745-org;1745;christian;faull;23;delprat circuit;erina gardns;maryborough;2430;sa;19510814;6483913
org;rec-2885-org;2885;max;mayer;36;riley close;braeburn;wyndham;6056;vic;19350817;7515435
org;rec-2404-org;2404;blakeston;broadby;53;traeger street;valley of springs;north ward;3083;qld;19120907;4308555
org;rec-1731-org;1731;tayah;yeatmin;65;edmondson street;cedar oaks;sanctuary point;2541;wa;19960422;8014534
org;rec-1299-org;1299;dylan;patafta;10;goldner circuit;kilnsey;auburn;3183;vic;19100402;7951303
org;rec-3949-org;3949;belinda;de la cruz;7;carumbi place;eddington;charlestown;2460;vic;19020217;6051352
org;rec-3379-org;3379;jack;rudd;4;limestone avenue;orcadia park;hoppers crossing;5007;nsw;19080618;3984278
org;rec-680-org;680;jacqueline;abbondandola;24;myers place;ingledell;seelands;2560;tas;19590617;7256635
org;rec-1777-org;1777;tommy;green;122;nanima road;port 44;lower templestowe;6064;vic;19901006;6395834
org;rec-2934-org;2934;zarlia;boyle;113;audas place;clanville;robina;2322;wa;19230805;8270751
org;rec-3739-org;3739;jacob;;1;barada crescent;challicum south;bacchus marsh;3206;nsw;19370320;8873242
org;rec-1170-org;1170;grace;morrison;5;groom street;hellemere village;concord;3150;wa;19321010;3352261
org;rec-2219-org;2219;lachlan;verco;266;bursaria street;terara house;macgregor;4109;nsw;19830103;8260739
org;rec-2852-org;2852;joshua;huxley;12;southern close;littledale;maryborough;2517;nsw;19670618;1728316
org;rec-1909-org;1909;kayla;braithwaite;19;forwood street;braemar vlge;chewton;2261;nsw;19640906;6775714
org;rec-4800-org;4800;jordan;toms;20;lachlan street;belgrave arcade;plainby;2620;nsw;19760913;3320758
org;rec-4009-org;4009;ruby;parashar;773;tytherleigh street;the willows;eastwood;4605;sa;19900510;1990268
org;rec-119-org;119;sarah;jolly;2192;callaway crescent;spring ridge;kingsville;3995;wa;19161127;5871517
org;rec-541-org;541;monique;green;330;ashcroft crescent;clapham farms;mount beauty;5355;wa;19181031;8543795
org;rec-3417-org;3417;ella;campbell;873;connibere crescent;albion heights;bronte;4078;nsw;19591030;8840175
org;rec-1720-org;1720;;haak;54;parr place;ulah;burpengary;6010;wa;19170712;3239785
org;rec-95-org;95;mikayla;webb;144;cooling place;;norwood;0800;sa;19880716;8983519
org;rec-3923-org;3923;kaitlin;egan;28;hayward place;glentryst;geraldton;2074;vic;19410610;3120103
org;rec-4747-org;4747;roberta;caire;14;welch place;port 44;beaconsfield upper;5113;sa;19630418;5100047
org;rec-3896-org;3896;;lodge;9;forbes street;glen alvie rsd;birkdale;5118;nsw;19691225;7105186
org;rec-2080-org;2080;emiily;hand;4;mcnicoll street;old farm;kongal;2518;vic;19270511;3480162
org;rec-4998-org;4998;alicia;fergus;67;gidabal street;felbrigg;wialki north;2251;sa;19971215;9245698
org;rec-3703-org;3703;holly;harrington;340;kirkton street;barwick pastoral;taringa;4454;vic;19180806;6513574
org;rec-1902-org;1902;andrew;dunstone;2;hodgson crescent;homevale;nambour;2121;nsw;19230326;6824396
org;rec-1492-org;1492;macormack;campbell;21;shipard place;demountable bldg;brighton;2546;qld;19640101;3116298
org;rec-387-org;387;alexander;eglinton;1;grampians street;ben hill;birkenhead;3885;vic;19700511;2618040
org;rec-551-org;551;ridley;blake;142;forbes street;white lodge;mill park;3133;sa;19990618;1662040
org;rec-71-org;71;connor;tromp;8;eildon place;willtarny;east maitland;4740;qld;19280129;8096262
org;rec-3591-org;3591;jayden;markellos;21;la perouse street;fairholme;toorak;3121;sa;19620130;4234492
org;rec-1242-org;1242;jasmyn;marceta;35;cabena court;ascot park;ashfield;5011;wa;19821129;6095474
org;rec-1309-org;1309;zoe;szepessy;;creswell street;laguna estate;narooma;2430;nsw;19330122;9920487
org;rec-3632-org;3632;connor;godfrey;50;centaurus street;locn 5940;o'sullivan beach;2216;qld;19010823;7376725
org;rec-4628-org;4628;calvin;white;63;doyle terrace;windara;cardiff;5223;wa;19560731;4551355
org;rec-3842-org;3842;bailey;hai van;10;orkney place;portal cnr hives;emerald;5044;nsw;19710505;4461398
org;rec-2234-org;2234;jack;katarski;3;lange place;rose gardens touri;rowville;3975;qld;19320704;8850947
org;rec-1636-org;1636;layla;donaldson;5;kater place;parry house;burwood east;5251;qld;19730408;5189661
org;rec-1464-org;1464;chloe;tennent;12;carstensz street;john curtin hostel;ringwood;2295;vic;19980713;9606434
org;rec-245-org;245;taylah;meaney;60;lumholtz place;cordelia state;torquay;2282;vic;19470106;1744252
org;rec-3058-org;3058;lachlan-john;spears;5;o'connor circuit;;risdon park;6064;qld;19950105;2405882
org;rec-4359-org;4359;clain;green;20;osborne place;lakewood estate;aldinga beach;6172;nsw;19210628;8724836
org;rec-2353-org;2353;benjamin;bellon;11;croton street;omaru;artarmon;4405;nsw;19120805;3089666
org;rec-2444-org;2444;hannah;povey;81;hooke place;gleneriffe;sylvania;3015;wa;19870509;4598128
org;rec-3828-org;3828;iain;berryman;95;singleton crescent;;verrierdale;3074;wa;19870626;1720109
org;rec-2829-org;2829;timothy;de angelis;95;casey crescent;lumeah homes;brighton;3400;sa;19910709;6079337
org;rec-4810-org;4810;kyle;miles;10;michell street;tallinga park;hinchinbrook;2575;tas;19160202;6888097
org;rec-4123-org;4123;leah;huxley;4;knoke avenue;;minto;2782;nsw;19680903;4353919
org;rec-3143-org;3143;kobe;jolly;26;alroy circuit;salmaldo caravan park;kyabram;6317;sa;19841213;4583639
org;rec-3875-org;3875;lucas;zimmermann;27;mckail crescent;public school reserve;elsternwick;2443;wa;19340306;9888953
org;rec-1982-org;1982;rachel;elstob;3;mullan street;;ivanhoe;4350;sa;19570111;5616006
org;rec-846-org;846;connor;camp;29;egerton close;gwandalan;riverhills;2170;vic;19190905;5237893
org;rec-394-org;394;lachlan;ryan;51;totterdell street;roseglen;dalby;3168;qld;19480724;7284475
org;rec-2583-org;2583;mia;leaver;2;jennings street;miranda;tailem bend;3636;nsw;19960425;7346590
org;rec-573-org;573;james;bissett;115;ellerston avenue;pepin;hawthorn;3268;sa;19400613;5935841
org;rec-4950-org;4950;charlotte;petersen;66;sturgess place;gerovin valley ldge;landsdale;2217;nsw;19190914;6017558
org;rec-1376-org;1376;kieren;green;32;brockway circuit;nuffield village;torrensville;4221;nsw;19591115;4867858
org;rec-1386-org;1386;hayley;carmody;5;duigan street;aberglasslyn cottage;emerald;2321;act;19611012;1756595
org;rec-3100-org;3100;brody;nguyen;93;;mt derriwong;lauderdale;2135;wa;19970629;2691340
org;rec-4062-org;4062;kylee;shepherd;6;fitchett street;woodburn pastoral;paralowie;2229;nsw;19420817;7307571
org;rec-4648-org;4648;charlie;reid;16;gannon place;bennett chambers;woollahra;2518;tas;19150113;1045143
org;rec-0-org;0;rachael;dent;1;knox street;lakewood estate;byford;4129;vic;19280722;1683994
org;rec-827-org;827;michael;heidrich;49;degraves crescent;wonga square;samford;6104;nsw;19440910;3945989
org;rec-2807-org;2807;;bradshaw;9;dallachy place;coral house even tide;ryde;3805;nsw;19071027;8707306
org;rec-2938-org;2938;stephanie;dudek;181;forbes street;;buddina;3226;qld;19130127;6246452
org;rec-2598-org;2598;diamond;branston;124;longstaff street;two sticks estate;grenfell;3108;nsw;19720728;7015483
org;rec-385-org;385;eliza;schwidder;49;ashley drive;;homebush;4740;vic;19071013;5457556
org;rec-3832-org;3832;jack;rochette;53;bennelong crescent;bexley;lakemba;4352;vic;19300831;4014081
org;rec-1918-org;1918;abbey;milburn;18;dixson circuit;the willows;rosebud;5075;qld;19631114;4451215
org;rec-4482-org;4482;ewan;mildren;60;loftus street;;bellevue hill;2010;wa;19941205;6218110
org;rec-96-org;96;george;macha;25;tepper circuit;erins rest;kardinya;2758;vic;19270326;8072800
org;rec-1491-org;1491;kirra;white;68;strangways street;diamond downs;bundaberg;2210;sa;19230223;7213703
org;rec-4408-org;4408;aidan;bishop;36;mcintyre street;unt 2;sidmouth;3011;nsw;19490620;1383389
org;rec-2543-org;2543;mia;white;6;theodore street;lamington national;haddon;2905;nsw;19640403;5969084
org;rec-1444-org;1444;thomas;martinovic;24;ivo whitton circuit;the stockyards;greenwith;7307;qld;19801111;4222783
org;rec-1694-org;1694;mhary;siemon;13;latchford street;mountview;broadmeadows;6170;vic;19020804;9452510
org;rec-2571-org;2571;eleni;bartel;11;maribyrnong avenue;montrose;toowoomba;2063;qld;19491112;4998898
org;rec-2407-org;2407;logan;hazell;57;chewings street;;elsternwick;3350;nsw;19510911;9448381
org;rec-4952-org;4952;madalyn;korfia;114;vansittart crescent;bombowlee;cherrybrook;2147;qld;19690312;4293980
org;rec-1753-org;1753;brianna;ranson;143;scott street;blue hills;mitcham;4215;vic;19480409;2774725
org;rec-568-org;568;katelyn;dountsis;111;goldner circuit;cremona stud;mulgrave east;2256;nsw;19430612;6491584
org;rec-2933-org;2933;harry;bradshaw;96;musca place;longridge;lilydale;2137;qld;19961111;3683424
org;rec-3922-org;3922;joshua;millar;4;chowne street;lirambenda;springfield;2088;qld;19410825;6371427
org;rec-538-org;538;lucy;eglinton;5;jefferis street;;midway point;3057;wa;19070301;3897066
org;rec-451-org;451;daniel;chandler;31;porteous crescent;northaven;ashwood;2152;vic;19410825;3631138
org;rec-905-org;905;jemima;apathy;79;;unfaan;dandenong north;3000;sa;19830719;6617205
org;rec-4914-org;4914;charles;matthews;2;magarey place;rowethorpe;penguin;2560;qld;19150316;5165120
org;rec-1082-org;1082;imogen;green;1;trickett place;nullo mntain;coromandel valley;7027;;19770615;3231911
org;rec-4624-org;4624;schkirra;de nichilo;14;kirkwood crescent;apt 16 the village;killara;4740;nsw;19060211;3688155
org;rec-3916-org;3916;brigitte;white;79;mcelhone court;abbaston;harbord;2306;tas;19480318;5946514
org;rec-2585-org;2585;harvey;roselli;132;twelve trees crescent;dargam;reynella;3089;vic;;7501852
org;rec-1642-org;1642;erin;krollig;68;wells road;rosehill;auburn;5068;sa;19421210;5690708
org;rec-4255-org;4255;nathan;webb;;cumpston place;the summer house;wanguri;6215;tas;19660404;7465594
org;rec-4072-org;4072;thomas;berry;3;moruya circuit;glenview;mansfield;4077;nsw;19580917;8025349
org;rec-441-org;441;william;edson;;fitzhardinge crescent;windy gully;ashwood;3078;nsw;19530403;3148460
org;rec-146-org;146;oliver;berry;18;arthaldo court;kalang;bayview;3802;nsw;19720119;2589280
org;rec-4665-org;4665;ky;morrison;275;hardie close;arthur river park;mount eliza;2031;nsw;19411120;9053979
org;rec-4637-org;4637;kydan;gigney;64;o'rourke street;timdoolin;shellharbour;4059;nsw;19760409;3279351
org;rec-2943-org;2943;tara;;67;beauchamp street;grey oaks;robertson;2213;;19121013;7897903
org;rec-3418-org;3418;;riding;336;kallara close;unt 2;altona north;2177;qld;19320604;7712618
org;rec-4433-org;4433;lily;matthews;57;captain cook crescent;;matraville;2774;vic;19420708;9637615
org;rec-1933-org;1933;ella;rollins;31;weston street;blue hills;kelmscott;3304;qld;19930802;6211133
org;rec-4744-org;4744;grace;mcvicar;39;namatjira drive;;greenacre;4818;vic;19540503;2929679
org;rec-1097-org;1097;joshua;clarke;4;ragless circuit;;sylvania;3136;vic;19110818;5574844
org;rec-442-org;442;william;matthews;5205;tunney crescent;rainbow downs;andergrove;2146;nsw;19981106;7834791
org;rec-1241-org;1241;lucy;krzempek;9;heysen street;macarthur place;sandy bay;3337;vic;19170123;5598578
org;rec-2981-org;2981;nathan;wiemann;10;gingana street;;brighton;3101;vic;19370429;8432426
org;rec-993-org;993;jack;fitzpatrick;;condell street;sec 1;fullarton;2221;vic;19041121;9595043
org;rec-2524-org;2524;ryan;moody;7;tyrrell circuit;pooley bridge;nedlands;3809;nsw;19320818;7217442
org;rec-3676-org;3676;jeremy;le messurier;20;daly place;emerald agrigultural college;san remo;4810;tas;19070627;7041684
org;rec-570-org;570;taylah;oats;87;federal highway;scotch college;armidale;2125;nsw;19300715;9175271
org;rec-3709-org;3709;william;reid;18;martin street;australia arcade;smiths lake;2010;vic;19690624;7251376
org;rec-3287-org;3287;william;white;3;stanbury close;;hawthorn;5092;wa;19120603;6104386
org;rec-1206-org;1206;alissa;priest;7;lawley street;locn 5885;granville;4113;qld;19241102;1113130
org;rec-4225-org;4225;ruby;mcphie;12;hambidge crescent;namarva station;ballarat;4868;nsw;19470101;3454863
org;rec-723-org;723;madeleine;clarke;11;levien street;edith hall;samford;2074;qld;19801221;5699901
org;rec-1008-org;1008;timothy;dignam;17;berrigan crescent;seaforth vlge;moorak;4068;qld;19771123;2663449
org;rec-1076-org;1076;lia;voulgaridis;19;kingsford smith drive;glenavon;mosman;6158;nsw;19960531;3691075
org;rec-3331-org;3331;zane;dixon;29;boustead circuit;baranbali;redbank plains;4740;nsw;19590328;3308725
org;rec-4180-org;4180;finn;leslie;7;longmore crescent;the lodge;woodcroft;7250;qld;19670715;7668675
org;rec-1421-org;1421;gillian;kaddatz;27;ivo whitton circuit;woodport hostel;murdoch;2026;qld;19650426;3271990
org;rec-2084-org;2084;anthony;david;1241;goyder street;rosetta village;carnegie;3178;nsw;19200422;8338112
org;rec-2974-org;2974;michael;maclennan;6;richmond street;lake downs super fine merino stud;emu plains;5271;qld;19390409;1643013
org;rec-4211-org;4211;daniel;mason;9;derrington crescent;el pedro caravan park;sunnybank;4305;vic;19500705;5525378
org;rec-3531-org;3531;cassandra;seymour-griffin;29;priddle street;the burren;bayswater;3104;nsw;19961213;6740375
org;rec-2604-org;2604;christopher;frew;10;ringrose crescent;locn 1996;lilydale;4069;tas;19321022;6674665
org;rec-2134-org;2134;maddison;grubb;16;kambalda crescent;villa 2;bonnyrigg;4455;vic;19621019;8441303
org;rec-2750-org;2750;jessica;shepherd;60;mackney place;aprtmt 34;albion park;4207;nsw;19730411;7664099
org;rec-4238-org;4238;zachariah;nadels;68;dennys place;laureldale;northgate;2133;qld;19801214;9144398
org;rec-2774-org;2774;dylan;herbert;150;andrews street;brentwood vlge;sheidow park;5067;vic;19430105;4521571
org;rec-1297-org;1297;noah;scott-jackson;38;kosciusko avenue;upper flat;punchbowl;4306;nsw;19811218;2859455
org;rec-1570-org;1570;matthew;ryan;55;fitzhardinge crescent;mlc centre;burpengary;2546;sa;19510417;2890790
org;rec-3960-org;3960;nellie;webb;21;spencer street;yarrabee;dareton;2234;vic;19231018;5196117
org;rec-111-org;111;amy;seetoh;50;busby street;bellfield;st albans;2870;qld;19160523;4467636
org;rec-3682-org;3682;rupert;drzezdzon;11;magennis place;sec 161;ashford;6100;vic;19000219;4126935
org;rec-4738-org;4738;mitchell;white;2;denovan circuit;bracken leigh;mill park;6210;nsw;19681012;1236544
org;rec-275-org;275;joshua;berryman;91;summerville crescent;medical centre;mount colah;4221;vic;19070709;6570397
org;rec-644-org;644;casey;meyler;12;grylls crescent;;berala;4109;nsw;;8730501
org;rec-3326-org;3326;jarryd;george;83;gilmore crescent;;wellard;3071;qld;19320810;4392990
org;rec-4920-org;4920;roisin;millar;;robertson street;st francis vlge;helensburgh;3770;sa;19490912;9953494
org;rec-1445-org;1445;paige;webb;;arthaldo court;stoney creek;mount hutton;5023;vic;19341104;6388140
org;rec-1428-org;1428;alicia;widdowson;69;dinnison circuit;tourist park;port pirie;3551;qld;19300510;1675302
org;rec-3812-org;3812;dean;webb;52;buggy crescent;mount patrick;stratton;3138;nsw;19171128;4129591
org;rec-397-org;397;elizabeth;wojciechowski;16;walker crescent;phillip lodge;winston hills;2250;vic;19190118;6972527
org;rec-4768-org;4768;caitlin;leslie;24;eyre street;retirement village;worongary;2830;nsw;19420102;1257356
org;rec-1569-org;1569;emiily;matthews;70;jacka crescent;;murgon;3012;nsw;19230603;2611585
org;rec-589-org;589;;bennier;7;ruthven street;walnut grove estate;chinchilla;5723;qld;19910528;7222769
org;rec-4227-org;4227;emiily;miles;21;andrea place;apt 211;kingsford;2576;nsw;19841130;4117135
org;rec-2642-org;2642;mitchell;mason;47;edkins street;lochadair;north ryde;3355;nsw;19390212;8859999
org;rec-3310-org;3310;tristan;lombardi;3;morduant place;duck creek;kingaroy;4171;tas;19280422;8584160
org;rec-1677-org;1677;nicholas;de la cruz;1;pelsart street;rosetta village;vermont south;4017;vic;19180823;4669159
org;rec-4757-org;4757;dillon;cranefield;9;loch street;rowethorpe d1;lutwyche;2650;qld;19601109;7417124
org;rec-3347-org;3347;willow;tsolakis;35;elsey street;kempfield;low head;6169;vic;19200916;1293288
org;rec-4879-org;4879;rebecca;clutterbuck;;blair street;apt 2005;proserpine;4701;nsw;19350120;3520636
org;rec-4436-org;4436;pia;abat;16;tardent street;blue hills;sale;6100;tas;19030803;9804900
org;rec-3306-org;3306;;green;2;castlereagh crescent;dunbogan caravan park;beecroft;3073;tas;19760131;5181228
org;rec-4046-org;4046;carla;matthews;3;waramanga place;maculata;humpty doo;3064;wa;19480730;5223185
org;rec-2259-org;2259;hayley;hanna;240;burhop close;peridon vlge;ryde;2077;nsw;19491020;3697216
org;rec-2683-org;2683;oliver;dent;169;noble place;bellambi;strathalbyn;3088;sa;19051006;4438825
org;rec-626-org;626;lauren;moorby;29;rapanea street;new chum;leongatha;3146;nsw;19820530;1758831
org;rec-4272-org;4272;cooper;stockall;32;madigan street;fig trees;mayfield;3944;nsw;19700719;6708332
org;rec-2171-org;2171;lachlan;mcdermid;8;finniss crescent;ettalong beach village;kellyville;4220;vic;19400318;8407575
org;rec-2986-org;2986;olivia;santi;138;krichauff street;rose-lea;port pirie;3976;vic;19590808;5694951
org;rec-2605-org;2605;oliver;jennions;4;o'shanassy street;rye park;glenmore park;3555;nsw;19500316;1498603
org;rec-2586-org;2586;carlin;sherriff;190;hardman street;ocean park towers;cambridge;6059;vic;19651125;5986787
org;rec-4121-org;4121;jaykob;smeaton;246;stuart street;;ardeer;6112;qld;19120411;5014834
org;rec-698-org;698;silas;constance;15;coventry close;omeo;wahroonga;3079;qld;19620628;4562356
org;rec-3397-org;3397;indiana;goode;4;galibal street;antanoff' south;east maitland;3183;vic;19420313;5648189
org;rec-4018-org;4018;jessica;radic;1;edmondson street;kimbe;raceview;6280;qld;19120920;7256699
org;rec-1911-org;1911;olivia;gully;3;cockburn street;booligal;;2163;qld;19150112;1992595
org;rec-1372-org;1372;brooke;burford;85;smiths road;moolooboola;kinglake west;4560;nsw;;8804970
org;rec-4423-org;4423;meg;everett;13;greenough circuit;miowera;caves beach;2267;nsw;19660606;8990768
org;rec-4409-org;4409;joshua;needham;20;cornish place;jackaranda lodge;manunda;2325;qld;19130421;6586520
org;rec-4850-org;4850;cooper;rovira;19;maclaurin crescent;suunybrae;broken hill;3144;qld;19121113;8734370
org;rec-4664-org;4664;;czarnik;10;bunbury street;glenavon;ulmarra;4225;qld;19601222;3960160
org;rec-2809-org;2809;lily;mounce;92;symers street;donald coburn lodg;ferryden park;2100;qld;19000224;4142857
org;rec-3888-org;3888;kyle;leane;13;macarthur avenue;warrol;booragul;2200;nsw;19770320;7924874
org;rec-3032-org;3032;maddison;jiang;8;templeton street;kurrabri;lamington;3556;vic;19610619;7894969
org;rec-809-org;809;jasmin;kulas;1;sheehan street;salimtal;toowoomba;3850;nsw;19210113;7425903
org;rec-440-org;440;james;alderson;52;bellchambers crescent;paddy's river;;3337;qld;19071013;4232347
org;rec-3137-org;3137;ridley;dumbrell;11;terry close;dalamar;naremburn;3031;qld;19870116;3888893
org;rec-990-org;990;jasmyn;yeap;30;white crescent;lawley park;murray bridge;3079;nsw;19500508;9139909
org;rec-4688-org;4688;jamie;cloke;124;kosciusko avenue;;springwood;3125;nsw;19891008;3390421
org;rec-3819-org;3819;michael;white;20;ulm street;elmwood;jindalee;6323;vic;19560227;4757924
org;rec-1544-org;1544;madeline;bradshaw;22;saywell place;little nest;charlestown;6430;nsw;19190915;3776965
org;rec-4027-org;4027;kayla;twigg-patterson;3;mcclelland avenue;craigie-lea;ringwood east;2071;nsw;19290118;7885517
org;rec-1459-org;1459;tiana;lionis;207;holroyd street;jewells medical centre;pennant hills;3463;qld;19990424;5662051
org;rec-1895-org;1895;tabitha;prytula;2;totterdell street;rsde 817 wallace;nabawa;4017;sa;19930102;4076797
org;rec-4019-org;4019;jack;reid;1;withnell circuit;zeevoo;hawthorn;2576;qld;19430103;3187380
org;rec-1370-org;1370;breeanne;browne;5;ebenezer street;kilburnie;toowong;5072;nsw;19511023;6301444
org;rec-3072-org;3072;heather;paulsen;1;ahern place;unt 3;mulgrave east;2540;qld;19840615;3281035
org;rec-1579-org;1579;robert;leane;8;green street;court units;broadbeach waters;4128;vic;19880611;3938828
org;rec-859-org;859;macey;lowe;4;butlin place;lotus lodge hostel;enoggera;2680;tas;19081128;3271563
org;rec-2868-org;2868;michael;george;8;burkitt street;halfmoon station;toowoomba;2026;nsw;19350216;3561120
org;rec-931-org;931;matthew;goldsworthy;5;karuah street;;cabramatta;5554;wa;19771013;5645462
org;rec-2589-org;2589;;lowry;150;syron place;wirong;;4066;vic;19880923;8557384
org;rec-4620-org;4620;flynn;zilm;6;beaurepaire crescent;mandurah gardens est;duncraig;3068;vic;19500619;6378859
org;rec-3889-org;3889;bridget;bordin;27;froggatt street;villa 3;nhill;2016;sa;19290813;9532722
org;rec-459-org;459;joshua;arbalis;60;gabriel place;the meadows;lilydale;2045;vic;19230819;5884108
org;rec-3245-org;3245;harrison;burman;24;la perouse street;bypass road;yarrawonga;2122;vic;19531122;8916268
org;rec-711-org;711;oscar;lowe;30;ranken place;bayview caravn park;bondi junction;2150;nsw;19710617;6682996
org;rec-2165-org;2165;holly;matthews;5;bingley crescent;strathalynne;beaudesert;6158;nsw;19610114;5757476
org;rec-2477-org;2477;alexander;stoneman;124;kent street;sec 1;northgate;4010;qld;19320612;7675532
org;rec-3829-org;3829;grace;white;27;beagle street;apmnt 203;morwell;4655;sa;19411110;3498158
org;rec-4140-org;4140;patrick;tomney;49;smiths road;tillabudgery;ascot vale;2340;qld;19390509;4461989
org;rec-714-org;714;emiily;zeck;7;garanya street;rowethorpe;granville;3226;wa;19000603;9875041
org;rec-667-org;667;daniel;rollins;22;hemmings crescent;flt 68;wantirna;3916;nsw;19840108;9812011
org;rec-3187-org;3187;gabriel;tippins;6;kirby place;moranbah;wentworth falls;4655;nsw;19660608;3840632
org;rec-4772-org;4772;blake;fitzpatrick;14;boote place;armidale private hospital;concord west;3058;nsw;19240223;6366376
org;rec-4139-org;4139;charlotte;maynard;33;tarrabool street;little shalford;worongary;2068;nsw;19840915;3337218
org;rec-1427-org;1427;brigette;rankine;47;chewings street;gostwyck;west lakes;2229;qld;19750725;5214389
org;rec-68-org;68;roy;howie;59;reader court;rosebery hill;wanniassa;4213;qld;19360115;9350479
org;rec-3000-org;3000;caitlin;everett;716;clive steele avenue;vincent court;penshurst;2111;qld;19010417;1129560
org;rec-3011-org;3011;alaiyah;klemm;12;crozier circuit;sec 161;towradgi;6330;vic;19100824;5690083
org;rec-1276-org;1276;abbey;parfilo;13;chandler street;barossa village;albany creek;2065;vic;19891112;8843836
org;rec-1325-org;1325;hayden;ayres;22;castleton crescent;kojonolokan hills;leongatha;2107;sa;19970513;1502848
org;rec-745-org;745;tahlia;white;8;black street;the haven pole;wantirna;4350;sa;19570317;4436806
org;rec-3909-org;3909;ruby;vincent;1;gawler crescent;knmre street;penshurst;3585;nsw;19700602;6532162
org;rec-3680-org;3680;liam;britten;7;vagabond crescent;myliton;alice springs;3046;nsw;19051004;6919659
org;rec-649-org;649;mia;haeusler;;stockdale street;rowethorpe;cleveland;3011;nsw;19091107;3742016
org;rec-288-org;288;georgia;browne;19;arthur circle;aminya hmes;murrabit;2010;vic;19960923;9940324
org;rec-1605-org;1605;jackson;kellow;2;dumas street;rocklea;hamilton;6029;wa;19660925;8602157
org;rec-1152-org;1152;samuel;wilkins;16;schlich street;wildes mdw;hayborough;3152;nsw;19680910;2994606
org;rec-4146-org;4146;emiily;marous;42;short place;eventide homes;dolphin heads;3182;vic;19151031;9458847
org;rec-2931-org;2931;;campton;31;kennewell place;palms lodge;coolbellup;4171;nsw;19030416;2809212
org;rec-3506-org;3506;isaiah;crossman;14;hopetoun circuit;inveraray;emu park;3175;nsw;19680729;7045589
org;rec-2324-org;2324;michael;scarce;92;perry drive;parklands village;long jetty;2620;act;19930925;6703972
org;rec-1859-org;1859;angie;arbuckle;14;mcinnes street;;ballarat;4808;nsw;19890525;7610312
org;rec-770-org;770;samara;;2;lewis luxton avenue;;pooraka;2778;act;19170725;9740765
org;rec-1357-org;1357;tiarna;lapienis;47;hunter street;cooralook;ormond;6027;nsw;19971203;3933703
org;rec-891-org;891;eboni;timperon;38;bentham street;engelbert wing;berwick;2560;nsw;19531206;1115863
org;rec-506-org;506;madeline;hage;15;banner street;oreel;bayswater;4860;nsw;19640929;6710911
org;rec-887-org;887;braiden;kang;74;bastow circuit;inglewood;rivett;2092;qld;19290221;6533958
org;rec-2567-org;2567;lushia;george;15;faithfull circuit;tynwall;cranbourne;5083;nsw;19180219;9545129
org;rec-1703-org;1703;jett;white;37;marshall street;avalind;greenacre;3500;wa;19141102;4115932
org;rec-1760-org;1760;nicholas;eglinton;13;newdegate street;villa 2;elwood;4061;nsw;19680630;7806235
org;rec-3644-org;3644;natassia;mccarthy;16;newman morris circuit;st john of god hospital;port sorell;6324;nsw;19761016;1123871
org;rec-1071-org;1071;braiden;hohn;6;swinden street;alanvale;mulgrave east;7140;nsw;19920920;4170069
org;rec-1151-org;1151;courtney;gilbertson;35;maccallum circuit;barley hill;granville;2646;qld;19910105;5257049
org;rec-84-org;84;george;de boar;304;gungurra crescent;black snake creek;exeter;2430;nsw;19051129;2671881
org;rec-3584-org;3584;riley;pascoe;86;lexcen avenue;brentwood vlge;south brisbane;7053;sa;19380905;1815088
org;rec-2819-org;2819;polly;nguyen;278;raiwalla court;willaroo;beaconsfield upper;3029;qld;19260902;8797418
org;rec-333-org;333;joshua;akot;8;edmunds place;villa 18;dapto;6071;vic;19010703;3188786
org;rec-2511-org;2511;wil;araya;57;sandover circuit;;belmont;4220;wa;19770709;9179475
org;rec-1799-org;1799;alexander;shepherd;11;sprent street;orange specialist medical centre;taree;0812;nsw;19121023;6769513
org;rec-4930-org;4930;nicholas;jolly;181;tullaroop street;federation cove;old toongabbie;2606;wa;19660414;3580537
org;rec-2817-org;2817;amber;canavan;;;karinga park;hawthorn;2540;vic;19820904;1356716
org;rec-186-org;186;georgia;campbell;22;kalgoorlie crescent;rowethorpe;sherwood;3134;nsw;19730322;6197687
org;rec-979-org;979;chloe;stanley;69;fisken crescent;hawkhurst cottage;ermington;2090;nsw;;5004344
org;rec-4137-org;4137;liam;schwaz;1005;elvire place;narada;bronte;2137;tas;19470324;4505367
org;rec-3450-org;3450;jesse;white;9;dalley crescent;;north kirra;3143;nsw;19820904;8123185
org;rec-3560-org;3560;tai;matthews;161;norman fisher circuit;home vlge;bracknell;2258;qld;19120506;7535799
org;rec-1609-org;1609;oscar;hartland;16;prout place;gummin gummin;moonah west;3218;nsw;19440709;6879379
org;rec-2332-org;2332;laura;mizon;52;mugga lane;jarrah rd shopping town;penguin;2038;nsw;19510906;9223852
org;rec-426-org;426;robert;clarke;42;miller street;central highlands medical centre;port macquarie;3337;vic;19601221;8342535
org;rec-4575-org;4575;jordan;rosa;99;dobson street;ben nevis estate;berwick;2145;qld;19180519;4793062
org;rec-3977-org;3977;oliver;compton;8;moncrieff street;bingletree;shell cove;6153;nsw;19531025;5548627
org;rec-3983-org;3983;benjamin;paine;277;;rose lane centre;glengowrie;2046;vic;19531018;3571554
org;rec-2238-org;2238;millane;laundon;14;forbes street;red cross units;auburn;2035;nsw;19640213;6060013
org;rec-1614-org;1614;jack;moscatt;15;hosking place;;st kilda east;2600;vic;19611218;2565922
org;rec-3098-org;3098;jacob;webb;6;majura road;moline village;ashfield;4352;tas;19470221;1586712
org;rec-2450-org;2450;thomas;wyllie;512;brand street;ferndale;rossmoyne;5042;vic;19040823;9017484
org;rec-4364-org;4364;harry;boyes;14;kadina crescent;hobbit hole;regents park;3199;qld;19550309;6398424
org;rec-3654-org;3654;raquel;vandonderen;23;clift crescent;albaredo;maryborough;5113;nsw;19591023;7083852
org;rec-3484-org;3484;harry;dignam;22;investigator street;;fairlight;2535;qld;19241105;2134538
org;rec-1144-org;1144;joel;shepherdson;515;elvire place;glanworth station;mayfield;2000;vic;19250903;9617566
org;rec-1458-org;1458;connor;green;95;warrai place;brindabella specialist centre;padstow;4051;nsw;19500301;5431719
org;rec-4144-org;4144;holly;rees;2;palmer street;granny flt;nairne;2387;;19700911;3352448
org;rec-1735-org;1735;holly;alderson;1;chippindall circuit;rockview;broadmeadows;3000;nsw;19770722;3799511
org;rec-2710-org;2710;jordan;mirritjawuy;8;batchelor street;st vincents medical centre;applecross;3505;sa;19250215;1153859
org;rec-4457-org;4457;charlotte;hathaway;5;hartung crescent;anzac house (cnr archer s street;broken hill;6060;qld;19740418;2652077
org;rec-972-org;972;sophie;bacchus;11;adamson crescent;tweed heritage caravan park;katherine;2036;nsw;19700707;3628289
org;rec-4529-org;4529;hayden;needham;1;daintree crescent;kiouwa;corrimal;3218;nsw;19020930;4674771
org;rec-3202-org;3202;chloe;mason;9;beirne street;grandview;st albans;2035;nsw;19760319;1704784
org;rec-3208-org;3208;alexander;kerslake;8;lipscomb place;fm 627;ascot park;2036;wa;19120211;9737053
org;rec-1336-org;1336;max;britten;2;schlam place;gowrie;dungog;5075;wa;19441213;9043323
org;rec-956-org;956;lara;stirpe;60;wilshire street;the boulevarde;wanneroo;2160;wa;19100118;7108358
org;rec-4063-org;4063;aiden;roche;48;eppalock street;elmwood;port lincoln;4573;wa;19400329;6195026
org;rec-3142-org;3142;oakleigh;hoang;72;la perouse street;tiverton;wyong;4817;tas;19680324;6697687
org;rec-1222-org;1222;faith;dougal;921;levey place;minora cotge;toowoomba;2905;nsw;19550808;1574726
org;rec-4680-org;4680;zac;vincent;19;sturt avenue;grandview;brighton-le-sands;6024;nsw;19250320;4898468
org;rec-1470-org;1470;ruby;paine;27;tatchell street;belandean;lennox head;3350;nsw;19030605;4010380
org;rec-1307-org;1307;danielle;campbell;582;paul coe crescent;ningana;bronte;3156;nsw;19531121;9708458
org;rec-2164-org;2164;channing;genovese;193;fernyhough crescent;cockatoo;clayton;7140;sa;19570424;4371940
org;rec-4746-org;4746;gabrielle;fargahry-tolba;10;northbourne avenue;pia place;st georges basin;2011;vic;19640424;7326839
org;rec-359-org;359;joshua;cloke;11;mcquade close;malinga;kyabram;2650;;19640531;9168763
org;rec-2820-org;2820;millie;neville;38;menzies court;;toowoomba;2066;nsw;19950511;8251642
org;rec-3771-org;3771;campbell;zilm;20;mullan street;eden park;camden;3056;wa;19870523;8679206
org;rec-3730-org;3730;shanaye;navarro;103;frater crescent;central coast van park;dulwich hill;4520;vic;19211104;9601221
org;rec-602-org;602;benjamin;green;78;jennings street;botin;terranora;6009;vic;19681029;4718046
org;rec-2947-org;2947;;herbert;2;copland drive;booligal;gin gin;3971;nsw;19160928;7114569
org;rec-4339-org;4339;lily;reid;27;tyrrell circuit;bright view;port sorell;2578;sa;19010405;2062273
org;rec-181-org;181;portia;coumans;14;wakool circuit;silverweir;geurie;3875;qld;19060626;6637994
org;rec-937-org;937;oliver;netteefold;35;alphard place;fairlight;semaphore park;3802;vic;19570625;4691024
org;rec-3428-org;3428;ashlee;bishop;40;john james hospital;omaha;dromana;4816;nsw;19000916;8269833
org;rec-2564-org;2564;pino;shepherd;55;warragamba avenue;pineview farm;sale;5608;vic;19100226;5952587
org;rec-1494-org;1494;harriet;jean;184;gooreen street;ordview estate;greensborough;5097;nsw;19600312;4399358
org;rec-4326-org;4326;mikhaili;appletree;20;mcwhae circuit;crannog;jacana;4115;vic;19061023;9563099
org;rec-4017-org;4017;sophie;canavan;13;yanda street;evergreen;malvern east;2022;wa;19520105;7624166
org;rec-1919-org;1919;noah;bishop;12;stobie place;highgate;bailey creek;2134;qld;19130403;4950296
org;rec-1355-org;1355;hannah;morrison;14;strzelecki crescent;orchid square;auburn;2151;qld;19010126;4820527
org;rec-1174-org;1174;lily;browne;1;spring range road;wandella park snowy;somerset;2042;qld;19990812;1727298
org;rec-4430-org;4430;mason;homann;45;sommers street;professional centre;vaucluse;4873;vic;19130214;7096543
org;rec-2195-org;2195;samuel;scamoni;56;daly street;bradshaw crt kirkbrae village;wahroonga;4020;nsw;19740814;6876315
org;rec-2409-org;2409;alexander;kermeen;2;cooksey place;;ormond;2036;qld;19490816;3562579
org;rec-4349-org;4349;jared;white;33;dawes street;villa 3;sandy bay;2871;nsw;19640307;2135501
org;rec-3185-org;3185;shelbey;david;19;stephen street;pine tree;port macdonnell;3172;qld;19810202;3051544
org;rec-1134-org;1134;lachlan;ebert;37;barcoo place;low ponds;corio;3191;sa;19720105;4689114
org;rec-1850-org;1850;macormack;clarke;215;giblin street;argyle village;leongatha;3335;vic;19180705;3112446
org;rec-2608-org;2608;lachlan;groenveld;733;herschell circuit;;graceville;3016;nsw;19770716;8547078
org;rec-1733-org;1733;brianna;singleton;7;agonis close;;mulwala;2067;act;19510311;7420967
org;rec-3123-org;3123;jackson;carbone;133;mileham street;;carranballac;3139;qld;19180312;6993200
org;rec-1004-org;1004;john;priest;1;damala street;woodstock park;beaumont;2566;wa;19420618;7215574
org;rec-981-org;981;laklynn;chandler;7;bangalay crescent;carisbrook;mount gravatt;4122;nsw;19371103;3919587
org;rec-1907-org;1907;charlotte;coffey;5;hallen close;thurlimbah;ringwood;2560;;19741217;9493726
org;rec-3813-org;3813;amy;mason;279;casuarina street;memorial hospital;bundaberg;3056;vic;19121126;4368305
org;rec-1003-org;1003;bradley;matthews;2;jondol place;horseshoe ck;jacobs well;7018;sa;19481122;8927667
org;rec-93-org;93;charlotte;bristow;22;mockridge crescent;nioka;harbord;5086;nsw;19351112;4814908
org;rec-3743-org;3743;lachlan;kluske;4;perrin circuit;violet creek;lindfield;3978;nsw;19240721;8252947
org;rec-4799-org;4799;molly;hanna;18;lewis luxton avenue;tulliallan;salisbury east;2092;vic;19171018;3994290
org;rec-4060-org;4060;matthew;green;57;howitt street;;;4740;wa;19861119;3767916
org;rec-2802-org;2802;michael;bartel;6;chewings street;buena vista;sea lake;2777;nsw;19550822;9818191
org;rec-4014-org;4014;felicity;white;24;carter crescent;mirreanda;geelong south;3892;sa;19480806;9575304
org;rec-3243-org;3243;jacobie;white;32;pitcairn street;willowfield;sefton;2565;wa;19940831;6421878
org;rec-3289-org;3289;megan;jessup;5;wyatt street;beachfront caravan park;ringwood;3225;nsw;19010928;9738709
org;rec-4421-org;4421;joanna;needham;238;britten-jones drive;gogulger stock;albury;5081;qld;19760124;3761376
org;rec-2859-org;2859;simon;whiteley;52;hardwick crescent;centrefair plaza;kardinya;4017;vic;19010920;7819784
org;rec-4210-org;4210;mia;nguyen;30;hackett garden;calliope caravan park;wallsend;5608;wa;19350114;4435167
org;rec-3040-org;3040;zane;webb;21;mackinolty street;mayflower retrmnt vlge;ganmain;6018;vic;19190523;1897310
org;rec-1554-org;1554;jock;sedunary;466;douglas close;the briar patch;nar nar goon;3015;sa;19970805;3855499
org;rec-4897-org;4897;brooke;klimowski;222;beasley street;dungavon;woree;4113;nsw;19140805;6086531
org;rec-2372-org;2372;nicholas;colantoni;2;illingworth street;mallee downs;st albans;2518;vic;19651019;4914391
org;rec-1456-org;1456;damien;couzens;32;paul coe crescent;mount beauty;greensborough;3206;qld;19940415;7719637
org;rec-3702-org;3702;sophie;wiseman;42;rivett street;;greenfield park;2615;wa;19290619;3983966
org;rec-3955-org;3955;joshua;wardle;13;pennefather street;greenlake;joondanna;2605;act;19450501;4072887
org;rec-687-org;687;brodie;green;169;staunton place;;bellevue hill;3171;nsw;19690410;5667813
org;rec-3777-org;3777;lachlan;ricard;40;maribyrnong avenue;tintagel;bowral;4158;sa;19471123;6012074
org;rec-2008-org;2008;nicole;riddell;9;saunders street;scts crk;macquarie park;6323;nsw;19040601;8785526
org;rec-443-org;443;olivia;matthews;7;frater crescent;waterdale;marmion;3185;qld;19230219;8833281
org;rec-3295-org;3295;nathan;ottens;1625;sanford place;howie circuit;little mountain;2448;nsw;19511207;6076799
org;rec-3443-org;3443;jake;elphick;26;olympus way;melita;burnett heads;2064;qld;19070201;4724453
org;rec-390-org;390;rebecca;white;34;wilkins street;;campbelltown;5038;vic;19040710;7459820
org;rec-2047-org;2047;belinda;de gennaro;178;sturdee crescent;birks harbour;bundaberg;6030;nsw;19210814;9392022
org;rec-659-org;659;anneliese;skvaril;24;julia flynn avenue;;batemans bay;2456;nsw;19141122;5572688
org;rec-4745-org;4745;lucas;kulesza;7;bertel crescent;southern cross;lawrence;2577;wa;19460901;1047465
org;rec-222-org;222;adele;shorrock;116;mack street;manor park;connolly;3149;nsw;19080107;1788372
org;rec-860-org;860;daniel;belperio;17;templeton street;murray vale murray valley;gawler west;2066;nsw;;8978859
org;rec-629-org;629;william;lund;8;bridge street;pevensey;bowral;4350;qld;19211017;4144401
org;rec-4369-org;4369;sienna;kilby;21;archdall street;yoorana;st albans;2090;qld;19940203;8614284
org;rec-4094-org;4094;michael;boesten;7;dannevig place;leumeah;floreat;4702;qld;19991004;6078871
org;rec-1908-org;1908;chloe;white;91;phillip avenue;avenel;toowoomba;3550;qld;19520722;2709559
org;rec-1890-org;1890;james;laverty;8;hovea street;mosman park;somerton park;2913;nsw;19161031;8889937
org;rec-3961-org;3961;emma;thorpe;60;sharwood crescent;wyuna;warriewood;4510;vic;19211218;3969676
org;rec-2350-org;2350;gillian;lodge;29;stacy street;;menangle;2765;nsw;19000626;9298526
org;rec-1506-org;1506;madeleine;bradshaw;90;burkitt street;mindaree;tuart hill;3300;nsw;19180720;9562529
org;rec-1069-org;1069;amelia;lowry;54;jandamarra street;ellwood;kinglake east;4208;qld;19231009;2439141
org;rec-2893-org;2893;matthew;mason;14;derrington crescent;santa lucille;avalon;2602;nsw;19280503;6339601
org;rec-2791-org;2791;ella;hawes;51;stubbs crescent;;kaleen;3195;nsw;19100115;3998567
org;rec-4927-org;4927;daniel;glass;8;roe street;rowethorpe;williamstown;2026;tas;19170309;4569679
org;rec-3002-org;3002;charlie;cure;44;eugenia street;marlin cove;potts point;3031;vic;19290418;7251588
org;rec-1410-org;1410;kyle;colantuono;8;moynihan street;cosy corner;lennox head;6081;vic;19960130;1684057
org;rec-4536-org;4536;ruben;weaver;;stevenson street;tallinga park;wahroonga;5280;vic;19190427;1196393
org;rec-1217-org;1217;maddison;mahon;62;ellenborough street;brentwood vlge;east gordon;2224;qld;19381111;9640898
org;rec-3897-org;3897;ella;estcourt;12;gellatly place;mayfair;braddon;3850;nsw;19090814;2110759
org;rec-4655-org;4655;isaiah;drysdale;10;hingston close;;glenhaven;3630;vic;19370729;4360928
org;rec-3138-org;3138;jacob;delfos;61;morgan crescent;valicare;geurie;4557;act;19510208;4071052
org;rec-1559-org;1559;jemima;belperio;12;strehlow place;rainbow ridge;margaret river;4012;nsw;19281001;3997984
org;rec-3107-org;3107;emiily;braithwaite;86;beasley street;belmont bayview park;st agnes;4814;nsw;19140328;4464915
org;rec-662-org;662;lily;kradolfer;12;wanganeen avenue;broughton brook;toowoomba;2750;vic;19501111;2841376
org;rec-1302-org;1302;tiarna;mason;37;ames place;grandview;ashgrove;2077;sa;19640227;7346247
org;rec-3841-org;3841;esme;leslie;89;galleghan circuit;five oaks;brighton;6007;tas;19520521;7091838
org;rec-4675-org;4675;miranda;;4;banner street;parraweena;mitcham;2615;qld;19940321;7871784
org;rec-513-org;513;tara;huddy;14;diggles street;st francis village;park holme;2603;vic;19160630;3611615
org;rec-3149-org;3149;bethany;jolly;31;melba street;sheep station;paddington;3039;wa;19690622;9831162
org;rec-2816-org;2816;jackson;edgecombe;3;ranken place;johamenline;bonython;5167;wa;19970731;5991164
org;rec-4685-org;4685;kelsea;worsley;65;mackellar crescent;;hemmant;4208;qld;19990610;6206107
org;rec-384-org;384;michael;richmond;7;tanumbirini street;professional centre;bundaberg;3020;sa;19650831;6836733
org;rec-752-org;752;georgia;weidenbach;4;marou place;blueberry;innaloo;4068;vic;19280919;5368200
org;rec-3395-org;3395;connor;carbone;;willyama place;kalooca;buddina;2700;nsw;19090228;1119288
org;rec-3036-org;3036;robert;sheldon;37;baume crescent;springdale;cowra;4650;vic;19301118;7823439
org;rec-3884-org;3884;lucas;bishop;14;oldfield circuit;the points holsteins;woodville gardens;7212;qld;19210425;2795703
org;rec-1401-org;1401;dylan;compton;40;neville place;eagle crest;st albans;6285;wa;19600602;3323170
org;rec-930-org;930;noah;cadman;20;kingsmill street;mirra monte;ulverstone;4614;qld;19200119;1543323
org;rec-720-org;720;lucas;coleman;27;burn street;bluegum;ringwood;2843;vic;19991101;7896258
org;rec-2600-org;2600;oscar;vrlic;10;singleton crescent;toora;robertson;4220;vic;19700526;4539064
org;rec-3281-org;3281;elton;shadbolt;35;finniss crescent;riverbend;bacchus marsh;4179;vic;19031005;1581334
org;rec-1808-org;1808;gemaley;covino;158;naismith place;doribank;paddington;4551;qld;19060725;6706561
org;rec-4147-org;4147;bethany;webb;3;cullen street;sunning;narellan vale;3630;qld;19431219;4827546
org;rec-2119-org;2119;oakleigh;shepherd;106;rosewood place;allanvale;dalby;2259;vic;19480913;9643705
org;rec-4815-org;4815;connor;kibby;23;antill street;dunmunkle lodge;alice springs;6155;nsw;19740907;3575462
org;rec-4525-org;4525;hayley;bloomfield;58;jondol place;pine hill;plumpton;5725;qld;19310515;2689302
org;rec-3126-org;3126;jasmine;mcfadden;46;noongale court;rosetta village;marshdale;4215;sa;19760927;6401287
org;rec-533-org;533;luke;harrington;1539;macdonnell street;glenmarla rmb 2563;cloverdale;4573;;19020202;8262052
org;rec-3265-org;3265;aaron;baohm;;;locn 316;upper coomera;6016;qld;;7238727
org;rec-4442-org;4442;kadin;crosswell;2;telopea park;karobean;leongatha south;2070;vic;19410715;4079644
org;rec-2808-org;2808;emiily;lowry;31;chaseling street;wonba;ingleburn;2193;nsw;19940616;9820630
org;rec-2716-org;2716;georgia;polmear;5;sherbrooke street;ra 881;blacktown;3156;vic;19321116;1862687
org;rec-1977-org;1977;aidan;morrison;2;broadsmith street;;cloverdale;2787;act;19140202;8821751
org;rec-2599-org;2599;sidonie;trenery;143;jerrabomberra avenue;lindoran;ashfield;2766;nsw;19150107;9307008
org;rec-2726-org;2726;charlie;thorpe;775;edman close;kandahar;bull creek;2066;vic;19620923;4837521
org;rec-4003-org;4003;andrew;simmonds;9;blackman crescent;ra 23012;ashgrove;2204;nt;19131226;1378126
org;rec-1645-org;1645;christian;drechsler;75;white crescent;;summer hill;7018;sa;19580327;1471940
org;rec-456-org;456;jaxson;ryan;51;staunton place;wilderness;greenacre;6430;vic;19270613;7731951
org;rec-4343-org;4343;jordan;paterson;63;grono place;tarqua;orange;2607;nsw;19420219;2467275
org;rec-2436-org;2436;mitchell;mason;5;hurtle avenue;lucerne park;telangatuk;4812;qld;19130817;9172315
org;rec-974-org;974;caitlin;luckens;180;ortloff place;brokenspoke;ryde;4051;qld;19640720;3391457
org;rec-4071-org;4071;laklynn;white;30;french street;mari-ma farm;eleebana;4655;nsw;19040312;2842344
org;rec-2122-org;2122;caleb;campbell;3;port jackson circuit;port 363v;spencer park;3084;vic;19020505;9476622
org;rec-2118-org;2118;xavier;pulford;53;nicolle place;nyarrin cottage;findon;6726;wa;19780903;6072382
org;rec-4832-org;4832;carlin;flannery;67;namadgi circuit;regal oaks retirement vlge;swan hill;4101;vic;19240419;3896653
org;rec-2499-org;2499;samara;reid;6;gardiner street;yulunga;blacktown;5433;nsw;19020405;4889678
org;rec-4332-org;4332;georgia;carmody;107;ashburton circuit;;wamuran;3936;nsw;19870920;9507232
org;rec-794-org;794;kristen;godfrey;48;dumas street;dromard;bray park;4157;sa;19700425;5874139
org;rec-353-org;353;zachary;bartel;116;leist street;the gums;hawthorn;3178;vic;19481219;9052374
org;rec-1195-org;1195;jessica;blackwell;20;mcgee place;brentwood vlge;ermington;2795;sa;19801015;4099338
org;rec-4769-org;4769;jed;salt;15;kurrama close;;midway point;4102;nsw;19541122;7471593
org;rec-3797-org;3797;isabella;hoehne;8;casuarina street;wai iti;salisbury;2452;nsw;19880607;4585386
org;rec-2667-org;2667;daniel;nykamp;10;jingara cottage;baanenuc;warburton;3806;nsw;19611221;3482588
org;rec-1794-org;1794;sienna;cacciotti;57;nullagine street;avonlea park rmb 4045;parkinson;3168;qld;19770318;1586091
org;rec-4261-org;4261;anthony;hope;136;buckmaster crescent;locn 2655;numeralla;3138;nsw;19330922;3443364
org;rec-1553-org;1553;ebony;robson;31;freda bennett circuit;rowethorpe;ryde;2450;nsw;19301219;3841520
org;rec-1729-org;1729;hayden;thredgold;7;callaway crescent;danric lodge;keilor park;2365;nsw;19370416;5433941
org;rec-328-org;328;ronan;zatorski;13;lott place;bobblegigbie;ringwood east;5109;qld;19870107;5925683
org;rec-3973-org;3973;katie;chorley;99;kangaroo court;tarqua;blakehurst;2738;vic;19380305;4782391
org;rec-1986-org;1986;sarah;handel;356;twelve trees crescent;maclee;brooloo;4111;nsw;19311009;8033344
org;rec-235-org;235;katelyn;campbell;11;ogden close;willandra village;preston;2148;tas;19291114;4043690
org;rec-819-org;819;jessica;bastiaans;130;beazley crescent;sun valley caravan park;ingleburn;3028;qld;19270912;7965000
org;rec-4578-org;4578;jasper;bysord;5;cann close;;boondall;7120;qld;19570724;7152705
org;rec-3620-org;3620;diamond;mason;371;madigan street;brumby's run;flora hill;2250;nsw;19161109;2452931
org;rec-4633-org;4633;cassandra;eng;117;city walk;moondani;sefton;3207;vic;19570716;1718688
org;rec-2773-org;2773;daniella;millar;12;rapanea street;the briar patch;taree;3193;qld;19920714;7697624
org;rec-2309-org;2309;henry;pozniak;2;ashkanasy crescent;nelgrove park;beenleigh;2171;tas;19521203;7678518
org;rec-268-org;268;phoenix;mason;19;fawkner street;diablo;;6258;sa;19630713;2078364
org;rec-1037-org;1037;luke;mahony;58;scaddan place;elston;beenleigh;2830;qld;19550621;6013061
org;rec-2460-org;2460;;felmingham;49;gawler crescent;wingara;wynnum west;6159;nsw;19920718;7791969
org;rec-3186-org;3186;jamie;lando;38;dominion circuit;brundah property;southbank;2800;sa;19510314;7802847
org;rec-334-org;334;nicolas;bartel;160;furphy place;bridgewater estate;ekibin;3630;nt;19890220;2422771
org;rec-2840-org;2840;marianne;kastrappis;;hansen circuit;hotel laguna;seven hills;3175;vic;19490106;2934534
org;rec-278-org;278;samuel;gilbertson;7;phillips place;bulliac street;potts point;6151;qld;19581011;9448590
org;rec-3192-org;3192;emiily;dolan;19;bagshaw place;legacy units;hopefield;2705;tas;19320911;7815080
org;rec-1823-org;1823;jackson;zilm;8;marungal avenue;dykehead;toormina;3052;nsw;19390626;2961711
org;rec-352-org;352;kobe;miliano;89;sprent street;glenlee;eaglehawk;2040;qld;19710302;6038986
org;rec-1928-org;1928;kyle;hawes;6;len waters street;castlewood;greensborough;3171;nsw;19090430;5553221
org;rec-2156-org;2156;brooke;broadby;13;smith street;golden ponds resort;petrie;4070;qld;19101119;1067112
org;rec-4985-org;4985;alissa;ryan;519;boobialla street;urimbirra;seaforth;6018;nsw;19990829;1669952
org;rec-122-org;122;bianca;ryan;67;de little circuit;march rising;westmead;6163;wa;19091028;4864427
org;rec-4190-org;4190;zane;crouch;9;allan street;sbend carvn park;invermay;2135;tas;19590501;6678712
org;rec-769-org;769;deakin;dooley;52;moulder court;highgate;dundowran;3113;qld;19111113;9047714
org;rec-2909-org;2909;tristan;quilliam;14;banner street;marjidin;ulverstone;3250;sa;19671214;3784610
org;rec-3023-org;3023;bridget;hand;210;bunton place;flt 10;parkinson;2705;nsw;19391228;3815665
org;rec-3127-org;3127;alyssa;shepherdson;;wuruma place;the willows;leichhardt;2165;qld;19380508;8856944
org;rec-3653-org;3653;samantha;glass;40;whistler place;foxlea;evans head;5480;wa;;3783154
org;rec-1119-org;1119;rachel;george;9;meares place;brentwood village;tuart hill;6008;nsw;19910224;4083414
org;rec-1188-org;1188;luke;hyrycz;12;mclachlan crescent;pines drive;burwood;4122;sa;19670909;2186299
org;rec-785-org;785;matthew;egan;80;eve place;alawah;toowoomba;3377;sa;19040522;1160317
org;rec-4253-org;4253;harley;mclaine;419;john young crescent;;hamilton;2261;qld;19380511;5510205
org;rec-1717-org;1717;jade;binns;2;fiveash street;caterer;auburn;3690;nsw;19470306;5117331
org;rec-3844-org;3844;luke;wotton;36;gleeson place;birch grove;westlake;3189;vic;19780117;6707270
org;rec-2003-org;2003;mitchell;webb;15;denovan circuit;villa 3;connewarre;5091;nsw;19801006;8786441
org;rec-1518-org;1518;alicia;fardell;63;reveley crescent;pint pot;sunshine beach;2203;nsw;19471004;7172127
org;rec-1207-org;1207;kyle;clarke;27;bradfield street;parklands village;lennox head;4061;nt;19150609;7434508
org;rec-4684-org;4684;nicholas;excell;10;druitt place;tharlane;salisbury;3478;vic;19390713;5109979
org;rec-1383-org;1383;trinity;coulson;45;horsley crescent;wilga;para hills;3056;nsw;19920226;4445753
org;rec-3290-org;3290;zachary;clarke;250;fristrom crescent;waiweer;rochedale south;3550;vic;19200830;4054598
org;rec-2488-org;2488;bree;boase;48;lyndon street;rathdangan;east melbourne;2087;nsw;19210614;2185538
org;rec-2811-org;2811;vanessa;george;6;cleland street;rowethorpe;mount isa;4122;nsw;19420210;3116798
org;rec-977-org;977;jordan;ryan;5;schutt street;euroka;o'connor;4306;vic;19030111;1659852
org;rec-277-org;277;rachel;freeborn;16;may maxwell crescent;melinda lodge;kilsyth;7325;wa;19250411;6206529
org;rec-4333-org;4333;anton;marinos;44;geils court;mayflower retrmnt vlge;bridgewater;4066;vic;19510826;7146893
org;rec-4555-org;4555;caleb;purbell;53;banksia street;rosevillea;rye;4740;act;19490425;8230410
org;rec-4989-org;4989;rosie;dixon;28;chataway crescent;burramunda;penshurst;2558;nsw;19960211;3496771
org;rec-4156-org;4156;andrew;gaskin;17;trenwith close;merrydale;turner;4567;nsw;19021013;1066355
org;rec-4198-org;4198;nathan;ryan;1340;;bute park;berwick;2228;qld;19790525;5533064
org;rec-3274-org;3274;dominic;hoggan;29;devanny place;birrabilla;portarlington;3175;nsw;19561215;5034600
org;rec-2402-org;2402;makenzi;boase;29;box hill avenue;carrington retrmnt vlge;oak flats;2036;sa;19770104;4259426
org;rec-906-org;906;anthea;;1;priestley place;old farm;ingleburn;3220;qld;19611202;5884746
org;rec-412-org;412;kyle;pascoe;14;cygnet crescent;shadell;abbotsford;4069;wa;19901202;5389384
org;rec-3474-org;3474;josephine;gallio;23;marsden street;sunnydale cottage;blacktown;2753;qld;19230227;8542303
org;rec-1963-org;1963;brooke;green;14;laker crescent;sapri;whittingham;2166;wa;19920111;6640023
org;rec-4825-org;4825;lara;dunis;7;rodda place;dry rush;casino;4170;nsw;19580928;2469542
org;rec-4671-org;4671;andrew;large;29;swainsona street;buena vista;bicton;6022;qld;19800804;9892920
org;rec-4933-org;4933;hudson;caine;19;mackellar crescent;judy's creek;east melbourne;2130;nsw;19490406;7689320
org;rec-3766-org;3766;teaha;lowe;3;crocker place;rosetta village;colac;3058;vic;19411021;1890695
org;rec-2668-org;2668;ethan;hage;62;livingston avenue;enderlee;nunawading;3350;nsw;19210108;4440855
org;rec-2532-org;2532;david;nguyen;95;maurice place;palm grove;;3138;vic;19340626;7414934
org;rec-77-org;77;gillian;chandler;232;caladenia street;;gowrie;3150;nsw;19960922;4237925
org;rec-2899-org;2899;elli;trowse;3;bellingham crescent;villa 3;islington;2560;vic;19220705;1676559
org;rec-4464-org;4464;peyton;marshal;53;arabana street;;plympton south;4156;nsw;19950916;3348499
org;rec-421-org;421;deakyn;cannell;20;vansittart crescent;st vincents medical centre;;6065;nsw;19951221;1255552
org;rec-1026-org;1026;lochlan;weaver;30;carnegie crescent;gantham;wendouree;3198;nsw;19990511;5721590
org;rec-4150-org;4150;joshua;golden;22;mcintosh street;ra 23012;noble park;2753;sa;19940329;1747756
org;rec-595-org;595;lucas;portors;6;ballard place;mariner views;noble park;4061;wa;19381227;6890246
org;rec-758-org;758;lily;keelty;117;mcgivern crescent;navan park;port adelaide;3551;qld;19800514;2027365
org;rec-3775-org;3775;madison;cother;34;kaberry place;camp david;cooloongup;2539;wa;19200710;2827954
org;rec-4097-org;4097;;noble;5;carter crescent;belgravia estate;glenwood;5114;vic;19120724;8141708
org;rec-3838-org;3838;koula;haggett;18;hugh mckay crescent;woodleigh;lilydale;3028;vic;19000625;3064629
org;rec-3978-org;3978;;babic;1;totterdell street;cooingale;st albans;4060;sa;19450403;4779301
org;rec-1750-org;1750;ethan;paine;111;galloway street;hvd cottage;largs;4680;vic;19190329;5356894
org;rec-4902-org;4902;jarrod;crouch;33;currong street;montrose;st james;7316;nsw;19180503;4588775
org;rec-239-org;239;liam;jolly;10;endeavour street;pinnacles caravn park;mansfield;7310;qld;19931105;2505329
org;rec-702-org;702;barnaby;fleet;4;martley circuit;peak view;ascot vale;3930;sa;19360907;9383837
org;rec-2418-org;2418;chloe;mason;62;kinchela crescent;meilene retirement;spotswood;6530;vic;19400204;7931480
org;rec-2178-org;2178;kristin;swiggs;24;calder crescent;villa 3;campbelltown;5690;nsw;19460420;1866967
org;rec-1521-org;1521;jack;rulfs;10;suttor street;huongold;mossman;3889;qld;19260612;6246735
org;rec-1142-org;1142;joshua;campbell;1;jonsson court;;bayswater;6353;nsw;19261206;6149683
org;rec-529-org;529;maddison;goodacre;19;de graaff street;hd tiparra sec 333;casino;5024;wa;19470901;7906113
org;rec-4615-org;4615;kalli;froscio;23;fergusson crescent;wirruna;manyana;6530;wa;19680403;3617186
org;rec-4196-org;4196;luke;cowle;51;dampier crescent;glenevie;vermont south;4721;qld;19160724;3612406
org;rec-3671-org;3671;zane;snell;30;altair place;grangemore;toowoomba;6057;nsw;19090918;3576930
org;rec-965-org;965;macy;beaty;131;maloney street;cottage rn east;medina;6027;tas;19980531;8216119
org;rec-3778-org;3778;sascha;demarco;3;franks place;tantallon;gracetown;5169;tas;19960906;9430667
org;rec-4851-org;4851;noah;doman;20;boucaut place;oakdale;clarinda;3072;vic;19861126;4747349
org;rec-404-org;404;connor;petrillo;46;roebuck street;oakdale;boronia heights;7051;vic;19400425;8000924
org;rec-2790-org;2790;carla;gasparin;122;fitchett street;marx hill street;burrum heads;3022;nsw;19511229;7746397
org;rec-3230-org;3230;jacqueline;macphail;65;maddigan street;oxonia;canterbury;2611;wa;19350403;8001638
org;rec-348-org;348;leah;clarke;2;iterra place;brentwood village;new farm;4109;vic;19650213;9701390
org;rec-1555-org;1555;jaykob;cochrane;1;fowler place;sugden glen;tweed heads;4503;nsw;19390209;7792214
org;rec-1744-org;1744;tiffany;green;32;sid barnes crescent;dudley specialist medical centre;wingfield;2027;qld;19860328;4528322
org;rec-1216-org;1216;matthew;raward;2;duffus place;stephens creek;mount gravatt;4011;qld;19580630;6865352
org;rec-317-org;317;amber;nicolakopoulos;38;atkinson street;mount patrick;edgewater;2905;sa;19910707;9220881
org;rec-4602-org;4602;jade;white;15;wark street;cypress garden;larras lee;2800;vic;19520712;4303672
org;rec-2306-org;2306;zali;white;89;blackman crescent;glenairne;bundaberg;6280;wa;19020311;7291149
org;rec-3323-org;3323;bailee;vearing;18;bavin street;sun city tourist park;safety beach;6076;nsw;19741208;4201824
org;rec-335-org;335;noah;reid;10;ellerston avenue;ahwahnee;inglewood;3039;vic;19310305;2293151
org;rec-4434-org;4434;kody;mewett;9;priddle street;st francis village;bayswater;2518;nsw;19880523;7709827
org;rec-4881-org;4881;alexandra;nguyen;44;colebatch place;langley flats;freshwater;3242;nsw;19511004;6416159
org;rec-2970-org;2970;charlie;mccarthy;1;swinden street;court units;sandgate;2250;wa;19830303;3510238
org;rec-783-org;783;joe;clarke;7;skardon street;bonnie doon;north curl curl;4122;sa;19640223;3654594
org;rec-2069-org;2069;olivia;allanby;9;douglass place;;dalby;6324;vic;19830328;9889496
org;rec-2383-org;2383;thomas;carmody;7;waugh close;kona;elwood;2066;vic;19540605;5434473
org;rec-2957-org;2957;bradley;shepherd;71;kilgour place;gull cottage;smithfield;4078;act;19160301;1369189
org;rec-1560-org;1560;kane;campbell;8;scarfe close;bega flats;elermore vale;3226;nsw;19281207;3391391
org;rec-1123-org;1123;gabrielle;rees;27;julia flynn avenue;villa 2;leongatha;4300;vic;19580720;9209231
org;rec-402-org;402;hugo;sporn;150;clive steele avenue;kurrajong;peechelba;5212;qld;19420523;8443463
org;rec-724-org;724;brianna;parr;12;sid barnes crescent;;orange;4744;qld;19210526;7179398
org;rec-2997-org;2997;india;block;26;skardon street;;dianella;2173;qld;19950131;9859519
org;rec-1712-org;1712;christina;taute;30;casson street;old mia mia school;swan hill;2161;qld;19461002;1050753
org;rec-851-org;851;alana;thredgold;32;rivers street;oakdale ranch;mooloolaba;4715;vic;19250525;2372845
org;rec-3546-org;3546;oliver;tiede;248;scrivener street;kendle green;mentone;6280;nsw;19101129;3891450
org;rec-936-org;936;eboni;brakel;42;investigator street;emmaus vlge;orange;2061;vic;19180211;3115830
org;rec-4662-org;4662;james;jolly;;fihelly street;leumeah;woodville north;2155;vic;19081030;5908468
org;rec-3810-org;3810;kalli;watkin;187;getting crescent;koah lodge;newrybar;4301;vic;19031202;2486965
org;rec-4884-org;4884;nicholas;coffey;41;disney court;siesta caravn park;coonabarabran;2428;act;19960110;9358749
org;rec-4514-org;4514;hamish;beams;102;mackellar crescent;rosedale;;3340;;19670422;5928661
org;rec-3476-org;3476;cameron;matthews;6;blackett crescent;cranbrook;peterborough;4701;qld;19320515;2692792
org;rec-3821-org;3821;chloe;pennell;3;medley street;noolabi;ringwood north;5092;vic;19530710;1249545
org;rec-2257-org;2257;michael;friebel;40;lawrence wackett crescent;port fairy road;northgate;4109;nsw;19841025;3055957
org;rec-1736-org;1736;jye;dearing;201;matcham place;currimundi garden;bundaberg;5520;qld;19940616;7183071
org;rec-2788-org;2788;lachlan;carbone;194;burdekin street;glenlee;glen innes;6525;wa;19070409;2229631
org;rec-3667-org;3667;alicia;lenartowicz;47;jane price crescent;kildrummie;cloverdale;3065;vic;19291029;2790792
org;rec-4104-org;4104;bethany;deakin;43;tazewell circuit;winchester downs;ballarat;5371;tas;19520625;4152955
org;rec-171-org;171;laklynn;mcneill;73;forbes street;peridon vlge;tuart hill;4217;nsw;19690421;8431709
org;rec-4447-org;4447;imogen;hope;5;dumaresq street;delmar;beecroft;7307;wa;19770614;8438312
org;rec-2900-org;2900;annika;boyle;10;macgregor street;;paddington;3175;qld;;7187050
org;rec-4945-org;4945;catherine;crouch;23;jindivik place;shiloah;mosman;3953;nsw;19890926;4741965
org;rec-3769-org;3769;jasper;herbert;8;werriwa crescent;lyndilan;mill park;6163;sa;19640905;3048660
org;rec-1056-org;1056;chloe;imgraben;47;curlewis crescent;dragon rising;burleigh waters;2680;qld;19520516;6111417
org;rec-3545-org;3545;natalia;langrehr;32;calvary clinic;mt annan;narellan vale;5290;nsw;19981015;5685638
org;rec-1945-org;1945;hana;dudley;16;lochee place;portland house;rose bay;3085;nsw;19590211;3088000
org;rec-3220-org;3220;michael;chigros;8;beasley street;gypsum pit;murrumbateman;3930;vic;19380317;5018010
org;rec-1675-org;1675;brigette;marlow;56;binya place;toowoomba;frankston;2263;qld;19981021;6603838
org;rec-178-org;178;kirra;okoniewski;11;;molyneux hse;kardinya;5330;nsw;19700823;2077704
org;rec-2616-org;2616;hari;webb;1;slessor crescent;malmani;springfield;5108;sa;19270216;3864525
org;rec-2224-org;2224;stephanie;vorrasi;10;giblin street;pine hill;flagstaff hill;6285;wa;19420803;6155719
org;rec-2944-org;2944;caleb;menzies;32;fowles street;jandarra;mill park;2753;nsw;19460702;8515576
org;rec-875-org;875;danielle;tomasevic;18;amangu street;fronda;kedron;2380;nsw;19270622;9306292
org;rec-376-org;376;phoebe;whisson;12;glasgow street;white house;kandos;2770;nsw;19870307;4025481
org;rec-4073-org;4073;arabella;hallmaier;147;knoke avenue;glenview;st kilda;4017;wa;19330228;7879377
org;rec-1791-org;1791;joshua;reid;416;muresk street;karingal farm;bayswater north;2160;vic;19160311;3652623
org;rec-2508-org;2508;luke;seng;30;glossop crescent;craigston;megan;4812;vic;19980906;7108946
org;rec-1754-org;1754;shai;leon;15;canopus crescent;grant hostel room;metung;2147;nsw;19230106;8789495
org;rec-3189-org;3189;;ongkiko;15;murray crescent;rowethorpe;corowa;6156;nsw;19740627;8899763
org;rec-4102-org;4102;joshua;donaldson;157;macfarland crescent;boonawah;belmont;2615;qld;;9586561
org;rec-2015-org;2015;arabella;sorsa;29;corringle close;mari-ma farm;mulgrave east;4871;qld;19450119;2313601
org;rec-1480-org;1480;owen;green;5;dryandra street;bythorne;campbelltown;3175;vic;19160427;4013988
org;rec-2625-org;2625;renai;leatham;25;arabana street;glenview;frankston;6751;vic;19370312;8777592
org;rec-364-org;364;reganne;mayer;47;;fraser lodge;marsfield;3465;vic;19741017;8978233
org;rec-2912-org;2912;blakeston;curihual;35;wheadon street;kyree;broadmeadows;3138;vic;19820725;9241622
org;rec-462-org;462;sienna;ryan;3;laycock place;fred lean hostel;lalor;4702;nsw;19680321;4809923
org;rec-2945-org;2945;katelyn;cochrane;2;thozet place;eden park;narellan;2750;nsw;19910821;9564362
org;rec-4786-org;4786;talissa;passmore;115;lyall crescent;yarrowee farm;ashfield;3152;tas;19621214;2120101
org;rec-1165-org;1165;aleesha;mahmud;101;mcculloch street;saraji mine;ulverstone;6064;nsw;;9126691
org;rec-856-org;856;mitchell;gohl;165;must circuit;dorothy genders vlge;bundaberg north;4130;vic;19410517;2812221
org;rec-188-org;188;;greenland;3;dines place;bayford cottage;blue haven;2526;vic;19240628;5073770
org;rec-2918-org;2918;ella;perriam;17;chipperfield circuit;kingfisher lodge;north bondi;5022;act;19090118;7801650
org;rec-3467-org;3467;jack;reid;1;purser street;villa 43;flemington;3763;qld;19160817;6955318
org;rec-3468-org;3468;elizabeth;browne;11;carina street;ocean pines caravn park;flinders park;2487;vic;19061213;2560358
org;rec-553-org;553;nicola;bishop;60;knox street;nyngan;hurstville south;3116;wa;19770427;2727947
org;rec-4000-org;4000;jasper;morrish;6;mirrool street;bristin;mosman;2745;nsw;19640228;1807750
org;rec-4179-org;4179;luke;parr;9;hilder street;ardrossan;parkdale;5048;nsw;19190317;6349510
org;rec-1236-org;1236;charles;hassall;1;lansell circuit;marylands;riverwood;3630;nsw;19650120;1934914
org;rec-2544-org;2544;callum;mahon;79;mcintosh street;boronia;slacks creek;2145;nsw;19040909;2226255
org;rec-2867-org;2867;katelyn;satterley;28;newman morris circuit;carrington garden;belmont;2074;nsw;19730919;1989082
org;rec-2659-org;2659;elise;padbury;137;bennett street;sunny-brae;labrador;3630;vic;19400826;9441828
org;rec-1402-org;1402;flynn;guduguntla;44;ballumbir street;coolibah;terranora;6057;nsw;19211004;6413064
org;rec-1533-org;1533;sophie;elderton;1;theodore street;seabank;salisbury;6026;nsw;19320402;6259234
org;rec-2711-org;2711;olivia;noack;2;endeavour street;burrendong est;armidale;2146;vic;19661109;5291032
org;rec-1045-org;1045;harrison;hoang;10;mccaughey street;winchester downs;preston;4226;vic;19360225;1076510
org;rec-3405-org;3405;kane;grainger;15;may maxwell crescent;meadowvale village;dungarubba;2281;vic;19350222;6671921
org;rec-1958-org;1958;emiily;gruener;14;jarman place;girrahween homestead;kalorama;3003;vic;19780128;4299404
org;rec-4069-org;4069;jeremy;matthews;70;spensley place;pandora orchard;cecil park;3030;act;19700526;6692221
org;rec-684-org;684;miller;matthews;23;arndell street;myalpa;athelstone;2483;nsw;19680122;3203561
org;rec-2855-org;2855;dominic;papageorgiou;1544;la perouse street;the lakes retirement village;bacchus marsh;3995;nsw;19140218;4660218
org;rec-4562-org;4562;cambell;ryan;23;bradfield street;bolinda vale;brighton;2537;nsw;19700416;7188248
org;rec-4911-org;4911;marlee;ryan;;brittlebank circuit;yulunga;ringwood;7248;sa;19180126;4573130
org;rec-837-org;837;asha;chetter;8;streeton drive;rosehill;scarborough;5051;qld;19440808;7992366
org;rec-1780-org;1780;ellen;mitton;58;glencross street;mount marion;orchard hills;4214;nsw;19190501;4549940
org;rec-4082-org;4082;caitlin;dominey;2;;kilburnie;plainby;6018;nsw;19761113;3992744
org;rec-3148-org;3148;christian;littlely;3;meyers place;burtons lookout;maryvale;5268;wa;19001019;4011513
org;rec-2432-org;2432;isaiah;warde;61;mcphail place;sunbury;bonnyrigg;3929;vic;19090111;8475133
org;rec-2347-org;2347;teagan;ryan;7;wilkins street;blackridge flyfishing school;camp hill;2141;nt;19841127;2731022
org;rec-3892-org;3892;charlee;coulson;7;diamantina crescent;specialist centre;preston west;4740;qld;19100918;3920842
org;rec-4540-org;4540;hugo;dichiera;19;gallagher street;glenmore;byford;4053;qld;19510703;1403854
org;rec-607-org;607;jessica;vogiatzi;34;kinsella street;brownrigg;connolly;2800;vic;19240212;7088980
org;rec-1365-org;1365;kane;tiller;19;verbrugghen street;karana homestead;kardinya;2122;vic;19680109;4091125
org;rec-2863-org;2863;matthew;priest;310;benson crescent;glenhurst;tarragindi;4124;qld;19860226;2553510
org;rec-4155-org;4155;georgina;wedmaier;7;duffy street;glendora;eulo;2020;qld;19410630;4581426
org;rec-3386-org;3386;alisa;kalinowski;99;morrison street;river quays;lavington;4870;vic;19991012;9382250
org;rec-173-org;173;andrew;renfrey;23;woolner circuit;mindaree;salisbury;3844;nsw;19490115;9309636
org;rec-4474-org;4474;sarah;rosa;11;kangaroo court;glen shiel;wamberal;3144;vic;19330424;3530952
org;rec-3082-org;3082;kyle;ryan;7;maranboy street;;southbank;4012;nsw;19390608;5356709
org;rec-2555-org;2555;jacob;webb;15;chapman street;flr 3;lutwyche;4032;sa;19320926;3970231
org;rec-3204-org;3204;;colpo;2;trigg place;southern cross;clarinda;6018;vic;19280716;4186527
org;rec-4836-org;4836;maddison;weidenhofer;28;dinnison circuit;;bray park;2484;qld;19781125;6273334
org;rec-3522-org;3522;bethany;caire;10;mountain creek road;trail view;paddington;3228;wa;19361026;4393661
org;rec-3293-org;3293;samuel;miles;138;hawkesbury crescent;;north ward;2148;sa;;2763477
org;rec-3312-org;3312;zara;george;3;legge street;lashbrooke;mount low;3136;qld;19150920;3122448
org;rec-369-org;369;caitlin;dixon;42;leahy close;rowethorpe;midway point;3926;vic;19980907;6375470
org;rec-4858-org;4858;joshua;quinzi;15;bagster place;arabian stud kelkette park;miami;4670;vic;19330808;4918400
org;rec-473-org;473;amalia;lowe;242;cobbett place;walnut grove estate;mooroolbark;2153;qld;19490507;9275399
org;rec-3788-org;3788;willow;bennier;235;shackleton circuit;lakeview park;dianella;2340;qld;19030228;2251111
org;rec-2822-org;2822;alexander;dixon;115;gaby place;albion grove;springfield;2902;nsw;19760418;5411978
org;rec-4715-org;4715;caitlyn;clarke;;streeter place;riverside plaza;port lincoln;2090;sa;19420124;1250298
org;rec-3113-org;3113;bailey;pascoe;311;tillyard drive;lindenleigh;hamilton;4030;nsw;19960928;2933911
org;rec-213-org;213;finn;ryan;5;spowers circuit;champsaur;coombabah;2536;vic;19500807;3429777
org;rec-1255-org;1255;stella;rogan;22;wattle street;flr 5 john flynn medical centre;strathalbyn;2289;qld;19690311;1379241
org;rec-3543-org;3543;toby;roles;63;chippindall circuit;afflexian;peregian beach;2337;nsw;19770325;8154319
org;rec-4389-org;4389;simone;;31;girdlestone circuit;split solitary caravn park;exmouth;3016;nsw;19960610;6137393
org;rec-3874-org;3874;jacob;webb;14;hawdon street;aumuller house;forest lodge;6050;nsw;19450315;8971806
org;rec-2502-org;2502;kailey;thredgold;20;renwick street;;blacktown;4113;qld;19660923;6956824
org;rec-3191-org;3191;kyle;campbell;56;traeger street;bowen palms caravan park;beenleigh;3442;vic;19230828;5010535
org;rec-1929-org;1929;wilson;sporn;5;barnett close;sherwood;bowral;2008;tas;19311113;3629982
org;rec-807-org;807;jayden;glass;33;henry melville crescent;biboohra downs;sanctuary point;2283;qld;19510331;4079997
org;rec-4831-org;4831;caleb;thorpe;4;river street;;granville;2641;nsw;19590118;7916934
org;rec-4002-org;4002;zara;mason;27;o'connor circuit;fm 226;horsley;2256;nsw;19730628;8233098
org;rec-3099-org;3099;;reid;6;kirwan circuit;ardrossan;shoalwater;4701;vic;19620822;7700094
org;rec-2971-org;2971;jack;highet;26;mathieson crescent;;whittington;3064;vic;19650507;6260000
org;rec-1538-org;1538;chelsie;sherriff;1;galloway street;renown;hoskinstown;5280;vic;19370430;7403002
org;rec-3089-org;3089;annabel;thorpe;19;ardlethan street;galloway;rokeby;4670;vic;19920305;2814912
org;rec-2784-org;2784;tiffany;van der hoek;4;holt place;learmont;kirribilli;0810;sa;19980630;3179832
org;rec-478-org;478;jack;collinson;4;blowering street;canobolas caravn park;leeton;4221;nsw;19821223;5810985
org;rec-3350-org;3350;jacqueline;grillett;10;wandoo street;braemore;tuart hill;2031;vic;19241218;3043851
org;rec-2663-org;2663;tylah;valesic;20;beaumaris street;lift;preston;2795;nsw;19750402;8445597
org;rec-4509-org;4509;;tiller;12;colebatch place;brentwood vlge;jesmond;3163;vic;19800720;9020997
org;rec-446-org;446;callum;everett;13;grayson street;logan central plaza;willetton;2621;sa;19840331;2551623
org;rec-4736-org;4736;julia;jolly;59;a'beckett street;millwood;slacks creek;3020;nsw;19820807;7111279
org;rec-4921-org;4921;brooke;waller;25;goyder street;watchorns hill;st lucia;3995;wa;19680216;5166618
org;rec-4804-org;4804;alessandra;eyles;10;loureiro street;rowethorpe;illabo;2014;nsw;19210630;7014716
org;rec-3556-org;3556;cooper;girdler;9;arid place;;burwood;2577;vic;19630327;3241612
org;rec-1407-org;1407;nicholas;huxley;315;blackbutt street;burnside;unanderra;2213;vic;19761203;8423125
org;rec-3019-org;3019;blayke;browne;1;gosse street;;cape paterson;4215;vic;19210917;7165012
org;rec-2068-org;2068;molly;garcia;1;chuculba crescent;arawang;ballarat;2048;qld;19571103;2305243
org;rec-3286-org;3286;rachel;bishop;10;cumbrae place;little shalford;corrimal;3167;wa;19300129;5012283
org;rec-4937-org;4937;chelsea;blake;21;chandler street;extension;swan hill;2360;nsw;19831115;2342307
org;rec-1333-org;1333;paris;coulson;82;clianthus street;brentwood village;malabar;2031;wa;19490522;3135420
org;rec-3606-org;3606;flynn;bishop;16;solomon crescent;;burwood;4165;qld;19270515;3604457
org;rec-713-org;713;alison;feeney;13;loban court;the mews royal hotel bldg;barabba;6260;nsw;19280604;1316297
org;rec-4504-org;4504;jasmine;camens;7;plowman place;;tennant creek;2088;vic;19020413;9907745
org;rec-1637-org;1637;kierra;ninchich;57;mehaffey crescent;old farm;northmead;3028;wa;19530926;2089030
org;rec-284-org;284;jaslyn;jonjic;1;lindrum crescent;rowethorpe;ascot park;4213;vic;19250102;1023721
org;rec-1635-org;1635;roberta;laing;23;morrison street;budgereebella;flagstaff hill;4753;vic;19690425;5204352
org;rec-4274-org;4274;marleigh;white;1;fink crescent;dunbar;hackham;2165;qld;19900720;6423331
org;rec-2269-org;2269;serena;webb;9;;aptmnt 2;tin can bay;2540;qld;19770422;3504192
org;rec-3629-org;3629;april;campbell;101;clive steele avenue;old hillside;;2913;qld;19890501;2285966
org;rec-938-org;938;aidan;bradshaw;56;carr crescent;coolac hotel;lilydale;2176;qld;19380606;6853689
org;rec-4454-org;4454;damien;garnett;4;narrabundah lane;laure;penola;6168;nsw;19480129;7916610
org;rec-4015-org;4015;lily;poskey;38;moore place;kenbar;lower templestowe;2474;nsw;19210315;8556979
org;rec-1358-org;1358;connor;bishop;450;earle street;coorrabin;broken hill;7320;vic;19261223;7015666
org;rec-3761-org;3761;joshua;ho;23;warragamba avenue;mile beach caravan park;east maitland;3181;nsw;19320427;9710227
org;rec-3124-org;3124;nicholas;colquhoun;241;chataway crescent;gibraltar;blandford;2166;qld;19370130;2145262
org;rec-4999-org;4999;victoria;fitzpatrick;19;clermont street;ambervale;lake tyers;4570;nsw;19810411;2176335
org;rec-2908-org;2908;sam;plessnitzer;26;william webb drive;rockview;cowra;3023;nsw;19800518;3756443
org;rec-1651-org;1651;caitlin;sommariva;7;bradfield street;kerry street;margaret river;2216;;19200126;5030581
org;rec-28-org;28;blake;bracci;159;duffy street;hillcrest lodge;bacchus marsh;4510;nsw;19590213;9959006
org;rec-4472-org;4472;william;piazza;219;monfries place;weemilah;pymble;5605;nsw;19150522;8044732
org;rec-909-org;909;ella;chudzinski;7;carter crescent;alice downs;caulfield;7008;qld;19321101;4473731
org;rec-1710-org;1710;ayla;thorpe;34;black street;wunpalm;currambine;5540;vic;19031202;8748647
org;rec-1414-org;1414;zali;eglinton;14;adcock place;trewilga;woodlands;2122;qld;19300914;7126898
org;rec-2492-org;2492;aidan;banham;8;rowntree crescent;locn 8774;tallebudgera;2284;wa;19280830;5929976
org;rec-2596-org;2596;amber;green;20;tom roberts avenue;kimberley;north ryde;2540;nsw;19530919;3705115
org;rec-4471-org;4471;william;campbell;448;tarra place;lochenfels;savage river;3075;qld;19630610;7272235
org;rec-608-org;608;mitchell;white;72;lambrigg street;kelgoola;broadbeach waters;3150;vic;19620216;9731855
org;rec-3321-org;3321;bradley;komsic;6;westbury circuit;meadowview;adamstown heights;2046;qld;19140420;5731419
org;rec-3938-org;3938;jack;morrison;109;leahy close;the willows;edensor park;3068;qld;19480822;1000754
org;rec-341-org;341;lushia;reid;6;dunn place;hd allenby;karanja;4207;nsw;19111022;1691582
org;rec-1592-org;1592;karli;campbell;85;burdekin avenue;brambletye vinyard;surry hills;2118;vic;19580309;4423725
org;rec-612-org;612;jake;david;13;pearson street;henry kendall bayside;casino;2076;sa;19320306;5193402
org;rec-3216-org;3216;charlotte;feeney;6;dangar place;brookfield;ermington;3182;nsw;19810505;9513852
org;rec-3250-org;3250;emiily;rau;8;kennedy street;hobbit hole;pappinbarra;3141;tas;19530208;6681232
org;rec-3508-org;3508;jacob;campain;7;logan street;bimbadoon;toowoomba;4551;qld;19520416;1591935
org;rec-2077-org;2077;sophie;paterson;15;glynn street;family day care;lethbridge;6027;nsw;19850726;3382181
org;rec-330-org;330;helena;haskett;5;namadgi circuit;ryanfield;berowra heights;7307;qld;19560926;3772585
org;rec-3662-org;3662;benjamin;yen;43;kambalda crescent;elmwood;findon;3807;nsw;19850706;7843492
org;rec-1874-org;1874;connor;webb;;hargraves crescent;;andergrove;3806;wa;19501118;4659489
org;rec-1140-org;1140;luke;beattie;16;blinkhorn place;lucerne park;corrimal;4118;act;19211118;1702856
org;rec-3304-org;3304;adam;pichugin;16;tiwi place;ettrick;yackandandah;3116;qld;19650328;1748977
org;rec-4290-org;4290;alec;mckerlie;20;short place;macarthur place;sefton;4370;vic;19890714;3276175
org;rec-4331-org;4331;joe;kamp;;forbes street;neaavie;forrestfield;3585;vic;19930303;4367894
org;rec-3070-org;3070;talia;lucadou wells;59;de little circuit;kelda park;forrestfield;4740;vic;19560221;2600068
org;rec-518-org;518;jack;wegman;9;julia flynn avenue;myross;armidale;2444;qld;19710718;3680861
org;rec-2629-org;2629;abby;stanley;2;batman street;mannafields farm;mount isa;6021;nsw;19780508;7062701
org;rec-3470-org;3470;dominic;alderson;309;clamp place;;bundamba;2766;sa;19871130;1163272
org;rec-4034-org;4034;jye;blake;19;dixon drive;kordella park;inglewood;3134;qld;19380918;4212518
org;rec-2685-org;2685;joel;lodge;200;steinwedel street;kmart p plaza;toowoomba;4012;wa;19710830;2655513
org;rec-3635-org;3635;kyle;zagar;79;buller crescent;burundah;klemzig;6030;wa;19400504;1168847
org;rec-1094-org;1094;timara;campbell;12;mowle place;ruffenuff;paralowie;2141;qld;19820408;1798782
org;rec-2722-org;2722;;beattie;56;howchin place;;mount isa;3912;vic;19980913;3509530
org;rec-4955-org;4955;callum;hauser;2;nambir court;zeevoo;mount annan;2641;vic;19480329;3757652
org;rec-1519-org;1519;pia;maczkowiack;52;kalgoorlie crescent;ambervale;;3002;vic;;5924648
org;rec-2320-org;2320;alexander;musolino;43;duggan street;the bend;kareela;2483;nsw;19850417;4595017
org;rec-963-org;963;clodagh;sieber;14;pandanus street;highfields medical centre;davistown;4066;nsw;19140913;2698880
org;rec-1627-org;1627;caitlin;bevis;46;smith street;grammar school;hawthorn;4878;nsw;19601011;3040069
org;rec-3770-org;3770;kirra;white;24;bungonia street;villa 3;kyabram;2036;tas;19290202;5171004
org;rec-4465-org;4465;lachlan;penno;5;britten-jones drive;;williamstown;3127;vic;19630929;2510563
org;rec-1689-org;1689;tess;carosella;35;goodsir place;ocean breeze;para hills;4350;vic;19550517;2262772
org;rec-3621-org;3621;lachlan;abdullah;7;daintree crescent;wondersun;sandgate;2537;vic;19480906;8781863
org;rec-2455-org;2455;talia;green;130;groom street;killuke;medina;3500;wa;19800109;7656892
org;rec-3284-org;3284;hayley;stephenson;8;allawah flats;john flynn medical centre;willetton;3021;qld;19580408;5609345
org;rec-2341-org;2341;kane;webb;23;majura avenue;lyndan;childers;2155;wa;19311112;6223324
org;rec-1685-org;1685;tahlia;inglese;39;blakey close;rivoli;lakes entrance;3222;wa;19561220;6197497
org;rec-3419-org;3419;hayden;piechocki;72;shackleton circuit;calimna;murtoa;3437;vic;19291001;1731879
org;rec-2045-org;2045;jack;steinert;21;lamington street;st francis village;holden hill;7010;sa;19680119;5389848
org;rec-2548-org;2548;portia;lette;27;namatjira drive;willyaroo street;rostrevor;3084;wa;19800709;3676482
org;rec-1828-org;1828;;crapp;3;couchman crescent;glendower;ramsgate;2035;nsw;19500106;6187478
org;rec-2707-org;2707;michael;berry;12;canberra avenue;telemon;east melbourne;2259;qld;19110224;5076815
org;rec-2754-org;2754;ellen;schumann;51;barr-smith avenue;glengariffe;ridleyton;4034;qld;19610507;1287031
org;rec-3157-org;3157;malakai;palethorpe;23;marsden street;boonal;gaven;2340;nsw;19031029;6356251
org;rec-2422-org;2422;keziah;thind;111;tate street;unt 1;kincumber;5043;nsw;19561112;5822993
org;rec-4398-org;4398;;camp;58;dowling street;executive arcade;farrer;2519;qld;19460723;5604647
org;rec-3324-org;3324;kane;whillas;150;mcmillan crescent;balmoral garden;shoalhaven heads;4879;qld;19680908;4013554
org;rec-399-org;399;teagan;white;54;knoll place;wangaya;padstow;6107;nsw;19210314;9334133
org;rec-1234-org;1234;samuel;heidrich;7;mcgivern crescent;el-woodaro;highbury;3053;act;19710525;8110080
org;rec-2609-org;2609;brooke;egan;93;mcinnes street;;wanniassa;4215;vic;19880417;8165238
org;rec-722-org;722;lachlan;goldsworthy;5;wanganeen avenue;howie circuit;sheidow park;2031;sa;19380108;4133306
org;rec-761-org;761;cameron;lavis;2;albermarle place;dananbilla;glenwood;6442;vic;19410723;5700120
org;rec-746-org;746;sophie;dakin;11;correa street;upstairs flat;beachlands;5241;sa;19760414;2342666
org;rec-2621-org;2621;casey;hearn;10;ferrett circuit;watarmark;rowville;6153;sa;19390522;8255871
org;rec-1295-org;1295;abby;ang;21;dunstan street;the parks;belmont;4125;nsw;19830621;8045581
org;rec-1827-org;1827;heath;monteleone;;marsden street;safari lodge;bicton;2227;qld;19781013;6970423
org;rec-297-org;297;alysha;nguyen;7;hurley street;avenue road;brunkerville;3944;nsw;19970304;4977712
org;rec-3237-org;3237;adam;boeyen;200;belconnen way;dolphin arcade;underdale;3188;nsw;19440418;1726023
org;rec-1476-org;1476;deakin;shadbolt;8;julia flynn avenue;allunga;alice springs;3550;sa;19270523;8908609
org;rec-831-org;831;laura;flannery;54;sid barnes crescent;weemilah;winston hills;5073;qld;19581023;9712180
org;rec-403-org;403;marcus;stoneman;273;pankhurst crescent;glenfenzie;joondalup;2126;nsw;19200506;3830720
org;rec-4284-org;4284;sophie;finlay;7;badimara street;ewlyamartut farm;ringwood;2046;sa;19230607;3775980
org;rec-2345-org;2345;;falting;22;gurrang avenue;glenapp;blair athol;2564;qld;19941202;2319505
org;rec-743-org;743;daniel;white;1;albermarle place;summer hill;brierfield;3810;sa;19870703;8258779
org;rec-1618-org;1618;thomas;campbell;35;lethbridge street;scenic lodge;paddington;2450;nsw;19610710;5974512
org;rec-717-org;717;joshua;raward;26;yambina crescent;thorndale;macgregor;4718;qld;19660409;9086686
org;rec-642-org;642;jessica;crook;15;hilder street;legacy units;moyston;3133;qld;19950421;4759618
org;rec-1749-org;1749;amber;vincent;313;kneeshaw street;vlla 18 pacific bay resort;oyster bay;4740;nsw;19901002;2066144
org;rec-748-org;748;campbell;campbell;136;croton street;ocean park towers;hawkesbury heights;3850;nsw;19550115;8861700
org;rec-3051-org;3051;caitlin;papanotis;1269;de burgh street;aptmn 12;cleveland;2100;wa;19720329;2397064
org;rec-1019-org;1019;charlotte;klemm;6;clive steele avenue;port hills;carrum;5085;nsw;19020603;3461436
org;rec-1189-org;1189;nicholas;okely;;hannan crescent;baroona;taree;5244;qld;19350522;2534430
org;rec-3734-org;3734;noah;reid;46;truscott street;mckail;dulwich hill;2049;qld;19421216;9564581
org;rec-2263-org;2263;jade;zimmermann;71;johnston street;cannonvale whitsunday shopping centre;college park;5010;wa;19131126;2103370
org;rec-2865-org;2865;mackenzie;beams;47;britten-jones drive;shenstone park;bundarra;5108;;;5225201
org;rec-1885-org;1885;archie;dokas;6;tewksbury circuit;shalvah;malvern east;3163;nsw;19400807;1265030
org;rec-1113-org;1113;carmen;miles;361;mccormack street;paling south;mona vale;2782;nsw;19220601;4126596
org;rec-3764-org;3764;talia;;22;raymond street;norillee;newborough;2303;nsw;19440528;2601600
org;rec-2815-org;2815;april;lock;4;paul coe crescent;maf-ue arabians;auburn;5035;nsw;19760203;7696268
org;rec-942-org;942;ashleigh;matthews;40;chippindall circuit;sylvan park;swan view;3072;vic;19110113;2292149
org;rec-2507-org;2507;brooke;burnell;4;pickles street;rowethorpe;woombye;2478;qld;19300112;4694746
org;rec-329-org;329;robert;wilczek;60;sugarloaf circuit;eldwick;thirroul;2325;nsw;19630615;5960552
org;rec-4875-org;4875;annabelle;ebert;20;douglas place;glenhurst;brooklyn;2307;wa;19440813;6811641
org;rec-2780-org;2780;;ryan;12;breona place;lakes retirement estate;highton;4207;nsw;19620821;7592380
org;rec-361-org;361;garth;clarke;11;yampi place;thistledoo;noble park;5608;vic;19760322;9574946
org;rec-3598-org;3598;katelyn;simmonds;9;kellway street;amboyne;noble park;2148;vic;19930530;5268119
org;rec-3408-org;3408;caleb;bersable;13;parkhill street;myola street;mount pleasant;7248;tas;19510311;5036866
org;rec-3161-org;3161;ellie;oatey;84;woollum street;blaxlands ck;lower templestowe;2196;wa;19390419;9791693
org;rec-2787-org;2787;madison;niekel;14;noongale court;summer hill;prospect;3032;sa;19030530;1598654
org;rec-3694-org;3694;kylee;pennell;1;chewings street;drypoint;;4570;sa;19000320;4020041
org;rec-1300-org;1300;joshua;corbin;83;tweed place;five oaks;keilor;4818;nsw;19721018;7955748
org;rec-2313-org;2313;reece;marsom;1;paul coe crescent;catumbel lodge;highett;3081;qld;19351129;4804920
org;rec-3374-org;3374;rachel;matthews;359;lambrigg street;main beach medical centre;burpengary;4209;qld;19290411;8890950
org;rec-760-org;760;lachlan;nguyen;70;bushby close;locheil;wilson;5046;nsw;19660926;4360586
org;rec-4292-org;4292;channing;white;28;limbunya street;willow lodge;lutwyche;2264;wa;19770224;3839656
org;rec-4270-org;4270;bethany;finlay;353;capella crescent;haigh park;broken hill;2111;vic;19660601;3594609
org;rec-1305-org;1305;robert;hanna;48;;yarrandoo;magill;3036;sa;19490528;6830679
org;rec-951-org;951;juliana;clarke;24;jondol place;northwood park;holsworthy;4067;nsw;19970330;5071393
org;rec-3328-org;3328;;koteschel;3;mayne street;grey oaks;swan view;4305;vic;19430808;1393004
org;rec-3378-org;3378;lukas;webb;2;freda gibson circuit;nowra mall;kingston;2830;nsw;19120423;6570926
org;rec-3377-org;3377;tabitha;weetra;115;marika street;langley flats;woollahra;2483;nsw;19591205;9251852
org;rec-3001-org;3001;joel;badger;75;blamey crescent;brookfields;broadford;4807;qld;19791106;2164581
org;rec-598-org;598;james;hebberman;26;phillis place;twenty-third avenue pharmacy (cnr mawarr;ettalong;2326;vic;19760410;1748689
org;rec-3074-org;3074;aleisha;beadle;139;leonard close;broadbridge manor;madora;3025;nt;19160701;3130361
org;rec-3642-org;3642;madeline;mahon;27;medworth crescent;airforce memorial estate;rosebud;3107;sa;19970711;8911383
org;rec-4008-org;4008;nicholas;george;104;lyttleton crescent;brentwood vlge;dover heights;2500;wa;19470803;8827430
org;rec-945-org;945;thomas;bellchambers;89;carruthers street;milpara;goonellabah;2710;wa;19810726;1603931
org;rec-1697-org;1697;andie;george;118;mckail crescent;brentwood vlge;pelican waters;3121;wa;19490414;4798962
org;rec-1482-org;1482;tara;green;25;chisholm street;lashbrooke;boyne island;3073;nsw;19860505;1388911
org;rec-971-org;971;dylan;jedynak;;genoa street;ruthven street;glenhaven;4213;act;19201112;1200539
org;rec-2355-org;2355;luke;rollins;360;hickenbotham street;berkeley vlge;arundel;2221;qld;19240109;6938121
org;rec-3895-org;3895;dylan;laucht;3;hoddle garden;oakbank;redan;5051;vic;19600107;2156016
org;rec-165-org;165;ryan;allsopp;25;warramoo crescent;shiloah;atherton;3796;qld;19920806;5369163
org;rec-2336-org;2336;konstantinos;morrison;297;euree street;berkeley vlge;farleigh;2099;nsw;19690128;1191867
org;rec-870-org;870;jessica;bradshaw;;wheadon street;yarrabin;minyip;2290;nsw;19080415;5572327
org;rec-100-org;100;hayden;stapley;38;tindale street;villa 2;cromer heights;4125;vic;;4620080
org;rec-3249-org;3249;ebony;thorpe;117;;;yarra junction;6028;qld;19421204;2504255
org;rec-1509-org;1509;ben;white;466;louis loder street;parry hse;wakeley;3796;qld;19670921;9376814
org;rec-10-org;10;lachlan;reid;5;carrington road;legacy vlge;yagoona;2464;nsw;19500531;3232033
org;rec-4706-org;4706;aidyn;eisner;60;melrose drive;stoney creek;shelley;6063;sa;19101228;6588394
org;rec-2926-org;2926;danika;charman;9;embling street;amelia;sheidow park;6168;nsw;19330313;1161308
org;rec-4203-org;4203;riley;walls;13;florence taylor street;nepean shores;padstow;3084;qld;19200129;1018744
org;rec-1877-org;1877;ka;reid;;lipscomb place;karingal hm;kingston;4702;qld;19160621;4440797
org;rec-4674-org;4674;chelsea;brooker;40;stuart street;coolalie;wellington point;2076;qld;19981109;5456111
org;rec-3970-org;3970;harry;camp;28;sharwood crescent;;laverton;2153;vic;;8240507
org;rec-4125-org;4125;jayden;browne;220;marshall street;;farrer;2112;nsw;19291128;7073714
org;rec-1807-org;1807;maya;nevin;351;rapanea street;chelsea house;evanston;2033;;19220204;9920408
org;rec-3298-org;3298;alessia;krajnc;30;fergusson crescent;kalga;shorewell park;5044;nsw;19421102;7927039
org;rec-2907-org;2907;tiarna;cannell;685;deacon close;;wooli;2287;wa;19020305;6547713
org;rec-424-org;424;nicholas;george;25;kambah vlge;casuarina shoppingsqre;fish creek;3585;nsw;19370405;8589026
org;rec-4594-org;4594;matilda;bissett;185;gundulu place;bandaroo;taree;5044;wa;19830319;5260083
org;rec-1665-org;1665;sophie;abeywickrama;48;bambridge street;brentwood vlge;leppington;4067;nsw;19570314;9229864
org;rec-3596-org;3596;nicholas;millar;201;temperley street;malanda orchard;hyde park;2767;wa;19300617;1000123
org;rec-2276-org;2276;samuel;neville;6;fitzmaurice street;karkatt;gilmore;2517;wa;19591005;2038776
org;rec-1773-org;1773;liam;haggett;64;macpherson street;schofield hill;minto;6210;qld;19550910;5068609
org;rec-2181-org;2181;;clarke;13;hicks street;brentwood vlge;broadmeadows;3095;vic;19340818;7285543
org;rec-2799-org;2799;sophie;otto-coats;19;clancy street;inglewood;springwood;2600;wa;19690527;5566144
org;rec-2142-org;2142;sarah;leslie;740;baddeley crescent;flt 10;jamboree heights;4053;vic;19110604;7593106
org;rec-199-org;199;william;kammermann;6;clive steele avenue;2nd last on right;newcastle west;2804;vic;19430126;3515659
org;rec-582-org;582;benjamin;ayres;32;french street;red cedars motel;;3021;qld;19150927;1244940
org;rec-4119-org;4119;mikayla;cavaivolo;8;ash place;pepinmarti;paterson;3805;vic;19911024;9918932
org;rec-613-org;613;oliver;tootell;363;shackleton circuit;myola street;cardiff;3182;vic;19000604;8984164
org;rec-4499-org;4499;alissa;byers;6;beasley street;;coffs harbour;6009;sa;19550131;2851382
org;rec-2536-org;2536;kayden;nguyen;52;batman street;willaroo;toowoomba;2763;nsw;19940208;6065480
org;rec-3784-org;3784;connor;hammill;99;goyder street;burnside;angaston;2304;nsw;19700803;7089797
org;rec-955-org;955;william;gohl;378;charlton street;toomba;kellyville;3058;vic;19030711;1291827
org;rec-2992-org;2992;noah;bruhn;23;boas place;engelbert wing;lilydale;4390;nsw;19590207;8815164
org;rec-2798-org;2798;kane;carbone;15;penrhyn street;solander centre;deer park;4030;sa;19960506;9098940
org;rec-3282-org;3282;indiana;clarke;9;wade street;merlewood;llandilo;2077;qld;19450816;7669254
org;rec-939-org;939;kyle;hope;26;bundey street;kacadoo;armidale;2097;nsw;19631116;2650117
org;rec-3332-org;3332;lily;chabrel;12;majura avenue;lambton denture clinic;geelong west;6056;qld;19700626;7967866
org;rec-52-org;52;abbey;dixon;1;marcus clarke street;grasmere park;scarborough;3141;qld;19441008;8127929
org;rec-4149-org;4149;chevonne;montalvo;42;baskerville street;kangaroo grnd;ventnor;2130;vic;19620511;7935536
org;rec-4564-org;4564;teaha;rawlings;23;charterisville avenue;moonby downs;toowoomba;4006;sa;19601115;9235941
org;rec-4065-org;4065;oliver;;4;jeanette place;mehruda;mosman;4226;sa;;7007321
org;rec-4626-org;4626;kyle;seddon;164;shackleton circuit;the wharf complex;ashfield;2406;vic;19030813;7244560
org;rec-1223-org;1223;jade;smallacombe;16;beagle street;castle reagh terrace;greenwood;3181;vic;19770726;4529850
org;rec-4783-org;4783;tahlia;donaldson;59;badimara street;gibraltar;smithfield;3149;qld;19630202;1983061
org;rec-4365-org;4365;georgia;glover-smith;34;howse street;;raby;5340;wa;19790813;8934327
org;rec-2979-org;2979;caleb;dabinet;30;rodway street;;mount ommaney;3133;qld;19040620;2071263
org;rec-147-org;147;cassandra;lock;5;glossop crescent;kames;scarborough;6153;nsw;19371206;2516564
org;rec-1230-org;1230;kate;tantschev;99;knox street;fronda;buronga;5158;qld;19870422;6536232
org;rec-1757-org;1757;ruby;nguyen;6;berghofer court;wealdstone;lilydale;3934;vic;19660122;1868976
org;rec-2139-org;2139;emiily;campbell;26;oakwood place;the wedge;bogangar;4214;nsw;19810407;5373209
org;rec-368-org;368;ned;feeney;2;barringer street;holmeleigh;brighton;3165;vic;19071029;1440128
org;rec-2327-org;2327;andrew;hauser;11;wanganeen avenue;;heckenberg;2289;vic;19270207;3336874
org;rec-2145-org;2145;benjamin;morrison;2487;noongale court;fairfield waters;st albans;2840;vic;19520110;9155694
org;rec-2902-org;2902;charlize;gani;95;bramston street;;modbury heights;5013;qld;19830412;1175982
org;rec-503-org;503;carla;kirasak;5;albermarle place;;bacchus marsh;5085;vic;19630801;6299625
org;rec-2732-org;2732;sebastian;garcia;24;cockcroft avenue;;blacktown;4077;sa;19640925;2452041
org;rec-1663-org;1663;jaden;zepina;23;hawkesbury crescent;mayflower retrmnt vlge;narellan;6053;tas;19030610;4672007
org;rec-16-org;16;jade;innis;9;gingana street;ivydale (rsd 1820);seventeen mile rocks;2011;qld;19170426;2049123
org;rec-2083-org;2083;felicity;white;11;froggatt street;rsm 849;keilor east;3132;nsw;19060724;9227304
org;rec-4595-org;4595;samuel;rudd;46;powlett street;gilgowie jacks;kingston;3453;sa;19580819;7309587
org;rec-496-org;496;alicia;heron;262;verbrugghen street;oxley's way;mount helen;2560;qld;19320131;7028101
org;rec-3843-org;3843;talia;bramble;5;wattle street;taree caravn park;north bondi;5074;vic;19090623;2565238
org;rec-4257-org;4257;jasper;trowse;1;kilburn close;the village condo 23;crestmead;4102;qld;19970120;5630769
org;rec-3016-org;3016;ellen;armanious;4;summerville crescent;cabrini medical centre;corio;3130;nt;19670816;3732493
org;rec-2576-org;2576;thomas;ryan;8;meredith circuit;silk hush;dunsborough;4215;vic;19270407;7468430
org;rec-1063-org;1063;zachariah;schmitzer;5;alford place;rosetta village;budgewoi;5051;wa;19560103;3180656
org;rec-3719-org;3719;connor;baillie;186;lambie place;;port lincoln;7303;qld;19670529;4702335
org;rec-2308-org;2308;sophie;white;251;handcock crescent;;wetherill park;5114;vic;19480529;7242421
org;rec-1542-org;1542;kira;mac an;5;groom place;doctors flat;wategos beach;4207;vic;19341108;7247594
org;rec-4345-org;4345;tyler;pascoe;4;blackburn street;henry kendall bayside;ivanhoe;4221;vic;19740817;8405094
org;rec-4939-org;4939;fraser;hebberman;28;henderson street;kalinda park;cowra;3429;qld;19900809;9636276
org;rec-623-org;623;jacqueline;ferris;107;kriewaldt circuit;dunmoven;mirrabooka;3195;vic;19250708;6320610
org;rec-2291-org;2291;kyle;kalogerakos;;aird place;cassia;granville;4680;wa;19950119;4748391
org;rec-4403-org;4403;harriet;paterson;5;smiths road;jaybees;ringwood east;6012;nsw;19321027;3012880
org;rec-401-org;401;ella;guyatt;19;domain street;lansdowne;st kilda east;5417;vic;19360703;9745316
org;rec-1415-org;1415;amber;braunack;10;fingleton crescent;alchemy;campsie;2508;act;19420513;7964228
org;rec-388-org;388;ewan;whiteley;23;bennelong crescent;;glen innes;3171;nsw;19840205;1326266
org;rec-2869-org;2869;pace;hindmarch;12;clisby close;florina park;bondi junction;4034;nsw;19140616;9203492
org;rec-1721-org;1721;madison;van tuil;39;vonwiller crescent;wentworth house;coombabah;3094;qld;19110716;8651342
org;rec-4108-org;4108;calvin;herbert;260;shortland crescent;kookaburra village;kalorama;3130;nsw;19990902;4778880
org;rec-3196-org;3196;michael;hyland;19;aronson crescent;evergreen;cooranbong;4741;qld;19101219;8061638
org;rec-599-org;599;joshua;fitzpatrick;10;groveland crescent;toolebewong farm;carrum;3012;vic;19390806;2933121
org;rec-3353-org;3353;jack;coleman;7;cumming place;rio rita caravn park;dandenong north;6026;sa;19560223;9860608
org;rec-1344-org;1344;sebastian;blissenden;16;mataranka street;the homestead;ashfield;2758;wa;19750320;4893136
org;rec-4455-org;4455;alexa-rose;vatavuk;;tytherleigh street;flt 10;casino;4670;vic;19620825;5598767
org;rec-4116-org;4116;angelina;wheatley;65;slessor crescent;kalga;batemans bay;6014;wa;19380508;5827434
org;rec-3101-org;3101;jacqueline;fehrmann;3;eungella street;penquite road;marayong;3193;wa;19651021;6612185
org;rec-3367-org;3367;tara;cother;13;louis loder street;apt 16 the village;rowville;4350;vic;19740806;8528296
org;rec-2531-org;2531;isabel;nguyen;8;mccawley street;jarkhellms;campbelltown;2122;vic;19860530;3659521
org;rec-4510-org;4510;noah;white;804;caladenia street;sec 437;molong;2119;wa;19040118;9864936
org;rec-4582-org;4582;daniel;mcard;34;maccallum circuit;westwood homestead;homebush;2619;nsw;19920927;2550366
org;rec-4395-org;4395;jessica;andretzke;14;chowne street;st francis village;lilydale;3134;qld;19340225;6331022
org;rec-3794-org;3794;leah;hilton;38;birdwood street;lucky corner;mitcham;3169;nsw;19380702;9968264
org;rec-1522-org;1522;jarred;belperio;64;glenmaggie street;rowethorpe;mitcham;3155;nsw;19190621;4585747
org;rec-3668-org;3668;hudson;clarke;;port jackson circuit;redhill;port lincoln;2680;vic;19600417;7391640
org;rec-3225-org;3225;kyle;careless;75;mcbryde crescent;rowethorpe cygnet hostel;ivanhoe;6076;sa;19701116;3208751
org;rec-2760-org;2760;tyler;beattie;4;cambridge street;kintyre;deagon;3151;vic;19950713;3309482
org;rec-1527-org;1527;harrison;thaker;31;foveaux street;the meadows;orange;5453;nsw;19960724;9919852
org;rec-967-org;967;chelsea;miles;23;illawarra court;rosehill;greensborough;2230;qld;19950926;1751900
org;rec-3523-org;3523;henry;macgowan;5;wynn place;parry hse;belmont;5266;qld;19080417;1834795
org;rec-4516-org;4516;chelsea;blake;35;southern cross drive;ra 290;belconnen;3141;vic;19770311;8747454
org;rec-2670-org;2670;kydan;webb;1;emily bulcock crescent;belmont bayview park;fairlight;3055;wa;19510310;9153676
org;rec-1528-org;1528;;muthukuda;11;waratah street;keira;thornlie;0820;vic;19890328;5670243
org;rec-2614-org;2614;aleisha;bridgland;11;arndell street;tathra;kempsey;2594;sa;19931019;4871743
org;rec-3720-org;3720;julia;gao;17;horizon avenue;arthur river park;woodcroft;3952;nsw;19280810;7151454
org;rec-4131-org;4131;jessica;webb;81;bimberi crescent;cheviot hills;wanniassa;5073;qld;19250410;9559799
org;rec-4537-org;4537;mia;miles;54;beirne street;pacific palms caravn park;windsor;3268;nsw;19720726;3671331
org;rec-2411-org;2411;james;kullmann;79;deloraine street;strauss;park holme;5009;vic;19120424;9266755
org;rec-283-org;283;jenna;shew;21;fincham crescent;rosetta village;thornleigh;3111;vic;19060322;7681478
org;rec-201-org;201;claudia;huxley;108;crease place;edellen;north ryde;2464;vic;19441020;9295307
org;rec-2484-org;2484;james;wyllie;7;university of canberra;westfalls;sippy downs;3201;wa;19811112;6047605
org;rec-4651-org;4651;dylan;bullock;33;kingsmill street;legacy vlge;duncraig;3126;vic;19130412;6578982
org;rec-4445-org;4445;tara;nguyen;38;anembo street;hattah-kulkyne;kurri kurri;4405;nsw;19640410;8872454
org;rec-251-org;251;benedict;everett;2;bettington circuit;bay city plaza;valla;3802;nsw;19870303;4768278
org;rec-2105-org;2105;holly;wehr;64;gooromon ponds road;ainslie house;gorokan;2234;qld;;9292420
org;rec-3907-org;3907;timothy;botham;21;grund place;brentwood vlge;robina;2603;vic;19200714;2476704
org;rec-2860-org;2860;zane;white;15;mcwhae circuit;westmead accom;concord west;2032;vic;19770208;9225108
org;rec-3837-org;3837;lachlan;girdler;3;tiptree crescent;villa 19;toowoomba;2747;nsw;19070323;9886540
org;rec-154-org;154;joel;bowran;16;port arthur street;laure;bundaberg;3927;wa;19670412;3484624
org;rec-4213-org;4213;adam;matthews;64;elvire place;mt pleasant;port macquarie;2210;tas;19181115;3647256
org;rec-144-org;144;olivia;white;2;sturt avenue;berkeley vlge;ringwood;5016;wa;19941026;7159814
org;rec-3657-org;3657;rachael;widdup;19;gurrang avenue;clanville;sale;2176;qld;19820620;6879955
org;rec-56-org;56;jacob;mcfadden;70;cowdery place;plumpton park;sunshine;5086;nsw;19090731;9735499
org;rec-2762-org;2762;chloe;white;101;goldstein crescent;brentwood vlge;stoneyford;2212;nsw;19181228;5862107
org;rec-3767-org;3767;danielle;clarke;7;port jackson circuit;goyder centre;hoppers crossing;6108;nsw;19810727;9407324
org;rec-4341-org;4341;lucas;white;17;majura avenue;glenbrae;clapham;2131;qld;19420809;6988438
org;rec-113-org;113;gabrielle;langer;562;delegate street;oak valley;paddington;3910;wa;19800810;6248832
org;rec-4657-org;4657;joshua;coleman;16;mosman place;aralee;kooyong;3431;nsw;19501024;2640319
org;rec-489-org;489;brandon;strangway;177;robert campbell road;dryrock gulch;toowoomba;4121;nsw;19220610;4691109
org;rec-4784-org;4784;sean;blackwell;2722;may maxwell crescent;gleeson park;stratford;5201;qld;;3485540
org;rec-4703-org;4703;olivia;campbell;3;arkana street;;moree;3165;nsw;19640320;5484153
org;rec-4696-org;4696;samuel;green;13;cordeaux street;mornington ret vlg;woorinen;6153;nsw;19911221;5676411
org;rec-3795-org;3795;peta;stanley;17;;callatoota;northwood;2217;nsw;19450829;7849495
org;rec-1022-org;1022;bridget;knopf;67;shackleton circuit;bridle bit;naracoorte;5255;qld;19760317;5405822
org;rec-1700-org;1700;noah;stephenson;1;vagabond crescent;;northbridge;3166;nsw;19511016;4406709
org;rec-4729-org;4729;jack;waller;31;currie crescent;summer hill;bayswater;3579;vic;19550324;8581279
org;rec-1956-org;1956;nathan;petersen;4;grant crescent;kenbar;kellyville;5067;nsw;19051226;8942423
org;rec-4888-org;4888;caitlyn;pallot;149;pine island road;nuffield village;highton;2792;nsw;19660115;3051696
org;rec-4181-org;4181;nicholas;singleton;;lanley square;henry kendall bayside;malabar;4560;qld;19430819;7737769
org;rec-3692-org;3692;jack;berry;5;shirra close;bindana downs;connolly;4814;nsw;19300619;6070746
org;rec-3069-org;3069;ashleigh;droegemueller;8;callaghan street;osters;adamstown;3070;nsw;19300808;1309189
org;rec-734-org;734;scott;hoggan;6;zox circuit;strageath;northmead;5031;qld;19781105;2063442
org;rec-163-org;163;darcy;ben-gurion;3;howitt street;arlington;;3151;nsw;19691225;8281055
org;rec-2526-org;2526;liam;doody;54;bastow circuit;maranui;cowra;4129;qld;19711125;3842987
org;rec-1619-org;1619;jesse;herbert;16;popplewell place;summer hill;toowoomba;3810;qld;19981021;5942526
org;rec-1462-org;1462;aleesha;rashley;93;wybalena grove;;bayswater;3047;nsw;19500413;7372274
org;rec-4230-org;4230;jason;fenwick;5;vincent place;glenearra;morphettville;3011;qld;19550520;4178650
org;rec-3456-org;3456;lucy;purdon;1;beauchamp street;;maida vale;3153;sa;19510318;1098632
org;rec-1095-org;1095;tiarna;croker;3;roope close;westport;preston west;3318;;19460426;9509846
org;rec-2369-org;2369;kaitlin;katarski;6;gidabal street;lawley park;milperra;0820;nsw;19900303;1052599
org;rec-2394-org;2394;alisha;kaderes;37;jaeger circuit;locn 8;park holme;4514;vic;19020714;2567085
org;rec-4967-org;4967;james;feast;139;goldstein crescent;kooringle park;beenleigh;4214;vic;19500714;9202596
org;rec-2283-org;2283;madeleine;nevin;85;carlile street;rocklands;st kilda east;2092;sa;19230620;3536031
org;rec-2769-org;2769;caitlin;weller;39;fullerton crescent;villa 5;railton;4113;vic;19690725;1647081
org;rec-2130-org;2130;isobel;dreckow;10;landor place;harlyn;old toongabbie;2650;qld;19101019;2584672
org;rec-4824-org;4824;mitchell;longo;52;faucett street;beagle bay;wamuran;4814;nsw;19010102;4714885
org;rec-2657-org;2657;james;portlock;27;lightfoot crescent;linton;frenchs forest;5037;nsw;19330619;6392001
org;rec-669-org;669;chelsea;ryan;50;osburn drive;hansons estate;punchbowl;4869;nsw;19091017;6615930
org;rec-799-org;799;jack;green;;macalpine close;;aspley;6014;wa;19350317;4402882
org;rec-2539-org;2539;emiily;stearnes;34;hugh mckay crescent;honey patch;ettalong;2250;sa;19040826;7188856
org;rec-1880-org;1880;liam;coenen;66;stretton crescent;brinjarry;patterson lakes;6060;qld;19690602;1128736
org;rec-2846-org;2846;lauren;mcneill;37;caley crescent;gimberts road;kilsyth;3752;qld;19050527;4744679
org;rec-3958-org;3958;zach;saul;47;franks place;avenal;willetton;5083;qld;19320823;5326638
org;rec-3956-org;3956;teneille;matthews;13;bugden avenue;civic centre;jesmond;6026;qld;19061230;7584568
org;rec-4520-org;4520;aliza;lloydd-wright;42;port jackson circuit;grnny flt;brisbane;3078;qld;19800509;1628855
org;rec-313-org;313;amelia;mo;46;;rowethorpe;waterloo;2017;vic;19010613;6555841
org;rec-4346-org;4346;brodee;millar;28;looranah street;glenbrae;tarragindi;3043;qld;19980215;8444455
org;rec-4367-org;4367;pakita;beams;73;strangways street;upson & downs;hadspen;6014;qld;19520203;1295582
org;rec-2660-org;2660;alexander;munyarryun;2;allambee street;;moranbah;4218;qld;19551107;9890402
org;rec-1630-org;1630;amber;manson;370;barada crescent;wiltshire;hawks nest;6070;nsw;19890213;9785319
org;rec-4806-org;4806;thomas;haggett;858;nangi place;rheo bland;jesmond;3172;vic;19040405;2872424
org;rec-881-org;881;talia;berry;24;nemarang crescent;;nollamara;3707;vic;19690713;1239638
org;rec-596-org;596;lawson;doody;4;learmonth drive;the lakes retirement village;altona north;2749;sa;19820126;4998687
org;rec-4497-org;4497;benjamin;dola;3;leahy close;killarney;rowville;2430;nsw;19371003;6069398
org;rec-158-org;158;abbey;;17;starke street;gordale;fadden;2286;vic;19150829;6050399
org;rec-1531-org;1531;aidan;minorchio;13;chewings street;ningana;vermont;6056;qld;19500604;7288279
org;rec-1384-org;1384;ruby;mason;24;weatherburn place;yammacoona;tarragindi;5606;vic;19090627;4941274
org;rec-2967-org;2967;emiily;clarke;5;john russell circuit;;canley heights;5032;wa;19760608;4952094
org;rec-153-org;153;jake;reid;25;agnew street;sunnyview;toowoomba;3450;vic;19230613;2239660
org;rec-4151-org;4151;matthew;browne;392;parsons street;north star resort;slacks creek;4501;qld;19720102;9033952
org;rec-4774-org;4774;elana;wilkins;11;blowering street;homevale;st kilda east;7183;nsw;19920601;4088657
org;rec-716-org;716;hannah;birkin;7;tregear close;highfields specialist centre;port macquarie;6065;nsw;19140127;3152369
org;rec-306-org;306;samuel;loos;60;gilday place;eriswell park;kinross;2646;qld;19350908;9238386
org;rec-2058-org;2058;kody;nguyen;2271;cromwell circuit;edellen;braddon;2204;nsw;19610602;6452495
org;rec-3264-org;3264;benjamin;fullwood;4;pulleine crescent;pangani;labrador;2261;wa;19840715;6999348
org;rec-3939-org;3939;thomas;tippins;4;glencross street;mehelu;hinchinbrook;3201;nsw;19890111;9250708
org;rec-3597-org;3597;bethany;dixon;25;burraly court;denny downs;culburra;2208;nsw;19850214;5650922
org;rec-2053-org;2053;flynn;fitzpatrick;19;burns circuit;the willows;tuggerah;3033;vic;19550713;1010947
org;rec-1516-org;1516;trey;goetze;4;petterd street;bonny doon;brighton;7054;qld;19520118;1744778
org;rec-2712-org;2712;abbey;oats;116;sabine close;kiloran;camp hill;3930;qld;19471031;7179281
org;rec-2559-org;2559;emiily;binns;24;howell place;sec 142 hd rounsevell;ryde;2627;wa;19941108;8919080
org;rec-671-org;671;corey;godfrey;74;sturt avenue;cox court hostel;rapid creek;3976;wa;19720408;7156463
org;rec-2804-org;2804;;gilbertson;5;goodwin street;court units;ethelton;2193;qld;19020904;2879807
org;rec-2041-org;2041;julia;worsley;9;aggie place;;bellevue hill;2877;nsw;19780815;5650768
org;rec-4958-org;4958;peta;edson;209;banner street;sec 1;highgate;2257;wa;19940118;4862259
org;rec-4843-org;4843;thomas;butt;11;freeling crescent;mylo house hostel;paterson;2486;nsw;19711104;4301794
org;rec-4532-org;4532;indiana;thorpe;39;newmarch place;nelsons lake;mill park;2250;qld;19271212;8901632
org;rec-2244-org;2244;fergus;sunderland;88;wilson crescent;dunbar heights;whalan;6060;;19591210;4398162
org;rec-637-org;637;alexandra;campbell;15;paul coe crescent;laloki;woollahra;5108;nsw;19531022;3106590
org;rec-2810-org;2810;rachel;ryan;98;knox street;ashdown;wangaratta;4105;sa;19491218;5164957
org;rec-4489-org;4489;emiily;bishop;12;;pine dale;vermont;2088;wa;19730322;3947458
org;rec-3169-org;3169;madison;mcgregor;15;godfrey street;springdale;mount pleasant;2049;wa;19230420;2493506
org;rec-3116-org;3116;hollie;green;7;darlot place;wanneroo central shopping centre;cleveland;2590;wa;19240914;1412872
org;rec-4153-org;4153;jack;noble;60;marrawah street;trewilga;bondi junction;2031;qld;19960409;3790542
org;rec-562-org;562;jasper;webb;7;badimara street;tallow-wood;geelong east;5073;qld;19780525;4462979
org;rec-1661-org;1661;bianca;clarke;59;florence taylor street;circle court;chittaway point;2330;vic;19400401;6129111
org;rec-24-org;24;lauren;mellick;54;lewis luxton avenue;;cooks hill;2161;qld;19561107;9988724
org;rec-4777-org;4777;amy;steinert;20;werriwa crescent;kangaroo grnd;hillston;5251;nsw;19411122;7428687
org;rec-362-org;362;jessica;ditty;22;dunlop street;oak-lodge;bundaberg;3183;nsw;19500328;6813350
org;rec-420-org;420;kate;stephenson;8;sinclair street;brentwood vlge;ryde;5333;sa;19051012;4182623
org;rec-290-org;290;george;webb;16;beatham close;nelsons lake;lakemba;2064;nsw;19721211;6420147
org;rec-4204-org;4204;joshua;webb;1;perry drive;shire clerk;greenwood;2583;wa;19411204;7883180
org;rec-1218-org;1218;jordan;kondakov;115;fleay place;stockland cairns;clayton;2640;;19270806;9876548
org;rec-4406-org;4406;caleb;newberry;14;mackenzie street;mountainview retirement vlge;emerald;2560;sa;19211203;1454135
org;rec-3701-org;3701;jenna;burleigh;59;flora place;glenfine station;chisholm;3231;wa;19151113;9906150
org;rec-1652-org;1652;zac;ebdell;;outtrim avenue;gogulger stock;preston;4123;vic;19461126;3704089
org;rec-1163-org;1163;mia;burford;4;starling place;dutch care hostel;lawson;2257;vic;19040422;9377441
org;rec-1238-org;1238;joel;londesborough;108;arthur circle;vlla 18 pacific bay resort;kings park;5606;sa;19480110;6254331
org;rec-1684-org;1684;gus;gissing;13;barber crescent;nyarrin cottage;tully;4151;vic;19210115;3954831
org;rec-3689-org;3689;shantal;hewson;28;jardine street;;salter point;2750;qld;19140410;4042276
org;rec-3056-org;3056;wil;whiteley;93;simpson street;strathleven;kingston;2151;wa;19440822;8896048
org;rec-2768-org;2768;makenzie;reid;23;sherbrooke street;torbanlea;st ives;2010;qld;19930630;9745948
org;rec-2878-org;2878;jacob;badalassi;7;patey street;summer hill;surfers paradise;4035;nsw;19171217;9068304
org;rec-3935-org;3935;gianni;white;34;max henry crescent;maf-ue arabians;ballarat;2680;nsw;19501101;4846207
org;rec-2547-org;2547;joshua;sherriff;159;cosgrove street;sun city resort;bligh park;2035;qld;;6454105
org;rec-1201-org;1201;jayden;blake;3;kemsley place;mlc centre;kariong;2210;qld;19020112;7106228
org;rec-3421-org;3421;hayley;dixon;32;ashkanasy crescent;enderlee;cohuna;2069;nsw;19300303;6355088
org;rec-627-org;627;;nguyen;84;small place;jalbarragup homestead;glen eden;3073;qld;19181128;5132162
org;rec-396-org;396;nell;campbell;4;stroud place;st pauls court;lindfield;6011;vic;19170614;5659846
org;rec-2453-org;2453;samantha;mccracken;162;shackleton circuit;old purrawunda;westbrook;6020;nsw;19730929;3197473
org;rec-1673-org;1673;angus;crook;4;shoalhaven avenue;;springwood;2227;nsw;19641105;2959647
org;rec-812-org;812;oliver;agius;54;ashburton circuit;gilston lodge;bray park;2161;wa;19651114;6136263
org;rec-132-org;132;bryce;clarke;15;kellick place;beau-ridge;mill park;4413;tas;19821213;6173366
org;rec-1922-org;1922;alana;warnock;5;federal highway;belmore river;kurrajong heights;2283;vic;19790619;1270595
org;rec-1002-org;1002;joshua;fauser;2;harrington circuit;unt 2;kingsford;2280;nsw;19820606;4981335
org;rec-675-org;675;jacob;margrie;92;moulder court;collaroy;clifton;3840;vic;19130517;4315229
org;rec-3787-org;3787;john-paul;burford;36;jardine street;warrawong;robertson;3044;nsw;19340912;9627130
org;rec-1888-org;1888;kazuki;white;65;maranboy street;springdale;marrara;2220;wa;19101205;4980306
org;rec-983-org;983;ruby;dixon;106;robertson street;merrilea;fullarton;3929;qld;19060420;6808962
org;rec-1784-org;1784;bethany;reid;9;totterdell street;kingaroy garden;deniliquin;2800;qld;19080203;5554694
org;rec-3804-org;3804;benjamin;hartland;40;ranken place;sorrento;collie;3799;qld;19080206;7081220
org;rec-2803-org;2803;abigail;paterson;2;bega flats;bowen park;blakehurst;4151;tas;19021218;4253487
org;rec-1351-org;1351;nicholas;jolly;8;piddington street;rosehill;burnside;0872;nsw;19011217;7662074
org;rec-3442-org;3442;william;frahn;;haystack crescent;rainbow park rp 8965;calista;4740;nsw;19500602;6417261
org;rec-1051-org;1051;timothy;modystach;32;julia flynn avenue;rcg centre;charlestown;4655;vic;19671125;2430623
org;rec-189-org;189;madison;warneke;24;hopkins street;urara;ballarat;2444;nsw;19861016;9508340
org;rec-902-org;902;angus;chandler;20;archibald street;;eight mile plains;6150;qld;19531214;3626178
org;rec-2141-org;2141;alexandra;meixner;42;mannheim street;casablanca;st albans;2913;sa;19030525;3838784
org;rec-209-org;209;eliza;zimmermann;15;sydney avenue;bass highway;booval;4701;nsw;19480506;6758505
org;rec-857-org;857;courtney;benger;15;callaway crescent;flight springs;canterbury;6059;qld;19101114;3489916
org;rec-250-org;250;lauren;shack;345;rushbrook circuit;research station;warrandyte;4740;tas;19590103;1987058
org;rec-1362-org;1362;;collinson;8;parrabel place;fraser lodge;elwood;2420;vic;19100819;5602774
org;rec-2329-org;2329;lachlan;theodore;1304;wenlock street;bells ck;woodhouselee;4817;wa;19840528;7028688
org;rec-1552-org;1552;daniel;callahan;119;halifax close;medical centre;smythesdale;2400;nsw;19530309;3925704
org;rec-3725-org;3725;james;hyland;38;hurley street;springmount;emu plains;3207;nsw;19870607;7791289
org;rec-1801-org;1801;charlee;ponsford;7;hawker street;locn 449;harbord;2234;nsw;19290803;8863899
org;rec-4748-org;4748;zane;tao;5;cromwell circuit;heversham;lalor;4825;nsw;19631204;7503892
org;rec-4995-org;4995;jessica;singleton;40;tyrrell circuit;villa 2;farrer;4422;qld;19241115;7634940
org;rec-2021-org;2021;angelica;capurso;3;heales place;coulter court;toormina;2166;act;19840719;7201624
org;rec-3112-org;3112;samara;joel;66;crisp circuit;john curtin hostel;mount eliza;2477;qld;19001010;9937630
org;rec-2007-org;2007;daniel;toms;5;mcclelland avenue;springbanks;kendall;2030;vic;19760921;3896174
org;rec-309-org;309;eliza;campbell;113;dines place;villa 74 village glen;figtree;2770;nsw;19651205;1754771
org;rec-3755-org;3755;tahlia;ryan;;john young crescent;flr 5 john flynn medical centre;westlake;2148;nsw;19740102;4169896
org;rec-1016-org;1016;courtney;painter;12;pinkerton circuit;bega flats;richlands;4560;vic;19161214;4066625
org;rec-104-org;104;daniella;steinbacher;5;brigden crescent;the village condo 7;bridgewater;6101;vic;19360208;7992465
org;rec-193-org;193;ethan;nguyen;1932;lodder place;tobruk hse;clayfield;4405;tas;19971105;1140575
org;rec-4226-org;4226;sara-louise;nikakis;51;ashby circuit;sunshine farm;goorambat;2298;qld;19000820;4911869
org;rec-2880-org;2880;emiily;paterson;7;gruner street;platina;seaforth;5157;vic;19840318;7177837
org;rec-2370-org;2370;wil;eyles;157;totterdell street;rowethorpe;st kilda;2602;nsw;19060606;3998859
org;rec-523-org;523;;maslich;38;ibis street;wee wilbertree;carine;3337;vic;19360105;3611483
org;rec-879-org;879;samantha;barre;14;gouger street;cedar bay;balwyn north;2150;wa;19640121;2801474
org;rec-1352-org;1352;william;doman;7;copland drive;grandview;adamstown;2325;vic;19810208;5779269
org;rec-170-org;170;isabella;stephenson;38;majura avenue;mafeking;emerald;2212;qld;19840307;6292167
org;rec-2000-org;2000;cain;dooley;85;boobialla street;osborne house;marsden;2284;vic;19570621;5346367
org;rec-3945-org;3945;ellie;reid;35;nemarang crescent;brandywine stud;jarra creek;4051;wa;19090612;3825290
org;rec-1975-org;1975;tegan;whiteley;7;casuarina street;retirement village;oakleigh;5211;nsw;19440305;6180156
org;rec-3077-org;3077;jett;mendrin;108;ainsworth street;colooli village;bassendean;3777;nsw;19050414;4009353
org;rec-17-org;17;william;dixon;89;longman street;fernlea;rosebud;3315;nsw;19960927;7060978
org;rec-2102-org;2102;connor;soulsby;53;bussau close;hi pine;mooroolbark;3109;nsw;19750429;7659266
org;rec-2180-org;2180;max;white;220;braund place;aprt 59;ferndale;3337;qld;19110220;5718630
org;rec-3233-org;3233;jessica;donaldson;2;mainwaring rich circuit;cliffney park;hamilton;2147;nsw;19361211;5900031
org;rec-744-org;744;chevonne;simmonds;24;victory place;dandarra;hoppers crossing;2074;qld;19420531;3553538
org;rec-3948-org;3948;thomas;parr;71;plowman place;linton vlge;daw park;5159;nsw;19010714;5972566
org;rec-2550-org;2550;katie;noble;16;torrens street;old hillside;rose bay;4510;nsw;19050728;6816111
org;rec-211-org;211;madeline;jolly;6;;crown allot;lilli pilli;2546;nsw;19280509;9133348
org;rec-4865-org;4865;lara;musolino;26;steinfeld court;table mountain;moree;3134;wa;19381019;4887522
org;rec-2217-org;2217;alicia;curry;51;macrossan crescent;yarrandoo;loganholme;4118;vic;19340827;2973687
org;rec-3726-org;3726;keeley;slape;10;arthaldo court;glenore grove;kogarah;6012;nsw;19301222;9981980
org;rec-4821-org;4821;ethan;fitzpatrick;10;laughton street;manor park;thornbury;6258;vic;19040922;6023201
org;rec-2469-org;2469;riley;nguyen;76;florence taylor street;wacharoo;mill park;3181;nsw;19951106;4237972
org;rec-3271-org;3271;daniel;denning;1498;galloway street;villa 2;yarrawonga;2194;vic;19810501;5572094
org;rec-1743-org;1743;riley;landow;43;hannaford street;wattle tree;marayong;6025;vic;19971031;4812402
org;rec-2592-org;2592;flynn;banham;164;starke street;stonehouse;carlingford;2444;sa;19890221;3189743
org;rec-2113-org;2113;jaxin;jolly;114;llewellyn crescent;merrimac heights;bull creek;4017;sa;19250202;7133472
org;rec-1375-org;1375;jye;bradshaw;28;wyles place;normanhurst;homebush;2036;wa;19900905;7164427
org;rec-3461-org;3461;gabrielle;clarke;24;troughton street;unt 3;;2114;qld;19440219;9711144
org;rec-1666-org;1666;rhett;george;6;;lindisfarme;marsden;5251;qld;19420726;5663323
org;rec-3007-org;3007;elly;webb;11;gouger street;evergreen;leichhardt;2550;nsw;19240923;6770160
org;rec-2115-org;2115;pearson;shepherd;13;de graaff street;springdale;beverly hills;2650;vic;19320517;6334586
org;rec-934-org;934;george;lavender;851;earle place;kilmore;elizabeth park;4068;wa;19011207;3461164
org;rec-2277-org;2277;noah;white;2;bardsley place;lindoran;boorowa;5021;tas;19480206;7052624
org;rec-4938-org;4938;lushia;mason;26;mcdermott street;tundarra;balwyn north;2099;nsw;19261204;6453135
org;rec-1702-org;1702;michael;drechsler;5;hone place;;newcomb;3032;qld;19291014;3902049
org;rec-2828-org;2828;dylan;pinheiro;7;canopus crescent;strabane;birkdale;5050;nsw;19131214;2918000
org;rec-2756-org;2756;evan;heerey;74;banjine street;ochre;gawler east;2750;nsw;19170811;7838600
org;rec-1468-org;1468;aaliyah;ottens;17;mullan street;hinton brook;ascot vale;3199;sa;19181214;3004031
org;rec-4448-org;4448;madison;white;58;morant circuit;;highton;4118;qld;19920901;6806350
org;rec-3649-org;3649;alexandra;agett;48;keith street;boronia;taree;6430;nsw;19180406;8624670
org;rec-1290-org;1290;kirra;browne;26;shoalhaven avenue;loormeah park;surry hills;3042;tas;19430407;8370048
org;rec-4834-org;4834;;quast;6;fincham crescent;zimms corner;penrith;2228;vic;19720423;8031551
org;rec-3498-org;3498;alysha;maier;2;kerrigan street;craigie-lea;morphettville;3124;qld;19480111;8215736
org;rec-491-org;491;courtney;petersen;9;abercrombie circuit;myross;canterbury;2200;vic;19331227;9627876
org;rec-1590-org;1590;paige;paterson;8;lindrum crescent;miandetta;st james;3805;nsw;19090422;5550381
org;rec-2405-org;2405;makenzi;white;12;bimberi crescent;;seymour;2061;wa;19350712;6816535
org;rec-4268-org;4268;riley;campbell;12;mulleun close;channel;oakey;2615;qld;19090824;2750463
org;rec-3792-org;3792;jack;marcaros;59;goyder street;st johns terrace;ormeau;2088;qld;19810311;5200718
org;rec-2519-org;2519;jenna;goode;49;hedland circuit;kela;kingaroy;3156;nsw;19920828;4224901
org;rec-620-org;620;sophie;mccarthy;91;woodfull loop;norma;west culburra;2350;qld;19580523;1578155
org;rec-4977-org;4977;marcus;marris;35;heard street;rmbh 884;lilydale;5352;vic;19671112;2643005
org;rec-2504-org;2504;luke;ayres;18;longstaff street;locn 8200;salisbury;4161;wa;19290207;3550340
org;rec-4298-org;4298;mitchell;wheatley;63;embling street;;mongarlowe;2795;qld;19641102;3016745
org;rec-3533-org;3533;tynan;laning;325;neeld place;rockview;lalor;6071;qld;;5239410
org;rec-1690-org;1690;georgia;cother;30;captain cook crescent;whiskers hill;seelands;2220;nsw;19171218;8148701
org;rec-824-org;824;holly;clarke;16;ballumbir street;talooby;sale;3163;nsw;19121217;8303839
org;rec-3471-org;3471;nicholas;donaldson;8;stobie place;heritage manor est;newcomb;4104;sa;19051119;3361470
org;rec-4798-org;4798;bethany;crook;;rumker place;villa 115;thornbury;4380;wa;19701023;3361106
org;rec-1655-org;1655;lily;innis;39;harricks crescent;yarrandale;st albans;3002;qld;19880321;2533253
org;rec-1504-org;1504;kailey;gazzola;2;napier close;bandera;sanctuary point;2830;nsw;19340729;5402689
org;rec-1220-org;1220;lauren;weltman;6;tewksbury circuit;heritage estate;evans head;6330;nsw;19840930;9462453
org;rec-1096-org;1096;olivia;druitt;22;hacking crescent;westminster village;greenacre;5141;vic;19950307;7527562
org;rec-3918-org;3918;joel;lace;33;banner street;wombinoo station;highton;2559;nsw;19140416;3971456
org;rec-3997-org;3997;jessica;beams;19;griffiths street;glenburn;toorak;5540;nsw;19040321;7839655
org;rec-916-org;916;tiana;white;20;tazewell circuit;ningana retirement;toorak;2250;vic;19460218;7461693
org;rec-928-org;928;samantha;barmore;23;bilby place;yarrandoo;somerset;3073;vic;19641215;5082469
org;rec-1811-org;1811;jack;campbell;11;bremer street;sec 1;san remo;2134;tas;19291016;2920956
org;rec-1847-org;1847;luke;karlsen;119;mckenzie street;moonee beach caravan park;woodlands;2224;vic;19060425;3838005
org;rec-4099-org;4099;harrison;george;;woronora street;south melbourne market;kangaroo flat;2450;nsw;19370115;3711821
org;rec-3164-org;3164;william;markellos;13;hartog street;homewood;mansfield;3029;qld;19770717;1866346
org;rec-2462-org;2462;ruby;garnsey;317;harcourt street;navan park;north narrabeen;4163;nsw;19731030;3572082
org;rec-1510-org;1510;imogen;beaty;68;hilder street;;toowoomba;2120;nsw;19771106;4994511
org;rec-1507-org;1507;dominic;woodmansee;500;sculptor street;calleen farm;punchbowl;6111;nsw;19170707;4369787
org;rec-3448-org;3448;makayla;cochrane;9;tillyard drive;the willows;coffs harbour;5089;nsw;19951205;3164154
org;rec-536-org;536;aleisha;lowe;9;cavanaugh street;koobeja;mulgrave east;2445;wa;19731203;3335374
org;rec-3729-org;3729;ruby;hentze;30;harkness street;glenearra;florey;4178;sa;19030606;2379739
org;rec-4042-org;4042;steven;pwa;39;weatherburn place;;malvern;7315;qld;19620819;1623496
org;rec-4170-org;4170;noah;rawlings;6;melrose drive;lethbridge court;darlington;3216;nsw;19680922;8526649
org;rec-4-org;4;jayde;crouch;42;weston street;waimaru;niagara park;2119;wa;19250406;8892697
org;rec-3781-org;3781;nathan;nguyen;12;staaten crescent;yarrabee;moura;3170;qld;19961006;4794269
org;rec-1564-org;1564;madison;green;67;atherton street;moorilla;bondi junction;2480;wa;19920222;1194102
org;rec-2273-org;2273;chelsea;tuckwell;48;atherton street;pine hill;invermay;4868;qld;19391105;9172674
org;rec-2497-org;2497;maya;webb;927;woodfull loop;birubi point caravn park;tolland;4300;qld;19901005;1365038
org;rec-3623-org;3623;taalia;clarke;4;notting court;aboriginal nhulunbuy hostel;lindfield;2196;qld;19260303;8505822
org;rec-2577-org;2577;noah;reetz;9;ellenborough street;lakes retirement estate;bayswater north;3126;vic;;2350308
org;rec-715-org;715;mia;lock;42;morrow street;;woodburn;2810;nsw;19650307;6006824
org;rec-3966-org;3966;james;truman;4;knoke avenue;red hills;wallsend;4221;act;19740918;7208464
org;rec-2431-org;2431;sienna;lock;5;outtrim avenue;seaforth senior citizens vlge;coopers shoot;4119;vic;19650410;3787467
org;rec-3253-org;3253;;prideaux;117;wilshire street;rosetta village;loch;4503;nt;19700320;4150192
org;rec-4493-org;4493;;braithwaite;136;kemsley place;john flynn medical centre;bellevue hill;2234;qld;19730806;8732209
org;rec-2334-org;2334;jasmyn;lowe;48;toohey place;grand central;bicton;3058;nsw;19320918;1430128
org;rec-2029-org;2029;benjamin;cassimatis;23;;yacklin;thornleigh;6006;nsw;;1533923
org;rec-1577-org;1577;lachlan;stanley;28;cottam place;plainview;mount samson;7310;nsw;19740824;4200578
org;rec-542-org;542;tiahnee;clarke;3;golden grove;;dural;7000;nsw;19790215;9714630
org;rec-4303-org;4303;alessandra;stanley;9;araluen street;bombowlee;avoca;3104;qld;19940325;8650329
org;rec-1433-org;1433;solomon;boecke;42;dirrawan garden;;whitfield;2099;qld;19321217;7045068
org;rec-4109-org;4109;louise;bowerman;27;nelson place;;keysborough;3805;vic;19141204;7238468
org;rec-2914-org;2914;juliana;white;39;osburn drive;kilfenora;st kilda east;6701;vic;19171013;3450613
org;rec-3244-org;3244;alexander;george;11;eaglemont retreat;tarqua;dapto;3087;vic;19970108;7688076
org;rec-3865-org;3865;isabella;novak;40;ebden street;carinya vlge;mooroolbark;5074;vic;19870905;5546417
org;rec-2882-org;2882;sarah;eglinton;19;beasley street;bandaroo;naracoorte;4021;nsw;19451107;4310446
org;rec-2187-org;2187;emma;scappatura;3;reuther street;wattle brae;east fremantle;3129;nsw;19390522;5932517
org;rec-4962-org;4962;ruby;acciairresa;4;broad place;rowan lodge;wamberal;3431;nsw;19250609;7388992
org;rec-2494-org;2494;tiffany;schuster;35;vanzetti crescent;snug beach cvn park;smithfield;2579;wa;19440522;6698734
org;rec-3936-org;3936;dakota;jeffries;27;redcliffe street;drayton villas;ringwood north;5113;wa;19050412;5624716
org;rec-1408-org;1408;kierra;harrington;45;shepherdson place;oakdale;rye;4127;qld;19700127;9648034
org;rec-1196-org;1196;matthew;bozzetti;79;bramina station;lakewood estate;vermont;6027;qld;19760609;1057227
org;rec-840-org;840;noah;nguyen;8;carroll street;locn 10045;eastwood;7053;sa;19101127;2142666
org;rec-1857-org;1857;hugh;bartel;11;brewster place;;bakers creek;4069;nsw;19510315;7516697
org;rec-1038-org;1038;mia;crofts;101;nunan crescent;wilga;millmerran;4850;sa;19550722;3041807
org;rec-3830-org;3830;nathan;samuniuk;53;burkitt street;forestdale;hindmarsh west;5540;nsw;19831213;3693831
org;rec-564-org;564;kane;reid;12;arnold place;lakefront retrmnt vlge;seventeen mile rocks;6285;qld;19181209;4118529
org;rec-1108-org;1108;lachlan;murton;191;barraclough crescent;medcl cntr (cnr queen s street;east hills;2770;nsw;19770527;2068877
org;rec-2310-org;2310;isaiah;dixon;6;whitford place;ettalong beach village;bonville;3072;qld;19321222;5795586
org;rec-1-org;1;isabella;everett;25;pike place;rowethorpe;marsden;2152;nsw;19110816;6653129
org;rec-2650-org;2650;caitlin;de boar;21;crisp street;section;jan juc;5400;nsw;19460307;3080624
org;rec-3578-org;3578;jasmine;mariager;21;medley street;pine hill;evans head;4020;nsw;19180202;1051531
org;rec-4981-org;4981;matthew;gulliver;50;malcolm place;;sefton;4817;nsw;19790129;2462951
org;rec-1079-org;1079;jessica;robson;337;marcus clarke street;macarthur;vermont;3429;nsw;19790719;6293706
org;rec-3511-org;3511;benjamin;rau;119;lenehan street;binnalong;burleigh heads;2065;vic;19040120;8590013
org;rec-4437-org;4437;harry;beattie;91;watson street;yengola;kempsey;2536;nsw;19831227;6262171
org;rec-1191-org;1191;mitchell;campton;37;watt place;merricroft;brandon;7270;nsw;19931028;2226898
org;rec-4813-org;4813;zarran;eisele;39;national circuit;kojonolokan hills;penguin;5114;tas;19330305;3983917
org;rec-1102-org;1102;samantha;spong;9;currong street;westgate;vale park;2090;sa;19500508;4742050
org;rec-2572-org;2572;bridget;dudgeon;11;cockcroft avenue;manor park;joondalup;3040;nsw;19740328;7423497
org;rec-826-org;826;chloe;white;33;gadali crescent;rondayvoo;loganlea;3029;vic;19331024;8293735
org;rec-382-org;382;ella;mahon;51;ulm street;naygoondy;northmead;2086;nsw;19330520;4464237
org;rec-3221-org;3221;naomi;ryan;14;decker place;grandview;paringa;2148;nsw;19720205;2526000
org;rec-3942-org;3942;tara;campbell;34;dunstan street;westpoint;katherine;6015;qld;19810623;8339362
org;rec-2689-org;2689;ainsley;robison;23;atherton street;villa 1/4;deer park;3418;nsw;19310531;4102867
org;rec-3145-org;3145;talia;holer;19;dennis street;;ashfield;2287;qld;19700608;3019342
org;rec-1624-org;1624;henry;martinello;48;fred lane crescent;coorabil;northampton;2794;qld;19410617;4721399
org;rec-1923-org;1923;kalli;rocca;12;mckivat close;leebold hill farm;clayfield;5022;qld;19990423;3214869
org;rec-4550-org;4550;anastasia;longman;10;wassell place;glenarthur;coffs harbour;0812;qld;19390813;7175344
org;rec-4936-org;4936;dean;lock;16;durville crescent;wylarah;campsie;4031;sa;19150408;4029960
org;rec-4554-org;4554;jamie;wardle;1;shakespeare crescent;youralla;harris park;2720;nsw;19990726;4283546
org;rec-392-org;392;harrison;reid;45;sangster place;mount valley van park;harbord;5158;tas;19451222;7347950
org;rec-4029-org;4029;darcy;montfort;194;;upper newee creek street;mount helen;2448;qld;19580822;6099624
org;rec-2183-org;2183;naomi;matthews;81;tate street;kawana shoppingworld medical centre;;2192;vic;19821011;1390365
org;rec-4966-org;4966;lauren;green;8;howe crescent;;suffolk park;3215;nsw;19980822;1363900
org;rec-4581-org;4581;tess;sherriff;58;burkitt street;oxonia;lavington;4037;vic;19270919;8204283
org;rec-510-org;510;sara;karlsen;6;tarrant crescent;kia-ora cottage;parmelia;2154;vic;19520602;6200753
org;rec-920-org;920;benjamin;clarke;122;archibald street;locn 1487;nickol;2535;nsw;19010518;1978760
org;rec-1280-org;1280;francesco;cannell;5;ngunawal drive;whispering pines;brighton;7320;nsw;19900219;2439499
org;rec-161-org;161;tanyshah;david;3;redcliffe street;northwood park;palana;3166;qld;19680823;6914643
org;rec-845-org;845;arki;mason;5;verran place;rowethorpe;frankston;6147;vic;19851022;7763548
org;rec-3305-org;3305;ethan;;6;blamey crescent;kamilaroi cottage;canterbury;2480;nsw;19490228;6288497
org;rec-133-org;133;jackson;koklas;43;cousin place;villa 2;pearcedale;7018;wa;19850701;1074399
org;rec-356-org;356;zack;brock;87;top nass;;hyde park;4740;nsw;19130124;8703977
org;rec-1199-org;1199;lucas;tiller;106;stuart street;yarrandale moonee;douglas park;4573;wa;19300831;2715828
org;rec-944-org;944;joshua;berry;95;leahy place;crestfield;shenton park;6302;nsw;19550519;3007951
org;rec-3583-org;3583;isabella;buchhorn;28;officer crescent;;oaklands park;5043;vic;19930522;7645759
org;rec-4766-org;4766;samara;campbell;8;packham place;kokoda hostel;burpengary;3136;wa;19010604;6449470
org;rec-4480-org;4480;jessica;serafin;11;bucknel circuit;farm shed;toowong;3130;nsw;19140516;5581897
org;rec-2755-org;2755;robert;maczkowiack;40;broadbent street;jandera south;port lincoln;6153;nsw;19030102;4106094
org;rec-890-org;890;benjamin;matthews;3;enderby street;byron van village caravan park;coorabell;2221;sa;19720501;8872778
org;rec-4847-org;4847;harvey;fassina;;pope street;oakdale;malvern east;4419;nsw;19840812;5859873
org;rec-4979-org;4979;timothy;webb;23;tom roberts avenue;cathederal place;padstow heights;2193;nsw;19270531;2303333
org;rec-4941-org;4941;madeline;lowe;272;fergusson crescent;;carrara;6066;sa;19651206;8520720
org;rec-1594-org;1594;david;;3;eggers place;ainslie house;nubeena;4869;nsw;19380403;6575835
org;rec-2976-org;2976;zachary;nakahara;;tazewell circuit;henry kendall hostel;chiltern;2193;nsw;19600128;4768273
org;rec-4084-org;4084;ethan;beckwith;26;hirst place;miniacres;morphettville;4870;qld;19981113;9473353
org;rec-4280-org;4280;lauren;ferri;121;hedger street;katherine low leve;banyo;3150;wa;19440118;9553756
org;rec-2636-org;2636;abigail;petersen;42;tauss place;kacadoo;abbotsford;3630;vic;19560125;6593871
org;rec-2014-org;2014;jared;coleman;37;cumpston place;heatherdale;kingston;3130;nsw;19280705;2238622
org;rec-114-org;114;alana;green;2;wittenoom crescent;tulla burra;mount eliza;4051;wa;19030904;7711269
org;rec-2446-org;2446;brooke;homles;;yiman street;high valley;camira;5043;nsw;19360812;5450160
org;rec-3488-org;3488;emiily;mchenry;1;hurwood place;paramatta park;leeton;2228;nsw;19550504;1357509
org;rec-2216-org;2216;madison;struck;40;drake brockman drive;eden park;st albans;4218;nsw;19600814;8963800
org;rec-1243-org;1243;april;snell;87;keartland street;public building;kalamunda;3934;wa;19000422;4988954
org;rec-4024-org;4024;katelin;wheatley;35;blakey close;derwent wtrs;hackham west;4515;;19130924;2489779
org;rec-3163-org;3163;daniele;campbell;20;freehill street;botin;towradgi;7000;vic;19400817;6050678
org;rec-339-org;339;samuel;kontopoulos;11;bamir square;pleasant view;carnegie;3631;vic;19870312;9712523
org;rec-3847-org;3847;isaac;clarke;17;leonard close;highpoint;bundaberg north;7310;tas;19361017;4346183
org;rec-4928-org;4928;lucas;coffey;16;halifax close;links court (cnr susanne s street;south maclean;4211;sa;19950414;5174809
org;rec-2644-org;2644;sean;bammant;108;yarra street;ulva;yorkeys knob;2154;wa;19650509;6208046
org;rec-4426-org;4426;bailee;dooley;24;balfour crescent;baybreeze;bowral;3152;vic;19140520;5906239
org;rec-4067-org;4067;talia;white;;fergusson crescent;budd ridge;brucknell;3810;nt;19980331;4476072
org;rec-2702-org;2702;dylan;beal;82;sargood street;st john of god hospital;kingston;2088;qld;19620914;4831404
org;rec-1130-org;1130;madeline;spicer;6;meyrick place;the mews royal hotel bldg;marks point;3196;nsw;19430521;1722390
org;rec-172-org;172;adam;craze;;mcclintock street;loma langie;portarlington;3199;wa;19270510;3239913
org;rec-2445-org;2445;ella;campain;2;bimbiang crescent;st john of god hospital;seven hills;2160;vic;19900406;8809552
org;rec-3800-org;3800;catherine;gawthrop;16;westbury circuit;black snake creek;arundel;3162;qld;19151003;3517894
org;rec-962-org;962;millane;reinmuth;1;galloway street;agarabi;;4157;nsw;19940519;7590245
org;rec-3047-org;3047;emiily;lowe;80;investigator street;mirilla;hopetoun;3377;vic;19420731;2555272
org;rec-246-org;246;rosie;morrison;35;kirkwood crescent;villa 183;springwood;2396;vic;19000326;8113043
org;rec-274-org;274;erin;clarke;96;teakle place;;granville;3040;wa;19170313;8285633
org;rec-2836-org;2836;joe;white;4;towers place;hybernia park;coolaroo;2066;vic;19851122;1899363
org;rec-2275-org;2275;alissa;leong;4;maranoa street;;windang;2795;vic;19380612;2265634
org;rec-1993-org;1993;talia;collinson;20;oliver street;;paraburdoo;3197;nsw;19320209;1496537
org;rec-1643-org;1643;georgia;kouba;1;gay place;new chum;east launceston;4169;nsw;19840526;8748935
org;rec-2221-org;2221;jacqueline;geduld;189;crichton crescent;ponderosa;raglan;3088;nsw;19320306;9649030
org;rec-2338-org;2338;damien;webb;34;molesworth street;fairfield housing bg;werribee south;2448;qld;19440826;5682631
org;rec-3361-org;3361;isabelle;bullock;10;companion crescent;eden park;henty;2212;nsw;19920128;5801283
org;rec-4565-org;4565;jared;klemm;78;;gloccamorra;bateman;6152;act;19770328;4616949
org;rec-4132-org;4132;jake;warnock;98;martley circuit;rosetta village;taralga;2474;sa;19670608;7452671
org;rec-1955-org;1955;tanyshah;jolly;462;finnerty place;belvedere;alice springs;3167;nsw;19861204;2562045
org;rec-4720-org;4720;jack;mccarthy;122;shackleton circuit;macquarie inn;westfield;3178;vic;19411214;5715719
org;rec-1580-org;1580;thomas;coleman;35;davies place;apt pc;port elliot;4819;nsw;19660918;6106983
org;rec-3368-org;3368;sienna;richmond;37;kitchener street;reynolds dale;whitebridge;2151;wa;19440523;4917696
org;rec-4335-org;4335;elana;wiechec;11;belconnen way;upper ross medical centre;;4077;sa;19460820;3124171
org;rec-1998-org;1998;william;robson;77;springvale drive;magpie springs;lowood;4151;vic;19520721;2322463
org;rec-1208-org;1208;;kars;120;gurrang avenue;alnwick;rosslea;3241;vic;19880426;5932561
org;rec-4629-org;4629;tiarna;burghof;1;;delmar;keysborough;2550;vic;19911125;8808422
org;rec-3469-org;3469;richard;roche;104;beaurepaire crescent;the garden village;cranbourne;3073;nsw;19870624;5733343
org;rec-1968-org;1968;john;coxon;5;paterick place;rosetta village;elizabeth park;6152;qld;;1984934
org;rec-4101-org;4101;daniel;ballantyne;137;howitt street;timberscombe;noble park;4014;qld;19601102;3529680
org;rec-2972-org;2972;imogen;polmear;102;macedon crescent;rowethorpe;port macquarie;2847;sa;19241217;6794742
org;rec-3373-org;3373;alisa;clarke;25;langdon avenue;cliffdon park;eaglehawk;2100;nsw;19760105;1902858
org;rec-2340-org;2340;zachary;ban;4;maurice place;cabbage tree;moore;6011;sa;19710105;4571622
org;rec-3318-org;3318;leah;eisele;16;howie court;oaks caravan village;dunkeld;2505;nsw;;6306615
org;rec-1616-org;1616;zac;green;44;bingley crescent;green farm mates;karratha;5087;vic;19260814;7913094
org;rec-2245-org;2245;chelsie;goldsworthy;21;woronora street;alanvale;south wentworthville;4216;nsw;19500313;5547857
org;rec-1137-org;1137;emiily;mac onochie;6;temperley street;kerradan;andergrove;2326;sa;19440717;6618917
org;rec-1856-org;1856;bethany;large;9;hayball place;hawkhurst cottage;mount stuart;6017;nsw;19541211;6608468
org;rec-3551-org;3551;talena;richmond;25;hopetoun circuit;tricorne (cnr scone r road;south melbourne;3055;nsw;19621215;1051084
org;rec-220-org;220;abbey;finlay;14;lipman street;willowcrest;park holme;2680;vic;19711028;2407770
org;rec-3355-org;3355;lily;marris;28;deumonga court;fourways;ulverstone;3048;nsw;19980524;4654900
org;rec-1249-org;1249;benjamin;browne;710;beazley crescent;cosy corner;merrimac;2094;nsw;19660327;9379589
org;rec-3429-org;3429;imogen;camp;14;haines street;roskhill;gretna;4213;;19681214;9359429
org;rec-1873-org;1873;gabriel;green;18;alroy circuit;birrabilla;surry hills;4558;nsw;19901018;6199029
org;rec-1400-org;1400;paige;sherriff;25;chuculba crescent;wunpalm;marks point;2101;qld;19111215;2181571
org;rec-2290-org;2290;mila;nguyen;145;clutsam place;autum lodge;findon;3350;tas;19780829;1100570
org;rec-3737-org;3737;archer;brammy;119;free place;;killara;2795;vic;19190802;3738388
org;rec-621-org;621;jake;blake;212;casson street;longridge;geelong west;3280;nsw;19601009;8244609
org;rec-686-org;686;zarlia;hage;69;catchpole street;tryphinia view;casino;3180;vic;19130311;5080759
org;rec-1931-org;1931;thomas;bruhn;21;namadgi circuit;mariner views;slacks creek;4670;wa;19540821;1246505
org;rec-1788-org;1788;jacob;durbridge;153;macarthur avenue;little paddocks;albury;4680;nsw;19820308;4922810
org;rec-2226-org;2226;oscar;bitmead;4;ellerston avenue;glenview;deer park;4020;qld;19191217;5440118
org;rec-3857-org;3857;ambrosia;samplton;51;moorehead place;merrydale;goodwood;4701;sa;19400426;1298044
org;rec-2456-org;2456;cassandra;cappelluti;3;flecker place;;holden hill;2529;nsw;19350419;7613246
org;rec-896-org;896;eleanor;klemm;110;carrodus street;henry kemball village;greensborough;2122;vic;19771109;9856779
org;rec-2243-org;2243;ned;herbert;6;vonwiller crescent;;albury east;3163;nsw;19310822;6246038
org;rec-4479-org;4479;nicholas;humphreys;7;forbes street;peak view;north ryde;2131;sa;19460529;9271718
org;rec-1674-org;1674;keely;harrington;296;brickhill place;henry kendall hostel;menindee;2830;nsw;19330913;1759909
org;rec-1350-org;1350;james;reid;30;snodgrass crescent;diablo;belmont;2261;qld;19790129;2073967
org;rec-2482-org;2482;hayley;benger;125;mckail crescent;rosetta village;southbank;5048;nsw;19390818;2726971
org;rec-638-org;638;jack;braddy;14;arndell street;parma farm;goodna;2450;nsw;19200906;9738539
org;rec-1341-org;1341;harry;cure;4;sugarloaf circuit;beaudesert caravan park;parkdale;2448;vic;19601222;1947985
org;rec-2085-org;2085;isabella;matthews;48;may maxwell crescent;corporate house;armidale;6016;qld;19060809;1255415
org;rec-4527-org;4527;april;nguyen;7;;mungrup stud;branxton;2018;qld;19210113;1634109
org;rec-4199-org;4199;;ryan;42;beazley crescent;shaudell;torquay;0830;sa;19820718;9041824
org;rec-281-org;281;evan;calio;40;sugarloaf circuit;mulvra;karalee;3033;nsw;19251026;1186290
org;rec-3695-org;3695;emiily;crossman;16;;tulloch;colac;4305;nsw;19641029;4013967
org;rec-2545-org;2545;ashleigh;white;34;hutchison crescent;harefield;east hills;2354;nsw;19261003;6850999
org;rec-2541-org;2541;rebecca;boothroyd;1;gatton street;rosedale;wiseleigh;3690;nsw;19001103;3436597
org;rec-3785-org;3785;abbey;stephenson;;duggan street;makowata siding;elwood;2095;nsw;19520731;3195277
org;rec-1581-org;1581;nathan;dunstone;10;shirlow place;poldoe park;blacktown;3820;nsw;19001013;1854047
org;rec-3280-org;3280;brock;schembri;71;arkana street;redwood village;colac;3156;wa;19530417;8819783
org;rec-2950-org;2950;cade;newport;;britten-jones drive;the park;warnbro;2261;qld;;2081552
org;rec-647-org;647;henry;greenhalgh;2;elizabeth crescent;murray vale u p a;shorncliffe;4516;wa;19670212;3335029
org;rec-1259-org;1259;talia;allard;2;groom street;fair lea;newmarket;6064;qld;19060220;2778608
org;rec-271-org;271;abby;sporn;29;nivison place;key;joyner;2340;sa;19830505;5733964
org;rec-4631-org;4631;lachlan;zawadzki;;hazel smith crescent;wdgee street;bowral;6148;sa;19990420;7589775
org;rec-676-org;676;samuel;princehorn;20;gould street;somerview;warra;3152;nsw;19761209;1347961
org;rec-3413-org;3413;amber;durnin;41;hindmarsh drive;walmount;knoxfield;3634;vic;19251010;8760281
org;rec-417-org;417;adam;smithson;4;newman morris circuit;medical centre;springwood;2087;nsw;19181006;7935674
org;rec-1524-org;1524;lily;krishnan;25;bourne street;redhill;keysborough;2640;qld;19681003;8956118
org;rec-1204-org;1204;indiana;campbell;6;linger place;oakdene;salisbury;7250;wa;19430315;7787158
org;rec-4373-org;4373;jack;carbone;55;wrenfordsley place;;moura;2038;vic;19710726;1202844
org;rec-87-org;87;shandril;flockhart;6;maclean street;seaford;ganmain;7006;vic;19410912;2925713
org;rec-3816-org;3816;charlotte;dalli;62;debenham street;sattwa park;kings cross;5170;vic;19921022;8847906
org;rec-4308-org;4308;samantha;laing;368;stopford crescent;argyle village;tharbogang;2333;sa;19490130;3281458
org;rec-3569-org;3569;madeleine;white;50;hunter street;university shores;marlow lagoon;2500;sa;19401228;6386791
org;rec-2138-org;2138;daniel;dreckow;39;govett place;gogulger stock;preston;6210;vic;19510111;3162776
org;rec-2581-org;2581;katelin;dent;29;sugarloaf circuit;wildefell;windsor;4503;qld;19280517;4402607
org;rec-1440-org;1440;alana;van geel;10;manity court;river mews;seymour;2444;sa;19100427;7319687
org;rec-3772-org;3772;isabella;lail;20;glover street;sawtell vet hosptl & clnc;nicholls;2251;qld;19770924;8701819
org;rec-1545-org;1545;sarah;grosvenor;190;moyes crescent;hillcourt;ballarat;6155;nsw;;6043963
org;rec-975-org;975;damien;clarke;18;brimage place;2nd hse lhs;mentone;2115;nsw;19721023;2631407
org;rec-3038-org;3038;xavier;mogavero;10;epenarra close;ramuda;west wollongong;3148;vic;19121210;2534734
org;rec-768-org;768;jasper;kuiters;109;ellenborough street;kalinda park;burwood east;3180;qld;19280512;9150558
org;rec-101-org;101;dillon;coleman;8;paul coe crescent;clinton caravan park;yarraville;3260;nsw;19531117;1835941
org;rec-3028-org;3028;aaron;barsoum;46;ashby circuit;moodwood angus stud;kangaroo flat;6012;nsw;19730330;9626981
org;rec-4044-org;4044;ebony;holme;25;derry street;laure;allambie heights;2024;qld;19340630;1510761
org;rec-795-org;795;eboni;;11;de burgh street;tamarama;keiraville;3356;vic;19000607;4335060
org;rec-3878-org;3878;briley;sheldon;16;ellerston avenue;melaleuca;hamilton;4226;vic;19200327;8538359
org;rec-3582-org;3582;michaela;rickett;;sorlie place;terra nostra;robina;5157;nsw;19920309;4827369
org;rec-989-org;989;paul;fauser;6;bargang crescent;springdale;dareton;2213;nsw;19540911;3667818
org;rec-4135-org;4135;simone;meaney;105;lambrigg street;rowethorpe;kirribilli;2765;nsw;19930504;6453396
org;rec-3031-org;3031;lachlan;rollitt;566;cossington smith crescent;the manor garden;pottsville;3216;qld;19051107;2847641
org;rec-2452-org;2452;beth;donaldson;24;crisp circuit;cherrymount;camooweal;4730;vic;19461229;6917434
org;rec-740-org;740;prudence;reid;13;ashkanasy crescent;victoria mill estate;kirribilli;6163;vic;19950117;6754135
org;rec-1040-org;1040;keely;coulson;28;scantlebury crescent;alice downs;toowoon bay;5096;sa;19930412;1189146
org;rec-1367-org;1367;isabelle;morrison;72;majura avenue;rockview;sherwood;4164;sa;19940413;5896664
org;rec-2396-org;2396;christopher;menzies;39;maclachlan street;kinglake central;malvern;2621;nsw;19180721;8813225
org;rec-1153-org;1153;sam;reid;243;roope close;brentwood vlge;blacktown;6015;nsw;19050930;8900010
org;rec-2833-org;2833;jed;kempton;45;novar street;kalang;corrimal;2756;wa;19991224;3763645
org;rec-3226-org;3226;harley;matthews;32;badimara street;munmurra park;kinross;6051;qld;19820215;7336254
org;rec-4405-org;4405;charles;green;38;salkauskas crescent;kela;dapto;4566;nsw;19480930;4365168
org;rec-2215-org;2215;lachlan;markowski;26;maribyrnong avenue;kuliup;leichhardt;4570;nsw;19570926;7115051
org;rec-1686-org;1686;james;clarke;119;moondarra street;de cameron;tweed heads;3095;vic;19061129;6885994
org;rec-477-org;477;nikita;helliar;30;northbourne avenue;henry kendall bayside;beaudesert;6057;vic;19500323;2105506
org;rec-742-org;742;jesse;rankine;977;mcgivern crescent;minoru;salisbury heights;4228;qld;19720216;2225890
org;rec-3988-org;3988;noah;eileen;5;howitt street;rosebery hill;hinchinbrook;6061;vic;19120313;1859126
org;rec-117-org;117;nicholas;huxley;12;biala place;c w v;anglesea;3109;nsw;19921105;6501674
org;rec-810-org;810;;clarke;6;barangaroo street;apt 8g;blacktown;2615;nsw;19240224;6718271
org;rec-2388-org;2388;joshua;millar;1;bandulla street;sherwood;forcett;3463;tas;19580204;7520191
org;rec-2413-org;2413;indyana;clarke;111;fisher street;mountain view village;wetherill park;4211;vic;19170704;3405046
org;rec-3670-org;3670;ash;mayer;5;freda gibson circuit;willaroo;erskine;2214;vic;19080705;6979379
org;rec-802-org;802;mya;mccarthy;43;wakool circuit;wilgalea;moonah west;2063;nsw;19670509;5475592
org;rec-4519-org;4519;macormack;kastrappis;41;preddey way;concept;scarborough;3660;nsw;19171116;8170262
org;rec-4861-org;4861;keahley;blake;51;gallagher street;belconnen animal hospital (cnr coulter d;south melbourne;2444;vic;19691015;2632188
org;rec-4709-org;4709;jordan;gripton;8;wangara street;navan park;somerset;2070;qld;19701212;3869041
org;rec-3537-org;3537;joshua;leaver;30;nardoo crescent;diment towers;st lucia;2167;qld;19650306;7912588
org;rec-1658-org;1658;leah;averis;27;macrobertson street;brentwood vlge;mona vale;2076;nsw;19150220;1890261
org;rec-4659-org;4659;liam;hemmings;4425;mimosa close;kinloch court;lockleys;3850;nsw;19051023;3194253
org;rec-509-org;509;benjamin;green;12;woolner circuit;mirani;reynella;2905;sa;19651021;8195933
org;rec-449-org;449;angie;webb;18;ross smith crescent;;hughes;2380;nsw;19320523;7667880
org;rec-904-org;904;joel;bowerman;66;fidge street;ashgrove farms;salisbury;3328;vic;19060517;3551824
org;rec-1182-org;1182;ella;wasley;58;guthridge crescent;crown allotment;carole park;5112;vic;19411214;3051473
org;rec-1347-org;1347;skye;clarke;11;buik place;;northbridge;2225;nsw;19260328;6512778
org;rec-3337-org;3337;dylan;reimers;140;peacock place;tulloch;st albans;3585;qld;19211103;3790788
org;rec-2286-org;2286;lachlan;ryan;21;alberga street;tathra;forest hill;3150;qld;19070322;9772701
org;rec-3409-org;3409;anthony;gripton;5;blackburn street;westella;peregian beach;3020;nsw;19890804;4803978
org;rec-2337-org;2337;sara;schiansky;40;fullerton crescent;tabbagong;llandilo;3020;nsw;19450822;4913489
org;rec-1099-org;1099;kate;garden;9;bettington circuit;robinson road;rochester;3121;nsw;19021008;8610454
org;rec-4061-org;4061;melinda;trent;28;dugdale street;kilwinning;penshurst;4556;qld;19240721;5930609
org;rec-499-org;499;james;reece;35;delprat circuit;villa 5;woorinen;4870;qld;19730623;1718031
org;rec-70-org;70;andrew;boyle;17;curtain place;;picton;3184;qld;19400722;1618417
org;rec-3375-org;3375;jayden;rees;41;beaufort retreat;ramano estate locn 1;black rock;5253;qld;19350102;8170572
org;rec-1027-org;1027;luke;hursey;23;turriff street;inishmore;port franklin;4017;qld;19220923;1219514
org;rec-1107-org;1107;sybella;shepherd;34;mainwaring rich circuit;retirement village;werrington;2118;tas;19460321;7440143
org;rec-3763-org;3763;clodagh;tromp;7;boustead circuit;lochenfels;greenacre;2770;nsw;19870808;7950786
org;rec-895-org;895;kane;nguyen;47;ranken place;gumnut cottage;dapto;5107;qld;19850120;9212538
org;rec-2264-org;2264;madeline;volpato;7;elliott street;lakeview park;glenhaven;6442;vic;19341126;1203476
org;rec-2920-org;2920;amber;burnell;11;captain cook crescent;fig trees;kilsyth;2283;qld;19820812;3394398
org;rec-3365-org;3365;mackenzie;rendulic;7;auburn street;lonesome dove;blackbutt;4271;nsw;19700812;5371450
org;rec-699-org;699;felicity;english-obst;15;abercrombie circuit;bega;neville;6726;nsw;19421105;2382886
org;rec-2562-org;2562;katie;binns;50;;carranya;roleystone;3216;qld;19031119;1179767
org;rec-2617-org;2617;grace;weidenbach;57;kemsley place;medical practice bendigo;klemzig;4127;nsw;19340907;9063243
org;rec-4866-org;4866;charlie;alderson;266;hawkesbury crescent;deergarden caravn park;cooma;4128;vic;19440908;1256748
org;rec-1842-org;1842;gabriel;vigneswaran;80;chuculba crescent;;altona meadows;3159;qld;19560125;4243167
org;rec-4020-org;4020;callum;wheatley;3;john cleland crescent;murrong;florey;2065;nsw;19651106;9895199
org;rec-3172-org;3172;rachel;dinh;12;kidston crescent;;taigum;2560;wa;19140331;1015158
org;rec-3255-org;3255;micaela;harrington;9;burrinjuck crescent;locn 2192;condell park;3175;nsw;19971004;2317861
org;rec-2093-org;2093;nicole;madigan;8;carroll street;newton park;goonellabah;2749;qld;19610919;3710610
org;rec-3175-org;3175;alexandra;bishop;2;black street;leetsvale caravan park;huonville;3885;nsw;19610813;8253150
org;rec-2935-org;2935;thomas;nickolai;17;clode crescent;bendigo retirement village;woy woy;3851;tas;19390429;4414879
org;rec-4976-org;4976;teaha;kyriacou;17;iron place;;tambo upper;2783;nsw;19720829;6810695
org;rec-4682-org;4682;teagan;richmond;18;wettenhall circuit;flt 17;pleystowe;3000;nsw;19210820;8646516
org;rec-194-org;194;jayden;sekulitch;872;casuarina street;cottage rose;yagoona;4503;nsw;19310401;6055233
org;rec-584-org;584;renee;renfrey;24;serpentine street;retmnt vlge;winchelsea;2176;wa;19690305;5153203
org;rec-216-org;216;ashleigh;de bono;4;sloane place;villa 2;kilmore;2262;sa;19430521;9702458
org;rec-4185-org;4185;jenna;grosser;7;heagney crescent;fronda;ashwood;2528;nsw;19020713;3312375
org;rec-32-org;32;caleb;spurden;119;mcalpine place;greenslopes;boyne island;4228;sa;19580816;8017617
org;rec-1597-org;1597;april;durbridge;20;wilkinson street;;toolleen;3630;sa;19190524;3179675
org;rec-1687-org;1687;jaiden;ferris;2;pandanus street;merri banks;coffs harbour;4067;vic;19571024;1900307
org;rec-2185-org;2185;mia;garrigan;53;michie street;westholme;armidale;3178;nsw;19700522;6416070
org;rec-1246-org;1246;koben;ryan;17;foreman place;st francis village;eastwood;3101;nsw;19341114;2722891
org;rec-4737-org;4737;sascha;matthews;5;canopus crescent;willalooka;asquith;7250;act;19670719;7320513
org;rec-1318-org;1318;sara-louise;white;24;maddock place;headland garden;rose bay;2380;qld;19560217;8506035
org;rec-2203-org;2203;sophie;noble;9;university avenue;shenstone park;albion park;3325;vic;19361013;3379987
org;rec-1854-org;1854;lucas;rider;17;mount vernon drive;boonsville;whitfield;3193;vic;19561024;7575668
org;rec-677-org;677;skye;ryan;39;anningie place;terra nostra;macedon;3079;sa;19190311;8669770
org;rec-2955-org;2955;d'arcy;webb;3;ebenezer street;ravensfield;cressy;2443;wa;19901222;8604852
org;rec-4505-org;4505;grace;carbone;37;longstaff street;gleneira;seymour;6233;vic;19380212;4562990
org;rec-4142-org;4142;samantha;bellon;262;rosenthal street;anzac house (cnr archer s street;beaconsfield upper;3099;vic;19661212;1850361
org;rec-3076-org;3076;xani;andrae;20;wade street;myona;noble park;2105;vic;19450312;4709521
org;rec-2964-org;2964;logan;bishop;1;tanjil loop;colombo plains;inglewood;2113;qld;19000423;1698144
org;rec-2632-org;2632;shai;robson;51;white crescent;dooralong valley;bunnaloo;4005;act;19711226;6720340
org;rec-2703-org;2703;alyssa;coleman;9;marsden street;main beach medical centre;rowville;4556;qld;19260829;5376425
org;rec-425-org;425;shantal;psorakis;61;barcoo place;stonyridge;hawthorn;2324;vic;19850722;6633125
org;rec-2498-org;2498;lachlan;geduld;2;karrugang circuit;jacqoona station;mount eliza;4306;vic;19520703;3086091
org;rec-3381-org;3381;ruby;beattie;2;;gnorang;bayonet head;3021;nt;19400303;8128223
org;rec-3848-org;3848;chelsea;sherriff;16;gellibrand street;electorate office;willetton;4680;qld;19221231;6905458
org;rec-2086-org;2086;chelsea;sitarenos;2;chevalley loop;argyle;leichhardt;2611;qld;19470522;3656932
org;rec-4632-org;4632;ewan;stephenson;106;bowden crescent;kinglake central;kings park;6244;nsw;19480830;4749458
org;rec-2043-org;2043;lewis;boyle;55;cottam place;willyaroo street;bridgewater;2000;nsw;19121105;1190651
org;rec-22-org;22;tayah;white;87;chowne street;sweet waters;mona vale;2206;sa;19390323;2815977
org;rec-2401-org;2401;fergus;sherin;3;whitford place;locn 2093;mulwala;6064;nsw;19950727;1284784
org;rec-3316-org;3316;sophie;coulson;8;blackburn street;makana station;mansfield park;5097;nsw;19690320;9010006
org;rec-2946-org;2946;tayla;vandelaar;38;boehm close;florina park;port macquarie;2077;vic;19210928;6944524
org;rec-2231-org;2231;madalyn;noble;21;waddell place;caroona village;mathinna;4051;nsw;19460804;7883652
org;rec-1446-org;1446;christopher;shinnick;39;haugh place;athlone;blacktown;3766;nsw;19230116;8362475
org;rec-2637-org;2637;jasmine;wiseman;7;weddin circuit;berkeley vlge;paddington;3934;vic;19730419;2258952
org;rec-1934-org;1934;ewan;brock;8;warrambool close;hawkins masonic vlge;clarkson;3021;nsw;19161123;3522578
org;rec-3034-org;3034;emiily;robnik;288;gosse street;townview;werrington;4216;nsw;19671025;8062583
org;rec-3780-org;3780;ethan;hand;1;lambrigg street;rainmore;south perth;5075;vic;19410622;3559862
org;rec-3648-org;3648;matilda;ryan;5;bogan place;aldinga beach court;bethania;2259;nsw;19401012;6674118
org;rec-3539-org;3539;tuscany;stephenson;108;burdett crescent;wombat hill;south sydney;4560;wa;19460925;6871514
org;rec-660-org;660;evan;wilkey;26;gudgenby close;portland house;park orchards;4818;vic;19571204;4568068
org;rec-365-org;365;ned;kalka;3;tinderry circuit;silverweir;hazelwood north;2040;vic;19820419;7612543
org;rec-1194-org;1194;daniel;gaden;21;;solander centre;duntroon;6056;qld;19840606;3484120
org;rec-3288-org;3288;harry;grosser;30;chambers street;lake road;albion park;4560;nsw;19420607;7537775
org;rec-3974-org;3974;carly;webb;31;dash crescent;freston cotge;buffalo;3225;wa;19121203;5240972
org;rec-4105-org;4105;jake;vigneswaran;24;franklin street;westside;geelong west;4114;vic;19700129;2559983
org;rec-2398-org;2398;caleb;librandi;48;kidd place;donore;applecross;4865;tas;19730404;5522569
org;rec-434-org;434;lachlan;haussen;11;moonta place;milmilland;burwood east;2166;nsw;19180722;3285099
org;rec-3544-org;3544;jessica;belchel;9;irvine street;st francis vlge;port macdonnell;2029;sa;19700610;5379753
org;rec-1135-org;1135;dylan;oatey;;barringer street;thurlimbah;avalon;2217;vic;19441106;7915328
org;rec-4849-org;4849;holly;campbell;4;syme crescent;ahwahnee;hamilton;4868;nsw;19160516;7267433
org;rec-1938-org;1938;noah;bishop;23;shannon circuit;eriswell park;south perth;4551;nsw;19210214;5100494
org;rec-4413-org;4413;cameron;white;178;carlile street;laureldale;alice springs;6108;nsw;19470605;1655664
org;rec-516-org;516;ruby;hulley;;knaggs crescent;strabane;bayswater north;2283;wa;19201008;3808150
org;rec-1232-org;1232;kirra;coppola;33;waugh close;tintagel;warilla;3926;nsw;19531118;9223478
org;rec-517-org;517;lucas;binns;15;cordeaux street;;malvern east;4014;sa;19131007;1973817
org;rec-102-org;102;elli;sindorff;15;lansell circuit;palestine;yagoona;2145;sa;19671114;5791840
org;rec-2454-org;2454;portia;george;9;taronga place;;rosebud;2620;wa;19670721;1688777
org;rec-1615-org;1615;flynn;lydon;79;heard street;sennocke;ashfield;2285;vic;19631207;6564471
org;rec-1593-org;1593;jayden;thorpe;44;warrego circuit;yacklin;cabramatta;2259;wa;19281105;6871482
org;rec-935-org;935;alexandra;steers;108;chambers street;loch snizort;bondi junction;6009;nsw;19620521;9899937
org;rec-1644-org;1644;teileah;panagaris;5;hannan crescent;st george;bonnyrigg;2785;nsw;19160809;2039630
org;rec-4028-org;4028;lachlan;godfrey;45;lienhop street;sorrento;lalor;2350;sa;19080429;9107241
org;rec-1886-org;1886;william;parr;46;stieglitz circuit;;coromandel valley;6210;qld;19100815;1269870
org;rec-4900-org;4900;charlotte;;8;lendon place;lexington;frankston;6210;nsw;19080713;2597760
org;rec-519-org;519;joshua;baillie;8;de baun crescent;;bonython;2173;qld;19650415;6504350
org;rec-4673-org;4673;jesse;bagwell;12;tuckey place;ellangowan;urangan;4659;nsw;19930914;6491012
org;rec-145-org;145;kieren;steers;10;whittell crescent;loma;east innisfail;2280;nsw;19060603;1532338
org;rec-4601-org;4601;taliah;pascoe;17;;glenview;north turramurra;5540;nsw;19960111;7724515
org;rec-2261-org;2261;kylie;seppelt;4;tanner place;wearmouth;modbury;4883;qld;19251024;3972497
org;rec-2654-org;2654;bailey;lu-bow;12;barrallier street;roskhill;gailes;5576;vic;19530922;2252430
org;rec-2366-org;2366;samuel;degeorge;2;jefferis street;dorothy genders vlge;nedlands;2206;vic;19510912;1167786
org;rec-2189-org;2189;nathan;sells;2;vickery street;yachting towers;magill;3223;nsw;19240701;6367815
org;rec-1876-org;1876;abbey;lewkowicz;33;stead place;dalamar;minchinbury;6108;nsw;19240802;1187314
org;rec-3048-org;3048;jack;colquhoun;17;;glenburn;cambroon;2000;nsw;19660816;1194516
org;rec-4574-org;4574;cooper;blake;90;packham place;australia fair medical west centre;surfers paradise;2747;vic;19100307;2013713
org;rec-4545-org;4545;riley;moubarak;;hagen place;noolabi;auburn;6007;vic;19400916;5023399
org;rec-3979-org;3979;ky;renfrey;9;southwell street;cottage rose;tooperang;4217;vic;19290827;6382127
org;rec-3121-org;3121;megan;hunns;37;blackburn street;lazy acres;bassendean;3070;qld;19430114;2634931
org;rec-2025-org;2025;tyler;parr;58;gibbes street;adams cottage;salisbury;2850;nsw;19151120;1803541
org;rec-4912-org;4912;caresse;milburn;41;tyson street;mannibadar;salisbury plain;3860;qld;19380920;3636635
org;rec-4481-org;4481;connor;dantiochia;8;wiburd street;solander centre;como;2774;nsw;19221020;6629558
org;rec-4490-org;4490;kai;mason;37;trimmer place;glenlee;warrane;4132;nsw;19651116;3708941
org;rec-1487-org;1487;alex;plumb;41;mcrae place;castlewood;pakenham;4214;nsw;19460521;2390847
org;rec-2024-org;2024;tara;riding;11;allchin circuit;palm lake resort;wanniassa;2262;nsw;19761123;9131364
org;rec-4036-org;4036;sophie;colquhoun;11;collocott crescent;locn 2093;port augusta;2605;tas;19431223;8018767
org;rec-3103-org;3103;alisa;;35;osburn drive;emoh;booyal;2000;sa;19400808;2724093
org;rec-4522-org;4522;brooke;reid;27;skertchly place;santa lucille;rye;4116;qld;19431227;3146566
org;rec-2646-org;2646;amy;sommariva;26;fernie place;glenfine station;surrey hills;6167;nsw;19920303;8853255
org;rec-4378-org;4378;mia;koeman;20;wattle street;elston;cabramatta;4068;vic;19670212;2071975
org;rec-534-org;534;riley;son;11;duffy street;toora;caulfield north;2486;nsw;19851219;8480884
org;rec-2474-org;2474;tansy;carp;11;fiveash street;blueberry;loxton north;3551;wa;19360605;5801878
org;rec-3604-org;3604;wil;clarke;8;osburn drive;guest village (cnr bullcreek d drive;chelsea heights;5700;nsw;19100504;2181436
org;rec-898-org;898;annabel;malin;5;findlay street;pacific bay villas;mawson;2099;vic;19291020;4116074
org;rec-4321-org;4321;natalia;bissett;42;springvale drive;star court arcade;kaleen;4218;qld;19500422;8653274
org;rec-3750-org;3750;jacob;byrt;1199;binya place;bridgewater estate;wallsend;3155;wa;19420908;7691324
org;rec-4334-org;4334;;webb;;degraves crescent;marriott downs;maryborough;6151;nsw;19130715;5325666
org;rec-4374-org;4374;anton;navalli;21;cambridge street;west park;underdale;5723;vic;19740929;8760134
org;rec-4698-org;4698;brinley;bauman;14;prout place;amblin caravan park;gaven;3021;vic;19360411;7377453
org;rec-3464-org;3464;maggie;webb;5;eucumbene drive;hawkins masonic vlge;elwood;2265;nsw;19060830;3505267
org;rec-4764-org;4764;olivia;dessart;165;macvitie place;brambletye vinyard;lindenow south;4128;vic;19361017;2517857
org;rec-3910-org;3910;bianca;brummer-archer;311;henry melville crescent;rosetta village;strathdickie;3023;qld;19890705;9167456
org;rec-2749-org;2749;;priest;41;marsden street;nioka;broken hill;2340;nsw;19060617;7169908
org;rec-452-org;452;riley;kelley;8185;edmond close;leisure living vlge;mount stuart;2760;wa;19390207;9887277
org;rec-1787-org;1787;charlie;browne;33;rivers street;rowethorpe;east hills;2539;sa;19360722;3866237
org;rec-2894-org;2894;kate;dent;42;morrison street;lyndale park;williamstown;2067;vic;19040818;6983231
org;rec-3015-org;3015;kyle;clarke;19;archibald street;little forest;florey;4109;qld;19380419;6477305
org;rec-3559-org;3559;rebecca;wojciechowski;16;evergood close;diment towers;pelican waters;7018;nsw;19881017;5881744
org;rec-1359-org;1359;jacob;maynard;11;lutana street;caprice;lower templestowe;2720;nsw;19370219;2009297
org;rec-4209-org;4209;joshua;pringle;13;fred johns crescent;glenview;elwood;2640;sa;19720127;9406321
org;rec-2466-org;2466;amelia;millar;2;coglin place;hmas cerberus;burrum heads;4157;vic;19361218;5479529
org;rec-2664-org;2664;emiily;penaluna;23;boolee street;gumnut cottage;boondall;5114;vic;19370502;2528591
org;rec-2673-org;2673;olivia;thorpe;35;lewin street;parry house;mount evelyn;2619;vic;19430807;3939861
org;rec-3063-org;3063;kynan;beattie;9;narrabundah lane;banana shed;ferndale;2680;nsw;19170712;4383141
org;rec-4478-org;4478;joel;reid;7;pearson street;lytton;floreat;3153;qld;19051112;1523622
org;rec-58-org;58;jayde;glass;15;macarthur avenue;shillelagh park;glenella;3200;vic;19161226;9446563
org;rec-1566-org;1566;liam;petersen;38;solomon crescent;blue hills;mosman;3630;vic;19800221;7148654
org;rec-943-org;943;rosie;karlsen;48;lycett street;cottonwood;redbank plains;3013;nsw;19041101;3233946
org;rec-234-org;234;jack;wyllie;11;parker street;fulham park;daisy hill;2440;nsw;19730825;7977290
org;rec-1271-org;1271;charlie;zimmermann;68;tebbutt place;nuffield village;carnegie;3104;vic;19681220;2564958
org;rec-4358-org;4358;alexandra;stearnes;201;hackett garden;redfern station;seaforth;4154;qld;19440928;7272157
org;rec-2801-org;2801;mitchell;ryan;462;badimara street;ainslie house;broken hill;5501;nsw;19580222;8797284
org;rec-1512-org;1512;braiden;chandler;34;outtrim avenue;rosetta village;point cook;6056;nsw;19580129;9508953
org;rec-3114-org;3114;cassidy;morrison;13;a'beckett street;argyle;ardeer;2518;nsw;19160403;6156712
org;rec-3125-org;3125;griffin;webb;545;oliver street;;shoal point;4511;vic;19140703;9124566
org;rec-3178-org;3178;natalia;maczkowiack;;badcoe street;berkeley vlge;south turramurra;3199;vic;19830221;3152282
org;rec-4919-org;4919;mia;jolly;15;findlay street;hayfield vlge;kincumber;3995;qld;19171012;8801194
org;rec-1798-org;1798;pace;berry;28;sadlier street;windella downs;nunawading;2135;vic;19170713;2158184
org;rec-502-org;502;lauren;berryman;3;doyle terrace;canberra avenue;menindee;3016;vic;19390528;8295272
org;rec-4679-org;4679;christopher;neville;20;talbot street;cliffney park;waterloo;4173;qld;19820525;8644857
org;rec-2013-org;2013;eliza;berry;25;shout place;jingara;eaglehawk;2229;nsw;19381031;3608034
org;rec-294-org;294;ellie;badger;;dwyer street;glenlee;west lakes shore;3021;nsw;19001210;4656608
org;rec-3165-org;3165;shakira;;89;ainslie avenue;wandana;pymble;3631;qld;19241014;1774551
org;rec-1571-org;1571;alicia;clarke;72;fitchett street;rowethorpe;whalan;2643;nsw;19811201;4620985
org;rec-2349-org;2349;marcus;parr;11;hilder street;glenmore;braidwood;4810;vic;19460725;4267000
org;rec-4583-org;4583;lucas;daysh;11;bolger place;blackrange road;andrews;4130;vic;19701026;7306086
org;rec-3906-org;3906;jacob;sporton;28;kosciusko avenue;;ringwood;2466;vic;19300816;1934981
org;rec-2294-org;2294;tasman;green;36;wynn street;nixon hostel;penrith;2132;qld;19390608;2928427
org;rec-1067-org;1067;april;wehr;1;ellerston avenue;darlington;joondanna;2150;wa;19941109;2560536
org;rec-1168-org;1168;isabella;jessup;61;downes place;spring ridge;ardeer;3058;nsw;19331204;4702512
org;rec-269-org;269;summer;deleon;1;uriarra road;tesbury;kurri kurri;2333;qld;19401028;6523096
org;rec-4302-org;4302;molly;roche;59;willoughby crescent;donna valley;carrara;4825;nsw;19200712;1847058
org;rec-2285-org;2285;madeline;david;3;wagga street;bonnie doon;port broughton;3977;nsw;19451005;8930836
org;rec-168-org;168;kaitlin;;4;hawkins close;tullatrundle;eaglehawk;4280;nsw;19671026;9904441
